Numero Pedido Cliente;NF CF;Cliente;Vendedor;Emissao
1068448;197870;MINIMERCADO TONAKI;JOSE GOMES DOS S.;22/09/2026
1068447;197869;ELISSON DOS SANTOS;JOSE GOMES DOS S.;22/09/2026
1068417;197874;MERC LUCINDOS;FRANCISCO DUARTE - LUIZ DUARTE;22/09/2026
1068410;197873;MERC LUCINDOS;FRANCISCO DUARTE - LUIZ DUARTE;22/09/2026
1068210;197586;ALENCAR SILVA;JOSUE EVANGELISTA;22/09/2026
1068158;197868;ELISSON DOS SANTOS;JOSE GOMES DOS S.;22/09/2026
1068068;197835;SUPERMERCADO PRECITO;FLAVIA SIQUEIRA;22/09/2026
1068056;197830;ROLIM DE FREITAS & CIA;PAULO COSTA;22/09/2026
1068026;197843;APETITO - CARNES SAN PEDRO;FELIPE GOMES;22/09/2026
1067973;197853;BERGAMINI - EDU CHAVES;FELIPE GOMES;22/09/2026
1067966;197852;BERGAMINI - EDU CHAVES;FELIPE GOMES;22/09/2026
1067957;197664;BARBOSA - 40;RODOLFO QUERINO LUIZ - GERENTE DE AREA;22/09/2026
1067925;197540;HIROTA EXPRESS - CD 98;GILMERIO QUEIROZ - GERENTE DE AREA;22/09/2026
1067921;197536;HIROTA EXPRESS - CD 98;GILMERIO QUEIROZ - GERENTE DE AREA;22/09/2026
1067585;197661;CERCADAO - 01;ERICK MOREIRA;21/09/2026
1067563;197660;CERCADAO - 01;ERICK MOREIRA;21/09/2026
1067551;197871;KITY SUPERMERCADO;FRANCISCO DUARTE - LUIZ DUARTE;21/09/2026
1067549;197872;KITY SUPERMERCADO;FRANCISCO DUARTE - LUIZ DUARTE;21/09/2026
1067524;197729;KS TWO COMERCIAL E DISTRIBUIDORA;VALTER AMARAL MACHADO;21/09/2026
1067523;197730;KS TWO COMERCIAL E DISTRIBUIDORA;VALTER AMARAL MACHADO;21/09/2026
1067521;197727;SONI SUPERMERCADOS - LJ 06;FLAVIA SIQUEIRA;21/09/2026
1067517;197621;CIBON ALIMENTOS;EDVALDO DOS SANTOS PEREIRA;21/09/2026
1067516;197620;CIBON ALIMENTOS;EDVALDO DOS SANTOS PEREIRA;21/09/2026
1067510;197728;KS TWO COMERCIAL E DISTRIBUIDORA;VALTER AMARAL MACHADO;21/09/2026
1067509;197721;TENNESSEE - VILA NOVA CURUCA;AROLDO BATISTA SANTOS;21/09/2026
1067508;197706;LEVE BEM - PRODUTOS;ROSI SOUSA;21/09/2026
1067504;197625;SABORES DA TERRINHA - LOJA 03;ELTON;21/09/2026
1067500;197819;TAUSTE SUPERMERCADOS - CD;LUCIANE MARQUES;21/09/2026
1067498;197710;SUPERMERCADO FLAMENGO - LJ 01;GABRIEL COSTA RAMALHO;21/09/2026
1067490;197754;JMJ MENDES CARNES;CAROLINA DOS SANTOS ROCHA;21/09/2026
1067489;197756;JMJ MENDES CARNES;CAROLINA DOS SANTOS ROCHA;21/09/2026
1067483;197709;SUPERMERCADO FLAMENGO - LJ 01;GABRIEL COSTA RAMALHO;21/09/2026
1067478;197711;SUPERMERCADO FLAMENGO - LJ 02;GABRIEL COSTA RAMALHO;21/09/2026
1067475;197757;SUPERMERCADO ATIBAIA;RENATO SANTO MICHELMANN;21/09/2026
1067471;197828;IRMAOS SILVA - 02;JOSE RICARDO FERNANDES;21/09/2026
1067468;197836;ACADEMIA AMC;CLAUDIO AKIO SOGA;21/09/2026
1067467;197712;SUPERMERCADO FLAMENGO - LJ 02;GABRIEL COSTA RAMALHO;21/09/2026
1067466;197863;MINI EMPORIO HORA CE;FRANCISCO DUARTE - LUIZ DUARTE;21/09/2026
1067458;197650;ROSELI MARIA DE MORAES - CARDOSO;JOSE GOMES DOS S.;21/09/2026
1067416;197578;ARMAZEM NORDESTINO E PRODUTOS NATURAIS;MARIO MIZUKA;21/09/2026
1067413;197794;TOP DAS OFERTAS - SILVEIRA;FRANCISCO DUARTE - LUIZ DUARTE;21/09/2026
1067409;197178;J E COMERCIO;VENDEDOR INTERNO;21/09/2026
1067402;197619;PARANA SUPERMERCADOS - VILA ROMANOPOLIS;CLAUDIO AKIO SOGA;21/09/2026
1067401;197651;ROSELI MARIA DE MORAES - CARDOSO;JOSE GOMES DOS S.;21/09/2026
1067379;197755;SUPERMERCADO ATIBAIA;RENATO SANTO MICHELMANN;21/09/2026
1067363;197410;SUPERMERCADO IB BRAGION;RENATO SANTO MICHELMANN;21/09/2026
1067355;197618;PARANA SUPERMERCADOS - VILA ROMANOPOLIS;CLAUDIO AKIO SOGA;21/09/2026
1067353;197816;MASTER ATS SUPERMERCADOS - CIDADE SOIMCO;SILVANO ARRUDA;21/09/2026
1067348;197714;MASTER ATS SUPERMERCADOS - GUARULHOS;SILVANO ARRUDA;21/09/2026
1067340;197739;SUPERMERCADOS PARANÁ - PARQUE PRIMAVERA;CLAUDIO AKIO SOGA;21/09/2026
1067333;197677;SUPERMERCADOS PARANÁ - MARIA DIRCE;CLAUDIO AKIO SOGA;21/09/2026
1067328;197681;VIVA LA FRUTA CONSELHEIRO;JOSE SOARES;21/09/2026
1067324;197861;MINI EMPORIO HORA CE;FRANCISCO DUARTE - LUIZ DUARTE;21/09/2026
1067322;197424;SUPERMERCADOS JAU SERVE;DAIANE CRISTINA DE OLIVEIRA;21/09/2026
1067321;197425;SUPERMERCADOS JAU SERVE;DAIANE CRISTINA DE OLIVEIRA;21/09/2026
1067320;197405;COGEB SUPERMERCADOS;DAIANE CRISTINA DE OLIVEIRA;21/09/2026
1067317;197848;SM SP2;JOSE RICARDO FERNANDES;21/09/2026
1067316;197684;SUPERMERCADOS M FARIA E R GRAVINA;JOSE SOARES;21/09/2026
1067315;197683;COLOSSO - JOSE MENINO;JOSE SOARES;21/09/2026
1067312;197678;A D F SOUZA - LJ 01;JOSE SOARES;21/09/2026
1067311;197860;MINI EMPORIO HORA CE;FRANCISCO DUARTE - LUIZ DUARTE;21/09/2026
1067310;197679;VIVA LA FRUTA CONSELHEIRO;JOSE SOARES;21/09/2026
1067308;197849;SM SP2;JOSE RICARDO FERNANDES;21/09/2026
1067307;197430;GP SUPERMERCADO;EDERVAL DONIZETE DA SILVA;21/09/2026
1067306;197850;SM SP2;JOSE RICARDO FERNANDES;21/09/2026
1067305;197829;ROLIM DE FREITAS & CIA;PAULO COSTA;21/09/2026
1067304;197864;SUPERMERCADO ESTANCIA - LOJA 04;PAULO COSTA;21/09/2026
1067299;197865;SUPERMERCADO ESTANCIA - LOJA 04;PAULO COSTA;21/09/2026
1067297;197866;SUPERMERCADO ESTANCIA - LOJA 01;PAULO COSTA;21/09/2026
1067296;197845;SUPERMERCADOS REAL - LOJA 01;PAULO COSTA;21/09/2026
1067294;197851;SUPERMERCADOS REAL - LOJA 02;PAULO COSTA;21/09/2026
1067293;197571;SUPERMERCADOS REAL - LOJA 03;PAULO COSTA;21/09/2026
1067292;197634;SUPERMERCADO FEN;FRANCISCO DUARTE - LUIZ DUARTE;21/09/2026
1067289;197844;SUPERMERCADOS REAL - LOJA 04;PAULO COSTA;21/09/2026
1067288;197623;SUPERMERCADO SANTA CAROLINA;CELSO NUNES TEIXEIRA;21/09/2026
1067284;197393;SUPERMERCADOS TRIDICO LOJO 1 SOLO;MARCELO GREGORIO;21/09/2026
1067283;197395;SUPERMERCADO TRIDICO FILIAL PQ IND;MARCELO GREGORIO;21/09/2026
1067277;197682;COLOSSO - JOSE MENINO;JOSE SOARES;21/09/2026
1067272;197685;SUPERMERCADOS M FARIA E R GRAVINA;JOSE SOARES;21/09/2026
1067254;197760;INTERFRIOS COMERCIO DE FRIOS E LATICINIOS;ROBSON BERTOLINI;21/09/2026
1067198;197652;HORTIFRURTI EM FAMILIA;JOSE GOMES DOS S.;21/09/2026
1067193;197577;M CLOSET COMERCIAL;JOSIAS EVANGELISTA;21/09/2026
1067191;197576;M CLOSET COMERCIAL;JOSIAS EVANGELISTA;21/09/2026
1067184;197655;SUPERHORTIFRUTI SUPERMERCADO;JOSE GOMES DOS S.;21/09/2026
1067183;197653;SUPERHORTIFRUTI SUPERMERCADO;JOSE GOMES DOS S.;21/09/2026
1067182;197696;SUPERMERCADO FRANSUE - VILA SAO JORGE - LJ 05;JOSE SOARES;21/09/2026
1067180;197837;A5 ALIMENTOS;CLAUDIO AKIO SOGA;21/09/2026
1067179;197657;PHARMA NATURE - LJ 01;JOSE GOMES DOS S.;21/09/2026
1067178;197412;SUP MAXIMO - UBATUBA;RAPHAEL COUTINHO ESPINDOLA;21/09/2026
1067177;197411;SUP MAXIMO - UBATUBA;RAPHAEL COUTINHO ESPINDOLA;21/09/2026
1067176;197406;SUP MAXIMO - GUARATINGUETA;RAPHAEL COUTINHO ESPINDOLA;21/09/2026
1067175;197632;VITORIA REGIA;LUCIANO PEREIRA;21/09/2026
1067173;695;DA TERRINHA - FILIAL SP;VENDEDOR INTERNO;21/09/2026
1067172;197407;SUP MAXIMO - GUARATINGUETA;RAPHAEL COUTINHO ESPINDOLA;21/09/2026
1067171;197409;SUP. MAXIMO - LORENA;RAPHAEL COUTINHO ESPINDOLA;21/09/2026
1067170;197408;SUP. MAXIMO - LORENA;RAPHAEL COUTINHO ESPINDOLA;21/09/2026
1067165;197689;SUPERMERCADO FRANSUE - CAMPO GRANDE - LJ 06;JOSE SOARES;21/09/2026
1067161;197399;SUP MAXIMO -  PARQUE DO SOL;RAPHAEL COUTINHO ESPINDOLA;21/09/2026
1067160;197400;SUP MAXIMO -  PARQUE DO SOL;RAPHAEL COUTINHO ESPINDOLA;21/09/2026
1067155;197392;SUPERMERCADOS TRIDICO LOJA 3 BADY BASSIT;MARCELO GREGORIO;21/09/2026
1067154;197780;MERCADAO CARNES - FIRMINOPOLIS;FELIPE GOMES;21/09/2026
1067151;197693;SUPERMERCADO FRANSUE - VILA SAO JORGE - LJ 05;JOSE SOARES;21/09/2026
1067149;197396;SUPERMERCADO TRIDICO FILIAL PQ IND;MARCELO GREGORIO;21/09/2026
1067147;197394;SUPERMERCADOS TRIDICO LOJO 1 SOLO;MARCELO GREGORIO;21/09/2026
1067145;197746;DAVO SUPERMERCADOS - LOJA 28;GILMERIO QUEIROZ - GERENTE DE AREA;21/09/2026
1067143;197765;DAVO SUPERMERCADOS - LOJA 21;GILMERIO QUEIROZ - GERENTE DE AREA;21/09/2026
1067141;197867;DAVO SUPERMERCADOS - LOJA 02;GILMERIO QUEIROZ - GERENTE DE AREA;21/09/2026
1067139;197720;DAVO SUPERMERCADOS - LOJA 05;GILMERIO QUEIROZ - GERENTE DE AREA;21/09/2026
1067137;197719;DAVO SUPERMERCADOS - LOJA 04;GILMERIO QUEIROZ - GERENTE DE AREA;21/09/2026
1067135;197758;DAVO SUPERMERCADOS - LOJA 31;GILMERIO QUEIROZ - GERENTE DE AREA;21/09/2026
1067134;197787;DAVO SUPERMERCADOS - LOJA 06;GILMERIO QUEIROZ - GERENTE DE AREA;21/09/2026
1067129;197515;DUQUE - LJ 02;PAULO SERGIO;21/09/2026
1067128;197403;EMPORIO SAO PEDRO;MARCELO GREGORIO;21/09/2026
1067127;197404;EMPORIO SAO PEDRO;MARCELO GREGORIO;21/09/2026
1067124;197307;MERCADO SANTANA;FRANCISCO ANACLETO;21/09/2026
1067123;197308;MERCADO SANTANA;FRANCISCO ANACLETO;21/09/2026
1067089;197397;PADARIA FLOR DO TRIGO;LUCIANO PEREIRA;21/09/2026
1066989;197834;A5 ALIMENTOS;CLAUDIO AKIO SOGA;21/09/2026
1066924;197630;SUPERMERCADO NOSE;ALEXANDRE VIANA;21/09/2026
1066923;197631;OTIMO SUPERMERCADO;FRANCISCO DUARTE - LUIZ DUARTE;21/09/2026
1066890;197624;SUPERMERCADO SANTA CAROLINA;CELSO NUNES TEIXEIRA;21/09/2026
1066832;197531;CM ATACADO E DISTRIBUICAO;CRISTIAN RIBEIRO BALBINO;20/09/2026
1066827;197626;RIATTO 2;JUAREZ COSTA;20/09/2026
1066826;197627;RIATTO 2;JUAREZ COSTA;20/09/2026
1066825;197628;ACOUGUE SUPER RIATO;JUAREZ COSTA;20/09/2026
1066824;197629;ACOUGUE SUPER RIATO;JUAREZ COSTA;20/09/2026
1066800;197788;DISTRIBUIDORA CONTINENTAL;EDVALDO DOS SANTOS PEREIRA;18/09/2026
1066799;197609;MERCADO BARRETO;ERICK MOREIRA;18/09/2026
1066798;197789;DISTRIBUIDORA CONTINENTAL;EDVALDO DOS SANTOS PEREIRA;18/09/2026
1066797;197279;FORT - CD COMPER;ROBERTO CARLOS SANTANA;18/09/2026
1066796;197697;MERCADO BOM PRECO;RONILSON RIBEIRO;18/09/2026
1066793;197612;MERCADO BARRETO;ERICK MOREIRA;18/09/2026
1066792;197611;MERCADO BARRETO;ERICK MOREIRA;18/09/2026
1066765;197805;BOLOGNANI E MARTINS - JOBEL;JOSE GOMES DOS S.;18/09/2026
1066763;197352;MERCADO E PADARIA DA FAZENDA - 01;AROLDO BATISTA SANTOS;18/09/2026
1066762;197353;MERCADO E PADARIA DA FAZENDA - 01;AROLDO BATISTA SANTOS;18/09/2026
1066761;197633;J. RONDAN GIMENES FREIRE;FRANCISCO DUARTE - LUIZ DUARTE;18/09/2026
1066760;197687;JP STORE LTDA;FRANCISCO DUARTE - LUIZ DUARTE;18/09/2026
1066759;197341;YUXIN MERCADOS;FRANCISCO DUARTE - LUIZ DUARTE;18/09/2026
1066758;197742;BARBOSA - 01;RODOLFO QUERINO LUIZ - GERENTE DE AREA;18/09/2026
1066750;197707;BARBOSA - 31;RODOLFO QUERINO LUIZ - GERENTE DE AREA;18/09/2026
1066742;197713;BARBOSA - 43;RODOLFO QUERINO LUIZ - GERENTE DE AREA;18/09/2026
1066733;197759;BARBOSA - 38;RODOLFO QUERINO LUIZ - GERENTE DE AREA;18/09/2026
1066731;197818;BARBOSA - 03;RODOLFO QUERINO LUIZ - GERENTE DE AREA;18/09/2026
1066728;197663;BARBOSA - 40;RODOLFO QUERINO LUIZ - GERENTE DE AREA;18/09/2026
1066727;197773;BARBOSA - 35;RODOLFO QUERINO LUIZ - GERENTE DE AREA;18/09/2026
1066726;197431;GP SUPERMERCADO;EDERVAL DONIZETE DA SILVA;18/09/2026
1066725;197804;BOLOGNANI E MARTINS - JOBEL;JOSE GOMES DOS S.;18/09/2026
1066694;197422;CEMA VILLEFORT - CD;CAMILA CUNHA DE FREITAS;18/09/2026
1066692;197337;YUXIN MERCADOS;FRANCISCO DUARTE - LUIZ DUARTE;18/09/2026
1066668;197398;COGEB SUPERMERCADOS;DAIANE CRISTINA DE OLIVEIRA;18/09/2026
1066667;197288;COGEB SUPERMERCADOS;DAIANE CRISTINA DE OLIVEIRA;18/09/2026
1066664;197291;SUPERMERCADO FERRACINI;DAIANE CRISTINA DE OLIVEIRA;18/09/2026
1066663;197293;FERRACINI E LENHARO;DAIANE CRISTINA DE OLIVEIRA;18/09/2026
1066662;197380;MERCADO SANTA  ETELVINA;AROLDO BATISTA SANTOS;18/09/2026
1066661;197680;JP STORE LTDA;FRANCISCO DUARTE - LUIZ DUARTE;18/09/2026
1066660;197351;MERCADO COMBATE;AROLDO BATISTA SANTOS;18/09/2026
1066659;197103;J. RONDAN GIMENES FREIRE;FRANCISCO DUARTE - LUIZ DUARTE;18/09/2026
1066654;197640;SUPERMERCADOS PINHEIRAO - LOJA 02;ROGERIO APARECIDO DA SILVA RODRIGUES;18/09/2026
1066653;197637;SUPERMERCADOS PINHEIRAO - LOJA 03;ROGERIO APARECIDO DA SILVA RODRIGUES;18/09/2026
1066652;197646;SUPERMERCADO PANEMA - 02;ROGERIO APARECIDO DA SILVA RODRIGUES;18/09/2026
1066651;197164;ALCANCE PLUS COMERCIO VAREJISTA;JOSE ARTENCIO;18/09/2026
1066649;197354;MERCADO E PADARIA DA FAZENDA - 01;AROLDO BATISTA SANTOS;18/09/2026
1066648;197355;MERCADO E PADARIA DA FAZENDA - 01;AROLDO BATISTA SANTOS;18/09/2026
1066647;197423;CM ATACADO E DISTRIBUICAO;CRISTIAN RIBEIRO BALBINO;18/09/2026
1066646;197705;PRM SERVICOS E MAO DE OBRA;EDMILSON NUNES;18/09/2026
1066645;197401;SUPERMERCADO BENEDONI;VALTER AMARAL MACHADO;18/09/2026
1066644;197522;HORT FRUTI ORIENTE;VALTER AMARAL MACHADO;18/09/2026
1066643;197647;SUPERMERCADO PANEMA - 02;ROGERIO APARECIDO DA SILVA RODRIGUES;18/09/2026
1066640;197521;HORT FRUTI ORIENTE;VALTER AMARAL MACHADO;18/09/2026
1066639;197595;JOANIN  - MATRIZ;ALENCAR SILVA;18/09/2026
1066637;197402;SUPERMERCADO BENEDONI;VALTER AMARAL MACHADO;18/09/2026
1066636;196698;ALCANCE PLUS COMERCIO VAREJISTA;JOSE ARTENCIO;18/09/2026
1066635;197839;DISTRIBUIDORA BICA DE PEDRA;DAIANE CRISTINA DE OLIVEIRA;18/09/2026
1066634;197147;COMERCIAL TATENO - KLABIN;SILVANO ARRUDA;18/09/2026
1066633;197152;COMERCIAL TATENO - KLABIN;SILVANO ARRUDA;18/09/2026
1066632;197842;COMERCIO DE OVOS;KELVIN;18/09/2026
1066631;197306;CASA DO NORTE IPANEMA;FRANCISCO ANACLETO;18/09/2026
1066630;197270;MAX VILA;WAGNER DA SILVA LIMA;18/09/2026
1066598;197271;MAX VILA;WAGNER DA SILVA LIMA;18/09/2026
1066595;197151;PADARIA CHARME;INES MARTIN;18/09/2026
1066594;197514;DUQUE - LJ 02;PAULO SERGIO;18/09/2026
1066592;197268;FOX CARNES - VILA OLINDA;WAGNER DA SILVA LIMA;18/09/2026
1066591;197017;ROLDAO - JANDIRA;CAIO VINICIUS AMORIM;18/09/2026
1066589;197016;ROLDAO - JANDIRA;CAIO VINICIUS AMORIM;18/09/2026
1066588;197018;ROLDAO - JANDIRA;CAIO VINICIUS AMORIM;18/09/2026
1066587;196682;J E COMERCIO;VENDEDOR INTERNO;18/09/2026
1066586;197206;BOM LUGAR - IV;PAULO COSTA;18/09/2026
1066585;197015;ROLDAO - JANDIRA;CAIO VINICIUS AMORIM;18/09/2026
1066582;197014;ROLDAO - JANDIRA;CAIO VINICIUS AMORIM;18/09/2026
1066580;197013;ROLDAO - JANDIRA;CAIO VINICIUS AMORIM;18/09/2026
1066572;196710;SOU CESTAS;CARLOS FERREIRA;18/09/2026
1066569;197388;NAGUMO - AGUA CHATA CD;JAMIR RIBEIRO;18/09/2026
1066567;197377;MERCADO SILVA;JOSE ROBERTO DENIZIO;18/09/2026
1066566;197691;MERCADINHO NIPPO - 02;JOSE ROBERTO DENIZIO;18/09/2026
1066565;197381;MERCADO PAG MAIS BARATO;JOSE ROBERTO DENIZIO;18/09/2026
1066564;196756;CAPS;PAULO SERGIO;18/09/2026
1066563;196755;CAPS;PAULO SERGIO;18/09/2026
1066562;197497;BENGALA - 06;JOSE ROBERTO DENIZIO;18/09/2026
1066561;197774;DUQUE - LJ 03;FLAVIA SIQUEIRA;18/09/2026
1066560;197149;COMERCIAL TATENO - KLABIN;SILVANO ARRUDA;18/09/2026
1066534;197695;PANIFICADORA NOSSA SENHORA DAS GRACAS;RONILSON RIBEIRO;18/09/2026
1066533;197638;SUPERMERCADOS PINHEIRAO - LOJA 03;ROGERIO APARECIDO DA SILVA RODRIGUES;18/09/2026
1066532;197841;HM HM SUPERMERCADOS - EMPORIUM SP AFONSO BRAZ;SILVANO ARRUDA;18/09/2026
1066531;197821;AKKI - 04;LEANDRO GOLDINHO LOPES;18/09/2026
1066530;197371;MMM SUPERMERCADO;CARLOS FERREIRA;18/09/2026
1066529;197373;MMM SUPERMERCADO;CARLOS FERREIRA;18/09/2026
1066528;197165;RECANTO DA BENCAO;TELEVENDAS - DA TERRINHA;18/09/2026
1066526;197427;SUPERMERCADOS JAU SERVE;DAIANE CRISTINA DE OLIVEIRA;18/09/2026
1066525;197426;SUPERMERCADOS JAU SERVE;DAIANE CRISTINA DE OLIVEIRA;18/09/2026
1066524;197639;SUPERMERCADOS PINHEIRAO - LOJA 02;ROGERIO APARECIDO DA SILVA RODRIGUES;18/09/2026
1066522;197382;MERCADO PAG MAIS BARATO;JOSE ROBERTO DENIZIO;18/09/2026
1066519;197636;SUPERMERCADOS PINHEIRAO - LOJA 01;ROGERIO APARECIDO DA SILVA RODRIGUES;18/09/2026
1066517;694;DA TERRINHA - FILIAL SP;VENDEDOR INTERNO;18/09/2026
1066513;197847;WOR GENEROS ALIMENTICIOS;JOSE RICARDO FERNANDES;18/09/2026
1066512;197846;WOR GENEROS ALIMENTICIOS;JOSE RICARDO FERNANDES;18/09/2026
1066511;197635;SUPERMERCADOS PINHEIRAO - LOJA 01;ROGERIO APARECIDO DA SILVA RODRIGUES;18/09/2026
1066509;197304;JEFFERSON LUCAS SUPERMERCADO;MARCELO GREGORIO;18/09/2026
1066506;197325;DISCAMP - VALINHOS;OSNEY RICARDO;18/09/2026
1066505;197286;SUPERMERCADO ANTONIO DE SOUZA;EDERVAL DONIZETE DA SILVA;18/09/2026
1066504;197290;JEFFERSON LUCAS SUPERMERCADO;MARCELO GREGORIO;18/09/2026
1066500;197317;DISCAMP - PAULINEA;OSNEY RICARDO;18/09/2026
1066498;197332;FENG LIN;JOSE ROBERTO DENIZIO;18/09/2026
1066462;197369;SUPERMERCADO SAKAY - 01;CARLOS FERREIRA;18/09/2026
1066461;197686;MERCADINHO NIPPO - 02;JOSE ROBERTO DENIZIO;18/09/2026
1066455;197289;SUPERMERCADO PELLEGRINI;EDERVAL DONIZETE DA SILVA;18/09/2026
1066454;197287;SUPERMERCADO PELLEGRINI;EDERVAL DONIZETE DA SILVA;18/09/2026
1066453;197666;MPTD SUPERMERCADO;JUAREZ COSTA;18/09/2026
1066451;197592;REDE ALIANCA - PORTAL SUPERMERCADO;PAULO COSTA;18/09/2026
1066450;197570;VILELA SUPERMERCADOS;PAULO COSTA;18/09/2026
1066449;197489;NOVO LUCAS;JUAREZ COSTA;18/09/2026
1066447;196917;HORTI-FRUTI FAZENDA;FLAVIA SIQUEIRA;18/09/2026
1066446;197246;SONI SUPERMERCADOS - LJ 02;FLAVIA SIQUEIRA;18/09/2026
1066445;197101;JAQUELIME BARBOSA - MINIMERCADO;JUAREZ COSTA;18/09/2026
1066444;197420;SAO JOAO SUPERMERCADOS - DONA FLORIANA;EDERVAL DONIZETE DA SILVA;18/09/2026
1066439;197324;DISCAMP - VALINHOS;OSNEY RICARDO;18/09/2026
1066438;197323;DISCAMP - VALINHOS;OSNEY RICARDO;18/09/2026
1066437;197441;OFELIA SARRI MORETE - HORTOLANDIA;CELSO NUNES TEIXEIRA;18/09/2026
1066436;197385;MERCADO SILVA;JOSE ROBERTO DENIZIO;18/09/2026
1066435;197148;CASA DE CARNES CRISTALIA;ALEXANDRE VIANA;18/09/2026
1066434;197440;OFELIA SARRI MORETE - HORTOLANDIA;CELSO NUNES TEIXEIRA;18/09/2026
1066433;197312;MERCADO JM - 01;CELSO NUNES TEIXEIRA;18/09/2026
1066432;197643;DONNA MARIA SUPERMERCADOS - CAMPOS DE HOLAMBRA;ROGERIO APARECIDO DA SILVA RODRIGUES;18/09/2026
1066431;197644;DONNA MARIA SUPERMERCADOS - CAMPOS DE HOLAMBRA;ROGERIO APARECIDO DA SILVA RODRIGUES;18/09/2026
1066430;197513;MASSAKY MERCADO;JOSE ROBERTO DENIZIO;18/09/2026
1066429;196771;COFESA - 08;DANILO DE ALMEIDA SANTOS;18/09/2026
1066428;197285;REDE AMIZADE;DANILO DE ALMEIDA SANTOS;18/09/2026
1066427;197305;REDE AMIZADE;DANILO DE ALMEIDA SANTOS;18/09/2026
1066426;197102;JAQUELIME BARBOSA - MINIMERCADO;JUAREZ COSTA;18/09/2026
1066425;197483;LUCAS DO SEL;JUAREZ COSTA;18/09/2026
1066424;197737;POLI SUPERMERCADO;CLAUDIO AKIO SOGA;18/09/2026
1066423;197736;POLI SUPERMERCADO;CLAUDIO AKIO SOGA;18/09/2026
1066421;197752;DA GENTE - LJ 04;CLAUDIO AKIO SOGA;18/09/2026
1066420;197797;DANTAS;JUAREZ COSTA;18/09/2026
1066418;197485;LUCAS DO SEL;JUAREZ COSTA;18/09/2026
1066417;197798;DANTAS;JUAREZ COSTA;18/09/2026
1066416;197481;MERCADO NOVA ALIANCA;JUAREZ COSTA;18/09/2026
1066415;197507;MERCADO ROSA DE SARON - VILA MATILDE;JOSE ROBERTO DENIZIO;18/09/2026
1066414;196754;MERCADO ROSA DE SARON - VILA CARRAO;JOSE ROBERTO DENIZIO;18/09/2026
1066413;197490;REDE MLLY;JUAREZ COSTA;18/09/2026
1066412;197799;DANTAS;JUAREZ COSTA;18/09/2026
1066410;197494;MERCADO TRES IRMAOS;JUAREZ COSTA;18/09/2026
1066409;197493;MERCADO TRES IRMAOS;JUAREZ COSTA;18/09/2026
1066408;197486;LUCAS DO SEL;JUAREZ COSTA;18/09/2026
1066407;197482;MERCADO NOVA ALIANCA;JUAREZ COSTA;18/09/2026
1066406;197491;REDE MLLY;JUAREZ COSTA;18/09/2026
1066405;197492;REDE MLLY;JUAREZ COSTA;18/09/2026
1066403;197665;MPTD SUPERMERCADO;JUAREZ COSTA;18/09/2026
1066402;196918;HORTI-FRUTI FAZENDA;FLAVIA SIQUEIRA;18/09/2026
1066401;197245;SONI SUPERMERCADOS - LJ 03;FLAVIA SIQUEIRA;18/09/2026
1066400;197488;NOVO LUCAS;JUAREZ COSTA;18/09/2026
1066399;197243;SONI SUPERMERCADOS - LJ 05;FLAVIA SIQUEIRA;18/09/2026
1066398;197769;SONI SUPERMERCADOS - LJ 07;FLAVIA SIQUEIRA;18/09/2026
1066397;197641;DONNA MARIA SUPERMERCADOS - CAMPOS DE HOLAMBRA;ROGERIO APARECIDO DA SILVA RODRIGUES;18/09/2026
1066395;197223;FORT - CD COMPER;ROBERTO CARLOS SANTANA;18/09/2026
1066362;197642;DONNA MARIA SUPERMERCADOS - CAMPOS DE HOLAMBRA;ROGERIO APARECIDO DA SILVA RODRIGUES;18/09/2026
1066332;197372;NOSSO EMPÓRIO;CARLOS FERREIRA;18/09/2026
1066330;197364;SUPERMERCADO SAKAY - 01;CARLOS FERREIRA;18/09/2026
1066329;197327;SUPER CITY VINTAGE;CARLOS FERREIRA;18/09/2026
1066296;197645;SUPERMERCADO PANEMA - 02;ROGERIO APARECIDO DA SILVA RODRIGUES;18/09/2026
1066263;197648;SUPERMERCADO PANEMA - 02;ROGERIO APARECIDO DA SILVA RODRIGUES;18/09/2026
1066230;197078;DA GENTE - LJ 06;CLAUDIO AKIO SOGA;18/09/2026
1066197;197753;DA GENTE - LJ 04;CLAUDIO AKIO SOGA;18/09/2026
1066195;197383;DA GENTE - LJ 03;CLAUDIO AKIO SOGA;18/09/2026
1066194;197079;DA GENTE - LJ 02;CLAUDIO AKIO SOGA;17/09/2026
1066193;197725;DA GENTE - LJ 01;CLAUDIO AKIO SOGA;17/09/2026
1066192;40657;ASSAI  - CD PACIENCIA;JOSE AUGUSTO;17/09/2026
1066191;40658;ASSAI  - CD PACIENCIA;JOSE AUGUSTO;17/09/2026
1066190;197738;POLI SUPERMERCADO;CLAUDIO AKIO SOGA;17/09/2026
1066189;196772;COFESA - 08;DANILO DE ALMEIDA SANTOS;17/09/2026
1066188;197315;MERCADO JM - 01;CELSO NUNES TEIXEIRA;17/09/2026
1066187;196773;COFESA - 10;DANILO DE ALMEIDA SANTOS;17/09/2026
1066186;197442;SUPERMERCADO MORETE LOJA 4;CELSO NUNES TEIXEIRA;17/09/2026
1066185;196753;MERCADO ROSA DE SARON - VILA CARRAO;JOSE ROBERTO DENIZIO;17/09/2026
1066184;197443;SUPERMERCADO MORETE LOJA 3;CELSO NUNES TEIXEIRA;17/09/2026
1066183;197439;OFELIA SARRI MORETE - HORTOLANDIA;CELSO NUNES TEIXEIRA;17/09/2026
1066182;197511;MERCADO ROSA DE SARON - VILA MATILDE;JOSE ROBERTO DENIZIO;17/09/2026
1066180;197503;BENGALA - 06;JOSE ROBERTO DENIZIO;17/09/2026
1066179;197322;DISCAMP - VALINHOS;OSNEY RICARDO;17/09/2026
1066178;197415;SAO JOAO SUPERMERCADOS - APARECIDA;EDERVAL DONIZETE DA SILVA;17/09/2026
1066176;197418;SAO JOAO SUPERMERCADOS - LJ 01;EDERVAL DONIZETE DA SILVA;17/09/2026
1066175;197310;DISCAMP - PAULINEA;OSNEY RICARDO;17/09/2026
1066174;197311;DISCAMP - PAULINEA;OSNEY RICARDO;17/09/2026
1066173;197417;SAO JOAO SUPERMERCADOS - TANCREDO NEVES;EDERVAL DONIZETE DA SILVA;17/09/2026
1066172;197781;ANDORINHA;DANIEL CAMACHO;17/09/2026
1066171;197416;SAO JOAO SUPERMERCADOS - CENTRO;EDERVAL DONIZETE DA SILVA;17/09/2026
1066169;197302;SUPERMERCADOS UNISSUL - CENTRO;RENATO SANTO MICHELMANN;17/09/2026
1066168;197419;SAO JOAO SUPERMERCADOS - GUARANESIA;EDERVAL DONIZETE DA SILVA;17/09/2026
1066167;197498;BENGALA - 06;JOSE ROBERTO DENIZIO;17/09/2026
1066166;197421;SAO JOAO SUPERMERCADOS - DONA FLORIANA;EDERVAL DONIZETE DA SILVA;17/09/2026
1066165;197050;BENGALA - 05;JOSE ROBERTO DENIZIO;17/09/2026
1066164;197667;MPTD SUPERMERCADO;JUAREZ COSTA;17/09/2026
1066139;197593;REDE ALIANCA - PORTAL SUPERMERCADO;PAULO COSTA;17/09/2026
1066138;197862;CASA DE CARNES COPA RIO;CAROLINA DOS SANTOS ROCHA;17/09/2026
1066137;197457;MERCADINHO KI PRECO;CAROLINA DOS SANTOS ROCHA;17/09/2026
1066136;197455;MERCADINHO KI PRECO;CAROLINA DOS SANTOS ROCHA;17/09/2026
1066135;197456;MERCADINHO KI PRECO;CAROLINA DOS SANTOS ROCHA;17/09/2026
1066134;197318;SUPERMERCADO CALEGARIS - 03;OSNEY RICARDO;17/09/2026
1066133;197309;SUPERMERCADO CALEGARIS - 02;OSNEY RICARDO;17/09/2026
1066132;196713;ALCANCE PLUS COMERCIO VAREJISTA;JOSE ARTENCIO;17/09/2026
1066131;197313;SUPERMERCADO CALEGARIS - 01;OSNEY RICARDO;17/09/2026
1066130;197314;SUPERMERCADO CALEGARIS - 01;OSNEY RICARDO;17/09/2026
1066129;197594;REDE ALIANCA - PORTAL SUPERMERCADO;PAULO COSTA;17/09/2026
1066128;197599;COMERCIAL SOUZA ATACADISTA DE ALIMENTOS;GILMERIO QUEIROZ - GERENTE DE AREA;17/09/2026
1066127;197604;COMERCIAL SOUZA ATACADISTA DE ALIMENTOS;GILMERIO QUEIROZ - GERENTE DE AREA;17/09/2026
1066126;197607;COMERCIAL SOUZA ATACADISTA DE ALIMENTOS;GILMERIO QUEIROZ - GERENTE DE AREA;17/09/2026
1066125;197606;COMPREMIX COMERCIO DE PRODUTOS;GILMERIO QUEIROZ - GERENTE DE AREA;17/09/2026
1066124;197605;COMPREMIX COMERCIO DE PRODUTOS;GILMERIO QUEIROZ - GERENTE DE AREA;17/09/2026
1066123;197603;COMPREMIX COMERCIO DE PRODUTOS;GILMERIO QUEIROZ - GERENTE DE AREA;17/09/2026
1066122;197602;COMERCIAL SOUZA ATACADISTA DE ALIMENTOS;GILMERIO QUEIROZ - GERENTE DE AREA;17/09/2026
1066121;197601;COMERCIAL SOUZA ATACADISTA DE ALIMENTOS;GILMERIO QUEIROZ - GERENTE DE AREA;17/09/2026
1066120;197026;CATO - LJ 02;EDSON MALAGUTTI;17/09/2026
1066119;197027;CATO - LJ 02;EDSON MALAGUTTI;17/09/2026
1066118;197600;COMPREMIX COMERCIO DE PRODUTOS;GILMERIO QUEIROZ - GERENTE DE AREA;17/09/2026
1066117;197339;AKKI - 10;LEANDRO GOLDINHO LOPES;17/09/2026
1066116;197840;AKKI - 08;LEANDRO GOLDINHO LOPES;17/09/2026
1066115;197349;AKKI - 06;LEANDRO GOLDINHO LOPES;17/09/2026
1066114;197259;AKKI - 05;LEANDRO GOLDINHO LOPES;17/09/2026
1066113;197822;AKKI - 04;LEANDRO GOLDINHO LOPES;17/09/2026
1066112;197267;AKKI - 03;LEANDRO GOLDINHO LOPES;17/09/2026
1066111;197610;AKKI - 02;LEANDRO GOLDINHO LOPES;17/09/2026
1066110;197338;AKKI - 01;LEANDRO GOLDINHO LOPES;17/09/2026
1066109;197144;CASA DE CARNES CRISTALIA;ALEXANDRE VIANA;17/09/2026
1066108;197820;MERCADINHO KI PRECO  - LJ 2;CAROLINA DOS SANTOS ROCHA;17/09/2026
1066107;197340;CASTELAO;SILVANO ARRUDA;17/09/2026
1066106;197458;MERCADINHO KI PRECO;CAROLINA DOS SANTOS ROCHA;17/09/2026
1066105;197150;CASA DE CARNES CRISTALIA;ALEXANDRE VIANA;17/09/2026
1066104;197320;SO OFERTAS - LJ 04;OSNEY RICARDO;17/09/2026
1066103;197316;RT COMERCIO DE PRODUTOS ALIMENTICIOS;CELSO NUNES TEIXEIRA;17/09/2026
1066101;197321;SO OFERTAS - LJ 04;OSNEY RICARDO;17/09/2026
1066099;197205;BOM LUGAR - 24;PAULO COSTA;17/09/2026
1066097;197284;SUPERMERCADO ANTONIO DE SOUZA;EDERVAL DONIZETE DA SILVA;17/09/2026
1066096;197300;SUPERMERCADO MOREIRA;EDERVAL DONIZETE DA SILVA;17/09/2026
1066095;197301;SUPERMERCADO MOREIRA;EDERVAL DONIZETE DA SILVA;17/09/2026
1066094;197145;MERCEARIA V. A.;ALEXANDRE VIANA;17/09/2026
1066093;197146;MERCEARIA V. A.;ALEXANDRE VIANA;17/09/2026
1066092;197505;JF DOCES E BEBIDAS;CAIO VINICIUS AMORIM;17/09/2026
1066091;197811;JOANIN  - MATRIZ;ALENCAR SILVA;17/09/2026
1066089;197378;BENGALA - 02;JOSE ROBERTO DENIZIO;17/09/2026
1066088;197049;BENGALA  - 03;JOSE ROBERTO DENIZIO;17/09/2026
1066087;197048;BENGALA - 05;JOSE ROBERTO DENIZIO;17/09/2026
1066086;197047;BENGALA  - 03;JOSE ROBERTO DENIZIO;17/09/2026
1066085;197046;BENGALA - 05;JOSE ROBERTO DENIZIO;17/09/2026
1066084;197786;MERCADO RAINHA;AROLDO BATISTA SANTOS;17/09/2026
1066083;196878;HIROTA EXPRESS - CD 98;GILMERIO QUEIROZ - GERENTE DE AREA;17/09/2026
1066082;196880;MERCADINHO COQUEIRO;SILVANO ARRUDA;17/09/2026
1066081;196879;MERCADINHO COQUEIRO;SILVANO ARRUDA;17/09/2026
1066080;197045;BENGALA  - 03;JOSE ROBERTO DENIZIO;17/09/2026
1066079;197039;PIRANA - AUTO SERVICO;EDSON MALAGUTTI;17/09/2026
1066078;197384;BENGALA - 02;JOSE ROBERTO DENIZIO;17/09/2026
1066076;197044;MERCADO HAPPY FAMILIA;GUSTAVO GOMES;17/09/2026
1066075;197690;LIQIN CHEN;GUSTAVO GOMES;17/09/2026
1066073;197779;F & K DISTRIBUIDORA;JOSE ROBERTO DENIZIO;17/09/2026
1066070;197778;F & K DISTRIBUIDORA;JOSE ROBERTO DENIZIO;17/09/2026
1066067;196372;VALTER PINHEIRO;VALTER PINHEIRO;17/09/2026
1066066;197379;BENGALA - 02;JOSE ROBERTO DENIZIO;17/09/2026
1066059;196877;SUPERVAREJAO SAUDE - 01;INES MARTIN;17/09/2026
1066057;197796;MAMA - MERCADO ARRUEIRAS;ALENCAR SILVA;17/09/2026
1066056;196876;SUPERVAREJAO SAUDE - 01;INES MARTIN;17/09/2026
1066055;197649;MERCADO CHAVES;ALENCAR SILVA;17/09/2026
1066054;197775;DUQUE - LJ 03;FLAVIA SIQUEIRA;17/09/2026
1066052;197795;MAMA - MERCADO ARRUEIRAS;ALENCAR SILVA;17/09/2026
1066050;197034;COMPRE SUPER BEM - LJ 01;JOSE GOMES DOS S.;17/09/2026
1066049;196923;COMPRE SUPER BEM - LJ 01;JOSE GOMES DOS S.;17/09/2026
1066041;698;ASSAI - 357;FERNANDO VOLTERO;17/09/2026
1066040;196629;TIO BEBA - MIRACATU;KALIEL DE CALDA LEITE;17/09/2026
1066039;196633;SUPERMERCADO TIO BEBA PEDRO TOLEDODO II;KALIEL DE CALDA LEITE;17/09/2026
1066038;697;ASSAI - 357;FERNANDO VOLTERO;17/09/2026
1066037;196630;TIO BEBA - VILA SANCHES;KALIEL DE CALDA LEITE;17/09/2026
1066033;196679;PAO DE ACUCAR-COMPANHIA BRASILEIRA DE DISTRIB - RJ;EDMILSON NUNES;17/09/2026
1066032;196680;PAO DE ACUCAR-COMPANHIA BRASILEIRA DE DISTRIB - RJ;EDMILSON NUNES;17/09/2026
1066029;196394;TIO BEBA - FLORESTA;KALIEL DE CALDA LEITE;17/09/2026
1066028;196631;TIO BEBA - VILA SANCHES;KALIEL DE CALDA LEITE;17/09/2026
1066027;196634;TIO BEBA - ITARIRI;KALIEL DE CALDA LEITE;17/09/2026
1066025;196628;SUPERMERCADO TIO BEBA PEDRO TOLEDODO II;KALIEL DE CALDA LEITE;17/09/2026
1066022;196924;COMPRE SUPER BEM - LJ 01;JOSE GOMES DOS S.;17/09/2026
1066021;197035;COMPRE SUPER BEM - LJ 01;JOSE GOMES DOS S.;17/09/2026
1066020;196391;TIO BEBA - FLORESTA;KALIEL DE CALDA LEITE;17/09/2026
1066017;197159;COMERCIAL NOSSA SENHORA DA BOA HORA;RONILSON RIBEIRO;17/09/2026
1066016;196810;MAMA - MERCADO LAURA;ALENCAR SILVA;17/09/2026
1066011;197694;TENNESSEE  SANTOS -  LOJA 36;RONILSON RIBEIRO;17/09/2026
1066009;197838;DISTRIBUIDORA BICA DE PEDRA;DAIANE CRISTINA DE OLIVEIRA;17/09/2026
1066008;197387;ASSAI - 357;FERNANDO VOLTERO;17/09/2026
1066007;197386;ASSAI - 357;FERNANDO VOLTERO;17/09/2026
1066006;197575;MERCADO FONTE NOVA BELA VISTA;FELIPE GOMES;17/09/2026
1066005;197823;FONTE NOVA - 13;FELIPE GOMES;17/09/2026
1066004;197376;FONTE NOVA  - 11;FELIPE GOMES;17/09/2026
1066003;196408;COMERCIO DE OVOS;KELVIN;17/09/2026
1066001;197462;FONTE NOVA - 09;FELIPE GOMES;17/09/2026
1066000;197461;FONTE NOVA - 10;FELIPE GOMES;17/09/2026
1065998;197518;FONTE NOVA - 08;FELIPE GOMES;17/09/2026
1065997;197574;FONTE NOVA - 05;FELIPE GOMES;17/09/2026
1065996;197449;FONTE NOVA - 07;FELIPE GOMES;17/09/2026
1065995;197168;FONTE NOVA - 04;FELIPE GOMES;17/09/2026
1065994;197196;BOM LUGAR - IV;PAULO COSTA;17/09/2026
1065993;197428;FONTE NOVA - 02;FELIPE GOMES;17/09/2026
1065992;197203;BOM LUGAR - 24;PAULO COSTA;17/09/2026
1065991;197166;FONTE NOVA - 03;FELIPE GOMES;17/09/2026
1065990;197167;FONTE NOVA - 01;FELIPE GOMES;17/09/2026
1065989;196392;TIO BEBA - FLORESTA;KALIEL DE CALDA LEITE;17/09/2026
1065988;197198;RITA DE CASSIA CORREA PACHECO;PAULO SERGIO;17/09/2026
1065987;197810;JOANIN  - MATRIZ;ALENCAR SILVA;17/09/2026
1065986;196978;DALBEN - TAQUARAL;OSNEY RICARDO;17/09/2026
1065985;196622;ZOMPER;CELSO NUNES TEIXEIRA;17/09/2026
1065981;197019;FONTE NOVA - 14;FELIPE GOMES;17/09/2026
1065980;196826;NAGUMO - AGUA CHATA CD;JAMIR RIBEIRO;17/09/2026
1065979;197368;CASA DOS CEREAIS;ROBSON BERTOLINI;17/09/2026
1065978;196624;TIO BEBA - MIRACATU;KALIEL DE CALDA LEITE;17/09/2026
1065977;197370;CASA DOS CEREAIS;ROBSON BERTOLINI;17/09/2026
1065975;197808;NAGUMO - AGUA CHATA CD;JAMIR RIBEIRO;17/09/2026
1065974;197389;NAGUMO - AGUA CHATA CD;JAMIR RIBEIRO;17/09/2026
1065973;197247;SUPERMERCADO ALEGRIA;RODRIGO LEANDRO CAMARGO;17/09/2026
1065972;197303;TERRA PRETA;CLAUDIO AKIO SOGA;17/09/2026
1065971;197454;MERCADO CARVALHO;CLAUDIO AKIO SOGA;17/09/2026
1065970;197450;MERCADO EXPEDITA ISIDORO;CLAUDIO AKIO SOGA;17/09/2026
1065969;197451;MERCADO EXPEDITA ISIDORO;CLAUDIO AKIO SOGA;17/09/2026
1065968;196626;SUPERMERCADO TIO BEBA PEDRO TOLEDODO II;KALIEL DE CALDA LEITE;17/09/2026
1065967;196632;TIO BEBA - VILA SANCHES;KALIEL DE CALDA LEITE;17/09/2026
1065966;196980;SO OFERTAS - LJ 03;OSNEY RICARDO;17/09/2026
1065952;197855;MERCADO NOVA GERACAO - JARDIM SAO PAULO;FLAVIA SIQUEIRA;17/09/2026
1065951;197222;FESTVAL BEAL ATACADO;FORTUNATO SALVALAGGIO;17/09/2026
1065950;197331;MERCEARIA FIARRE;JOSE GOMES DOS S.;17/09/2026
1065949;197158;COMERCIAL NOSSA SENHORA DA BOA HORA;RONILSON RIBEIRO;17/09/2026
1065948;196811;MAMA - MERCADO LAURA;ALENCAR SILVA;17/09/2026
1065947;197334;MERCEARIA FIARRE;JOSE GOMES DOS S.;17/09/2026
1065946;197336;MERCEARIA FIARRE;JOSE GOMES DOS S.;17/09/2026
1065945;196818;MERCADO PB SEMBLEIA;JUAREZ COSTA;17/09/2026
1065944;196816;MERCADO PB SEMBLEIA;JUAREZ COSTA;17/09/2026
1065942;196817;MERCADO PB SEMBLEIA;JUAREZ COSTA;17/09/2026
1065941;196819;VILA ZAIRA - BROOKLIN;SILVANO ARRUDA;17/09/2026
1065940;196403;SITIO VERDE - LJ 02;SILVANO ARRUDA;17/09/2026
1065939;196812;MERCADO E SACOLAO RIOS;JUAREZ COSTA;17/09/2026
1065938;196813;MERCADO E SACOLAO RIOS;JUAREZ COSTA;17/09/2026
1065937;196407;MERCADO E DISTRIBUIDORA BRILHANTE;JUAREZ COSTA;17/09/2026
1065936;196627;TIO BEBA - ITARIRI;KALIEL DE CALDA LEITE;17/09/2026
1065935;196406;MERCADO E DISTRIBUIDORA BRILHANTE;JUAREZ COSTA;17/09/2026
1065934;197260;MERCADO KIODAI - ITAPECERICA;ERICK MOREIRA;17/09/2026
1065933;196998;CALVO - JD ARICANDUVA;VALDENIR VOLTERO;17/09/2026
1065932;197763;KRILL - MATRIZ;JOSE SOARES;17/09/2026
1065931;196994;HORTIFRUTI FARTURA;FLAVIA SIQUEIRA;17/09/2026
1065930;196993;HORTIFRUTI FARTURA;FLAVIA SIQUEIRA;17/09/2026
1065929;196913;HIGA SANTA BARBARA - LOJA 10;OSNEY RICARDO;17/09/2026
1065928;196393;MAGNANIMO - LJ 06;KALIEL DE CALDA LEITE;17/09/2026
1065926;197669;REIS SUPERMERCADOS;JUAREZ COSTA;17/09/2026
1065922;196625;MAGNANIMO - LJ 11;KALIEL DE CALDA LEITE;17/09/2026
1065920;196339;CD - NOVO PROENCA;MARCELO GREGORIO;17/09/2026
1065916;196358;CASA DO NORTE MTJP;TELEVENDAS - DA TERRINHA;17/09/2026
1065915;196357;CASA DO NORTE MTJP;TELEVENDAS - DA TERRINHA;17/09/2026
1065914;196995;HORTIFRUTI FARTURA;FLAVIA SIQUEIRA;17/09/2026
1065912;196992;CORREIA ITU;PAULO COSTA;17/09/2026
1065904;197762;KRILL - MATRIZ;JOSE SOARES;17/09/2026
1065901;196999;CALVO - JD ARICANDUVA;VALDENIR VOLTERO;17/09/2026
1065900;197197;CASA SANTA LUZIA;CAROLINA DOS SANTOS ROCHA;17/09/2026
1065808;197274;TOKIO LOJA 2;CARLOS FERREIRA;17/09/2026
1065807;196500;SUPERMERCADO BAHAMAS - CD JF;CAIO MEIRELLES;17/09/2026
1065806;197011;ALVARO - LJ INTERLAGOS;ERICK MOREIRA;17/09/2026
1065805;196449;PRECO MELHOR;ERICK MOREIRA;17/09/2026
1065803;196820;PADARIA LEIRIENSE;ERICK MOREIRA;17/09/2026
1065801;197568;GUILHERMINA;JOSE SOARES;17/09/2026
1065771;197358;ZASTRAS - IRMAOS MARCHINI;JOSE GOMES DOS S.;17/09/2026
1065770;197564;OCIAN;JOSE SOARES;17/09/2026
1065769;197565;NOSSO ACOUGUE - CAICARA;JOSE SOARES;17/09/2026
1065737;196981;QUITANDA MARIA;OSNEY RICARDO;17/09/2026
1065736;197020;FONTE NOVA - 14;FELIPE GOMES;17/09/2026
1065735;196621;ZOMPER;CELSO NUNES TEIXEIRA;17/09/2026
1065702;197100;VITORIA REGIA FIGUEIRAS;LUCIANO PEREIRA;17/09/2026
1065679;197226;SUP DOVALE - 06;FLAVIA SIQUEIRA;17/09/2026
1065678;196404;TENNESSEE - PREMIUM ALIMENTOS;INES MARTIN;17/09/2026
1065677;197702;SUP DOVALE  - VALE MAIS ATACADISTA;FLAVIA SIQUEIRA;17/09/2026
1065676;197237;VEND PERTO MACHINES;FLAVIA SIQUEIRA;17/09/2026
1065675;197236;VEND PERTO MACHINES;FLAVIA SIQUEIRA;17/09/2026
1065674;197242;MERCADINHO A MINEIRA;FLAVIA SIQUEIRA;17/09/2026
1065673;197241;MERCADINHO A MINEIRA;FLAVIA SIQUEIRA;17/09/2026
1065672;197244;OSLO COMERCIAL DE ALIMENTOS;FLAVIA SIQUEIRA;17/09/2026
1065671;197367;GARANTIA COMERCIO DE EMBALAGENS;CARLOS FERREIRA;17/09/2026
1065669;197275;TOKIO LOJA 2;CARLOS FERREIRA;17/09/2026
1065636;197452;MERCADO EXPEDITA ISIDORO;CLAUDIO AKIO SOGA;17/09/2026
1065603;197453;MERCADO CARVALHO;CLAUDIO AKIO SOGA;17/09/2026
1065571;197248;SUPERMERCADO ALEGRIA;RODRIGO LEANDRO CAMARGO;17/09/2026
1065570;197299;TERRA PRETA;CLAUDIO AKIO SOGA;17/09/2026
1065537;197272;TOKIO LOJA 2;CARLOS FERREIRA;16/09/2026
1065509;196446;MERCADINHO SANTA FÉ;ERICK MOREIRA;16/09/2026
1065508;197273;MERCADO SUPER FRESCO;CARLOS FERREIRA;16/09/2026
1065507;197277;MERCADO SUPER FRESCO;CARLOS FERREIRA;16/09/2026
1065506;197328;MERCADO BOM VIZINHO;CARLOS FERREIRA;16/09/2026
1065505;197329;MERCADO BOM VIZINHO;CARLOS FERREIRA;16/09/2026
1065504;197278;ATACADO HUGAO;CARLOS FERREIRA;16/09/2026
1065503;197764;REIMBERG - JEQUIRITUBA;KELVIN;16/09/2026
1065502;197761;REIMBERG - JEQUIRITUBA;KELVIN;16/09/2026
1065501;196864;STYLLUS - 01;FELIPE GOMES;16/09/2026
1065500;196869;SUPER PORTUGUES - 02;FELIPE GOMES;16/09/2026
1065499;197519;STYLLUS - 03;FELIPE GOMES;16/09/2026
1065498;196868;STYLLUS - 04;FELIPE GOMES;16/09/2026
1065497;196871;STYLLUS - 05;FELIPE GOMES;16/09/2026
1065496;196873;STYLLUS - 06;FELIPE GOMES;16/09/2026
1065495;196865;STYLLUS - 07;FELIPE GOMES;16/09/2026
1065494;196675;VOG COMERCIO DE ALIMENTOS;FELIPE GOMES;16/09/2026
1065493;197465;COMERCIAL BOLSAO - LJ 02;FELIPE GOMES;16/09/2026
1065492;196537;SUPERMERCADO AGOSTINHO;GUSTAVO GOMES;16/09/2026
1065491;196536;MERCADINHO J J L L;GUSTAVO GOMES;16/09/2026
1065490;197722;REDE X - 02;RODOLFO QUERINO LUIZ - GERENTE DE AREA;16/09/2026
1065489;197783;REDE X - 03;RODOLFO QUERINO LUIZ - GERENTE DE AREA;16/09/2026
1065488;197832;REDE X - 04;RODOLFO QUERINO LUIZ - GERENTE DE AREA;16/09/2026
1065486;197814;REDE X - 08;RODOLFO QUERINO LUIZ - GERENTE DE AREA;16/09/2026
1065485;197740;REDE X - 09;RODOLFO QUERINO LUIZ - GERENTE DE AREA;16/09/2026
1065484;197676;REDE X - 10;RODOLFO QUERINO LUIZ - GERENTE DE AREA;16/09/2026
1065483;197735;REDE X - 11;RODOLFO QUERINO LUIZ - GERENTE DE AREA;16/09/2026
1065482;197734;REDE X - 11;RODOLFO QUERINO LUIZ - GERENTE DE AREA;16/09/2026
1065481;197749;REDE X - 14;RODOLFO QUERINO LUIZ - GERENTE DE AREA;16/09/2026
1065479;196740;KS TWO COMERCIAL E DISTRIBUIDORA;VALTER AMARAL MACHADO;16/09/2026
1065478;197715;REDE X - 16;RODOLFO QUERINO LUIZ - GERENTE DE AREA;16/09/2026
1065477;197745;REDE X - 17;RODOLFO QUERINO LUIZ - GERENTE DE AREA;16/09/2026
1065476;197777;REDE X - 19;RODOLFO QUERINO LUIZ - GERENTE DE AREA;16/09/2026
1065475;197675;REDE X - 12;RODOLFO QUERINO LUIZ - GERENTE DE AREA;16/09/2026
1065474;197616;REDE X - 13;RODOLFO QUERINO LUIZ - GERENTE DE AREA;16/09/2026
1065473;197751;REDE X - 14;RODOLFO QUERINO LUIZ - GERENTE DE AREA;16/09/2026
1065472;197701;REDE X - 18;RODOLFO QUERINO LUIZ - GERENTE DE AREA;16/09/2026
1065470;197833;REDE X - 04;RODOLFO QUERINO LUIZ - GERENTE DE AREA;16/09/2026
1065469;197766;REDE X - 05;RODOLFO QUERINO LUIZ - GERENTE DE AREA;16/09/2026
1065468;197815;REDE X - 08;RODOLFO QUERINO LUIZ - GERENTE DE AREA;16/09/2026
1065467;197741;REDE X - 09;RODOLFO QUERINO LUIZ - GERENTE DE AREA;16/09/2026
1065466;197674;REDE X - 10;RODOLFO QUERINO LUIZ - GERENTE DE AREA;16/09/2026
1065465;197733;REDE X - 11;RODOLFO QUERINO LUIZ - GERENTE DE AREA;16/09/2026
1065464;197744;REDE X - 17;RODOLFO QUERINO LUIZ - GERENTE DE AREA;16/09/2026
1065463;197776;REDE X - 19;RODOLFO QUERINO LUIZ - GERENTE DE AREA;16/09/2026
1065462;197255;REIMBERG - EMBU GUACU;KELVIN;16/09/2026
1065461;197254;REIMBERG - EMBU GUACU;KELVIN;16/09/2026
1065460;197726;REDE X - 01;RODOLFO QUERINO LUIZ - GERENTE DE AREA;16/09/2026
1065459;197724;REDE X - 02;RODOLFO QUERINO LUIZ - GERENTE DE AREA;16/09/2026
1065458;197785;REDE X - 03;RODOLFO QUERINO LUIZ - GERENTE DE AREA;16/09/2026
1065457;197750;REDE X - 14;RODOLFO QUERINO LUIZ - GERENTE DE AREA;16/09/2026
1065455;197716;REDE X - 16;RODOLFO QUERINO LUIZ - GERENTE DE AREA;16/09/2026
1065454;197732;REDE X - 11;RODOLFO QUERINO LUIZ - GERENTE DE AREA;16/09/2026
1065453;197731;REDE X - 11;RODOLFO QUERINO LUIZ - GERENTE DE AREA;16/09/2026
1065452;197617;REDE X - 13;RODOLFO QUERINO LUIZ - GERENTE DE AREA;16/09/2026
1065451;197813;REDE X - 08;RODOLFO QUERINO LUIZ - GERENTE DE AREA;16/09/2026
1065450;197743;REDE X - 09;RODOLFO QUERINO LUIZ - GERENTE DE AREA;16/09/2026
1065449;196448;PRECO MELHOR;ERICK MOREIRA;16/09/2026
1065448;197673;REDE X - 10;RODOLFO QUERINO LUIZ - GERENTE DE AREA;16/09/2026
1065447;197767;REDE X - 05;RODOLFO QUERINO LUIZ - GERENTE DE AREA;16/09/2026
1065446;197817;REDE X - 08;RODOLFO QUERINO LUIZ - GERENTE DE AREA;16/09/2026
1065445;197768;REDE X - 06;RODOLFO QUERINO LUIZ - GERENTE DE AREA;16/09/2026
1065444;197723;REDE X - 02;RODOLFO QUERINO LUIZ - GERENTE DE AREA;16/09/2026
1065443;197784;REDE X - 03;RODOLFO QUERINO LUIZ - GERENTE DE AREA;16/09/2026
1065442;197137;REIMBERG - PERSONAL GARDEN;KELVIN;16/09/2026
1065441;197136;REIMBERG - PERSONAL GARDEN;KELVIN;16/09/2026
1065440;196445;MERCADINHO SANTA FÉ;ERICK MOREIRA;16/09/2026
1065439;196447;MERCADINHO SANTA FÉ;ERICK MOREIRA;16/09/2026
1065438;197831;REDE X - 04;RODOLFO QUERINO LUIZ - GERENTE DE AREA;16/09/2026
1065409;197297;SUPERMERCADO PARAISO - PARAISO POLVILHO;FRANCISCO ANACLETO;16/09/2026
1065408;197704;SUP DOVALE  - VALE MAIS ATACADISTA;FLAVIA SIQUEIRA;16/09/2026
1065407;197554;ATALAIA - ATACADISTA;JOSE SOARES;16/09/2026
1065406;197557;ATALAIA COMERCIO ATACADISTA;JOSE SOARES;16/09/2026
1065405;197363;ZASTRAS - SUPERMERCADO ZT;JOSE GOMES DOS S.;16/09/2026
1065404;197225;SUP DOVALE - 06;FLAVIA SIQUEIRA;16/09/2026
1065402;196401;HORTIFRUTI TURMALINA;INES MARTIN;16/09/2026
1065401;197266;SUPERMERCADO IMPERIO;EDSON MALAGUTTI;16/09/2026
1065400;197265;SB SUPERMERCADO;EDSON MALAGUTTI;16/09/2026
1065399;196990;CORREIA ITU;PAULO COSTA;16/09/2026
1065398;196991;CORREIA ITU;PAULO COSTA;16/09/2026
1065397;196637;SUP PIRACICABA - 01 - SOMAR;JOSE RICARDO FERNANDES;16/09/2026
1065396;196745;MERCADO MILA;JOSE ROBERTO DENIZIO;16/09/2026
1065395;196638;SUP PIRACICABA - 01 - SOMAR;JOSE RICARDO FERNANDES;16/09/2026
1065394;196617;MEGAMIX SUPERMERCADO;JOSE RICARDO FERNANDES;16/09/2026
1065393;196639;SUP PIRACICABA - 02;JOSE RICARDO FERNANDES;16/09/2026
1065392;196635;SUP PIRACICABA - 02;JOSE RICARDO FERNANDES;16/09/2026
1065391;196640;SUP PIRACICABA - 03;JOSE RICARDO FERNANDES;16/09/2026
1065390;196636;SUP PIRACICABA - 03;JOSE RICARDO FERNANDES;16/09/2026
1065389;196642;SUP PIRACICABA - 05 - SOMAR;JOSE RICARDO FERNANDES;16/09/2026
1065388;196641;SUP PIRACICABA - 05 - SOMAR;JOSE RICARDO FERNANDES;16/09/2026
1065387;197359;ZASTRAS - IRMAOS MARCHINI;JOSE GOMES DOS S.;16/09/2026
1065386;197391;TAGARELAS DOCES;JOSE GOMES DOS S.;16/09/2026
1065385;196585;EDL MERCADO;JUAREZ COSTA;16/09/2026
1065384;196369;HORTIFRUIT  DO JAPA;JUAREZ COSTA;16/09/2026
1065383;196600;MERCADO ALIANCA - 03;AROLDO BATISTA SANTOS;16/09/2026
1065382;196747;MERCEARIA DANILILI;JOSE ROBERTO DENIZIO;16/09/2026
1065381;196731;SUPERMERCADO NOSE;ALEXANDRE VIANA;16/09/2026
1065380;196746;MERCADO MILA;JOSE ROBERTO DENIZIO;16/09/2026
1065379;196368;HORTIFRUIT  DO JAPA;JUAREZ COSTA;16/09/2026
1065378;197362;ZASTRAS - IRMAOS MARCHINI;JOSE GOMES DOS S.;16/09/2026
1065377;196380;SABORES DA TERRINHA - LOJA 03;ELTON;16/09/2026
1065376;197058;SUP DOVALE - 02;FLAVIA SIQUEIRA;16/09/2026
1065375;197365;ZASTRAS - SUPERMERCADO ZT;JOSE GOMES DOS S.;16/09/2026
1065374;197077;SUP DOVALE - 03;FLAVIA SIQUEIRA;16/09/2026
1065373;196749;SUP DOVALE - 04;FLAVIA SIQUEIRA;16/09/2026
1065372;197572;SUP DOVALE - 05;FLAVIA SIQUEIRA;16/09/2026
1065371;196402;HORTIFRUTI TURMALINA;INES MARTIN;16/09/2026
1065369;196586;EDL MERCADO;JUAREZ COSTA;16/09/2026
1065368;196405;TENNESSEE - SILVA BUENO;INES MARTIN;16/09/2026
1065367;196997;MERCADO E ACOUGUE ROSINHA;ROBERTO HIROSHI SOGA;16/09/2026
1065366;196748;MERCEARIA DANILILI;JOSE ROBERTO DENIZIO;16/09/2026
1065365;196424;SUPERMERCADO JUAZEIRO;ROBERTO HIROSHI SOGA;16/09/2026
1065363;197659;MERCADO MENDES;WAGNER DA SILVA LIMA;16/09/2026
1065362;196599;MERCADO ALIANCA - 03;AROLDO BATISTA SANTOS;16/09/2026
1065361;196602;MERCADO ALIANCA - 03;AROLDO BATISTA SANTOS;16/09/2026
1065360;197296;SUPERMERCADO PARAISO - PARAISO POLVILHO;FRANCISCO ANACLETO;16/09/2026
1065359;197437;AYUMI - 07;LEANDRO GOLDINHO LOPES;16/09/2026
1065358;197447;AYUMI - 08;LEANDRO GOLDINHO LOPES;16/09/2026
1065357;197477;AYUMI - 09;LEANDRO GOLDINHO LOPES;16/09/2026
1065356;197658;AYUMI - 10;LEANDRO GOLDINHO LOPES;16/09/2026
1065355;197480;AYUMI - 11;LEANDRO GOLDINHO LOPES;16/09/2026
1065354;197474;AYUMI - 12;LEANDRO GOLDINHO LOPES;16/09/2026
1065353;197529;AYUMI - 13;LEANDRO GOLDINHO LOPES;16/09/2026
1065352;197433;AYUMI - 17;LEANDRO GOLDINHO LOPES;16/09/2026
1065350;197825;AYUMI - 01;LEANDRO GOLDINHO LOPES;16/09/2026
1065349;197537;AYUMI - 02;LEANDRO GOLDINHO LOPES;16/09/2026
1065348;197581;AYUMI - 05;LEANDRO GOLDINHO LOPES;16/09/2026
1065347;197121;AYUMI - 03;LEANDRO GOLDINHO LOPES;16/09/2026
1065346;197471;AYUMI - 04;LEANDRO GOLDINHO LOPES;16/09/2026
1065345;197476;AYUMI - 12;LEANDRO GOLDINHO LOPES;16/09/2026
1065344;197528;AYUMI - 13;LEANDRO GOLDINHO LOPES;16/09/2026
1065343;197434;AYUMI - 17;LEANDRO GOLDINHO LOPES;16/09/2026
1065342;197472;AYUMI - 04;LEANDRO GOLDINHO LOPES;16/09/2026
1065341;197582;AYUMI - 05;LEANDRO GOLDINHO LOPES;16/09/2026
1065340;197543;AYUMI - 06;LEANDRO GOLDINHO LOPES;16/09/2026
1065339;197656;AYUMI - 10;LEANDRO GOLDINHO LOPES;16/09/2026
1065338;197487;AYUMI - 11;LEANDRO GOLDINHO LOPES;16/09/2026
1065336;197438;AYUMI - 07;LEANDRO GOLDINHO LOPES;16/09/2026
1065335;197024;CATO - LJ 02;EDSON MALAGUTTI;16/09/2026
1065334;197025;CATO - LJ 02;EDSON MALAGUTTI;16/09/2026
1065333;196441;CATO - LJ 01;EDSON MALAGUTTI;16/09/2026
1065332;196442;CATO - LJ 01;EDSON MALAGUTTI;16/09/2026
1065331;197446;AYUMI - 08;LEANDRO GOLDINHO LOPES;16/09/2026
1065330;196601;MERCADO ALIANCA - 02;AROLDO BATISTA SANTOS;16/09/2026
1065329;197478;AYUMI - 09;LEANDRO GOLDINHO LOPES;16/09/2026
1065327;196384;TOKIO LOJA 2;CARLOS FERREIRA;16/09/2026
1065325;196383;SUPERMERCADO SAKAY - 01;CARLOS FERREIRA;16/09/2026
1065323;197854;MERCADO ALIANCA - 01;AROLDO BATISTA SANTOS;16/09/2026
1065322;197538;AYUMI - 02;LEANDRO GOLDINHO LOPES;16/09/2026
1065321;197122;AYUMI - 03;LEANDRO GOLDINHO LOPES;16/09/2026
1065319;197826;AYUMI - 01;LEANDRO GOLDINHO LOPES;16/09/2026
1065318;197435;AYUMI - 17;LEANDRO GOLDINHO LOPES;16/09/2026
1065317;197530;AYUMI - 13;LEANDRO GOLDINHO LOPES;16/09/2026
1065316;197390;TAGARELAS DOCES;JOSE GOMES DOS S.;16/09/2026
1065314;197809;JOANIN  - MATRIZ;ALENCAR SILVA;16/09/2026
1065313;197123;AYUMI - 03;LEANDRO GOLDINHO LOPES;16/09/2026
1065312;197539;AYUMI - 02;LEANDRO GOLDINHO LOPES;16/09/2026
1065311;197473;AYUMI - 04;LEANDRO GOLDINHO LOPES;16/09/2026
1065310;197583;AYUMI - 05;LEANDRO GOLDINHO LOPES;16/09/2026
1065309;197542;AYUMI - 06;LEANDRO GOLDINHO LOPES;16/09/2026
1065307;197436;AYUMI - 07;LEANDRO GOLDINHO LOPES;16/09/2026
1065306;197445;AYUMI - 08;LEANDRO GOLDINHO LOPES;16/09/2026
1065305;197264;SB SUPERMERCADO;EDSON MALAGUTTI;16/09/2026
1065304;197827;AYUMI - 01;LEANDRO GOLDINHO LOPES;16/09/2026
1065302;197475;AYUMI - 12;LEANDRO GOLDINHO LOPES;16/09/2026
1065301;197263;SUPERMERCADO IMPERIO;EDSON MALAGUTTI;16/09/2026
1065299;40652;DA TERRINHA - FILIAL SP;PAULO ALEX;16/09/2026
1065298;197812;JOANIN  - MATRIZ;ALENCAR SILVA;16/09/2026
1065297;196425;PUBLIC - 960 CD;KELVIN;16/09/2026
1065296;196480;SUPERMERCADO SAO FRANCISCO;ROGERIO APARECIDO DA SILVA RODRIGUES;16/09/2026
1065295;196419;SUPERMERCADO UNIAO - LOJA 05;RENATO SANTO MICHELMANN;16/09/2026
1065294;196595;MERCEARIA SOUZA GOIS;AROLDO BATISTA SANTOS;16/09/2026
1065293;197484;AYUMI - 11;LEANDRO GOLDINHO LOPES;16/09/2026
1065291;197654;AYUMI - 10;LEANDRO GOLDINHO LOPES;16/09/2026
1065290;197479;AYUMI - 09;LEANDRO GOLDINHO LOPES;16/09/2026
1065289;196417;SUPERMERCADO UNIAO - LOJA 05;RENATO SANTO MICHELMANN;16/09/2026
1065288;196739;KS TWO COMERCIAL E DISTRIBUIDORA;VALTER AMARAL MACHADO;16/09/2026
1065286;196738;KS TWO COMERCIAL E DISTRIBUIDORA;VALTER AMARAL MACHADO;16/09/2026
1065285;196484;SUPERMERCADO BELINELLI - ARARAQUARA;DAIANE CRISTINA DE OLIVEIRA;16/09/2026
1065284;196481;COMPRE MIX;MARCELO GREGORIO;16/09/2026
1065283;196490;UNIAO SUPERMERCADOS;EDSON MALAGUTTI;16/09/2026
1065281;196596;JNS OLIVEIRA;AROLDO BATISTA SANTOS;16/09/2026
1065280;196911;AMERIPAN FESTAS - AMERICANA;EDSON MALAGUTTI;16/09/2026
1065279;197179;SM RUGINE - CENTRO;WILSON PEREIRA;16/09/2026
1065278;196616;MEGAMIX SUPERMERCADO;JOSE RICARDO FERNANDES;16/09/2026
1065276;196416;SUPERMERCADO UNIAO - LOJA 11;RENATO SANTO MICHELMANN;16/09/2026
1065275;196479;SUPERMERCADO SAO FRANCISCO;ROGERIO APARECIDO DA SILVA RODRIGUES;16/09/2026
1065274;196535;MERCADINHO J J L L;GUSTAVO GOMES;16/09/2026
1065273;196418;SUPERMERCADO UNIAO - LOJA 15;RENATO SANTO MICHELMANN;16/09/2026
1065270;197038;SUPERMERCADO UNIAO - LOJA 09;RENATO SANTO MICHELMANN;16/09/2026
1065267;196534;SUPERMERCADO AGOSTINHO;GUSTAVO GOMES;16/09/2026
1065263;197464;COMERCIAL BOLSAO - LJ 02;FELIPE GOMES;16/09/2026
1065260;197008;A P SOARES DA SILVA;KELVIN;16/09/2026
1065259;197010;FIFOCOM;KELVIN;16/09/2026
1065258;197541;SUPERFANTASTICO - 04;CAROLINA DOS SANTOS ROCHA;16/09/2026
1065257;197470;SUPERFANTASTICO - 03;CAROLINA DOS SANTOS ROCHA;16/09/2026
1065256;197063;SACOLAO VILA SONIA;CAROLINA DOS SANTOS ROCHA;16/09/2026
1065255;196346;MERCADO CABRAL;CAROLINA DOS SANTOS ROCHA;16/09/2026
1065254;196345;MERCADO CABRAL;CAROLINA DOS SANTOS ROCHA;16/09/2026
1065253;196162;POMAR DA VILA - CASA VERDE;FLAVIA SIQUEIRA;16/09/2026
1065252;197009;FIFOCOM;KELVIN;16/09/2026
1065251;197120;SUPERFANTASTICO - 02;CAROLINA DOS SANTOS ROCHA;16/09/2026
1065250;196933;SUPERFANTASTICO - 01;CAROLINA DOS SANTOS ROCHA;16/09/2026
1065249;197062;SACOLAO VILA SONIA;CAROLINA DOS SANTOS ROCHA;16/09/2026
1065244;197573;SUP DOVALE - 05;FLAVIA SIQUEIRA;16/09/2026
1065243;197180;SM RUGINE - JARDIM MARAJOARA II;WILSON PEREIRA;16/09/2026
1065242;196501;DAKI - CD MG;WAGNER DA SILVA LIMA;16/09/2026
1065241;197459;DAKI - CD EMBU DAS ARTES;WAGNER DA SILVA LIMA;16/09/2026
1065240;197074;SUP DOVALE - 03;FLAVIA SIQUEIRA;16/09/2026
1065238;197075;SUP DOVALE - 03;FLAVIA SIQUEIRA;16/09/2026
1065237;197181;SM RUGINE - JARDIM MARAJOARA II;WILSON PEREIRA;16/09/2026
1065233;196912;AMERIPAN FESTAS - AMERICANA;EDSON MALAGUTTI;16/09/2026
1065231;197182;SM RUGINE - JARDIM NOVA PILAR;WILSON PEREIRA;16/09/2026
1065230;197556;ATALAIA COMERCIO ATACADISTA;JOSE SOARES;16/09/2026
1065229;197183;SM RUGINE - JARDIM NOVA PILAR;WILSON PEREIRA;16/09/2026
1065227;197558;ATALAIA LJ 01;JOSE SOARES;16/09/2026
1065226;197055;SUP DOVALE - 02;FLAVIA SIQUEIRA;16/09/2026
1065225;197562;ATALAIA LJ 02;JOSE SOARES;16/09/2026
1065224;197185;SM RUGINE - CENTRO;WILSON PEREIRA;16/09/2026
1065223;197555;ATALAIA - ATACADISTA;JOSE SOARES;16/09/2026
1065222;197184;SM RUGINE - CENTRO;WILSON PEREIRA;16/09/2026
1065217;196533;BERGAMINI - EDU CHAVES;FELIPE GOMES;16/09/2026
1065210;196489;UNIAO SUPERMERCADOS;EDSON MALAGUTTI;16/09/2026
1065209;196433;RDD CAJAMAR;FRANCISCO ANACLETO;16/09/2026
1065152;196482;COMPRE MIX;MARCELO GREGORIO;16/09/2026
1065151;197553;PALACIO DAS FRUTAS;FRANCISCO DUARTE - LUIZ DUARTE;16/09/2026
1065150;197585;RECANTO DOS FRIOS;INES MARTIN;16/09/2026
1065149;197584;RECANTO DOS FRIOS;INES MARTIN;16/09/2026
1065148;197500;MINIMERCADO BOM PRECO;JUAREZ COSTA;16/09/2026
1065147;196608;VILA DAS FRUTAS - ACLIMACAO;INES MARTIN;16/09/2026
1065146;196610;VILA DAS FRUTAS - ACLIMACAO;INES MARTIN;16/09/2026
1065145;196604;SUPERMERCADO MM;FLAVIA SIQUEIRA;16/09/2026
1065144;196605;SUPERMERCADO MM;FLAVIA SIQUEIRA;16/09/2026
1065143;196699;MILLAR IMPORACAO E EXPORTACAO - ES;VENDEDOR INTERNO;16/09/2026
1065142;197051;SUP DOVALE - 01;FLAVIA SIQUEIRA;16/09/2026
1065141;196676;VOG COMERCIO DE ALIMENTOS;FELIPE GOMES;16/09/2026
1065110;197463;COMERCIAL BOLSAO - LJ 02;FELIPE GOMES;16/09/2026
1065109;196485;SUPERMERCADO BELINELLI - ARARAQUARA;DAIANE CRISTINA DE OLIVEIRA;16/09/2026
1065092;196038;2JM AMIDOS;VENDEDOR INTERNO;16/09/2026
1065091;196506;ATACADAO 684 PAMPULHA;LUCAS FROIS MACHADO;16/09/2026
1065090;196507;ATACADAO S.A - CONTAGEM SARNOFF;LUCAS FROIS MACHADO;16/09/2026
1065089;196035;ANDORINHA;DANIEL CAMACHO;16/09/2026
1065088;196034;ANDORINHA;DANIEL CAMACHO;16/09/2026
1065086;196505;ATACADAO S.A. - SETE LAGOAS;LUCAS FROIS MACHADO;16/09/2026
1065085;196504;ATACADAO S.A - UBERABA;LUCAS FROIS MACHADO;16/09/2026
1065084;196282;DIA % - 704 CD;LEANDRO SILVEIRA - GERENTE DE AREA;16/09/2026
1065083;196184;PAO DE ACUCAR - SP;EDMILSON NUNES;16/09/2026
1065082;196131;PAO DE ACUCAR - SP;EDMILSON NUNES;16/09/2026
1065081;196221;PAO DE ACUCAR - SP;EDMILSON NUNES;16/09/2026
1065080;196503;ATACADAO S.A - CONTAGEM;LUCAS FROIS MACHADO;16/09/2026
1065079;197239;ROLDAO - BRASILANDIA;CAIO VINICIUS AMORIM;16/09/2026
1065078;196188;ROLDAO - S JOSE CAMPOS;CAIO VINICIUS AMORIM;16/09/2026
1065077;197343;ROLDAO - PIRITUBA;CAIO VINICIUS AMORIM;16/09/2026
1065076;197012;ROLDAO - JANDIRA;CAIO VINICIUS AMORIM;16/09/2026
1065075;196860;ROLDAO - CUPECE;CAIO VINICIUS AMORIM;16/09/2026
1065074;197099;ROLDAO - CAMPO LIMPO;CAIO VINICIUS AMORIM;16/09/2026
1065073;196945;ROLDAO - PIRITUBA 02;CAIO VINICIUS AMORIM;16/09/2026
1065072;197130;ROLDAO - INDAIATUBA;CAIO VINICIUS AMORIM;16/09/2026
1065071;197563;ROLDAO - PRAIA GRANDE;CAIO VINICIUS AMORIM;16/09/2026
1065070;197163;ROLDAO - PRAIA GRANDE 02;CAIO VINICIUS AMORIM;16/09/2026
1065069;197116;ROLDAO - OSASCO;CAIO VINICIUS AMORIM;16/09/2026
1065068;196982;ROLDAO - ITU;CAIO VINICIUS AMORIM;16/09/2026
1065067;196664;ROLDAO - SANTO AMARO;CAIO VINICIUS AMORIM;16/09/2026
1065066;196461;ROLDAO - SALTO;CAIO VINICIUS AMORIM;16/09/2026
1065065;197670;ROLDAO - MARECHAL TITO;CAIO VINICIUS AMORIM;16/09/2026
1065064;197064;ROLDAO - BUTANTA - MATRIZ;CAIO VINICIUS AMORIM;16/09/2026
1065063;197218;ROLDAO - ATIBAIA;CAIO VINICIUS AMORIM;16/09/2026
1065062;197043;ROLDAO - VILA EMA;CAIO VINICIUS AMORIM;16/09/2026
1065061;196464;ROLDAO - SANTANA;CAIO VINICIUS AMORIM;16/09/2026
1065060;196674;ROLDAO - MOOCA;CAIO VINICIUS AMORIM;16/09/2026
1065059;196926;ROLDAO - IPIRANGA;CAIO VINICIUS AMORIM;16/09/2026
1065058;197856;ROLDAO - TIRADENTES;CAIO VINICIUS AMORIM;16/09/2026
1065057;197517;ROLDAO - BONSUCESSO;CAIO VINICIUS AMORIM;16/09/2026
1065056;196775;ROLDAO - VALINHOS;CAIO VINICIUS AMORIM;16/09/2026
1065055;197104;ROLDAO - SOROCABA;CAIO VINICIUS AMORIM;16/09/2026
1065054;197509;ROLDAO - SANTO ANDRE 2;CAIO VINICIUS AMORIM;16/09/2026
1065053;196583;ROLDAO - SAO VICENTE;CAIO VINICIUS AMORIM;16/09/2026
1065052;196935;ROLDAO - PQ COLONIAL;CAIO VINICIUS AMORIM;16/09/2026
1065051;196709;ROLDAO - JUNDIAI;CAIO VINICIUS AMORIM;16/09/2026
1065050;197276;ROLDAO - OSASCO 02;CAIO VINICIUS AMORIM;16/09/2026
1065049;197614;ROLDAO - FREGUESIA;CAIO VINICIUS AMORIM;16/09/2026
1065048;196937;ROLDAO - MAUA;CAIO VINICIUS AMORIM;16/09/2026
1065047;197231;ROLDAO - GUARUJA;CAIO VINICIUS AMORIM;16/09/2026
1065046;196208;ROLDAO - CAMPINAS;CAIO VINICIUS AMORIM;16/09/2026
1065045;197083;ROLDAO - SANTOS VILA MATHIAS;CAIO VINICIUS AMORIM;16/09/2026
1065044;197298;ROLDAO - FRANCO DA ROCHA;CAIO VINICIUS AMORIM;16/09/2026
1065043;196037;VALTER PINHEIRO;VALTER PINHEIRO;16/09/2026
1065042;196502;ATACADAO S.A - MORADA DO TREVO;LUCAS FROIS MACHADO;16/09/2026
1065036;196606;NINKI SUPERMERCADOS - LJ 01;FLAVIA SIQUEIRA;16/09/2026
1065035;197052;SUP DOVALE - 01;FLAVIA SIQUEIRA;16/09/2026
1065032;196094;MANA BRASIL - LJ 02;JOSUE EVANGELISTA;16/09/2026
1065030;196307;BEM BOLADO WEED WEAR;EDVALDO DOS SANTOS PEREIRA;16/09/2026
1065027;196907;MART MINAS - NOVO CAMPINHO;JULIO CESAR RODRIGUES;16/09/2026
1065025;196906;MART MINAS - PARQUE DURVAL DE BARROS;JULIO CESAR RODRIGUES;16/09/2026
1065020;197201;BOM LUGAR - 20;PAULO COSTA;16/09/2026
1065019;197202;BOM LUGAR - 20;PAULO COSTA;16/09/2026
1065018;197193;BOM LUGAR CD SUPERCIDADE;PAULO COSTA;16/09/2026
1065017;196443;REMARO SUPERMERCADO;PAULO COSTA;16/09/2026
1065016;196444;REMARO SUPERMERCADO;PAULO COSTA;16/09/2026
1065015;197107;CACULA - DIA SUPERMERCADO;PAULO COSTA;16/09/2026
1065014;197326;SUMERBOL - CIDADE NOVA;EDSON MALAGUTTI;16/09/2026
1065008;196857;MART MINAS 279 - LAGOA SANTA;JULIO CESAR RODRIGUES;16/09/2026
1065006;197240;HORTIFRUTI MIB - CAROMBE LJ 02;FELIPE GOMES;16/09/2026
1065005;197824;BARBOSA - 43;RODOLFO QUERINO LUIZ - GERENTE DE AREA;16/09/2026
1065004;196796;BARBOSA - 42;RODOLFO QUERINO LUIZ - GERENTE DE AREA;16/09/2026
1065003;196335;BARBOSA - 41;RODOLFO QUERINO LUIZ - GERENTE DE AREA;16/09/2026
1065002;197662;BARBOSA - 40;RODOLFO QUERINO LUIZ - GERENTE DE AREA;16/09/2026
1065000;197615;HORTIFRUTI MIB - ITABERABA LJ 03;FELIPE GOMES;16/09/2026
1064999;196161;HORTIFRUTI MIB - PIRITUBA LJ 01;FELIPE GOMES;16/09/2026
1064998;197061;SUPERMERCADO SUPER COTIA;KELVIN;16/09/2026
1064996;196466;HORTIFRUTI MIB - VILA MARIA  LJ 04;FELIPE GOMES;16/09/2026
1064995;197552;PALACIO DAS FRUTAS;FRANCISCO DUARTE - LUIZ DUARTE;16/09/2026
1064993;196870;STYLLUS - 07;FELIPE GOMES;16/09/2026
1064992;196905;MART MINAS - UDI;JULIO CESAR RODRIGUES;16/09/2026
1064994;15214;COMERCIO E DISTRIBUICAO BR;GILSON ARAUJO DOS SANTOS;16/09/2026
1064991;196969;MART MINAS - SAO JOAQUIM;JULIO CESAR RODRIGUES;16/09/2026
1064990;196462;ROLDAO - SALTO;CAIO VINICIUS AMORIM;16/09/2026
1064989;196463;ROLDAO - SANTANA;CAIO VINICIUS AMORIM;16/09/2026
1064988;196776;ROLDAO - VALINHOS;CAIO VINICIUS AMORIM;16/09/2026
1064987;196938;ROLDAO - MAUA;CAIO VINICIUS AMORIM;16/09/2026
1064986;196118;ROLDAO - SANTO ANDRE 2;CAIO VINICIUS AMORIM;16/09/2026
1064985;196299;ROLDAO - OSASCO 02;CAIO VINICIUS AMORIM;16/09/2026
1064984;196209;ROLDAO - CAMPINAS;CAIO VINICIUS AMORIM;16/09/2026
1064983;197516;ROLDAO - BONSUCESSO;CAIO VINICIUS AMORIM;16/09/2026
1064982;196934;ROLDAO - PQ COLONIAL;CAIO VINICIUS AMORIM;16/09/2026
1064981;197084;ROLDAO - SANTOS VILA MATHIAS;CAIO VINICIUS AMORIM;16/09/2026
1064980;197238;ROLDAO - BRASILANDIA;CAIO VINICIUS AMORIM;16/09/2026
1064979;197857;ROLDAO - TIRADENTES;CAIO VINICIUS AMORIM;16/09/2026
1064978;196189;ROLDAO - S JOSE CAMPOS;CAIO VINICIUS AMORIM;16/09/2026
1064977;197232;ROLDAO - GUARUJA;CAIO VINICIUS AMORIM;16/09/2026
1064976;197342;ROLDAO - PIRITUBA;CAIO VINICIUS AMORIM;16/09/2026
1064975;196143;ROLDAO - JANDIRA;CAIO VINICIUS AMORIM;16/09/2026
1064974;197567;ROLDAO - PRAIA GRANDE;CAIO VINICIUS AMORIM;16/09/2026
1064973;196859;ROLDAO - CUPECE;CAIO VINICIUS AMORIM;16/09/2026
1064972;197671;ROLDAO - MARECHAL TITO;CAIO VINICIUS AMORIM;16/09/2026
1064971;196663;ROLDAO - SANTO AMARO;CAIO VINICIUS AMORIM;16/09/2026
1064970;196925;ROLDAO - IPIRANGA;CAIO VINICIUS AMORIM;16/09/2026
1064969;197219;ROLDAO - ATIBAIA;CAIO VINICIUS AMORIM;16/09/2026
1064968;197374;ROLDAO - GUARULHOS;CAIO VINICIUS AMORIM;16/09/2026
1064967;197105;ROLDAO - SOROCABA;CAIO VINICIUS AMORIM;16/09/2026
1064966;196708;ROLDAO - JUNDIAI;CAIO VINICIUS AMORIM;16/09/2026
1064965;197098;ROLDAO - CAMPO LIMPO;CAIO VINICIUS AMORIM;16/09/2026
1064964;196530;ROLDAO - FRANCO DA ROCHA;CAIO VINICIUS AMORIM;16/09/2026
1064963;196983;ROLDAO - ITU;CAIO VINICIUS AMORIM;16/09/2026
1064962;196584;ROLDAO - SAO VICENTE;CAIO VINICIUS AMORIM;16/09/2026
1064961;197162;ROLDAO - PRAIA GRANDE 02;CAIO VINICIUS AMORIM;16/09/2026
1064960;196946;ROLDAO - PIRITUBA 02;CAIO VINICIUS AMORIM;16/09/2026
1064959;197131;ROLDAO - INDAIATUBA;CAIO VINICIUS AMORIM;16/09/2026
1064958;197261;ROLDAO - JUNDIAI 02;CAIO VINICIUS AMORIM;16/09/2026
1064957;197115;ROLDAO - OSASCO;CAIO VINICIUS AMORIM;16/09/2026
1064956;196085;ROLDAO - MOOCA;CAIO VINICIUS AMORIM;16/09/2026
1064955;197065;ROLDAO - BUTANTA - MATRIZ;CAIO VINICIUS AMORIM;16/09/2026
1064954;196202;ROLDAO - FREGUESIA;CAIO VINICIUS AMORIM;16/09/2026
1064953;196968;MART MINAS - VIA EXPRESS;JULIO CESAR RODRIGUES;16/09/2026
1064952;196508;SUPERMERCADO BAHAMAS - LJ 71;CAIO MEIRELLES;16/09/2026
1064951;196863;STYLLUS - 04;FELIPE GOMES;16/09/2026
1064950;196872;STYLLUS - 05;FELIPE GOMES;16/09/2026
1064949;196874;STYLLUS - 06;FELIPE GOMES;16/09/2026
1064947;197220;STYLLUS - 03;FELIPE GOMES;16/09/2026
1064946;196866;SUPER PORTUGUES - 02;FELIPE GOMES;16/09/2026
1064945;197499;MINIMERCADO BOM PRECO;JUAREZ COSTA;16/09/2026
1064944;196487;SUPERMERCADO TIBA  - DOURADO;DAIANE CRISTINA DE OLIVEIRA;16/09/2026
1064943;196867;STYLLUS - 01;FELIPE GOMES;16/09/2026
1064896;197510;SUPERMERCADO REMIX;JUAREZ COSTA;16/09/2026
1064894;197501;MINIMERCADO BOM PRECO;JUAREZ COSTA;16/09/2026
1064893;197801;XIANGXIANG;JUAREZ COSTA;16/09/2026
1064892;197054;SUP DOVALE - 02;FLAVIA SIQUEIRA;16/09/2026
1064891;197076;SUP DOVALE - 03;FLAVIA SIQUEIRA;16/09/2026
1064890;197703;SUP DOVALE  - VALE MAIS ATACADISTA;FLAVIA SIQUEIRA;16/09/2026
1064889;197360;MERCADO MAXIMUS;FLAVIA SIQUEIRA;16/09/2026
1064888;197361;MERCADO MAXIMUS;FLAVIA SIQUEIRA;16/09/2026
1064887;197057;SUP DOVALE - 01;FLAVIA SIQUEIRA;16/09/2026
1064886;197502;MINIMERCADO BOM PRECO;JUAREZ COSTA;16/09/2026
1064884;197512;SUPERMERCADO REMIX;JUAREZ COSTA;16/09/2026
1064883;196295;MERCADINHO MENDES FALCAO;INES MARTIN;16/09/2026
1064882;197800;XIANGXIANG;JUAREZ COSTA;16/09/2026
1064881;196609;FRIGOBRAS;FLAVIA SIQUEIRA;16/09/2026
1064880;197357;CASA DE CARNES MARCELLA;FLAVIA SIQUEIRA;16/09/2026
1064878;196483;SUPERMERCADO  GEROLAMO;DAIANE CRISTINA DE OLIVEIRA;16/09/2026
1064877;196486;LUKRO S DISTRIBUIDORA;DAIANE CRISTINA DE OLIVEIRA;16/09/2026
1064844;197108;CACULA - DIA SUPERMERCADO;PAULO COSTA;16/09/2026
1064840;197195;BOM LUGAR - 17;PAULO COSTA;15/09/2026
1064839;197194;BOM LUGAR CD SUPERCIDADE;PAULO COSTA;15/09/2026
1064838;196532;PMG ATACADISTA;WAGNER DA SILVA LIMA;15/09/2026
1064837;196385;OSASCO MINI PRECO 2;CARLOS FERREIRA;15/09/2026
1064836;196387;OSASCO MINI PRECO 2;CARLOS FERREIRA;15/09/2026
1064835;196389;OSASCO MINI PRECO 2;CARLOS FERREIRA;15/09/2026
1064834;196386;SUPERMERCADO PARANAENSE;CARLOS FERREIRA;15/09/2026
1064833;196388;SUPERMERCADO PARANAENSE;CARLOS FERREIRA;15/09/2026
1064832;197192;BOM LUGAR - 22;PAULO COSTA;15/09/2026
1064831;196356;VICALI PARATY - LJ 04;RAPHAEL COUTINHO ESPINDOLA;15/09/2026
1064830;196354;VICALI PARATY - LJ 05;RAPHAEL COUTINHO ESPINDOLA;15/09/2026
1064829;196355;VICALI PARATY - LJ 03;RAPHAEL COUTINHO ESPINDOLA;15/09/2026
1064828;196193;SUPERMERCADO LEAL DO VALE;RAPHAEL COUTINHO ESPINDOLA;15/09/2026
1064827;196195;SUP LEAL DO VALE;RAPHAEL COUTINHO ESPINDOLA;15/09/2026
1064826;196751;COMERCIAL FASSAO;RAPHAEL COUTINHO ESPINDOLA;15/09/2026
1064825;196496;SUPERMERCADO DO FRADE;SEBASTIAO FERNANDES;15/09/2026
1064824;196498;SUPERMERCADO DO FRADE;SEBASTIAO FERNANDES;15/09/2026
1064823;196497;SUPERMERCADO FRADE - BARRA VELHA;SEBASTIAO FERNANDES;15/09/2026
1064822;196495;SUPERMERCADO FRADE - BARRA VELHA;SEBASTIAO FERNANDES;15/09/2026
1064821;196160;ZUCAI HUANG SUPERMER;GUSTAVO GOMES;15/09/2026
1064820;196159;HOKIM SUPERMERCADO;GUSTAVO GOMES;15/09/2026
1064819;196492;VIVA MAIS SUPERMERCADO;RAPHAEL COUTINHO ESPINDOLA;15/09/2026
1064818;196185;MERCADINHO VITORIA;RAPHAEL COUTINHO ESPINDOLA;15/09/2026
1064817;196204;ROBERTO MASSAHARU;ROBERTO HIROSHI SOGA;15/09/2026
1064816;196390;OSASCO MINI PRECO 2;CARLOS FERREIRA;15/09/2026
1064815;196494;VIVA MAIS SUPERMERCADO;RAPHAEL COUTINHO ESPINDOLA;15/09/2026
1064814;196186;MERCADINHO VITORIA;RAPHAEL COUTINHO ESPINDOLA;15/09/2026
1064813;196531;PMG ATACADISTA;WAGNER DA SILVA LIMA;15/09/2026
1064812;197204;BOM LUGAR - 20;PAULO COSTA;15/09/2026
1064811;197520;SITIO VERDE - LJ 01;SILVANO ARRUDA;15/09/2026
1064778;197356;MARCOS B MICHELETTO MERCEARIA;AROLDO BATISTA SANTOS;15/09/2026
1064777;196509;SUPERMERCADO SAO MARCOS;EDERVAL DONIZETE DA SILVA;15/09/2026
1064776;196296;DOCELANDIA - 04;INES MARTIN;15/09/2026
1064775;196400;TAPIOCA VERDE - VILA PIRAJUSSARA;ABEL SAMPAIO;15/09/2026
1064774;197803;SUPERMERCADO MELISSA;JUAREZ COSTA;15/09/2026
1064773;197802;SUPERMERCADO MELISSA;JUAREZ COSTA;15/09/2026
1064772;196932;SUPERMERCADO PADRAO - SAUDE;PAULO SERGIO;15/09/2026
1064771;196931;SUPERMERCADO PADRAO - SAUDE;PAULO SERGIO;15/09/2026
1064770;197056;EMPORIO PRACA DAS CANARIAS;FLAVIA SIQUEIRA;15/09/2026
1064768;196399;MARI SUPERMERCADOS;WAGNER DA SILVA LIMA;15/09/2026
1064767;196488;UNIAO SUPERMERCADOS;EDSON MALAGUTTI;15/09/2026
1064764;196459;MERCADO MEGA PRECO - CENTRO;EDSON MALAGUTTI;15/09/2026
1064763;196317;BIG BOM -  LJ 02;ADRIANO CEZAR GOMES;15/09/2026
1064762;196456;VIP 10 SALTO;EDSON MALAGUTTI;15/09/2026
1064761;196245;RONDON - 01;DAIANE CRISTINA DE OLIVEIRA;15/09/2026
1064760;197133;MERCADO MEGA PRECO - SP;EDSON MALAGUTTI;15/09/2026
1064759;196243;RONDON - 02;DAIANE CRISTINA DE OLIVEIRA;15/09/2026
1064758;196241;RONDON - 03;DAIANE CRISTINA DE OLIVEIRA;15/09/2026
1064757;196247;RONDON - 04;DAIANE CRISTINA DE OLIVEIRA;15/09/2026
1064756;196072;MERCADO CAMARGO;WILSON PEREIRA;15/09/2026
1064755;196909;M-BOX SUPERMERCADOS;CELSO NUNES TEIXEIRA;15/09/2026
1064753;196451;RAFINHA DISTRIBUIDORA;ALENCAR SILVA;15/09/2026
1064751;196467;DA GRANJA SUPERMERCADO;GUSTAVO GOMES;15/09/2026
1064750;196450;RAFINHA DISTRIBUIDORA;ALENCAR SILVA;15/09/2026
1064746;196491;SUPERMERCADO UNIAO - LOJA 04;RENATO SANTO MICHELMANN;15/09/2026
1064747;196887;MART MINAS 233 - TEOFILO OTONI;JULIO CESAR RODRIGUES;15/09/2026
1064745;196158;HOKIM SUPERMERCADO;GUSTAVO GOMES;15/09/2026
1064744;196951;MART MINAS 232 - ITAUNA;JULIO CESAR RODRIGUES;15/09/2026
1064743;196886;MART MINAS 231 - PASSOS;JULIO CESAR RODRIGUES;15/09/2026
1064742;196885;MART MINAS 230 - BARBACENA;JULIO CESAR RODRIGUES;15/09/2026
1064741;196452;SUPERMERCADO CHINA;FRANCISCO DUARTE - LUIZ DUARTE;15/09/2026
1064740;197613;ROLDAO - FREGUESIA;CAIO VINICIUS AMORIM;15/09/2026
1064739;197085;ROLDAO - SANTOS VILA MATHIAS;CAIO VINICIUS AMORIM;15/09/2026
1064738;196138;ROLDAO - JANDIRA;CAIO VINICIUS AMORIM;15/09/2026
1064737;197344;ROLDAO - PIRITUBA;CAIO VINICIUS AMORIM;15/09/2026
1064736;197262;ROLDAO - JUNDIAI 02;CAIO VINICIUS AMORIM;15/09/2026
1064735;197117;ROLDAO - OSASCO;CAIO VINICIUS AMORIM;15/09/2026
1064734;197217;ROLDAO - ATIBAIA;CAIO VINICIUS AMORIM;15/09/2026
1064733;197566;ROLDAO - PRAIA GRANDE;CAIO VINICIUS AMORIM;15/09/2026
1064732;196927;ROLDAO - IPIRANGA;CAIO VINICIUS AMORIM;15/09/2026
1064731;197160;ROLDAO - PRAIA GRANDE 02;CAIO VINICIUS AMORIM;15/09/2026
1064730;196660;ROLDAO - SANTO AMARO;CAIO VINICIUS AMORIM;15/09/2026
1064729;196460;ROLDAO - SALTO;CAIO VINICIUS AMORIM;15/09/2026
1064728;196465;ROLDAO - SANTANA;CAIO VINICIUS AMORIM;15/09/2026
1064727;196774;ROLDAO - VALINHOS;CAIO VINICIUS AMORIM;15/09/2026
1064726;197069;ROLDAO - BUTANTA - MATRIZ;CAIO VINICIUS AMORIM;15/09/2026
1064725;197106;ROLDAO - SOROCABA;CAIO VINICIUS AMORIM;15/09/2026
1064724;197093;ROLDAO - CAMPO LIMPO;CAIO VINICIUS AMORIM;15/09/2026
1064723;197128;ROLDAO - INDAIATUBA;CAIO VINICIUS AMORIM;15/09/2026
1064722;196190;ROLDAO - S JOSE CAMPOS;CAIO VINICIUS AMORIM;15/09/2026
1064721;196861;ROLDAO - CUPECE;CAIO VINICIUS AMORIM;15/09/2026
1064720;196939;ROLDAO - MAUA;CAIO VINICIUS AMORIM;15/09/2026
1064719;196305;ROLDAO - OSASCO 02;CAIO VINICIUS AMORIM;15/09/2026
1064718;197508;ROLDAO - SANTO ANDRE 2;CAIO VINICIUS AMORIM;15/09/2026
1064717;196578;ROLDAO - SAO VICENTE;CAIO VINICIUS AMORIM;15/09/2026
1064716;196525;ROLDAO - FRANCO DA ROCHA;CAIO VINICIUS AMORIM;15/09/2026
1064715;196210;ROLDAO - CAMPINAS;CAIO VINICIUS AMORIM;15/09/2026
1064714;197042;ROLDAO - VILA EMA;CAIO VINICIUS AMORIM;15/09/2026
1064713;197858;ROLDAO - TIRADENTES;CAIO VINICIUS AMORIM;15/09/2026
1064712;196944;ROLDAO - PIRITUBA 02;CAIO VINICIUS AMORIM;15/09/2026
1064711;196573;ROLDAO - BRASILANDIA;CAIO VINICIUS AMORIM;15/09/2026
1064710;197233;ROLDAO - GUARUJA;CAIO VINICIUS AMORIM;15/09/2026
1064709;196936;ROLDAO - PQ COLONIAL;CAIO VINICIUS AMORIM;15/09/2026
1064708;197672;ROLDAO - MARECHAL TITO;CAIO VINICIUS AMORIM;15/09/2026
1064707;197375;ROLDAO - GUARULHOS;CAIO VINICIUS AMORIM;15/09/2026
1064706;196673;ROLDAO - MOOCA;CAIO VINICIUS AMORIM;15/09/2026
1064705;196884;MART MINAS 229 - LAVRAS;JULIO CESAR RODRIGUES;15/09/2026
1064704;196883;MART MINAS 228 - ARAXA;JULIO CESAR RODRIGUES;15/09/2026
1064703;196950;MART MINAS 227 - TRES CORACOES;JULIO CESAR RODRIGUES;15/09/2026
1064702;196910;M-BOX SUPERMERCADOS;CELSO NUNES TEIXEIRA;15/09/2026
1064701;196157;ZUCAI HUANG SUPERMER;GUSTAVO GOMES;15/09/2026
1064700;196548;UNIAO SUPERMERCADOS - LJ1;CELSO NUNES TEIXEIRA;15/09/2026
1064699;196547;UNIAO SUPERMERCADOS - LJ2;CELSO NUNES TEIXEIRA;15/09/2026
1064698;196546;UNIAO SUPERMERCADOS - LJ4;CELSO NUNES TEIXEIRA;15/09/2026
1064697;196852;MART MINAS 226 - PARA DE MINAS;JULIO CESAR RODRIGUES;15/09/2026
1064696;196851;MART MINAS 225 - PATROCINIO;JULIO CESAR RODRIGUES;15/09/2026
1064695;196850;MART MINAS 224 - PARACATU;JULIO CESAR RODRIGUES;15/09/2026
1064692;196849;MART MINAS - UBERABA II;JULIO CESAR RODRIGUES;15/09/2026
1064691;197545;MERCADO KAWAHARA;JOSE ROBERTO DENIZIO;15/09/2026
1064690;197547;ATACADISTA KINGFOOD;FLAVIA SIQUEIRA;15/09/2026
1064689;197546;ATACADISTA KINGFOOD;FLAVIA SIQUEIRA;15/09/2026
1064687;196948;MART MINAS 291 - OURO PRETO;JULIO CESAR RODRIGUES;15/09/2026
1064686;196848;MART MINAS - ARAGUARI;JULIO CESAR RODRIGUES;15/09/2026
1064684;196847;MART MINAS 290 - LAGOA DA PRATA;JULIO CESAR RODRIGUES;15/09/2026
1064683;196846;MART MINAS 220 - UBA;JULIO CESAR RODRIGUES;15/09/2026
1064682;196845;MART MINAS 289 - SAO BENEDITO;JULIO CESAR RODRIGUES;15/09/2026
1064680;196844;MART MINAS - MONTES CLAROS;JULIO CESAR RODRIGUES;15/09/2026
1064679;196843;MART MINAS 288 - SANTA LUZIA II;JULIO CESAR RODRIGUES;15/09/2026
1064677;196972;MART MINAS 287 - BETIM EDMEIA;JULIO CESAR RODRIGUES;15/09/2026
1064678;196842;MART MINAS - ARAPORA;JULIO CESAR RODRIGUES;15/09/2026
1064675;196966;MART MINAS 286 - FLORAMAR;JULIO CESAR RODRIGUES;15/09/2026
1064672;196071;MERCADO CAMARGO;WILSON PEREIRA;15/09/2026
1064674;196841;MART MINAS - SANTANA PAR;JULIO CESAR RODRIGUES;15/09/2026
1064673;196840;MART MINAS 264 - EXTREMA;JULIO CESAR RODRIGUES;15/09/2026
1064671;196947;MART MINAS 263 - LINHA VERDE;JULIO CESAR RODRIGUES;15/09/2026
1064670;196971;MART MINAS 285 - BETIM LARANJEIRAS;JULIO CESAR RODRIGUES;15/09/2026
1064669;196839;MART MINAS 216 - POUSO ALEGRE;JULIO CESAR RODRIGUES;15/09/2026
1064668;196970;MART MINAS 262 - BETIM I;JULIO CESAR RODRIGUES;15/09/2026
1064666;196837;MART MINAS 261 - VESPASIANO;JULIO CESAR RODRIGUES;15/09/2026
1064665;196838;MART MINAS 284 - SETE LAGOAS II;JULIO CESAR RODRIGUES;15/09/2026
1064664;196836;MART MINAS - ALFENAS;JULIO CESAR RODRIGUES;15/09/2026
1064663;196835;MART MINAS 260 - MONTES CLAROS III;JULIO CESAR RODRIGUES;15/09/2026
1064661;196965;MART MINAS 283 - SILVA LOBO;JULIO CESAR RODRIGUES;15/09/2026
1064662;196833;MART MINAS 259 - MONTES CLAROS II;JULIO CESAR RODRIGUES;15/09/2026
1064660;196834;MART MINAS - ITUIUTABA;JULIO CESAR RODRIGUES;15/09/2026
1064659;196904;MART MINAS 258 - TRES PONTAS;JULIO CESAR RODRIGUES;15/09/2026
1064657;196902;MART MINAS 257 - CONGONHAS;JULIO CESAR RODRIGUES;15/09/2026
1064656;196903;MART MINAS - PATOS DE MI;JULIO CESAR RODRIGUES;15/09/2026
1064655;196901;MART MINAS 256 - CARATINGA;JULIO CESAR RODRIGUES;15/09/2026
1064654;196858;MART MINAS 255 - LEOPOLDINA;JULIO CESAR RODRIGUES;15/09/2026
1064651;197506;PARATY;FRANCISCO DUARTE - LUIZ DUARTE;15/09/2026
1064650;197548;MERCADO KAWAHARA;JOSE ROBERTO DENIZIO;15/09/2026
1064652;196899;MART MINAS 254 - JOAO PINHEIRO;JULIO CESAR RODRIGUES;15/09/2026
1064649;196881;MART MINAS - UBERLANDIA;JULIO CESAR RODRIGUES;15/09/2026
1064648;196900;MART MINAS 281 - CAETE;JULIO CESAR RODRIGUES;15/09/2026
1064647;196898;MART MINAS 253 - JUIZ DE FORA II;JULIO CESAR RODRIGUES;15/09/2026
1064646;196949;MART MINAS - SETE LAGOAS;JULIO CESAR RODRIGUES;15/09/2026
1064645;196908;MART MINAS 252 - NOVA LIMA;JULIO CESAR RODRIGUES;15/09/2026
1064643;196963;MART MINAS 251 - SERRANO;JULIO CESAR RODRIGUES;15/09/2026
1064641;196897;MART MINAS  278 - RIBEIRAO DAS NEVES;JULIO CESAR RODRIGUES;15/09/2026
1064642;196962;MART MINAS 250 - JANAUBA;JULIO CESAR RODRIGUES;15/09/2026
1064639;196929;SUPERMERCADO PADRAO - SAUDE;PAULO SERGIO;15/09/2026
1064638;196591;SUPER BARONESA;FRANCISCO DUARTE - LUIZ DUARTE;15/09/2026
1064637;196930;SUPERMERCADO PADRAO - SAUDE;PAULO SERGIO;15/09/2026
1064636;197053;MERCADO FUSELI;FRANCISCO DUARTE - LUIZ DUARTE;15/09/2026
1064640;196854;MART MINAS - UBERABA;JULIO CESAR RODRIGUES;15/09/2026
1064635;197504;PARATY;FRANCISCO DUARTE - LUIZ DUARTE;15/09/2026
1064634;196961;MART MINAS 249 - MONTE CARMELO;JULIO CESAR RODRIGUES;15/09/2026
1064633;196896;MART MINAS  277 - SABARA;JULIO CESAR RODRIGUES;15/09/2026
1064632;196960;MART MINAS 248 - CAMPO BELO;JULIO CESAR RODRIGUES;15/09/2026
1064631;196882;MART MINAS - JUIZ DE FORA;JULIO CESAR RODRIGUES;15/09/2026
1064629;196895;MART MINAS 247 - BOM DESPACHO;JULIO CESAR RODRIGUES;15/09/2026
1064628;196894;MART MINAS 246 - UBERLANDIA IV;JULIO CESAR RODRIGUES;15/09/2026
1064627;196959;MART MINAS - GOVERNADOR VALADARES;JULIO CESAR RODRIGUES;15/09/2026
1064625;197132;MERCADO MEGA PRECO - SP;EDSON MALAGUTTI;15/09/2026
1064626;196893;MART MINAS 245 - PATOS DE MINAS II;JULIO CESAR RODRIGUES;15/09/2026
1064623;196592;SUPER BARONESA;FRANCISCO DUARTE - LUIZ DUARTE;15/09/2026
1064621;196958;MART MINAS 274 - JANUARIA;JULIO CESAR RODRIGUES;15/09/2026
1064620;196856;MART MINAS 244 - JOAO MONLEVADE;JULIO CESAR RODRIGUES;15/09/2026
1064618;196957;MART MINAS 273 - BARREIRO;JULIO CESAR RODRIGUES;15/09/2026
1064617;196956;MART MINAS 242 - POCOS DE CALDAS;JULIO CESAR RODRIGUES;15/09/2026
1064615;196967;MART MINAS - CONTAGEM;JULIO CESAR RODRIGUES;15/09/2026
1064614;196955;MART MINAS 272 - PIRAPORA;JULIO CESAR RODRIGUES;15/09/2026
1064612;196954;MART MINAS 240 - UNAI;JULIO CESAR RODRIGUES;15/09/2026
1064610;196855;MART MINAS 239 - ITABIRA;JULIO CESAR RODRIGUES;15/09/2026
1064611;196973;MART MINAS 271 - BETIM II;JULIO CESAR RODRIGUES;15/09/2026
1064616;196892;MART MINAS 241 - SAO JOAO DEL REI;JULIO CESAR RODRIGUES;15/09/2026
1064608;196891;MART MINAS 238 - UBERLANDIA III;JULIO CESAR RODRIGUES;15/09/2026
1064607;196259;RONDON - 01;DAIANE CRISTINA DE OLIVEIRA;15/09/2026
1064606;196964;MART MINAS 267 - CURVELO;JULIO CESAR RODRIGUES;15/09/2026
1064605;196953;MART MINAS 237 - DIVINOPOLIS II;JULIO CESAR RODRIGUES;15/09/2026
1064604;196853;MART MINAS - DIVINOPOLIS;JULIO CESAR RODRIGUES;15/09/2026
1064603;196889;MART MINAS 236 - VARGINHA;JULIO CESAR RODRIGUES;15/09/2026
1064601;196952;MART MINAS 235 - DAVID SARNOFF;JULIO CESAR RODRIGUES;15/09/2026
1064600;196890;MART MINAS 265 - UBERABA III;JULIO CESAR RODRIGUES;15/09/2026
1064599;196888;MART MINAS 234 - CONS. LAFAIETE;JULIO CESAR RODRIGUES;15/09/2026
1064598;196260;RONDON - 04;DAIANE CRISTINA DE OLIVEIRA;15/09/2026
1064594;196264;PAO DE ACUCAR - SP;EDMILSON NUNES;15/09/2026
1064593;196258;RONDON - 02;DAIANE CRISTINA DE OLIVEIRA;15/09/2026
1064592;196453;BP SUPERMERCADO;FRANCISCO DUARTE - LUIZ DUARTE;15/09/2026
1064591;196257;RONDON - 03;DAIANE CRISTINA DE OLIVEIRA;15/09/2026
1064589;196457;VIP 10 SALTO;EDSON MALAGUTTI;15/09/2026
1064588;196144;ALCANCE PLUS COMERCIO VAREJISTA;JOSE ARTENCIO;15/09/2026
1064587;196807;FERNANDES & TORRES;FRANCISCO DUARTE - LUIZ DUARTE;15/09/2026
1064586;197080;RMG COMERCIO DE ALIMENTOS - LJ 11;JOSE SOARES;15/09/2026
1064585;196261;HORT FRUTS DE OURO;DAIANE CRISTINA DE OLIVEIRA;15/09/2026
1064584;196249;HORT FRUTS DE OURO;DAIANE CRISTINA DE OLIVEIRA;15/09/2026
1064582;196558;OKUBO & DA COSTA SUPERMERCADOS;JOSE GOMES DOS S.;15/09/2026
1064581;196315;BIG BOM -  LJ 03;ADRIANO CEZAR GOMES;15/09/2026
1064580;197041;MERCADO SUPREMO LTDA;PAULO SERGIO;15/09/2026
1064579;196458;MERCADO MEGA PRECO - CENTRO;EDSON MALAGUTTI;15/09/2026
1064577;196294;MERCADO MINUTO;FLAVIA SIQUEIRA;15/09/2026
1064576;196291;VILA DOCE;INES MARTIN;15/09/2026
1064575;196293;HORTIFRUTI VILA DAS  FRUTAS;INES MARTIN;15/09/2026
1064574;196298;SUPERMERCADO VILA DAS FRUTAS CERRO;INES MARTIN;15/09/2026
1064573;196117;SELMA VALERIA HOLANDA;JOSE GOMES DOS S.;15/09/2026
1064571;196581;PANIFICADORA NOVA MARQUESA;RONILSON RIBEIRO;15/09/2026
1064570;196297;SUPERMERCADO VILA DAS FRUTAS CERRO;INES MARTIN;15/09/2026
1064569;196116;SELMA VALERIA HOLANDA;JOSE GOMES DOS S.;15/09/2026
1064568;196759;FRIGOEXPRESS - SANTOS;JOSE SOARES;15/09/2026
1064567;197082;NOSSO ACOUGUE - PONTA DA PRAIA;JOSE SOARES;15/09/2026
1064566;196292;HORTIFRUTI VILA DAS  FRUTAS;INES MARTIN;15/09/2026
1064565;196290;VILA DOCE;INES MARTIN;15/09/2026
1064564;197549;RITA DE CASSIA CORREA PACHECO;PAULO SERGIO;15/09/2026
1064563;196549;EMPORIO PRACA DAS CANARIAS;FLAVIA SIQUEIRA;15/09/2026
1064562;196582;PANIFICADORA NOVA MARQUESA;RONILSON RIBEIRO;15/09/2026
1064561;196758;NOSSO HORTIFRUTI - LJ 1;JOSE SOARES;15/09/2026
1064560;196760;NOSSO HORTIFRUTI - LJ 2;JOSE SOARES;15/09/2026
1064559;196757;NOSSO HORTIFRUTI - LJ 3;JOSE SOARES;15/09/2026
1064558;196557;OKUBO & DA COSTA SUPERMERCADOS;JOSE GOMES DOS S.;15/09/2026
1064557;197040;MERCADO SUPREMO LTDA;PAULO SERGIO;15/09/2026
1064556;196551;EMPORIO PRACA DAS CANARIAS;FLAVIA SIQUEIRA;15/09/2026
1064554;196115;SELMA VALERIA HOLANDA;JOSE GOMES DOS S.;15/09/2026
1064552;196250;UNIAO SUPERMERCADOS;EDSON MALAGUTTI;15/09/2026
1064551;197081;RMG COMERCIO DE ALIMENTOS - LJ 11;JOSE SOARES;15/09/2026
1064549;196353;ARMAZEM NORDESTINO E PRODUTOS NATURAIS;MARIO MIZUKA;15/09/2026
1064548;197001;LOJAO DAS VARIEDADE COCAIA;WAGNER DA SILVA LIMA;15/09/2026
1064547;197002;LOJAO DAS VARIEDADE COCAIA;WAGNER DA SILVA LIMA;15/09/2026
1064533;196069;SUPERMERCADO PERNAMBUCO;PAULO COSTA;15/09/2026
1064532;196234;J. SANTOS OLIVEIRA EIRELI;PAULO COSTA;15/09/2026
1064531;196230;DONNA MARIA SUPERMERCADOS - CENTRO;ROGERIO APARECIDO DA SILVA RODRIGUES;15/09/2026
1064530;196231;DONNA MARIA SUPERMERCADOS - CENTRO;ROGERIO APARECIDO DA SILVA RODRIGUES;15/09/2026
1064528;196426;PAGUE MENOS;LUCIANE MARQUES;15/09/2026
1064526;197186;PAGUE MENOS;LUCIANE MARQUES;15/09/2026
1064519;196145;ALCANCE PLUS COMERCIO VAREJISTA;JOSE ARTENCIO;15/09/2026
1064514;196067;M CLOSET COMERCIAL;JOSIAS EVANGELISTA;15/09/2026
1064461;196091;ATACADISTA SAO PAULO;CAROLINA DOS SANTOS ROCHA;15/09/2026
1064460;196090;ATACADISTA SAO PAULO;CAROLINA DOS SANTOS ROCHA;15/09/2026
1064458;197007;MINORU INTERLAGOS;CAROLINA DOS SANTOS ROCHA;15/09/2026
1064457;197006;MINORU INTERLAGOS;CAROLINA DOS SANTOS ROCHA;15/09/2026
1064456;196348;PURA ENERGIA;CAROLINA DOS SANTOS ROCHA;15/09/2026
1064452;196761;NELORE PRIME;JOSE SOARES;15/09/2026
1064441;196254;SUPERMERCADO FRADE - BARRA VELHA;SEBASTIAO FERNANDES;15/09/2026
1064438;196779;SUPERMERCADO REVOLUCAO - LJ 04;OSNEY RICARDO;15/09/2026
1064437;196752;COMERCIAL FASSAO;RAPHAEL COUTINHO ESPINDOLA;15/09/2026
1064436;196256;SUPERMERCADO DO FRADE;SEBASTIAO FERNANDES;15/09/2026
1064435;196778;SUPERMERCADO REVOLUCAO - LJ 02;OSNEY RICARDO;15/09/2026
1064434;197023;SUPERMERCADO REVOLUCAO - LJ 03;OSNEY RICARDO;15/09/2026
1064433;196196;SUP LEAL DO VALE;RAPHAEL COUTINHO ESPINDOLA;15/09/2026
1064432;196762;NELORE PRIME;JOSE SOARES;15/09/2026
1064431;196777;SUPERMERCADO REVOLUCAO -  LJ 01;OSNEY RICARDO;15/09/2026
1064430;196194;SUPERMERCADO LEAL DO VALE;RAPHAEL COUTINHO ESPINDOLA;15/09/2026
1064428;196350;VICALI PARATY - LJ 03;RAPHAEL COUTINHO ESPINDOLA;15/09/2026
1064427;196351;VICALI PARATY - LJ 05;RAPHAEL COUTINHO ESPINDOLA;15/09/2026
1064425;196352;VICALI PARATY - LJ 04;RAPHAEL COUTINHO ESPINDOLA;15/09/2026
1064424;197551;DAVO SUPERMERCADOS - LOJA 21;GILMERIO QUEIROZ - GERENTE DE AREA;15/09/2026
1064423;196519;DAVO SUPERMERCADOS - LOJA 05;GILMERIO QUEIROZ - GERENTE DE AREA;15/09/2026
1064422;197087;DAVO SUPERMERCADOS - LOJA 25;GILMERIO QUEIROZ - GERENTE DE AREA;15/09/2026
1064421;197429;DAVO SUPERMERCADOS - LOJA 28;GILMERIO QUEIROZ - GERENTE DE AREA;15/09/2026
1064420;197432;DAVO SUPERMERCADOS - LOJA 34;GILMERIO QUEIROZ - GERENTE DE AREA;15/09/2026
1064419;197550;DAVO SUPERMERCADOS - LOJA 06;GILMERIO QUEIROZ - GERENTE DE AREA;15/09/2026
1064418;196223;DAVO SUPERMERCADOS - LOJA 07;GILMERIO QUEIROZ - GERENTE DE AREA;15/09/2026
1064417;196183;DAVO SUPERMERCADOS - LOJA 13;GILMERIO QUEIROZ - GERENTE DE AREA;15/09/2026
1064416;197668;DAVO SUPERMERCADOS - LOJA 12;GILMERIO QUEIROZ - GERENTE DE AREA;15/09/2026
1064415;196518;DAVO SUPERMERCADOS - LOJA 04;GILMERIO QUEIROZ - GERENTE DE AREA;15/09/2026
1064414;196550;DAVO SUPERMERCADOS - LOJA 02;GILMERIO QUEIROZ - GERENTE DE AREA;15/09/2026
1064413;196594;DAVO SUPERMERCADOS - LOJA 03;GILMERIO QUEIROZ - GERENTE DE AREA;15/09/2026
1064412;197544;DAVO SUPERMERCADOS - LOJA 01;GILMERIO QUEIROZ - GERENTE DE AREA;15/09/2026
1064411;197000;DAVO SUPERMERCADOS - LOJA 31;GILMERIO QUEIROZ - GERENTE DE AREA;15/09/2026
1064391;196809;MERCADO ZELINDO;JUAREZ COSTA;15/09/2026
1064390;196347;MRB VERTICE;JOSUE EVANGELISTA;15/09/2026
1064386;305865;TERRAFEC FECULA MANDIOCA;VENDEDOR INTERNO;15/09/2026
1064385;196213;FENECIS;WILSON PEREIRA;15/09/2026
1064370;196163;SAITO - 01;CLAUDIO AKIO SOGA;15/09/2026
1064369;196166;SAITO - 01;CLAUDIO AKIO SOGA;15/09/2026
1064368;196154;SAITO - MATRIZ;CLAUDIO AKIO SOGA;15/09/2026
1064367;196175;CARLOS FERREIRA;JOSUE EVANGELISTA;15/09/2026
1064366;196153;SAITO - MATRIZ;CLAUDIO AKIO SOGA;15/09/2026
1064365;196150;SAITO - 03;CLAUDIO AKIO SOGA;15/09/2026
1064364;196691;BAHIA SUPERMERCADO 01;CLAUDIO AKIO SOGA;15/09/2026
1064363;196695;BAHIA SUPERMERCADO 04;CLAUDIO AKIO SOGA;15/09/2026
1064362;196469;BAHIA SUPERMERCADO 02;CLAUDIO AKIO SOGA;15/09/2026
1064361;196701;BAHIA SUPERMERCADO 03;CLAUDIO AKIO SOGA;15/09/2026
1064360;196474;BAHIA  SUPERMERCADO 05;CLAUDIO AKIO SOGA;15/09/2026
1064359;196690;BAHIA SUPERMERCADO 01;CLAUDIO AKIO SOGA;15/09/2026
1064358;196694;BAHIA SUPERMERCADO 04;CLAUDIO AKIO SOGA;15/09/2026
1064357;196470;BAHIA SUPERMERCADO 02;CLAUDIO AKIO SOGA;15/09/2026
1064356;196702;BAHIA SUPERMERCADO 03;CLAUDIO AKIO SOGA;15/09/2026
1064355;196475;BAHIA  SUPERMERCADO 05;CLAUDIO AKIO SOGA;15/09/2026
1064354;196693;BAHIA SUPERMERCADO 04;CLAUDIO AKIO SOGA;15/09/2026
1064353;196471;BAHIA SUPERMERCADO 02;CLAUDIO AKIO SOGA;15/09/2026
1064352;196476;BAHIA  SUPERMERCADO 05;CLAUDIO AKIO SOGA;15/09/2026
1064349;196114;BELLA VITÓRIA  - LJ 2;LUCIANO PEREIRA;15/09/2026
1064324;196808;MERCADO ZELINDO;JUAREZ COSTA;15/09/2026
1064322;196113;SUPERMERCADO ASSUNCAO;JUAREZ COSTA;15/09/2026
1064321;196804;DOM PETROPOLIS;JUAREZ COSTA;15/09/2026
1064320;196805;DOM PETROPOLIS;JUAREZ COSTA;15/09/2026
1064319;196244;TENNESSEE - VERGUEIRO;INES MARTIN;15/09/2026
1064318;197088;MERCADO ROSA DE SARON - LJ 03;JOSE ROBERTO DENIZIO;15/09/2026
1064317;197228;MERCADO ELENCO;JOSE ROBERTO DENIZIO;15/09/2026
1064316;196130;TUDO MAIS BARATO;AROLDO BATISTA SANTOS;15/09/2026
1064293;196477;BAHIA  SUPERMERCADO 05;CLAUDIO AKIO SOGA;15/09/2026
1064292;196703;BAHIA SUPERMERCADO 03;CLAUDIO AKIO SOGA;15/09/2026
1064291;196478;BAHIA  SUPERMERCADO 05;CLAUDIO AKIO SOGA;15/09/2026
1064290;196692;BAHIA SUPERMERCADO 04;CLAUDIO AKIO SOGA;15/09/2026
1064289;196472;BAHIA SUPERMERCADO 02;CLAUDIO AKIO SOGA;15/09/2026
1064288;196689;BAHIA SUPERMERCADO 01;CLAUDIO AKIO SOGA;15/09/2026
1064287;196704;BAHIA SUPERMERCADO 03;CLAUDIO AKIO SOGA;15/09/2026
1064286;196468;BAHIA  SUPERMERCADO 05;CLAUDIO AKIO SOGA;15/09/2026
1064285;196473;BAHIA SUPERMERCADO 02;CLAUDIO AKIO SOGA;15/09/2026
1064284;196696;BAHIA SUPERMERCADO 04;CLAUDIO AKIO SOGA;15/09/2026
1064283;196688;BAHIA SUPERMERCADO 01;CLAUDIO AKIO SOGA;15/09/2026
1064250;196149;SAITO - 03;CLAUDIO AKIO SOGA;15/09/2026
1064217;196148;SAITO - 03;CLAUDIO AKIO SOGA;15/09/2026
1064184;196151;SAITO - MATRIZ;CLAUDIO AKIO SOGA;15/09/2026
1064152;196152;SAITO - MATRIZ;CLAUDIO AKIO SOGA;15/09/2026
1064151;196528;SAITO - 02;CLAUDIO AKIO SOGA;15/09/2026
1064118;196529;SAITO - 02;CLAUDIO AKIO SOGA;15/09/2026
1064085;196165;SAITO - 01;CLAUDIO AKIO SOGA;15/09/2026
1064052;196164;SAITO - 01;CLAUDIO AKIO SOGA;15/09/2026
1064031;196597;TENNESSEE - ITAQUERA;AROLDO BATISTA SANTOS;14/09/2026
1064030;196232;DONNA MARIA SUPERMERCADOS - CENTRO;ROGERIO APARECIDO DA SILVA RODRIGUES;14/09/2026
1064029;196129;TUDO MAIS BARATO;AROLDO BATISTA SANTOS;14/09/2026
1064028;196070;SUPERMERCADO PERNAMBUCO;PAULO COSTA;14/09/2026
1064027;196068;REDE BOM LUGAR CD - LJ51;PAULO COSTA;14/09/2026
1064026;197227;MERCADO ELENCO;JOSE ROBERTO DENIZIO;14/09/2026
1064025;197090;SUPERMERCADO TOP MONTANHA;GUSTAVO GOMES;14/09/2026
1064024;195945;MERCADINHO CASA SAO BENTO;CLAUDIO AKIO SOGA;14/09/2026
1064023;196576;ZATAO SUPERMERCADO;CLAUDIO AKIO SOGA;14/09/2026
1064022;196575;ZATAO SUPERMERCADO;CLAUDIO AKIO SOGA;14/09/2026
1064021;197086;MERCADO ROSA DE SARON - LJ 03;JOSE ROBERTO DENIZIO;14/09/2026
1064020;196233;DONNA MARIA SUPERMERCADOS - CENTRO;ROGERIO APARECIDO DA SILVA RODRIGUES;14/09/2026
1064019;196133;EXPRESSO FOODS;JOSE ROBERTO DENIZIO;14/09/2026
1064003;196365;SUPERMERCADO JVA - LJ 04;EDSON MALAGUTTI;14/09/2026
1064002;195965;SUPERMERCADO OLIVEIRA;EDSON MALAGUTTI;14/09/2026
1064001;196105;SUPERMERCADO MH - SÃO MIGUEL ARCANJO;JOSE RICARDO FERNANDES;14/09/2026
1063999;196109;SUPERMERCADO MH - SÃO MIGUEL ARCANJO;JOSE RICARDO FERNANDES;14/09/2026
1063997;196806;SUPERMERCADO PINHEIRO MAJOR;JUAREZ COSTA;14/09/2026
1063995;196083;REDE MAFRA - LJ 02;ALENCAR SILVA;14/09/2026
1063994;196106;SUPERMERCADO M H;JOSE RICARDO FERNANDES;14/09/2026
1063993;196103;SUPERMERCADO M H;JOSE RICARDO FERNANDES;14/09/2026
1063992;196108;SUPERMERCADO MH - SÃO MIGUEL ARCANJO;JOSE RICARDO FERNANDES;14/09/2026
1063991;196614;SUPERMERCADO MH - VILA CUBATAO;JOSE RICARDO FERNANDES;14/09/2026
1063990;196615;SUPERMERCADO MH - VILA CUBATAO;JOSE RICARDO FERNANDES;14/09/2026
1063989;196814;NOVA ESPERANCA;JUAREZ COSTA;14/09/2026
1063987;196803;SALVADOR BOT;JUAREZ COSTA;14/09/2026
1063986;196577;ZATAO SUPERMERCADO;CLAUDIO AKIO SOGA;14/09/2026
1063961;196431;SUPERMERCADO KIBE - VILA PERUS;FRANCISCO ANACLETO;14/09/2026
1063960;196429;SUPERMERCADO 02 MENINOS;KELVIN;14/09/2026
1063959;196432;SUPERMERCADO KIBE - VILA PERUS;FRANCISCO ANACLETO;14/09/2026
1063958;196434;SUPERMERCADO KIBE - ANHANGUERA;FRANCISCO ANACLETO;14/09/2026
1063957;197004;BIG BOM;ERICK MOREIRA;14/09/2026
1063956;195946;MERCADINHO CASA SAO BENTO;CLAUDIO AKIO SOGA;14/09/2026
1063955;196435;SUPERMERCADO KIBE - ANHANGUERA;FRANCISCO ANACLETO;14/09/2026
1063954;196430;SUPERMERCADO SUPER COTIA - LOJA 02;KELVIN;14/09/2026
1063953;197005;BIG BOM;ERICK MOREIRA;14/09/2026
1063952;196274;SUPERMERCADO KIBE - JARDIM SANTA FE;FRANCISCO ANACLETO;14/09/2026
1063951;197003;BIG BOM;ERICK MOREIRA;14/09/2026
1063950;196271;SUPERMERCADO KIBE - PERUS;FRANCISCO ANACLETO;14/09/2026
1063949;195937;FIFOCOM;KELVIN;14/09/2026
1063947;195938;A P SOARES DA SILVA;KELVIN;14/09/2026
1063946;196678;A P SOARES DA SILVA;KELVIN;14/09/2026
1063944;196423;FRIGOYAMA SUPERMERCADOS;KELVIN;14/09/2026
1063943;196568;PORTO SEGURO - 04;LEANDRO GOLDINHO LOPES;14/09/2026
1063942;196270;SUPERMERCADO KIBE - PERUS;FRANCISCO ANACLETO;14/09/2026
1063941;196564;PORTO SEGURO - 01;LEANDRO GOLDINHO LOPES;14/09/2026
1063940;196565;PORTO SEGURO - 01;LEANDRO GOLDINHO LOPES;14/09/2026
1063939;196168;SUPERMERCADO FEDERZONI;FRANCISCO ANACLETO;14/09/2026
1063938;196169;SUPERMERCADO FEDERZONI;FRANCISCO ANACLETO;14/09/2026
1063937;196421;FRIGOYAMA;KELVIN;14/09/2026
1063936;196272;SUPERMERCADO KIBE - JARDIM SANTA FE;FRANCISCO ANACLETO;14/09/2026
1063935;196613;COMERCIAL ESPERANCA ATACADO DISTRIBUIDOR;DANIEL CAMACHO;14/09/2026
1063933;196201;ANDORINHA;DANIEL CAMACHO;14/09/2026
1063932;196273;SUPERMERCADO KIBE - JARDIM SANTA FE;FRANCISCO ANACLETO;14/09/2026
1063931;196197;ANDORINHA;DANIEL CAMACHO;14/09/2026
1063930;196156;TRIMAIS TUCURUVI;DANIEL CAMACHO;14/09/2026
1063929;196420;FRIGOYAMA;KELVIN;14/09/2026
1063928;196342;TRIMAIS LAUZANE;DANIEL CAMACHO;14/09/2026
1063927;196815;NOVA ESPERANCA;JUAREZ COSTA;14/09/2026
1063926;196567;PORTO SEGURO - 04;LEANDRO GOLDINHO LOPES;14/09/2026
1063925;196167;SUPERMERCADO FEDERZONI;FRANCISCO ANACLETO;14/09/2026
1063924;196566;PORTO SEGURO - 03;LEANDRO GOLDINHO LOPES;14/09/2026
1063923;196979;AMERIPAN FESTAS - CAMPINAS;EDSON MALAGUTTI;14/09/2026
1063922;196422;FRIGOYAMA SUPERMERCADOS;KELVIN;14/09/2026
1063921;196611;PORTO SEGURO - 02;LEANDRO GOLDINHO LOPES;14/09/2026
1063920;196989;HASHIMOTO;EDSON MALAGUTTI;14/09/2026
1063919;196137;MERCADO PALOMA;JOSE ROBERTO DENIZIO;14/09/2026
1063918;196563;PORTO SEGURO - 01;LEANDRO GOLDINHO LOPES;14/09/2026
1063917;196132;MERCADO PALOMA;JOSE ROBERTO DENIZIO;14/09/2026
1063916;196593;DOMINGUES & SCARASSATI LATICINIOS;JOSE ROBERTO DENIZIO;14/09/2026
1063915;196246;EMPORIO MEIWA;FLAVIA SIQUEIRA;14/09/2026
1063914;196523;POMAR DA VILA - VILA MADALENA;FLAVIA SIQUEIRA;14/09/2026
1063913;196081;BONZAY - CB;INES MARTIN;14/09/2026
1063912;196080;BONZAY - CB;INES MARTIN;14/09/2026
1063911;196922;BEM BARATO - 24;KELVIN;14/09/2026
1063910;196687;BEM BARATO - 23;KELVIN;14/09/2026
1063909;196828;PUBLIC - 960 CD;KELVIN;14/09/2026
1063908;197060;BEM BARATO - 22;KELVIN;14/09/2026
1063907;196743;BEM BARATO - 21;KELVIN;14/09/2026
1063906;196377;BEM BARATO - 35;KELVIN;14/09/2026
1063905;196801;BEM BARATO - 27;KELVIN;14/09/2026
1063904;196792;BEM BARATO - 34;KELVIN;14/09/2026
1063903;196649;BEM BARATO - 20;KELVIN;14/09/2026
1063902;197033;BEM BARATO - 33;KELVIN;14/09/2026
1063901;196770;BEM BARATO - 18;KELVIN;14/09/2026
1063900;196561;BEM BARATO - 32;KELVIN;14/09/2026
1063899;196763;BEM BARATO - 17;KELVIN;14/09/2026
1063898;196732;BEM BARATO - 06;KELVIN;14/09/2026
1063897;196797;BEM BARATO - 10;KELVIN;14/09/2026
1063896;196794;BEM BARATO - 31;KELVIN;14/09/2026
1063895;196362;BEM BARATO - 26;KELVIN;14/09/2026
1063894;196366;BEM BARATO - 29;KELVIN;14/09/2026
1063893;196822;BEM BARATO - 16;KELVIN;14/09/2026
1063892;196741;BEM BARATO - 05;KELVIN;14/09/2026
1063891;196737;PUBLIC - 09;KELVIN;14/09/2026
1063890;196729;BEM BARATO - 30;KELVIN;14/09/2026
1063889;196734;BEM BARATO - 02;KELVIN;14/09/2026
1063888;196716;BEM BARATO - 28;KELVIN;14/09/2026
1063887;197135;BEM BARATO - 14;KELVIN;14/09/2026
1063886;196589;BEM BARATO - 25;KELVIN;14/09/2026
1063885;196790;BEM BARATO - 15;KELVIN;14/09/2026
1063884;196825;BEM BARATO - 11;KELVIN;14/09/2026
1063883;196651;BEM BARATO - 12;KELVIN;14/09/2026
1063882;196559;BEM BARATO - 08;KELVIN;14/09/2026
1063881;196684;BEM BARATO - 03;KELVIN;14/09/2026
1063880;196800;BEM BARATO - 07;KELVIN;14/09/2026
1063879;196587;BEM BARATO - 01;KELVIN;14/09/2026
1063878;196735;BEM BARATO - 02;KELVIN;14/09/2026
1063877;196286;DIA % - 704 CD;LEANDRO SILVEIRA - GERENTE DE AREA;14/09/2026
1063876;196579;ROLDAO - SAO VICENTE;CAIO VINICIUS AMORIM;14/09/2026
1063875;196943;ROLDAO - PIRITUBA 02;CAIO VINICIUS AMORIM;14/09/2026
1063874;197127;ROLDAO - INDAIATUBA;CAIO VINICIUS AMORIM;14/09/2026
1063873;195960;ROLDAO - JUNDIAI 02;CAIO VINICIUS AMORIM;14/09/2026
1063872;196985;ROLDAO - ITU;CAIO VINICIUS AMORIM;14/09/2026
1063871;196454;ROLDAO - SALTO;CAIO VINICIUS AMORIM;14/09/2026
1063870;195774;ROLDAO - SANTANA;CAIO VINICIUS AMORIM;14/09/2026
1063869;196781;ROLDAO - VALINHOS;CAIO VINICIUS AMORIM;14/09/2026
1063868;195898;ROLDAO - MAUA;CAIO VINICIUS AMORIM;14/09/2026
1063867;196112;ROLDAO - SANTO ANDRE 2;CAIO VINICIUS AMORIM;14/09/2026
1063866;196303;ROLDAO - OSASCO 02;CAIO VINICIUS AMORIM;14/09/2026
1063865;195978;ROLDAO - CAMPINAS;CAIO VINICIUS AMORIM;14/09/2026
1063864;196128;ROLDAO - VILA EMA;CAIO VINICIUS AMORIM;14/09/2026
1063863;195944;ROLDAO - BONSUCESSO;CAIO VINICIUS AMORIM;14/09/2026
1063862;196005;ROLDAO - PQ COLONIAL;CAIO VINICIUS AMORIM;14/09/2026
1063861;196041;ROLDAO - SANTOS VILA MATHIAS;CAIO VINICIUS AMORIM;14/09/2026
1063860;196572;ROLDAO - BRASILANDIA;CAIO VINICIUS AMORIM;14/09/2026
1063859;196192;ROLDAO - S JOSE CAMPOS;CAIO VINICIUS AMORIM;14/09/2026
1063858;197345;ROLDAO - PIRITUBA;CAIO VINICIUS AMORIM;14/09/2026
1063857;196139;ROLDAO - JANDIRA;CAIO VINICIUS AMORIM;14/09/2026
1063856;196236;ROLDAO - CUPECE;CAIO VINICIUS AMORIM;14/09/2026
1063855;197119;ROLDAO - OSASCO;CAIO VINICIUS AMORIM;14/09/2026
1063854;195792;ROLDAO - GUARULHOS;CAIO VINICIUS AMORIM;14/09/2026
1063853;197213;ROLDAO - ATIBAIA;CAIO VINICIUS AMORIM;14/09/2026
1063852;197067;ROLDAO - BUTANTA - MATRIZ;CAIO VINICIUS AMORIM;14/09/2026
1063851;196705;ROLDAO - JUNDIAI;CAIO VINICIUS AMORIM;14/09/2026
1063850;195828;ROLDAO - SOROCABA;CAIO VINICIUS AMORIM;14/09/2026
1063849;196084;ROLDAO - MOOCA;CAIO VINICIUS AMORIM;14/09/2026
1063848;196526;ROLDAO - FRANCO DA ROCHA;CAIO VINICIUS AMORIM;14/09/2026
1063847;197235;ROLDAO - GUARUJA;CAIO VINICIUS AMORIM;14/09/2026
1063846;197094;ROLDAO - CAMPO LIMPO;CAIO VINICIUS AMORIM;14/09/2026
1063845;196198;ROLDAO - FREGUESIA;CAIO VINICIUS AMORIM;14/09/2026
1063844;196378;BEM BARATO - 35;KELVIN;14/09/2026
1063843;196793;BEM BARATO - 34;KELVIN;14/09/2026
1063842;197032;BEM BARATO - 33;KELVIN;14/09/2026
1063841;196562;BEM BARATO - 32;KELVIN;14/09/2026
1063840;196795;BEM BARATO - 31;KELVIN;14/09/2026
1063839;196730;BEM BARATO - 30;KELVIN;14/09/2026
1063838;196367;BEM BARATO - 29;KELVIN;14/09/2026
1063837;196717;BEM BARATO - 28;KELVIN;14/09/2026
1063836;196798;BEM BARATO - 10;KELVIN;14/09/2026
1063835;196736;PUBLIC - 09;KELVIN;14/09/2026
1063834;196802;BEM BARATO - 27;KELVIN;14/09/2026
1063833;196744;BEM BARATO - 21;KELVIN;14/09/2026
1063832;196560;BEM BARATO - 08;KELVIN;14/09/2026
1063831;196607;BEM BARATO - 26;KELVIN;14/09/2026
1063830;196648;BEM BARATO - 20;KELVIN;14/09/2026
1063829;196590;BEM BARATO - 25;KELVIN;14/09/2026
1063828;196769;BEM BARATO - 18;KELVIN;14/09/2026
1063827;196799;BEM BARATO - 07;KELVIN;14/09/2026
1063826;196921;BEM BARATO - 24;KELVIN;14/09/2026
1063825;196764;BEM BARATO - 17;KELVIN;14/09/2026
1063824;197134;BEM BARATO - 14;KELVIN;14/09/2026
1063823;196733;BEM BARATO - 06;KELVIN;14/09/2026
1063822;196827;PUBLIC - 960 CD;KELVIN;14/09/2026
1063821;196686;BEM BARATO - 23;KELVIN;14/09/2026
1063820;196823;BEM BARATO - 16;KELVIN;14/09/2026
1063819;196652;BEM BARATO - 12;KELVIN;14/09/2026
1063818;196742;BEM BARATO - 05;KELVIN;14/09/2026
1063817;197059;BEM BARATO - 22;KELVIN;14/09/2026
1063816;196791;BEM BARATO - 15;KELVIN;14/09/2026
1063815;196824;BEM BARATO - 11;KELVIN;14/09/2026
1063814;196683;BEM BARATO - 03;KELVIN;14/09/2026
1063813;196588;BEM BARATO - 01;KELVIN;14/09/2026
1063812;196783;NAGUMO - AGUA CHATA CD;JAMIR RIBEIRO;14/09/2026
1063811;196252;PCA COMERCIO E DISTRIBUICAO;VALTER AMARAL MACHADO;14/09/2026
1063810;195483;OKKER - MATRIZ;VENDEDOR INTERNO;14/09/2026
1063807;195722;PREZUNIC;MILTON JUNIOR;14/09/2026
1063806;196082;REDE MAFRA - LJ 02;ALENCAR SILVA;14/09/2026
1063805;676;CALVO - JD ARICANDUVA;VALDENIR VOLTERO;14/09/2026
1063803;195847;ICERI & ICERI;FRANCISCO DUARTE - LUIZ DUARTE;14/09/2026
1063800;195721;M CLOSET COMERCIAL;JOSIAS EVANGELISTA;14/09/2026
1063796;195849;MERCADO FABI;INES MARTIN;14/09/2026
1063795;195848;MERCADO FABI;INES MARTIN;14/09/2026
1063792;196172;SUPERMERCADO TULON;FRANCISCO ANACLETO;14/09/2026
1063791;196171;SUPERMERCADO TULON;FRANCISCO ANACLETO;14/09/2026
1063790;196173;SUPERMERCADO TESCARO;FRANCISCO ANACLETO;14/09/2026
1063789;197037;COMERCIAL MOURA DE JARINU;FRANCISCO ANACLETO;14/09/2026
1063788;195611;SUPERMERCADO PRINCIPAL;DAIANE CRISTINA DE OLIVEIRA;14/09/2026
1063787;195610;SUPERMERCADO PRINCIPAL;DAIANE CRISTINA DE OLIVEIRA;14/09/2026
1063785;196174;SUPERMERCADO TESCARO;FRANCISCO ANACLETO;14/09/2026
1063784;196178;SUPERMERCADO BEMBOM - 01;CARLOS FERREIRA;14/09/2026
1063783;195910;GONCALVES SUPERMERCADOS - CD;FRANCISCO DUARTE - LUIZ DUARTE;14/09/2026
1063782;195843;SUP JADE;FRANCISCO DUARTE - LUIZ DUARTE;14/09/2026
1063781;196176;SUPERMERCADO BEMBOM - 02;CARLOS FERREIRA;14/09/2026
1063780;195797;FAMILIA II SUPERMERCADO;GUSTAVO GOMES;14/09/2026
1063779;196381;ZAFFARI - RS CD;ALESSANDRO CANDIAGO;14/09/2026
1063778;195909;GONCALVES SUPERMERCADOS - CD;FRANCISCO DUARTE - LUIZ DUARTE;14/09/2026
1063776;195853;N. S. LAR SUPERMERCADO;CARLOS FERREIRA;14/09/2026
1063775;195845;ICERI & ICERI;FRANCISCO DUARTE - LUIZ DUARTE;14/09/2026
1063774;196248;ISO RESTAURANTE E BISTRO;CAROLINA DOS SANTOS ROCHA;14/09/2026
1063773;195958;SUPERMERCADO PRINCIPE;CAROLINA DOS SANTOS ROCHA;14/09/2026
1063772;195955;SUPERMERCADO PRINCIPE;CAROLINA DOS SANTOS ROCHA;14/09/2026
1063771;195957;NAVARRO - 01;CAROLINA DOS SANTOS ROCHA;14/09/2026
1063770;197112;KRILL - MATRIZ;JOSE SOARES;14/09/2026
1063769;196382;ZAFFARI - RS CD;ALESSANDRO CANDIAGO;14/09/2026
1063765;195852;NOSSO LAR;CARLOS FERREIRA;14/09/2026
1063764;195776;AMIGO BARATE;GUSTAVO GOMES;14/09/2026
1063763;197091;MERCADO CENTRAL;JOSE GOMES DOS S.;14/09/2026
1063762;195779;B&M SUPERMERCADO;GUSTAVO GOMES;14/09/2026
1063760;195795;CLEONICE;GUSTAVO GOMES;14/09/2026
1063759;197089;SUPERMERCADO TOP MONTANHA;GUSTAVO GOMES;14/09/2026
1063758;196111;SUPERMERCADO CHINA;FRANCISCO DUARTE - LUIZ DUARTE;14/09/2026
1063757;195796;CLEONICE;GUSTAVO GOMES;14/09/2026
1063756;195780;B&M SUPERMERCADO;GUSTAVO GOMES;14/09/2026
1063755;195651;CASA SANTA LUZIA;CAROLINA DOS SANTOS ROCHA;14/09/2026
1063754;195799;RAFA COMPANY;GUSTAVO GOMES;14/09/2026
1063751;195714;MAX VILA;WAGNER DA SILVA LIMA;14/09/2026
1063750;196316;BIG BOM -  LJ 01;ADRIANO CEZAR GOMES;14/09/2026
1063749;196127;ALCANCE PLUS COMERCIO VAREJISTA;JOSE ARTENCIO;14/09/2026
1063748;196598;INTEC - CIDADE TIRADENTES;JOSE ARTENCIO;14/09/2026
1063747;197249;INTEC -  CONJUNTO CITY JARAGUA;JOSE ARTENCIO;14/09/2026
1063746;195893;SETE DIAS SACOLAO;FRANCISCO DUARTE - LUIZ DUARTE;14/09/2026
1063745;195963;SUPERMERCADO OLIVEIRA;EDSON MALAGUTTI;14/09/2026
1063744;195608;NICOLAU MAX;ROGERIO APARECIDO DA SILVA RODRIGUES;14/09/2026
1063743;196235;J. SANTOS OLIVEIRA EIRELI;PAULO COSTA;14/09/2026
1063742;195846;ICERI & ICERI;FRANCISCO DUARTE - LUIZ DUARTE;14/09/2026
1063740;195837;GIRAFA SUPERMERCADOS;CELSO NUNES TEIXEIRA;14/09/2026
1063739;196555;REDE DE DISTRIBUICAO ZEFERINO;ADRIANO CEZAR GOMES;14/09/2026
1063737;196318;BIG BOM -  LJ 02;ADRIANO CEZAR GOMES;14/09/2026
1063736;196314;SUPERMERCADO LEONELLO;ADRIANO CEZAR GOMES;14/09/2026
1063735;195517;BOM LUGAR - 31;PAULO COSTA;14/09/2026
1063734;195516;BOM LUGAR - 31;PAULO COSTA;14/09/2026
1063733;195777;AMIGO BARATE;GUSTAVO GOMES;14/09/2026
1063732;196206;CHOCOBISCO;EDSON MALAGUTTI;14/09/2026
1063730;195977;SUPER MIX BRANDINA;OSNEY RICARDO;14/09/2026
1063729;196263;WOR GENEROS ALIMENTICIOS;JOSE RICARDO FERNANDES;14/09/2026
1063728;196262;WOR GENEROS ALIMENTICIOS;JOSE RICARDO FERNANDES;14/09/2026
1063727;195917;BOM LUGAR - 03;PAULO COSTA;14/09/2026
1063726;195844;SUP JADE;FRANCISCO DUARTE - LUIZ DUARTE;14/09/2026
1063725;196364;SUPERMERCADO JVA - LJ 04;EDSON MALAGUTTI;14/09/2026
1063723;195607;SUPERMERCADO PASSARO;DANILO DE ALMEIDA SANTOS;14/09/2026
1063722;195606;SUPERMERCADO PASSARO;DANILO DE ALMEIDA SANTOS;14/09/2026
1063721;196237;MAXBOM;DANILO DE ALMEIDA SANTOS;14/09/2026
1063720;196239;MAXBOM;DANILO DE ALMEIDA SANTOS;14/09/2026
1063719;195738;BOM LUGAR - 23;PAULO COSTA;14/09/2026
1063718;195739;BOM LUGAR - 23;PAULO COSTA;14/09/2026
1063717;195740;BOM LUGAR - 29;PAULO COSTA;14/09/2026
1063716;195798;FAMILIA II SUPERMERCADO;GUSTAVO GOMES;14/09/2026
1063715;195741;BOM LUGAR - 30;PAULO COSTA;14/09/2026
1063714;195742;BOM LUGAR - 36;PAULO COSTA;14/09/2026
1063713;196102;SUP CORREA - VITORINO CORREA 15;PAULO COSTA;14/09/2026
1063712;196104;SUP CORREA - VITORINO CORREA 15;PAULO COSTA;14/09/2026
1063711;196439;GOYOS SUPERMERCADOS;RENATO SANTO MICHELMANN;14/09/2026
1063710;196436;RIO TAMA DISTRIBUIDORA;RENATO SANTO MICHELMANN;14/09/2026
1063709;196437;RIO TAMA DISTRIBUIDORA;RENATO SANTO MICHELMANN;14/09/2026
1063708;197022;MERCADO MEGA PRECO - MORADA DO SOL;EDSON MALAGUTTI;14/09/2026
1063705;195518;BOM LUGAR - 16;PAULO COSTA;14/09/2026
1063704;196251;FLAMA DISTRIBUIDORA;EDERVAL DONIZETE DA SILVA;14/09/2026
1063703;195604;HE DISTRIBUICAO;DAIANE CRISTINA DE OLIVEIRA;14/09/2026
1063702;195603;HE DISTRIBUICAO;DAIANE CRISTINA DE OLIVEIRA;14/09/2026
1063701;195839;RINO ATACAREJO;CELSO NUNES TEIXEIRA;14/09/2026
1063700;195840;AGUIA ATACAREJO;CELSO NUNES TEIXEIRA;14/09/2026
1063699;195838;CORUJA SUPERMERCADOS;CELSO NUNES TEIXEIRA;14/09/2026
1063696;195959;INTEC - PARQUE GRAJAU;JOSE ARTENCIO;14/09/2026
1063694;195854;DISTRIBUIDORA MARGARETE;CARLOS FERREIRA;14/09/2026
1063692;197444;INTEC - MBOI MIRIM;JOSE ARTENCIO;14/09/2026
1063691;195841;HORTIFRUTI UNIAO - 02;PAULO SERGIO;14/09/2026
1063690;195654;MULTYPLI SUPERMERCADOS;PAULO SERGIO;14/09/2026
1063689;195655;MULTYPLI SUPERMERCADOS;PAULO SERGIO;14/09/2026
1063688;197155;INTEC - SAO MIGUEL PAULISTA;JOSE ARTENCIO;14/09/2026
1063687;196524;INTEC - JARDIM JARAGUA;JOSE ARTENCIO;14/09/2026
1063686;196277;INTEC - BRASILANDIA;JOSE ARTENCIO;14/09/2026
1063685;196044;CASA DE CARNES BOM BEEF SANTOS;JOSE SOARES;14/09/2026
1063684;195781;TENNESSEE - VILA MARIA;INES MARTIN;14/09/2026
1063683;195653;EMPORIUM HITOMIX;INES MARTIN;14/09/2026
1063682;197021;MERCADO MEGA PRECO - MORADA DO SOL;EDSON MALAGUTTI;14/09/2026
1063678;195656;MULTYPLI SUPERMERCADOS;PAULO SERGIO;14/09/2026
1063677;195652;EMPORIUM HITOMIX;INES MARTIN;14/09/2026
1063676;196438;RIO TAMA DISTRIBUIDORA;RENATO SANTO MICHELMANN;14/09/2026
1063674;195712;MAX VILA;WAGNER DA SILVA LIMA;14/09/2026
1063673;195713;MAX VILA;WAGNER DA SILVA LIMA;14/09/2026
1063672;196440;GOYOS SUPERMERCADOS;RENATO SANTO MICHELMANN;14/09/2026
1063671;195782;SHOPPER - CARANDIRU;JOSE ARTENCIO;14/09/2026
1063670;195612;SHOPPER COMERCIO ALIMENTICIO - RIBEIRAO PRETO;JOSE ARTENCIO;14/09/2026
1063669;196047;CASA DE CARNES BOM BEEF SANTOS;JOSE SOARES;14/09/2026
1063668;195930;INTEC -  GUAIANAZES;JOSE ARTENCIO;14/09/2026
1063667;196499;SUPERMERCADO BAHAMAS - CD JF;CAIO MEIRELLES;14/09/2026
1063666;195956;B.S.A. COMERCIO DE CARNES;WAGNER DA SILVA LIMA;14/09/2026
1063665;196427;PAGUE MENOS;LUCIANE MARQUES;14/09/2026
1063664;197187;PAGUE MENOS;LUCIANE MARQUES;14/09/2026
1063663;197188;PAGUE MENOS;LUCIANE MARQUES;14/09/2026
1063662;197036;COMERCIAL MOURA DE JARINU;FRANCISCO ANACLETO;14/09/2026
1063660;195904;SHIRLEY C. F. MATHEUS;FRANCISCO ANACLETO;14/09/2026
1063659;197189;PAGUE MENOS;LUCIANE MARQUES;14/09/2026
1063658;195907;SACOLAO HORTISUL;HELIO FABIO;14/09/2026
1063656;195715;TROPICAL CARNES;WAGNER DA SILVA LIMA;14/09/2026
1063655;195716;TROPICAL CARNES;WAGNER DA SILVA LIMA;14/09/2026
1063654;196398;HELENA ATACADISTA;WAGNER DA SILVA LIMA;14/09/2026
1063651;195842;HORTIFRUTI UNIAO - 02;PAULO SERGIO;14/09/2026
1063649;196253;LOPES & ASSIS COMERC;SEBASTIAO FERNANDES;14/09/2026
1063647;196238;ROLDAO - CUPECE;CAIO VINICIUS AMORIM;14/09/2026
1063646;195897;ROLDAO - MAUA;CAIO VINICIUS AMORIM;14/09/2026
1063645;197346;ROLDAO - PIRITUBA;CAIO VINICIUS AMORIM;14/09/2026
1063644;197234;ROLDAO - GUARUJA;CAIO VINICIUS AMORIM;14/09/2026
1063643;196661;ROLDAO - SANTO AMARO;CAIO VINICIUS AMORIM;14/09/2026
1063642;196191;ROLDAO - S JOSE CAMPOS;CAIO VINICIUS AMORIM;14/09/2026
1063641;196455;ROLDAO - SALTO;CAIO VINICIUS AMORIM;14/09/2026
1063640;195943;ROLDAO - BONSUCESSO;CAIO VINICIUS AMORIM;14/09/2026
1063639;196006;ROLDAO - PQ COLONIAL;CAIO VINICIUS AMORIM;14/09/2026
1063638;196984;ROLDAO - ITU;CAIO VINICIUS AMORIM;14/09/2026
1063637;195791;ROLDAO - GUARULHOS;CAIO VINICIUS AMORIM;14/09/2026
1063636;196942;ROLDAO - PIRITUBA 02;CAIO VINICIUS AMORIM;14/09/2026
1063635;197066;ROLDAO - BUTANTA - MATRIZ;CAIO VINICIUS AMORIM;14/09/2026
1063634;197129;ROLDAO - INDAIATUBA;CAIO VINICIUS AMORIM;14/09/2026
1063633;197161;ROLDAO - PRAIA GRANDE 02;CAIO VINICIUS AMORIM;14/09/2026
1063632;196780;ROLDAO - VALINHOS;CAIO VINICIUS AMORIM;14/09/2026
1063631;196110;ROLDAO - SANTO ANDRE 2;CAIO VINICIUS AMORIM;14/09/2026
1063630;195775;ROLDAO - SANTANA;CAIO VINICIUS AMORIM;14/09/2026
1063629;196706;ROLDAO - JUNDIAI;CAIO VINICIUS AMORIM;14/09/2026
1063628;197095;ROLDAO - CAMPO LIMPO;CAIO VINICIUS AMORIM;14/09/2026
1063627;195885;ROLDAO - MARECHAL TITO;CAIO VINICIUS AMORIM;14/09/2026
1063626;197214;ROLDAO - ATIBAIA;CAIO VINICIUS AMORIM;14/09/2026
1063625;196928;ROLDAO - IPIRANGA;CAIO VINICIUS AMORIM;14/09/2026
1063624;196304;ROLDAO - OSASCO 02;CAIO VINICIUS AMORIM;14/09/2026
1063623;196086;ROLDAO - MOOCA;CAIO VINICIUS AMORIM;14/09/2026
1063622;196580;ROLDAO - SAO VICENTE;CAIO VINICIUS AMORIM;14/09/2026
1063621;195975;ROLDAO - CAMPINAS;CAIO VINICIUS AMORIM;14/09/2026
1063620;196136;ROLDAO - VILA EMA;CAIO VINICIUS AMORIM;14/09/2026
1063619;196040;ROLDAO - SANTOS VILA MATHIAS;CAIO VINICIUS AMORIM;14/09/2026
1063618;196569;ROLDAO - BRASILANDIA;CAIO VINICIUS AMORIM;14/09/2026
1063617;197859;ROLDAO - TIRADENTES;CAIO VINICIUS AMORIM;14/09/2026
1063616;195962;ROLDAO - JUNDIAI 02;CAIO VINICIUS AMORIM;14/09/2026
1063615;196140;ROLDAO - JANDIRA;CAIO VINICIUS AMORIM;14/09/2026
1063614;195825;ROLDAO - SOROCABA;CAIO VINICIUS AMORIM;14/09/2026
1063613;196527;ROLDAO - FRANCO DA ROCHA;CAIO VINICIUS AMORIM;14/09/2026
1063612;196125;ROLDAO - PRAIA GRANDE;CAIO VINICIUS AMORIM;14/09/2026
1063611;197118;ROLDAO - OSASCO;CAIO VINICIUS AMORIM;14/09/2026
1063610;196199;ROLDAO - FREGUESIA;CAIO VINICIUS AMORIM;14/09/2026
1063607;196397;HELENA ATACADISTA;WAGNER DA SILVA LIMA;14/09/2026
1063605;195892;OK MARKET COMERCIO;ALENCAR SILVA;14/09/2026
1063604;195896;OK MARKET COMERCIO;ALENCAR SILVA;14/09/2026
1063603;196520;LUZITA;FLAVIA SIQUEIRA;14/09/2026
1063594;196522;POMAR DA VILA - VILA MADALENA;FLAVIA SIQUEIRA;14/09/2026
1063593;196521;POMAR DA VILA - VILA MADALENA;FLAVIA SIQUEIRA;14/09/2026
1063590;40650;PANIFICADORA TRANZA;LUCIANO PEREIRA;14/09/2026
1063586;15209;CELER GLOBAL TRADING;GILSON ARAUJO DOS SANTOS;14/09/2026
1063583;195696;GOTRADE DISTRIBUIDORA DE BEBIDAS;RICARDO RANGEL GONÇALVES;14/09/2026
1063570;195700;FORT - 364 CD SIA;ANDRESSA DE PAIVA;14/09/2026
1063568;195989;SUPERMERCADO BICO DO PATO;KALIEL DE CALDA LEITE;14/09/2026
1063567;195987;MERCADO GALERA DE JACUPIRANGA;KALIEL DE CALDA LEITE;14/09/2026
1063565;666;DA TERRINHA - FILIAL SP;VENDEDOR INTERNO;14/09/2026
1063561;196301;SHOPPER COMERCIO ALIMENTICIO - OSASCO;JOSE ARTENCIO;14/09/2026
1063560;195990;MAGNANIMO - LJ 13;KALIEL DE CALDA LEITE;14/09/2026
1063552;195443;VALTER PINHEIRO;VALTER PINHEIRO;14/09/2026
1063549;195817;SUMERBOL - CHACARA AREAL;EDSON MALAGUTTI;14/09/2026
1063548;195822;SUMERBOL - MORADA DO SOL;EDSON MALAGUTTI;14/09/2026
1063547;195816;SUMERBOL - CIDADE NOVA;EDSON MALAGUTTI;14/09/2026
1063546;196181;COMPRE MAIS - NOVO HORIZONTE;CARLOS FERREIRA;14/09/2026
1063543;196370;ATACADAO CD - VITORIA DA CONQUISTA;ABEL SAMPAIO;14/09/2026
1063539;196371;ATACADAO CD - VITORIA DA CONQUISTA;ABEL SAMPAIO;14/09/2026
1063537;195427;OKKER - MATRIZ;VENDEDOR INTERNO;14/09/2026
1063536;195605;MAGNANIMO - LJ 04;KALIEL DE CALDA LEITE;14/09/2026
1063535;196360;CD ATACADAO BAHIA;ABEL SAMPAIO;14/09/2026
1063534;196359;CD ATACADAO BAHIA;ABEL SAMPAIO;14/09/2026
1063530;195992;MAGNANIMO - LJ 08;KALIEL DE CALDA LEITE;14/09/2026
1063528;196004;CANTINHO BAIANO;JOSE ARTENCIO;14/09/2026
1063527;196229;ROGERIO APARECIDO DA SILVA RODRIGUES;JOSUE EVANGELISTA;14/09/2026
1063524;196180;COMPRE MAIS - SANTA MARIA;CARLOS FERREIRA;14/09/2026
1063523;195550;COMPRE MAIS - RAPOSO TAVARES;CARLOS FERREIRA;14/09/2026
1063521;195903;MERCADO E ACOUGUE SANTA FE - LJ 01;FRANCISCO ANACLETO;14/09/2026
1063517;305835;OKKER - MATRIZ;VENDEDOR INTERNO;14/09/2026
1063515;195900;MERCADO E ACOUGUE SANTA FE - LJ 01;FRANCISCO ANACLETO;14/09/2026
1063514;195899;MERCADO E ACOUGUE SANTA FE - LJ 02;FRANCISCO ANACLETO;14/09/2026
1063513;195902;MERCADO E ACOUGUE SANTA FE - LJ 02;FRANCISCO ANACLETO;14/09/2026
1063503;195901;MERCADO E ACOUGUE SANTA FE - LJ 03;FRANCISCO ANACLETO;14/09/2026
1063502;195494;MERCADO E ACOUGUE SANTA FE - LJ 03;FRANCISCO ANACLETO;14/09/2026
1063500;195991;SUPERMERCADO BICO DO PATO;KALIEL DE CALDA LEITE;14/09/2026
1063499;195800;ALVARO - LJ 03;ERICK MOREIRA;14/09/2026
1063495;196219;MERCADO CAMPINAS III;KALIEL DE CALDA LEITE;14/09/2026
1063494;195997;SEMPRE BOM DIA - SUZANO;FRANCISCO DUARTE - LUIZ DUARTE;14/09/2026
1063493;195988;MERCADO GALERA DE JACUPIRANGA;KALIEL DE CALDA LEITE;14/09/2026
1063492;196002;ALVARO - LJ 02;ERICK MOREIRA;14/09/2026
1063491;195787;RECANTO DA BENCAO;TELEVENDAS - DA TERRINHA;14/09/2026
1063458;195424;JULIANA RIBEIRA;JOSUE EVANGELISTA;14/09/2026
1063438;195417;CONEXAO - LUPPADARIAS;JOSUE EVANGELISTA;14/09/2026
1063436;195723;MERCADO E ACOUGUE SANTA FE - LJ 01;FRANCISCO ANACLETO;14/09/2026
1063433;195725;MERCADO E ACOUGUE SANTA FE - LJ 01;FRANCISCO ANACLETO;14/09/2026
1063432;195728;MERCADO E ACOUGUE SANTA FE - LJ 02;FRANCISCO ANACLETO;14/09/2026
1063429;195496;MERCADO E ACOUGUE SANTA FE - LJ 03;FRANCISCO ANACLETO;14/09/2026
1063425;195485;CASA DO MEL;CARLOS FERREIRA;14/09/2026
1063380;196224;SUPERMERCADO RIMAR;RODRIGO LEANDRO CAMARGO;13/09/2026
1063379;195880;TIETE SUPERMERCADOS - ITAIM;RODRIGO LEANDRO CAMARGO;13/09/2026
1063378;195882;TIETE SUPERMERCADOS - KEMEL;RODRIGO LEANDRO CAMARGO;13/09/2026
1063377;195760;TIETE SUPERMERCADOS - PARADA XV;RODRIGO LEANDRO CAMARGO;13/09/2026
1063376;195724;MERCADO E ACOUGUE SANTA FE - LJ 01;FRANCISCO ANACLETO;13/09/2026
1063375;195869;BOM LUGAR LJ 8 - SERV BEM;PAULO COSTA;13/09/2026
1063374;195868;BOM LUGAR LJ 15 - SERV BEM;PAULO COSTA;13/09/2026
1063373;195826;BOM LUGAR LJ 19 - SERV BEM;PAULO COSTA;13/09/2026
1063372;195867;BOM LUGAR - SUP VOTORANTIM;PAULO COSTA;13/09/2026
1063371;195823;BOM LUGAR LOJA 18;PAULO COSTA;13/09/2026
1063370;195727;MERCADO E ACOUGUE SANTA FE - LJ 02;FRANCISCO ANACLETO;13/09/2026
1063369;195495;MERCADO E ACOUGUE SANTA FE - LJ 03;FRANCISCO ANACLETO;13/09/2026
1063368;195730;BOM LUGAR - 23;PAULO COSTA;13/09/2026
1063367;195735;BOM LUGAR - 29;PAULO COSTA;13/09/2026
1063366;195736;BOM LUGAR - 30;PAULO COSTA;13/09/2026
1063365;195732;BOM LUGAR - 36;PAULO COSTA;13/09/2026
1063364;195733;BOM LUGAR - 37;PAULO COSTA;13/09/2026
1063363;196074;BOM LUGAR - 02;PAULO COSTA;13/09/2026
1063362;195914;CENTRO DE DISTRIBUICAO SATO & NISHI;PAULO COSTA;13/09/2026
1063361;195915;CENTRO DE DISTRIBUICAO SATO & NISHI;PAULO COSTA;13/09/2026
1063360;195916;BOM LUGAR - 07;PAULO COSTA;13/09/2026
1063359;195734;BOM LUGAR - 05;PAULO COSTA;13/09/2026
1063333;195772;ZAPITH DOCES - SANTANA;AROLDO BATISTA SANTOS;12/09/2026
1063332;195890;MINILOU;JOSE GOMES DOS S.;12/09/2026
1063331;195996;SEMPRE BOM DIA - SUZANO;FRANCISCO DUARTE - LUIZ DUARTE;12/09/2026
1063330;196214;MERCADO CAMPINAS III;KALIEL DE CALDA LEITE;12/09/2026
1063329;195889;MINILOU;JOSE GOMES DOS S.;12/09/2026
1063328;195891;MINILOU;JOSE GOMES DOS S.;12/09/2026
1063327;195875;JULIMILLY;JUAREZ COSTA;12/09/2026
1063326;195874;PORTO CALVO;JUAREZ COSTA;12/09/2026
1063293;195805;SACOLAO MARAVILHA;CLEO CAVALCANTI;12/09/2026
1063261;196671;LOJAS AMERICANAS - CD RJ;GUSTAVO VILAS;12/09/2026
1063260;196670;CASAS PEDRO - S CRISTOVAO;GUSTAVO VILAS;12/09/2026
1063230;195763;TIETE SUPERMERCADOS - PARADA XV;RODRIGO LEANDRO CAMARGO;12/09/2026
1063229;195883;TIETE SUPERMERCADOS - KEMEL;RODRIGO LEANDRO CAMARGO;12/09/2026
1063228;195879;TIETE SUPERMERCADOS - ITAIM;RODRIGO LEANDRO CAMARGO;12/09/2026
1063227;196226;SUPERMERCADO RIMAR;RODRIGO LEANDRO CAMARGO;12/09/2026
1063199;195888;MINILOU;JOSE GOMES DOS S.;11/09/2026
1063198;195672;ALTO DA PONTE  - SJC;RAPHAEL COUTINHO ESPINDOLA;11/09/2026
1063197;195671;ALTO DA PONTE -  JAMBEIRO;RAPHAEL COUTINHO ESPINDOLA;11/09/2026
1063196;195769;KING MERCADINHO;GUSTAVO GOMES;11/09/2026
1063195;195767;LEE SUPERMERCADO;GUSTAVO GOMES;11/09/2026
1063194;195489;ROMA EMPORIO;GUSTAVO GOMES;11/09/2026
1063188;195863;BOM LUGAR LJ 45 - ARACOIABA;PAULO COSTA;11/09/2026
1063187;195912;BOM LUGAR - 03;PAULO COSTA;11/09/2026
1063186;195913;BOM LUGAR - 03;PAULO COSTA;11/09/2026
1063185;195911;BOM LUGAR - 35;PAULO COSTA;11/09/2026
1063184;196107;BOM LUGAR LJ 49 - SAO MIGUEL;PAULO COSTA;11/09/2026
1063183;196200;ROLDAO - FREGUESIA;CAIO VINICIUS AMORIM;11/09/2026
1063182;196124;ROLDAO - PRAIA GRANDE;CAIO VINICIUS AMORIM;11/09/2026
1063181;195884;ROLDAO - MARECHAL TITO;CAIO VINICIUS AMORIM;11/09/2026
1063180;197348;ROLDAO - PIRITUBA;CAIO VINICIUS AMORIM;11/09/2026
1063179;196141;ROLDAO - JANDIRA;CAIO VINICIUS AMORIM;11/09/2026
1063178;195773;ZAPITH DOCES - SANTANA;AROLDO BATISTA SANTOS;11/09/2026
1063177;195905;MARTE PAES;JOSE ROBERTO DENIZIO;11/09/2026
1063176;195737;BOM LUGAR - 11;PAULO COSTA;11/09/2026
1063175;195731;BOM LUGAR - 14;PAULO COSTA;11/09/2026
1063174;196570;ROLDAO - BRASILANDIA;CAIO VINICIUS AMORIM;11/09/2026
1063173;195584;HORTIFRUTI NOVA MIRANDOPOLIS;INES MARTIN;11/09/2026
1063172;196123;DOIS PARCEIROS - LJ 01;RONILSON RIBEIRO;11/09/2026
1063171;195484;ZAPITH DOCES - JARDIM DANFER;AROLDO BATISTA SANTOS;11/09/2026
1063170;195984;DOCES ZAPITH - 	VILA ANA MARIA;AROLDO BATISTA SANTOS;11/09/2026
1063168;195995;SEMPRE BOM DIA - SUZANO;FRANCISCO DUARTE - LUIZ DUARTE;11/09/2026
1063167;195939;SEMPRE BOM DIA - ARUJA;FRANCISCO DUARTE - LUIZ DUARTE;11/09/2026
1063165;195585;HORTIFRUTI NOVA MIRANDOPOLIS;INES MARTIN;11/09/2026
1063164;195583;HM SUPERMERCADOS - JUREMA;SILVANO ARRUDA;11/09/2026
1063163;195976;ROLDAO - CAMPINAS;CAIO VINICIUS AMORIM;11/09/2026
1063162;196042;ROLDAO - SANTOS VILA MATHIAS;CAIO VINICIUS AMORIM;11/09/2026
1063161;195908;GONCALVES SUPERMERCADOS - CD;FRANCISCO DUARTE - LUIZ DUARTE;11/09/2026
1063160;195894;ROLDAO - SANTO ANDRE 2;CAIO VINICIUS AMORIM;11/09/2026
1063159;195940;SEMPRE BOM DIA - ARUJA;FRANCISCO DUARTE - LUIZ DUARTE;11/09/2026
1063158;196782;ROLDAO - VALINHOS;CAIO VINICIUS AMORIM;11/09/2026
1063157;195981;DOCES ZAPITH - 	VILA ANA MARIA;AROLDO BATISTA SANTOS;11/09/2026
1063156;195887;ROLDAO - MAUA;CAIO VINICIUS AMORIM;11/09/2026
1063155;196001;ROLDAO - PQ COLONIAL;CAIO VINICIUS AMORIM;11/09/2026
1063154;195974;SUPER MIX BRANDINA;OSNEY RICARDO;11/09/2026
1063153;195973;SUPER MIX BRANDINA;OSNEY RICARDO;11/09/2026
1063152;196940;ROLDAO - PIRITUBA 02;CAIO VINICIUS AMORIM;11/09/2026
1063151;195964;ROLDAO - JUNDIAI 02;CAIO VINICIUS AMORIM;11/09/2026
1063150;195678;ROLDAO - PRAIA GRANDE 02;CAIO VINICIUS AMORIM;11/09/2026
1063149;196135;ROLDAO - VILA EMA;CAIO VINICIUS AMORIM;11/09/2026
1063148;195752;ROLDAO - BONSUCESSO;CAIO VINICIUS AMORIM;11/09/2026
1063147;195771;ROLDAO - SANTANA;CAIO VINICIUS AMORIM;11/09/2026
1063146;196300;ROLDAO - OSASCO 02;CAIO VINICIUS AMORIM;11/09/2026
1063145;195488;ROMA EMPORIO;GUSTAVO GOMES;11/09/2026
1063144;195677;ROLDAO - SAO VICENTE;CAIO VINICIUS AMORIM;11/09/2026
1063143;195768;LEE SUPERMERCADO;GUSTAVO GOMES;11/09/2026
1063142;195770;KING MERCADINHO;GUSTAVO GOMES;11/09/2026
1063141;195895;OTIMO SUPERMERCADO;FRANCISCO DUARTE - LUIZ DUARTE;11/09/2026
1063140;195814;ROLDAO - INDAIATUBA;CAIO VINICIUS AMORIM;11/09/2026
1063139;195980;DOCES ZAPITH - 	VILA ANA MARIA;AROLDO BATISTA SANTOS;11/09/2026
1063138;196986;ROLDAO - ITU;CAIO VINICIUS AMORIM;11/09/2026
1063137;196987;ROLDAO - ITU;CAIO VINICIUS AMORIM;11/09/2026
1063136;195761;ROLDAO - TIRADENTES;CAIO VINICIUS AMORIM;11/09/2026
1063135;195503;ROLDAO - GUARUJA;CAIO VINICIUS AMORIM;11/09/2026
1063134;195487;ZAPITH DOCES - JARDIM DANFER;AROLDO BATISTA SANTOS;11/09/2026
1063133;195726;ROLDAO - FRANCO DA ROCHA;CAIO VINICIUS AMORIM;11/09/2026
1063132;196122;DOIS PARCEIROS - LJ 01;RONILSON RIBEIRO;11/09/2026
1063131;195679;SUPERMERCADO FIGUEROA - LJ 23;RONILSON RIBEIRO;11/09/2026
1063130;195666;SOU CESTAS;CARLOS FERREIRA;11/09/2026
1063128;195664;BDML - LJ 01;CARLOS FERREIRA;11/09/2026
1063127;195663;BDML - LJ 01;CARLOS FERREIRA;11/09/2026
1063125;195718;SUPERMERCADO CARNES BOI NELORE;WAGNER DA SILVA LIMA;11/09/2026
1063124;195827;ROLDAO - SOROCABA;CAIO VINICIUS AMORIM;11/09/2026
1063123;195906;MARTE PAES;JOSE ROBERTO DENIZIO;11/09/2026
1063122;195486;ZAPITH DOCES - JARDIM DANFER;AROLDO BATISTA SANTOS;11/09/2026
1063121;196428;MEGA 100 - COTIA;EDSON MALAGUTTI;11/09/2026
1063120;195762;R.I.J UTILIDADES DOMESTICAS;AROLDO BATISTA SANTOS;11/09/2026
1063119;196662;ROLDAO - SANTO AMARO;CAIO VINICIUS AMORIM;11/09/2026
1063115;197215;ROLDAO - ATIBAIA;CAIO VINICIUS AMORIM;11/09/2026
1063114;195873;LOJAO VARIEDADE NAZARETH;JOSE ROBERTO DENIZIO;11/09/2026
1063112;196240;ROLDAO - CUPECE;CAIO VINICIUS AMORIM;11/09/2026
1063111;195670;ALTO DA PONTE  - SJC;RAPHAEL COUTINHO ESPINDOLA;11/09/2026
1063110;195667;ALTO DA PONTE -  JAMBEIRO;RAPHAEL COUTINHO ESPINDOLA;11/09/2026
1063109;195668;ALTO DA PONTE - TAUBATE;RAPHAEL COUTINHO ESPINDOLA;11/09/2026
1063108;195645;COMERCIAL RIVIEIRA;AROLDO BATISTA SANTOS;11/09/2026
1063107;195544;ESPORTE CLUBE PINHEIROS;INES MARTIN;11/09/2026
1063106;195541;MINI MERCADO GAIJIN;INES MARTIN;11/09/2026
1063105;195543;MINI MERCADO GAIJIN;INES MARTIN;11/09/2026
1063104;195765;R.I.J UTILIDADES DOMESTICAS;AROLDO BATISTA SANTOS;11/09/2026
1063103;196088;ROLDAO - MOOCA;CAIO VINICIUS AMORIM;11/09/2026
1063099;195549;ROLDAO - BUTANTA - MATRIZ;CAIO VINICIUS AMORIM;11/09/2026
1063098;195766;R.I.J UTILIDADES DOMESTICAS;AROLDO BATISTA SANTOS;11/09/2026
1063094;195824;BOM LUGAR - 28;PAULO COSTA;11/09/2026
1063090;195582;ROLDAO - IPIRANGA;CAIO VINICIUS AMORIM;11/09/2026
1063087;196073;BOM LUGAR - 18;PAULO COSTA;11/09/2026
1063086;196017;ROLDAO - OSASCO;CAIO VINICIUS AMORIM;11/09/2026
1063085;195785;ALCANCE PLUS COMERCIO VAREJISTA;JOSE ARTENCIO;11/09/2026
1063084;195786;ALCANCE PLUS COMERCIO VAREJISTA;JOSE ARTENCIO;11/09/2026
1063083;197096;ROLDAO - CAMPO LIMPO;CAIO VINICIUS AMORIM;11/09/2026
1063082;195764;R.I.J UTILIDADES DOMESTICAS;AROLDO BATISTA SANTOS;11/09/2026
1063081;196707;ROLDAO - JUNDIAI;CAIO VINICIUS AMORIM;11/09/2026
1063080;195961;MORADA DE JUNDIAI;EDSON MALAGUTTI;11/09/2026
1063079;196207;CHOCOBISCO;EDSON MALAGUTTI;11/09/2026
1063076;195793;ROLDAO - GUARULHOS;CAIO VINICIUS AMORIM;11/09/2026
1063075;195646;COMERCIAL RIVIEIRA;AROLDO BATISTA SANTOS;11/09/2026
1063073;195512;BOM LUGAR - 31;PAULO COSTA;11/09/2026
1063071;195624;SUPERMERCADO BARRACAO  - LJ 01;DAIANE CRISTINA DE OLIVEIRA;11/09/2026
1063070;195625;SUPERMERCADO BARRACAO  - LJ 01;DAIANE CRISTINA DE OLIVEIRA;11/09/2026
1063069;195626;SUPERMERCADO BARRACAO - CD FILIAL LJ 02;DAIANE CRISTINA DE OLIVEIRA;11/09/2026
1063068;195627;SUPERMERCADO BARRACAO - CD FILIAL LJ 02;DAIANE CRISTINA DE OLIVEIRA;11/09/2026
1063067;195429;J E COMERCIO;VENDEDOR INTERNO;11/09/2026
1063064;195872;LOJAO VARIEDADE NAZARETH;JOSE ROBERTO DENIZIO;11/09/2026
1063063;15208;GLEZ IMPORTACAO E EXPORTACAO LDA;FERNANDO ARRUDA;11/09/2026
1063057;195719;SUPERMERCADO CARNES BOI NELORE;WAGNER DA SILVA LIMA;11/09/2026
1063056;196313;SUPERMERCADO LEONELLO;ADRIANO CEZAR GOMES;11/09/2026
1063054;195540;NIVVI MARKET;ROBSON BERTOLINI;11/09/2026
1063053;195662;BDML - LJ 01;CARLOS FERREIRA;11/09/2026
1063050;196311;SILVESTRE ALIMENTOS;GILMERIO QUEIROZ - GERENTE DE AREA;11/09/2026
1063047;196121;SUPERMERCADO NOVO JAN;JOSE SOARES;11/09/2026
1063046;195676;MERCADO NOSSO LAR;JOSE SOARES;11/09/2026
1063045;195661;BDML - LJ 01;CARLOS FERREIRA;11/09/2026
1063044;195675;SUPERMERCADO ZERO HORA - PRAIA GRANDE;JOSE SOARES;11/09/2026
1063043;196556;REDE DE DISTRIBUICAO ZEFERINO;ADRIANO CEZAR GOMES;11/09/2026
1063041;195674;SUPERMERCADO ZERO HORA - PRAIA GRANDE;JOSE SOARES;11/09/2026
1063037;195680;MERCADO NOSSO LAR;JOSE SOARES;11/09/2026
1063035;195660;BDML - LJ 01;CARLOS FERREIRA;11/09/2026
1063034;195830;AGUIA ATACAREJO;CELSO NUNES TEIXEIRA;11/09/2026
1063033;195829;CORUJA SUPERMERCADOS;CELSO NUNES TEIXEIRA;11/09/2026
1063032;195831;GIRAFA SUPERMERCADOS;CELSO NUNES TEIXEIRA;11/09/2026
1063031;195832;RINO ATACAREJO;CELSO NUNES TEIXEIRA;11/09/2026
1063030;40644;DA TERRINHA - FILIAL SP;PAULO ALEX;11/09/2026
1063029;196120;SUPERMERCADO NOVO JAN;JOSE SOARES;11/09/2026
1063028;195628;HE DISTRIBUICAO;DAIANE CRISTINA DE OLIVEIRA;11/09/2026
1063027;195629;HE DISTRIBUICAO;DAIANE CRISTINA DE OLIVEIRA;11/09/2026
1063026;195665;INOVA - SANTANA DE PARNAIBA - FILIAL 1;FRANCISCO ANACLETO;11/09/2026
1063025;195803;ALVARO - LJ 04;ERICK MOREIRA;11/09/2026
1063023;195804;ALVARO - LJ 04;ERICK MOREIRA;11/09/2026
1063021;196340;SABORES DA TERRINHA - LOJA 03;ELTON;11/09/2026
1063020;196217;MERCADO CAMPINAS III;KALIEL DE CALDA LEITE;11/09/2026
1063019;196216;MERCADO CAMPINAS II;KALIEL DE CALDA LEITE;11/09/2026
1063018;196215;MERCADO CAMPINAS II;KALIEL DE CALDA LEITE;11/09/2026
1063017;196276;CASA DE CARNES JDS;CARLOS FERREIRA;11/09/2026
1063016;195542;MULTYPLI SUPERMERCADOS;PAULO SERGIO;11/09/2026
1063015;195510;SACOLAO SAO JORGE - LEOPOLDINA;CARLOS FERREIRA;11/09/2026
1063014;195506;SACOLAO PIO XI;CARLOS FERREIRA;11/09/2026
1063013;195682;KACULA - 01;LEANDRO GOLDINHO LOPES;11/09/2026
1063012;195932;KACULA - 02;LEANDRO GOLDINHO LOPES;11/09/2026
1063011;195936;KACULA - 03;LEANDRO GOLDINHO LOPES;11/09/2026
1063010;195617;KACULA - 05;LEANDRO GOLDINHO LOPES;11/09/2026
1063009;196000;ALVARO - LJ 01;ERICK MOREIRA;11/09/2026
1063008;195545;MULTYPLI SUPERMERCADOS;PAULO SERGIO;11/09/2026
1063007;40643;DA TERRINHA - FILIAL SP;PAULO ALEX;11/09/2026
1063005;196205;MERCADAO CARNES - FIRMINOPOLIS;FELIPE GOMES;11/09/2026
1063004;195428;2JM AMIDOS;VENDEDOR INTERNO;11/09/2026
1063003;195581;HIROTA EXPRESS - CD 98;GILMERIO QUEIROZ - GERENTE DE AREA;11/09/2026
1063002;195547;HIROTA EXPRESS - CD CEAGESP;GILMERIO QUEIROZ - GERENTE DE AREA;11/09/2026
1063001;15207;GLEZ IMPORTACAO E EXPORTACAO LDA;FERNANDO ARRUDA;11/09/2026
1062998;195684;PEDREIRA - 930 CD;ERICK MOREIRA;11/09/2026
1062992;195300;DAVO SUPERMERCADOS - LOJA 34;GILMERIO QUEIROZ - GERENTE DE AREA;11/09/2026
1062989;195807;KACULA - CD;LEANDRO GOLDINHO LOPES;11/09/2026
1062987;195935;KACULA - 03;LEANDRO GOLDINHO LOPES;11/09/2026
1062986;195862;BOM LUGAR - 13;PAULO COSTA;11/09/2026
1062985;195866;BOM LUGAR - 13;PAULO COSTA;11/09/2026
1062983;195514;BOM LUGAR - 16;PAULO COSTA;11/09/2026
1062982;195778;SUPERMERCADO OURINHOS;FELIPE GOMES;11/09/2026
1062981;195720;KACULA - 04;LEANDRO GOLDINHO LOPES;11/09/2026
1062980;195643;BERGAMINI - EDU CHAVES;FELIPE GOMES;11/09/2026
1062979;195616;KACULA - 05;LEANDRO GOLDINHO LOPES;11/09/2026
1062978;195640;BERGAMINI - JACANA;FELIPE GOMES;11/09/2026
1062977;195933;KACULA - 02;LEANDRO GOLDINHO LOPES;11/09/2026
1062975;195681;KACULA - 01;LEANDRO GOLDINHO LOPES;11/09/2026
1062974;195609;NICOLAU MAX;ROGERIO APARECIDO DA SILVA RODRIGUES;11/09/2026
1062972;195354;J ANTONELLI SUPERMERCADOS;DAIANE CRISTINA DE OLIVEIRA;11/09/2026
1062971;195511;PADARIA LIDER 10 - GRANJA OLGA;PAULO COSTA;11/09/2026
1062970;195515;CD - REAL ALIMENTOS;PAULO COSTA;11/09/2026
1062968;195630;SUPERMERCADO TIBA  - DOURADO;DAIANE CRISTINA DE OLIVEIRA;11/09/2026
1062967;195631;SUPERMERCADO TIBA  - DOURADO;DAIANE CRISTINA DE OLIVEIRA;11/09/2026
1062965;196396;JOSELITA ALV;WAGNER DA SILVA LIMA;11/09/2026
1062964;196395;JOSELITA ALV;WAGNER DA SILVA LIMA;11/09/2026
1062963;195348;CD MUFFATO - MIRASSOL;FABIO HENRIQUE MONTEIRO;11/09/2026
1062930;195717;BOI ARTES;WAGNER DA SILVA LIMA;11/09/2026
1062897;195355;J ANTONELLI SUPERMERCADOS;DAIANE CRISTINA DE OLIVEIRA;11/09/2026
1062837;195865;TORRA PRECO;WILSON PEREIRA;11/09/2026
1062836;195425;ALCANCE PLUS COMERCIO VAREJISTA;JOSE ARTENCIO;11/09/2026
1062835;195881;SUPERMERCADO PEPE;SILVANO ARRUDA;11/09/2026
1062833;195864;TORRA PRECO;WILSON PEREIRA;11/09/2026
1062832;196332;N.D.M. - DISTRIBUIDO;RODOLFO QUERINO LUIZ - GERENTE DE AREA;11/09/2026
1062831;196331;N.D.M. - DISTRIBUIDO;RODOLFO QUERINO LUIZ - GERENTE DE AREA;11/09/2026
1062830;196330;N.D.M. - DISTRIBUIDO;RODOLFO QUERINO LUIZ - GERENTE DE AREA;11/09/2026
1062829;196325;N.D.M. - DISTRIBUIDO;RODOLFO QUERINO LUIZ - GERENTE DE AREA;11/09/2026
1062828;196324;N.D.M. - DISTRIBUIDO;RODOLFO QUERINO LUIZ - GERENTE DE AREA;11/09/2026
1062827;196329;N.D.M. - DISTRIBUIDO;RODOLFO QUERINO LUIZ - GERENTE DE AREA;11/09/2026
1062826;195363;TEXAS CARNES - V. MASCOTE;INES MARTIN;11/09/2026
1062825;196328;N.D.M. - DISTRIBUIDO;RODOLFO QUERINO LUIZ - GERENTE DE AREA;11/09/2026
1062824;196326;N.D.M. - DISTRIBUIDO;RODOLFO QUERINO LUIZ - GERENTE DE AREA;11/09/2026
1062823;195505;SACOLAO PIO XI;CARLOS FERREIRA;11/09/2026
1062822;196327;N.D.M. - DISTRIBUIDO;RODOLFO QUERINO LUIZ - GERENTE DE AREA;11/09/2026
1062821;196011;FRUTERRA COMERCIO;JOSUE EVANGELISTA;11/09/2026
1062819;196275;SUPERMERCADO JAGUARE;CARLOS FERREIRA;11/09/2026
1062818;195851;SUPERMERCADO RODRIGUES MRM;CARLOS FERREIRA;11/09/2026
1062817;195377;COMPRE MAIS - SANTA MARIA;CARLOS FERREIRA;11/09/2026
1062813;195508;SUPERMERCADO SUPER VILE;CARLOS FERREIRA;11/09/2026
1062812;195509;SACOLAO SAO JORGE - LEOPOLDINA;CARLOS FERREIRA;11/09/2026
1062811;195384;COMPRE MAIS - NOVO HORIZONTE;CARLOS FERREIRA;11/09/2026
1062809;195850;DISTRIBUIDORA MARGARETE;CARLOS FERREIRA;11/09/2026
1062808;196013;SUPERMERCADO FORTALEZA;CARLOS FERREIRA;11/09/2026
1062807;196015;SUPERMERCADO FORTALEZA;CARLOS FERREIRA;11/09/2026
1062806;196177;ESTRELA SUPERMERCADO;CARLOS FERREIRA;11/09/2026
1062805;196179;ESTRELA SUPERMERCADO;CARLOS FERREIRA;11/09/2026
1062804;195507;SUPERMERCADO SUPER VILE;CARLOS FERREIRA;11/09/2026
1062803;195222;SUPERMERCADO PAO DE MEL;CLAUDIO AKIO SOGA;11/09/2026
1062802;195223;SUPERMERCADO PAO DE MEL;CLAUDIO AKIO SOGA;11/09/2026
1062800;195644;BERGAMINI - EDU CHAVES;FELIPE GOMES;11/09/2026
1062799;195641;BERGAMINI - JACANA;FELIPE GOMES;11/09/2026
1062798;195524;SUPERMERCADO OURINHOS;FELIPE GOMES;11/09/2026
1062797;196212;MAGNANIMO - LJ 07;KALIEL DE CALDA LEITE;11/09/2026
1062796;195361;TEODULO - BROOKLIN;CLEO CAVALCANTI;11/09/2026
1062795;195464;MERCADINHO TOP;JOSE GOMES DOS S.;11/09/2026
1062793;196220;MAGNANIMO - LJ 09;KALIEL DE CALDA LEITE;11/09/2026
1062792;195259;SUPERMERCADO CANOSSA  - LJ 02;KALIEL DE CALDA LEITE;11/09/2026
1062791;196218;MAGNANIMO - LJ 05;KALIEL DE CALDA LEITE;11/09/2026
1062788;196211;POPULAR DE REGISTRO;KALIEL DE CALDA LEITE;11/09/2026
1062787;195460;ROSETTI & KARINA;JUAREZ COSTA;11/09/2026
1062786;195462;SUPERMERCADO KOMAPE;JUAREZ COSTA;11/09/2026
1062785;195463;SUPERMERCADO KOMAPE;JUAREZ COSTA;11/09/2026
1062784;195278;FORTE ALIANCA;JUAREZ COSTA;11/09/2026
1062783;195279;FORTE ALIANCA;JUAREZ COSTA;11/09/2026
1062782;195288;SUPERMERCADO VILA NOVA YORK;AROLDO BATISTA SANTOS;11/09/2026
1062781;195525;SUPERMERCADO OURINHOS;FELIPE GOMES;11/09/2026
1062780;195255;SUPERMERCADO CANOSSA  - LJ 03;KALIEL DE CALDA LEITE;11/09/2026
1062779;195258;SUPERMERCADO CANOSSA  - LJ 03;KALIEL DE CALDA LEITE;11/09/2026
1062778;195257;SUPERMERCADO CANOSSA  - LJ 03;KALIEL DE CALDA LEITE;11/09/2026
1062777;195499;QUITANDAO;JOSE SOARES;11/09/2026
1062776;195256;SUPERMERCADO CANOSSA  - LJ 02;KALIEL DE CALDA LEITE;11/09/2026
1062775;195251;SUPERMERCADO CANOSSA  - LJ 01;KALIEL DE CALDA LEITE;11/09/2026
1062774;195253;SUPERMERCADO CANOSSA  - LJ 01;KALIEL DE CALDA LEITE;11/09/2026
1062773;195252;SUPERMERCADO CANOSSA  - LJ 01;KALIEL DE CALDA LEITE;11/09/2026
1062772;195254;SUPERMERCADO CANOSSA  - LJ 02;KALIEL DE CALDA LEITE;11/09/2026
1062771;195642;BERGAMINI - JACANA;FELIPE GOMES;11/09/2026
1062770;195378;COMPRE MAIS - NOVO HORIZONTE;CARLOS FERREIRA;11/09/2026
1062769;195339;MERCADO VITORIA;ROGERIO APARECIDO DA SILVA RODRIGUES;11/09/2026
1062768;195333;SUPERMERCADO VICTORIA;ROGERIO APARECIDO DA SILVA RODRIGUES;11/09/2026
1062767;195500;QUITANDAO;JOSE SOARES;11/09/2026
1062766;195324;COFESA - 06;DANILO DE ALMEIDA SANTOS;11/09/2026
1062765;195380;COMPRE MAIS - SANTA MARIA;CARLOS FERREIRA;11/09/2026
1062733;195376;SUPERMERCADO JAGUARE;CARLOS FERREIRA;11/09/2026
1062699;195340;CD MUFFATO - MIRASSOL;FABIO HENRIQUE MONTEIRO;11/09/2026
1062666;195189;VALTER PINHEIRO;VALTER PINHEIRO;11/09/2026
1062600;195274;DALBEN - VALINHOS;OSNEY RICARDO;11/09/2026
1062567;195273;DALBEN - VALINHOS;OSNEY RICARDO;11/09/2026
1062535;195972;DALBEN - MANSOES;OSNEY RICARDO;11/09/2026
1062534;195971;DALBEN - MANSOES;OSNEY RICARDO;11/09/2026
1062524;195212;DALBEN - BARAO;OSNEY RICARDO;11/09/2026
1062523;195210;DALBEN - BARAO;OSNEY RICARDO;11/09/2026
1062522;195211;DALBEN - BARAO;OSNEY RICARDO;11/09/2026
1062521;195226;DALBEN - TAQUARAL;OSNEY RICARDO;10/09/2026
1062520;195225;DALBEN - TAQUARAL;OSNEY RICARDO;10/09/2026
1062519;195224;REDE ASP ENXUTO - CAMPINAS - 0007-80;OSNEY RICARDO;10/09/2026
1062518;195346;REDE ASP ENXUTO - COSMOPOLIS - 0006-07;OSNEY RICARDO;10/09/2026
1062517;195532;REDE ASP FLEX PEDREIRA 1 - LJ13;OSNEY RICARDO;10/09/2026
1062516;195530;REDE ASP FLEX JAGUARIUNA 2 - LJ 11;OSNEY RICARDO;10/09/2026
1062515;195533;REDE ASP FLEX POSSE 1 - LJ 12;OSNEY RICARDO;10/09/2026
1062514;195275;REDE ASP FLEX ITATIBA - LJ 08;OSNEY RICARDO;10/09/2026
1062513;195531;REDE ASP FLEX JAGUARIUNA 1- LJ10;OSNEY RICARDO;10/09/2026
1062512;195474;REDE ASP FLEX VALINHOS - LJ 06;OSNEY RICARDO;10/09/2026
1062511;195476;REDE ASP FLEX VINHEDO - LJ 07;OSNEY RICARDO;10/09/2026
1062510;195475;REDE ASP - LJ 03;OSNEY RICARDO;10/09/2026
1062509;195272;REDE ASP - LJ 05;OSNEY RICARDO;10/09/2026
1062508;195334;SUPERMERCADO VICTORIA;ROGERIO APARECIDO DA SILVA RODRIGUES;10/09/2026
1062507;195477;REDE ASP  - LJ 01;OSNEY RICARDO;10/09/2026
1062506;195323;COFESA - 06;DANILO DE ALMEIDA SANTOS;10/09/2026
1062505;195338;MERCADO VITORIA;ROGERIO APARECIDO DA SILVA RODRIGUES;10/09/2026
1062504;195521;TRIMAIS PERI;DANIEL CAMACHO;10/09/2026
1062503;195221;SUPERMERCADO PAO DE MEL;CLAUDIO AKIO SOGA;10/09/2026
1062502;195537;REI DO FIFO II;FRANCISCO ANACLETO;10/09/2026
1062501;195535;REI DO FIFO II;FRANCISCO ANACLETO;10/09/2026
1062500;195371;TRIMAIS FURNAS;DANIEL CAMACHO;10/09/2026
1062499;195287;MERCADO COMBATE;AROLDO BATISTA SANTOS;10/09/2026
1062498;195286;SUPERMERCADO VILA NOVA YORK;AROLDO BATISTA SANTOS;10/09/2026
1062497;195301;TRIMAIS TUCURUVI;DANIEL CAMACHO;10/09/2026
1062496;195349;TRIMAIS LAUZANE;DANIEL CAMACHO;10/09/2026
1062494;195342;SM RILU LOJA 1;EDERVAL DONIZETE DA SILVA;10/09/2026
1062493;195341;SM RILU LOJA 1;EDERVAL DONIZETE DA SILVA;10/09/2026
1062492;195260;BIG CD;RENATO SANTO MICHELMANN;10/09/2026
1062491;195261;BIG CD;RENATO SANTO MICHELMANN;10/09/2026
1062490;195819;SUPERMERCADO PISTONI;EDSON MALAGUTTI;10/09/2026
1062488;195345;SUPERMERCADO SCOTON - SAO PEDRO;CELSO NUNES TEIXEIRA;10/09/2026
1062487;195833;ARGOS ATACADISTA;CELSO NUNES TEIXEIRA;10/09/2026
1062486;195820;SUPERMERCADO PISTONI;EDSON MALAGUTTI;10/09/2026
1062485;195353;OPINI - LJ 02;DAIANE CRISTINA DE OLIVEIRA;10/09/2026
1062484;195352;OPINI - LJ 02;DAIANE CRISTINA DE OLIVEIRA;10/09/2026
1062483;195213;CHOCOBISCO;EDSON MALAGUTTI;10/09/2026
1062482;195214;CHOCOBISCO;EDSON MALAGUTTI;10/09/2026
1062481;195357;OPINI - LJ 01;DAIANE CRISTINA DE OLIVEIRA;10/09/2026
1062480;195749;GIKANY TRANSPORTE;ERICK MOREIRA;10/09/2026
1062479;195310;ALVARO - LJ 01;ERICK MOREIRA;10/09/2026
1062478;195307;ALVARO - LJ 02;ERICK MOREIRA;10/09/2026
1062477;195308;ALVARO - LJ 03;ERICK MOREIRA;10/09/2026
1062476;195802;ALVARO - LJ 04;ERICK MOREIRA;10/09/2026
1062475;195750;MERCADO KIODAI - ITAPECERICA;ERICK MOREIRA;10/09/2026
1062474;195459;ROSETTI & KARINA;JUAREZ COSTA;10/09/2026
1062473;195390;MERCADO CERQUEIRA - JARDIM RODOLFO PIRANI;JOSE ROBERTO DENIZIO;10/09/2026
1062472;195373;MAREQUINHA;JOSE ROBERTO DENIZIO;10/09/2026
1062471;195369;MERCADO CENTRAL;CAROLINA DOS SANTOS ROCHA;10/09/2026
1062470;195370;MERCADO CENTRAL;CAROLINA DOS SANTOS ROCHA;10/09/2026
1062469;195395;SUPERMERCADO PEPE;SILVANO ARRUDA;10/09/2026
1062468;196155;TRIMAIS TUCURUVI;DANIEL CAMACHO;10/09/2026
1062467;196343;TRIMAIS PERI;DANIEL CAMACHO;10/09/2026
1062466;195392;SUPERMERCADO PEPE;SILVANO ARRUDA;10/09/2026
1062465;196344;TRIMAIS LAUZANE;DANIEL CAMACHO;10/09/2026
1062464;195394;SUPERMERCADO PEPE;SILVANO ARRUDA;10/09/2026
1062463;195276;MERCADO DURVAL;ERICK MOREIRA;10/09/2026
1062462;195751;RED BOI - NOVA METRO;ERICK MOREIRA;10/09/2026
1062461;195801;RED BOI - EMBU GUACU;ERICK MOREIRA;10/09/2026
1062460;195356;OPINI - LJ 01;DAIANE CRISTINA DE OLIVEIRA;10/09/2026
1062459;195375;TAIT - VILA PERUS;FRANCISCO ANACLETO;10/09/2026
1062458;195372;MAREQUINHA;JOSE ROBERTO DENIZIO;10/09/2026
1062457;195216;CHOCOBISCO;EDSON MALAGUTTI;10/09/2026
1062456;195215;CHOCOBISCO;EDSON MALAGUTTI;10/09/2026
1062455;195745;RED BOI - VALO VELHO;ERICK MOREIRA;10/09/2026
1062454;195746;RED BOI - VALO VELHO;ERICK MOREIRA;10/09/2026
1062453;195747;RED BOI - NOVA METRO;ERICK MOREIRA;10/09/2026
1062451;195362;TEODULO - BROOKLIN;CLEO CAVALCANTI;10/09/2026
1062450;195999;ANDARI MINIMERCADO;FLAVIA SIQUEIRA;10/09/2026
1062449;195835;BALAN SUPERMERCADO;CELSO NUNES TEIXEIRA;10/09/2026
1062448;195836;BALAN SUPERMERCADO;CELSO NUNES TEIXEIRA;10/09/2026
1062447;195527;MINI MERCADO SERRA DOURADA;FLAVIA SIQUEIRA;10/09/2026
1062446;195280;MOINHO SUPERMERCADO;ALEXANDRE VIANA;10/09/2026
1062445;195303;RED BOI - SAO JOSE;ERICK MOREIRA;10/09/2026
1062444;195306;REDE BOI - TEOTONIO;ERICK MOREIRA;10/09/2026
1062443;195391;MERCADO CERQUEIRA - JARDIM RODOLFO PIRANI;JOSE ROBERTO DENIZIO;10/09/2026
1062442;195350;OPINI - LJ 02;DAIANE CRISTINA DE OLIVEIRA;10/09/2026
1062441;195351;OPINI - LJ 02;DAIANE CRISTINA DE OLIVEIRA;10/09/2026
1062440;195191;ARMAZEM NORDESTINO E PRODUTOS NATURAIS;MARIO MIZUKA;10/09/2026
1062439;195998;ANDARI MINIMERCADO;FLAVIA SIQUEIRA;10/09/2026
1062438;195365;GUSTAVO MARQUES;ALEXANDRE VIANA;10/09/2026
1062437;195526;MINI MERCADO SERRA DOURADA;FLAVIA SIQUEIRA;10/09/2026
1062436;195396;MERCADO PONTO IDEAL;JOSE ROBERTO DENIZIO;10/09/2026
1062435;195269;FINELLI & MORAIS - LJ 02;RENATO SANTO MICHELMANN;10/09/2026
1062434;195268;FINELLI & MORAIS - LJ 01;RENATO SANTO MICHELMANN;10/09/2026
1062433;195305;REDE BOI - TEOTONIO;ERICK MOREIRA;10/09/2026
1062432;195344;SUPERMERCADO SCOTON - SAO PEDRO;CELSO NUNES TEIXEIRA;10/09/2026
1062431;195834;ARGOS ATACADISTA;CELSO NUNES TEIXEIRA;10/09/2026
1062430;195304;RED BOI - SAO JOSE;ERICK MOREIRA;10/09/2026
1062429;195262;BIG CD;RENATO SANTO MICHELMANN;10/09/2026
1062428;195360;REDE CONFIANCA - CD;DAIANE CRISTINA DE OLIVEIRA;10/09/2026
1062427;195281;MOINHO SUPERMERCADO;ALEXANDRE VIANA;10/09/2026
1062426;195818;SUPERMERCADO PISTONI;EDSON MALAGUTTI;10/09/2026
1062425;195821;SUPERMERCADO PISTONI;EDSON MALAGUTTI;10/09/2026
1062424;195393;MERCADO PONTO IDEAL;JOSE ROBERTO DENIZIO;10/09/2026
1062423;196187;HORT FRUTI ORIENTE;VALTER AMARAL MACHADO;10/09/2026
1062422;195283;MERCADO ALIADO;GUSTAVO GOMES;10/09/2026
1062421;195218;AMIZADE SUPERMERCADO;GUSTAVO GOMES;10/09/2026
1062420;195248;CARINHOSO SUPERMERCADO;GUSTAVO GOMES;10/09/2026
1062418;195263;BIG CD;RENATO SANTO MICHELMANN;10/09/2026
1062417;195364;GUSTAVO MARQUES;ALEXANDRE VIANA;10/09/2026
1062416;15206;TIPIOG GMBH;FERNANDO ARRUDA;10/09/2026
1062415;195343;SUPERMERCADOS MIALICH;DAIANE CRISTINA DE OLIVEIRA;10/09/2026
1062414;195309;REDE BOI - TEXANA CIDADE DUTRA;ERICK MOREIRA;10/09/2026
1062413;195294;SO OFERTAS - LJ 01;OSNEY RICARDO;10/09/2026
1062412;195311;REDE BOI - TEXANA CIDADE DUTRA;ERICK MOREIRA;10/09/2026
1062411;657;DA TERRINHA - FILIAL SP;VENDEDOR INTERNO;10/09/2026
1062410;195158;SO OFERTAS - LJ 17;OSNEY RICARDO;10/09/2026
1062409;195242;CARINHOSO SUPERMERCADO;GUSTAVO GOMES;10/09/2026
1062408;195270;SO OFERTAS - LJ 13;OSNEY RICARDO;10/09/2026
1062407;195157;SO OFERTAS SUMARE 2;OSNEY RICARDO;10/09/2026
1062406;195219;AMIZADE SUPERMERCADO;GUSTAVO GOMES;10/09/2026
1062403;195182;SO OFERTAS - LJ 08;OSNEY RICARDO;10/09/2026
1062402;195285;MERCADO ALIADO;GUSTAVO GOMES;10/09/2026
1062401;196309;MAMBO - CD BARUERI;FERNANDO VOLTERO;10/09/2026
1062399;195335;SUPERMERCADO A BAIUCA;ROGERIO APARECIDO DA SILVA RODRIGUES;10/09/2026
1062398;195037;DISTRIBUIDORA CONTINENTAL;EDVALDO DOS SANTOS PEREIRA;10/09/2026
1062396;195469;SUPERMERCADO SERRA DO MAR - LJ 01;JOSE GOMES DOS S.;10/09/2026
1062395;195466;SUPERMERCADO SERRA DO MAR - LJ 01;JOSE GOMES DOS S.;10/09/2026
1062392;195806;TEODULO - CIDADE DUTRA;CLEO CAVALCANTI;10/09/2026
1062391;195687;MARCHE CD - JANDIRA;EDVALDO DOS SANTOS PEREIRA;10/09/2026
1062389;195686;MARCHE CD - JANDIRA;EDVALDO DOS SANTOS PEREIRA;10/09/2026
1062386;195173;COLINA - ILHABELA;SEBASTIAO FERNANDES;10/09/2026
1062385;195688;MARCHE CD - JANDIRA;EDVALDO DOS SANTOS PEREIRA;10/09/2026
1062384;195174;COLINA - SUL;SEBASTIAO FERNANDES;10/09/2026
1062382;195250;MINI MERCADO UETI;RONILSON RIBEIRO;10/09/2026
1062380;195594;VIVA MINIMERCADO;JOSE ROBERTO DENIZIO;10/09/2026
1062379;195416;MERCADO MINUTO;FLAVIA SIQUEIRA;10/09/2026
1062378;196045;SUPERMERCADO JANGADA;JOSE SOARES;10/09/2026
1062377;195685;MAX - MORUMBI;FABIO HENRIQUE MONTEIRO;10/09/2026
1062376;195249;MINI MERCADO UETI;RONILSON RIBEIRO;10/09/2026
1062374;196862;IRMAOS MUFFATO - MAX CAMPINAS;FABIO HENRIQUE MONTEIRO;10/09/2026
1062371;195267;SUPERMERCADO UNIAO - LOJA 02;RENATO SANTO MICHELMANN;10/09/2026
1062369;195295;EMPORIO E MERCADO ASSIS;FLAVIA SIQUEIRA;10/09/2026
1062368;195467;SUPERMERCADO SERRA DO MAR - LJ 02;JOSE GOMES DOS S.;10/09/2026
1062367;195293;IRMAOS REIS;FLAVIA SIQUEIRA;10/09/2026
1062366;195244;EMPORIO SANTANINHA;ROBERTO HIROSHI SOGA;10/09/2026
1062365;195593;VIVA MINIMERCADO;JOSE ROBERTO DENIZIO;10/09/2026
1062363;195154;CAIAQUE MERCADO;FLAVIA SIQUEIRA;10/09/2026
1062362;195366;MERCADO MK;FLAVIA SIQUEIRA;10/09/2026
1062361;195368;ARMAZEM SAO VITO - LOJA 2;FLAVIA SIQUEIRA;10/09/2026
1062360;195367;ARMAZEM SAO VITO - LOJA 2;FLAVIA SIQUEIRA;10/09/2026
1062359;196048;LATICINIOS GONZAGA;JOSE SOARES;10/09/2026
1062358;195243;MERCADINHO JARDIM SAO PAULO;ROBERTO HIROSHI SOGA;10/09/2026
1062357;195155;SO OFERTAS - LJ 16;OSNEY RICARDO;10/09/2026
1062353;195465;SUPERMERCADO SERRA DO MAR - LJ 02;JOSE GOMES DOS S.;10/09/2026
1062352;195292;IRMAOS REIS;FLAVIA SIQUEIRA;10/09/2026
1062351;195196;SO OFERTAS - LJ 04;OSNEY RICARDO;10/09/2026
1062349;194857;J E COMERCIO;VENDEDOR INTERNO;10/09/2026
1062348;195296;EMPORIO E MERCADO ASSIS;FLAVIA SIQUEIRA;10/09/2026
1062346;197250;IRMAOS MUFFATO - MAX INTERLAGOS;FABIO HENRIQUE MONTEIRO;10/09/2026
1062344;195657;SO OFERTAS - LJ 06;OSNEY RICARDO;10/09/2026
1062343;195247;DIAS PASTORINHO - SANTANA;ALENCAR SILVA;10/09/2026
1062341;195134;HORT FRUTI ORIENTE;VALTER AMARAL MACHADO;10/09/2026
1062340;195197;SO OFERTAS - LJ 07;OSNEY RICARDO;10/09/2026
1062338;195183;SUPER MIX BRANDINA;OSNEY RICARDO;10/09/2026
1062337;195748;FOX CARNES - JARDIM DAS ROSAS;WAGNER DA SILVA LIMA;10/09/2026
1062336;195038;CALVO - JD ARICANDUVA;VALDENIR VOLTERO;10/09/2026
1062335;196046;LATICINIOS GONZAGA;JOSE SOARES;10/09/2026
1062333;195184;SUPER MIX BRANDINA;OSNEY RICARDO;10/09/2026
1062332;197448;IRMAOS MUFFATO - MAX GUARULHOS;FABIO HENRIQUE MONTEIRO;10/09/2026
1062331;195744;FOX CARNES - JARDIM DAS ROSAS;WAGNER DA SILVA LIMA;10/09/2026
1062330;195246;APETITO - CARNES SAN PEDRO;FELIPE GOMES;10/09/2026
1062328;196310;MAMBO - CD BARUERI;FERNANDO VOLTERO;10/09/2026
1062327;195185;SUPER MIX BRANDINA;OSNEY RICARDO;10/09/2026
1062326;196612;IRMAOS MUFFATO - MAX BUTANTA;FABIO HENRIQUE MONTEIRO;10/09/2026
1062323;195198;SO OFERTAS - LJ 05;OSNEY RICARDO;10/09/2026
1062322;197622;IRMAOS MUFFATO - MAX PIRACICABA;FABIO HENRIQUE MONTEIRO;10/09/2026
1062321;197569;IRMAOS MUFFATO - MAX SOROCABA RAPOSO;FABIO HENRIQUE MONTEIRO;10/09/2026
1062320;195669;IRMAOS MUFFATO - MAX MAX SJ CAMPOS;FABIO HENRIQUE MONTEIRO;10/09/2026
1062319;195447;SO OFERTAS - JACARE;OSNEY RICARDO;10/09/2026
1062318;195136;PIRATININGA - SAO BENTO;EDMILSON - 02;10/09/2026
1062317;195137;PIRATININGA - 02;EDMILSON - 02;10/09/2026
1062316;195083;ELISIO - LJ 02;OSNEY RICARDO;10/09/2026
1062315;197292;IRMAOS MUFFATO - MAX SANTO ANDRE;FABIO HENRIQUE MONTEIRO;10/09/2026
1062314;195347;PIRATININGA - 03;EDMILSON - 02;10/09/2026
1062313;195358;PIRATININGA - JD PAULISTA;EDMILSON - 02;10/09/2026
1062312;195135;PIRATININGA - 01;EDMILSON - 02;10/09/2026
1062311;195568;PIRATININGA - 04;EDMILSON - 02;10/09/2026
1062309;195658;SO OFERTAS - LJ 11;OSNEY RICARDO;10/09/2026
1062308;194950;SO OFERTAS - LJ 10;OSNEY RICARDO;10/09/2026
1062306;195553;SO OFERTAS - LJ 12;OSNEY RICARDO;10/09/2026
1062305;195689;SUPER MUFFATO - VILA NOVA SOROCABA;FABIO HENRIQUE MONTEIRO;10/09/2026
1062304;195302;SO PASSAROS COMERCIO ATACADISTA;JOSUE EVANGELISTA;10/09/2026
1062303;195415;HM HM SUPERMERCADOS - EMPORIUM SP AFONSO BRAZ;SILVANO ARRUDA;10/09/2026
1062302;195147;DISTRIBUIDORA CONTINENTAL;EDVALDO DOS SANTOS PEREIRA;10/09/2026
1062301;195446;SO OFERTAS - LJ 03;OSNEY RICARDO;10/09/2026
1062300;197591;IRMAOS MUFFATO - MAX SOROCABA NORTE;FABIO HENRIQUE MONTEIRO;10/09/2026
1062299;195148;DISTRIBUIDORA CONTINENTAL;EDVALDO DOS SANTOS PEREIRA;10/09/2026
1062298;195062;LASOMI;WILSON PEREIRA;10/09/2026
1062297;194911;REDE SUPERMERCADO  MERCADAO - LOJA 01;RENATO SANTO MICHELMANN;10/09/2026
1062296;196268;DE CASA - LJ02;CELSO NUNES TEIXEIRA;10/09/2026
1062295;196267;DE CASA - LJ02;CELSO NUNES TEIXEIRA;10/09/2026
1062294;194967;DE CASA - LJ01;CELSO NUNES TEIXEIRA;10/09/2026
1062293;194965;DE CASA - LJ01;CELSO NUNES TEIXEIRA;10/09/2026
1062292;195586;IRMAOS MUFFATO - MAX TAUBATE;FABIO HENRIQUE MONTEIRO;10/09/2026
1062291;195149;DISTRIBUIDORA CONTINENTAL;EDVALDO DOS SANTOS PEREIRA;10/09/2026
1062289;195005;DAKI - CD MG;WAGNER DA SILVA LIMA;10/09/2026
1062288;197560;IRMAOS MUFFATO - MAX VILA NOVA MAZZEI;FABIO HENRIQUE MONTEIRO;10/09/2026
1062287;195871;DAKI - CD EMBU DAS ARTES;WAGNER DA SILVA LIMA;10/09/2026
1062286;196269;DE CASA - LJ02;CELSO NUNES TEIXEIRA;10/09/2026
1062285;194964;DE CASA - LJ01;CELSO NUNES TEIXEIRA;10/09/2026
1062284;195565;VIZINHOS SUPERMERCADOS - LJ04;CELSO NUNES TEIXEIRA;10/09/2026
1062283;196265;VIZINHOS SUPERMERCADOS - LJ03;CELSO NUNES TEIXEIRA;10/09/2026
1062282;195563;VIZINHOS SUPERMERCADOS - LJ02;CELSO NUNES TEIXEIRA;10/09/2026
1062281;194972;BOM PRECO - LJ05;CELSO NUNES TEIXEIRA;10/09/2026
1062280;194975;BOM PRECO - LJ02;CELSO NUNES TEIXEIRA;10/09/2026
1062279;194966;BOM PRECO - LJ01;CELSO NUNES TEIXEIRA;10/09/2026
1062278;195205;BOM PRECO - LJ04;CELSO NUNES TEIXEIRA;10/09/2026
1062277;195552;VIZINHOS SUPERMERCADOS - LJ06;CELSO NUNES TEIXEIRA;10/09/2026
1062276;196266;VIZINHOS SUPERMERCADOS - LJ05;CELSO NUNES TEIXEIRA;10/09/2026
1062275;195551;VIZINHOS SUPERMERCADOS - LJ01;CELSO NUNES TEIXEIRA;10/09/2026
1062274;194976;HORTISABOR - 01;CAROLINA DOS SANTOS ROCHA;10/09/2026
1062273;195337;BOM PRECO - LJ03;CELSO NUNES TEIXEIRA;10/09/2026
1062270;194977;RECANTO DOS FRIOS;INES MARTIN;10/09/2026
1062243;195289;MINI MERCADO DETROIT;JUAREZ COSTA;10/09/2026
1062242;195706;MERCADINHO TOP;JOSE GOMES DOS S.;10/09/2026
1062241;194978;RECANTO DOS FRIOS;INES MARTIN;10/09/2026
1062236;195172;REDE SUPERMERCADO MERCADAO - LOJA 12;RENATO SANTO MICHELMANN;10/09/2026
1062235;195180;REDE SUPERMERCADO MERCADAO - LOJA 14;RENATO SANTO MICHELMANN;10/09/2026
1062231;195138;COVABRA SUPERMERCADO - CD SUMARE;LUCIANE MARQUES;10/09/2026
1062228;194913;REDE SUPERMERCADO MERCADAO - LOJA 11;RENATO SANTO MICHELMANN;10/09/2026
1062227;195133;SANTO SM - 02;WILSON PEREIRA;10/09/2026
1062225;195061;LASOMI;WILSON PEREIRA;10/09/2026
1062224;195168;REDE SUPERMERCADO MERCADAO - LOJA 10;RENATO SANTO MICHELMANN;10/09/2026
1062222;195171;REDE SUPERMERCADO MERCADAO  - LOJA 09;RENATO SANTO MICHELMANN;10/09/2026
1062220;195181;REDE SUPERMERCADO MERCADAO - LOJA 07;RENATO SANTO MICHELMANN;10/09/2026
1062218;195179;REDE SUPERMERCADO MERCADAO - LOJA 06;RENATO SANTO MICHELMANN;10/09/2026
1062215;195562;COMPRE MIX;MARCELO GREGORIO;10/09/2026
1062214;195178;REDE SUPERMERCADO MERCADAO - LOJA 05;RENATO SANTO MICHELMANN;10/09/2026
1062213;195132;SANTO SM - 02;WILSON PEREIRA;10/09/2026
1062210;195041;ESPERANCA - 04;DANIEL CAMACHO;10/09/2026
1062209;195169;REDE SUPERMERCADOMERCADAO - LOJA 04;RENATO SANTO MICHELMANN;10/09/2026
1062207;195080;COMERCIAL GERMANO;ROBERTO HIROSHI SOGA;10/09/2026
1062206;195570;ESPERANCA - 08;DANIEL CAMACHO;10/09/2026
1062205;195554;COMPRE MIX;MARCELO GREGORIO;10/09/2026
1062204;195571;ESPERANCA - 08;DANIEL CAMACHO;10/09/2026
1062202;195572;ESPERANCA - 08;DANIEL CAMACHO;10/09/2026
1062201;195557;COMPRE MIX;MARCELO GREGORIO;10/09/2026
1062200;195708;MERCADINHO TOP;JOSE GOMES DOS S.;10/09/2026
1062199;195707;MURAGUCHI & CIA;JOSE GOMES DOS S.;10/09/2026
1062198;195045;MERCADO ARAPOCA;FLAVIA SIQUEIRA;10/09/2026
1062197;195277;MIL FOLHAS - DIADEMA;JUAREZ COSTA;10/09/2026
1062196;195290;SUPERMERCADO KIYOMOTO;JUAREZ COSTA;10/09/2026
1062195;195291;SUPERMERCADO KIYOMOTO;JUAREZ COSTA;10/09/2026
1062194;194912;REDE SUPERMERCADO  MERCADAO - LOJA 01;RENATO SANTO MICHELMANN;10/09/2026
1062193;195131;SANTO SM - 02;WILSON PEREIRA;10/09/2026
1062191;195709;MURAGUCHI & CIA;JOSE GOMES DOS S.;10/09/2026
1062190;195573;ESPERANCA - 08;DANIEL CAMACHO;10/09/2026
1062189;195561;SATURNO QUEIJOS E DOCES;RENATO SANTO MICHELMANN;10/09/2026
1062184;197413;SAMS CLUB - CD EMBU;WELINGTON GUALTER;10/09/2026
1062182;195078;HORTIFRUTI JUVITA;ROBERTO HIROSHI SOGA;10/09/2026
1062180;195298;SUPERMERCADO MARIALVA;FRANCISCO ANACLETO;10/09/2026
1062179;195082;MERCADO DE CARNES BONANZA;ROBERTO HIROSHI SOGA;10/09/2026
1062178;195081;MINIMERCADO MARAZUL;ROBERTO HIROSHI SOGA;10/09/2026
1062175;195079;COMERCIAL GERMANO;ROBERTO HIROSHI SOGA;10/09/2026
1062172;195426;HORTIFRUTI PIRAPORINHA;CAROLINA DOS SANTOS ROCHA;10/09/2026
1062171;195043;SUPERMERCADO SANTOS;ROBERTO HIROSHI SOGA;10/09/2026
1062170;195385;PRISCILA 02;CARLOS FERREIRA;10/09/2026
1062169;195536;SUPERMERCADO ALVORADA;CARLOS FERREIRA;10/09/2026
1062168;195534;VIVA MERCATO;CARLOS FERREIRA;10/09/2026
1062166;195382;MERCADO IDEAL;CARLOS FERREIRA;10/09/2026
1062161;194974;BOM QUEIJO EMPORIO;CELSO NUNES TEIXEIRA;10/09/2026
1062160;194971;BEIRA RIO COM EXP/IMP PROD ALIM;CELSO NUNES TEIXEIRA;10/09/2026
1062159;195202;RIO MAX;CELSO NUNES TEIXEIRA;10/09/2026
1062158;195321;COFESA - 15;DANILO DE ALMEIDA SANTOS;10/09/2026
1062157;195320;SUPERMERCADO DO LAR  - LOJA 01;DANILO DE ALMEIDA SANTOS;10/09/2026
1062156;195318;SUPERMERCADO DO LAR  - LOJA 01;DANILO DE ALMEIDA SANTOS;10/09/2026
1062155;195319;SUPERMERCADO DO LAR - LOJA 02;DANILO DE ALMEIDA SANTOS;10/09/2026
1062154;195129;SANTO SM - 01;WILSON PEREIRA;10/09/2026
1062153;195317;SUPERMERCADO DO LAR - LOJA 02;DANILO DE ALMEIDA SANTOS;10/09/2026
1062152;195314;COFESA - 09;DANILO DE ALMEIDA SANTOS;10/09/2026
1062151;195331;COFESA - 10;DANILO DE ALMEIDA SANTOS;10/09/2026
1062150;195329;COFESA - 14;DANILO DE ALMEIDA SANTOS;10/09/2026
1062149;195085;FUTURO COMERCIO -  CAMPINAS;OSNEY RICARDO;10/09/2026
1062148;195128;SANTO SM - 01;WILSON PEREIRA;10/09/2026
1062147;195327;COFESA - 17;DANILO DE ALMEIDA SANTOS;10/09/2026
1062146;195313;COFESA - 07;DANILO DE ALMEIDA SANTOS;10/09/2026
1062141;195130;SANTO SM - 01;WILSON PEREIRA;10/09/2026
1062140;195054;MERCADO DO NORTE;FRANCISCO ANACLETO;10/09/2026
1062139;195086;FUTURO COMERCIO -  CAMPINAS;OSNEY RICARDO;10/09/2026
1062105;305810;MONTANA S A;FERNANDO ARRUDA;10/09/2026
1062073;195100;MERCADO INGRYD;JUAREZ COSTA;10/09/2026
1062072;195101;MERCADO INGRYD;JUAREZ COSTA;10/09/2026
1062000;195710;SEMAR SUPERMERCADOS - 06;JULIANA RIBEIRA;09/09/2026
1061999;194993;SEMAR SUPERMERCADOS - 31;JULIANA RIBEIRA;09/09/2026
1061998;195125;SEMAR SUPERMERCADOS - 32;JULIANA RIBEIRA;09/09/2026
1061997;195126;SEMAR SUPERMERCADOS - 32;JULIANA RIBEIRA;09/09/2026
1061996;195123;SEMAR SUPERMERCADOS  - 33;JULIANA RIBEIRA;09/09/2026
1061995;195124;SEMAR SUPERMERCADOS  - 33;JULIANA RIBEIRA;09/09/2026
1061994;195121;SEMAR SUPERMERCADOS - 36;JULIANA RIBEIRA;09/09/2026
1061993;195024;SEMAR SUPERMERCADOS - 26;JULIANA RIBEIRA;09/09/2026
1061992;195025;SEMAR SUPERMERCADOS - 26;JULIANA RIBEIRA;09/09/2026
1061991;195942;SEMAR SUPERMERCADOS - ARUJA - 29;JULIANA RIBEIRA;09/09/2026
1061990;195941;SEMAR SUPERMERCADOS - ARUJA - 29;JULIANA RIBEIRA;09/09/2026
1061989;195119;SEMAR SUPERMERCADOS - 30;JULIANA RIBEIRA;09/09/2026
1061988;195122;SEMAR SUPERMERCADOS - 30;JULIANA RIBEIRA;09/09/2026
1061987;194994;SEMAR SUPERMERCADOS - 31;JULIANA RIBEIRA;09/09/2026
1061986;195102;SEMAR SUPERMERCADOS - 22;JULIANA RIBEIRA;09/09/2026
1061985;195103;SEMAR SUPERMERCADOS - 22;JULIANA RIBEIRA;09/09/2026
1061984;195982;SEMAR SUPERMERCADOS - 23;JULIANA RIBEIRA;09/09/2026
1061983;195983;SEMAR SUPERMERCADOS - 23;JULIANA RIBEIRA;09/09/2026
1061982;195030;SEMAR SUPERMERCADOS - 25;JULIANA RIBEIRA;09/09/2026
1061981;195031;SEMAR SUPERMERCADOS - 25;JULIANA RIBEIRA;09/09/2026
1061980;195021;SEMAR SUPERMERCADOS - 19;JULIANA RIBEIRA;09/09/2026
1061979;195019;SEMAR SUPERMERCADOS - 20;JULIANA RIBEIRA;09/09/2026
1061978;195020;SEMAR SUPERMERCADOS - 20;JULIANA RIBEIRA;09/09/2026
1061977;195501;SEMAR SUPERMERCADOS - 21;JULIANA RIBEIRA;09/09/2026
1061976;195502;SEMAR SUPERMERCADOS - 21;JULIANA RIBEIRA;09/09/2026
1061975;195166;SEMAR SUPERMERCADOS - 16;JULIANA RIBEIRA;09/09/2026
1061974;196227;SEMAR SUPERMERCADOS - 17;JULIANA RIBEIRA;09/09/2026
1061973;195112;SEMAR SUPERMERCADOS - 18;JULIANA RIBEIRA;09/09/2026
1061972;195113;SEMAR SUPERMERCADOS - 18;JULIANA RIBEIRA;09/09/2026
1061971;195022;SEMAR SUPERMERCADOS - 19;JULIANA RIBEIRA;09/09/2026
1061970;195028;SEMAR SUPERMERCADOS - 12;JULIANA RIBEIRA;09/09/2026
1061969;195029;SEMAR SUPERMERCADOS - 12;JULIANA RIBEIRA;09/09/2026
1061968;195026;SEMAR SUPERMERCADOS - 13;JULIANA RIBEIRA;09/09/2026
1061967;195027;SEMAR SUPERMERCADOS - 13;JULIANA RIBEIRA;09/09/2026
1061966;195023;SEMAR SUPERMERCADOS - 14;JULIANA RIBEIRA;09/09/2026
1061965;195107;SEMAR SUPERMERCADOS - 08;JULIANA RIBEIRA;09/09/2026
1061964;195109;SEMAR SUPERMERCADOS - 08;JULIANA RIBEIRA;09/09/2026
1061963;195116;SEMAR SUPERMERCADOS - 10;JULIANA RIBEIRA;09/09/2026
1061962;195117;SEMAR SUPERMERCADOS - 10;JULIANA RIBEIRA;09/09/2026
1061961;195165;SEMAR SUPERMERCADOS - 11;JULIANA RIBEIRA;09/09/2026
1061960;195595;SEMAR SUPERMERCADOS - 05;JULIANA RIBEIRA;09/09/2026
1061959;195596;SEMAR SUPERMERCADOS - 05;JULIANA RIBEIRA;09/09/2026
1061958;195110;SEMAR SUPERMERCADOS - 07;JULIANA RIBEIRA;09/09/2026
1061957;195111;SEMAR SUPERMERCADOS - 07;JULIANA RIBEIRA;09/09/2026
1061956;194990;SEMAR SUPERMERCADOS - 01;JULIANA RIBEIRA;09/09/2026
1061955;194991;SEMAR SUPERMERCADOS - 01;JULIANA RIBEIRA;09/09/2026
1061954;195093;SEMAR SUPERMERCADOS - 04;JULIANA RIBEIRA;09/09/2026
1061953;195092;SEMAR SUPERMERCADOS - 04;JULIANA RIBEIRA;09/09/2026
1061952;197414;SAMS CLUB - CD EMBU;WELINGTON GUALTER;09/09/2026
1061951;195315;COFESA - 02;DANILO DE ALMEIDA SANTOS;09/09/2026
1061950;195316;COFESA - 07;DANILO DE ALMEIDA SANTOS;09/09/2026
1061949;195328;COFESA - 17;DANILO DE ALMEIDA SANTOS;09/09/2026
1061948;194936;RED BOI - CAPAO;ERICK MOREIRA;09/09/2026
1061947;195201;RIO MAX;CELSO NUNES TEIXEIRA;09/09/2026
1061946;194970;BEIRA RIO COM EXP/IMP PROD ALIM;CELSO NUNES TEIXEIRA;09/09/2026
1061945;195055;MERCADO MOTTA NACOES;FRANCISCO ANACLETO;09/09/2026
1061944;194973;BOM QUEIJO EMPORIO;CELSO NUNES TEIXEIRA;09/09/2026
1061943;195108;ESPERANCA - 24;DANIEL CAMACHO;09/09/2026
1061942;195164;ESPERANCA  - 21;DANIEL CAMACHO;09/09/2026
1061941;195513;ESPERANCA - 22;DANIEL CAMACHO;09/09/2026
1061940;194879;ESPERANCA - 23;DANIEL CAMACHO;09/09/2026
1061939;195127;ESPERANCA - 19;DANIEL CAMACHO;09/09/2026
1061938;195084;BIANCHINI SUPERMERCADOS;DAIANE CRISTINA DE OLIVEIRA;09/09/2026
1061937;195088;BIANCHINI SUPERMERCADOS;DAIANE CRISTINA DE OLIVEIRA;09/09/2026
1061936;195284;ESPERANCA - 20;DANIEL CAMACHO;09/09/2026
1061935;194910;ESPERANCA - 16;DANIEL CAMACHO;09/09/2026
1061934;195282;ESPERANCA - 17;DANIEL CAMACHO;09/09/2026
1061933;195220;ESPERANCA - 18;DANIEL CAMACHO;09/09/2026
1061932;195204;ESPERANCA - 14;DANIEL CAMACHO;09/09/2026
1061931;195087;ESPERANCA - 15;DANIEL CAMACHO;09/09/2026
1061930;195419;ESPERANCA - 13;DANIEL CAMACHO;09/09/2026
1061929;195120;ESPERANCA - 09;DANIEL CAMACHO;09/09/2026
1061928;195490;ESPERANCA - 10;DANIEL CAMACHO;09/09/2026
1061927;195044;ESPERANCA - 11;DANIEL CAMACHO;09/09/2026
1061926;195491;ESPERANCA - 12;DANIEL CAMACHO;09/09/2026
1061925;195151;TRADIMIX SUPERMERCADO;JOSE ROBERTO DENIZIO;09/09/2026
1061924;194992;ESPERANCA - 07;DANIEL CAMACHO;09/09/2026
1061923;194940;HIROTA EXPRESS - CD 98;GILMERIO QUEIROZ - GERENTE DE AREA;09/09/2026
1061922;195574;ESPERANCA - 08;DANIEL CAMACHO;09/09/2026
1061921;195042;ESPERANCA - 04;DANIEL CAMACHO;09/09/2026
1061920;195106;ESPERANCA - 05;DANIEL CAMACHO;09/09/2026
1061919;194939;HIROTA EXPRESS - CD 98;GILMERIO QUEIROZ - GERENTE DE AREA;09/09/2026
1061918;195203;ESPERANCA - 06;DANIEL CAMACHO;09/09/2026
1061916;195046;VILA ALPINA COMERCIO;ALEXANDRE VIANA;09/09/2026
1061915;195047;L & L SILVA COMERCIO DE UTILIDADES;ALEXANDRE VIANA;09/09/2026
1061914;195050;L & L SILVA COMERCIO DE UTILIDADES;ALEXANDRE VIANA;09/09/2026
1061913;194980;MERCADO BARAO DE MURITIBA;JOSE ROBERTO DENIZIO;09/09/2026
1061912;194866;COMPRAFACIL;INES MARTIN;09/09/2026
1061911;195099;CANNA SACOLAO;FRANCISCO DUARTE - LUIZ DUARTE;09/09/2026
1061910;195049;VILA ALPINA COMERCIO;ALEXANDRE VIANA;09/09/2026
1061907;195048;L & L SILVA COMERCIO DE UTILIDADES;ALEXANDRE VIANA;09/09/2026
1061906;195051;VILA ALPINA COMERCIO;ALEXANDRE VIANA;09/09/2026
1061905;195091;MERCADO NOTA 10;AROLDO BATISTA SANTOS;09/09/2026
1061904;194864;SUPERMERCADO PADRAO - SAUDE;FLAVIA SIQUEIRA;09/09/2026
1061903;194893;MATHEUS PRESENTE - JD SAO GABRIEL;JOSE GOMES DOS S.;09/09/2026
1061902;194894;MATHEUS PRESENTE - JD SAO GABRIEL;JOSE GOMES DOS S.;09/09/2026
1061901;195703;NOVA SUICA;ALENCAR SILVA;09/09/2026
1061900;195702;NOVA SUICA;ALENCAR SILVA;09/09/2026
1061897;194867;COMPRAFACIL;INES MARTIN;09/09/2026
1061896;194865;SUPERMERCADO PADRAO - SAUDE;FLAVIA SIQUEIRA;09/09/2026
1061895;194895;MATHEUS PRESENTE - JD SAO GABRIEL;JOSE GOMES DOS S.;09/09/2026
1061894;195704;NOVA SUICA;ALENCAR SILVA;09/09/2026
1061893;194938;RED BOI - CAPAO;ERICK MOREIRA;09/09/2026
1061892;194937;RED BOI - CAPAO;ERICK MOREIRA;09/09/2026
1061891;195705;NOVA SUICA;ALENCAR SILVA;09/09/2026
1061890;194981;MERCADO NOVA COLONIA;CLEO CAVALCANTI;09/09/2026
1061889;195497;CENTRAL SM;EDERVAL DONIZETE DA SILVA;09/09/2026
1061888;195006;CENTRAL SM;EDERVAL DONIZETE DA SILVA;09/09/2026
1061886;195017;SUPERMERCADOS MIALICH;DAIANE CRISTINA DE OLIVEIRA;09/09/2026
1061885;195018;SUPERMERCADOS MIALICH;DAIANE CRISTINA DE OLIVEIRA;09/09/2026
1061884;195444;SM GERSON;EDSON MALAGUTTI;09/09/2026
1061883;194946;MERCADO CIDADE NOVA;EDSON MALAGUTTI;09/09/2026
1061882;195336;SUPERMERCADO A BAIUCA;ROGERIO APARECIDO DA SILVA RODRIGUES;09/09/2026
1061881;195523;SIMPATIA - CD;VALTER AMARAL MACHADO;09/09/2026
1061880;195176;COLINA - ILHABELA;SEBASTIAO FERNANDES;09/09/2026
1061879;195245;EMPORIO SANTANINHA;ROBERTO HIROSHI SOGA;09/09/2026
1061878;195175;COLINA - SUL;SEBASTIAO FERNANDES;09/09/2026
1061877;194877;WRS SUPERMERCADOS - 07;FELIPE GOMES;09/09/2026
1061876;194878;NOSSO LAR SUPERMERCADOS;FELIPE GOMES;09/09/2026
1061875;194874;WRS SUPERMERCADOS - 02;FELIPE GOMES;09/09/2026
1061874;195297;WRS SUPERMERCADOS - 05;FELIPE GOMES;09/09/2026
1061873;194875;WRS SUPERMERCADOS - 03;FELIPE GOMES;09/09/2026
1061872;194876;WRS SUPERMERCADOS - 04;FELIPE GOMES;09/09/2026
1061871;195299;WRS SUPERMERCADOS - 08;FELIPE GOMES;09/09/2026
1061869;194954;HORT FRUTI ORIENTE;VALTER AMARAL MACHADO;09/09/2026
1061868;194957;SUPERMERCADO MAISMIX;VALTER AMARAL MACHADO;09/09/2026
1061867;194956;SUPERMERCADO MAISMIX;VALTER AMARAL MACHADO;09/09/2026
1061866;195421;MCGROW SUPERMERCADO;GUSTAVO GOMES;09/09/2026
1061865;195090;DOMINHO;GUSTAVO GOMES;09/09/2026
1061864;194860;HORTIFRUTI DA ECONOMIA;ERICK MOREIRA;09/09/2026
1061863;194935;GIKANY TRANSPORTE;ERICK MOREIRA;09/09/2026
1061862;194850;MERCADO KIODAI - ITAPECERICA;ERICK MOREIRA;09/09/2026
1061861;194861;HORTIFRUTI DA ECONOMIA;ERICK MOREIRA;09/09/2026
1061860;195089;DOMINHO;GUSTAVO GOMES;09/09/2026
1061859;197114;ROSSI - LOJA 14;VALDENIR VOLTERO;09/09/2026
1061858;195150;ROSSI - RAGUEB;VALDENIR VOLTERO;09/09/2026
1061857;197070;ROSSI - VILA NHOCUNE;VALDENIR VOLTERO;09/09/2026
1061856;195985;ROSSI - LJ 18;VALDENIR VOLTERO;09/09/2026
1061854;195374;ROSSI - JD NOVO CAMARGO;VALDENIR VOLTERO;09/09/2026
1061853;196018;ROSSI - HELENA MARIA;VALDENIR VOLTERO;09/09/2026
1061851;195160;ROSSI - FRANCO DA ROCHA;VALDENIR VOLTERO;09/09/2026
1061850;195000;ROSSI - VILA CRUZEIRO;VALDENIR VOLTERO;09/09/2026
1061849;195420;MCGROW SUPERMERCADO;GUSTAVO GOMES;09/09/2026
1061848;195986;ROSSI - FERRAZ;VALDENIR VOLTERO;09/09/2026
1061846;195592;ROSSI - GUAIANAZES;VALDENIR VOLTERO;09/09/2026
1061845;195383;ROSSI - CARAPICUIBA;VALDENIR VOLTERO;09/09/2026
1061844;195418;PEGUE E PAGUE POUCO MINIMERCADO;GUSTAVO GOMES;09/09/2026
1061843;194868;VILA ZAIRA - BROOKLIN;SILVANO ARRUDA;09/09/2026
1061842;194851;SUPERMERCADO BARNABE;SILVANO ARRUDA;09/09/2026
1061841;194855;SUPERMERCADO BARNABE;SILVANO ARRUDA;09/09/2026
1061839;40647;HOSPITAL NIPO BRASILEIRO;PAULO SERGIO;09/09/2026
1061838;40646;HOSPITAL NIPO BRASILEIRO;PAULO SERGIO;09/09/2026
1061837;194896;MATHEUS PRESENTE - JD SAO GABRIEL;JOSE GOMES DOS S.;09/09/2026
1061836;195162;SUPERMERCADO CAJAMAR;FRANCISCO ANACLETO;09/09/2026
1061835;195163;SUPERMERCADO CAJAMAR;FRANCISCO ANACLETO;09/09/2026
1061834;194838;LINCOLN SHOP;EDVALDO DOS SANTOS PEREIRA;09/09/2026
1061833;194862;TAPIOCARIA DA CA;CAROLINA DOS SANTOS ROCHA;09/09/2026
1061832;194863;TAPIOCARIA DA CA;CAROLINA DOS SANTOS ROCHA;09/09/2026
1061831;195152;TRADIMIX SUPERMERCADO;JOSE ROBERTO DENIZIO;09/09/2026
1061830;194825;SUPERMERCADO ALVORADA;CARLOS FERREIRA;09/09/2026
1061829;195423;MERCADINHO ZIZI;CARLOS FERREIRA;09/09/2026
1061828;195379;QUINTAL DAS FRUTAS;CARLOS FERREIRA;09/09/2026
1061826;195058;MERCADO MOTTA NACOES;FRANCISCO ANACLETO;09/09/2026
1061825;195059;MERCADO MOTTA NACOES;FRANCISCO ANACLETO;09/09/2026
1061823;195057;SANDRA SUPERMERCADO;FRANCISCO ANACLETO;09/09/2026
1061822;196024;SONDA - CD;ANGELA MARIA;09/09/2026
1061821;195056;SANDRA SUPERMERCADO;FRANCISCO ANACLETO;09/09/2026
1061820;196511;VIOLETA - 02;LEANDRO GOLDINHO LOPES;09/09/2026
1061819;197071;VIOLETA - 06;LEANDRO GOLDINHO LOPES;09/09/2026
1061818;196914;VIOLETA - 09;LEANDRO GOLDINHO LOPES;09/09/2026
1061817;196515;VIOLETA - 10;LEANDRO GOLDINHO LOPES;09/09/2026
1061815;194890;SUPERMERCADO JAGUARE;CARLOS FERREIRA;09/09/2026
1061814;195422;MERCADINHO ZIZI;CARLOS FERREIRA;09/09/2026
1061813;195381;MERCADO IDEAL;CARLOS FERREIRA;09/09/2026
1061811;194900;PRISCILA 02;CARLOS FERREIRA;09/09/2026
1061810;194887;EMPORIO JJ HORTIFRUTI;CARLOS FERREIRA;09/09/2026
1061809;195445;SM GERSON;EDSON MALAGUTTI;09/09/2026
1061808;195098;CANNA SACOLAO;FRANCISCO DUARTE - LUIZ DUARTE;09/09/2026
1061807;194948;MERCADO CIDADE NOVA;EDSON MALAGUTTI;09/09/2026
1061806;195094;MERCADO NOTA 10;AROLDO BATISTA SANTOS;09/09/2026
1061804;194889;SUPERMERCADO JAGUARE;CARLOS FERREIRA;09/09/2026
1061801;195097;COSTA REAL;FRANCISCO DUARTE - LUIZ DUARTE;09/09/2026
1061798;194984;MERCADO BARAO DE MURITIBA;JOSE ROBERTO DENIZIO;09/09/2026
1061796;194898;PRISCILA 02;CARLOS FERREIRA;09/09/2026
1061795;194985;LRV MERCADO;JOSE ROBERTO DENIZIO;09/09/2026
1061790;194594;EMPORIO YURI;FRANCISCO DUARTE - LUIZ DUARTE;09/09/2026
1061789;195096;REDE OPA - SUPERMERCADO;FRANCISCO DUARTE - LUIZ DUARTE;09/09/2026
1061787;194734;MERCADO MASTER DING;JOSE ROBERTO DENIZIO;09/09/2026
1061786;195876;JOANIN LJ 16;ALENCAR SILVA;09/09/2026
1061785;194735;SUPERMERCADO NINA FORTE;JOSE ROBERTO DENIZIO;09/09/2026
1061784;194737;LÍDER SAPOPEMBA;JOSE ROBERTO DENIZIO;09/09/2026
1061783;194736;MERCADO DA HORA;JOSE ROBERTO DENIZIO;09/09/2026
1061780;194906;FACEFOOD COMERCIAL IMPORTACAO;FLAVIA SIQUEIRA;09/09/2026
1061779;194905;FACEFOOD COMERCIAL IMPORTACAO;FLAVIA SIQUEIRA;09/09/2026
1061778;194792;SUPERMERCADO LANCA;EDERVAL DONIZETE DA SILVA;09/09/2026
1061777;194882;SANTA MARIA VARIEDADES;FRANCISCO DUARTE - LUIZ DUARTE;09/09/2026
1061776;194883;SANTA MARIA VARIEDADES;FRANCISCO DUARTE - LUIZ DUARTE;09/09/2026
1061775;195052;JP STORE LTDA;FRANCISCO DUARTE - LUIZ DUARTE;09/09/2026
1061774;196049;HORTIMAR;JOSE SOARES;09/09/2026
1061773;195016;SUPERMERCADOS MIALICH;DAIANE CRISTINA DE OLIVEIRA;09/09/2026
1061770;194791;SUPERMERCADO LANCA;EDERVAL DONIZETE DA SILVA;09/09/2026
1061769;194831;SUPERMERCADO BENEDETE;JOSE RICARDO FERNANDES;09/09/2026
1061768;194832;SUPERMERCADO BENEDETE;JOSE RICARDO FERNANDES;09/09/2026
1061767;194833;EMPORIO DAS ESTRELAS;JOSE RICARDO FERNANDES;09/09/2026
1061766;194817;SUPER MIX BRANDINA;OSNEY RICARDO;09/09/2026
1061765;196053;MERCADO STOCK DE SAO VICENTE;RONILSON RIBEIRO;09/09/2026
1061764;194909;VILA DAS FRUTAS;INES MARTIN;09/09/2026
1061763;194908;VILA DAS FRUTAS;INES MARTIN;09/09/2026
1061761;194818;SUPER MIX BRANDINA;OSNEY RICARDO;09/09/2026
1061760;194834;EMPORIO DAS ESTRELAS;JOSE RICARDO FERNANDES;09/09/2026
1061759;194923;SUPERMERCADO IB BRAGION;RENATO SANTO MICHELMANN;09/09/2026
1061758;194806;MERCADO NOVA HIPICA;RENATO SANTO MICHELMANN;09/09/2026
1061757;194932;FINELLI & MORAIS - LJ 02;RENATO SANTO MICHELMANN;09/09/2026
1061756;194925;FINELLI & MORAIS - LJ 01;RENATO SANTO MICHELMANN;09/09/2026
1061755;194810;DADA SUPERMERCADO;EDERVAL DONIZETE DA SILVA;09/09/2026
1061754;194811;DADA SUPERMERCADO;EDERVAL DONIZETE DA SILVA;09/09/2026
1061752;194892;SUPERMERCADO JAGUARE;CARLOS FERREIRA;09/09/2026
1061749;194835;RCR MINE MERCADO;JOSE ROBERTO DENIZIO;09/09/2026
1061747;195498;REDE DUQUE - PITANGUEIRAS;LUCIANA VICENZOTTO;09/09/2026
1061746;194880;REDU DUQUE - SANTANA;LUCIANA VICENZOTTO;09/09/2026
1061744;194955;HORT FRUTI ORIENTE;VALTER AMARAL MACHADO;09/09/2026
1061739;195060;HORTIFRUTI DONA NONECA;LEANDRO GOLDINHO LOPES;09/09/2026
1061738;196050;HORTIMAR;JOSE SOARES;09/09/2026
1061735;196516;VIOLETA - 10;LEANDRO GOLDINHO LOPES;09/09/2026
1061732;196916;VIOLETA - 09;LEANDRO GOLDINHO LOPES;09/09/2026
1061730;196538;VIOLETA - 08;LEANDRO GOLDINHO LOPES;09/09/2026
1061727;195053;JP STORE LTDA;FRANCISCO DUARTE - LUIZ DUARTE;09/09/2026
1061725;196349;VIOLETA - 07;LEANDRO GOLDINHO LOPES;09/09/2026
1061723;194803;SUPERMERCADO UNIAO - LOJA 07;RENATO SANTO MICHELMANN;09/09/2026
1061722;194897;SUPERMERCADO REDE VALOR;WAGNER DA SILVA LIMA;09/09/2026
1061719;197072;VIOLETA - 06;LEANDRO GOLDINHO LOPES;09/09/2026
1061718;194884;SANTA MARIA VARIEDADES;FRANCISCO DUARTE - LUIZ DUARTE;09/09/2026
1061717;194582;OKKER - FILIAL;VENDEDOR INTERNO;09/09/2026
1061715;196306;VIOLETA - 05;LEANDRO GOLDINHO LOPES;09/09/2026
1061714;194805;SUPERMERCADO UNIAO - LOJA 08;RENATO SANTO MICHELMANN;09/09/2026
1061713;194804;SUPERMERCADO UNIAO - LOJA 08;RENATO SANTO MICHELMANN;09/09/2026
1061712;195410;REDE DUQUE - JARDIM EUROPA;LUCIANA VICENZOTTO;09/09/2026
1061709;194822;SUPERMERCADO MAISMIX;VALTER AMARAL MACHADO;09/09/2026
1061708;194926;FINELLI & MORAIS - LJ 01;RENATO SANTO MICHELMANN;09/09/2026
1061705;195413;REDE DUQUE - VOLUNTARIOS;LUCIANA VICENZOTTO;09/09/2026
1061704;196552;VIOLETA - 04;LEANDRO GOLDINHO LOPES;09/09/2026
1061703;194795;POPULAR DE REGISTRO;KALIEL DE CALDA LEITE;09/09/2026
1061702;195408;REDE DUQUE - PANAMBY UM;LUCIANA VICENZOTTO;09/09/2026
1061701;195414;REDE DUQUE - ZAGOTTIS;LUCIANA VICENZOTTO;09/09/2026
1061699;195412;REDE DUQUE - ROAN;LUCIANA VICENZOTTO;09/09/2026
1061697;194941;SUPER MERCADO SANTA LUZIA;FELIPE GOMES;09/09/2026
1061696;194807;MERCADO NOVA HIPICA;RENATO SANTO MICHELMANN;09/09/2026
1061695;194927;FINELLI & MORAIS - LJ 02;RENATO SANTO MICHELMANN;09/09/2026
1061694;194943;JAROVALE SUPERMERCADO - ESTRELA AZUL;FELIPE GOMES;09/09/2026
1061693;195411;REDE DUQUE - PIRATININS IN;LUCIANA VICENZOTTO;09/09/2026
1061691;195409;REDE DUQUE - JK;LUCIANA VICENZOTTO;09/09/2026
1061690;194924;SUPERMERCADO IB BRAGION;RENATO SANTO MICHELMANN;09/09/2026
1061689;194942;SUPER MERCADO ESTRELA;FELIPE GOMES;09/09/2026
1061688;196545;VIOLETA - 03;LEANDRO GOLDINHO LOPES;09/09/2026
1061687;195406;REDE DUQUE - DUMONT VILLARES;LUCIANA VICENZOTTO;09/09/2026
1061686;194794;MERCEARIA BOM PRECO;JOSE SOARES;09/09/2026
1061685;196052;MERCADO STOCK DE SAO VICENTE;RONILSON RIBEIRO;09/09/2026
1061684;195407;REDE DUQUE - BARONESA;LUCIANA VICENZOTTO;09/09/2026
1061683;194800;WRS SUPERMERCADOS - 08;FELIPE GOMES;09/09/2026
1061682;196510;VIOLETA - 02;LEANDRO GOLDINHO LOPES;09/09/2026
1061680;194870;WRS SUPERMERCADOS - 03;FELIPE GOMES;09/09/2026
1061679;194947;SUPERMERCADO INFANGER - 01 MATRIZ;OSNEY RICARDO;09/09/2026
1061678;194871;WRS SUPERMERCADOS - 04;FELIPE GOMES;09/09/2026
1061675;196288;DIA % - 704 CD;LEANDRO SILVEIRA - GERENTE DE AREA;09/09/2026
1061674;196287;DIA % - 704 CD;LEANDRO SILVEIRA - GERENTE DE AREA;09/09/2026
1061673;194799;WRS SUPERMERCADOS - 05;FELIPE GOMES;09/09/2026
1061672;194815;SUPER MIX BRANDINA;OSNEY RICARDO;09/09/2026
1061671;194816;SUPER MIX BRANDINA;OSNEY RICARDO;09/09/2026
1061670;195326;COFESA - 14;DANILO DE ALMEIDA SANTOS;09/09/2026
1061667;194869;NOSSO LAR SUPERMERCADOS;FELIPE GOMES;09/09/2026
1061666;194872;WRS SUPERMERCADOS - 02;FELIPE GOMES;09/09/2026
1061665;195325;COFESA - SUPER G;DANILO DE ALMEIDA SANTOS;09/09/2026
1061659;196076;CD JACAREI - LJ 183;ROBERTO OLIVEIRA ANDRADE;09/09/2026
1061657;195330;COFESA - 10;DANILO DE ALMEIDA SANTOS;09/09/2026
1061654;194873;WRS SUPERMERCADOS - 07;FELIPE GOMES;09/09/2026
1061653;195479;CD JACAREI - LJ 183;ROBERTO OLIVEIRA ANDRADE;09/09/2026
1061652;195209;CD JACAREI - LJ 183;ROBERTO OLIVEIRA ANDRADE;09/09/2026
1061651;195063;CD JACAREI - LJ 183;ROBERTO OLIVEIRA ANDRADE;09/09/2026
1061650;194914;CD JACAREI - LJ 183;ROBERTO OLIVEIRA ANDRADE;09/09/2026
1061649;194773;CD JACAREI - LJ 183;ROBERTO OLIVEIRA ANDRADE;09/09/2026
1061648;194934;ACOUGUE SOBERANO;WAGNER DA SILVA LIMA;09/09/2026
1061647;196336;CD JACAREI - LJ 183;ROBERTO OLIVEIRA ANDRADE;09/09/2026
1061646;194768;CD JACAREI - LJ 183;ROBERTO OLIVEIRA ANDRADE;09/09/2026
1061645;196920;VIOLETA - 01 NV;LEANDRO GOLDINHO LOPES;09/09/2026
1061644;195312;COFESA - 09;DANILO DE ALMEIDA SANTOS;09/09/2026
1061643;194769;CD JACAREI - LJ 183;ROBERTO OLIVEIRA ANDRADE;09/09/2026
1061632;196051;SUPERMERCADO BARROS - LJ 12;JOSE SOARES;09/09/2026
1061631;195322;COFESA - 15;DANILO DE ALMEIDA SANTOS;09/09/2026
1061630;195405;CONEXAO - LUPPADARIAS;JOSUE EVANGELISTA;09/09/2026
1061629;40628;DA TERRINHA - FILIAL SP;PAULO ALEX;09/09/2026
1061627;195015;COLINA - REINO;SEBASTIAO FERNANDES;09/09/2026
1061626;195013;SUPERMERCADO LAPAS;DAIANE CRISTINA DE OLIVEIRA;09/09/2026
1061625;194756;CEMA VILLEFORT - CD;CAMILA CUNHA DE FREITAS;09/09/2026
1061624;194903;SUPERMERCADO VILA DAS FRUTAS;INES MARTIN;09/09/2026
1061623;194907;SUPERMERCADO VILA DAS FRUTAS;INES MARTIN;09/09/2026
1061619;194790;RCO COMERCIO ATACA;DAIANE CRISTINA DE OLIVEIRA;09/09/2026
1061617;194697;TM COMERCIAL IMPORTACAO E EXPORTACAO;RONILSON RIBEIRO;09/09/2026
1061615;194819;SUPERMERCADO REVOLUCAO - LJ 05;OSNEY RICARDO;09/09/2026
1061614;194846;ROSSI - LJ 18;VALDENIR VOLTERO;09/09/2026
1061613;197068;ROSSI - VILA NHOCUNE;VALDENIR VOLTERO;09/09/2026
1061612;194922;ROSSI - COCAIA;VALDENIR VOLTERO;09/09/2026
1061611;194841;ROSSI - RAGUEB;VALDENIR VOLTERO;09/09/2026
1061609;197113;ROSSI - LOJA 14;VALDENIR VOLTERO;09/09/2026
1061607;194945;ROSSI - FRANCO DA ROCHA;VALDENIR VOLTERO;09/09/2026
1061600;194690;ROSSI - HELENA MARIA;VALDENIR VOLTERO;09/09/2026
1061595;194836;ROSSI - JD NOVO CAMARGO;VALDENIR VOLTERO;09/09/2026
1061587;194982;ROSSI - GUAIANAZES;VALDENIR VOLTERO;09/09/2026
1061586;195040;ROSSI - CARAPICUIBA;VALDENIR VOLTERO;09/09/2026
1061583;194837;ROSSI - JD ADUTORA;VALDENIR VOLTERO;09/09/2026
1061577;194998;ROSSI - VILA CRUZEIRO;VALDENIR VOLTERO;09/09/2026
1061576;194759;ROSSI - FERRAZ;VALDENIR VOLTERO;09/09/2026
1061572;194715;PIRATININGA - 02;EDMILSON - 02;09/09/2026
1061571;194772;PIRATININGA - JD PAULISTA;EDMILSON - 02;09/09/2026
1061569;194771;PIRATININGA - 01;EDMILSON - 02;09/09/2026
1061568;195014;PIRATININGA - 04;EDMILSON - 02;09/09/2026
1061565;194714;PIRATININGA - SAO BENTO;EDMILSON - 02;09/09/2026
1061564;194576;PAO DE ACUCAR - SP;EDMILSON NUNES;09/09/2026
1061563;194793;PIRATININGA - 03;EDMILSON - 02;09/09/2026
1061559;194827;BDML - LJ 01;CARLOS FERREIRA;09/09/2026
1061557;195161;TEND TUDO - JARDIM PROFESSOR MORATO;FRANCISCO ANACLETO;09/09/2026
1061555;194786;NOVA CENTRAL - CD;MILTON TSUNEMATSU;09/09/2026
1061552;194670;CASA DO NORTE MTJP;TELEVENDAS - DA TERRINHA;09/09/2026
1061551;194757;CENTER PAO SUPERMERCADO;LUCAS FROIS MACHADO;09/09/2026
1061550;195522;SIMPATIA - CD;VALTER AMARAL MACHADO;09/09/2026
1061549;194669;CASA DO NORTE MTJP;TELEVENDAS - DA TERRINHA;09/09/2026
1061544;195139;CELSO NUNES TEIXEIRA REPRESENTACOES;JOSUE EVANGELISTA;09/09/2026
1061543;195068;ATACADAO PARELHEIROS - LJ 57;ROBERTO OLIVEIRA ANDRADE;09/09/2026
1061540;194499;ATACADAO ITAPECIRICA SERRA - LJ 941;ROBERTO OLIVEIRA ANDRADE;09/09/2026
1061536;195271;BEM BARATO - 05;KELVIN;09/09/2026
1061533;196028;J E COMERCIO;VENDEDOR INTERNO;09/09/2026
1061530;194583;SABORES DA TERRINHA - LOJA 03;ELTON;09/09/2026
1061527;195478;J E COMERCIO;VENDEDOR INTERNO;09/09/2026
1061526;195994;ATACADAO TAMBORE - LJ 734;ROBERTO OLIVEIRA ANDRADE;09/09/2026
1061525;195690;J E COMERCIO;VENDEDOR INTERNO;09/09/2026
1061524;196323;ATACADAO DIADEMA CUPECE - LJ 640;ROBERTO OLIVEIRA ANDRADE;09/09/2026
1061523;194569;J E COMERCIO;VENDEDOR INTERNO;09/09/2026
1061521;194584;SABORES DA TERRINHA - LOJA 03;ELTON;09/09/2026
1061519;195928;NAGUMO - AGUA CHATA CD;JAMIR RIBEIRO;09/09/2026
1061518;194687;LANCHETERIA ALIANCA - LJ 01;ERICK MOREIRA;09/09/2026
1061515;194510;BEM BARATO - 02;ERICK MOREIRA;09/09/2026
1061502;194622;PAULO COSTA REPRESENTACOES;JOSUE EVANGELISTA;09/09/2026
1061501;194644;SUPER MIX BRANDINA;OSNEY RICARDO;09/09/2026
1061499;194782;NOVA CENTRAL - CD;MILTON TSUNEMATSU;09/09/2026
1061497;194829;NOVA CENTRAL - CD;MILTON TSUNEMATSU;09/09/2026
1061496;194748;MERCADO ALIANCA;EDSON MALAGUTTI;09/09/2026
1061495;194747;MERCADO ALIANCA;EDSON MALAGUTTI;09/09/2026
1061494;194640;SUPERMERCADO INFANGER - 02;OSNEY RICARDO;09/09/2026
1061493;194641;SUPERMERCADO INFANGER - 01 MATRIZ;OSNEY RICARDO;09/09/2026
1061492;194719;SUPERMERCADO REVOLUCAO -  LJ 01;OSNEY RICARDO;09/09/2026
1061491;194766;DEFAVARI - PIRACICABA;CELSO NUNES TEIXEIRA;09/09/2026
1061490;194767;DEFAVARI - RIO DAS PEDRAS;CELSO NUNES TEIXEIRA;09/09/2026
1061489;194492;VALTER PINHEIRO;VALTER PINHEIRO;09/09/2026
1061487;194698;VIVA LA FRUTA CONSELHEIRO;JOSE SOARES;09/09/2026
1061485;194765;DEFAVARI - RIO DAS PEDRAS;CELSO NUNES TEIXEIRA;09/09/2026
1061483;194763;DEFAVARI - PIRACICABA;CELSO NUNES TEIXEIRA;09/09/2026
1061482;194983;MERCADO NOVA COLONIA;CLEO CAVALCANTI;09/09/2026
1061480;194624;PAULO COSTA REPRESENTACOES;JOSUE EVANGELISTA;09/09/2026
1061412;194789;RCO COMERCIO ATACA;DAIANE CRISTINA DE OLIVEIRA;09/09/2026
1061379;194617;TAPIOTECA - SANTO AMARO;VENDEDOR INTERNO;09/09/2026
1061362;194802;PICO SUPERMERCADOS - LOJA 2;FRANCISCO ANACLETO;09/09/2026
1061361;194672;KATUCHA LJ 1;ERICK MOREIRA;09/09/2026
1061360;195114;LOJA DO PAI - CD;RAPHAEL COUTINHO ESPINDOLA;09/09/2026
1061359;195011;SUPER MERCADO AMARAL;RAPHAEL COUTINHO ESPINDOLA;09/09/2026
1061358;194723;MOTA SUPERMERCADO - GUARULHOS;GUSTAVO GOMES;09/09/2026
1061356;194631;SUPERMERCADO SIM 2;GUSTAVO GOMES;09/09/2026
1061354;194629;FAMILIA II SUPERMERCADO;GUSTAVO GOMES;09/09/2026
1061353;194727;HX3698 HOUSE CENTER;GUSTAVO GOMES;09/09/2026
1061352;196544;FEDERZONI - CD;CLAUDIO AKIO SOGA;09/09/2026
1061351;194657;FEDERZONI - 01;CLAUDIO AKIO SOGA;09/09/2026
1061350;194656;FEDERZONI - 02;CLAUDIO AKIO SOGA;09/09/2026
1061349;195077;FEDERZONI - 04;CLAUDIO AKIO SOGA;09/09/2026
1061348;194666;FEDERZONI - 06;CLAUDIO AKIO SOGA;09/09/2026
1061347;196543;FEDERZONI - CD;CLAUDIO AKIO SOGA;09/09/2026
1061346;196542;FEDERZONI - CD;CLAUDIO AKIO SOGA;09/09/2026
1061313;196541;FEDERZONI - CD;CLAUDIO AKIO SOGA;09/09/2026
1061280;195075;FEDERZONI - 05;CLAUDIO AKIO SOGA;09/09/2026
1061248;195072;FEDERZONI - 04;CLAUDIO AKIO SOGA;09/09/2026
1061247;194667;FEDERZONI - 02;CLAUDIO AKIO SOGA;09/09/2026
1061214;194660;FEDERZONI - 01;CLAUDIO AKIO SOGA;09/09/2026
1061181;196540;FEDERZONI - CD;CLAUDIO AKIO SOGA;09/09/2026
1061152;194654;FEDERZONI - 06;CLAUDIO AKIO SOGA;09/09/2026
1061151;194593;MONTE LIBANO;JOSE ROBERTO DENIZIO;09/09/2026
1061150;194733;MERCADO DA HORA;JOSE ROBERTO DENIZIO;09/09/2026
1061149;195073;FEDERZONI - 04;CLAUDIO AKIO SOGA;09/09/2026
1061148;195074;FEDERZONI - 05;CLAUDIO AKIO SOGA;09/09/2026
1061138;194653;FEDERZONI - 02;CLAUDIO AKIO SOGA;08/09/2026
1061137;194658;FEDERZONI - 03;CLAUDIO AKIO SOGA;08/09/2026
1061136;194661;FEDERZONI - 01;CLAUDIO AKIO SOGA;08/09/2026
1061135;194655;FEDERZONI - 01;CLAUDIO AKIO SOGA;08/09/2026
1061134;194668;FEDERZONI - 02;CLAUDIO AKIO SOGA;08/09/2026
1061133;194732;LÍDER SAPOPEMBA;JOSE ROBERTO DENIZIO;08/09/2026
1061132;194726;HX3698 HOUSE CENTER;GUSTAVO GOMES;08/09/2026
1061131;194632;FAMILIA II SUPERMERCADO;GUSTAVO GOMES;08/09/2026
1061130;194718;SUPERMERCADO REVOLUCAO - LJ 05;OSNEY RICARDO;08/09/2026
1061129;194730;SUPERMERCADO NINA FORTE;JOSE ROBERTO DENIZIO;08/09/2026
1061128;194634;SUPERMERCADO SIM 2;GUSTAVO GOMES;08/09/2026
1061127;194671;KATUCHA LJ 1;ERICK MOREIRA;08/09/2026
1061126;194717;SUPERMERCADO REVOLUCAO - LJ 04;OSNEY RICARDO;08/09/2026
1061125;194628;MERCADINHO J SILVA;GUSTAVO GOMES;08/09/2026
1061124;194949;SUPERMERCADO REVOLUCAO - LJ 03;OSNEY RICARDO;08/09/2026
1061123;194774;VITORIA REGIA;LUCIANO PEREIRA;08/09/2026
1061122;194720;SUPERMERCADO REVOLUCAO -  LJ 01;OSNEY RICARDO;08/09/2026
1061121;194724;MOTA SUPERMERCADO - GUARULHOS;GUSTAVO GOMES;08/09/2026
1061120;195010;SUPER MERCADO AMARAL;RAPHAEL COUTINHO ESPINDOLA;08/09/2026
1061119;194731;MERCADO MASTER DING;JOSE ROBERTO DENIZIO;08/09/2026
1061118;195115;LOJA DO PAI - CD;RAPHAEL COUTINHO ESPINDOLA;08/09/2026
1061117;194797;PICO SUPERMERCADOS - LOJA 1;FRANCISCO ANACLETO;08/09/2026
1061116;194639;SUPERMERCADO INFANGER - 02;OSNEY RICARDO;08/09/2026
1061115;195076;MERCADINHO PORTO;FRANCISCO ANACLETO;08/09/2026
1061114;195071;MERCADINHO PORTO;FRANCISCO ANACLETO;08/09/2026
1061113;194686;ALVARO - LJ 01;ERICK MOREIRA;08/09/2026
1061112;194679;ALVARO - LJ 03;ERICK MOREIRA;08/09/2026
1061111;194664;MACEDO - LOJA 01;FRANCISCO ANACLETO;08/09/2026
1061110;194678;ALVARO - LJ 03;ERICK MOREIRA;08/09/2026
1061109;194665;MACEDO - LOJA 01;FRANCISCO ANACLETO;08/09/2026
1061108;194853;ALVARO - LJ 04;ERICK MOREIRA;08/09/2026
1061107;194852;ALVARO - LJ 04;ERICK MOREIRA;08/09/2026
1061106;194801;MERCADINHO RIZARDI - 01;FRANCISCO ANACLETO;08/09/2026
1061105;194798;SUPERMERCADOS RIZARDI - 02;FRANCISCO ANACLETO;08/09/2026
1061104;194625;BOM LUGAR - 27;PAULO COSTA;08/09/2026
1061103;194626;NS SUPERMERCADO PIEDADE;PAULO COSTA;08/09/2026
1061102;194627;REDE BOM LUGAR LJ 46 - PIEDADE;PAULO COSTA;08/09/2026
1061101;196100;MERCADAO - 13;EDVALDO DOS SANTOS PEREIRA;08/09/2026
1061100;194849;ALVARO - LJ 04;ERICK MOREIRA;08/09/2026
1061099;195635;MERCADAO - 14;EDVALDO DOS SANTOS PEREIRA;08/09/2026
1061098;194680;ALVARO - LJ 03;ERICK MOREIRA;08/09/2026
1061097;195601;MERCADAO - 12;EDVALDO DOS SANTOS PEREIRA;08/09/2026
1061095;195969;MERCADAO - 11;EDVALDO DOS SANTOS PEREIRA;08/09/2026
1061094;196063;MERCADAO - 10;EDVALDO DOS SANTOS PEREIRA;08/09/2026
1061093;196032;MERCADAO - 09;EDVALDO DOS SANTOS PEREIRA;08/09/2026
1061092;196012;MERCADAO - 07;EDVALDO DOS SANTOS PEREIRA;08/09/2026
1061091;196056;MERCADAO - 08;EDVALDO DOS SANTOS PEREIRA;08/09/2026
1061090;194917;REDE X - 10;RODOLFO QUERINO LUIZ - GERENTE DE AREA;08/09/2026
1061089;194920;REDE X - 12;RODOLFO QUERINO LUIZ - GERENTE DE AREA;08/09/2026
1061088;194919;REDE X - 12;RODOLFO QUERINO LUIZ - GERENTE DE AREA;08/09/2026
1061087;194845;REDE X - 13;RODOLFO QUERINO LUIZ - GERENTE DE AREA;08/09/2026
1061086;194778;KITY SUPERMERCADO;FRANCISCO DUARTE - LUIZ DUARTE;08/09/2026
1061085;196021;MERCADAO - 06;EDVALDO DOS SANTOS PEREIRA;08/09/2026
1061084;194633;REDE X - 17;RODOLFO QUERINO LUIZ - GERENTE DE AREA;08/09/2026
1061083;195104;REDE X - 18;RODOLFO QUERINO LUIZ - GERENTE DE AREA;08/09/2026
1061082;194586;REDE X - 19;RODOLFO QUERINO LUIZ - GERENTE DE AREA;08/09/2026
1061081;194587;REDE X - 19;RODOLFO QUERINO LUIZ - GERENTE DE AREA;08/09/2026
1061080;194592;REDE X - 19;RODOLFO QUERINO LUIZ - GERENTE DE AREA;08/09/2026
1061079;194693;REDE X - 22;RODOLFO QUERINO LUIZ - GERENTE DE AREA;08/09/2026
1061078;194691;REDE X - 22;RODOLFO QUERINO LUIZ - GERENTE DE AREA;08/09/2026
1061077;194692;REDE X - 22;RODOLFO QUERINO LUIZ - GERENTE DE AREA;08/09/2026
1061076;194844;REDE X - 13;RODOLFO QUERINO LUIZ - GERENTE DE AREA;08/09/2026
1061075;194944;REDE X - 15;RODOLFO QUERINO LUIZ - GERENTE DE AREA;08/09/2026
1061074;195105;REDE X - 18;RODOLFO QUERINO LUIZ - GERENTE DE AREA;08/09/2026
1061073;194776;REDE OPA - SUPERMERCADO;FRANCISCO DUARTE - LUIZ DUARTE;08/09/2026
1061072;195950;MERCADAO - 05;EDVALDO DOS SANTOS PEREIRA;08/09/2026
1061071;194630;REDE X - 17;RODOLFO QUERINO LUIZ - GERENTE DE AREA;08/09/2026
1061070;194590;SUPERMERCADO STUK - VILA ALPINA;FRANCISCO DUARTE - LUIZ DUARTE;08/09/2026
1061069;194760;REDE X - 05;RODOLFO QUERINO LUIZ - GERENTE DE AREA;08/09/2026
1061068;194761;REDE X - 06;RODOLFO QUERINO LUIZ - GERENTE DE AREA;08/09/2026
1061067;195621;MERCADAO - 04;EDVALDO DOS SANTOS PEREIRA;08/09/2026
1061066;194916;REDE X - 10;RODOLFO QUERINO LUIZ - GERENTE DE AREA;08/09/2026
1061065;194918;REDE X - 12;RODOLFO QUERINO LUIZ - GERENTE DE AREA;08/09/2026
1061064;194721;REDE X - 01;RODOLFO QUERINO LUIZ - GERENTE DE AREA;08/09/2026
1061063;194722;REDE X - 02;RODOLFO QUERINO LUIZ - GERENTE DE AREA;08/09/2026
1061062;194843;REDE X - 03;RODOLFO QUERINO LUIZ - GERENTE DE AREA;08/09/2026
1061061;194881;REDE X - 04;RODOLFO QUERINO LUIZ - GERENTE DE AREA;08/09/2026
1061060;195812;MERCADAO - 03;EDVALDO DOS SANTOS PEREIRA;08/09/2026
1061059;194588;EMPORIO YURI;FRANCISCO DUARTE - LUIZ DUARTE;08/09/2026
1061058;195926;MERCADAO - 02;EDVALDO DOS SANTOS PEREIRA;08/09/2026
1061057;194740;MERCADO PRATS;JUAREZ COSTA;08/09/2026
1061056;194742;MERCADO PRATS;JUAREZ COSTA;08/09/2026
1061055;194621;DOCELANDIA - 01;INES MARTIN;08/09/2026
1061054;194744;COMPRE CERTO IPE;JUAREZ COSTA;08/09/2026
1061053;194585;MINI MERCADO HORA CERTA - VILA CARMEM;FRANCISCO DUARTE - LUIZ DUARTE;08/09/2026
1061052;194620;DOCELANDIA - 01;INES MARTIN;08/09/2026
1061051;195578;MERCADAO - 01;EDVALDO DOS SANTOS PEREIRA;08/09/2026
1061050;194809;SUPERMERCADO VERDEMAR;HELIO FABIO;08/09/2026
1061049;194743;COMPRE CERTO IPE;JUAREZ COSTA;08/09/2026
1061048;194808;SUPERMERCADO VERDEMAR;HELIO FABIO;08/09/2026
1061047;195622;MERCADAO - 04;EDVALDO DOS SANTOS PEREIRA;08/09/2026
1061046;196022;MERCADAO - 06;EDVALDO DOS SANTOS PEREIRA;08/09/2026
1061045;196055;MERCADAO - 08;EDVALDO DOS SANTOS PEREIRA;08/09/2026
1061044;196064;MERCADAO - 10;EDVALDO DOS SANTOS PEREIRA;08/09/2026
1061043;197224;SUP DOVALE - 06;FLAVIA SIQUEIRA;08/09/2026
1061042;194618;TENNESSE - SABARA;INES MARTIN;08/09/2026
1061040;195602;MERCADAO - 12;EDVALDO DOS SANTOS PEREIRA;08/09/2026
1061038;196101;MERCADAO - 13;EDVALDO DOS SANTOS PEREIRA;08/09/2026
1061037;195636;MERCADAO - 14;EDVALDO DOS SANTOS PEREIRA;08/09/2026
1061036;194591;BELLA SAO LUCAS;FRANCISCO DUARTE - LUIZ DUARTE;08/09/2026
1061035;194614;VAREJAO VILA MARIANA;INES MARTIN;08/09/2026
1061034;196054;MERCADAO - 08;EDVALDO DOS SANTOS PEREIRA;08/09/2026
1061033;194675;DIANAS ATACADISTA;INES MARTIN;08/09/2026
1061032;196033;MERCADAO - 09;EDVALDO DOS SANTOS PEREIRA;08/09/2026
1061031;196065;MERCADAO - 10;EDVALDO DOS SANTOS PEREIRA;08/09/2026
1061030;194728;MERCADO ARAPOCA;FLAVIA SIQUEIRA;08/09/2026
1061029;195970;MERCADAO - 11;EDVALDO DOS SANTOS PEREIRA;08/09/2026
1061028;194615;VAREJAO VILA MARIANA;INES MARTIN;08/09/2026
1061027;194676;MONALE SUPERMERCADO;INES MARTIN;08/09/2026
1061026;194677;MONALE SUPERMERCADO;INES MARTIN;08/09/2026
1061025;194775;SUPERMERCADO ATALI - LJ 01;ALENCAR SILVA;08/09/2026
1061024;195951;MERCADAO - 05;EDVALDO DOS SANTOS PEREIRA;08/09/2026
1061023;196023;MERCADAO - 06;EDVALDO DOS SANTOS PEREIRA;08/09/2026
1061021;196014;MERCADAO - 07;EDVALDO DOS SANTOS PEREIRA;08/09/2026
1061020;194783;SACOLAO SAUDE - 08;GILMERIO QUEIROZ - GERENTE DE AREA;08/09/2026
1061019;195927;MERCADAO - 02;EDVALDO DOS SANTOS PEREIRA;08/09/2026
1061018;195813;MERCADAO - 03;EDVALDO DOS SANTOS PEREIRA;08/09/2026
1061017;194785;SACOLAO SAUDE - 09;GILMERIO QUEIROZ - GERENTE DE AREA;08/09/2026
1061016;195623;MERCADAO - 04;EDVALDO DOS SANTOS PEREIRA;08/09/2026
1061015;195579;MERCADAO - 01;EDVALDO DOS SANTOS PEREIRA;08/09/2026
1061014;194673;SACOLAO SAUDE - 07;GILMERIO QUEIROZ - GERENTE DE AREA;08/09/2026
1061013;194904;SACOLAO SAUDE - 04;GILMERIO QUEIROZ - GERENTE DE AREA;08/09/2026
1061012;194738;SACOLAO SAUDE - 02;GILMERIO QUEIROZ - GERENTE DE AREA;08/09/2026
1061011;194729;SACOLAO VILA CARRAO;GILMERIO QUEIROZ - GERENTE DE AREA;08/09/2026
1061010;194784;SACOLAO SAUDE - 08;GILMERIO QUEIROZ - GERENTE DE AREA;08/09/2026
1061009;195008;SUPERMERCADO UNIAO - LOJA 20;RENATO SANTO MICHELMANN;08/09/2026
1061008;194674;SACOLAO SAUDE - 07;GILMERIO QUEIROZ - GERENTE DE AREA;08/09/2026
1061007;195012;IVAN BARBOZA;RAPHAEL COUTINHO ESPINDOLA;08/09/2026
1061006;195009;IVAN BARBOZA;RAPHAEL COUTINHO ESPINDOLA;08/09/2026
1061005;194891;SACOLAO SAUDE - 06;GILMERIO QUEIROZ - GERENTE DE AREA;08/09/2026
1061004;194616;SACOLAO SAUDE - 05;GILMERIO QUEIROZ - GERENTE DE AREA;08/09/2026
1061003;194457;SACOLAO SAUDE - 04;GILMERIO QUEIROZ - GERENTE DE AREA;08/09/2026
1061002;194741;SACOLAO SAUDE - 02;GILMERIO QUEIROZ - GERENTE DE AREA;08/09/2026
1061001;194613;SITIO VERDE - LJ 02;SILVANO ARRUDA;08/09/2026
1061000;194689;GDG DELIVERY;KELVIN;08/09/2026
1060999;194951;SITIO VERDE - LJ 01;SILVANO ARRUDA;08/09/2026
1060998;194777;SACOLAO SAUDE - 01;GILMERIO QUEIROZ - GERENTE DE AREA;08/09/2026
1060996;194886;EMPORIO JJ HORTIFRUTI;CARLOS FERREIRA;08/09/2026
1060994;196653;NILUS SUPERMERCADOS;CARLOS FERREIRA;08/09/2026
1060993;194826;ARBORETO;CARLOS FERREIRA;08/09/2026
1060992;194685;ALVARO - LJ 01;ERICK MOREIRA;08/09/2026
1060991;194682;ALVARO - LJ 02;ERICK MOREIRA;08/09/2026
1060990;194683;ALVARO - LJ 02;ERICK MOREIRA;08/09/2026
1060988;195538;N. S. LAR SUPERMERCADO;CARLOS FERREIRA;08/09/2026
1060987;194379;VILA ZAIRA - 02;SILVANO ARRUDA;08/09/2026
1060986;194598;NOSSO LAR;CARLOS FERREIRA;08/09/2026
1060985;194380;VILA ZAIRA - GUARULHOS;SILVANO ARRUDA;08/09/2026
1060984;194455;SACOLAO SAUDE - 09;GILMERIO QUEIROZ - GERENTE DE AREA;08/09/2026
1060983;194952;VILA ZAIRA - SÃO JOSE CAMPOS;SILVANO ARRUDA;08/09/2026
1060982;194458;SACOLAO VILA CARRAO;GILMERIO QUEIROZ - GERENTE DE AREA;08/09/2026
1060981;194688;GDG DELIVERY;KELVIN;08/09/2026
1060979;194454;SACOLAO SAUDE - 08;GILMERIO QUEIROZ - GERENTE DE AREA;08/09/2026
1060977;194447;SACOLAO SAUDE - 07;GILMERIO QUEIROZ - GERENTE DE AREA;08/09/2026
1060976;194467;MERCADO ALIANCA;EDSON MALAGUTTI;08/09/2026
1060975;194468;MERCADO ALIANCA;EDSON MALAGUTTI;08/09/2026
1060974;194444;MERCADO BELLA MOOCA;FRANCISCO DUARTE - LUIZ DUARTE;08/09/2026
1060973;194888;SACOLAO SAUDE - 06;GILMERIO QUEIROZ - GERENTE DE AREA;08/09/2026
1060972;194921;SM SUBLIME - LOJA 04;CLAUDIO AKIO SOGA;08/09/2026
1060971;194446;BELLA SAO LUCAS;FRANCISCO DUARTE - LUIZ DUARTE;08/09/2026
1060970;194442;SACOLAO SAUDE - 04;GILMERIO QUEIROZ - GERENTE DE AREA;08/09/2026
1060969;194449;SACOLAO SAUDE - 05;GILMERIO QUEIROZ - GERENTE DE AREA;08/09/2026
1060967;194430;VOG COMERCIO DE ALIMENTOS;FELIPE GOMES;08/09/2026
1060966;194429;VOG COMERCIO DE ALIMENTOS;FELIPE GOMES;08/09/2026
1060965;194700;MERCADAO CARNES - GLADIADOR;FELIPE GOMES;08/09/2026
1060964;194856;ARMAZEM NORDESTINO E PRODUTOS NATURAIS;MARIO MIZUKA;08/09/2026
1060963;194445;BELLA SAO LUCAS;FRANCISCO DUARTE - LUIZ DUARTE;08/09/2026
1060962;194509;ARMAZEM NORDESTINO E PRODUTOS NATURAIS;MARIO MIZUKA;08/09/2026
1060961;194681;ALVARO - LJ 02;ERICK MOREIRA;08/09/2026
1060960;194409;SACOLAO SAUDE - 02;GILMERIO QUEIROZ - GERENTE DE AREA;08/09/2026
1060959;194405;SACOLAO SAUDE - 01;GILMERIO QUEIROZ - GERENTE DE AREA;08/09/2026
1060958;194684;ALVARO - LJ 01;ERICK MOREIRA;08/09/2026
1060957;194471;TAKAHASHI - LOJA 02;FLAVIA SIQUEIRA;08/09/2026
1060956;194643;SUPER MIX BRANDINA;OSNEY RICARDO;08/09/2026
1060955;194642;SUPER MIX BRANDINA;OSNEY RICARDO;08/09/2026
1060954;194406;SUPERMERCADO FEN;FRANCISCO DUARTE - LUIZ DUARTE;08/09/2026
1060953;194699;VEND PERTO MACHINES;FLAVIA SIQUEIRA;08/09/2026
1060951;194407;SUPERMERCADO HIK;JOSE GOMES DOS S.;08/09/2026
1060950;194491;F VIEIRA MINIMERCADO - LJ 01;FRANCISCO DUARTE - LUIZ DUARTE;08/09/2026
1060935;194619;INOVA MACHINES;LUCIANE MARQUES;08/09/2026
1060927;194572;FAVETTA - ARARAS;LUCIANE MARQUES;08/09/2026
1060926;194573;FAVETTA - LOJA 03;LUCIANE MARQUES;08/09/2026
1060925;194574;FAVETTA - CENTRO;LUCIANE MARQUES;08/09/2026
1060924;194929;DONINE - LOJA 02;RENATO SANTO MICHELMANN;08/09/2026
1060923;194931;DONINE - LOJA 01;RENATO SANTO MICHELMANN;08/09/2026
1060921;194470;TAKAHASHI - LOJA 02;FLAVIA SIQUEIRA;08/09/2026
1060922;194472;OKKER - MATRIZ;VENDEDOR INTERNO;08/09/2026
1060917;194703;M & M SUPERMERCADO;RONILSON RIBEIRO;08/09/2026
1060913;194930;DONINE - LOJA 01;RENATO SANTO MICHELMANN;08/09/2026
1060910;194781;ASUN SUPERMERCADOS;ALESSANDRO CANDIAGO;08/09/2026
1060905;194928;DONINE - LOJA 02;RENATO SANTO MICHELMANN;08/09/2026
1060903;194408;MIL FOLHAS - SBC;JUAREZ COSTA;08/09/2026
1060902;194696;LATICINIOS DA ILHA;JOSE SOARES;08/09/2026
1060901;195007;SHOPPER COMERCIO ALIMENTICIO - RIBEIRAO PRETO;JOSE ARTENCIO;08/09/2026
1060894;194597;SHOPPER COMERCIO ALIMENTICIO - OSASCO;JOSE ARTENCIO;08/09/2026
1060893;194453;ZAFFARI - EMBU DAS ARTES;FELIPE GOMES;08/09/2026
1060892;194701;MERCADAO CARNES - GLADIADOR;FELIPE GOMES;08/09/2026
1060891;194695;LATICINIOS DA ILHA;JOSE SOARES;08/09/2026
1060890;194704;O CAMPONES;JOSE SOARES;08/09/2026
1060889;194702;LIMA ITANHAEM;JOSE SOARES;08/09/2026
1060888;194459;SHOPPER - CARANDIRU;JOSE ARTENCIO;08/09/2026
1060887;194417;ATACADAO CAMBUCI - LOJA 680;ROBERTO OLIVEIRA ANDRADE;08/09/2026
1060886;194428;VOG COMERCIO DE ALIMENTOS;FELIPE GOMES;08/09/2026
1060885;194420;ATACADAO INTERLAGOS - LJ 229;ROBERTO OLIVEIRA ANDRADE;08/09/2026
1060884;194427;VOG COMERCIO DE ALIMENTOS;FELIPE GOMES;08/09/2026
1060851;194885;RODRIGO KISBERI JACO;WAGNER DA SILVA LIMA;08/09/2026
1060826;40639;ASSAI - MONJOLO;JOSE ELIAS;08/09/2026
1060825;40641;259 CURITIBA ALT;JOSE ELIAS;08/09/2026
1060824;194999;MERCADO CHEGA MAIS;AROLDO BATISTA SANTOS;08/09/2026
1060823;40638;ASSAI CURITIBA - LJ 257;JOSE ELIAS;08/09/2026
1060817;40637;229 CURITIBA ATU;JOSE ELIAS;08/09/2026
1060812;40636;215 MARINGA SEMINARIO;JOSE ELIAS;08/09/2026
1060810;194839;ATACADAO SANTO AMARO - LJ 20;ROBERTO OLIVEIRA ANDRADE;08/09/2026
1060808;40635;195 CURITIBA JK;JOSE ELIAS;08/09/2026
1060805;194725;SUPERMERCADO BRASILIANOS;JOSE ARTENCIO - EA;08/09/2026
1060804;40634;ASSAI - 162 LONDRINA SAUL;JOSE ELIAS;08/09/2026
1060802;194448;PADARIA DONA ALEXANDRINA;WAGNER DA SILVA LIMA;08/09/2026
1060801;40633;099 CURITIBA PINHEIRINHO;JOSE ELIAS;08/09/2026
1060798;40632;079 MARINGA COLOMBO;JOSE ELIAS;08/09/2026
1060796;40640;071 LONDRINA TIR;JOSE ELIAS;08/09/2026
1060792;194758;CEMA VILLEFORT - CD;CAMILA CUNHA DE FREITAS;08/09/2026
1060785;194335;SUPERMERCADO PONTEL - CAMPINAS;OSNEY RICARDO;08/09/2026
1060784;194334;SUPERMERCADO PONTEL - CAMPINAS;OSNEY RICARDO;08/09/2026
1060783;194336;SUPERMERCADO PONTEL - CAMPINAS;OSNEY RICARDO;08/09/2026
1060782;194333;PIRACAM;OSNEY RICARDO;08/09/2026
1060781;194567;SUPERMERCADO ATLANTICO;DAIANE CRISTINA DE OLIVEIRA;08/09/2026
1060780;194566;SUPERMERCADO ATLANTICO;DAIANE CRISTINA DE OLIVEIRA;08/09/2026
1060779;194330;PIRACAM;OSNEY RICARDO;08/09/2026
1060778;194331;PIRACAM;OSNEY RICARDO;08/09/2026
1060774;15203;M & C HEALTHCARE;FERNANDO ARRUDA;08/09/2026
1060764;305799;OKKER - MATRIZ;VENDEDOR INTERNO;08/09/2026
1060763;194332;PIRACAM;OSNEY RICARDO;08/09/2026
1060757;194560;SUPERMERCADO ATLANTICO;DAIANE CRISTINA DE OLIVEIRA;08/09/2026
1060756;194899;CUCINARE -  BARUERI CD;INES MARTIN;08/09/2026
1060755;194559;SUPERMERCADO ATLANTICO;DAIANE CRISTINA DE OLIVEIRA;08/09/2026
1060753;194362;CARONE - CABO FRIO;JULIANA TRISTAO;08/09/2026
1060752;194361;SEMPRE TEM SAO PEDRO DA ALDEIA;JULIANA TRISTAO;08/09/2026
1060723;194328;SM SUBLIME - LOJA 04;CLAUDIO AKIO SOGA;08/09/2026
1060721;194360;LOGICA DISTRIBUICAO;RODOLFO QUERINO LUIZ - GERENTE DE AREA;08/09/2026
1060720;194368;SENSACAO;JUAREZ COSTA;08/09/2026
1060719;194369;SENSACAO;JUAREZ COSTA;08/09/2026
1060718;194352;DUQUE - LJ 03;FLAVIA SIQUEIRA;08/09/2026
1060717;194556;SUPERMERCADO SAO JOSE;DAIANE CRISTINA DE OLIVEIRA;08/09/2026
1060716;194351;DUQUE - LJ 03;FLAVIA SIQUEIRA;08/09/2026
1060715;196312;MAGUI SUPERMERCADOS;OSNEY RICARDO;08/09/2026
1060714;194348;SUP CORREA - VILA HARO 14;PAULO COSTA;08/09/2026
1060713;194349;SUP CORREA - VILA HARO 14;PAULO COSTA;08/09/2026
1060712;194373;REDE SERIEMA - LOJA 03;PAULO COSTA;08/09/2026
1060711;194374;REDE SERIEMA - LOJA 03;PAULO COSTA;08/09/2026
1060710;194637;SM SELETO;EDSON MALAGUTTI;08/09/2026
1060709;194313;SUPERMERCADO MIGRANTES;CELSO NUNES TEIXEIRA;08/09/2026
1060708;194441;UNIAO DE ITUPEVA - LJ 01;EDSON MALAGUTTI;08/09/2026
1060707;194438;UNIAO DE ITUPEVA - LJ 02;EDSON MALAGUTTI;08/09/2026
1060706;194437;UNIAO DE ITUPEVA - LJ 02;EDSON MALAGUTTI;08/09/2026
1060705;194440;UNIAO DE ITUPEVA - LJ 03;EDSON MALAGUTTI;08/09/2026
1060704;194376;BOM LUGAR LOJA 18;PAULO COSTA;08/09/2026
1060703;194557;SUPERMERCADO SAO JOSE;DAIANE CRISTINA DE OLIVEIRA;08/09/2026
1060702;194555;SUPERMERCADO SAO JOSE;DAIANE CRISTINA DE OLIVEIRA;08/09/2026
1060700;194536;SUPERMERCADO PORECATU - 02;MARCELO GREGORIO;08/09/2026
1060699;194537;SUPERMERCADO PORECATU - 02;MARCELO GREGORIO;08/09/2026
1060698;194318;SUPERMERCADO ESTANCIA - LOJA 04;PAULO COSTA;08/09/2026
1060697;194317;SUPERMERCADO ESTANCIA - LOJA 04;PAULO COSTA;08/09/2026
1060696;194316;SUPERMERCADO ESTANCIA - LOJA 01;PAULO COSTA;08/09/2026
1060695;194611;ROLIM DE FREITAS & CIA;PAULO COSTA;08/09/2026
1060694;194439;UNIAO DE ITUPEVA - LJ 03;EDSON MALAGUTTI;08/09/2026
1060693;194422;UNIAO DE ITUPEVA - LJ 04;EDSON MALAGUTTI;08/09/2026
1060692;194564;SUPREMO SUPERMERCADO;KALIEL DE CALDA LEITE;08/09/2026
1060691;194338;SUPERMERCADOS J L - LJ 01;OSNEY RICARDO;08/09/2026
1060690;194432;UNIAO DE ITUPEVA - LJ 06;EDSON MALAGUTTI;08/09/2026
1060689;194377;BOM LUGAR LOJA 18;PAULO COSTA;08/09/2026
1060688;194435;UNIAO DE ITUPEVA - LJ 05;EDSON MALAGUTTI;08/09/2026
1060687;194443;UNIAO DE ITUPEVA - LJ 01;EDSON MALAGUTTI;08/09/2026
1060654;194295;TERRA PRETA;CLAUDIO AKIO SOGA;07/09/2026
1060653;194294;COMERCIAL QUALIT;CLAUDIO AKIO SOGA;07/09/2026
1060621;194565;SUPREMO SUPERMERCADO;KALIEL DE CALDA LEITE;07/09/2026
1060620;194290;MERCADO LL BARBOSA;JOSE ROBERTO DENIZIO;07/09/2026
1060587;194292;COMERCIAL QUALIT;CLAUDIO AKIO SOGA;07/09/2026
1060557;194293;COMERCIAL QUALIT;CLAUDIO AKIO SOGA;07/09/2026
1060556;194296;TERRA PRETA;CLAUDIO AKIO SOGA;07/09/2026
1060555;194297;TERRA PRETA;CLAUDIO AKIO SOGA;07/09/2026
1060554;194612;ROLIM DE FREITAS & CIA;PAULO COSTA;07/09/2026
1060521;194329;QUINTAL DA VILA ARUJAZINHO;CLAUDIO AKIO SOGA;07/09/2026
1060488;194575;PAO DE ACUCAR - SP;EDMILSON NUNES;07/09/2026
1060455;194288;MERCADO LL BARBOSA;JOSE ROBERTO DENIZIO;07/09/2026
1060389;194237;ESPERANCA - 24;DANIEL CAMACHO;06/09/2026
1060357;194308;ESPERANCA - 23;DANIEL CAMACHO;06/09/2026
1060356;194346;ESPERANCA - 22;DANIEL CAMACHO;06/09/2026
1060325;194365;SUPERMERCADO BARCELONA - DIADEMA;INES MARTIN;06/09/2026
1060324;194364;PEDRO MENINO LEITE;ALEXANDRE VIANA;06/09/2026
1060323;194371;HORTIFRUTI  DO BAIRRO;ALEXANDRE VIANA;06/09/2026
1060293;194561;ESPERANCA  - 21;DANIEL CAMACHO;06/09/2026
1060292;194452;ESPERANCA - 20;DANIEL CAMACHO;06/09/2026
1060291;194372;HORTIFRUTI  DO BAIRRO;ALEXANDRE VIANA;06/09/2026
1060290;194363;PEDRO MENINO LEITE;ALEXANDRE VIANA;06/09/2026
1060262;194298;ESPERANCA - 19;DANIEL CAMACHO;06/09/2026
1060261;194451;ESPERANCA - 18;DANIEL CAMACHO;06/09/2026
1060260;194327;ESPERANCA - 17;DANIEL CAMACHO;06/09/2026
1060259;194477;ESPERANCA - 16;DANIEL CAMACHO;06/09/2026
1060258;194312;ESPERANCA - 15;DANIEL CAMACHO;06/09/2026
1060257;194375;ESPERANCA - 14;DANIEL CAMACHO;06/09/2026
1060226;194353;ESPERANCA - 13;DANIEL CAMACHO;05/09/2026
1060225;194283;ESPERANCA - 12;DANIEL CAMACHO;05/09/2026
1060224;194378;ESPERANCA - 11;DANIEL CAMACHO;05/09/2026
1060192;194953;ESPERANCA - 09;DANIEL CAMACHO;05/09/2026
1060191;194343;ESPERANCA - 07;DANIEL CAMACHO;05/09/2026
1060172;194623;ESPERANCA - 06;DANIEL CAMACHO;05/09/2026
1060171;194581;ESPERANCA - 05;DANIEL CAMACHO;05/09/2026
1060170;194321;ANTONIO C. MATHEUS - CASA DO NORTE;FRANCISCO ANACLETO;05/09/2026
1060169;194389;SHIRLEY C. F. MATHEUS;FRANCISCO ANACLETO;05/09/2026
1060167;194390;ITALIANOS - VASSOURAS;FRANCISCO ANACLETO;05/09/2026
1060166;194393;ITALIANOS - CENTRO;FRANCISCO ANACLETO;05/09/2026
1060165;194323;ITALIANOS - CENTRO;FRANCISCO ANACLETO;05/09/2026
1060164;194326;MERCADO SANTA RITA - 01;FRANCISCO ANACLETO;05/09/2026
1060163;194322;MERCADO SANTA RITA - 01;FRANCISCO ANACLETO;05/09/2026
1060162;194324;MERCADO SANTA RITA - 01;FRANCISCO ANACLETO;05/09/2026
1060161;194392;ITALIANOS - VASSOURAS;FRANCISCO ANACLETO;05/09/2026
1060160;194325;ANTONIO C. MATHEUS - CASA DO NORTE;FRANCISCO ANACLETO;05/09/2026
1060158;194391;SHIRLEY C. F. MATHEUS;FRANCISCO ANACLETO;05/09/2026
1060129;194649;EMPORIO SAO PEDRO - VILA INDIANA;CAROLINA DOS SANTOS ROCHA;04/09/2026
1060128;194648;EMPORIO SAO PEDRO - VILA INDIANA;CAROLINA DOS SANTOS ROCHA;04/09/2026
1060127;194400;CASA DE CARNES COPA RIO;CAROLINA DOS SANTOS ROCHA;04/09/2026
1060126;194399;CASA DE CARNES COPA RIO;CAROLINA DOS SANTOS ROCHA;04/09/2026
1060125;194580;SUP ALBUQUERQUE - 04;RODRIGO LEANDRO CAMARGO;04/09/2026
1060093;194550;SUPERMERCADO PORECATU - 10;MARCELO GREGORIO;04/09/2026
1060092;194549;SUPERMERCADO PORECATU - 10;MARCELO GREGORIO;04/09/2026
1060091;194535;SUPERMERCADO PORECATU - 11;MARCELO GREGORIO;04/09/2026
1060090;194548;SUPERMERCADO PORECATU - 08;MARCELO GREGORIO;04/09/2026
1060089;194546;SUPERMERCADO PORECATU - 09;MARCELO GREGORIO;04/09/2026
1060088;194545;SUPERMERCADO PORECATU - 09;MARCELO GREGORIO;04/09/2026
1060087;194551;SUPERMERCADO PORECATU - 06;MARCELO GREGORIO;04/09/2026
1060086;194552;SUPERMERCADO PORECATU - 07;MARCELO GREGORIO;04/09/2026
1060085;194547;SUPERMERCADO PORECATU - 04;MARCELO GREGORIO;04/09/2026
1060084;194544;SUPERMERCADO PORECATU - 05;MARCELO GREGORIO;04/09/2026
1060083;194543;SUPERMERCADO PORECATU - 05;MARCELO GREGORIO;04/09/2026
1060082;194538;SUPERMERCADO PORECATU - 02;MARCELO GREGORIO;04/09/2026
1060081;194541;SUPERMERCADO PORECATU - 03;MARCELO GREGORIO;04/09/2026
1060080;194542;SUPERMERCADO PORECATU - 03;MARCELO GREGORIO;04/09/2026
1060079;194540;SUPERMERCADO PORECATU - 01;MARCELO GREGORIO;04/09/2026
1060078;194539;SUPERMERCADO PORECATU - 02;MARCELO GREGORIO;04/09/2026
1060077;194558;SUPERMERCADO SAO JOSE;DAIANE CRISTINA DE OLIVEIRA;04/09/2026
1060076;194526;BIG MART - LJ 201 RC;DAIANE CRISTINA DE OLIVEIRA;04/09/2026
1060075;194516;BIG MART - LJ 114 BOS;DAIANE CRISTINA DE OLIVEIRA;04/09/2026
1060074;194523;BIG MART - LJ 202 RA;DAIANE CRISTINA DE OLIVEIRA;04/09/2026
1060073;194519;BIG MART - LJ 203 RG;DAIANE CRISTINA DE OLIVEIRA;04/09/2026
1060072;194529;BIG MART - LJ 204 RPR1;DAIANE CRISTINA DE OLIVEIRA;04/09/2026
1060071;194530;BIG MART - LJ 205 RPR2;DAIANE CRISTINA DE OLIVEIRA;04/09/2026
1060070;194524;BIG MART - LJ 206 RGU;DAIANE CRISTINA DE OLIVEIRA;04/09/2026
1060069;194525;BIG MART - LJ 301 MPI;DAIANE CRISTINA DE OLIVEIRA;04/09/2026
1060068;194518;BIG MART - LJ 302 TG;DAIANE CRISTINA DE OLIVEIRA;04/09/2026
1060067;194517;BIG MART - LJ 101 BG;DAIANE CRISTINA DE OLIVEIRA;04/09/2026
1060066;194522;BIG MART - LJ 102 BA;DAIANE CRISTINA DE OLIVEIRA;04/09/2026
1060065;194520;BIG MART - LJ 113 BCAS;DAIANE CRISTINA DE OLIVEIRA;04/09/2026
1060064;194527;BIG MART - LJ 105 BC;DAIANE CRISTINA DE OLIVEIRA;04/09/2026
1060063;194532;BIG MART - LJ 103 BP;DAIANE CRISTINA DE OLIVEIRA;04/09/2026
1060062;194515;BIG MART - LJ 115 DRAC;DAIANE CRISTINA DE OLIVEIRA;04/09/2026
1060061;194553;BIG MART - LJ 111 BN;DAIANE CRISTINA DE OLIVEIRA;04/09/2026
1060060;194554;BIG MART - LJ 112 BI;DAIANE CRISTINA DE OLIVEIRA;04/09/2026
1060059;194521;BIG MART - LJ 109 BA3;DAIANE CRISTINA DE OLIVEIRA;04/09/2026
1060058;194534;BIG MART - LJ 106 BP2;DAIANE CRISTINA DE OLIVEIRA;04/09/2026
1060057;194230;ATACADAO MS - TRES LAGOS;ROBERTO CARLOS SANTANA;04/09/2026
1060056;194232;ATACADAO MS - JD CENTENARIO;ROBERTO CARLOS SANTANA;04/09/2026
1060055;194234;ATACADAO MS - COSTA E SILVA;ROBERTO CARLOS SANTANA;04/09/2026
1060054;194284;MERCADO CHEGA MAIS;AROLDO BATISTA SANTOS;04/09/2026
1060053;194231;ATACADAO MS - SANTO ANTONIO;ROBERTO CARLOS SANTANA;04/09/2026
1060052;194367;SUPERMERCADO BARCELONA - DIADEMA;INES MARTIN;04/09/2026
1060051;194401;EMPORIO MEIWA;FLAVIA SIQUEIRA;04/09/2026
1060050;194214;AIALA DISTRIBUIDORA;JOSE GOMES DOS S.;04/09/2026
1060049;194650;HORTIFRUTI  - LAPA;FLAVIA SIQUEIRA;04/09/2026
1060048;194651;HORTIFRUTI  - LAPA;FLAVIA SIQUEIRA;04/09/2026
1060047;194229;ATACADAO MS - DOURADOS;ROBERTO CARLOS SANTANA;04/09/2026
1060046;194235;ATACADAO MS - LOJA 02;ROBERTO CARLOS SANTANA;04/09/2026
1060045;194381;REDE BOM LUGAR CD - LJ51;PAULO COSTA;04/09/2026
1060043;194514;SUPER FREITAS - TAQUARITUBA;ROGERIO APARECIDO DA SILVA RODRIGUES;04/09/2026
1060042;194652;HORTIFRUTI  - LAPA;FLAVIA SIQUEIRA;04/09/2026
1060041;194579;SUP ALBUQUERQUE - 04;RODRIGO LEANDRO CAMARGO;04/09/2026
1060040;194513;SUPER FREITAS - TAQUARITUBA;ROGERIO APARECIDO DA SILVA RODRIGUES;04/09/2026
1060039;194320;CHIMAR SUPERMERCADOS - MATRIZ;WILSON PEREIRA;04/09/2026
1060038;194969;MUNDO CEREALISTA;ROBSON BERTOLINI;04/09/2026
1060037;194347;CHIMAR SUPERMERCADOS - LOJA 05;WILSON PEREIRA;04/09/2026
1060036;194315;CHIMAR SUPERMERCADOS - LOJA 04;WILSON PEREIRA;04/09/2026
1060035;194285;MERCADO CHEGA MAIS;AROLDO BATISTA SANTOS;04/09/2026
1060034;194213;AIALA DISTRIBUIDORA;JOSE GOMES DOS S.;04/09/2026
1060033;194384;CHIMAR SUPERMERCADOS - LOJA 03;WILSON PEREIRA;04/09/2026
1060032;194319;CHIMAR SUPERMERCADOS - LOJA 02;WILSON PEREIRA;04/09/2026
1060031;194431;UNIAO DE ITUPEVA - LJ 06;EDSON MALAGUTTI;04/09/2026
1060030;194436;UNIAO DE ITUPEVA - LJ 05;EDSON MALAGUTTI;04/09/2026
1060029;194339;SUPERMERCADOS J L - LJ 01;OSNEY RICARDO;04/09/2026
1060028;194421;UNIAO DE ITUPEVA - LJ 04;EDSON MALAGUTTI;04/09/2026
1060027;194433;UNIAO DE ITUPEVA - LJ 03;EDSON MALAGUTTI;04/09/2026
1060026;194434;UNIAO DE ITUPEVA - LJ 03;EDSON MALAGUTTI;04/09/2026
1060025;305770;2JM AMIDOS;VENDEDOR INTERNO;04/09/2026
1060024;194423;UNIAO DE ITUPEVA - LJ 02;EDSON MALAGUTTI;04/09/2026
1060023;194424;UNIAO DE ITUPEVA - LJ 02;EDSON MALAGUTTI;04/09/2026
1060021;195809;MERCADAO - 03;EDVALDO DOS SANTOS PEREIRA;04/09/2026
1060019;195449;ZAFFARI - RS CD;ALESSANDRO CANDIAGO;04/09/2026
1060017;15201;ACROSSMAP GROUP LLC;FERNANDO ARRUDA;04/09/2026
1060016;195448;ZAFFARI - RS CD;ALESSANDRO CANDIAGO;04/09/2026
1060015;196057;MERCADAO - 08;EDVALDO DOS SANTOS PEREIRA;04/09/2026
1060013;194425;UNIAO DE ITUPEVA - LJ 01;EDSON MALAGUTTI;04/09/2026
1060012;194426;UNIAO DE ITUPEVA - LJ 01;EDSON MALAGUTTI;04/09/2026
1060011;195808;MERCADAO - 03;EDVALDO DOS SANTOS PEREIRA;04/09/2026
1060010;195576;MERCADAO - 01;EDVALDO DOS SANTOS PEREIRA;04/09/2026
1060009;195924;MERCADAO - 02;EDVALDO DOS SANTOS PEREIRA;04/09/2026
1060008;195619;MERCADAO - 04;EDVALDO DOS SANTOS PEREIRA;04/09/2026
1060007;194479;TEODULO - CIDADE DUTRA;CLEO CAVALCANTI;04/09/2026
1060005;196031;MERCADAO - 09;EDVALDO DOS SANTOS PEREIRA;04/09/2026
1060004;195948;MERCADAO - 05;EDVALDO DOS SANTOS PEREIRA;04/09/2026
1060003;196019;MERCADAO - 06;EDVALDO DOS SANTOS PEREIRA;04/09/2026
1060002;196009;MERCADAO - 07;EDVALDO DOS SANTOS PEREIRA;04/09/2026
1060001;196058;MERCADAO - 08;EDVALDO DOS SANTOS PEREIRA;04/09/2026
1060000;195575;MERCADAO - 01;EDVALDO DOS SANTOS PEREIRA;04/09/2026
1059999;195632;MERCADAO - 14;EDVALDO DOS SANTOS PEREIRA;04/09/2026
1059997;195967;MERCADAO - 11;EDVALDO DOS SANTOS PEREIRA;04/09/2026
1059996;196030;MERCADAO - 09;EDVALDO DOS SANTOS PEREIRA;04/09/2026
1059995;196061;MERCADAO - 10;EDVALDO DOS SANTOS PEREIRA;04/09/2026
1059994;195966;MERCADAO - 11;EDVALDO DOS SANTOS PEREIRA;04/09/2026
1059993;195599;MERCADAO - 12;EDVALDO DOS SANTOS PEREIRA;04/09/2026
1059992;196098;MERCADAO - 13;EDVALDO DOS SANTOS PEREIRA;04/09/2026
1059991;195618;MERCADAO - 04;EDVALDO DOS SANTOS PEREIRA;04/09/2026
1059990;195923;MERCADAO - 02;EDVALDO DOS SANTOS PEREIRA;04/09/2026
1059989;196097;MERCADAO - 13;EDVALDO DOS SANTOS PEREIRA;04/09/2026
1059987;196059;MERCADAO - 08;EDVALDO DOS SANTOS PEREIRA;04/09/2026
1059986;196029;MERCADAO - 09;EDVALDO DOS SANTOS PEREIRA;04/09/2026
1059985;196062;MERCADAO - 10;EDVALDO DOS SANTOS PEREIRA;04/09/2026
1059984;195968;MERCADAO - 11;EDVALDO DOS SANTOS PEREIRA;04/09/2026
1059983;195600;MERCADAO - 12;EDVALDO DOS SANTOS PEREIRA;04/09/2026
1059982;196099;MERCADAO - 13;EDVALDO DOS SANTOS PEREIRA;04/09/2026
1059981;195634;MERCADAO - 14;EDVALDO DOS SANTOS PEREIRA;04/09/2026
1059980;194314;SUPERMERCADO MIGRANTES;CELSO NUNES TEIXEIRA;04/09/2026
1059979;195788;RECANTO DA BENCAO;TELEVENDAS - DA TERRINHA;04/09/2026
1059978;195633;MERCADAO - 14;EDVALDO DOS SANTOS PEREIRA;04/09/2026
1059977;195811;MERCADAO - 03;EDVALDO DOS SANTOS PEREIRA;04/09/2026
1059976;195925;MERCADAO - 02;EDVALDO DOS SANTOS PEREIRA;04/09/2026
1059975;195577;MERCADAO - 01;EDVALDO DOS SANTOS PEREIRA;04/09/2026
1059974;195620;MERCADAO - 04;EDVALDO DOS SANTOS PEREIRA;04/09/2026
1059973;195949;MERCADAO - 05;EDVALDO DOS SANTOS PEREIRA;04/09/2026
1059972;196020;MERCADAO - 06;EDVALDO DOS SANTOS PEREIRA;04/09/2026
1059971;196010;MERCADAO - 07;EDVALDO DOS SANTOS PEREIRA;04/09/2026
1059970;194746;COOPERCICA - 01;EDSON MALAGUTTI;04/09/2026
1059969;194463;COOPERCICA - 02;EDSON MALAGUTTI;04/09/2026
1059968;194461;COOPERCICA - 03;EDSON MALAGUTTI;04/09/2026
1059967;194462;COOPERCICA - 04;EDSON MALAGUTTI;04/09/2026
1059966;194814;COOPERCICA - 05;EDSON MALAGUTTI;04/09/2026
1059965;194460;COOPERCICA - 06;EDSON MALAGUTTI;04/09/2026
1059964;194813;COOPERCICA - 07;EDSON MALAGUTTI;04/09/2026
1059963;194812;COOPERCICA - 08;EDSON MALAGUTTI;04/09/2026
1059962;194419;COOPERCICA - 09;EDSON MALAGUTTI;04/09/2026
1059958;194638;SM SELETO;EDSON MALAGUTTI;04/09/2026
1059951;195810;MERCADAO - 03;EDVALDO DOS SANTOS PEREIRA;04/09/2026
1059950;194562;SUPERMERCADO NANA SUL;KALIEL DE CALDA LEITE;04/09/2026
1059946;194345;BOM LUGAR - 37;PAULO COSTA;04/09/2026
1059945;194366;SUPERMERCADO BARCELONA - DIADEMA;INES MARTIN;04/09/2026
1059944;194563;SUPERMERCADO NANA SUL;KALIEL DE CALDA LEITE;04/09/2026
1059943;194344;BOM LUGAR - 37;PAULO COSTA;04/09/2026
1059940;194388;CASA DE CARNE MAX BOI;FRANCISCO ANACLETO;04/09/2026
1059939;194387;CASA DE CARNE MAX BOI;FRANCISCO ANACLETO;04/09/2026
1059938;194385;EDENILSON BUENO ROSA;PAULO COSTA;04/09/2026
1059937;194383;EDENILSON BUENO ROSA;PAULO COSTA;04/09/2026
1059936;194038;CESTA SILCO LTDA;JAMIR RIBEIRO;04/09/2026
1059932;194466;PIRANA - AUTO SERVICO;EDSON MALAGUTTI;04/09/2026
1059931;194119;GIKANY TRANSPORTE;ERICK MOREIRA;04/09/2026
1059930;196078;SUPERMERCADO REMO;ERICK MOREIRA;04/09/2026
1059929;194386;CASA DE CARNE MAX BOI;FRANCISCO ANACLETO;04/09/2026
1059928;194155;SUPERMERCADO SER BOM;ERICK MOREIRA;04/09/2026
1059927;194480;GIKANY TRANSPORTE;ERICK MOREIRA;04/09/2026
1059911;194091;AYUMI - 01;LEANDRO GOLDINHO LOPES;04/09/2026
1059910;194094;AYUMI - 02;LEANDRO GOLDINHO LOPES;04/09/2026
1059909;194025;AYUMI - 03;LEANDRO GOLDINHO LOPES;04/09/2026
1059908;194023;AYUMI - 04;LEANDRO GOLDINHO LOPES;04/09/2026
1059907;194059;AYUMI - 05;LEANDRO GOLDINHO LOPES;04/09/2026
1059906;193996;AYUMI - 06;LEANDRO GOLDINHO LOPES;04/09/2026
1059905;194092;AYUMI - 02;LEANDRO GOLDINHO LOPES;04/09/2026
1059904;194021;AYUMI - 03;LEANDRO GOLDINHO LOPES;04/09/2026
1059903;194018;AYUMI - 04;LEANDRO GOLDINHO LOPES;04/09/2026
1059902;194060;AYUMI - 05;LEANDRO GOLDINHO LOPES;04/09/2026
1059901;193994;AYUMI - 06;LEANDRO GOLDINHO LOPES;04/09/2026
1059900;194090;AYUMI - 01;LEANDRO GOLDINHO LOPES;04/09/2026
1059899;194093;AYUMI - 02;LEANDRO GOLDINHO LOPES;04/09/2026
1059898;194016;AYUMI - 03;LEANDRO GOLDINHO LOPES;04/09/2026
1059897;194027;AYUMI - 04;LEANDRO GOLDINHO LOPES;04/09/2026
1059896;194005;AYUMI - 13;LEANDRO GOLDINHO LOPES;04/09/2026
1059895;194162;AYUMI - 17;LEANDRO GOLDINHO LOPES;04/09/2026
1059894;194061;AYUMI - 05;LEANDRO GOLDINHO LOPES;04/09/2026
1059893;194398;AYUMI - 12;LEANDRO GOLDINHO LOPES;04/09/2026
1059892;193993;AYUMI - 06;LEANDRO GOLDINHO LOPES;04/09/2026
1059891;193937;AYUMI - 07;LEANDRO GOLDINHO LOPES;04/09/2026
1059890;194080;AYUMI - 08;LEANDRO GOLDINHO LOPES;04/09/2026
1059889;194108;AYUMI - 09;LEANDRO GOLDINHO LOPES;04/09/2026
1059888;193903;AYUMI - 10;LEANDRO GOLDINHO LOPES;04/09/2026
1059887;193965;AYUMI - 11;LEANDRO GOLDINHO LOPES;04/09/2026
1059886;193936;AYUMI - 07;LEANDRO GOLDINHO LOPES;04/09/2026
1059885;194079;AYUMI - 08;LEANDRO GOLDINHO LOPES;04/09/2026
1059884;194107;AYUMI - 09;LEANDRO GOLDINHO LOPES;04/09/2026
1059883;193904;AYUMI - 10;LEANDRO GOLDINHO LOPES;04/09/2026
1059882;193964;AYUMI - 11;LEANDRO GOLDINHO LOPES;04/09/2026
1059881;194397;AYUMI - 12;LEANDRO GOLDINHO LOPES;04/09/2026
1059880;194007;AYUMI - 13;LEANDRO GOLDINHO LOPES;04/09/2026
1059879;194160;AYUMI - 17;LEANDRO GOLDINHO LOPES;04/09/2026
1059878;193938;AYUMI - 07;LEANDRO GOLDINHO LOPES;04/09/2026
1059877;194078;AYUMI - 08;LEANDRO GOLDINHO LOPES;04/09/2026
1059876;194106;AYUMI - 09;LEANDRO GOLDINHO LOPES;04/09/2026
1059875;193902;AYUMI - 10;LEANDRO GOLDINHO LOPES;04/09/2026
1059874;193966;AYUMI - 11;LEANDRO GOLDINHO LOPES;04/09/2026
1059873;194089;AYUMI - 01;LEANDRO GOLDINHO LOPES;04/09/2026
1059872;194006;AYUMI - 13;LEANDRO GOLDINHO LOPES;04/09/2026
1059871;194161;AYUMI - 17;LEANDRO GOLDINHO LOPES;04/09/2026
1059870;194131;MINI MERCADO DETROIT;JUAREZ COSTA;04/09/2026
1059869;194350;MERCADO UEMURA;FLAVIA SIQUEIRA;04/09/2026
1059868;193923;MERCADO MARE MANSA;JOSE SOARES;04/09/2026
1059867;193924;MERCADO MARE MANSA;JOSE SOARES;04/09/2026
1059859;194058;TENNESSEE - PREMIUM ALIMENTOS;INES MARTIN;04/09/2026
1059858;194133;MINI MERCADO DETROIT;JUAREZ COSTA;04/09/2026
1059820;193925;MERCADO MARE MANSA;JOSE SOARES;04/09/2026
1059816;194239;MERCADINHO MARUYAMA;JOSE ROBERTO DENIZIO;04/09/2026
1059812;194057;EMPORIO MEIWA;FLAVIA SIQUEIRA;04/09/2026
1059810;194354;MERCADO UEMURA;FLAVIA SIQUEIRA;04/09/2026
1059807;194033;COGEB SUPERMERCADOS;DAIANE CRISTINA DE OLIVEIRA;04/09/2026
1059806;194968;PAULICEIA;ROBERTO HIROSHI SOGA;04/09/2026
1059805;194309;SUPERMERCADO DA FREGUESIA - NOSSA SENHORA DO O;CARLOS FERREIRA;04/09/2026
1059804;194402;SUPERMERCADO CARIOCA;CAROLINA DOS SANTOS ROCHA;04/09/2026
1059803;193998;VILA ZAIRA - GUARULHOS;SILVANO ARRUDA;04/09/2026
1059802;194180;VILA ZAIRA - BROOKLIN;SILVANO ARRUDA;04/09/2026
1059801;194000;VILA ZAIRA - 02;SILVANO ARRUDA;04/09/2026
1059800;194821;VILA ZAIRA;SILVANO ARRUDA;04/09/2026
1059799;193997;VILA ZAIRA  HORTIFRUTI;SILVANO ARRUDA;04/09/2026
1059798;193992;PANIFICADORA E MERCEARIA DO BAIXINHO;CAROLINA DOS SANTOS ROCHA;04/09/2026
1059797;193991;PANIFICADORA E MERCEARIA DO BAIXINHO;CAROLINA DOS SANTOS ROCHA;04/09/2026
1059795;194415;MINIMERCADO MAR DO SUL;JOSE SOARES;04/09/2026
1059783;194382;RASGA PRECO;WILSON PEREIRA;04/09/2026
1059782;194820;SUPERMERCADO MAX - LJ 03;RAPHAEL COUTINHO ESPINDOLA;04/09/2026
1059781;194039;S C DISTRIBUIDORA;RAPHAEL COUTINHO ESPINDOLA;04/09/2026
1059780;194163;CLEO CAVALCANTI;JOSUE EVANGELISTA;04/09/2026
1059779;194040;COLINAS;RAPHAEL COUTINHO ESPINDOLA;04/09/2026
1059778;194042;SUPERMERCADO COLINAS;RAPHAEL COUTINHO ESPINDOLA;04/09/2026
1059777;194299;DAVO SUPERMERCADOS - LOJA 21;GILMERIO QUEIROZ - GERENTE DE AREA;04/09/2026
1059775;194250;ROBERTO CARLOS SANTANA;JOSUE EVANGELISTA;04/09/2026
1059774;194413;ANTONIO C. MATHEUS - CASA DO NORTE;FRANCISCO ANACLETO;04/09/2026
1059773;194411;CASA DO NORTE MORATO PARQUE PAULISTA;FRANCISCO ANACLETO;04/09/2026
1059772;194412;SHIRLEY C. F. MATHEUS;FRANCISCO ANACLETO;04/09/2026
1059771;195035;OBA - SP CD;DAIANE CRISTINA DE OLIVEIRA;04/09/2026
1059764;305769;2JM AMIDOS;VENDEDOR INTERNO;04/09/2026
1059757;194253;SUPERMERCADO VERDEMAR;HELIO FABIO;04/09/2026
1059756;194254;SUPERMERCADO VERDEMAR;HELIO FABIO;04/09/2026
1059753;196643;ATACADAO PARELHEIROS - LJ 57;ROBERTO OLIVEIRA ANDRADE;04/09/2026
1059752;194450;ATACADAO COTIA CENTRO - LJ 739;ROBERTO OLIVEIRA ANDRADE;04/09/2026
1059751;196784;ATACADAO PIRACICABA STA TEREZINHA - LJ 946;ROBERTO OLIVEIRA ANDRADE;04/09/2026
1059750;196182;ATACADAO TABOAO DA SERRA TESOURO - LJ 872;ROBERTO OLIVEIRA ANDRADE;04/09/2026
1059749;195922;ATACADAO SAO BERNARDO CENTRO - LJ 682;ROBERTO OLIVEIRA ANDRADE;04/09/2026
1059748;196726;ATACADAO PRES PRUDENTE MONTE ALTO - LJ 833;ROBERTO OLIVEIRA ANDRADE;04/09/2026
1059746;195482;ATACADAO GUARULHOS CENTRO - LJ 623;ROBERTO OLIVEIRA ANDRADE;04/09/2026
1059745;195539;ATACADAO MOGI GUACU - LJ 822;ROBERTO OLIVEIRA ANDRADE;04/09/2026
1059744;195546;ATACADAO CAMPINAS SOL NASCENTE - LJ 677;ROBERTO OLIVEIRA ANDRADE;04/09/2026
1059743;196787;ATACADAO ITAQUAQUECETUBA - LJ 627;ROBERTO OLIVEIRA ANDRADE;04/09/2026
1059742;194915;ATACADAO PIRACICABA MORUMBI - LJ 819;ROBERTO OLIVEIRA ANDRADE;04/09/2026
1059741;196322;ATACADAO OSASCO CENTRO - LJ 637;ROBERTO OLIVEIRA ANDRADE;04/09/2026
1059740;196875;ATACADAO ARARAQUARA - LJ 738;ROBERTO OLIVEIRA ANDRADE;04/09/2026
1059739;197319;ATACADAO SAO CAETANO - LJ 639;ROBERTO OLIVEIRA ANDRADE;04/09/2026
1059738;195266;ATACADAO SAO CARLOS - LJ 735;ROBERTO OLIVEIRA ANDRADE;04/09/2026
1059737;197092;ATACADAO RIB PRETO VIA NORTE - LJ 641;ROBERTO OLIVEIRA ANDRADE;04/09/2026
1059736;195993;ATACADAO SAO VICENTE - LJ 644;ROBERTO OLIVEIRA ANDRADE;04/09/2026
1059735;196728;ATACADAO PRES PRUDENTE RAPOSO - LJ 660;ROBERTO OLIVEIRA ANDRADE;04/09/2026
1059734;197230;ATACADAO CARAPICUIBA GUAPIUVA - LJ 654;ROBERTO OLIVEIRA ANDRADE;04/09/2026
1059733;194416;ATACADAO BOTUCATU - LJ 645;ROBERTO OLIVEIRA ANDRADE;04/09/2026
1059732;194830;ATACADAO GUARATINGUETA - LJ 947;ROBERTO OLIVEIRA ANDRADE;04/09/2026
1059730;196147;ATACADAO CARAGUATATUBA - LJ 646;ROBERTO OLIVEIRA ANDRADE;04/09/2026
1059729;196289;ATACADAO OSASCO YOLANDA - LJ 649;ROBERTO OLIVEIRA ANDRADE;04/09/2026
1059728;196513;ATACADAO COTIA RAPOSO - LJ 652;ROBERTO OLIVEIRA ANDRADE;04/09/2026
1059725;195036;ATACADAO JANDIRA - LJ 650;ROBERTO OLIVEIRA ANDRADE;04/09/2026
1059724;194755;ATACADAO POA - LJ 656;ROBERTO OLIVEIRA ANDRADE;04/09/2026
1059723;195556;ATACADAO BARRETOS - LJ 651;ROBERTO OLIVEIRA ANDRADE;04/09/2026
1059722;196308;ATACADAO DIADEMA CUPECE - LJ 640;ROBERTO OLIVEIRA ANDRADE;04/09/2026
1059721;195701;ATACADAO TAMBORE - LJ 734;ROBERTO OLIVEIRA ANDRADE;04/09/2026
1059720;197169;ATACADAO SOROCABA ITAVUVU - LJ 642;ROBERTO OLIVEIRA ANDRADE;04/09/2026
1059719;194751;ATACADAO FERRAZ VASCONCELOS - LJ 733;ROBERTO OLIVEIRA ANDRADE;04/09/2026
1059718;194568;ATACADAO OURINHOS - LJ 643;ROBERTO OLIVEIRA ANDRADE;04/09/2026
1059717;195870;ATACADAO CAMPINAS RUY RODRIGUES - LJ 662;ROBERTO OLIVEIRA ANDRADE;04/09/2026
1059716;196789;ATACADAO INDIANOPOLIS - LJ 698;ROBERTO OLIVEIRA ANDRADE;04/09/2026
1059715;194709;ATACADAO CAMBUCI - LOJA 680;ROBERTO OLIVEIRA ANDRADE;04/09/2026
1059714;195597;ATACADAO GUARULHOS BONSUCESSO - LJ 628;ROBERTO OLIVEIRA ANDRADE;04/09/2026
1059713;195580;ATACADAO ARARAS - LJ 818;ROBERTO OLIVEIRA ANDRADE;04/09/2026
1059712;195647;ATACADAO ITAPEVI - LJ 664;ROBERTO OLIVEIRA ANDRADE;04/09/2026
1059711;196284;ATACADAO JACAREI DUTRA - LJ 635;ROBERTO OLIVEIRA ANDRADE;04/09/2026
1059710;196574;ATACADAO VILA GUILHERME - LOJA 810;ROBERTO OLIVEIRA ANDRADE;04/09/2026
1059709;195504;ATACADAO SANTO ANDRE AV ESTADO - LJ 636;ROBERTO OLIVEIRA ANDRADE;04/09/2026
1059708;196222;ATACADAO SAO JOSE CAMPOS DUTRA - LJ 744;ROBERTO OLIVEIRA ANDRADE;04/09/2026
1059707;195979;ATACADAO VARZEA PAULISTA - LJ 743;ROBERTO OLIVEIRA ANDRADE;04/09/2026
1059706;193868;J E COMERCIO;VENDEDOR INTERNO;04/09/2026
1059705;194570;ATACADAO MARILIA - LJ 630;ROBERTO OLIVEIRA ANDRADE;04/09/2026
1059704;195569;ATACADAO ITU - LJ 816;ROBERTO OLIVEIRA ANDRADE;04/09/2026
1059703;196415;ATACADAO MAUA ITAPARK - LJ 631;ROBERTO OLIVEIRA ANDRADE;04/09/2026
1059702;197111;ATACADAO SAO JOSE CAMPOS SHOPPING - LJ 813;ROBERTO OLIVEIRA ANDRADE;04/09/2026
1059701;195566;ATACADAO HORTOLANDIA - LJ 632;ROBERTO OLIVEIRA ANDRADE;04/09/2026
1059700;196361;ATACADAO SAO BERNARDO DEMARCHI - LJ 659;ROBERTO OLIVEIRA ANDRADE;04/09/2026
1059699;195729;ATACADAO JUNDIAI - LJ 633;ROBERTO OLIVEIRA ANDRADE;04/09/2026
1059698;196255;ATACADAO DIADEMA CANHEMA - LJ 812;ROBERTO OLIVEIRA ANDRADE;04/09/2026
1059697;196285;ATACADAO MOGI MIRIM - LJ 945;ROBERTO OLIVEIRA ANDRADE;04/09/2026
1059695;194473;ATACADAO ANCHIETA - LJ 269;ROBERTO OLIVEIRA ANDRADE;04/09/2026
1059692;196093;ATACADAO LIMEIRA CENTRO - LJ 621;ROBERTO OLIVEIRA ANDRADE;04/09/2026
1059691;195659;ATACADAO PIRITUBA - LJ 938;ROBERTO OLIVEIRA ANDRADE;04/09/2026
1059690;194979;ATACADAO AMERICANA - LJ 625;ROBERTO OLIVEIRA ANDRADE;04/09/2026
1059689;196603;ATACADAO SAO BERNARDO PIRAPORINHA - LJ 943;ROBERTO OLIVEIRA ANDRADE;04/09/2026
1059688;195598;ATACADAO VILA LOBOS - LJ 939;ROBERTO OLIVEIRA ANDRADE;04/09/2026
1059687;195931;ATACADAO PACAEMBU - LOJA 697;ROBERTO OLIVEIRA ANDRADE;04/09/2026
1059686;195069;ATACADAO RIO DAS PEDRAS - LJ 364;ROBERTO OLIVEIRA ANDRADE;04/09/2026
1059685;196025;ATACADAO SANTOS PORTO - LJ 365;ROBERTO OLIVEIRA ANDRADE;04/09/2026
1059681;194414;ATACADAO VILA MARIA - LJ 060;ROBERTO OLIVEIRA ANDRADE;04/09/2026
1059680;194474;ATACADAO JACUI - LOJA 120;ROBERTO OLIVEIRA ANDRADE;04/09/2026
1059679;194840;ATACADAO IPIRANGA - LOJA 133;ROBERTO OLIVEIRA ANDRADE;04/09/2026
1059678;195070;ATACADAO INTERLAGOS - LJ 229;ROBERTO OLIVEIRA ANDRADE;04/09/2026
1059677;194469;ATACADAO INAJAR - LJ 251;ROBERTO OLIVEIRA ANDRADE;04/09/2026
1059676;194694;ATACADAO JACAREI CENTRO - LJ 814;ROBERTO OLIVEIRA ANDRADE;04/09/2026
1059675;193990;PANIFICADORA E MERCEARIA DO BAIXINHO;CAROLINA DOS SANTOS ROCHA;04/09/2026
1059674;195877;ATACADAO ITAPECIRICA SERRA - LJ 941;ROBERTO OLIVEIRA ANDRADE;04/09/2026
1059673;196493;ATACADAO SANTO AMARO - LJ 20;ROBERTO OLIVEIRA ANDRADE;04/09/2026
1059672;195567;ATACADAO CATANDUVA - LJ 624;ROBERTO OLIVEIRA ANDRADE;04/09/2026
1059671;196079;ATACADAO TAIPAS - LJ 6;ROBERTO OLIVEIRA ANDRADE;04/09/2026
1059670;194043;SUPERMERCADO COLINAS;RAPHAEL COUTINHO ESPINDOLA;04/09/2026
1059669;194036;S C DISTRIBUIDORA;RAPHAEL COUTINHO ESPINDOLA;04/09/2026
1059668;194041;COLINAS;RAPHAEL COUTINHO ESPINDOLA;04/09/2026
1059665;193972;CENTRO DE DISTRIB - SUPERMERCADO PADRAO;PAULO SERGIO;04/09/2026
1059664;193970;CENTRO DE DISTRIB - SUPERMERCADO PADRAO;PAULO SERGIO;04/09/2026
1059663;193971;CENTRO DE DISTRIB - SUPERMERCADO PADRAO;FLAVIA SIQUEIRA;04/09/2026
1059633;195386;COMERCIAL ESPERANCA ATACADO DISTRIBUIDOR;DANIEL CAMACHO;04/09/2026
1059632;195387;COMERCIAL ESPERANCA ATACADO DISTRIBUIDOR;DANIEL CAMACHO;04/09/2026
1059631;194823;SUPERMERCADO FJ LTDA;RAPHAEL COUTINHO ESPINDOLA;04/09/2026
1059630;194044;MERCADO ARANTES;RODRIGO LEANDRO CAMARGO;04/09/2026
1059598;194115;SUP ALBUQUERQUE - 02;RODRIGO LEANDRO CAMARGO;03/09/2026
1059596;194117;SUP ALBUQUERQUE - 01;RODRIGO LEANDRO CAMARGO;03/09/2026
1059594;194049;MERCADO ARANTES;RODRIGO LEANDRO CAMARGO;03/09/2026
1059593;193989;REDE BOI - TEOTONIO;ERICK MOREIRA;03/09/2026
1059592;194824;SUPERMERCADO FJ LTDA;RAPHAEL COUTINHO ESPINDOLA;03/09/2026
1059591;193935;ESPERANCA - 08;DANIEL CAMACHO;03/09/2026
1059590;193973;CENTRO DE DISTRIB - SUPERMERCADO PADRAO;FLAVIA SIQUEIRA;03/09/2026
1059589;194157;RED BOI - JARDIM REGINA;ERICK MOREIRA;03/09/2026
1059588;194185;SACOLAO E MERCADO CAMPO GRANDE;ERICK MOREIRA;03/09/2026
1059586;194120;RED BOI - PARQUE SANTO ANTONIO;ERICK MOREIRA;03/09/2026
1059585;194184;SACOLAO E MERCADO CAMPO GRANDE;ERICK MOREIRA;03/09/2026
1059584;193918;BENTEVENHA STORES;AROLDO BATISTA SANTOS;03/09/2026
1059583;194114;ESPERANCA - 10;DANIEL CAMACHO;03/09/2026
1059582;194181;MERCADO LEVE TUDO;INES MARTIN;03/09/2026
1059581;194125;SUPERMERCADO SANTA GEMMA;INES MARTIN;03/09/2026
1059580;194129;SUPERMERCADO SANTA GEMMA;INES MARTIN;03/09/2026
1059579;194130;SUPERMERCADO SANTA GEMMA;INES MARTIN;03/09/2026
1059578;194037;SUPERMERCADO SERRANO;GILMERIO QUEIROZ - GERENTE DE AREA;03/09/2026
1059577;193916;BENTEVENHA STORES;AROLDO BATISTA SANTOS;03/09/2026
1059576;194750;EMPORIO OLIVEIRA;EDSON MALAGUTTI;03/09/2026
1059575;194182;MERCADO LEVE TUDO;INES MARTIN;03/09/2026
1059574;194127;TENNESSEE - SAUDE;INES MARTIN;03/09/2026
1059573;193917;BENTEVENHA STORES;AROLDO BATISTA SANTOS;03/09/2026
1059572;194465;SUPERMERCADO MESQUITA;EDSON MALAGUTTI;03/09/2026
1059571;194745;COOPERCICA - 01;EDSON MALAGUTTI;03/09/2026
1059570;193933;JVM ALIMENTOS;EDSON MALAGUTTI;03/09/2026
1059569;194013;NORI SM - LOJA 6 VLM;EDERVAL DONIZETE DA SILVA;03/09/2026
1059568;194024;MAGUI SUPERMERCADOS;OSNEY RICARDO;03/09/2026
1059566;194026;MAGUI SUPERMERCADOS;OSNEY RICARDO;03/09/2026
1059565;194035;SUPERMERCADO SERRANO;GILMERIO QUEIROZ - GERENTE DE AREA;03/09/2026
1059564;194251;SUPERMERCADO ZICO;EDERVAL DONIZETE DA SILVA;03/09/2026
1059549;195389;COMERCIAL ESPERANCA ATACADO DISTRIBUIDOR;DANIEL CAMACHO;03/09/2026
1059525;195388;COMERCIAL ESPERANCA ATACADO DISTRIBUIDOR;DANIEL CAMACHO;03/09/2026
1059509;194135;ROSINHA;JUAREZ COSTA;03/09/2026
1059501;194179;RESTAURANTE RANCHO PORTUGUES;ERICK MOREIRA;03/09/2026
1059413;40626;SUPERMERCADO SERRANO;GILMERIO QUEIROZ - GERENTE DE AREA;03/09/2026
1059394;195241;ATACADAO SUPECO SOROCABA - LJ 647;ROBERTO OLIVEIRA ANDRADE;03/09/2026
1059393;194788;ATACADAO ARACATUBA - LJ 648;ROBERTO OLIVEIRA ANDRADE;03/09/2026
1059392;195947;ATACADAO GUARUJA - LJ 730;ROBERTO OLIVEIRA ANDRADE;03/09/2026
1059391;196146;ATACADAO SANTA BARBARA OESTE - LJ 948;ROBERTO OLIVEIRA ANDRADE;03/09/2026
1059388;195589;ATACADAO PRAIA GRANDE - LJ 731;ROBERTO OLIVEIRA ANDRADE;03/09/2026
1059387;194418;ATACADAO SUZANO - LJ 732;ROBERTO OLIVEIRA ANDRADE;03/09/2026
1059386;196517;ATACADAO SUMARE - LJ 736;ROBERTO OLIVEIRA ANDRADE;03/09/2026
1059385;194456;ATACADAO SAO JOSE CAMPOS JK - LJ 737;ROBERTO OLIVEIRA ANDRADE;03/09/2026
1059384;196333;ATACADAO SANTO ANDRE CAPUAVA - LJ 811;ROBERTO OLIVEIRA ANDRADE;03/09/2026
1059383;194571;ATACADAO ASSIS - LJ 827;ROBERTO OLIVEIRA ANDRADE;03/09/2026
1059382;194222;ATACADAO PENHA - LJ 937;ROBERTO OLIVEIRA ANDRADE;03/09/2026
1059381;195188;ATACADAO MOGI CRUZES - LJ 940;ROBERTO OLIVEIRA ANDRADE;03/09/2026
1059380;195929;ATACADAO TAUBATE - LJ 653;ROBERTO OLIVEIRA ANDRADE;03/09/2026
1059378;195529;ATACADAO SOROCABA CAMPOLIM - LJ 657;ROBERTO OLIVEIRA ANDRADE;03/09/2026
1059377;194236;ATACADAO INDAIATUBA - LJ 658;ROBERTO OLIVEIRA ANDRADE;03/09/2026
1059376;195587;ATACADAO CAMPINAS DOM PEDRO - LJ 663;ROBERTO OLIVEIRA ANDRADE;03/09/2026
1059375;196036;ATACADAO DIADEMA SERRARIA - LJ 675;ROBERTO OLIVEIRA ANDRADE;03/09/2026
1059374;195186;ATACADAO FRANCA - LJ 685;ROBERTO OLIVEIRA ANDRADE;03/09/2026
1059373;196228;ATACADAO OSASCO BONANCA - LJ 687;ROBERTO OLIVEIRA ANDRADE;03/09/2026
1059372;196283;ATACADAO ATIBAIA - LJ 616;ROBERTO OLIVEIRA ANDRADE;03/09/2026
1059371;196278;ATACADAO ITANHAEM - LJ 622;ROBERTO OLIVEIRA ANDRADE;03/09/2026
1059370;195558;ATACADAO RIB PRETO ANHANGUERA - LJ 626;ROBERTO OLIVEIRA ANDRADE;03/09/2026
1059369;195039;ATACADAO GUARULHOS DUTRA - LJ 629;ROBERTO OLIVEIRA ANDRADE;03/09/2026
1059368;194770;ATACADAO TABOAO DA SERRA CENTRO - LJ 634;ROBERTO OLIVEIRA ANDRADE;03/09/2026
1059367;195560;ATACADAO RIO CLARO - LJ 638;ROBERTO OLIVEIRA ANDRADE;03/09/2026
1059366;194762;ATACADAO ITAQUERA - LJ 48;ROBERTO OLIVEIRA ANDRADE;03/09/2026
1059365;194787;ATACADAO BAURU - LJ 661;ROBERTO OLIVEIRA ANDRADE;03/09/2026
1059364;194282;ATACADAO ARICANDUVA - LJ 226;ROBERTO OLIVEIRA ANDRADE;03/09/2026
1059363;195918;ATACADAO TATUAPE - LJ 340;ROBERTO OLIVEIRA ANDRADE;03/09/2026
1059362;194489;ATACADAO CARAPICUIBA KM 21 - LJ 612;ROBERTO OLIVEIRA ANDRADE;03/09/2026
1059361;194705;ATACADAO LIMEIRA ANHANGUERA - LJ 614;ROBERTO OLIVEIRA ANDRADE;03/09/2026
1059360;194847;ATACADAO SANTOS - LJ 46;ROBERTO OLIVEIRA ANDRADE;03/09/2026
1059359;196514;ATACADAO SAO MIGUEL - LJ 35;ROBERTO OLIVEIRA ANDRADE;03/09/2026
1059358;194031;SUPERMERCADO SERRANO;GILMERIO QUEIROZ - GERENTE DE AREA;03/09/2026
1059357;193945;MERCADO ECONOMICO;FLAVIA SIQUEIRA;03/09/2026
1059356;194052;SUPERMERCADO SERTANIA;KALIEL DE CALDA LEITE;03/09/2026
1059355;194070;DUQUE - LJ 03;PAULO SERGIO;03/09/2026
1059354;194305;DA PRACA - 09;LEONARDO VINICIUS;03/09/2026
1059353;194141;HORTIFRUTI BAETAO;ALEXANDRE VIANA;03/09/2026
1059352;194252;SUPERMERCADO ZICO;EDERVAL DONIZETE DA SILVA;03/09/2026
1059350;194029;MAGUI SUPERMERCADOS;OSNEY RICARDO;03/09/2026
1059349;194028;MAGUI SUPERMERCADOS;OSNEY RICARDO;03/09/2026
1059348;194012;NORI SM - LOJA 6 VLM;EDERVAL DONIZETE DA SILVA;03/09/2026
1059347;194142;HORTIFRUTI BAETAO;ALEXANDRE VIANA;03/09/2026
1059346;194394;ATACADAO RS  - SAPUCAIA AT 142;EDIUILSON SILVA SERIO;03/09/2026
1059345;194020;NORI SM - LOJA 9 BLV;EDERVAL DONIZETE DA SILVA;03/09/2026
1059344;194396;ATACADAO RS  - SAPUCAIA AT 142;EDIUILSON SILVA SERIO;03/09/2026
1059343;194011;NORI SM - LOJA 10 BRO;EDERVAL DONIZETE DA SILVA;03/09/2026
1059342;194014;NORI SM - LOJA 8 JDR;EDERVAL DONIZETE DA SILVA;03/09/2026
1059341;194395;ATACADAO RS  - SAPUCAIA AT 142;EDIUILSON SILVA SERIO;03/09/2026
1059340;194019;NORI SM - LOJA 5 AER;EDERVAL DONIZETE DA SILVA;03/09/2026
1059339;194015;NORI SM - LOJA 7 FRP;EDERVAL DONIZETE DA SILVA;03/09/2026
1059338;194008;NORI SM - LOJA 4 ALT;EDERVAL DONIZETE DA SILVA;03/09/2026
1059337;194017;NORI SM - LOJA 2 VLD;EDERVAL DONIZETE DA SILVA;03/09/2026
1059336;194022;NORI SM - LOJA 1 CTR;EDERVAL DONIZETE DA SILVA;03/09/2026
1059335;193988;IVALDO PROMOCOES;ERICK MOREIRA;03/09/2026
1059334;193968;N.S.A DISTRIBUICAO;CAROLINA DOS SANTOS ROCHA;03/09/2026
1059333;194067;LEE SUPERMERCADO;GUSTAVO GOMES;03/09/2026
1059332;194066;KING MERCADINHO;GUSTAVO GOMES;03/09/2026
1059331;194069;DUQUE - LJ 03;PAULO SERGIO;03/09/2026
1059330;193967;N.S.A DISTRIBUICAO;CAROLINA DOS SANTOS ROCHA;03/09/2026
1059329;193818;EPA - MINEIRAO;CAMILA CUNHA DE FREITAS;03/09/2026
1059328;193931;JVM ALIMENTOS;EDSON MALAGUTTI;03/09/2026
1059327;194132;ROSINHA;JUAREZ COSTA;03/09/2026
1059326;194476;DA PRACA - 32;LEONARDO VINICIUS;03/09/2026
1059325;194136;DA PRACA - 33;LEONARDO VINICIUS;03/09/2026
1059324;194128;MERCADO E DISTRIBUIDORA BRILHANTE;JUAREZ COSTA;03/09/2026
1059323;193819;DA PRACA - 30;LEONARDO VINICIUS;03/09/2026
1059321;194126;MERCADO E DISTRIBUIDORA BRILHANTE;JUAREZ COSTA;03/09/2026
1059320;194165;ARMAZEM NORDESTINO E PRODUTOS NATURAIS;MARIO MIZUKA;03/09/2026
1059319;193948;DA PRACA - 28;LEONARDO VINICIUS;03/09/2026
1059317;193987;IVALDO PROMOCOES;ERICK MOREIRA;03/09/2026
1059314;194304;DA PRACA - 27;LEONARDO VINICIUS;03/09/2026
1059313;193826;KING MERCADINHO;GUSTAVO GOMES;03/09/2026
1059310;194240;REDE IMPERADOR MERCEARIA;GUSTAVO GOMES;03/09/2026
1059309;194099;DA PRACA - 25;LEONARDO VINICIUS;03/09/2026
1059306;194303;MERCADO ESTRELA DA CHABILANDIA - GUAIANAZES;AROLDO BATISTA SANTOS;03/09/2026
1059300;194175;EMPORIO SOBRAL;AROLDO BATISTA SANTOS;03/09/2026
1059299;194138;MERCADO VILA ROSA;JUAREZ COSTA;03/09/2026
1059298;194139;MERCADO VILA ROSA;JUAREZ COSTA;03/09/2026
1059297;193934;CESTA BASICA BRASIL;GILMERIO QUEIROZ - GERENTE DE AREA;03/09/2026
1059296;194478;DA PRACA - 23;LEONARDO VINICIUS;03/09/2026
1059295;194258;FRIMAZA - LOJA 01;JOSE ROBERTO DENIZIO;03/09/2026
1059294;194300;MERCADO ESTRELA DA CHABILANDIA - ITAQUERA;AROLDO BATISTA SANTOS;03/09/2026
1059293;193953;BARBOSA - 44;RODOLFO QUERINO LUIZ - GERENTE DE AREA;03/09/2026
1059288;194203;BARBOSA - 39;RODOLFO QUERINO LUIZ - GERENTE DE AREA;03/09/2026
1059287;193901;BARBOSA - 38;RODOLFO QUERINO LUIZ - GERENTE DE AREA;03/09/2026
1059286;194227;BARBOSA - 37;RODOLFO QUERINO LUIZ - GERENTE DE AREA;03/09/2026
1059285;194096;BARBOSA - 36;NILCEIA AP DE SOUZA;03/09/2026
1059284;194118;BARBOSA - 35;RODOLFO QUERINO LUIZ - GERENTE DE AREA;03/09/2026
1059283;193913;BARBOSA - 33;RODOLFO QUERINO LUIZ - GERENTE DE AREA;03/09/2026
1059282;194403;BARBOSA - 31;RODOLFO QUERINO LUIZ - GERENTE DE AREA;03/09/2026
1059281;193940;BARBOSA - 29;RODOLFO QUERINO LUIZ - GERENTE DE AREA;03/09/2026
1059280;193939;BARBOSA - 28;RODOLFO QUERINO LUIZ - GERENTE DE AREA;03/09/2026
1059279;194147;BARBOSA - 26;RODOLFO QUERINO LUIZ - GERENTE DE AREA;03/09/2026
1059278;194088;BARBOSA - 24;RODOLFO QUERINO LUIZ - GERENTE DE AREA;03/09/2026
1059277;194404;BARBOSA - 23;RODOLFO QUERINO LUIZ - GERENTE DE AREA;03/09/2026
1059276;193911;BARBOSA - 21;RODOLFO QUERINO LUIZ - GERENTE DE AREA;03/09/2026
1059275;194306;BARBOSA - 20;RODOLFO QUERINO LUIZ - GERENTE DE AREA;03/09/2026
1059274;194121;BARBOSA - 19;RODOLFO QUERINO LUIZ - GERENTE DE AREA;03/09/2026
1059273;194097;BARBOSA - 18;NILCEIA AP DE SOUZA;03/09/2026
1059272;193869;BARBOSA - 16;NILCEIA AP DE SOUZA;03/09/2026
1059271;193872;BARBOSA - 15;NILCEIA AP DE SOUZA;03/09/2026
1059270;193873;BARBOSA - 12;NILCEIA AP DE SOUZA;03/09/2026
1059269;194087;BARBOSA - 11;RODOLFO QUERINO LUIZ - GERENTE DE AREA;03/09/2026
1059268;193957;BARBOSA - 10;RODOLFO QUERINO LUIZ - GERENTE DE AREA;03/09/2026
1059267;193914;BARBOSA - 09;RODOLFO QUERINO LUIZ - GERENTE DE AREA;03/09/2026
1059266;193952;BARBOSA - 08;RODOLFO QUERINO LUIZ - GERENTE DE AREA;03/09/2026
1059265;194174;BARBOSA - 06;RODOLFO QUERINO LUIZ - GERENTE DE AREA;03/09/2026
1059264;193912;BARBOSA - 05;RODOLFO QUERINO LUIZ - GERENTE DE AREA;03/09/2026
1059263;194307;BARBOSA - 04;RODOLFO QUERINO LUIZ - GERENTE DE AREA;03/09/2026
1059262;193963;BARBOSA - 03;RODOLFO QUERINO LUIZ - GERENTE DE AREA;03/09/2026
1059261;194001;BARBOSA - 02;RODOLFO QUERINO LUIZ - GERENTE DE AREA;03/09/2026
1059260;194172;BARBOSA - 01;RODOLFO QUERINO LUIZ - GERENTE DE AREA;03/09/2026
1059258;193951;SUPERMERCADO UNIAO - LOJA 19;RENATO SANTO MICHELMANN;03/09/2026
1059256;194086;DA PRACA - 20;LEONARDO VINICIUS;03/09/2026
1059255;194475;SUPERMERCADO UNIAO - LOJA 18;RENATO SANTO MICHELMANN;03/09/2026
1059254;194370;DA PRACA - 18;LEONARDO VINICIUS;03/09/2026
1059252;194302;DA PRACA - 16;LEONARDO VINICIUS;03/09/2026
1059251;193835;DA PRACA - 17;LEONARDO VINICIUS;03/09/2026
1059250;194176;EMPORIO SOBRAL;AROLDO BATISTA SANTOS;03/09/2026
1059249;194085;DA PRACA - 15;LEONARDO VINICIUS;03/09/2026
1059248;194084;DA PRACA - 14;LEONARDO VINICIUS;03/09/2026
1059246;194122;MINIMERCADO E SACOLAO OSHIRO;INES MARTIN;03/09/2026
1059245;194464;SUPERMERCADO MESQUITA;EDSON MALAGUTTI;03/09/2026
1059244;194083;DA PRACA - 13;LEONARDO VINICIUS;03/09/2026
1059243;194082;DA PRACA - 11;LEONARDO VINICIUS;03/09/2026
1059241;193844;DA PRACA - 08;LEONARDO VINICIUS;03/09/2026
1059240;194301;DA PRACA - 09;LEONARDO VINICIUS;03/09/2026
1059239;194010;VILA HORTIFRUTI;MARCELO GREGORIO;03/09/2026
1059236;194997;OBA - SP CD;DAIANE CRISTINA DE OLIVEIRA;03/09/2026
1059235;194111;DA PRACA - 07;LEONARDO VINICIUS;03/09/2026
1059233;194003;SUPERMERCADO SUPRIBEM;CAROLINA DOS SANTOS ROCHA;03/09/2026
1059232;194002;SUPERMERCADO SUPRIBEM;CAROLINA DOS SANTOS ROCHA;03/09/2026
1059231;194287;DA PRACA - 06;LEONARDO VINICIUS;03/09/2026
1059230;194124;CASTELAO;SILVANO ARRUDA;03/09/2026
1059228;194053;SIS COMERCIO - SILVA INDAIA;SEBASTIAO FERNANDES;03/09/2026
1059227;194055;MMBG COMERCIO - SILVA INDAIA;SEBASTIAO FERNANDES;03/09/2026
1059226;194081;DA PRACA - 03;LEONARDO VINICIUS;03/09/2026
1059225;193871;SUPERMERCADO IPERO;WILSON PEREIRA;03/09/2026
1059224;194123;DA PRACA - 04;LEONARDO VINICIUS;03/09/2026
1059223;194112;DA PRACA - 02;LEONARDO VINICIUS;03/09/2026
1059222;194054;SIS COMERCIO - SILVA INDAIA;SEBASTIAO FERNANDES;03/09/2026
1059220;194056;MMBG COMERCIO - SILVA INDAIA;SEBASTIAO FERNANDES;03/09/2026
1059217;195034;OBA - SP CD;DAIANE CRISTINA DE OLIVEIRA;03/09/2026
1059214;193610;ATACADAO DUNORTE;WAGNER DA SILVA LIMA;03/09/2026
1059212;193855;BOLOGNANI E MARTINS - JOBEL;JOSE GOMES DOS S.;03/09/2026
1059210;194242;DA PRACA - 01;LEONARDO VINICIUS;03/09/2026
1059206;194051;SUPERMERCADO SERTANIA;KALIEL DE CALDA LEITE;03/09/2026
1059202;194749;EMPORIO OLIVEIRA;EDSON MALAGUTTI;03/09/2026
1059184;193960;MERCADO MATTOS;EDSON MALAGUTTI;03/09/2026
1059183;194996;OBA - SP CD;DAIANE CRISTINA DE OLIVEIRA;03/09/2026
1059180;193870;SUPERMERCADO DA-KI;WILSON PEREIRA;03/09/2026
1059179;194337;SUPERMERCADO REVOLUCAO -  LJ 01;OSNEY RICARDO;03/09/2026
1059178;194032;MERCADO PANE SILVIO;DAIANE CRISTINA DE OLIVEIRA;03/09/2026
1059177;193748;A.J. AVILA HORTIFRUTI;JOSE ARTENCIO - EA;03/09/2026
1059175;194030;MERCADO PANE SILVIO;DAIANE CRISTINA DE OLIVEIRA;03/09/2026
1059173;194034;COGEB SUPERMERCADOS;DAIANE CRISTINA DE OLIVEIRA;03/09/2026
1059171;193494;BERGAMINI - JACANA;FELIPE GOMES;03/09/2026
1059170;193881;ASSAI  - 339;FERNANDO VOLTERO;03/09/2026
1059169;194183;AGUAS PETROPOLIS;INES MARTIN;03/09/2026
1059168;193598;ARMAZEM NORDESTINO E PRODUTOS NATURAIS;MARIO MIZUKA;03/09/2026
1059166;195615;TRES M - LJ 02;LEANDRO GOLDINHO LOPES;03/09/2026
1059165;195639;TRES M - LJ 01;LEANDRO GOLDINHO LOPES;03/09/2026
1059164;196975;TRES M - LJ 01;LEANDRO GOLDINHO LOPES;03/09/2026
1059163;196977;TRES M - LJ 02;LEANDRO GOLDINHO LOPES;03/09/2026
1059162;193867;KRILL - MATRIZ;JOSE SOARES;03/09/2026
1059161;15198;GLEZ IMPORTACAO E EXPORTACAO LDA;FERNANDO ARRUDA;03/09/2026
1059159;194050;SUPERMERCADO SERTANIA;KALIEL DE CALDA LEITE;03/09/2026
1059158;193906;CAZARINI;ALENCAR SILVA;03/09/2026
1059157;193832;MERCADO E PADARIA CRUZ;JUAREZ COSTA;03/09/2026
1059156;194245;SUPERMERCADO NOSE;JUAREZ COSTA;03/09/2026
1059153;194249;LUSO BRASILE;JUAREZ COSTA;03/09/2026
1059152;193836;MERCADINHO SANBELAR;JUAREZ COSTA;03/09/2026
1059151;193829;MERCADO E PADARIA CRUZ;JUAREZ COSTA;03/09/2026
1059150;194246;SUPERMERCADO NOSE;JUAREZ COSTA;03/09/2026
1059149;193979;TENNESSEE - PERDIZES;INES MARTIN;03/09/2026
1059148;193847;MERCADINHO TABATA;JUAREZ COSTA;03/09/2026
1059147;193852;CENTRAL DE CARNES E HORTIFRUTI ALVORADA DA NACOES;JUAREZ COSTA;03/09/2026
1059146;193851;SUPERMERCADO ASSUNCAO;JUAREZ COSTA;03/09/2026
1059145;194248;ZERO SUPER;JUAREZ COSTA;03/09/2026
1059144;194247;MERCADINHO UNIAO TAVARES;JUAREZ COSTA;03/09/2026
1059143;194137;SUPERMERCADO DINIS;JUAREZ COSTA;03/09/2026
1059142;193905;CAZARINI;ALENCAR SILVA;03/09/2026
1059106;194173;GRUPO CHAMA - 17;LEONARDO VINICIUS;03/09/2026
1059104;194178;RESTAURANTE RANCHO PORTUGUES;ERICK MOREIRA;03/09/2026
1059103;193840;GRUPO CHAMA - 16;LEONARDO VINICIUS;03/09/2026
1059102;193843;GRUPO CHAMA - 15;LEONARDO VINICIUS;03/09/2026
1059101;194244;GRUPO CHAMA - 14;LEONARDO VINICIUS;03/09/2026
1059100;193611;ATACADAO DUNORTE;WAGNER DA SILVA LIMA;03/09/2026
1059098;194241;GRUPO CHAMA - 10;LEONARDO VINICIUS;03/09/2026
1059097;194225;GRUPO CHAMA - 12;LEONARDO VINICIUS;03/09/2026
1059096;194289;GRUPO CHAMA - 13;LEONARDO VINICIUS;03/09/2026
1059095;195614;TRES M - LJ 02;LEANDRO GOLDINHO LOPES;03/09/2026
1059094;193850;GRUPO CHAMA - 09;LEONARDO VINICIUS;03/09/2026
1059093;196974;TRES M - LJ 01;LEANDRO GOLDINHO LOPES;03/09/2026
1059092;196976;TRES M - LJ 02;LEANDRO GOLDINHO LOPES;03/09/2026
1059091;194226;GRUPO CHAMA - 04;LEONARDO VINICIUS;03/09/2026
1059090;194202;GRUPO CHAMA - 05;LEONARDO VINICIUS;03/09/2026
1059089;193919;GRUPO CHAMA - 07;LEONARDO VINICIUS;03/09/2026
1059088;194255;GRUPO CHAMA - 01;LEONARDO VINICIUS;03/09/2026
1059087;194286;GRUPO CHAMA - 02;LEONARDO VINICIUS;03/09/2026
1059086;194243;GRUPO CHAMA - 03;LEONARDO VINICIUS;03/09/2026
1059085;195637;TRES M - LJ 01;LEANDRO GOLDINHO LOPES;03/09/2026
1059083;193508;SUPERMERCADO OURINHOS;FELIPE GOMES;03/09/2026
1059082;193493;BERGAMINI - JACANA;FELIPE GOMES;03/09/2026
1059080;193662;SUPERMERCADO BAHAMAS - LJ 71;CAIO MEIRELLES;03/09/2026
1059079;193817;JS COMERCIO DE PRODUTOS NATURAIS;TELEVENDAS - DA TERRINHA;03/09/2026
1059078;195638;TRES M - LJ 01;LEANDRO GOLDINHO LOPES;03/09/2026
1059077;195613;TRES M - LJ 02;LEANDRO GOLDINHO LOPES;03/09/2026
1059075;193694;MERCADO PANE SILVIO;DAIANE CRISTINA DE OLIVEIRA;03/09/2026
1059062;305787;CARREFOUR - RS CD;EDIUILSON SILVA SERIO;03/09/2026
1059060;194064;SUPERMERCADO KANASHIRO;JOSE ARTENCIO - EA;03/09/2026
1059058;193758;ATENDE NSA;EDVALDO DOS SANTOS PEREIRA;03/09/2026
1059054;194156;SUPERMERCADO REMO;ERICK MOREIRA;03/09/2026
1059050;193627;PIONEIRO SUPERMERCADO;CELSO NUNES TEIXEIRA;03/09/2026
1059049;194311;SUPERMERCADO BRAIT;CELSO NUNES TEIXEIRA;03/09/2026
1059047;194158;SUPERMERCADO SER BOM;ERICK MOREIRA;03/09/2026
1059044;193705;SIS COMERCIO - SILVA INDAIA;SEBASTIAO FERNANDES;03/09/2026
1059043;193703;SIS COMERCIO - SILVA INDAIA;SEBASTIAO FERNANDES;03/09/2026
1059042;193704;SIS COMERCIO - SILVA INDAIA;SEBASTIAO FERNANDES;03/09/2026
1059039;193702;MMBG COMERCIO - SILVA INDAIA;SEBASTIAO FERNANDES;03/09/2026
1059038;193701;MMBG COMERCIO - SILVA INDAIA;SEBASTIAO FERNANDES;03/09/2026
1059036;193700;MMBG COMERCIO - SILVA INDAIA;SEBASTIAO FERNANDES;03/09/2026
1059013;194310;SUPERMERCADO BRAIT;CELSO NUNES TEIXEIRA;03/09/2026
1059012;193699;SIS COMERCIO - SILVA INDAIA;SEBASTIAO FERNANDES;03/09/2026
1059011;193698;SIS COMERCIO - SILVA INDAIA;SEBASTIAO FERNANDES;03/09/2026
1059010;193628;PIONEIRO SUPERMERCADO;CELSO NUNES TEIXEIRA;03/09/2026
1059009;193626;PIONEIRO SUPERMERCADO;CELSO NUNES TEIXEIRA;03/09/2026
1059007;193922;TONYS HORTIFRUTI E CASA DO NORTE;JOSE SOARES;03/09/2026
1059006;193599;ARMAZEM NORDESTINO E PRODUTOS NATURAIS;MARIO MIZUKA;03/09/2026
1058970;40623;DA TERRINHA - FILIAL SP;PAULO ALEX;03/09/2026
1058941;193976;CENTRO DE DISTRIBUICAO BUTANTA;FLAVIA SIQUEIRA;03/09/2026
1058940;193969;CENTRO DE DISTRIBUICAO BUTANTA;FLAVIA SIQUEIRA;03/09/2026
1058939;193954;CSP SATO SUPERMERCADO;FRANCISCO ANACLETO;03/09/2026
1058938;193956;CSP SATO SUPERMERCADO;FRANCISCO ANACLETO;03/09/2026
1058937;194410;ZUCA SERV SUPERMERCADO;FRANCISCO ANACLETO;03/09/2026
1058920;194071;ANDORINHA;DANIEL CAMACHO;02/09/2026
1058919;193926;SUPERMERCADO IHA;CLAUDIO AKIO SOGA;02/09/2026
1058918;193944;VOG COMERCIO DE ALIMENTOS;FELIPE GOMES;02/09/2026
1058917;193943;VOG COMERCIO DE ALIMENTOS;FELIPE GOMES;02/09/2026
1058916;193942;VOG COMERCIO DE ALIMENTOS;FELIPE GOMES;02/09/2026
1058915;193999;SUPER GUARU;GUSTAVO GOMES;02/09/2026
1058914;193821;ZUCAI HUANG SUPERMER;GUSTAVO GOMES;02/09/2026
1058913;194072;ANDORINHA;DANIEL CAMACHO;02/09/2026
1058912;193608;CREMA SUPERMERCADO - LJ 01;CELSO NUNES TEIXEIRA;02/09/2026
1058911;193607;CREMA SUPERMERCADO - LJ 02;CELSO NUNES TEIXEIRA;02/09/2026
1058910;193606;CREMA SUPERMERCADO - LJ 03;CELSO NUNES TEIXEIRA;02/09/2026
1058909;193609;CREMA SUPERMERCADO - LJ 04;CELSO NUNES TEIXEIRA;02/09/2026
1058906;193961;ATACA DOCES;EDSON MALAGUTTI;02/09/2026
1058905;193512;PAGBEM - CABREUVA;EDSON MALAGUTTI;02/09/2026
1058895;194113;MERCADO NEVES;FRANCISCO DUARTE - LUIZ DUARTE;02/09/2026
1058894;193695;SUPERMERCADO GIOCAR;KALIEL DE CALDA LEITE;02/09/2026
1058893;193696;SUPERMERCADO GIOCAR;KALIEL DE CALDA LEITE;02/09/2026
1058892;193759;F & K DISTRIBUIDORA;JOSE ROBERTO DENIZIO;02/09/2026
1058891;193747;CAPS;FLAVIA SIQUEIRA;02/09/2026
1058890;193854;MERCADO JARDIM ZAIRA  - LJ 04;JOSE GOMES DOS S.;02/09/2026
1058889;193848;MERCADINHO IRMAOS DOMINGOS -  LJ 05;JOSE GOMES DOS S.;02/09/2026
1058888;193849;MERCADINHO IRMAOS DOMINGOS -  LJ 05;JOSE GOMES DOS S.;02/09/2026
1058887;193959;MERCADINHO A MINEIRA;FLAVIA SIQUEIRA;02/09/2026
1058886;193760;DUQUE - LJ 01;FLAVIA SIQUEIRA;02/09/2026
1058885;193995;DAVO SUPERMERCADOS - LOJA 28;GILMERIO QUEIROZ - GERENTE DE AREA;02/09/2026
1058884;193986;DAVO SUPERMERCADOS - LOJA 31;GILMERIO QUEIROZ - GERENTE DE AREA;02/09/2026
1058883;194201;DAVO SUPERMERCADOS - LOJA 25;GILMERIO QUEIROZ - GERENTE DE AREA;02/09/2026
1058882;193579;DAVO SUPERMERCADOS - LOJA 13;GILMERIO QUEIROZ - GERENTE DE AREA;02/09/2026
1058879;193927;SUPERMERCADO GALDINO - ARAO SAHM;FRANCISCO ANACLETO;02/09/2026
1058877;194259;MERCADO PARANA;AROLDO BATISTA SANTOS;02/09/2026
1058876;193941;DAVO SUPERMERCADOS - LOJA 02;GILMERIO QUEIROZ - GERENTE DE AREA;02/09/2026
1058875;193920;DAVO SUPERMERCADOS - LOJA 01;GILMERIO QUEIROZ - GERENTE DE AREA;02/09/2026
1058874;193692;SAVEGNAGO SUPERMERCADOS - LOJA 513;DAIANE CRISTINA DE OLIVEIRA;02/09/2026
1058873;194256;SUPERMERCADO UEDA;AROLDO BATISTA SANTOS;02/09/2026
1058872;193693;SAVEGNAGO SUPERMERCADOS - LOJA 514;DAIANE CRISTINA DE OLIVEIRA;02/09/2026
1058871;193853;MERCADO JARDIM ZAIRA  - LJ 04;JOSE GOMES DOS S.;02/09/2026
1058840;193757;ALVARO - LJ INTERLAGOS;ERICK MOREIRA;02/09/2026
1058839;193506;DALBEN - MANSOES;OSNEY RICARDO;02/09/2026
1058838;193564;DALBEN - VALINHOS;OSNEY RICARDO;02/09/2026
1058837;193740;MERCADINHO LEBLON;CAROLINA DOS SANTOS ROCHA;02/09/2026
1058836;193507;DALBEN - TAQUARAL;OSNEY RICARDO;02/09/2026
1058835;193846;MERCADINHO IRMAOS DOMINGOS -  LJ 05;JOSE GOMES DOS S.;02/09/2026
1058834;193446;DALBEN - BARAO;OSNEY RICARDO;02/09/2026
1058833;193739;MERCADINHO LEBLON;CAROLINA DOS SANTOS ROCHA;02/09/2026
1058832;193641;PMG ATACADISTA;WAGNER DA SILVA LIMA;02/09/2026
1058831;193684;SUPERMERCADO GALDINO - PORTAO;FRANCISCO ANACLETO;02/09/2026
1058830;193680;SUPERMERCADO GALDINO - TERRA PRETA 2;FRANCISCO ANACLETO;02/09/2026
1058829;193681;SUPERMERCADO GALDINO - TERRA PRETA 2;FRANCISCO ANACLETO;02/09/2026
1058828;193679;SUPERMERCADO GALDINO - TERRA PRETA;FRANCISCO ANACLETO;02/09/2026
1058827;193678;SUPERMERCADO GALDINO - TERRA PRETA;FRANCISCO ANACLETO;02/09/2026
1058826;193677;SUPERMERCADO GALDINO - ARAO SAHM;FRANCISCO ANACLETO;02/09/2026
1058825;193595;MERCADO JARDIM ZAIRA  - LJ 04;JOSE GOMES DOS S.;02/09/2026
1058824;193426;AKKI - 05;LEANDRO GOLDINHO LOPES;02/09/2026
1058823;193717;AKKI - 04;LEANDRO GOLDINHO LOPES;02/09/2026
1058820;193590;NEVADA - LJ 02;JOSE GOMES DOS S.;02/09/2026
1058819;193866;MERCADINHO NIPPO;JOSE ROBERTO DENIZIO;02/09/2026
1058818;193592;MERCADO JARDIM ZAIRA  - LJ 03;JOSE GOMES DOS S.;02/09/2026
1058817;194073;NO PRECINHO - LOJA 03;WILSON PEREIRA;02/09/2026
1058816;193589;NEVADA - LJ 02;JOSE GOMES DOS S.;02/09/2026
1058815;193591;MERCADO JARDIM ZAIRA  - LJ 03;JOSE GOMES DOS S.;02/09/2026
1058814;194075;NO PRECINHO - LOJA 02;WILSON PEREIRA;02/09/2026
1058813;194223;MIRASSOL - CARAPICUIBA;SILVANO ARRUDA;02/09/2026
1058812;194224;MIRASSOL - OSASCO;SILVANO ARRUDA;02/09/2026
1058811;193950;MIRASSOL - BARUERI;SILVANO ARRUDA;02/09/2026
1058810;193949;MIRASSOL - JANDIRA;SILVANO ARRUDA;02/09/2026
1058809;194228;MIRASSOL - CIDADE ARISTON;SILVANO ARRUDA;02/09/2026
1058808;194077;NO PRECINHO - LOJA 01;WILSON PEREIRA;02/09/2026
1058807;193865;MERCADINHO NIPPO;JOSE ROBERTO DENIZIO;02/09/2026
1058806;193784;SUPERMERCADO VIZINHO;JOSE ROBERTO DENIZIO;02/09/2026
1058805;193513;PAGBEM - CABREUVA;EDSON MALAGUTTI;02/09/2026
1058804;193588;NEVADA - LJ 02;JOSE GOMES DOS S.;02/09/2026
1058803;194074;SUPERMERCADO FIO - LJ 01;WILSON PEREIRA;02/09/2026
1058802;193742;CASA DE CARNES TIAGO;JOSE SOARES;02/09/2026
1058801;193744;SUPERMERCADO PIRAMIDE;JOSE SOARES;02/09/2026
1058800;193318;MERCADO NEVES;FRANCISCO DUARTE - LUIZ DUARTE;02/09/2026
1058799;193962;ATACA DOCES;EDSON MALAGUTTI;02/09/2026
1058798;193316;MERCADINHO NEVES;FRANCISCO DUARTE - LUIZ DUARTE;02/09/2026
1058797;193408;MERCADINHO WA NEVES;FRANCISCO DUARTE - LUIZ DUARTE;02/09/2026
1058796;193584;TAGARELAS DOCES;JOSE GOMES DOS S.;02/09/2026
1058795;193467;SUPERMERCADO CHINA;FRANCISCO DUARTE - LUIZ DUARTE;02/09/2026
1058794;193410;MERCADINHO WA NEVES;FRANCISCO DUARTE - LUIZ DUARTE;02/09/2026
1058793;193594;NEVADA - LJ 01;JOSE GOMES DOS S.;02/09/2026
1058792;193593;NEVADA - LJ 01;JOSE GOMES DOS S.;02/09/2026
1058791;193777;SUPERMERCADO VIZINHO;JOSE ROBERTO DENIZIO;02/09/2026
1058789;193460;FRIGOBRAZ SAPOPEMBA;JOSE ROBERTO DENIZIO;02/09/2026
1058788;193466;SUPERMERCADO CHINA;FRANCISCO DUARTE - LUIZ DUARTE;02/09/2026
1058787;194635;GIRUS MERCANTIL;BRUNO RONDON;02/09/2026
1058786;193409;MERCADINHO WA NEVES;FRANCISCO DUARTE - LUIZ DUARTE;02/09/2026
1058785;40622;DA TERRINHA - FILIAL SP;PAULO ALEX;02/09/2026
1058784;193583;TAGARELAS DOCES;JOSE GOMES DOS S.;02/09/2026
1058783;193815;MAIS DISTRIBUIDORA;JOSE ROBERTO DENIZIO;02/09/2026
1058782;193816;MAIS DISTRIBUIDORA;JOSE ROBERTO DENIZIO;02/09/2026
1058779;193811;MERCADO SANTANA;FRANCISCO ANACLETO;02/09/2026
1058778;193425;MINHA QUITANDINHA;KELVIN;02/09/2026
1058777;193812;NOVA MIX - LOJA 1;FRANCISCO ANACLETO;02/09/2026
1058776;193813;TEND TUDO - JARDIM PROFESSOR MORATO;FRANCISCO ANACLETO;02/09/2026
1058775;193814;TEND TUDO - CENTRO;FRANCISCO ANACLETO;02/09/2026
1058774;193465;CHOCOLANDIA - CD;SILVANO ARRUDA;02/09/2026
1058773;193697;BOM PRECO - ERICK LEON JACQUES;KALIEL DE CALDA LEITE;02/09/2026
1058770;193317;MERCADINHO NEVES;FRANCISCO DUARTE - LUIZ DUARTE;02/09/2026
1058769;193686;SUPERMERCADO IPERO;WILSON PEREIRA;02/09/2026
1058765;194144;QUITANDA TOMIO;WAGNER DA SILVA LIMA;02/09/2026
1058761;193548;MERCADO SUPER SUPER;GUSTAVO GOMES;02/09/2026
1058760;193319;MERCADO NEVES;FRANCISCO DUARTE - LUIZ DUARTE;02/09/2026
1058759;193820;ZUCAI HUANG SUPERMER;GUSTAVO GOMES;02/09/2026
1058756;193687;SUPERMERCADO DA-KI;WILSON PEREIRA;02/09/2026
1058755;193315;SUPERMERCADO STUK - PARQUE SANTA MADALENA;FRANCISCO DUARTE - LUIZ DUARTE;02/09/2026
1058753;193532;SUPER GUARU;GUSTAVO GOMES;02/09/2026
1058749;194143;VARANDA FRUTAS - CIDADE JARDIM;CAROLINA DOS SANTOS ROCHA;02/09/2026
1058748;193745;SUPERMERCADO PIRAMIDE;JOSE SOARES;02/09/2026
1058746;193741;JLG MINIMERCADO;JOSE SOARES;02/09/2026
1058745;193743;CASA DE CARNES TIAGO;JOSE SOARES;02/09/2026
1058743;193639;CONEXAO - LUPPADARIAS;JOSUE EVANGELISTA;02/09/2026
1058738;193603;CREMA SUPERMERCADO - LJ 04;CELSO NUNES TEIXEIRA;02/09/2026
1058737;193837;SUP DOVALE - 04;FLAVIA SIQUEIRA;02/09/2026
1058736;193736;SUPERMERCADO REMO;ERICK MOREIRA;02/09/2026
1058735;193605;CREMA SUPERMERCADO - LJ 03;CELSO NUNES TEIXEIRA;02/09/2026
1058734;193640;PMG ATACADISTA;WAGNER DA SILVA LIMA;02/09/2026
1058733;193601;CREMA SUPERMERCADO - LJ 02;CELSO NUNES TEIXEIRA;02/09/2026
1058731;194636;GIRUS MERCANTIL;BRUNO RONDON;02/09/2026
1058729;193604;CREMA SUPERMERCADO - LJ 01;CELSO NUNES TEIXEIRA;02/09/2026
1058726;193834;SUP DOVALE - 04;FLAVIA SIQUEIRA;02/09/2026
1058721;193782;CASA DE CARNES MARCELLA;FLAVIA SIQUEIRA;02/09/2026
1058720;193783;CASA DE CARNES MARCELLA;FLAVIA SIQUEIRA;02/09/2026
1058719;193791;VAREJAO VILA MARIANA;INES MARTIN;02/09/2026
1058718;193459;CALVO - JD ARICANDUVA;VALDENIR VOLTERO;02/09/2026
1058717;193458;CALVO - JD ARICANDUVA;VALDENIR VOLTERO;02/09/2026
1058716;193795;VEGSIM;FLAVIA SIQUEIRA;02/09/2026
1058715;193295;VOG COMERCIO DE ALIMENTOS;FELIPE GOMES;02/09/2026
1058714;193765;DUQUE - LJ 01;FLAVIA SIQUEIRA;02/09/2026
1058712;193735;SUPERMERCADO REMO;ERICK MOREIRA;02/09/2026
1058711;193737;SUPERMERCADO SER BOM;ERICK MOREIRA;02/09/2026
1058710;193792;VAREJAO VILA MARIANA;INES MARTIN;02/09/2026
1058709;193294;VOG COMERCIO DE ALIMENTOS;FELIPE GOMES;02/09/2026
1058708;193296;VOG COMERCIO DE ALIMENTOS;FELIPE GOMES;02/09/2026
1058707;193597;PRM SERVICOS E MAO DE OBRA;EDMILSON NUNES;02/09/2026
1058706;193708;MEU PRATA - LJ 02;HELIO FABIO;02/09/2026
1058675;193746;NEGRI ATACADISTA;SILVANO ARRUDA;02/09/2026
1058674;193412;NIVVI MARKET;ROBSON BERTOLINI;02/09/2026
1058648;193382;MURAGUCHI & CIA;JOSE GOMES DOS S.;02/09/2026
1058647;193383;MURAGUCHI & CIA;JOSE GOMES DOS S.;02/09/2026
1058646;193793;VILA DAS FRUTAS ABRAAO DE MORAIS;INES MARTIN;02/09/2026
1058645;193796;VILA DAS FRUTAS ABRAAO DE MORAIS;INES MARTIN;02/09/2026
1058644;194764;PAGUE MENOS;LUCIANE MARQUES;02/09/2026
1058643;195436;VITORIA MAX (CAMPINAS);OSNEY RICARDO;02/09/2026
1058642;193566;QUITANDA MARIA;OSNEY RICARDO;02/09/2026
1058641;193667;GRICKI CD;DAIANE CRISTINA DE OLIVEIRA;02/09/2026
1058639;193505;DALBEN - MANSOES;OSNEY RICARDO;02/09/2026
1058638;194009;VILA HORTIFRUTI;MARCELO GREGORIO;02/09/2026
1058637;193444;DALBEN - BARAO;OSNEY RICARDO;02/09/2026
1058636;193563;DALBEN - VALINHOS;OSNEY RICARDO;02/09/2026
1058635;193689;ANA BENTA SUPERMERCADO;DANILO DE ALMEIDA SANTOS;02/09/2026
1058634;193688;ANA BENTA SUPERMERCADO;DANILO DE ALMEIDA SANTOS;02/09/2026
1058633;40620;DA TERRINHA - FILIAL SP;PAULO ALEX;02/09/2026
1058631;193066;DUNORTE;WILSON SERGIO;02/09/2026
1058629;193794;CASA DE CARNES COPA RIO;CAROLINA DOS SANTOS ROCHA;02/09/2026
1058626;40631;SUPERMERCADOS MUNDIAL - CD;CARLOS GODINHO;02/09/2026
1058613;193127;CLEO CAVALCANTI;CLEO CAVALCANTI;02/09/2026
1058603;193585;LOURENCINI - LJ 01;JOSE GOMES DOS S.;02/09/2026
1058602;193586;SUPERMERCADO SERRA DO MAR - LJ 01;JOSE GOMES DOS S.;02/09/2026
1058592;193707;ABC - ADICAO CD DIVINOPOLIS;LUCAS FROIS MACHADO;02/09/2026
1058591;193706;ABC - CD CARMO DO CAJURU;LUCAS FROIS MACHADO;02/09/2026
1058588;193450;ALCANCE PLUS COMERCIO VAREJISTA;JOSE ARTENCIO;02/09/2026
1058587;193451;ALCANCE PLUS COMERCIO VAREJISTA;JOSE ARTENCIO;02/09/2026
1058585;193543;MERCADO SUPER FRESCO;CARLOS FERREIRA;02/09/2026
1058584;193556;MERCADO BOM VIZINHO;CARLOS FERREIRA;02/09/2026
1058583;193048;SUPERMERCADO CATANDUVA;LEANDRO GOLDINHO LOPES;02/09/2026
1058580;193879;FERPEREZ COMERCIO;FRANCISCO ANACLETO;02/09/2026
1058579;194281;MASTER ATS SUPERMERCADOS - OSASCO;SILVANO ARRUDA;02/09/2026
1058578;193625;GIANINA DISTRIBUIDORA;FRANCISCO ANACLETO;02/09/2026
1058577;193663;GIANINA DRACENA;FRANCISCO ANACLETO;02/09/2026
1058541;193234;MERCADO PINHEIRO;JUAREZ COSTA;02/09/2026
1058508;193582;SABORES DA TERRINHA - LOJA 03;ELTON;02/09/2026
1058476;193547;M CLOSET COMERCIAL;JOSIAS EVANGELISTA;02/09/2026
1058475;193374;POMAR DA VILA - CASA VERDE;FLAVIA SIQUEIRA;02/09/2026
1058444;194145;PADARIA FAZENDA DOS PAES;WAGNER DA SILVA LIMA;02/09/2026
1058442;40624;HOSPITAL NIPO BRASILEIRO;PAULO SERGIO;02/09/2026
1058379;193142;NOVO LUCAS;JUAREZ COSTA;02/09/2026
1058376;193235;HORTIFRUTI PINHEIRO;JUAREZ COSTA;02/09/2026
1058344;193880;FERPEREZ COMERCIO;FRANCISCO ANACLETO;01/09/2026
1058343;193682;SUPERMERCADO IHA;CLAUDIO AKIO SOGA;01/09/2026
1058310;194280;MASTER ATS SUPERMERCADOS - OSASCO;SILVANO ARRUDA;01/09/2026
1058305;193780;TRIALBA - ABEL FERREIRA;LEONARDO VINICIUS;01/09/2026
1058304;194204;TRIALBA NEGREIROS - LJ 09;LEONARDO VINICIUS;01/09/2026
1058303;193533;TRIALBA NEGREIROS - LJ 10;LEONARDO VINICIUS;01/09/2026
1058302;193756;TRIALBA - PONTE RASA;LEONARDO VINICIUS;01/09/2026
1058301;193320;TRIALBA - VILA NOVA;LEONARDO VINICIUS;01/09/2026
1058300;193915;TRIALBA - ARICA;LEONARDO VINICIUS;01/09/2026
1058299;193778;TRIALBA - RENATA;LEONARDO VINICIUS;01/09/2026
1058298;193775;CASA NEGREIROS - TIRADENTES - TRIALBA;LEONARDO VINICIUS;01/09/2026
1058297;193504;DALBEN - MANSOES;OSNEY RICARDO;01/09/2026
1058296;193503;DALBEN - MANSOES;OSNEY RICARDO;01/09/2026
1058295;194048;CASA NEGREIROS - ITAQUERA;LEONARDO VINICIUS;01/09/2026
1058294;194047;CASA NEGREIROS - BONIFACIO;LEONARDO VINICIUS;01/09/2026
1058293;193442;DALBEN - BARAO;OSNEY RICARDO;01/09/2026
1058292;193443;DALBEN - BARAO;OSNEY RICARDO;01/09/2026
1058291;193561;DALBEN - VALINHOS;OSNEY RICARDO;01/09/2026
1058290;193560;DALBEN - VALINHOS;OSNEY RICARDO;01/09/2026
1058289;193501;DALBEN - TAQUARAL;OSNEY RICARDO;01/09/2026
1058288;193502;DALBEN - TAQUARAL;OSNEY RICARDO;01/09/2026
1058284;195032;GRUPO CHAMA - CD;LEONARDO VINICIUS;01/09/2026
1058282;193569;PRATICO SUPERMERCADO - LJ 10;RONILSON RIBEIRO;01/09/2026
1058281;193571;PRATICO SUPERMERCADO - LJ 03;RONILSON RIBEIRO;01/09/2026
1058280;193974;SUPERMERCADO JAGUARE;CARLOS FERREIRA;01/09/2026
1058278;195435;BDML - LJ 01;CARLOS FERREIRA;01/09/2026
1058277;193372;GOLD PRIME;ROBERTO HIROSHI SOGA;01/09/2026
1058275;193764;HORTIFRUTI JUVITA;ROBERTO HIROSHI SOGA;01/09/2026
1058274;193373;MERCADINHO ORIENTAL;ROBERTO HIROSHI SOGA;01/09/2026
1058273;193618;MERCADO PRESTES MAIA;AROLDO BATISTA SANTOS;01/09/2026
1058272;193664;SUPERMERCADO BARRACAO - POTUNDUVA LJ3;DAIANE CRISTINA DE OLIVEIRA;01/09/2026
1058271;194995;OBA - SP CD;DAIANE CRISTINA DE OLIVEIRA;01/09/2026
1058270;193665;SUPERMERCADO BARRACAO - JAU LJ 04;DAIANE CRISTINA DE OLIVEIRA;01/09/2026
1058269;193668;GRICKI CD;DAIANE CRISTINA DE OLIVEIRA;01/09/2026
1058268;193766;LAR DO QUEIJO  EOO;ROBERTO HIROSHI SOGA;01/09/2026
1058266;193671;SUPERMERCADO QUALIDADE;DAIANE CRISTINA DE OLIVEIRA;01/09/2026
1058265;193619;MERCADO PRESTES MAIA;AROLDO BATISTA SANTOS;01/09/2026
1058264;193565;QUITANDA MARIA;OSNEY RICARDO;01/09/2026
1058263;193676;SOU CESTAS;CARLOS FERREIRA;01/09/2026
1058262;193636;ALCANCE PLUS COMERCIO VAREJISTA;JOSE ARTENCIO;01/09/2026
1058261;193449;ALCANCE PLUS COMERCIO VAREJISTA;JOSE ARTENCIO;01/09/2026
1058259;193669;COMERCIAL GRANITO;EDERVAL DONIZETE DA SILVA;01/09/2026
1058257;193670;COMERCIAL GRANITO;EDERVAL DONIZETE DA SILVA;01/09/2026
1058256;194098;SM SP2;JOSE RICARDO FERNANDES;01/09/2026
1058255;193231;DIVINA CAFEINA;JOSE RICARDO FERNANDES;01/09/2026
1058254;193690;M3 ATACADISTA;JOSE RICARDO FERNANDES;01/09/2026
1058253;193691;M3 ATACADISTA;JOSE RICARDO FERNANDES;01/09/2026
1058252;193200;PILAR DA TERRA - LJ 01;JOSE RICARDO FERNANDES;01/09/2026
1058251;193198;PILAR DA TERRA - LJ 01;JOSE RICARDO FERNANDES;01/09/2026
1058250;193762;CONFIANCA - LJ 06;RODOLFO QUERINO LUIZ - GERENTE DE AREA;01/09/2026
1058249;193411;WILHIAM PEREIRA;FRANCISCO DUARTE - LUIZ DUARTE;01/09/2026
1058248;193332;CONFIANCA - LJ 04;RODOLFO QUERINO LUIZ - GERENTE DE AREA;01/09/2026
1058247;193673;CONFIANCA - LJ 05;RODOLFO QUERINO LUIZ - GERENTE DE AREA;01/09/2026
1058246;194065;RCJ COMERCIO DE PRODUTOS;VENDEDOR INTERNO;01/09/2026
1058245;194095;SM SP2;JOSE RICARDO FERNANDES;01/09/2026
1058244;193370;CONFIANCA - LJ 02;RODOLFO QUERINO LUIZ - GERENTE DE AREA;01/09/2026
1058243;193614;CONFIANCA - LJ 03;RODOLFO QUERINO LUIZ - GERENTE DE AREA;01/09/2026
1058242;193788;MERCADO BOM DIA - LJ 01;FRANCISCO DUARTE - LUIZ DUARTE;01/09/2026
1058241;193371;CONFIANCA - LJ 01;RODOLFO QUERINO LUIZ - GERENTE DE AREA;01/09/2026
1058240;193528;PONTO MEAT;CLEO CAVALCANTI;01/09/2026
1058239;193774;MERCADO HIPOLITO;FRANCISCO DUARTE - LUIZ DUARTE;01/09/2026
1058238;193789;MERCADO BOM DIA - LJ 01;FRANCISCO DUARTE - LUIZ DUARTE;01/09/2026
1058237;193787;MERCADO BOM DIA - LJ 01;FRANCISCO DUARTE - LUIZ DUARTE;01/09/2026
1058236;193367;CONFIANCA - LJ 01;RODOLFO QUERINO LUIZ - GERENTE DE AREA;01/09/2026
1058235;193261;HOKIM SUPERMERCADO;GUSTAVO GOMES;01/09/2026
1058234;193366;CONFIANCA - LJ 02;RODOLFO QUERINO LUIZ - GERENTE DE AREA;01/09/2026
1058233;193615;CONFIANCA - LJ 03;RODOLFO QUERINO LUIZ - GERENTE DE AREA;01/09/2026
1058232;193330;CONFIANCA - LJ 04;RODOLFO QUERINO LUIZ - GERENTE DE AREA;01/09/2026
1058231;193258;CONFIANCA - LJ 06;RODOLFO QUERINO LUIZ - GERENTE DE AREA;01/09/2026
1058230;193262;CONFIANCA - LJ 06;RODOLFO QUERINO LUIZ - GERENTE DE AREA;01/09/2026
1058229;193721;MERCADO DA FAMILIA - RIO DA PRAIA;JOSE SOARES;01/09/2026
1058228;193723;MERCADO DA FAMILIA - RIO DA PRAIA;JOSE SOARES;01/09/2026
1058227;193727;MERCADO DA FAMILIA;JOSE SOARES;01/09/2026
1058226;193724;MERCADO DA FAMILIA;JOSE SOARES;01/09/2026
1058225;193725;MERCADO DA FAMILIA;JOSE SOARES;01/09/2026
1058224;193263;CONFIANCA - LJ 05;RODOLFO QUERINO LUIZ - GERENTE DE AREA;01/09/2026
1058223;193773;MERCADO HIPOLITO;FRANCISCO DUARTE - LUIZ DUARTE;01/09/2026
1058222;193329;CONFIANCA - LJ 04;RODOLFO QUERINO LUIZ - GERENTE DE AREA;01/09/2026
1058221;193379;MERCADINHO TOP;JOSE GOMES DOS S.;01/09/2026
1058220;193482;MERCADO HAPPY FAMILIA;GUSTAVO GOMES;01/09/2026
1058219;193596;LOURENCINI - LJ 07;JOSE GOMES DOS S.;01/09/2026
1058218;193616;CONFIANCA - LJ 03;RODOLFO QUERINO LUIZ - GERENTE DE AREA;01/09/2026
1058216;193763;RYMA MINI MERCADO E PADARIA;GUSTAVO GOMES;01/09/2026
1058215;193523;ALVARO - LJ INTERLAGOS;ERICK MOREIRA;01/09/2026
1058214;193730;LOURENCINI - LJ 09;JOSE GOMES DOS S.;01/09/2026
1058213;193369;CONFIANCA - LJ 02;RODOLFO QUERINO LUIZ - GERENTE DE AREA;01/09/2026
1058212;193515;LOURENCINI - LJ 10;JOSE GOMES DOS S.;01/09/2026
1058211;193259;DA GRANJA SUPERMERCADO;GUSTAVO GOMES;01/09/2026
1058210;193368;CONFIANCA - LJ 01;RODOLFO QUERINO LUIZ - GERENTE DE AREA;01/09/2026
1058209;193380;LOURENCINI - LJ 02;JOSE GOMES DOS S.;01/09/2026
1058208;193469;LOURENCINI - LJ 04;JOSE GOMES DOS S.;01/09/2026
1058207;193260;HOKIM SUPERMERCADO;GUSTAVO GOMES;01/09/2026
1058206;193713;EMPORIUM SP - MARACATINS;SILVANO ARRUDA;01/09/2026
1058204;195240;OFNER;CAROLINA DOS SANTOS ROCHA;01/09/2026
1058202;193732;REDE X - 01;RODOLFO QUERINO LUIZ - GERENTE DE AREA;01/09/2026
1058201;194154;REDE X - 03;RODOLFO QUERINO LUIZ - GERENTE DE AREA;01/09/2026
1058200;193268;REDE X - 04;RODOLFO QUERINO LUIZ - GERENTE DE AREA;01/09/2026
1058199;193495;REDE X - 05;RODOLFO QUERINO LUIZ - GERENTE DE AREA;01/09/2026
1058198;193498;REDE X - 06;RODOLFO QUERINO LUIZ - GERENTE DE AREA;01/09/2026
1058197;193378;REDE X - 07;RODOLFO QUERINO LUIZ - GERENTE DE AREA;01/09/2026
1058196;193463;TRIDENTE COMERCIAL LTDA APP;JOSE GOMES DOS S.;01/09/2026
1058195;193715;HM SUPERMERCADOS - JUREMA;SILVANO ARRUDA;01/09/2026
1058193;193624;REDE X - 08;RODOLFO QUERINO LUIZ - GERENTE DE AREA;01/09/2026
1058192;193754;REDE X - 09;RODOLFO QUERINO LUIZ - GERENTE DE AREA;01/09/2026
1058191;193769;REDE X - 10;RODOLFO QUERINO LUIZ - GERENTE DE AREA;01/09/2026
1058190;193531;REDE X - 11;RODOLFO QUERINO LUIZ - GERENTE DE AREA;01/09/2026
1058189;193753;REDE X - 12;RODOLFO QUERINO LUIZ - GERENTE DE AREA;01/09/2026
1058188;193947;REDE X - 14;RODOLFO QUERINO LUIZ - GERENTE DE AREA;01/09/2026
1058187;193827;REDE X - 15;RODOLFO QUERINO LUIZ - GERENTE DE AREA;01/09/2026
1058186;193517;BOLOGNANI E MARTINS - JOBEL;JOSE GOMES DOS S.;01/09/2026
1058185;193525;REDE X - 16;RODOLFO QUERINO LUIZ - GERENTE DE AREA;01/09/2026
1058184;193810;REDE X - 17;RODOLFO QUERINO LUIZ - GERENTE DE AREA;01/09/2026
1058183;193377;REDE X - 18;RODOLFO QUERINO LUIZ - GERENTE DE AREA;01/09/2026
1058182;193077;REDE X - 19;RODOLFO QUERINO LUIZ - GERENTE DE AREA;01/09/2026
1058181;193537;REDE X - 22;RODOLFO QUERINO LUIZ - GERENTE DE AREA;01/09/2026
1058180;193081;REDE X - 19;RODOLFO QUERINO LUIZ - GERENTE DE AREA;01/09/2026
1058178;193726;MERCADO DA FAMILIA;JOSE SOARES;01/09/2026
1058175;193080;REDE X - 19;RODOLFO QUERINO LUIZ - GERENTE DE AREA;01/09/2026
1058174;193722;MERCADO DA FAMILIA - RIO DA PRAIA;JOSE SOARES;01/09/2026
1058173;193538;REDE X - 22;RODOLFO QUERINO LUIZ - GERENTE DE AREA;01/09/2026
1058171;193828;SUP DOVALE - 04;FLAVIA SIQUEIRA;01/09/2026
1058170;193809;REDE X - 17;RODOLFO QUERINO LUIZ - GERENTE DE AREA;01/09/2026
1058169;194046;SUP DOVALE - 06;FLAVIA SIQUEIRA;01/09/2026
1058167;197073;SUP DOVALE - 03;FLAVIA SIQUEIRA;01/09/2026
1058166;193375;REDE X - 18;RODOLFO QUERINO LUIZ - GERENTE DE AREA;01/09/2026
1058163;193712;HORTIFRUTI VILA DAS FRUTAS;INES MARTIN;01/09/2026
1058162;193711;HORTIFRUTI VILA DAS FRUTAS;INES MARTIN;01/09/2026
1058161;193831;REDE X - 15;RODOLFO QUERINO LUIZ - GERENTE DE AREA;01/09/2026
1058160;193524;REDE X - 16;RODOLFO QUERINO LUIZ - GERENTE DE AREA;01/09/2026
1058157;194116;ESPERANCA - 24;DANIEL CAMACHO;01/09/2026
1058156;193958;ESPERANCA - 23;DANIEL CAMACHO;01/09/2026
1058155;193719;MERCADINHO DO CARECA;JOSE SOARES;01/09/2026
1058154;193946;REDE X - 14;RODOLFO QUERINO LUIZ - GERENTE DE AREA;01/09/2026
1058153;193729;BAMBERG MERCEARIA;JOSE SOARES;01/09/2026
1058152;193955;ESPERANCA - 22;DANIEL CAMACHO;01/09/2026
1058151;193876;SUPERMERCADO PARAZZI;EDSON MALAGUTTI;01/09/2026
1058150;193720;MERCADO DO JAPA;JOSE SOARES;01/09/2026
1058149;193752;REDE X - 12;RODOLFO QUERINO LUIZ - GERENTE DE AREA;01/09/2026
1058148;193666;SUPERMERCADO TIBA  - ARARAQUARA;DAIANE CRISTINA DE OLIVEIRA;01/09/2026
1058147;193117;REDE X - 13;RODOLFO QUERINO LUIZ - GERENTE DE AREA;01/09/2026
1058146;193116;REDE X - 13;RODOLFO QUERINO LUIZ - GERENTE DE AREA;01/09/2026
1058145;193115;REDE X - 13;RODOLFO QUERINO LUIZ - GERENTE DE AREA;01/09/2026
1058143;193874;SUPERMERCADO SUPER BOM;EDSON MALAGUTTI;01/09/2026
1058142;193630;SHOPPING FARTURA PAINEIRAS L3;OSNEY RICARDO;01/09/2026
1058141;193718;AKKI - 04;LEANDRO GOLDINHO LOPES;01/09/2026
1058140;193427;AKKI - 05;LEANDRO GOLDINHO LOPES;01/09/2026
1058139;193511;SO OFERTAS - LJ 03;OSNEY RICARDO;01/09/2026
1058138;193768;REDE X - 10;RODOLFO QUERINO LUIZ - GERENTE DE AREA;01/09/2026
1058137;193728;SUPERMERCADO NOVO LITORAL;JOSE SOARES;01/09/2026
1058136;193530;REDE X - 11;RODOLFO QUERINO LUIZ - GERENTE DE AREA;01/09/2026
1058134;193751;REDE X - 09;RODOLFO QUERINO LUIZ - GERENTE DE AREA;01/09/2026
1058133;193755;REDE X - 09;RODOLFO QUERINO LUIZ - GERENTE DE AREA;01/09/2026
1058131;193623;REDE X - 08;RODOLFO QUERINO LUIZ - GERENTE DE AREA;01/09/2026
1058130;193622;REDE X - 08;RODOLFO QUERINO LUIZ - GERENTE DE AREA;01/09/2026
1058129;193510;SO OFERTAS - LJ 03;OSNEY RICARDO;01/09/2026
1058127;193496;REDE X - 05;RODOLFO QUERINO LUIZ - GERENTE DE AREA;01/09/2026
1058126;193376;REDE X - 07;RODOLFO QUERINO LUIZ - GERENTE DE AREA;01/09/2026
1058125;193497;REDE X - 05;RODOLFO QUERINO LUIZ - GERENTE DE AREA;01/09/2026
1058124;193499;REDE X - 06;RODOLFO QUERINO LUIZ - GERENTE DE AREA;01/09/2026
1058121;193562;SHOPPING  FARTURA - PORTO SEGURO;OSNEY RICARDO;01/09/2026
1058120;193282;BOM BAIANO - LAPA;FLAVIA SIQUEIRA;01/09/2026
1058118;193475;SHOPPING FARTURA L5;OSNEY RICARDO;01/09/2026
1058116;193631;SHOPPING FARTURA PAINEIRAS L3;OSNEY RICARDO;01/09/2026
1058115;193266;REDE X - 04;RODOLFO QUERINO LUIZ - GERENTE DE AREA;01/09/2026
1058114;193674;REDE X - 04;RODOLFO QUERINO LUIZ - GERENTE DE AREA;01/09/2026
1058113;193161;BOM BAIANO - STA EFIGEN;FLAVIA SIQUEIRA;01/09/2026
1058110;193772;REDE X - 02;RODOLFO QUERINO LUIZ - GERENTE DE AREA;01/09/2026
1058109;193629;SHOPPING FARTURA L2;OSNEY RICARDO;01/09/2026
1058108;194153;REDE X - 03;RODOLFO QUERINO LUIZ - GERENTE DE AREA;01/09/2026
1058107;194152;REDE X - 03;RODOLFO QUERINO LUIZ - GERENTE DE AREA;01/09/2026
1058105;193771;REDE X - 02;RODOLFO QUERINO LUIZ - GERENTE DE AREA;01/09/2026
1058104;193770;REDE X - 02;RODOLFO QUERINO LUIZ - GERENTE DE AREA;01/09/2026
1058101;193733;REDE X - 01;RODOLFO QUERINO LUIZ - GERENTE DE AREA;01/09/2026
1058100;193734;REDE X - 01;RODOLFO QUERINO LUIZ - GERENTE DE AREA;01/09/2026
1058097;192880;GLA GESTAO E COMERCIO;JOSUE EVANGELISTA;01/09/2026
1058091;193877;SUPERMERCADO SUPER BOM;EDSON MALAGUTTI;01/09/2026
1058089;193331;RISQUINHO ALIMENTOS;INES MARTIN;01/09/2026
1058088;194045;SUP DOVALE - 06;FLAVIA SIQUEIRA;01/09/2026
1058087;193490;RECANTO DOS FRIOS;INES MARTIN;01/09/2026
1058086;193801;SUPERMERCADO UNIAO - LOJA 05;RENATO SANTO MICHELMANN;01/09/2026
1058085;193875;SUPERMERCADO PARAZZI;EDSON MALAGUTTI;01/09/2026
1058084;193552;SUP DOVALE - 05;FLAVIA SIQUEIRA;01/09/2026
1058083;193802;SUPERMERCADO UNIAO - LOJA 12;RENATO SANTO MICHELMANN;01/09/2026
1058082;193489;RECANTO DOS FRIOS;INES MARTIN;01/09/2026
1058080;193162;MINI MERCADO HAGAPE;FLAVIA SIQUEIRA;01/09/2026
1058079;194168;KRILL - MATRIZ;JOSE SOARES;01/09/2026
1058078;194167;KRILL - MATRIZ;JOSE SOARES;01/09/2026
1058077;193863;SUPERMERCADOS SEMPRE JUNTOS;FLAVIA SIQUEIRA;01/09/2026
1058076;193864;SUPERMERCADOS SEMPRE JUNTOS;FLAVIA SIQUEIRA;01/09/2026
1058075;193798;SUP DOVALE - 01;FLAVIA SIQUEIRA;01/09/2026
1058074;193012;DIVALDO A ANTONELLI - L3;LUCIANE MARQUES;01/09/2026
1058072;193160;MINI MERCADO HAGAPE;FLAVIA SIQUEIRA;01/09/2026
1058071;193314;DISTRIBUIDORA CONTINENTAL;EDVALDO DOS SANTOS PEREIRA;01/09/2026
1058070;193574;MINI MERCADO E ACOUGUE PONTO BOM;KALIEL DE CALDA LEITE;01/09/2026
1058069;193685;TENDA  - CAMP CEASA;FLAVIO DUARTE PEREIRA;01/09/2026
1058068;193535;OSASCO MINI PRECO 2;CARLOS FERREIRA;01/09/2026
1058067;193539;OSASCO MINI PRECO 2;CARLOS FERREIRA;01/09/2026
1058066;193558;FRUTOS DA HORTA;CARLOS FERREIRA;01/09/2026
1058065;193555;FRUTOS DA HORTA;CARLOS FERREIRA;01/09/2026
1058062;193487;MERCADINHO COQUEIRO;SILVANO ARRUDA;01/09/2026
1058061;193313;DISTRIBUIDORA CONTINENTAL;EDVALDO DOS SANTOS PEREIRA;01/09/2026
1058060;193527;ALVARO - LJ INTERLAGOS;ERICK MOREIRA;01/09/2026
1058059;194166;KRILL - MATRIZ;JOSE SOARES;01/09/2026
1058058;193047;ARMAZEM NORDESTINO E PRODUTOS NATURAIS;MARIO MIZUKA;01/09/2026
1058054;193452;BERGAMINI - EDU CHAVES;FELIPE GOMES;01/09/2026
1058053;193580;BOI ARTES;WAGNER DA SILVA LIMA;01/09/2026
1058047;193557;J E COMERCIO;VENDEDOR INTERNO;01/09/2026
1058043;192899;SUPERMERCADO OURINHOS;FELIPE GOMES;01/09/2026
1058040;193237;BERGAMINI - JACANA;FELIPE GOMES;01/09/2026
1058039;193044;J E COMERCIO;VENDEDOR INTERNO;01/09/2026
1058037;193514;PAO DE ACUCAR - SP;EDMILSON NUNES;01/09/2026
1058033;193675;SAMS CLUB - CD CAJAMAR;WELINGTON GUALTER;01/09/2026
1058028;193553;HORTIFRUTI M & A;WAGNER DA SILVA LIMA;01/09/2026
1058026;193078;ATACADISTA KINGFOOD;FLAVIA SIQUEIRA;01/09/2026
1058025;193079;ATACADISTA KINGFOOD;FLAVIA SIQUEIRA;01/09/2026
1058023;193516;BELLA VITORIA;LUCIANO PEREIRA;01/09/2026
1058021;193381;FL SUPERMERCADO;JOSE GOMES DOS S.;01/09/2026
1058018;193797;SUP DOVALE - 02;FLAVIA SIQUEIRA;01/09/2026
1058015;612;ASSAI - 15;FERNANDO VOLTERO;01/09/2026
1058014;600;ASSAI 260 - MOOCA;FERNANDO VOLTERO;01/09/2026
1058013;675;ASSAI - 263;FERNANDO VOLTERO;01/09/2026
1058012;662;ASSAI - 273;FERNANDO VOLTERO;01/09/2026
1058011;550;ASSAI - 303;FERNANDO VOLTERO;01/09/2026
1058007;687;ASSAI - 349;FERNANDO VOLTERO;01/09/2026
1058006;663;ASSAI - 312;FERNANDO VOLTERO;01/09/2026
1058005;560;ASSAI - 313;FERNANDO VOLTERO;01/09/2026
1058004;618;ASSAI - 326;FERNANDO VOLTERO;01/09/2026
1058003;629;ASSAI - 336;FERNANDO VOLTERO;01/09/2026
1058002;574;ASSAI - 337;FERNANDO VOLTERO;01/09/2026
1057998;664;ASSAI - 274;FERNANDO VOLTERO;01/09/2026
1057997;569;ASSAI - 275;FERNANDO VOLTERO;01/09/2026
1057996;631;ASSAI - 276;FERNANDO VOLTERO;01/09/2026
1057994;689;ASSAI - 280;FERNANDO VOLTERO;01/09/2026
1057993;645;ASSAI - 282;FERNANDO VOLTERO;01/09/2026
1057992;564;ASSAI - 285;FERNANDO VOLTERO;01/09/2026
1057991;619;ASSAI - 301;FERNANDO VOLTERO;01/09/2026
1057985;193731;LOURENCINI - LJ 09;JOSE GOMES DOS S.;01/09/2026
1057984;637;ASSAI - 269;FERNANDO VOLTERO;01/09/2026
1057980;577;ASSAI - 272;FERNANDO VOLTERO;01/09/2026
1057977;608;ASSAI - 208;FERNANDO VOLTERO;01/09/2026
1057976;622;ASSAI - 209;FERNANDO VOLTERO;01/09/2026
1057975;667;ASSAI - 233;FERNANDO VOLTERO;01/09/2026
1057974;604;ASSAI - 258;FERNANDO VOLTERO;01/09/2026
1057972;620;ASSAI - 244;FERNANDO VOLTERO;01/09/2026
1057970;572;ASSAI - 254;FERNANDO VOLTERO;01/09/2026
1057968;193471;ZAFFARI - RS CD;ALESSANDRO CANDIAGO;01/09/2026
1057967;686;ASSAI - 123;FERNANDO VOLTERO;01/09/2026
1057965;567;ASSAI - 178;FERNANDO VOLTERO;01/09/2026
1057964;691;ASSAI - 199;FERNANDO VOLTERO;01/09/2026
1057963;674;ASSAI - 200;FERNANDO VOLTERO;01/09/2026
1057961;682;ASSAI - 205;FERNANDO VOLTERO;01/09/2026
1057958;668;ASSAI - 148;FERNANDO VOLTERO;01/09/2026
1057957;586;ASSAI - 151;FERNANDO VOLTERO;01/09/2026
1057956;678;ASSAI - 153;FERNANDO VOLTERO;01/09/2026
1057955;553;ASSAI - 155;FERNANDO VOLTERO;01/09/2026
1057953;699;ASSAI - 173;FERNANDO VOLTERO;01/09/2026
1057952;590;ASSAI 161 - JARDIM ROSINA;FERNANDO VOLTERO;01/09/2026
1057949;557;ASSAI - 124;FERNANDO VOLTERO;01/09/2026
1057946;580;ASSAI  129 - VILA CASCATINHA;FERNANDO VOLTERO;01/09/2026
1057945;193470;LOURENCINI - LJ 05;JOSE GOMES DOS S.;01/09/2026
1057944;660;ASSAI - 144;FERNANDO VOLTERO;01/09/2026
1057943;627;ASSAI - 130;FERNANDO VOLTERO;01/09/2026
1057942;621;ASSAI - 137;FERNANDO VOLTERO;01/09/2026
1057939;597;ASSAI - 17;FERNANDO VOLTERO;01/09/2026
1057937;672;ASSAI - 74;FERNANDO VOLTERO;01/09/2026
1057936;193144;ME MARKET;ALENCAR SILVA;01/09/2026
1057935;700;ASSAI - 75;FERNANDO VOLTERO;01/09/2026
1057933;610;ASSAI - 104;FERNANDO VOLTERO;01/09/2026
1057932;625;ASSAI - 121;FERNANDO VOLTERO;01/09/2026
1057930;652;ASSAI - 81;FERNANDO VOLTERO;01/09/2026
1057929;576;ASSAI - 96;FERNANDO VOLTERO;01/09/2026
1057928;581;ASSAI - 85;FERNANDO VOLTERO;01/09/2026
1057927;193464;MERCADO DO BAIRRO;FRANCISCO DUARTE - LUIZ DUARTE;01/09/2026
1057924;555;ASSAI - 89;FERNANDO VOLTERO;01/09/2026
1057923;641;ASSAI - 93;FERNANDO VOLTERO;01/09/2026
1057922;673;ASSAI - 94;FERNANDO VOLTERO;01/09/2026
1057925;192705;J E COMERCIO;VENDEDOR INTERNO;01/09/2026
1057921;193143;ME MARKET;ALENCAR SILVA;01/09/2026
1057920;601;ASSAI - 58;FERNANDO VOLTERO;01/09/2026
1057918;607;ASSAI - 60;FERNANDO VOLTERO;01/09/2026
1057917;615;ASSAI - 63;FERNANDO VOLTERO;01/09/2026
1057915;679;ASSAI - 68;FERNANDO VOLTERO;01/09/2026
1057912;599;ASSAI - 48;FERNANDO VOLTERO;01/09/2026
1057911;655;ASSAI - 18;FERNANDO VOLTERO;01/09/2026
1057910;649;ASSAI - 22;FERNANDO VOLTERO;01/09/2026
1057909;658;ASSAI - 31;FERNANDO VOLTERO;01/09/2026
1057908;633;ASSAI - 38;FERNANDO VOLTERO;01/09/2026
1057907;594;ASSAI - 39;FERNANDO VOLTERO;01/09/2026
1057906;584;ASSAI - 45;FERNANDO VOLTERO;01/09/2026
1057903;193839;SERV 7 - CONJUNTO HABITACIONAL;FRANCISCO DUARTE - LUIZ DUARTE;01/09/2026
1057902;193479;MERCADO DOURADOS;FRANCISCO DUARTE - LUIZ DUARTE;01/09/2026
1057901;647;ASSAI - 08;FERNANDO VOLTERO;01/09/2026
1057900;690;ASSAI - 10;FERNANDO VOLTERO;01/09/2026
1057890;192704;EDMILSON NUNES;JOSUE EVANGELISTA;01/09/2026
1057880;193312;DISTRIBUIDORA CONTINENTAL;EDVALDO DOS SANTOS PEREIRA;01/09/2026
1057868;193129;MUNDO NORDESTINO;MARIO MIZUKA;01/09/2026
1057866;193128;MUNDO NORDESTINO;MARIO MIZUKA;01/09/2026
1057860;193251;REDE ALIANÇA - PARANA LOJA 01;EDSON MALAGUTTI;01/09/2026
1057859;193250;REDE ALIANÇA - PARANA LOJA 01;EDSON MALAGUTTI;01/09/2026
1057858;193000;CD - NOVO PROENCA;MARCELO GREGORIO;01/09/2026
1057857;196337;CD - NOVO PROENCA;MARCELO GREGORIO;01/09/2026
1057856;193004;DIVALDO A ANTONELLI - L3;LUCIANE MARQUES;01/09/2026
1057855;193002;DIVALDO A ANTONELLI - L1;LUCIANE MARQUES;01/09/2026
1057854;193007;DIVALDO A ANTONELLI - L2;LUCIANE MARQUES;01/09/2026
1057853;193477;MERCADO DOURADOS;FRANCISCO DUARTE - LUIZ DUARTE;01/09/2026
1057852;193841;SERV 7 - CONJUNTO HABITACIONAL;FRANCISCO DUARTE - LUIZ DUARTE;01/09/2026
1057851;193283;BOM BAIANO - LAPA;FLAVIA SIQUEIRA;01/09/2026
1057850;193159;BOM BAIANO - STA EFIGEN;FLAVIA SIQUEIRA;01/09/2026
1057849;193488;MERCADINHO MENDES FALCAO;INES MARTIN;01/09/2026
1057848;194959;PIRUETA - LJ 09;JOSE ROBERTO DENIZIO;01/09/2026
1057828;193473;PIRUETA - LJ 10;JOSE ROBERTO DENIZIO;31/08/2026
1057827;194958;PIRUETA - LJ 09;JOSE ROBERTO DENIZIO;31/08/2026
1057826;193474;PIRUETA - LJ 05;JOSE ROBERTO DENIZIO;31/08/2026
1057825;193481;PIRUETA - LJ 04;JOSE ROBERTO DENIZIO;31/08/2026
1057824;193462;PIRUETA - LJ 03;JOSE ROBERTO DENIZIO;31/08/2026
1057823;193461;TATENO DOCES;JOSE ROBERTO DENIZIO;31/08/2026
1057822;193006;DIVALDO A ANTONELLI - L4;LUCIANE MARQUES;31/08/2026
1057821;193008;DIVALDO A ANTONELLI - L2;LUCIANE MARQUES;31/08/2026
1057820;193003;DIVALDO A ANTONELLI - L1;LUCIANE MARQUES;31/08/2026
1057819;193005;DIVALDO A ANTONELLI - L3;LUCIANE MARQUES;31/08/2026
1057818;193208;SUPERMERCADO MAMAE;CLAUDIO AKIO SOGA;31/08/2026
1057817;193209;SUPERMERCADO MAMAE;CLAUDIO AKIO SOGA;31/08/2026
1057816;193158;BOM BAIANO - STA EFIGEN;FLAVIA SIQUEIRA;31/08/2026
1057815;193210;SUPERMERCADO MAMAE;CLAUDIO AKIO SOGA;31/08/2026
1057814;193284;BOM BAIANO - LAPA;FLAVIA SIQUEIRA;31/08/2026
1057813;193001;CD - NOVO PROENCA;MARCELO GREGORIO;31/08/2026
1057812;193716;COMERCIAL TATENO - LOJA 2;SILVANO ARRUDA;31/08/2026
1057811;193522;RM RODRIGUES - SACOLAO SAO JOSE;KELVIN;31/08/2026
1057810;193265;SUPERMERCADO BANDEIRA;ERICK MOREIRA;31/08/2026
1057809;193536;QUINTAL DAS FRUTAS;CARLOS FERREIRA;31/08/2026
1057808;193541;SOMOS HOTFRUT;CARLOS FERREIRA;31/08/2026
1057807;193353;SUPERMERCADO 2000;KELVIN;31/08/2026
1057806;193352;SUPERMERCADO 2000;KELVIN;31/08/2026
1057805;193305;MERCADINHO CAMPO VERDE;CAROLINA DOS SANTOS ROCHA;31/08/2026
1057804;193306;MERCADINHO CAMPO VERDE;CAROLINA DOS SANTOS ROCHA;31/08/2026
1057803;193521;GRAO GRAJAU;CAROLINA DOS SANTOS ROCHA;31/08/2026
1057802;193307;SUPERMERCADO GEOVANNA;CAROLINA DOS SANTOS ROCHA;31/08/2026
1057799;193249;REDE ALIANÇA - PARANA LOJA 01;EDSON MALAGUTTI;31/08/2026
1057798;193304;MERCADO PYRAMIDS;ERICK MOREIRA;31/08/2026
1057797;193286;ULISSES ALVES DOMINGUES - LJ 32;JOSE SOARES;31/08/2026
1057796;193287;ULISSES ALVES DOMINGUES - LJ 32;JOSE SOARES;31/08/2026
1057795;193290;F.L.VASCONCELOS;RONILSON RIBEIRO;31/08/2026
1057794;197717;MAGNANIMO - CD;KALIEL DE CALDA LEITE;31/08/2026
1057793;193308;MAGNANIMO - CD;KALIEL DE CALDA LEITE;31/08/2026
1057792;197718;MAGNANIMO - CD;KALIEL DE CALDA LEITE;31/08/2026
1057789;193309;MAGNANIMO - CD;KALIEL DE CALDA LEITE;31/08/2026
1057788;193293;FORTE ATACADISTA;CELSO NUNES TEIXEIRA;31/08/2026
1057787;193248;REDE ALIANÇA - PARANA LOJA 01;EDSON MALAGUTTI;31/08/2026
1057786;193568;SUPERMERCADOS SAITO - LJ 21;RONILSON RIBEIRO;31/08/2026
1057785;193289;ULISSES ALVES DOMINGUES - LJ 32;JOSE SOARES;31/08/2026
1057784;193573;SUPERMERCADOS SAITO - LJ 20;RONILSON RIBEIRO;31/08/2026
1057783;193570;SUPERMERCADOS SAITO  BELAS ARTES - LJ 18;RONILSON RIBEIRO;31/08/2026
1057782;193572;SUPERMERCADOS SAITO  CENTRO - LJ 16;RONILSON RIBEIRO;31/08/2026
1057781;193291;F.L.VASCONCELOS;RONILSON RIBEIRO;31/08/2026
1057780;194988;TENDA  - CAMP CEASA;FLAVIO DUARTE PEREIRA;31/08/2026
1057779;193632;SUPERMERCADO FIGUEROA - LJ 23;RONILSON RIBEIRO;31/08/2026
1057778;193646;TENDA  - CAMP CEASA;FLAVIO DUARTE PEREIRA;31/08/2026
1057777;193288;ULISSES ALVES DOMINGUES - LJ 32;JOSE SOARES;31/08/2026
1057776;194989;TENDA  - CAMP CEASA;FLAVIO DUARTE PEREIRA;31/08/2026
1057774;193157;SUPERMERCADO OURINHOS;FELIPE GOMES;31/08/2026
1057773;194068;TRIMAIS TUCURUVI;DANIEL CAMACHO;31/08/2026
1057772;194063;TRIMAIS FURNAS;DANIEL CAMACHO;31/08/2026
1057771;193921;TRIMAIS PERI;DANIEL CAMACHO;31/08/2026
1057770;193480;MERCADO DOURADOS;FRANCISCO DUARTE - LUIZ DUARTE;31/08/2026
1057769;192879;SUPERMERCADO L J;AROLDO BATISTA SANTOS;31/08/2026
1057768;193519;SETE DIAS SACOLAO;FRANCISCO DUARTE - LUIZ DUARTE;31/08/2026
1057767;193842;BENEDITO AURELIANO;AROLDO BATISTA SANTOS;31/08/2026
1057766;193328;TRIMAIS PERI;DANIEL CAMACHO;31/08/2026
1057765;193478;MERCADO IRMAOS FERNANDES;FRANCISCO DUARTE - LUIZ DUARTE;31/08/2026
1057764;194062;TRIMAIS LAUZANE;DANIEL CAMACHO;31/08/2026
1057761;193492;MERCADO NOVA SOLUCAO;INES MARTIN;31/08/2026
1057760;193233;BERGAMINI - JACANA;FELIPE GOMES;31/08/2026
1057759;193453;BERGAMINI - EDU CHAVES;FELIPE GOMES;31/08/2026
1057758;193518;SETE DIAS SACOLAO;FRANCISCO DUARTE - LUIZ DUARTE;31/08/2026
1057757;192695;TAKAHASHI - LOJA 01;FLAVIA SIQUEIRA;31/08/2026
1057756;562;ASSAI - 75;FERNANDO VOLTERO;31/08/2026
1057755;194105;COMERCIAL ZARAGOZA - CD TAUBATE;EDMILSON NUNES;31/08/2026
1057754;193761;TRIMAIS FURNAS;DANIEL CAMACHO;31/08/2026
1057753;193845;SERV 7 - CONJUNTO HABITACIONAL;FRANCISCO DUARTE - LUIZ DUARTE;31/08/2026
1057751;193520;HORTIFRUTI NACOES;FRANCISCO DUARTE - LUIZ DUARTE;31/08/2026
1057750;193421;RIO VERMELHO ATACADO E VAREJO;JOAO DE SOUZA;31/08/2026
1057749;193454;BERGAMINI - EDU CHAVES;FELIPE GOMES;31/08/2026
1057748;192881;SUPERMERCADO L J;AROLDO BATISTA SANTOS;31/08/2026
1057746;193581;DAKI - CD EMBU DAS ARTES;WAGNER DA SILVA LIMA;31/08/2026
1057741;192909;TRIMAIS TUCURUVI;DANIEL CAMACHO;31/08/2026
1057740;537;DA TERRINHA - FILIAL SP;VENDEDOR INTERNO;31/08/2026
1057737;193292;FORTE ATACADISTA;CELSO NUNES TEIXEIRA;31/08/2026
1057733;193472;SACOLAO COSTA BARROS;FRANCISCO DUARTE - LUIZ DUARTE;31/08/2026
1057730;193218;MERCADO OURO BRANCO - PONTE RASA;JOSE ROBERTO DENIZIO;31/08/2026
1057729;193216;MERCADO OURO BRANCO;JOSE ROBERTO DENIZIO;31/08/2026
1057727;193800;BRUNELIS SUPERMERCADO;RENATO SANTO MICHELMANN;31/08/2026
1057726;193786;SUPER BARONESA;FRANCISCO DUARTE - LUIZ DUARTE;31/08/2026
1057725;193242;TRIMAIS LAUZANE;DANIEL CAMACHO;31/08/2026
1057724;193211;DOMICILI INDUSTRIA CESTA BASICA E NATAL;CLAUDIO AKIO SOGA;31/08/2026
1057723;193476;BELLA SAO LUCAS;FRANCISCO DUARTE - LUIZ DUARTE;31/08/2026
1057720;192550;SUPERMERCADO VIP 10;EDSON MALAGUTTI;31/08/2026
1057719;193121;SUPERMERCADO NOVA VIDA INDAIATUBA;EDSON MALAGUTTI;31/08/2026
1057718;193807;SOUZA BUENO - LJ 02;RENATO SANTO MICHELMANN;31/08/2026
1057717;193201;SUPERMERCADO PEREIRA MATRIZ;PAULO COSTA;31/08/2026
1057716;193202;SUPERMERCADO PEREIRA - FILIAL;PAULO COSTA;31/08/2026
1057715;193203;SUPERMERCADO PEREIRA MATRIZ;PAULO COSTA;31/08/2026
1057714;193387;SUP CORREA - LUCIA REGINA 07;PAULO COSTA;31/08/2026
1057713;193264;SUPERMERCADO BANDEIRA;ERICK MOREIRA;31/08/2026
1057711;193199;SUPERMERCADO PEREIRA - FILIAL;PAULO COSTA;31/08/2026
1057710;193197;SUPERMERCADO PEREIRA MATRIZ;PAULO COSTA;31/08/2026
1057709;195236;ASSAI - 58;FERNANDO VOLTERO;31/08/2026
1057708;197770;ASSAI - 18;FERNANDO VOLTERO;31/08/2026
1057707;194151;ASSAI - 343;FERNANDO VOLTERO;31/08/2026
1057706;197793;ASSAI - 64;FERNANDO VOLTERO;31/08/2026
1057705;194198;ASSAI 260 - MOOCA;FERNANDO VOLTERO;31/08/2026
1057704;193858;ASSAI - 336;FERNANDO VOLTERO;31/08/2026
1057703;193889;ASSAI - 269;FERNANDO VOLTERO;31/08/2026
1057702;193910;ASSAI - 203;FERNANDO VOLTERO;31/08/2026
1057701;197748;ASSAI - 271;FERNANDO VOLTERO;31/08/2026
1057700;194342;ASSAI - 276;FERNANDO VOLTERO;31/08/2026
1057698;197258;ASSAI - 75;FERNANDO VOLTERO;31/08/2026
1057695;195650;ASSAI - 337;FERNANDO VOLTERO;31/08/2026
1057694;195004;ASSAI - 104;FERNANDO VOLTERO;31/08/2026
1057693;196321;ASSAI - 10;FERNANDO VOLTERO;31/08/2026
1057692;193882;ASSAI  - 339;FERNANDO VOLTERO;31/08/2026
1057690;197698;ASSAI - 81;FERNANDO VOLTERO;31/08/2026
1057689;197283;ASSAI - 86;FERNANDO VOLTERO;31/08/2026
1057688;197692;ASSAI - 254;FERNANDO VOLTERO;31/08/2026
1057687;196376;ASSAI - 285;FERNANDO VOLTERO;31/08/2026
1057686;197527;ASSAI - 59;FERNANDO VOLTERO;31/08/2026
1057684;193652;ASSAI - 313;FERNANDO VOLTERO;31/08/2026
1057682;194752;COMERCIAL ESPERANCA ATACADO DISTRIBUIDOR;DANIEL CAMACHO;31/08/2026
1057679;195858;ASSAI - 155;FERNANDO VOLTERO;31/08/2026
1057678;197469;ASSAI  129 - VILA CASCATINHA;FERNANDO VOLTERO;31/08/2026
1057677;196412;ASSAI - 74;FERNANDO VOLTERO;31/08/2026
1057676;193932;ASSAI - 279;FERNANDO VOLTERO;31/08/2026
1057675;194278;ASSAI - 205;FERNANDO VOLTERO;31/08/2026
1057674;196658;ASSAI - 123;FERNANDO VOLTERO;31/08/2026
1057673;197333;ASSAI - 124;FERNANDO VOLTERO;31/08/2026
1057672;195230;ASSAI - 233;FERNANDO VOLTERO;31/08/2026
1057670;197590;ASSAI - 151;FERNANDO VOLTERO;31/08/2026
1057669;194265;ASSAI - 273;FERNANDO VOLTERO;31/08/2026
1057668;193893;ASSAI - 274;FERNANDO VOLTERO;31/08/2026
1057667;194713;ASSAI - 208;FERNANDO VOLTERO;31/08/2026
1057666;194271;ASSAI  - 350;FERNANDO VOLTERO;31/08/2026
1057665;197031;ASSAI - 68;FERNANDO VOLTERO;31/08/2026
1057664;193862;ASSAI - 265;FERNANDO VOLTERO;31/08/2026
1057663;194963;ASSAI - 85;FERNANDO VOLTERO;31/08/2026
1057662;196281;ASSAI - 53;FERNANDO VOLTERO;31/08/2026
1057661;197253;ASSAI - 275;FERNANDO VOLTERO;31/08/2026
1057660;194708;ASSAI - 209;FERNANDO VOLTERO;31/08/2026
1057659;195861;ASSAI - 272;FERNANDO VOLTERO;31/08/2026
1057657;196832;ASSAI - 157;FERNANDO VOLTERO;31/08/2026
1057656;195067;ASSAI - 258;FERNANDO VOLTERO;31/08/2026
1057655;193985;ASSAI - 199;FERNANDO VOLTERO;31/08/2026
1057654;193984;ASSAI - 280;FERNANDO VOLTERO;31/08/2026
1057653;196768;ASSAI - 60;FERNANDO VOLTERO;31/08/2026
1057652;195473;ASSAI - 349;FERNANDO VOLTERO;31/08/2026
1057649;194754;COMERCIAL ESPERANCA ATACADO DISTRIBUIDOR;DANIEL CAMACHO;31/08/2026
1057647;193122;SUPERMERCADO NOVA VIDA INDAIATUBA;EDSON MALAGUTTI;31/08/2026
1057646;193806;SOUZA BUENO - LJ 02;RENATO SANTO MICHELMANN;31/08/2026
1057643;192549;SUPERMERCADO VIP 10;EDSON MALAGUTTI;31/08/2026
1057642;193803;BRUNELIS SUPERMERCADO;RENATO SANTO MICHELMANN;31/08/2026
1057641;193009;SUPER MERCADO SAO VICENTE;RAPHAEL COUTINHO ESPINDOLA;31/08/2026
1057640;193010;SAO VICENTE;RAPHAEL COUTINHO ESPINDOLA;31/08/2026
1057639;193431;VITORIA MAX (CAMPINAS);OSNEY RICARDO;31/08/2026
1057638;193432;VITORIA MAX (CAMPINAS);OSNEY RICARDO;31/08/2026
1057637;193433;VITORIA MAX (CAMPINAS);OSNEY RICARDO;31/08/2026
1057636;192808;SUPERMERCADO JVA - LJ 04;EDSON MALAGUTTI;31/08/2026
1057635;193491;MENEZES PRODUTOS ALIMENTICIOS;WAGNER DA SILVA LIMA;31/08/2026
1057634;192807;SUPERMERCADO JVA - LJ 04;EDSON MALAGUTTI;31/08/2026
1057633;193429;GOOD BOM - 14;OSNEY RICARDO;31/08/2026
1057632;192721;DISTRIBUIDORA MANFRIN;MARCELO GREGORIO;31/08/2026
1057631;192840;SUP CORREA - LUCIA REGINA 07;PAULO COSTA;31/08/2026
1057630;193388;SUP CORREA - LUCIA REGINA 07;PAULO COSTA;31/08/2026
1057629;193549;FAMILIA II SUPERMERCADO;GUSTAVO GOMES;31/08/2026
1057628;192913;B&M SUPERMERCADO;GUSTAVO GOMES;31/08/2026
1057627;195332;COMERCIAL ESPERANCA ATACADO DISTRIBUIDOR;DANIEL CAMACHO;31/08/2026
1057625;193909;ASSAI - 203;FERNANDO VOLTERO;31/08/2026
1057624;197282;ASSAI - 86;FERNANDO VOLTERO;31/08/2026
1057623;197526;ASSAI - 59;FERNANDO VOLTERO;31/08/2026
1057622;194341;ASSAI - 276;FERNANDO VOLTERO;31/08/2026
1057621;194197;ASSAI 260 - MOOCA;FERNANDO VOLTERO;31/08/2026
1057620;194150;ASSAI - 343;FERNANDO VOLTERO;31/08/2026
1057618;193888;ASSAI - 269;FERNANDO VOLTERO;31/08/2026
1057617;193857;ASSAI - 336;FERNANDO VOLTERO;31/08/2026
1057616;196411;ASSAI - 74;FERNANDO VOLTERO;31/08/2026
1057615;195232;ASSAI - 270;FERNANDO VOLTERO;31/08/2026
1057614;195235;ASSAI - 58;FERNANDO VOLTERO;31/08/2026
1057613;194277;ASSAI - 205;FERNANDO VOLTERO;31/08/2026
1057612;193930;ASSAI - 279;FERNANDO VOLTERO;31/08/2026
1057611;197771;ASSAI - 18;FERNANDO VOLTERO;31/08/2026
1057610;193651;ASSAI - 313;FERNANDO VOLTERO;31/08/2026
1057609;197792;ASSAI - 64;FERNANDO VOLTERO;31/08/2026
1057608;195921;ASSAI - 127;FERNANDO VOLTERO;31/08/2026
1057607;197468;ASSAI  129 - VILA CASCATINHA;FERNANDO VOLTERO;31/08/2026
1057606;195857;ASSAI - 155;FERNANDO VOLTERO;31/08/2026
1057605;196375;ASSAI - 285;FERNANDO VOLTERO;31/08/2026
1057603;195003;ASSAI - 104;FERNANDO VOLTERO;31/08/2026
1057601;193883;ASSAI  - 339;FERNANDO VOLTERO;31/08/2026
1057600;193861;ASSAI - 265;FERNANDO VOLTERO;31/08/2026
1057599;194272;ASSAI  - 350;FERNANDO VOLTERO;31/08/2026
1057598;194712;ASSAI - 208;FERNANDO VOLTERO;31/08/2026
1057597;193892;ASSAI - 274;FERNANDO VOLTERO;31/08/2026
1057596;194264;ASSAI - 273;FERNANDO VOLTERO;31/08/2026
1057595;196767;ASSAI - 60;FERNANDO VOLTERO;31/08/2026
1057594;195229;ASSAI - 233;FERNANDO VOLTERO;31/08/2026
1057593;196657;ASSAI - 123;FERNANDO VOLTERO;31/08/2026
1057591;193983;ASSAI - 199;FERNANDO VOLTERO;31/08/2026
1057590;197589;ASSAI - 151;FERNANDO VOLTERO;31/08/2026
1057589;195472;ASSAI - 349;FERNANDO VOLTERO;31/08/2026
1057588;197199;ASSAI - 45;FERNANDO VOLTERO;31/08/2026
1057587;193824;ASSAI - 156;FERNANDO VOLTERO;31/08/2026
1057585;194902;ASSAI - 148;FERNANDO VOLTERO;31/08/2026
1057584;195066;ASSAI - 258;FERNANDO VOLTERO;31/08/2026
1057583;193982;ASSAI - 280;FERNANDO VOLTERO;31/08/2026
1057582;196831;ASSAI - 157;FERNANDO VOLTERO;31/08/2026
1057581;197030;ASSAI - 68;FERNANDO VOLTERO;31/08/2026
1057580;194962;ASSAI - 85;FERNANDO VOLTERO;31/08/2026
1057579;195860;ASSAI - 272;FERNANDO VOLTERO;31/08/2026
1057578;197252;ASSAI - 275;FERNANDO VOLTERO;31/08/2026
1057577;193389;SUP CORREA - LUCIA REGINA 07;PAULO COSTA;31/08/2026
1057576;193440;SETE SUPERMERCADO - LJ 01;OSNEY RICARDO;31/08/2026
1057575;193439;SETE SUPERMERCADO - LJ 01;OSNEY RICARDO;31/08/2026
1057573;193441;SETE SUPERMERCADO - LJ 01;OSNEY RICARDO;31/08/2026
1057572;193804;IRMAOS TARDINI;RENATO SANTO MICHELMANN;31/08/2026
1057571;193391;SUPERMERCADO SOL - JIAN;PAULO COSTA;31/08/2026
1057570;193390;SUPERMERCADO SOL - JIAN;PAULO COSTA;31/08/2026
1057567;192871;MERCADO PYRAMIDS;ERICK MOREIRA;31/08/2026
1057566;192912;B&M SUPERMERCADO;GUSTAVO GOMES;31/08/2026
1057563;193550;FAMILIA II SUPERMERCADO;GUSTAVO GOMES;31/08/2026
1057560;194753;COMERCIAL ESPERANCA ATACADO DISTRIBUIDOR;DANIEL CAMACHO;31/08/2026
1057559;193297;MINIMERCADO J. R. V.;JOSE ROBERTO DENIZIO;31/08/2026
1057554;193217;MERCADO OURO BRANCO;JOSE ROBERTO DENIZIO;31/08/2026
1057550;193219;MERCADO OURO BRANCO - PONTE RASA;JOSE ROBERTO DENIZIO;31/08/2026
1057549;193683;SUPERMERCADO ATIBAIA;RENATO SANTO MICHELMANN;31/08/2026
1057547;192736;BARBOSA - 45;RODOLFO QUERINO LUIZ - GERENTE DE AREA;31/08/2026
1057546;193327;BARBOSA - 44;RODOLFO QUERINO LUIZ - GERENTE DE AREA;31/08/2026
1057545;193529;BARBOSA - 43;RODOLFO QUERINO LUIZ - GERENTE DE AREA;31/08/2026
1057544;193026;BARBOSA - 42;RODOLFO QUERINO LUIZ - GERENTE DE AREA;31/08/2026
1057543;192734;BARBOSA - 41;RODOLFO QUERINO LUIZ - GERENTE DE AREA;31/08/2026
1057542;193229;BARBOSA - 40;RODOLFO QUERINO LUIZ - GERENTE DE AREA;31/08/2026
1057541;193214;BARBOSA - 39;RODOLFO QUERINO LUIZ - GERENTE DE AREA;31/08/2026
1057540;193399;BARBOSA - 38;RODOLFO QUERINO LUIZ - GERENTE DE AREA;31/08/2026
1057539;193278;BARBOSA - 37;RODOLFO QUERINO LUIZ - GERENTE DE AREA;31/08/2026
1057538;193385;BARBOSA - 36;NILCEIA AP DE SOUZA;31/08/2026
1057537;193172;BARBOSA - 35;RODOLFO QUERINO LUIZ - GERENTE DE AREA;31/08/2026
1057536;193356;BARBOSA - 33;RODOLFO QUERINO LUIZ - GERENTE DE AREA;31/08/2026
1057535;193351;BARBOSA - 31;RODOLFO QUERINO LUIZ - GERENTE DE AREA;31/08/2026
1057534;193642;BARBOSA - 29;RODOLFO QUERINO LUIZ - GERENTE DE AREA;31/08/2026
1057533;193269;BARBOSA - 28;RODOLFO QUERINO LUIZ - GERENTE DE AREA;31/08/2026
1057532;192847;BARBOSA - 26;RODOLFO QUERINO LUIZ - GERENTE DE AREA;31/08/2026
1057531;192845;BARBOSA - 24;RODOLFO QUERINO LUIZ - GERENTE DE AREA;31/08/2026
1057530;193559;BARBOSA - 23;RODOLFO QUERINO LUIZ - GERENTE DE AREA;31/08/2026
1057529;193186;BARBOSA - 21;RODOLFO QUERINO LUIZ - GERENTE DE AREA;31/08/2026
1057528;193323;BARBOSA - 20;RODOLFO QUERINO LUIZ - GERENTE DE AREA;31/08/2026
1057527;193174;BARBOSA - 19;RODOLFO QUERINO LUIZ - GERENTE DE AREA;31/08/2026
1057526;192837;BARBOSA - 18;NILCEIA AP DE SOUZA;31/08/2026
1057525;193225;BARBOSA - 16;NILCEIA AP DE SOUZA;31/08/2026
1057524;193227;BARBOSA - 15;NILCEIA AP DE SOUZA;31/08/2026
1057523;193222;BARBOSA - 14;NILCEIA AP DE SOUZA;31/08/2026
1057522;193220;BARBOSA - 12;NILCEIA AP DE SOUZA;31/08/2026
1057521;192844;BARBOSA - 11;RODOLFO QUERINO LUIZ - GERENTE DE AREA;31/08/2026
1057520;193040;BARBOSA - 10;RODOLFO QUERINO LUIZ - GERENTE DE AREA;31/08/2026
1057519;193193;BARBOSA - 09;RODOLFO QUERINO LUIZ - GERENTE DE AREA;31/08/2026
1057518;193325;BARBOSA - 08;RODOLFO QUERINO LUIZ - GERENTE DE AREA;31/08/2026
1057517;193358;BARBOSA - 05;RODOLFO QUERINO LUIZ - GERENTE DE AREA;31/08/2026
1057516;193274;BARBOSA - 04;RODOLFO QUERINO LUIZ - GERENTE DE AREA;31/08/2026
1057515;193621;BARBOSA - 03;RODOLFO QUERINO LUIZ - GERENTE DE AREA;31/08/2026
1057514;193486;BARBOSA - 02;RODOLFO QUERINO LUIZ - GERENTE DE AREA;31/08/2026
1057513;193485;BARBOSA - 01;RODOLFO QUERINO LUIZ - GERENTE DE AREA;31/08/2026
1057510;192864;RECANTO DOS FRIOS;INES MARTIN;31/08/2026
1057509;192959;VILLA BORGHESE - VILA MATIAS;JOSE SOARES;31/08/2026
1057508;193833;MERCADINHO NIKKO;JOSE ROBERTO DENIZIO;31/08/2026
1057507;192850;SUPERMERCADOS RECANTO DA ECONOMIA;FLAVIA SIQUEIRA;31/08/2026
1057505;192849;SUPERMERCADOS RECANTO DA ECONOMIA;FLAVIA SIQUEIRA;31/08/2026
1057504;193808;GOYOS BATA;RENATO SANTO MICHELMANN;31/08/2026
1057503;192865;RECANTO DOS FRIOS;INES MARTIN;31/08/2026
1057502;192875;PRECO MELHOR;ERICK MOREIRA;31/08/2026
1057500;193438;SETE SUPERMERCADO - LJ 01;OSNEY RICARDO;31/08/2026
1057499;193805;IRMAOS TARDINI;RENATO SANTO MICHELMANN;31/08/2026
1057496;192839;SUP CORREA - LUCIA REGINA 07;PAULO COSTA;31/08/2026
1057495;192960;TENNESSE - SAO VICENTE;RONILSON RIBEIRO;31/08/2026
1057492;192722;DISTRIBUIDORA MANFRIN;MARCELO GREGORIO;31/08/2026
1057491;197347;ROLDAO - PIRITUBA;CAIO VINICIUS AMORIM;31/08/2026
1057490;196142;ROLDAO - JANDIRA;CAIO VINICIUS AMORIM;31/08/2026
1057489;196242;ROLDAO - CUPECE;CAIO VINICIUS AMORIM;31/08/2026
1057488;192659;ROLDAO - SANTO AMARO;CAIO VINICIUS AMORIM;31/08/2026
1057487;197216;ROLDAO - ATIBAIA;CAIO VINICIUS AMORIM;31/08/2026
1057486;192544;ROLDAO - SOROCABA;CAIO VINICIUS AMORIM;31/08/2026
1057485;192929;ROLDAO - FRANCO DA ROCHA;CAIO VINICIUS AMORIM;31/08/2026
1057484;193365;ROLDAO - TIRADENTES;CAIO VINICIUS AMORIM;31/08/2026
1057483;196119;ROLDAO - PRAIA GRANDE;CAIO VINICIUS AMORIM;31/08/2026
1057482;195878;ROLDAO - MARECHAL TITO;CAIO VINICIUS AMORIM;31/08/2026
1057481;192935;ROLDAO - IPIRANGA;CAIO VINICIUS AMORIM;31/08/2026
1057480;196134;ROLDAO - VILA EMA;CAIO VINICIUS AMORIM;31/08/2026
1057479;195794;ROLDAO - GUARULHOS;CAIO VINICIUS AMORIM;31/08/2026
1057478;192548;ROLDAO - SALTO;CAIO VINICIUS AMORIM;31/08/2026
1057477;192859;ROLDAO - JUNDIAI;CAIO VINICIUS AMORIM;31/08/2026
1057476;193141;ROLDAO - SANTANA;CAIO VINICIUS AMORIM;31/08/2026
1057475;195753;ROLDAO - BONSUCESSO;CAIO VINICIUS AMORIM;31/08/2026
1057474;197097;ROLDAO - CAMPO LIMPO;CAIO VINICIUS AMORIM;31/08/2026
1057473;195673;ROLDAO - PRAIA GRANDE 02;CAIO VINICIUS AMORIM;31/08/2026
1057472;193167;ROLDAO - VALINHOS;CAIO VINICIUS AMORIM;31/08/2026
1057471;196941;ROLDAO - PIRITUBA 02;CAIO VINICIUS AMORIM;31/08/2026
1057470;196003;ROLDAO - PQ COLONIAL;CAIO VINICIUS AMORIM;31/08/2026
1057469;196016;ROLDAO - OSASCO;CAIO VINICIUS AMORIM;31/08/2026
1057468;192920;ROLDAO - SAO VICENTE;CAIO VINICIUS AMORIM;31/08/2026
1057467;195815;ROLDAO - INDAIATUBA;CAIO VINICIUS AMORIM;31/08/2026
1057466;195886;ROLDAO - MAUA;CAIO VINICIUS AMORIM;31/08/2026
1057465;192981;ROLDAO - JUNDIAI 02;CAIO VINICIUS AMORIM;31/08/2026
1057464;196043;ROLDAO - SANTOS VILA MATHIAS;CAIO VINICIUS AMORIM;31/08/2026
1057463;195548;ROLDAO - BUTANTA - MATRIZ;CAIO VINICIUS AMORIM;31/08/2026
1057462;196988;ROLDAO - ITU;CAIO VINICIUS AMORIM;31/08/2026
1057461;192686;ROLDAO - SANTO ANDRE 2;CAIO VINICIUS AMORIM;31/08/2026
1057460;196089;ROLDAO - MOOCA;CAIO VINICIUS AMORIM;31/08/2026
1057459;192524;ROLDAO - S JOSE CAMPOS;CAIO VINICIUS AMORIM;31/08/2026
1057458;196302;ROLDAO - OSASCO 02;CAIO VINICIUS AMORIM;31/08/2026
1057457;196571;ROLDAO - BRASILANDIA;CAIO VINICIUS AMORIM;31/08/2026
1057456;193101;ROLDAO - CAMPINAS;CAIO VINICIUS AMORIM;31/08/2026
1057455;196203;ROLDAO - FREGUESIA;CAIO VINICIUS AMORIM;31/08/2026
1057454;193430;GOOD BOM - 14;OSNEY RICARDO;31/08/2026
1057453;192957;A D F SOUZA - LJ 01;JOSE SOARES;31/08/2026
1057451;194004;COMERCIAL ZARAGOZA - CD TAUBATE;EDMILSON NUNES;31/08/2026
1057450;192492;COMERCIAL ZARAGOZA - CD TAUBATE;EDMILSON NUNES;31/08/2026
1057449;192806;SUPERMERCADO JVA - LJ 04;EDSON MALAGUTTI;31/08/2026
1057448;192805;SUPERMERCADO JVA - LJ 04;EDSON MALAGUTTI;31/08/2026
1057447;192958;VILLA BORGHESE - VILA MATIAS;JOSE SOARES;31/08/2026
1057446;193246;MERCADINHO NIKKO;JOSE ROBERTO DENIZIO;31/08/2026
1057443;192910;SHOPPER - CARANDIRU;JOSE ARTENCIO;31/08/2026
1057442;193435;VITORIA MAX (CAMPINAS);OSNEY RICARDO;31/08/2026
1057441;193436;VITORIA MAX (CAMPINAS);OSNEY RICARDO;31/08/2026
1057438;192463;COMERCIAL ZARAGOZA - CD TAUBATE;EDMILSON NUNES;31/08/2026
1057437;192420;BEM BARATO - 37;ERICK MOREIRA;31/08/2026
1057435;193267;MERCADO KIODAI - ITAPECERICA;ERICK MOREIRA;31/08/2026
1057434;193709;FRIGORIFICO PALADAR - GOVERNADOR VALADARES;ALEX MARTINS ALVARENGA ANDRADE;31/08/2026
1057433;193437;VITORIA MAX (CAMPINAS);OSNEY RICARDO;31/08/2026
1057432;193033;ARMAZEM NORDESTINO E PRODUTOS NATURAIS;MARIO MIZUKA;31/08/2026
1057431;193434;VITORIA MAX (CAMPINAS);OSNEY RICARDO;31/08/2026
1057429;192519;PAO DE ACUCAR - SP;EDMILSON NUNES;31/08/2026
1057428;192963;SHOPPER COMERCIO ALIMENTICIO - OSASCO;JOSE ARTENCIO;31/08/2026
1057427;192682;ATACADO DINIZ - LJ 02;EDSON MALAGUTTI;31/08/2026
1057426;194261;ROBERTO CARLOS SANTANA;JOSUE EVANGELISTA;31/08/2026
1057425;192680;COMFRIO NOVO CD MANIA DE CHURRASCO;EDVALDO DOS SANTOS PEREIRA;31/08/2026
1057424;192723;SHOPPER COMERCIO ALIMENTICIO - RIBEIRAO PRETO;JOSE ARTENCIO;31/08/2026
1057423;192762;SUPERMERCADO CORAL - LOJA 01;FRANCISCO ANACLETO;31/08/2026
1057422;193384;SUPERMERCADO PARQUE PAULISTA;FRANCISCO ANACLETO;31/08/2026
1057421;541;ASSAI - 326;FERNANDO VOLTERO;31/08/2026
1057420;540;ASSAI - 327;FERNANDO VOLTERO;31/08/2026
1057413;193285;VEND PERTO MACHINES;FLAVIA SIQUEIRA;31/08/2026
1057412;630;ASSAI - 336;FERNANDO VOLTERO;31/08/2026
1057411;573;ASSAI - 337;FERNANDO VOLTERO;31/08/2026
1057410;565;ASSAI  - 339;FERNANDO VOLTERO;31/08/2026
1057409;701;ASSAI - 351;FERNANDO VOLTERO;31/08/2026
1057408;642;ASSAI - 343;FERNANDO VOLTERO;31/08/2026
1057407;683;ASSAI - 349;FERNANDO VOLTERO;31/08/2026
1057406;587;ASSAI  - 350;FERNANDO VOLTERO;31/08/2026
1057405;542;ASSAI - 278;FERNANDO VOLTERO;31/08/2026
1057404;640;ASSAI - 279;FERNANDO VOLTERO;31/08/2026
1057403;688;ASSAI - 280;FERNANDO VOLTERO;31/08/2026
1057402;563;ASSAI - 285;FERNANDO VOLTERO;31/08/2026
1057401;545;ASSAI - 301;FERNANDO VOLTERO;31/08/2026
1057400;549;ASSAI - 303;FERNANDO VOLTERO;31/08/2026
1057399;559;ASSAI - 313;FERNANDO VOLTERO;31/08/2026
1057397;192765;SUPERMERCADO CORAL - LOJA 01;FRANCISCO ANACLETO;31/08/2026
1057396;636;ASSAI - 269;FERNANDO VOLTERO;31/08/2026
1057394;578;ASSAI - 272;FERNANDO VOLTERO;31/08/2026
1057393;661;ASSAI - 273;FERNANDO VOLTERO;31/08/2026
1057392;561;ASSAI - 274;FERNANDO VOLTERO;31/08/2026
1057391;632;ASSAI - 276;FERNANDO VOLTERO;31/08/2026
1057390;570;ASSAI - 275;FERNANDO VOLTERO;31/08/2026
1057388;546;ASSAI - 240;FERNANDO VOLTERO;31/08/2026
1057387;568;ASSAI - 244;FERNANDO VOLTERO;31/08/2026
1057386;617;ASSAI - 246;FERNANDO VOLTERO;31/08/2026
1057385;571;ASSAI - 254;FERNANDO VOLTERO;31/08/2026
1057384;603;ASSAI - 258;FERNANDO VOLTERO;31/08/2026
1057383;635;ASSAI - 265;FERNANDO VOLTERO;31/08/2026
1057382;624;ASSAI - 267;FERNANDO VOLTERO;31/08/2026
1057381;692;ASSAI - 199;FERNANDO VOLTERO;31/08/2026
1057380;548;ASSAI - 200;FERNANDO VOLTERO;31/08/2026
1057379;638;ASSAI - 203;FERNANDO VOLTERO;31/08/2026
1057378;681;ASSAI - 205;FERNANDO VOLTERO;31/08/2026
1057377;609;ASSAI - 208;FERNANDO VOLTERO;31/08/2026
1057376;623;ASSAI - 209;FERNANDO VOLTERO;31/08/2026
1057375;628;ASSAI - 157;FERNANDO VOLTERO;31/08/2026
1057374;589;ASSAI 161 - JARDIM ROSINA;FERNANDO VOLTERO;31/08/2026
1057373;653;ASSAI - 165;FERNANDO VOLTERO;31/08/2026
1057372;539;ASSAI - 174;FERNANDO VOLTERO;31/08/2026
1057371;566;ASSAI - 178;FERNANDO VOLTERO;31/08/2026
1057370;592;ASSAI - 137;FERNANDO VOLTERO;31/08/2026
1057369;659;ASSAI - 144;FERNANDO VOLTERO;31/08/2026
1057368;669;ASSAI - 148;FERNANDO VOLTERO;31/08/2026
1057367;585;ASSAI - 151;FERNANDO VOLTERO;31/08/2026
1057366;677;ASSAI - 153;FERNANDO VOLTERO;31/08/2026
1057365;552;ASSAI - 155;FERNANDO VOLTERO;31/08/2026
1057364;558;ASSAI - 156;FERNANDO VOLTERO;31/08/2026
1057360;192964;NARA ESPETINHO;CARLOS FERREIRA;31/08/2026
1057350;535;DA TERRINHA - FILIAL SP;VENDEDOR INTERNO;31/08/2026
1057349;192731;SUPER MERCADO SAO VICENTE;RAPHAEL COUTINHO ESPINDOLA;31/08/2026
1057347;192729;SAO VICENTE;RAPHAEL COUTINHO ESPINDOLA;31/08/2026
1057344;192955;BABALOO - MARAPE;JOSE SOARES;31/08/2026
1057343;193109;SUPERMERCADO REPRESA;JUAREZ COSTA;31/08/2026
1057342;193107;SUPERMERCADO REPRESA;JUAREZ COSTA;31/08/2026
1057341;193108;SUPERMERCADO REPRESA;JUAREZ COSTA;31/08/2026
1057340;193104;ORLANDO MORANDO - SUPERMERCADO MD - 03;JUAREZ COSTA;31/08/2026
1057338;193106;ORLANDO MORANDO - SUPERMERCADO MD - 03;JUAREZ COSTA;31/08/2026
1057337;193105;ORLANDO MORANDO - SUPERMERCADO MD - 03;JUAREZ COSTA;31/08/2026
1057336;193022;SUPERMERCADO DOS CASA;JUAREZ COSTA;31/08/2026
1057335;193024;SUPERMERCADO DOS CASA;JUAREZ COSTA;31/08/2026
1057334;192939;CIA DO WIISKY;ALEXANDRE VIANA;31/08/2026
1057333;193023;SUPERMERCADO DOS CASA;JUAREZ COSTA;31/08/2026
1057332;192866;SUPERMERCADO BARCELONA - SAO PAULO;INES MARTIN;31/08/2026
1057329;192968;JEAN MICHAEL PEREIRA;INES MARTIN;31/08/2026
1057328;193111;SUPERMERCADO BATISTINI;JUAREZ COSTA;31/08/2026
1057327;192868;TENNESSEE  - HELIOPOLIS;INES MARTIN;31/08/2026
1057326;193113;SUPERMERCADO BATISTINI;JUAREZ COSTA;31/08/2026
1057325;193299;MERCADO KIQUALY;INES MARTIN;31/08/2026
1057324;193112;SUPERMERCADO BATISTINI;JUAREZ COSTA;31/08/2026
1057323;193311;FENIX DISTRIBUIDORA;RODOLFO QUERINO LUIZ - GERENTE DE AREA;31/08/2026
1057322;193310;FENIX DISTRIBUIDORA;RODOLFO QUERINO LUIZ - GERENTE DE AREA;31/08/2026
1057320;192867;SUPERMERCADO BARCELONA - SAO PAULO;INES MARTIN;31/08/2026
1057319;193245;SM TAKARA PRUDENTE;ROBERTO HIROSHI SOGA;31/08/2026
1057318;626;ASSAI - 121;FERNANDO VOLTERO;31/08/2026
1057317;684;ASSAI - 123;FERNANDO VOLTERO;31/08/2026
1057316;556;ASSAI - 124;FERNANDO VOLTERO;31/08/2026
1057315;588;ASSAI - 126;FERNANDO VOLTERO;31/08/2026
1057314;591;ASSAI - 127;FERNANDO VOLTERO;31/08/2026
1057313;579;ASSAI  129 - VILA CASCATINHA;FERNANDO VOLTERO;31/08/2026
1057311;605;ASSAI - 86;FERNANDO VOLTERO;31/08/2026
1057310;554;ASSAI - 89;FERNANDO VOLTERO;31/08/2026
1057309;670;ASSAI - 94;FERNANDO VOLTERO;31/08/2026
1057308;575;ASSAI - 96;FERNANDO VOLTERO;31/08/2026
1057307;611;ASSAI - 104;FERNANDO VOLTERO;31/08/2026
1057306;614;ASSAI - 112;FERNANDO VOLTERO;31/08/2026
1057305;547;ASSAI - 73;FERNANDO VOLTERO;31/08/2026
1057304;671;ASSAI - 74;FERNANDO VOLTERO;31/08/2026
1057303;582;ASSAI - 85;FERNANDO VOLTERO;31/08/2026
1057302;192861;M CLOSET COMERCIAL;JOSIAS EVANGELISTA;31/08/2026
1057301;606;ASSAI - 60;FERNANDO VOLTERO;31/08/2026
1057300;538;ASSAI - 61;FERNANDO VOLTERO;31/08/2026
1057299;544;ASSAI - 63;FERNANDO VOLTERO;31/08/2026
1057298;595;ASSAI - 64;FERNANDO VOLTERO;31/08/2026
1057297;680;ASSAI - 68;FERNANDO VOLTERO;31/08/2026
1057293;193244;SM TAKARA PRUDENTE;ROBERTO HIROSHI SOGA;31/08/2026
1057292;193243;SM TAKARA PRUDENTE;ROBERTO HIROSHI SOGA;31/08/2026
1057290;193156;ULTRA MART ATACADO - LJ 02;ROBERTO HIROSHI SOGA;31/08/2026
1057287;193043;REDE PLUS F2;ROBERTO HIROSHI SOGA;31/08/2026
1057286;193041;SUP PIRITUBA;ROBERTO HIROSHI SOGA;31/08/2026
1057284;192842;REDE ALIANCA - PORTAL SUPERMERCADO;PAULO COSTA;31/08/2026
1057283;192841;REDE ALIANCA - PORTAL SUPERMERCADO;PAULO COSTA;31/08/2026
1057282;616;ASSAI - 24;FERNANDO VOLTERO;31/08/2026
1057281;551;ASSAI - 31;FERNANDO VOLTERO;31/08/2026
1057280;602;ASSAI - 58;FERNANDO VOLTERO;31/08/2026
1057279;650;ASSAI - 59;FERNANDO VOLTERO;31/08/2026
1057275;634;ASSAI - 38;FERNANDO VOLTERO;31/08/2026
1057273;593;ASSAI - 39;FERNANDO VOLTERO;31/08/2026
1057272;583;ASSAI - 45;FERNANDO VOLTERO;31/08/2026
1057271;598;ASSAI - 48;FERNANDO VOLTERO;31/08/2026
1057270;646;ASSAI - 49;FERNANDO VOLTERO;31/08/2026
1057269;192969;JEAN MICHAEL PEREIRA;INES MARTIN;31/08/2026
1057268;651;ASSAI - 53;FERNANDO VOLTERO;31/08/2026
1057267;648;ASSAI - 08;FERNANDO VOLTERO;31/08/2026
1057266;543;ASSAI - 14;FERNANDO VOLTERO;31/08/2026
1057265;613;ASSAI - 15;FERNANDO VOLTERO;31/08/2026
1057264;685;ASSAI - 16;FERNANDO VOLTERO;31/08/2026
1057263;654;ASSAI - 18;FERNANDO VOLTERO;31/08/2026
1057262;596;ASSAI - 17;FERNANDO VOLTERO;31/08/2026
1057259;196830;ASSAI - 157;FERNANDO VOLTERO;31/08/2026
1057258;197294;ASSAI - 240;FERNANDO VOLTERO;31/08/2026
1057254;193660;ATACADAO - 0125;EDIUILSON SILVA SERIO;31/08/2026
1057252;195859;ASSAI - 272;FERNANDO VOLTERO;31/08/2026
1057250;197251;ASSAI - 275;FERNANDO VOLTERO;31/08/2026
1057249;194501;ASSAI - 351;FERNANDO VOLTERO;31/08/2026
1057248;194707;ASSAI - 209;FERNANDO VOLTERO;31/08/2026
1057247;196410;ASSAI - 74;FERNANDO VOLTERO;31/08/2026
1057245;195471;ASSAI - 349;FERNANDO VOLTERO;31/08/2026
1057244;197350;ASSAI - 19;FERNANDO VOLTERO;31/08/2026
1057241;196623;ASSAI - 174;FERNANDO VOLTERO;31/08/2026
1057240;196320;ASSAI - 10;FERNANDO VOLTERO;31/08/2026
1057239;197525;ASSAI - 59;FERNANDO VOLTERO;31/08/2026
1057238;196618;ASSAI - 25;FERNANDO VOLTERO;31/08/2026
1057236;193980;ASSAI - 280;FERNANDO VOLTERO;31/08/2026
1057235;197782;ASSAI - 02;FERNANDO VOLTERO;31/08/2026
1057234;194901;ASSAI - 148;FERNANDO VOLTERO;31/08/2026
1057233;197597;ASSAI - 50;FERNANDO VOLTERO;31/08/2026
1057232;197699;ASSAI - 81;FERNANDO VOLTERO;31/08/2026
1057231;197281;ASSAI - 86;FERNANDO VOLTERO;31/08/2026
1057230;195064;ASSAI - 258;FERNANDO VOLTERO;31/08/2026
1057229;197257;ASSAI - 75;FERNANDO VOLTERO;31/08/2026
1057228;193891;ASSAI - 274;FERNANDO VOLTERO;31/08/2026
1057227;194273;ASSAI  - 350;FERNANDO VOLTERO;31/08/2026
1057226;194711;ASSAI - 208;FERNANDO VOLTERO;31/08/2026
1057225;194263;ASSAI - 273;FERNANDO VOLTERO;31/08/2026
1057224;196750;ASSAI - 49;FERNANDO VOLTERO;31/08/2026
1057223;197588;ASSAI - 151;FERNANDO VOLTERO;31/08/2026
1057222;196414;ASSAI - 246;FERNANDO VOLTERO;31/08/2026
1057221;193825;ASSAI - 156;FERNANDO VOLTERO;31/08/2026
1057220;192556;ASSAI - 124;FERNANDO VOLTERO;31/08/2026
1057219;197229;ASSAI - 32;FERNANDO VOLTERO;31/08/2026
1057218;195228;ASSAI - 233;FERNANDO VOLTERO;31/08/2026
1057216;196656;ASSAI - 123;FERNANDO VOLTERO;31/08/2026
1057215;197269;ASSAI - 149;FERNANDO VOLTERO;31/08/2026
1057214;195520;ASSAI 281;FERNANDO VOLTERO;31/08/2026
1057212;195234;ASSAI - 58;FERNANDO VOLTERO;31/08/2026
1057211;195953;ASSAI - 89;FERNANDO VOLTERO;31/08/2026
1057209;193860;ASSAI - 265;FERNANDO VOLTERO;31/08/2026
1057208;197772;ASSAI - 18;FERNANDO VOLTERO;31/08/2026
1057207;197791;ASSAI - 64;FERNANDO VOLTERO;31/08/2026
1057206;195564;ASSAI - 63;FERNANDO VOLTERO;31/08/2026
1057205;197366;ASSAI - 09;FERNANDO VOLTERO;31/08/2026
1057203;197688;ASSAI - 254;FERNANDO VOLTERO;31/08/2026
1057202;196374;ASSAI - 285;FERNANDO VOLTERO;31/08/2026
1057201;196996;ASSAI - 20;FERNANDO VOLTERO;31/08/2026
1057199;197330;ASSAI - 282;FERNANDO VOLTERO;31/08/2026
1057198;197708;ASSAI - 15;FERNANDO VOLTERO;31/08/2026
1057197;193884;ASSAI  - 339;FERNANDO VOLTERO;31/08/2026
1057196;195002;ASSAI - 104;FERNANDO VOLTERO;31/08/2026
1057195;196766;ASSAI - 60;FERNANDO VOLTERO;31/08/2026
1057194;197157;ASSAI - 178;FERNANDO VOLTERO;31/08/2026
1057193;195649;ASSAI - 337;FERNANDO VOLTERO;31/08/2026
1057192;193929;ASSAI - 279;FERNANDO VOLTERO;31/08/2026
1057191;194276;ASSAI - 205;FERNANDO VOLTERO;31/08/2026
1057190;196554;ASSAI 354;FERNANDO VOLTERO;31/08/2026
1057189;197110;ASSAI - 167;FERNANDO VOLTERO;31/08/2026
1057188;195856;ASSAI - 155;FERNANDO VOLTERO;31/08/2026
1057186;197467;ASSAI  129 - VILA CASCATINHA;FERNANDO VOLTERO;31/08/2026
1057184;193650;ASSAI - 313;FERNANDO VOLTERO;31/08/2026
1057183;195920;ASSAI - 127;FERNANDO VOLTERO;31/08/2026
1057182;193887;ASSAI - 269;FERNANDO VOLTERO;31/08/2026
1057181;196620;ASSAI - 61;FERNANDO VOLTERO;31/08/2026
1057180;193856;ASSAI - 336;FERNANDO VOLTERO;31/08/2026
1057179;194196;ASSAI 260 - MOOCA;FERNANDO VOLTERO;31/08/2026
1057178;194488;ASSAI - 267;FERNANDO VOLTERO;31/08/2026
1057177;197029;ASSAI - 68;FERNANDO VOLTERO;31/08/2026
1057176;194149;ASSAI - 343;FERNANDO VOLTERO;31/08/2026
1057175;193781;ASSAI - 01;FERNANDO VOLTERO;31/08/2026
1057172;194960;ASSAI - 85;FERNANDO VOLTERO;31/08/2026
1057171;197154;ASSAI - 303;FERNANDO VOLTERO;31/08/2026
1057170;196280;ASSAI - 53;FERNANDO VOLTERO;31/08/2026
1057169;195683;ASSAI - 137;FERNANDO VOLTERO;31/08/2026
1057165;197200;ASSAI - 45;FERNANDO VOLTERO;31/08/2026
1057164;197807;ASSAI - 312;FERNANDO VOLTERO;31/08/2026
1057162;195790;ASSAI - 153;FERNANDO VOLTERO;31/08/2026
1057161;196715;ASSAI - 295 ITATIBA;FERNANDO VOLTERO;31/08/2026
1057160;196786;ASSAI - 244;FERNANDO VOLTERO;31/08/2026
1057159;195784;ASSAI - 154;FERNANDO VOLTERO;31/08/2026
1057158;194340;ASSAI - 276;FERNANDO VOLTERO;31/08/2026
1057155;197747;ASSAI - 271;FERNANDO VOLTERO;31/08/2026
1057154;196821;ASSAI - 166;FERNANDO VOLTERO;31/08/2026
1057153;193908;ASSAI - 203;FERNANDO VOLTERO;31/08/2026
1057152;196619;ASSAI - 278;FERNANDO VOLTERO;31/08/2026
1057150;192356;ANDORINHA;DANIEL CAMACHO;31/08/2026
1057146;192768;DOMICILI INDUSTRIA CESTA BASICA E NATAL;CLAUDIO AKIO SOGA;31/08/2026
1057145;192732;MERCADOS BAIRRISTA;RAPHAEL COUTINHO ESPINDOLA;31/08/2026
1057144;193176;CASA DE CARNES D & F;JOSE ARTENCIO - AS;31/08/2026
1057143;192372;VALTER PINHEIRO;VALTER PINHEIRO;31/08/2026
1057141;192948;JOSI HORTI FRUTI - LJ 01;CLAUDIO AKIO SOGA;31/08/2026
1057140;192936;CIA DO WIISKY;ALEXANDRE VIANA;31/08/2026
1057139;192947;JOSI HORTIFRUTI - LJ 02;CLAUDIO AKIO SOGA;31/08/2026
1057137;192733;MERCADOS BAIRRISTA;RAPHAEL COUTINHO ESPINDOLA;31/08/2026
1057136;192769;DOMICILI INDUSTRIA CESTA BASICA E NATAL;CLAUDIO AKIO SOGA;31/08/2026
1057135;192637;BEM BARATO - 26;KELVIN;31/08/2026
1057128;195789;RECANTO DA BENCAO;TELEVENDAS - DA TERRINHA;31/08/2026
1057123;193738;MERCADINHO RAIO DO SOL;JOSE ARTENCIO - AS;31/08/2026
1057122;193191;NOSSO EMPÓRIO;CARLOS FERREIRA;31/08/2026
1057121;192911;AGATE SUPERMERCADO MEDEIROS;CARLOS FERREIRA;31/08/2026
1057120;193280;MERCADO MARISTELA;CARLOS FERREIRA;31/08/2026
1057119;193276;SUPERMERCADO PARANAENSE;CARLOS FERREIRA;31/08/2026
1057118;193360;SOLAR;CARLOS FERREIRA;31/08/2026
1057117;193281;MERCADO MARISTELA;CARLOS FERREIRA;31/08/2026
1057116;193275;SUPERMERCADO PARANAENSE;CARLOS FERREIRA;31/08/2026
1057115;193188;CENTER CARNES MIEKO - LJ 2;CARLOS FERREIRA;31/08/2026
1057114;193189;CENTER CARNES MIEKO - LJ 2;CARLOS FERREIRA;31/08/2026
1057113;194103;SUPERMERCADO CATANDUVA;LEANDRO GOLDINHO LOPES;31/08/2026
1057112;196008;SUPERMERCADO CATANDUVA;LEANDRO GOLDINHO LOPES;31/08/2026
1057111;194102;SUPERMERCADO CATANDUVA;LEANDRO GOLDINHO LOPES;31/08/2026
1057110;40630;ASSAI  - CD PACIENCIA;JOSE AUGUSTO;31/08/2026
1057109;193110;SUPERMERCADO REPRESA;JUAREZ COSTA;31/08/2026
1057108;193661;ALIANZA COMERCIO;JOSUE EVANGELISTA;31/08/2026
1057106;192778;M CLOSET COMERCIAL;JOSIAS EVANGELISTA;31/08/2026
1057105;193027;MERCADINHO D MAE;CLAUDIO AKIO SOGA;31/08/2026
1057104;193028;MERCADINHO D MAE;CLAUDIO AKIO SOGA;31/08/2026
1057103;193029;MERCADINHO D MAE;CLAUDIO AKIO SOGA;31/08/2026
1057102;192744;BAEPI BOM PREÇO;SEBASTIAO FERNANDES;31/08/2026
1057101;194279;SUPER MERCADO SAO ROQUE CD;PAULO COSTA;31/08/2026
1057100;192743;BAEPI BOM PREÇO;SEBASTIAO FERNANDES;31/08/2026
1057097;193658;COMPRE FACIL;MARCELO GREGORIO;31/08/2026
1057096;193975;COMPRE FACIL;MARCELO GREGORIO;31/08/2026
1057094;193350;KS TWO COMERCIAL E DISTRIBUIDORA;VALTER AMARAL MACHADO;31/08/2026
1057092;192956;BABALOO - MARAPE;JOSE SOARES;31/08/2026
1057058;194101;SUPERMERCADO CATANDUVA;LEANDRO GOLDINHO LOPES;31/08/2026
1057057;196007;SUPERMERCADO CATANDUVA;LEANDRO GOLDINHO LOPES;31/08/2026
1057049;193032;MERCADINHO D MAE;CLAUDIO AKIO SOGA;30/08/2026
1057047;193030;MERCADINHO D MAE;CLAUDIO AKIO SOGA;30/08/2026
1057046;193031;MERCADINHO D MAE;CLAUDIO AKIO SOGA;30/08/2026
1057045;192945;SM SUBLIME - LOJA 01;CLAUDIO AKIO SOGA;30/08/2026
1057044;192944;SM SUBLIME - LOJA 01;CLAUDIO AKIO SOGA;30/08/2026
1057043;192923;SM SUBLIME - LOJA 03;CLAUDIO AKIO SOGA;30/08/2026
1057042;192921;SM SUBLIME - LOJA 03;CLAUDIO AKIO SOGA;30/08/2026
1057041;192664;LIQUEEN - FANTON;CLAUDIO AKIO SOGA;30/08/2026
1057040;192666;LIQUEEN - PERUS;CLAUDIO AKIO SOGA;30/08/2026
1057039;194662;FEDERZONI - 01;CLAUDIO AKIO SOGA;30/08/2026
1057038;194659;FEDERZONI - 02;CLAUDIO AKIO SOGA;30/08/2026
1057037;195265;FEDERZONI - 04;CLAUDIO AKIO SOGA;30/08/2026
1057036;195264;FEDERZONI - 05;CLAUDIO AKIO SOGA;30/08/2026
1057035;194663;FEDERZONI - 06;CLAUDIO AKIO SOGA;30/08/2026
1057034;193190;CENTER CARNES MIEKO - LJ 2;CARLOS FERREIRA;30/08/2026
1057033;193620;PIT STOP SEM FRESCURA;JOSE ROBERTO DENIZIO;30/08/2026
1057032;192667;LIQUEEN - PERUS;CLAUDIO AKIO SOGA;30/08/2026
1057031;192665;LIQUEEN - FANTON;CLAUDIO AKIO SOGA;30/08/2026
1057030;193321;SANZITO SUPERMERCADO - LOJA 2;CARLOS FERREIRA;30/08/2026
1057029;193272;SOU CESTAS;CARLOS FERREIRA;30/08/2026
1057028;193069;SUPERMERCADOS SUPER MAIS - LOJA 02;CLAUDIO AKIO SOGA;30/08/2026
1057027;192815;AGATE SUPERMERCADO MEDEIROS;CARLOS FERREIRA;30/08/2026
1057025;193192;NOSSO EMPÓRIO;CARLOS FERREIRA;30/08/2026
1057024;192922;SM SUBLIME - LOJA 03;CLAUDIO AKIO SOGA;30/08/2026
1057023;192946;SM SUBLIME - LOJA 01;CLAUDIO AKIO SOGA;30/08/2026
1056976;192872;MERCADINHO SANTOS;WAGNER DA SILVA LIMA;29/08/2026
1056975;193428;SACOLAO CRE;CAROLINA DOS SANTOS ROCHA;29/08/2026
1056974;193302;MERCADO BEM COMPRA;CAROLINA DOS SANTOS ROCHA;29/08/2026
1056973;192737;BARBOSA - 45;RODOLFO QUERINO LUIZ - GERENTE DE AREA;29/08/2026
1056972;193326;BARBOSA - 44;RODOLFO QUERINO LUIZ - GERENTE DE AREA;29/08/2026
1056971;193087;BARBOSA - 43;RODOLFO QUERINO LUIZ - GERENTE DE AREA;29/08/2026
1056970;193025;BARBOSA - 42;RODOLFO QUERINO LUIZ - GERENTE DE AREA;29/08/2026
1056969;192735;BARBOSA - 41;RODOLFO QUERINO LUIZ - GERENTE DE AREA;29/08/2026
1056968;193228;BARBOSA - 40;RODOLFO QUERINO LUIZ - GERENTE DE AREA;29/08/2026
1056967;193215;BARBOSA - 39;RODOLFO QUERINO LUIZ - GERENTE DE AREA;29/08/2026
1056966;193400;BARBOSA - 38;RODOLFO QUERINO LUIZ - GERENTE DE AREA;29/08/2026
1056965;193279;BARBOSA - 37;RODOLFO QUERINO LUIZ - GERENTE DE AREA;29/08/2026
1056964;193386;BARBOSA - 36;NILCEIA AP DE SOUZA;29/08/2026
1056963;193173;BARBOSA - 35;RODOLFO QUERINO LUIZ - GERENTE DE AREA;29/08/2026
1056962;193357;BARBOSA - 33;RODOLFO QUERINO LUIZ - GERENTE DE AREA;29/08/2026
1056961;192938;BARBOSA - 31;RODOLFO QUERINO LUIZ - GERENTE DE AREA;29/08/2026
1056960;192648;BARBOSA - 29;RODOLFO QUERINO LUIZ - GERENTE DE AREA;29/08/2026
1056959;192647;BARBOSA - 28;RODOLFO QUERINO LUIZ - GERENTE DE AREA;29/08/2026
1056958;192848;BARBOSA - 26;RODOLFO QUERINO LUIZ - GERENTE DE AREA;29/08/2026
1056957;192846;BARBOSA - 24;RODOLFO QUERINO LUIZ - GERENTE DE AREA;29/08/2026
1056956;192937;BARBOSA - 23;RODOLFO QUERINO LUIZ - GERENTE DE AREA;29/08/2026
1056955;193187;BARBOSA - 21;RODOLFO QUERINO LUIZ - GERENTE DE AREA;29/08/2026
1056954;193322;BARBOSA - 20;RODOLFO QUERINO LUIZ - GERENTE DE AREA;29/08/2026
1056953;193175;BARBOSA - 19;RODOLFO QUERINO LUIZ - GERENTE DE AREA;29/08/2026
1056952;192836;BARBOSA - 18;NILCEIA AP DE SOUZA;29/08/2026
1056951;193224;BARBOSA - 16;NILCEIA AP DE SOUZA;29/08/2026
1056950;193226;BARBOSA - 15;NILCEIA AP DE SOUZA;29/08/2026
1056949;193223;BARBOSA - 14;NILCEIA AP DE SOUZA;29/08/2026
1056948;193221;BARBOSA - 12;NILCEIA AP DE SOUZA;29/08/2026
1056947;192843;BARBOSA - 11;RODOLFO QUERINO LUIZ - GERENTE DE AREA;29/08/2026
1056946;193013;BARBOSA - 10;RODOLFO QUERINO LUIZ - GERENTE DE AREA;29/08/2026
1056945;193194;BARBOSA - 09;RODOLFO QUERINO LUIZ - GERENTE DE AREA;29/08/2026
1056944;193324;BARBOSA - 08;RODOLFO QUERINO LUIZ - GERENTE DE AREA;29/08/2026
1056943;192924;BARBOSA - 06;RODOLFO QUERINO LUIZ - GERENTE DE AREA;29/08/2026
1056942;193359;BARBOSA - 05;RODOLFO QUERINO LUIZ - GERENTE DE AREA;29/08/2026
1056941;193273;BARBOSA - 04;RODOLFO QUERINO LUIZ - GERENTE DE AREA;29/08/2026
1056940;192943;BARBOSA - 03;RODOLFO QUERINO LUIZ - GERENTE DE AREA;29/08/2026
1056939;193254;BARBOSA - 02;RODOLFO QUERINO LUIZ - GERENTE DE AREA;29/08/2026
1056938;192892;BARBOSA - 01;RODOLFO QUERINO LUIZ - GERENTE DE AREA;29/08/2026
1056937;193577;PRATICO SUPERMERCADO - LJ 05;RONILSON RIBEIRO;29/08/2026
1056936;193147;PRATICO SUPERMERCADO - LJ 08;RONILSON RIBEIRO;29/08/2026
1056935;192693;PRATICO SUPERMERCADO - LJ 12;RONILSON RIBEIRO;29/08/2026
1056934;193575;PRATICO SUPERMERCADO - LJ 07;RONILSON RIBEIRO;29/08/2026
1056933;193634;SUPERMERCADO NOVA ONDA;RONILSON RIBEIRO;29/08/2026
1056932;193500;SUPERMERCADO DLA;AROLDO BATISTA SANTOS;29/08/2026
1056931;193014;COMERCIAL TAKARA PIRITUBA;CLAUDIO AKIO SOGA;29/08/2026
1056930;193092;URCA ATACADISTA - GUARULHOS;CLAUDIO AKIO SOGA;29/08/2026
1056929;192818;URCA ATACADISTA - JACANA;CLAUDIO AKIO SOGA;29/08/2026
1056928;192893;TAKARA & CIA;CLAUDIO AKIO SOGA;29/08/2026
1056927;193019;REDE PLUS SUPERMERCADOS;CLAUDIO AKIO SOGA;29/08/2026
1056926;192670;TAKARA MUTINGA;CLAUDIO AKIO SOGA;29/08/2026
1056925;192669;TAKARA MUTINGA;CLAUDIO AKIO SOGA;29/08/2026
1056924;192895;TAKARA & CIA;CLAUDIO AKIO SOGA;29/08/2026
1056897;193018;EMPORIO BRASILANDIA;CLAUDIO AKIO SOGA;28/08/2026
1056896;193017;EMPORIO BRASILANDIA;CLAUDIO AKIO SOGA;28/08/2026
1056895;192896;REDE PLUS L9;CLAUDIO AKIO SOGA;28/08/2026
1056894;193015;COMERCIAL TAKARA PIRITUBA;CLAUDIO AKIO SOGA;28/08/2026
1056893;193016;COMERCIAL TAKARA PIRITUBA;CLAUDIO AKIO SOGA;28/08/2026
1056892;192668;TAKARA MUTINGA;CLAUDIO AKIO SOGA;28/08/2026
1056891;193021;REDE PLUS SUPERMERCADOS;CLAUDIO AKIO SOGA;28/08/2026
1056890;193020;REDE PLUS SUPERMERCADOS;CLAUDIO AKIO SOGA;28/08/2026
1056889;192898;TAKARA & CIA;CLAUDIO AKIO SOGA;28/08/2026
1056888;193042;TAKARA & CIA;CLAUDIO AKIO SOGA;28/08/2026
1056887;192820;MAX HORTI FRUTI;CLAUDIO AKIO SOGA;28/08/2026
1056886;193093;URCA ATACADISTA - GUARULHOS;CLAUDIO AKIO SOGA;28/08/2026
1056885;192819;URCA ATACADISTA - JACANA;CLAUDIO AKIO SOGA;28/08/2026
1056884;192824;IPANEMA - LJ 03;CLAUDIO AKIO SOGA;28/08/2026
1056883;192904;IPANEMA - LJ 02;CLAUDIO AKIO SOGA;28/08/2026
1056882;192897;DISTRIBUIDORA PRATA;CLAUDIO AKIO SOGA;28/08/2026
1056881;192940;URCA ATACADISTA - LIMOEIRO;CLAUDIO AKIO SOGA;28/08/2026
1056880;192941;URCA ATACADISTA - LIMOEIRO;CLAUDIO AKIO SOGA;28/08/2026
1056879;192894;DISTRIBUIDORA PRATA;CLAUDIO AKIO SOGA;28/08/2026
1056878;193335;SUPERMERCADO DLA;AROLDO BATISTA SANTOS;28/08/2026
1056877;192901;IPANEMA - LJ 02;CLAUDIO AKIO SOGA;28/08/2026
1056876;192825;IPANEMA - LJ 03;CLAUDIO AKIO SOGA;28/08/2026
1056875;192942;BEM BARATO - 36;KELVIN;28/08/2026
1056874;192826;IPANEMA - LJ 03;CLAUDIO AKIO SOGA;28/08/2026
1056873;192747;MERCADO GIMA - 02;SEBASTIAO FERNANDES;28/08/2026
1056872;192746;MERCADO GIMA - 01;SEBASTIAO FERNANDES;28/08/2026
1056870;192738;LATICINIOS LITORAL NORTE - MARANDUBA;SEBASTIAO FERNANDES;28/08/2026
1056869;193072;QUATRO IRMAOS - 04;CLAUDIO AKIO SOGA;28/08/2026
1056868;192902;IPANEMA - LJ 02;CLAUDIO AKIO SOGA;28/08/2026
1056866;192903;IPANEMA - LJ 02;CLAUDIO AKIO SOGA;28/08/2026
1056865;192827;IPANEMA  - LJ 01;CLAUDIO AKIO SOGA;28/08/2026
1056864;192828;IPANEMA  - LJ 01;CLAUDIO AKIO SOGA;28/08/2026
1056863;192829;IPANEMA  - LJ 01;CLAUDIO AKIO SOGA;28/08/2026
1056862;193633;SUPERMERCADO NOVA ONDA;RONILSON RIBEIRO;28/08/2026
1056861;193070;QUATRO IRMAOS - 04;CLAUDIO AKIO SOGA;28/08/2026
1056860;193576;PRATICO SUPERMERCADO - LJ 07;RONILSON RIBEIRO;28/08/2026
1056859;193578;PRATICO SUPERMERCADO - LJ 05;RONILSON RIBEIRO;28/08/2026
1056858;193148;PRATICO SUPERMERCADO - LJ 08;RONILSON RIBEIRO;28/08/2026
1056857;192694;PRATICO SUPERMERCADO - LJ 12;RONILSON RIBEIRO;28/08/2026
1056856;192961;BEM BARATO - 37;KELVIN;28/08/2026
1056855;193150;SUPERMERCADO BABA - LJ 24;RONILSON RIBEIRO;28/08/2026
1056854;193635;SUPERMERCADO FIGUEROA - LJ 23;RONILSON RIBEIRO;28/08/2026
1056853;193149;SUPERMERCADO BABA - LJ 24;RONILSON RIBEIRO;28/08/2026
1056851;193255;MERCADINHO RIBEIRO;CLAUDIO AKIO SOGA;28/08/2026
1056850;193230;PORTO SEGURO - 03;LEANDRO GOLDINHO LOPES;28/08/2026
1056849;192681;COMFRIO NOVO CD MANIA DE CHURRASCO;EDVALDO DOS SANTOS PEREIRA;28/08/2026
1056848;192726;DAOLIO - LJ 01;RENATO SANTO MICHELMANN;28/08/2026
1056847;193120;JVM ALIMENTOS;EDSON MALAGUTTI;28/08/2026
1056846;193402;SUPERMERCADO LOS HERMANOS;CAROLINA DOS SANTOS ROCHA;28/08/2026
1056845;193403;SUPERMERCADO LOS HERMANOS;CAROLINA DOS SANTOS ROCHA;28/08/2026
1056844;193180;DAFS;CELSO NUNES TEIXEIRA;28/08/2026
1056843;193181;DAFS;CELSO NUNES TEIXEIRA;28/08/2026
1056841;15197;CELER GLOBAL TRADING;FERNANDO ARRUDA;28/08/2026
1056840;193119;JVM ALIMENTOS;EDSON MALAGUTTI;28/08/2026
1056839;193401;SUPERMERCADO LOS HERMANOS;CAROLINA DOS SANTOS ROCHA;28/08/2026
1056837;192662;RAIZS ORGANICOS;CAROLINA DOS SANTOS ROCHA;28/08/2026
1056836;192877;MERCADINHO TUDO D BOM;CAROLINA DOS SANTOS ROCHA;28/08/2026
1056835;193301;ALL SEASONS RESTAURANT;CAROLINA DOS SANTOS ROCHA;28/08/2026
1056834;193298;ALL SEASONS RESTAURANT;CAROLINA DOS SANTOS ROCHA;28/08/2026
1056833;192876;MERCADINHO TUDO D BOM;CAROLINA DOS SANTOS ROCHA;28/08/2026
1056832;192676;JD IDEAL COMERCIO DE ALIMENTOS;CAROLINA DOS SANTOS ROCHA;28/08/2026
1056831;192677;JD IDEAL COMERCIO DE ALIMENTOS;CAROLINA DOS SANTOS ROCHA;28/08/2026
1056830;192830;SUPERMERCADO CARIOCA;CAROLINA DOS SANTOS ROCHA;28/08/2026
1056829;192831;SUPERMERCADO CARIOCA;CAROLINA DOS SANTOS ROCHA;28/08/2026
1056828;192967;MERCADO NOVA GERACAO - CISPER;FLAVIA SIQUEIRA;28/08/2026
1056827;193347;SUPERMERCADOS PRECO IDEAL - 01;FLAVIA SIQUEIRA;28/08/2026
1056826;192515;PARATY;FRANCISCO DUARTE - LUIZ DUARTE;28/08/2026
1056825;193345;OXAN ATACADISTA;AROLDO BATISTA SANTOS;28/08/2026
1056824;192745;LATICINIOS LITORAL NORTE - TOPOLANDIA;SEBASTIAO FERNANDES;28/08/2026
1056823;192741;LATICINIOS LITORAL NORTE - PRAIA DAS PALMEIRAS;SEBASTIAO FERNANDES;28/08/2026
1056822;192740;LATICINIOS LITORAL NORTE - MARANDUBA;SEBASTIAO FERNANDES;28/08/2026
1056821;192496;PAO DE ACUCAR - SP;EDMILSON NUNES;28/08/2026
1056820;192518;PAO DE ACUCAR - SP;EDMILSON NUNES;28/08/2026
1056819;193051;MERCADO PANORAMA;SILVANO ARRUDA;28/08/2026
1056818;193346;SUPERMERCADOS PRECO IDEAL - 02;FLAVIA SIQUEIRA;28/08/2026
1056817;193204;COMERCIAL ZARAGOZA;EDMILSON NUNES;28/08/2026
1056816;192724;DAOLIO - LJ 03;RENATO SANTO MICHELMANN;28/08/2026
1056815;192679;HIROTA EXPRESS - CD 98;GILMERIO QUEIROZ - GERENTE DE AREA;28/08/2026
1056814;192725;DAOLIO - LJ 04;RENATO SANTO MICHELMANN;28/08/2026
1056813;192728;DAOLIO - LJ 05;RENATO SANTO MICHELMANN;28/08/2026
1056812;193348;OXAN ATACADISTA;AROLDO BATISTA SANTOS;28/08/2026
1056811;192516;PARATY;FRANCISCO DUARTE - LUIZ DUARTE;28/08/2026
1056810;193349;SUPERMERCADOS PRECO IDEAL - 01;FLAVIA SIQUEIRA;28/08/2026
1056807;193205;COMERCIAL ZARAGOZA - VOLTA REDONDA;EDMILSON NUNES;28/08/2026
1056806;192727;DAOLIO - LJ 01;RENATO SANTO MICHELMANN;28/08/2026
1056805;192742;LATICINIOS LITORAL NORTE - MARTIM DE SA;SEBASTIAO FERNANDES;28/08/2026
1056804;193710;SUPERMERCADO 2B LTDA;HELIO FABIO;28/08/2026
1056802;192517;OTIMO SUPERMERCADO;FRANCISCO DUARTE - LUIZ DUARTE;28/08/2026
1056801;192313;PORTO SEGURO - 04;LEANDRO GOLDINHO LOPES;28/08/2026
1056799;192717;MERCADO GIMA - 02;SEBASTIAO FERNANDES;28/08/2026
1056798;192993;SERV LAR;MARCELO GREGORIO;28/08/2026
1056797;193398;SUPERMERCADO IRMAOS NOGUEIRA;PAULO COSTA;28/08/2026
1056796;193397;SUPERMERCADO IRMAOS NOGUEIRA;PAULO COSTA;28/08/2026
1056795;192716;MERCADO GIMA - 04;SEBASTIAO FERNANDES;28/08/2026
1056794;192525;HIROTA EXPRESS - CD 98;GILMERIO QUEIROZ - GERENTE DE AREA;28/08/2026
1056793;192718;MERCADO GIMA - 01;SEBASTIAO FERNANDES;28/08/2026
1056791;192118;ANDORINHA;DANIEL CAMACHO;28/08/2026
1056789;192862;M CLOSET COMERCIAL;JOSIAS EVANGELISTA;28/08/2026
1056787;192863;M CLOSET COMERCIAL;JOSIAS EVANGELISTA;28/08/2026
1056786;192514;TOP DAS OFERTAS - BAETA NEVES;FRANCISCO DUARTE - LUIZ DUARTE;28/08/2026
1056785;192513;TOP DAS OFERTAS - BAETA NEVES;FRANCISCO DUARTE - LUIZ DUARTE;28/08/2026
1056784;192926;MERCADO FONTE NOVA BELA VISTA;FELIPE GOMES;28/08/2026
1056783;193257;FONTE NOVA - 13;FELIPE GOMES;28/08/2026
1056782;192950;FONTE NOVA - 01;FELIPE GOMES;28/08/2026
1056781;192949;FONTE NOVA - 02;FELIPE GOMES;28/08/2026
1056780;192954;FONTE NOVA - 03;FELIPE GOMES;28/08/2026
1056777;192485;RMG COMERCIO DE ALIMENTOS - LJ 11;JOSE SOARES;28/08/2026
1056776;192486;RMG COMERCIO DE ALIMENTOS - LJ 11;JOSE SOARES;28/08/2026
1056773;192528;TOP DAS OFERTAS - VILA CURUCA;FRANCISCO DUARTE - LUIZ DUARTE;28/08/2026
1056771;192529;TOP DAS OFERTAS - VILA CURUCA;FRANCISCO DUARTE - LUIZ DUARTE;28/08/2026
1056770;192530;TOP DAS OFERTAS - SILVEIRA;FRANCISCO DUARTE - LUIZ DUARTE;28/08/2026
1056768;192531;TOP DAS OFERTAS - SILVEIRA;FRANCISCO DUARTE - LUIZ DUARTE;28/08/2026
1056766;192623;IPAMAR COMERCIAL;JULIANA TRISTAO;28/08/2026
1056764;193419;CHARLES SANDER GIGLIO;JOSE NETO DOS SANTOS MENEZES;28/08/2026
1056763;192487;RMG COMERCIO DE ALIMENTOS - LJ 11;JOSE SOARES;28/08/2026
1056762;192992;SERV LAR;MARCELO GREGORIO;28/08/2026
1056761;193420;SUPERMERCADO OFERTAO SI;JOSE NETO DOS SANTOS MENEZES;28/08/2026
1056759;191991;PAO DE ACUCAR - SP;EDMILSON NUNES;28/08/2026
1056757;193271;ROLIM DE FREITAS & CIA;PAULO COSTA;28/08/2026
1056755;192997;SUPERMERCADO TIBA - BOA ESPERANCA;DAIANE CRISTINA DE OLIVEIRA;28/08/2026
1056754;193123;MERCADO MATTOS;EDSON MALAGUTTI;28/08/2026
1056752;192990;SUPERMERCADO TIBA - ITALAIA;DAIANE CRISTINA DE OLIVEIRA;28/08/2026
1056751;193393;BOM LUGAR LJ 45 - ARACOIABA;PAULO COSTA;28/08/2026
1056750;192838;BOM LUGAR - 14;PAULO COSTA;28/08/2026
1056749;192887;BOM LUGAR - 14;PAULO COSTA;28/08/2026
1056748;192532;LOURENCINI - LJ 10;JOSE GOMES DOS S.;28/08/2026
1056747;192971;MATHEUS PRESENTE - JD SAO GABRIEL;JOSE GOMES DOS S.;28/08/2026
1056746;192970;MATHEUS PRESENTE - JD SAO GABRIEL;JOSE GOMES DOS S.;28/08/2026
1056744;193392;BOM LUGAR LJ 45 - ARACOIABA;PAULO COSTA;28/08/2026
1056742;192312;MERCADO PANORAMA;SILVANO ARRUDA;28/08/2026
1056741;192991;SUPERMERCADO TIBA - ITALAIA;DAIANE CRISTINA DE OLIVEIRA;28/08/2026
1056739;192534;LOURENCINI - LJ 10;JOSE GOMES DOS S.;28/08/2026
1056738;192533;LOURENCINI - LJ 10;JOSE GOMES DOS S.;28/08/2026
1056737;192996;SUPERMERCADO TIBA - BOA ESPERANCA;DAIANE CRISTINA DE OLIVEIRA;28/08/2026
1056736;192994;SUPERMERCADO TIBA  - ARARAQUARA;DAIANE CRISTINA DE OLIVEIRA;28/08/2026
1056735;192995;SUPERMERCADO TIBA  - ARARAQUARA;DAIANE CRISTINA DE OLIVEIRA;28/08/2026
1056733;192535;LOURENCINI - LJ 10;JOSE GOMES DOS S.;28/08/2026
1056732;192553;RAFINHA DISTRIBUIDORA;ALENCAR SILVA;28/08/2026
1056731;192386;SUPERMERCADO TALISMA DA VILA  - LJ 28;JOSE SOARES;28/08/2026
1056730;192392;CASA LUANDA SUPERMERCADOS - LJ 22;JOSE SOARES;28/08/2026
1056729;192391;CASA LUANDA SUPERMERCADOS - LJ 22;JOSE SOARES;28/08/2026
1056727;192555;RAFINHA DISTRIBUIDORA;ALENCAR SILVA;28/08/2026
1056724;192389;SUPERMERCADO TALISMA DA VILA  - LJ 28;JOSE SOARES;28/08/2026
1056723;193090;FONTE NOVA - 04;FELIPE GOMES;28/08/2026
1056722;193074;FONTE NOVA - 05;FELIPE GOMES;28/08/2026
1056721;192891;FONTE NOVA - 07;FELIPE GOMES;28/08/2026
1056720;192890;FONTE NOVA - 08;FELIPE GOMES;28/08/2026
1056719;192671;FONTE NOVA - 09;FELIPE GOMES;28/08/2026
1056718;192673;FONTE NOVA - 10;FELIPE GOMES;28/08/2026
1056717;193088;FONTE NOVA  - 11;FELIPE GOMES;28/08/2026
1056716;192757;LOURENCINI - LJ 09;JOSE GOMES DOS S.;28/08/2026
1056715;192758;LOURENCINI - LJ 09;JOSE GOMES DOS S.;28/08/2026
1056713;192634;CARONE J.CAMBURI;JULIANA TRISTAO;28/08/2026
1056712;192633;CARONE P.COSTA;JULIANA TRISTAO;28/08/2026
1056711;192632;CARONE J.PENHA;JULIANA TRISTAO;28/08/2026
1056710;192631;CARONE S.LUCIA;JULIANA TRISTAO;28/08/2026
1056709;192759;LOURENCINI - LJ 09;JOSE GOMES DOS S.;28/08/2026
1056708;192622;CASAFRUTI HORTIFRUTIGRANJEIROS - LJ 02;JULIANA TRISTAO;28/08/2026
1056707;192628;SUPERMERCADO PERIM;JULIANA TRISTAO;28/08/2026
1056706;192626;OSVALDO PERIM - CONDURU;JULIANA TRISTAO;28/08/2026
1056705;192627;PATI GI;JULIANA TRISTAO;28/08/2026
1056704;192635;SABOR DA TERRA;JULIANA TRISTAO;28/08/2026
1056703;192459;MAMBO - CASH ATACADO;FERNANDO VOLTERO;28/08/2026
1056702;194266;ATACADAO IPIRANGA - LOJA 133;ROBERTO OLIVEIRA ANDRADE;28/08/2026
1056701;192343;TUTI-FRUTI - LJ 02;GUSTAVO VILAS;28/08/2026
1056700;192621;TUTI-FRUTI - PRAIA DA COSTA;JULIANA TRISTAO;28/08/2026
1056699;192624;FAST NUTRI - LJ 01;JULIANA TRISTAO;28/08/2026
1056698;192630;FAST NUTRI - LJ 02;JULIANA TRISTAO;28/08/2026
1056697;192625;SELETO;JULIANA TRISTAO;28/08/2026
1056696;192629;COUTINHO EXTRABOM - CIVIT I;JULIANA TRISTAO;28/08/2026
1056695;193338;LOURENCINI - LJ 08;JOSE GOMES DOS S.;28/08/2026
1056693;192760;LOURENCINI - LJ 09;JOSE GOMES DOS S.;28/08/2026
1056692;193339;LOURENCINI - LJ 08;JOSE GOMES DOS S.;28/08/2026
1056691;193336;LOURENCINI - LJ 08;JOSE GOMES DOS S.;28/08/2026
1056690;193337;LOURENCINI - LJ 08;JOSE GOMES DOS S.;28/08/2026
1056689;192817;SANTA MARIA VARIEDADES;FRANCISCO DUARTE - LUIZ DUARTE;28/08/2026
1056688;193038;BEM BOLADO WEED WEAR;EDVALDO DOS SANTOS PEREIRA;28/08/2026
1056687;192458;MAMBO - CASH ATACADO;FERNANDO VOLTERO;28/08/2026
1056686;192660;SACOLAO S JORGE - SANTO AMARO;CARLOS FERREIRA;28/08/2026
1056685;192527;HM HM SUPERMERCADOS - EMPORIUM SP AFONSO BRAZ;SILVANO ARRUDA;28/08/2026
1056684;192816;SANTA MARIA VARIEDADES;FRANCISCO DUARTE - LUIZ DUARTE;28/08/2026
1056683;192278;SUPERMERCADO TAQUARAL;OSNEY RICARDO;28/08/2026
1056681;193540;CENCOSUD - CARAPICUIBA;FERNANDO VOLTERO;28/08/2026
1056680;193878;CENCOSUD - JUNDIAI;FERNANDO VOLTERO;28/08/2026
1056679;193554;CENCOSUD - COTIA;FERNANDO VOLTERO;28/08/2026
1056678;193613;CENCOSUD - CACHOEIRINHA;FERNANDO VOLTERO;28/08/2026
1056677;193542;CENCOSUD - BARUERI;FERNANDO VOLTERO;28/08/2026
1056676;193612;CENCOSUD - CASA VERDE;FERNANDO VOLTERO;28/08/2026
1056675;192217;MERCADO MORELLI;SILVANO ARRUDA;28/08/2026
1056674;193672;CENCONSUD - TUCURUVI;FERNANDO VOLTERO;28/08/2026
1056673;193534;CENCOSUD OSASCO;FERNANDO VOLTERO;28/08/2026
1056672;193767;CENCOSUD - BARRA FUNDA;FERNANDO VOLTERO;28/08/2026
1056671;195033;CENCOSUD - VARZEA;FERNANDO VOLTERO;28/08/2026
1056669;193526;CENCONSUD - SANTO AMARO;FERNANDO VOLTERO;28/08/2026
1056666;192218;MERCADO IBICUAN;SILVANO ARRUDA;28/08/2026
1056665;192221;MERCADO IBICUAN;SILVANO ARRUDA;28/08/2026
1056664;194933;RDD CAJAMAR;FRANCISCO ANACLETO;28/08/2026
1056663;193277;REDE PANDA - LOJA 02;CARLOS FERREIRA;28/08/2026
1056662;192220;SUPERMERCADO MIRASSOL;CARLOS FERREIRA;28/08/2026
1056661;193303;MERCADO MENEZES;CLEO CAVALCANTI;28/08/2026
1056660;193270;ROLIM DE FREITAS & CIA;PAULO COSTA;28/08/2026
1056659;193340;LOURENCINI - LJ 08;JOSE GOMES DOS S.;28/08/2026
1056658;192615;SUPERMERCADO PERIM;JULIANA TRISTAO;28/08/2026
1056657;192674;FONTE NOVA - 10;FELIPE GOMES;28/08/2026
1056656;193089;FONTE NOVA  - 11;FELIPE GOMES;28/08/2026
1056655;192925;MERCADO FONTE NOVA BELA VISTA;FELIPE GOMES;28/08/2026
1056654;193256;FONTE NOVA - 13;FELIPE GOMES;28/08/2026
1056652;192889;FONTE NOVA - 07;FELIPE GOMES;28/08/2026
1056651;192888;FONTE NOVA - 08;FELIPE GOMES;28/08/2026
1056650;192672;FONTE NOVA - 09;FELIPE GOMES;28/08/2026
1056646;193343;LOURENCINI - LJ 07;JOSE GOMES DOS S.;28/08/2026
1056645;193341;LOURENCINI - LJ 07;JOSE GOMES DOS S.;28/08/2026
1056644;192953;FONTE NOVA - 03;FELIPE GOMES;28/08/2026
1056642;193342;LOURENCINI - LJ 07;JOSE GOMES DOS S.;28/08/2026
1056641;193091;FONTE NOVA - 04;FELIPE GOMES;28/08/2026
1056640;193073;FONTE NOVA - 05;FELIPE GOMES;28/08/2026
1056637;192619;CARONE J.PENHA;JULIANA TRISTAO;28/08/2026
1056649;192612;CARONE LARANJEIRAS;JULIANA TRISTAO;28/08/2026
1056648;192614;CAMPO GRANDE;JULIANA TRISTAO;28/08/2026
1056647;192618;SEMPRE TEM CAMBURI;JULIANA TRISTAO;28/08/2026
1056643;192613;SEMPRE TEM SERRA - JLIMOEIRO;JULIANA TRISTAO;28/08/2026
1056639;192616;CARONE ITAPOA;JULIANA TRISTAO;28/08/2026
1056638;192617;CARONE P.COSTA;JULIANA TRISTAO;28/08/2026
1056636;192620;CARONE S.LUCIA;JULIANA TRISTAO;28/08/2026
1056633;192952;FONTE NOVA - 01;FELIPE GOMES;28/08/2026
1056632;192526;HIROTA EXPRESS - CD 98;GILMERIO QUEIROZ - GERENTE DE AREA;28/08/2026
1056631;192951;FONTE NOVA - 02;FELIPE GOMES;28/08/2026
1056627;193247;BOURACHED E BASTOS DISTRIBUIDORA;ROBSON BERTOLINI;28/08/2026
1056626;192884;BOM LUGAR - 28;PAULO COSTA;28/08/2026
1056625;192885;BOM LUGAR - 28;PAULO COSTA;28/08/2026
1056621;192786;LOURENCINI - LJ 02;JOSE GOMES DOS S.;28/08/2026
1056620;192393;MINIMERCADOS LIMA;RONILSON RIBEIRO;28/08/2026
1056619;192385;MINIMERCADOS LIMA;RONILSON RIBEIRO;28/08/2026
1056618;192795;LOURENCINI - LJ 01;JOSE GOMES DOS S.;28/08/2026
1056617;192791;LOURENCINI - LJ 03;JOSE GOMES DOS S.;28/08/2026
1056616;192796;LOURENCINI - LJ 01;JOSE GOMES DOS S.;28/08/2026
1056615;192797;LOURENCINI - LJ 01;JOSE GOMES DOS S.;28/08/2026
1056614;192788;LOURENCINI - LJ 02;JOSE GOMES DOS S.;28/08/2026
1056613;192789;LOURENCINI - LJ 02;JOSE GOMES DOS S.;28/08/2026
1056612;192794;LOURENCINI - LJ 03;JOSE GOMES DOS S.;28/08/2026
1056611;192793;LOURENCINI - LJ 03;JOSE GOMES DOS S.;28/08/2026
1056610;192983;LOURENCINI - LJ 04;JOSE GOMES DOS S.;28/08/2026
1056609;192982;LOURENCINI - LJ 04;JOSE GOMES DOS S.;28/08/2026
1056607;192986;LOURENCINI - LJ 05;JOSE GOMES DOS S.;28/08/2026
1056606;192987;LOURENCINI - LJ 05;JOSE GOMES DOS S.;28/08/2026
1056605;193037;HPX HORTIFRUTI;JOSE ROBERTO DENIZIO;28/08/2026
1056604;192984;LOURENCINI - LJ 04;JOSE GOMES DOS S.;28/08/2026
1056603;193396;BOM LUGAR - 29;PAULO COSTA;28/08/2026
1056602;193344;LOURENCINI - LJ 07;JOSE GOMES DOS S.;28/08/2026
1056601;193395;BOM LUGAR - 30;PAULO COSTA;28/08/2026
1056600;192886;BOM LUGAR - 36;PAULO COSTA;28/08/2026
1056599;192988;LOURENCINI - LJ 05;JOSE GOMES DOS S.;28/08/2026
1056598;192754;LOURENCINI - LJ 06;JOSE GOMES DOS S.;28/08/2026
1056597;192755;LOURENCINI - LJ 06;JOSE GOMES DOS S.;28/08/2026
1056596;192753;LOURENCINI - LJ 06;JOSE GOMES DOS S.;28/08/2026
1056595;192488;NELORE PRIME;JOSE SOARES;28/08/2026
1056594;193036;HPX HORTIFRUTI;JOSE ROBERTO DENIZIO;28/08/2026
1056592;192750;ROLDAO - GUARUJA;CAIO VINICIUS AMORIM;28/08/2026
1056591;192547;ROLDAO - SALTO;CAIO VINICIUS AMORIM;28/08/2026
1056590;192311;ROLDAO - GUARULHOS;CAIO VINICIUS AMORIM;28/08/2026
1056589;192328;ROLDAO - FREGUESIA;CAIO VINICIUS AMORIM;28/08/2026
1056588;192522;ROLDAO - S JOSE CAMPOS;CAIO VINICIUS AMORIM;28/08/2026
1056587;192249;ROLDAO - PIRITUBA;CAIO VINICIUS AMORIM;28/08/2026
1056586;192980;ROLDAO - JUNDIAI 02;CAIO VINICIUS AMORIM;28/08/2026
1056585;192154;ROLDAO - JANDIRA;CAIO VINICIUS AMORIM;28/08/2026
1056584;192029;ROLDAO - ITU;CAIO VINICIUS AMORIM;28/08/2026
1056583;192658;ROLDAO - SANTO AMARO;CAIO VINICIUS AMORIM;28/08/2026
1056582;193140;ROLDAO - SANTANA;CAIO VINICIUS AMORIM;28/08/2026
1056581;192182;ROLDAO - MAUA;CAIO VINICIUS AMORIM;28/08/2026
1056580;192288;ROLDAO - BONSUCESSO;CAIO VINICIUS AMORIM;28/08/2026
1056579;192300;ROLDAO - PQ COLONIAL;CAIO VINICIUS AMORIM;28/08/2026
1056578;192919;ROLDAO - SAO VICENTE;CAIO VINICIUS AMORIM;28/08/2026
1056577;192082;ROLDAO - SANTOS VILA MATHIAS;CAIO VINICIUS AMORIM;28/08/2026
1056576;192158;ROLDAO - PIRITUBA 02;CAIO VINICIUS AMORIM;28/08/2026
1056575;192293;ROLDAO - BRASILANDIA;CAIO VINICIUS AMORIM;28/08/2026
1056574;192257;ROLDAO - OSASCO;CAIO VINICIUS AMORIM;28/08/2026
1056573;192306;ROLDAO - ATIBAIA;CAIO VINICIUS AMORIM;28/08/2026
1056572;193135;ROLDAO - MARECHAL TITO;CAIO VINICIUS AMORIM;28/08/2026
1056571;193154;ROLDAO - BUTANTA - MATRIZ;CAIO VINICIUS AMORIM;28/08/2026
1056570;193166;ROLDAO - VALINHOS;CAIO VINICIUS AMORIM;28/08/2026
1056569;192215;ROLDAO - OSASCO 02;CAIO VINICIUS AMORIM;28/08/2026
1056568;192543;ROLDAO - SOROCABA;CAIO VINICIUS AMORIM;28/08/2026
1056567;192133;ROLDAO - CUPECE;CAIO VINICIUS AMORIM;28/08/2026
1056566;192264;ROLDAO - PRAIA GRANDE;CAIO VINICIUS AMORIM;28/08/2026
1056565;192685;ROLDAO - SANTO ANDRE 2;CAIO VINICIUS AMORIM;28/08/2026
1056564;192203;ROLDAO - INDAIATUBA;CAIO VINICIUS AMORIM;28/08/2026
1056563;192170;ROLDAO - PRAIA GRANDE 02;CAIO VINICIUS AMORIM;28/08/2026
1056562;192332;ROLDAO - CAMPO LIMPO;CAIO VINICIUS AMORIM;28/08/2026
1056561;193100;ROLDAO - CAMPINAS;CAIO VINICIUS AMORIM;28/08/2026
1056560;192324;ROLDAO - FRANCO DA ROCHA;CAIO VINICIUS AMORIM;28/08/2026
1056559;193364;ROLDAO - TIRADENTES;CAIO VINICIUS AMORIM;28/08/2026
1056558;193407;ROLDAO - VILA EMA;CAIO VINICIUS AMORIM;28/08/2026
1056557;192934;ROLDAO - IPIRANGA;CAIO VINICIUS AMORIM;28/08/2026
1056556;192858;ROLDAO - JUNDIAI;CAIO VINICIUS AMORIM;28/08/2026
1056555;192102;ROLDAO - MOOCA;CAIO VINICIUS AMORIM;28/08/2026
1056554;192792;LOURENCINI - LJ 03;JOSE GOMES DOS S.;28/08/2026
1056553;192985;LOURENCINI - LJ 04;JOSE GOMES DOS S.;28/08/2026
1056541;192216;SUPERMERCADO SEMEAR;FLAVIA SIQUEIRA;28/08/2026
1056537;192489;NELORE PRIME;JOSE SOARES;28/08/2026
1056526;194076;CENTRO DE DISTRIBUICAO SATO & NISHI;PAULO COSTA;28/08/2026
1056525;192756;LOURENCINI - LJ 06;JOSE GOMES DOS S.;28/08/2026
1056522;193300;NINKI SUPERMERCADOS;FLAVIA SIQUEIRA;28/08/2026
1056521;192714;SUPERMERCADO EXAMINE - LOJA 5;DAIANE CRISTINA DE OLIVEIRA;28/08/2026
1056520;192715;SUPERMERCADO EXAMINE - LOJA 5;DAIANE CRISTINA DE OLIVEIRA;28/08/2026
1056519;192711;SUPERMERCADO EXAMINE - LOJA 2;DAIANE CRISTINA DE OLIVEIRA;28/08/2026
1056518;192712;SUPERMERCADO EXAMINE - LOJA 2;DAIANE CRISTINA DE OLIVEIRA;28/08/2026
1056517;192713;SUPERMERCADO EXAMINE - LOJA 3;DAIANE CRISTINA DE OLIVEIRA;28/08/2026
1056516;192709;SUPERMERCADO EXAMINE - LOJA 4;DAIANE CRISTINA DE OLIVEIRA;28/08/2026
1056515;192710;SUPERMERCADO EXAMINE - LOJA 4;DAIANE CRISTINA DE OLIVEIRA;28/08/2026
1056513;193394;BOM LUGAR - 25;PAULO COSTA;28/08/2026
1056510;192989;LOURENCINI - LJ 05;JOSE GOMES DOS S.;28/08/2026
1056505;192251;BEM BARATO - 26;KELVIN;28/08/2026
1056504;192236;SUPER MIX BRANDINA;OSNEY RICARDO;28/08/2026
1056502;192235;SUPER MIX BRANDINA;OSNEY RICARDO;28/08/2026
1056501;194356;COMPRE FACIL;MARCELO GREGORIO;28/08/2026
1056500;194359;COMPRE FACIL;MARCELO GREGORIO;28/08/2026
1056499;194357;COMPRE FACIL;MARCELO GREGORIO;28/08/2026
1056478;194358;COMPRE FACIL;MARCELO GREGORIO;28/08/2026
1056474;192036;CESTA NOBRE;JOSE ARTENCIO;28/08/2026
1056459;192707;SUPERMERCADO TRADICIONAL;DAIANE CRISTINA DE OLIVEIRA;28/08/2026
1056448;192122;MAMBO - CD BARUERI;FERNANDO VOLTERO;28/08/2026
1056442;192124;MAMBO - CD BARUERI;FERNANDO VOLTERO;28/08/2026
1056441;194355;COMPRE FACIL;MARCELO GREGORIO;28/08/2026
1056433;192340;LOURENCINI - LJ 04;JOSE GOMES DOS S.;28/08/2026
1056430;192338;LOURENCINI - LJ 03;JOSE GOMES DOS S.;28/08/2026
1056426;192787;LOURENCINI - LJ 02;JOSE GOMES DOS S.;28/08/2026
1056423;192337;LOURENCINI - LJ 01;JOSE GOMES DOS S.;28/08/2026
1056419;40617;DA TERRINHA - FILIAL SP;PAULO ALEX;28/08/2026
1056418;192123;MAMBO - CD BARUERI;FERNANDO VOLTERO;28/08/2026
1056417;192346;MERCADO MENEZES;CLEO CAVALCANTI;28/08/2026
1056416;192339;LOURENCINI - LJ 04;JOSE GOMES DOS S.;28/08/2026
1056414;192299;MERCADO PYRAMIDS;ERICK MOREIRA;28/08/2026
1056413;192074;REDE PANDA - LOJA 02;CARLOS FERREIRA;28/08/2026
1056412;192878;RDD LOJA 2;ERICK MOREIRA;28/08/2026
1056411;192042;CERCADAO - 06;ERICK MOREIRA;28/08/2026
1056410;192572;COUTINHO EXTRABOM - CIVIT I;JULIANA TRISTAO;28/08/2026
1056409;192142;CERCADAO - 08;ERICK MOREIRA;28/08/2026
1056408;192143;CERCADAO - 01;ERICK MOREIRA;28/08/2026
1056407;192127;CERCADAO - 03;ERICK MOREIRA;28/08/2026
1056406;192316;CERCADAO - 05;ERICK MOREIRA;28/08/2026
1056405;192917;MERCADO VIZINHO MAIS -  VILA MARGARIDA;JOSE SOARES;28/08/2026
1056403;192918;MINIMERCADOS LIMA;RONILSON RIBEIRO;28/08/2026
1056402;192790;LOURENCINI - LJ 02;JOSE GOMES DOS S.;28/08/2026
1056398;192484;TENNESSEE - CUBATÃO 02;RONILSON RIBEIRO;28/08/2026
1056397;192336;LOURENCINI - LJ 01;JOSE GOMES DOS S.;28/08/2026
1056396;192204;BOURACHED E BASTOS DISTRIBUIDORA;ROBSON BERTOLINI;28/08/2026
1056363;192162;MPTD SUPERMERCADO;JUAREZ COSTA;28/08/2026
1056338;192315;WEST BOI - RUA DO TESOURO;CLEO CAVALCANTI;28/08/2026
1056337;192399;WEST BOI - BALNEARIO MAR PAULISTA;CLEO CAVALCANTI;27/08/2026
1056336;192129;WEST BOI - FW - VILA FRANCA;CLEO CAVALCANTI;27/08/2026
1056335;192234;WEST BOI - ELDORADO;CLEO CAVALCANTI;27/08/2026
1056334;192022;WEST BOI - AVENIDA MARIA COELHO;CLEO CAVALCANTI;27/08/2026
1056333;192567;ORIUNDI - LINHARES;JULIANA TRISTAO;27/08/2026
1056332;192594;SEMPRETEM BARRA DO JUCU;JULIANA TRISTAO;27/08/2026
1056331;192593;SEMPRE TEM - MARATAIZES;JULIANA TRISTAO;27/08/2026
1056330;192592;SEMPRE TEM CAMBURI;JULIANA TRISTAO;27/08/2026
1056329;192591;CARONE LARANJEIRAS;JULIANA TRISTAO;27/08/2026
1056328;192590;CARONE ITAPOA;JULIANA TRISTAO;27/08/2026
1056327;192558;TUTI-FRUTI - PRAIA DA COSTA;JULIANA TRISTAO;27/08/2026
1056326;192564;FAST NUTRI - LJ 01;JULIANA TRISTAO;27/08/2026
1056325;192563;OSVALDO PERIM - CONDURU;JULIANA TRISTAO;27/08/2026
1056324;192562;SUPERMERCADOS MERIDIONAL;JULIANA TRISTAO;27/08/2026
1056323;192561;FAST NUTRI - LJ 02;JULIANA TRISTAO;27/08/2026
1056322;192560;PAO MANIA;JULIANA TRISTAO;27/08/2026
1056321;192589;CARONE J.CAMBURI;JULIANA TRISTAO;27/08/2026
1056320;192568;PATI GI;JULIANA TRISTAO;27/08/2026
1056319;192611;SUPERMERCADOS CASAGRANDE -  F 07;JULIANA TRISTAO;27/08/2026
1056318;192569;CASAFRUTI HORTIFRUTIGRANJEIROS - VITORIA;JULIANA TRISTAO;27/08/2026
1056317;192020;WEST BOI - JARDIM SAO LUIS;CLEO CAVALCANTI;27/08/2026
1056316;192588;SABOR DA TERRA;JULIANA TRISTAO;27/08/2026
1056315;192570;PP COMERCIO;JULIANA TRISTAO;27/08/2026
1056314;192557;MERCADINHO DA PRAIA;JULIANA TRISTAO;27/08/2026
1056313;192587;CARONE P.COSTA;JULIANA TRISTAO;27/08/2026
1056312;192595;CARONE J.PENHA;JULIANA TRISTAO;27/08/2026
1056311;192585;CARONE S.LUCIA;JULIANA TRISTAO;27/08/2026
1056310;192584;CARONE COQUEIRAL;JULIANA TRISTAO;27/08/2026
1056309;192583;CARONE V VELHA;JULIANA TRISTAO;27/08/2026
1056308;192565;CASAFRUTI HORTIFRUTIGRANJEIROS - LJ 02;JULIANA TRISTAO;27/08/2026
1056307;192559;CONFEITARIA MONTE LIBANO - JARDIM DA PENHA;JULIANA TRISTAO;27/08/2026
1056306;192571;SUPERMERCADO PERIM;JULIANA TRISTAO;27/08/2026
1056305;192582;ALTO LAGE SEMPRETEM;JULIANA TRISTAO;27/08/2026
1056304;192581;SEMPRETEM JACARAIPE;JULIANA TRISTAO;27/08/2026
1056303;192580;SEMPRETEM LINHARES;JULIANA TRISTAO;27/08/2026
1056302;192579;CARONE GAIVOTAS;JULIANA TRISTAO;27/08/2026
1056301;192578;SEMPRE TEM  CACHOEIRO;JULIANA TRISTAO;27/08/2026
1056300;192577;SEMPRETEM GUARAPARI;JULIANA TRISTAO;27/08/2026
1056299;192576;SEMPRE TEM SERRA - JLIMOEIRO;JULIANA TRISTAO;27/08/2026
1056298;192575;CAMPO GRANDE;JULIANA TRISTAO;27/08/2026
1056297;192314;WEST BOI - TB - JD DA GLORIA TABOAO;CLEO CAVALCANTI;27/08/2026
1056296;192574;ALTO LAGE SEMPRETEM;JULIANA TRISTAO;27/08/2026
1056295;192125;WEST BOI - WB - CAMPO LIMPO;CLEO CAVALCANTI;27/08/2026
1056294;192573;SEMPRETEM JACARAIPE;JULIANA TRISTAO;27/08/2026
1056293;192566;ORIUNDI - ARACRUZ;JULIANA TRISTAO;27/08/2026
1056292;192610;SEMPRETEM LINHARES;JULIANA TRISTAO;27/08/2026
1056291;192609;CARONE P.COSTA;JULIANA TRISTAO;27/08/2026
1056290;192608;CARONE J.PENHA;JULIANA TRISTAO;27/08/2026
1056289;192607;CARONE S.LUCIA;JULIANA TRISTAO;27/08/2026
1056288;192606;CARONE COQUEIRAL;JULIANA TRISTAO;27/08/2026
1056287;192605;SEMPRETEM BARRA DO JUCU;JULIANA TRISTAO;27/08/2026
1056286;192604;SEMPRE TEM - MARATAIZES;JULIANA TRISTAO;27/08/2026
1056285;192603;SEMPRE TEM CAMBURI;JULIANA TRISTAO;27/08/2026
1056284;192602;CARONE J.CAMBURI;JULIANA TRISTAO;27/08/2026
1056283;192601;SEMPRE TEM  CACHOEIRO;JULIANA TRISTAO;27/08/2026
1056282;192600;SEMPRETEM GUARAPARI;JULIANA TRISTAO;27/08/2026
1056281;192599;SEMPRE TEM SERRA - JLIMOEIRO;JULIANA TRISTAO;27/08/2026
1056280;192598;CAMPO GRANDE;JULIANA TRISTAO;27/08/2026
1056279;192597;CARONE GAIVOTAS;JULIANA TRISTAO;27/08/2026
1056278;192596;CARONE ITAPOA;JULIANA TRISTAO;27/08/2026
1056277;192586;CARONE LARANJEIRAS;JULIANA TRISTAO;27/08/2026
1056276;192019;WEST BOY - POP BEEF;CLEO CAVALCANTI;27/08/2026
1056274;192163;MPTD SUPERMERCADO;JUAREZ COSTA;27/08/2026
1056273;192207;MERCADO VILA RE;AROLDO BATISTA SANTOS;27/08/2026
1056272;192205;MERCADO VILA RE;AROLDO BATISTA SANTOS;27/08/2026
1056269;193035;BAITA PRECO;FRANCISCO ANACLETO;27/08/2026
1056267;192387;RDD SAMAMBAIA;KALIEL DE CALDA LEITE;27/08/2026
1056266;192388;RDD SAMAMBAIA;KALIEL DE CALDA LEITE;27/08/2026
1056265;192883;SUPERMERCADO PERNAMBUCO;PAULO COSTA;27/08/2026
1056264;192174;PADOQUINHA - LJ 1;PAULO COSTA;27/08/2026
1056263;192173;PADOQUINHA - LJ 1;PAULO COSTA;27/08/2026
1056262;192242;SUPERMERCADO SAO PEDRO;OSNEY RICARDO;27/08/2026
1056261;192457;SUPERMERCADO SAO GABRIEL;ROBERTO CARLOS SANTANA;27/08/2026
1056260;192243;SUPERMERCADO SAO PEDRO;OSNEY RICARDO;27/08/2026
1056259;192979;COOPERCICA - 01;EDSON MALAGUTTI;27/08/2026
1056258;192265;GRICKI CD;DAIANE CRISTINA DE OLIVEIRA;27/08/2026
1056255;192206;MERCADO BEM LOCAL;JOSE ROBERTO DENIZIO;27/08/2026
1056254;192160;REDE MILLY;JUAREZ COSTA;27/08/2026
1056253;192172;SUP CORREA - BENHUR 03;PAULO COSTA;27/08/2026
1056252;192176;SUP CORREA - BENHUR 03;PAULO COSTA;27/08/2026
1056251;192238;SUPER MIX BRANDINA;OSNEY RICARDO;27/08/2026
1056250;192239;SUPER MIX BRANDINA;OSNEY RICARDO;27/08/2026
1056249;192395;HORTIFRUTI BARCELONA;INES MARTIN;27/08/2026
1056247;192208;MERCADO BEM LOCAL;JOSE ROBERTO DENIZIO;27/08/2026
1056246;192390;RDD SAMAMBAIA;KALIEL DE CALDA LEITE;27/08/2026
1056245;192228;COMPRA FACIL - ITAQUERA;FLAVIA SIQUEIRA;27/08/2026
1056244;192965;MASTER ATS SUPERMERCADOS - OSASCO;SILVANO ARRUDA;27/08/2026
1056243;192180;2 MARIAS;ALENCAR SILVA;27/08/2026
1056242;192345;RM RODRIGUES - SACOLAO SAO JOSE;KELVIN;27/08/2026
1056241;192280;SUPERMERCADO PROGRESSO;FRANCISCO ANACLETO;27/08/2026
1056238;192213;SUPERMERCADO SEMEAR;FLAVIA SIQUEIRA;27/08/2026
1056237;192232;SUPERMERCADO FLAQUER;ALEXANDRE VIANA;27/08/2026
1056236;192397;MERCADO RENASCER;INES MARTIN;27/08/2026
1056235;192396;MERCADO RENASCER;INES MARTIN;27/08/2026
1056234;192214;SUPERMERCADO SEMEAR;FLAVIA SIQUEIRA;27/08/2026
1056233;192144;TW FOODS;ALEXANDRE VIANA;27/08/2026
1056232;192189;SUPERMERCADO KIBE - PERUS;FRANCISCO ANACLETO;27/08/2026
1056231;192196;SUPERMERCADO KIBE - PERUS;FRANCISCO ANACLETO;27/08/2026
1056230;192188;SUPERMERCADO KIBE - JARDIM SANTA FE;FRANCISCO ANACLETO;27/08/2026
1056229;192195;SUPERMERCADO KIBE - PERUS;FRANCISCO ANACLETO;27/08/2026
1056228;192197;SUPERMERCADO KIBE - JARDIM SANTA FE;FRANCISCO ANACLETO;27/08/2026
1056227;192298;EMPORIO DO FRANGO;CLEO CAVALCANTI;27/08/2026
1056226;192141;TW FOODS;ALEXANDRE VIANA;27/08/2026
1056225;192237;SUPER MIX BRANDINA;OSNEY RICARDO;27/08/2026
1056224;192394;TENNESSEE - PADRE ARLINDO VIEIRA;INES MARTIN;27/08/2026
1056223;192161;REDE MLLY;JUAREZ COSTA;27/08/2026
1056222;192231;SUPERMERCADO VILA RICA;ALEXANDRE VIANA;27/08/2026
1056221;192229;TODO DIA;JUAREZ COSTA;27/08/2026
1056220;192198;SUPERMERCADO KIBE - JARDIM SANTA FE;FRANCISCO ANACLETO;27/08/2026
1056219;192233;SUPERMERCADO FLAQUER;ALEXANDRE VIANA;27/08/2026
1056218;192906;COMERCIAL QUALIT;CLAUDIO AKIO SOGA;27/08/2026
1056217;192186;SUPERMERCADO KIBE - JARDIM SANTA FE;FRANCISCO ANACLETO;27/08/2026
1056216;192185;SUPERMERCADO KIBE - PERUS;FRANCISCO ANACLETO;27/08/2026
1056215;192230;SUPERMERCADO VILA RICA;ALEXANDRE VIANA;27/08/2026
1056214;192192;SUPERMERCADO KIBE - VILA PERUS;FRANCISCO ANACLETO;27/08/2026
1056213;192194;SUPERMERCADO KIBE - VILA PERUS;FRANCISCO ANACLETO;27/08/2026
1056212;191989;COOPERCICA - 08;EDSON MALAGUTTI;27/08/2026
1056211;191984;COOPERCICA - 08;EDSON MALAGUTTI;27/08/2026
1056210;192201;COOPERCICA - 09;EDSON MALAGUTTI;27/08/2026
1056209;192193;SUPERMERCADO KIBE - VILA PERUS;FRANCISCO ANACLETO;27/08/2026
1056208;192027;COOPERCICA - 09;EDSON MALAGUTTI;27/08/2026
1056207;194500;ASSAI - 351;FERNANDO VOLTERO;27/08/2026
1056204;197295;ASSAI - 240;FERNANDO VOLTERO;27/08/2026
1056203;192269;ASSAI - 61;FERNANDO VOLTERO;27/08/2026
1056202;195559;ASSAI - 14;FERNANDO VOLTERO;27/08/2026
1056201;196126;ASSAI - 21;FERNANDO VOLTERO;27/08/2026
1056200;192268;ASSAI - 174;FERNANDO VOLTERO;27/08/2026
1056197;196413;ASSAI - 246;FERNANDO VOLTERO;27/08/2026
1056196;196170;ASSAI - 12;FERNANDO VOLTERO;27/08/2026
1056195;196379;ASSAI - 301;FERNANDO VOLTERO;27/08/2026
1056194;195519;ASSAI 281;FERNANDO VOLTERO;27/08/2026
1056192;197156;ASSAI - 178;FERNANDO VOLTERO;27/08/2026
1056191;195555;ASSAI - 63;FERNANDO VOLTERO;27/08/2026
1056189;192267;ASSAI - 326;FERNANDO VOLTERO;27/08/2026
1056188;196553;ASSAI 354;FERNANDO VOLTERO;27/08/2026
1056187;197109;ASSAI - 167;FERNANDO VOLTERO;27/08/2026
1056185;197153;ASSAI - 303;FERNANDO VOLTERO;27/08/2026
1056184;192273;ASSAI - 25;FERNANDO VOLTERO;27/08/2026
1056183;194487;ASSAI - 267;FERNANDO VOLTERO;27/08/2026
1056182;197596;ASSAI - 50;FERNANDO VOLTERO;27/08/2026
1056181;192272;ASSAI - 278;FERNANDO VOLTERO;27/08/2026
1056179;192271;ASSAI - 327;FERNANDO VOLTERO;27/08/2026
1056177;197806;ASSAI - 312;FERNANDO VOLTERO;27/08/2026
1056176;195783;ASSAI - 154;FERNANDO VOLTERO;27/08/2026
1056175;192270;ASSAI - 73;FERNANDO VOLTERO;27/08/2026
1056174;196714;ASSAI - 295 ITATIBA;FERNANDO VOLTERO;27/08/2026
1056173;196785;ASSAI - 244;FERNANDO VOLTERO;27/08/2026
1056172;192184;SUPERMERCADO KIBE - ANHANGUERA;FRANCISCO ANACLETO;27/08/2026
1056171;192187;SUPERMERCADO KIBE - ANHANGUERA;FRANCISCO ANACLETO;27/08/2026
1056170;192190;SUPERMERCADO KIBE - ANHANGUERA;FRANCISCO ANACLETO;27/08/2026
1056169;192905;COMERCIAL QUALIT;CLAUDIO AKIO SOGA;27/08/2026
1056168;192191;SUPERMERCADO KIBE - VILA PERUS;FRANCISCO ANACLETO;27/08/2026
1056167;191909;CASA DO NORTE MTJP;TELEVENDAS - DA TERRINHA;27/08/2026
1056166;192164;JULIMILLY;JUAREZ COSTA;27/08/2026
1056165;192706;SUPERMERCADO BEM MAIS;DAIANE CRISTINA DE OLIVEIRA;27/08/2026
1056164;192347;MONFORTE - LJ 05;WAGNER DA SILVA LIMA;27/08/2026
1056163;191908;CASA DO NORTE MTJP;TELEVENDAS - DA TERRINHA;27/08/2026
1056160;192977;COOPERCICA - 03;EDSON MALAGUTTI;27/08/2026
1056159;192266;GRICKI CD;DAIANE CRISTINA DE OLIVEIRA;27/08/2026
1056158;192976;COOPERCICA - 03;EDSON MALAGUTTI;27/08/2026
1056157;192183;SUPERMERCADO KIBE - ANHANGUERA;FRANCISCO ANACLETO;27/08/2026
1056156;191982;COOPERCICA - 07;EDSON MALAGUTTI;27/08/2026
1056155;191983;COOPERCICA - 07;EDSON MALAGUTTI;27/08/2026
1056154;192856;COOPERCICA - 04;EDSON MALAGUTTI;27/08/2026
1056153;192855;COOPERCICA - 04;EDSON MALAGUTTI;27/08/2026
1056151;191980;COOPERCICA - 05;EDSON MALAGUTTI;27/08/2026
1056150;191981;COOPERCICA - 05;EDSON MALAGUTTI;27/08/2026
1056149;192025;CORREIA ITU;PAULO COSTA;27/08/2026
1056148;191979;COOPERCICA - 06;EDSON MALAGUTTI;27/08/2026
1056147;191985;COOPERCICA - 06;EDSON MALAGUTTI;27/08/2026
1056146;192551;APETITO - CARNES SAN PEDRO;FELIPE GOMES;27/08/2026
1056145;192327;ROLDAO - FREGUESIA;CAIO VINICIUS AMORIM;27/08/2026
1056144;193133;ROLDAO - MARECHAL TITO;CAIO VINICIUS AMORIM;27/08/2026
1056143;192263;ROLDAO - PRAIA GRANDE;CAIO VINICIUS AMORIM;27/08/2026
1056142;192974;COOPERCICA - 01;EDSON MALAGUTTI;27/08/2026
1056141;192975;COOPERCICA - 01;EDSON MALAGUTTI;27/08/2026
1056140;192853;COOPERCICA - 02;EDSON MALAGUTTI;27/08/2026
1056139;192854;COOPERCICA - 02;EDSON MALAGUTTI;27/08/2026
1056138;192159;JULIMILLY;JUAREZ COSTA;27/08/2026
1056137;192153;ROLDAO - JANDIRA;CAIO VINICIUS AMORIM;27/08/2026
1056136;192248;ROLDAO - PIRITUBA;CAIO VINICIUS AMORIM;27/08/2026
1056135;195359;ROLDAO - S JOSE CAMPOS;CAIO VINICIUS AMORIM;27/08/2026
1056134;192292;ROLDAO - BRASILANDIA;CAIO VINICIUS AMORIM;27/08/2026
1056133;192081;ROLDAO - SANTOS VILA MATHIAS;CAIO VINICIUS AMORIM;27/08/2026
1056132;193099;ROLDAO - CAMPINAS;CAIO VINICIUS AMORIM;27/08/2026
1056130;533;DA TERRINHA - FILIAL SP;VENDEDOR INTERNO;27/08/2026
1056128;192684;ROLDAO - SANTO ANDRE 2;CAIO VINICIUS AMORIM;27/08/2026
1056127;192179;ROLDAO - MAUA;CAIO VINICIUS AMORIM;27/08/2026
1056126;193165;ROLDAO - VALINHOS;CAIO VINICIUS AMORIM;27/08/2026
1056125;192297;ROLDAO - PQ COLONIAL;CAIO VINICIUS AMORIM;27/08/2026
1056124;192157;ROLDAO - PIRITUBA 02;CAIO VINICIUS AMORIM;27/08/2026
1056123;192169;ROLDAO - PRAIA GRANDE 02;CAIO VINICIUS AMORIM;27/08/2026
1056122;192978;ROLDAO - JUNDIAI 02;CAIO VINICIUS AMORIM;27/08/2026
1056121;192283;ROLDAO - BONSUCESSO;CAIO VINICIUS AMORIM;27/08/2026
1056120;193406;ROLDAO - VILA EMA;CAIO VINICIUS AMORIM;27/08/2026
1056119;192210;ROLDAO - OSASCO 02;CAIO VINICIUS AMORIM;27/08/2026
1056118;193139;ROLDAO - SANTANA;CAIO VINICIUS AMORIM;27/08/2026
1056117;192916;ROLDAO - SAO VICENTE;CAIO VINICIUS AMORIM;27/08/2026
1056116;192199;ROLDAO - INDAIATUBA;CAIO VINICIUS AMORIM;27/08/2026
1056115;192028;ROLDAO - ITU;CAIO VINICIUS AMORIM;27/08/2026
1056114;194647;ROLDAO - SALTO;CAIO VINICIUS AMORIM;27/08/2026
1056112;192749;ROLDAO - GUARUJA;CAIO VINICIUS AMORIM;27/08/2026
1056111;193363;ROLDAO - TIRADENTES;CAIO VINICIUS AMORIM;27/08/2026
1056110;192323;ROLDAO - FRANCO DA ROCHA;CAIO VINICIUS AMORIM;27/08/2026
1056108;192542;ROLDAO - SOROCABA;CAIO VINICIUS AMORIM;27/08/2026
1056107;192301;ROLDAO - ATIBAIA;CAIO VINICIUS AMORIM;27/08/2026
1056106;192661;ROLDAO - SANTO AMARO;CAIO VINICIUS AMORIM;27/08/2026
1056105;192132;ROLDAO - CUPECE;CAIO VINICIUS AMORIM;27/08/2026
1056104;192099;ROLDAO - MOOCA;CAIO VINICIUS AMORIM;27/08/2026
1056103;193153;ROLDAO - BUTANTA - MATRIZ;CAIO VINICIUS AMORIM;27/08/2026
1056102;192933;ROLDAO - IPIRANGA;CAIO VINICIUS AMORIM;27/08/2026
1056101;192256;ROLDAO - OSASCO;CAIO VINICIUS AMORIM;27/08/2026
1056099;192331;ROLDAO - CAMPO LIMPO;CAIO VINICIUS AMORIM;27/08/2026
1056098;192857;ROLDAO - JUNDIAI;CAIO VINICIUS AMORIM;27/08/2026
1056097;192309;ROLDAO - GUARULHOS;CAIO VINICIUS AMORIM;27/08/2026
1056094;192552;APETITO - CARNES SAN PEDRO;FELIPE GOMES;27/08/2026
1056093;192482;SIMPATIA - CD;VALTER AMARAL MACHADO;27/08/2026
1056092;192287;MERCADO ALIADO;GUSTAVO GOMES;27/08/2026
1056091;192286;MOTA SUPERMERCADO - GUARULHOS;GUSTAVO GOMES;27/08/2026
1056090;192114;M. ROSA PAES E DOCES;FRANCISCO DUARTE - LUIZ DUARTE;27/08/2026
1056088;191999;CARINHOSO SUPERMERCADO;GUSTAVO GOMES;27/08/2026
1056085;192285;MERCADO ALIADO;GUSTAVO GOMES;27/08/2026
1056084;192284;MOTA SUPERMERCADO - GUARULHOS;GUSTAVO GOMES;27/08/2026
1056082;192427;GLA GESTAO E COMERCIO;JOSUE EVANGELISTA;27/08/2026
1056080;191956;ITAPEVA;ALENCAR SILVA;27/08/2026
1056079;191947;ITAPEVA;ALENCAR SILVA;27/08/2026
1056078;192701;TORO ARMAZENAGEM - CLUB DE CAMPO;GILMERIO QUEIROZ - GERENTE DE AREA;27/08/2026
1056077;191907;LUSO BRASILE;JUAREZ COSTA;27/08/2026
1056076;192241;SUPERMERCADO SAO PEDRO;OSNEY RICARDO;27/08/2026
1056075;192353;GRUPO CHAMA - CD;LEONARDO VINICIUS;27/08/2026
1056074;192310;HX3698 HOUSE CENTER;GUSTAVO GOMES;27/08/2026
1056072;192702;TORO ARMAZENAGEM - CLUB DE CAMPO;GILMERIO QUEIROZ - GERENTE DE AREA;27/08/2026
1056071;192090;MERCADO FUSELI;FRANCISCO DUARTE - LUIZ DUARTE;27/08/2026
1056068;191843;REDE DUQUE - DOIS XIS;LUCIANA VICENZOTTO;27/08/2026
1056067;192085;BARATAO SAO LUCAS;FRANCISCO DUARTE - LUIZ DUARTE;27/08/2026
1056066;192166;SUPERMERCADO  TALISMA DE SAO VICENTE - LJ 25;JOSE SOARES;27/08/2026
1056065;192086;BARATAO SAO LUCAS;FRANCISCO DUARTE - LUIZ DUARTE;27/08/2026
1056064;192240;SUPERMERCADO SAO PEDRO;OSNEY RICARDO;27/08/2026
1056063;192703;TORO ARMAZENAGEM - CLUB DE CAMPO;GILMERIO QUEIROZ - GERENTE DE AREA;27/08/2026
1056061;192165;SUPERMERCADO  TALISMA DE SAO VICENTE - LJ 25;JOSE SOARES;27/08/2026
1056060;191526;KRILL - MATRIZ;JOSE SOARES;27/08/2026
1056058;192171;CORREA VOSSOROCA;PAULO COSTA;27/08/2026
1056057;192882;SUPERMERCADO PERNAMBUCO;PAULO COSTA;27/08/2026
1056056;192088;EMPORIO PRACA DAS CANARIAS;FLAVIA SIQUEIRA;27/08/2026
1056055;192089;EMPORIO PRACA DAS CANARIAS;FLAVIA SIQUEIRA;27/08/2026
1056054;191671;VILA DAS FRUTAS;INES MARTIN;27/08/2026
1056053;192026;MERCADO IMPERIO DO LARANJEIRAS;EDSON MALAGUTTI;27/08/2026
1056051;15196;AGROFOOD;FERNANDO ARRUDA;27/08/2026
1056049;15195;AGROFOOD;FERNANDO ARRUDA;27/08/2026
1056046;191815;BUENO  BUENO SUPERMERCADOS;DAIANE CRISTINA DE OLIVEIRA;27/08/2026
1056045;192481;SIMPATIA - CD;VALTER AMARAL MACHADO;27/08/2026
1056044;191923;SABORES DA TERRINHA - LOJA 03;ELTON;27/08/2026
1056043;191682;MERCADO BEM COMPRA;CAROLINA DOS SANTOS ROCHA;27/08/2026
1056040;192010;G PIRES - 02;CAROLINA DOS SANTOS ROCHA;27/08/2026
1056039;192008;G PIRES - 02;CAROLINA DOS SANTOS ROCHA;27/08/2026
1056035;191943;IDEAL DISTRIBUIDORA;ERICK MOREIRA;27/08/2026
1056032;191670;COMERCIAL TATENO - LOJA 2;SILVANO ARRUDA;27/08/2026
1056031;192041;NOSSO EMPÓRIO;CARLOS FERREIRA;27/08/2026
1056030;192040;NOSSO EMPÓRIO;CARLOS FERREIRA;27/08/2026
1056026;191651;ALESSANDRA MINIM;JOSE GOMES DOS S.;27/08/2026
1056025;191655;MINIMERCADO VILA SUELI;JOSE GOMES DOS S.;27/08/2026
1056024;191672;SUPERMERCADO VILA DAS FRUTAS;INES MARTIN;27/08/2026
1056020;191503;CLEO CAVALCANTI;CLEO CAVALCANTI;27/08/2026
1056019;191656;MINIMERCADO VILA SUELI;JOSE GOMES DOS S.;27/08/2026
1056013;191673;SUPERMERCADO VILA DAS FRUTAS;INES MARTIN;27/08/2026
1056012;192111;SANTO SM - 02;WILSON PEREIRA;27/08/2026
1056010;191803;SUPERMERCADO BEM MAIS;DAIANE CRISTINA DE OLIVEIRA;27/08/2026
1056009;191804;SUPERMERCADO BEM MAIS;DAIANE CRISTINA DE OLIVEIRA;27/08/2026
1056008;191658;CHIKEN  TOWN;ALENCAR SILVA;27/08/2026
1056002;191637;DAVITA - LJ 04;CELSO NUNES TEIXEIRA;27/08/2026
1056001;191959;DAVITA - LJ 05;CELSO NUNES TEIXEIRA;27/08/2026
1056000;191960;DAVITA - LJ 06;CELSO NUNES TEIXEIRA;27/08/2026
1055999;191962;DAVITA - LJ 03;CELSO NUNES TEIXEIRA;27/08/2026
1055996;191963;DAVITA - LJ 01;CELSO NUNES TEIXEIRA;27/08/2026
1055995;191961;DAVITA - LJ 02;CELSO NUNES TEIXEIRA;27/08/2026
1055993;191487;SABORES DA TERRINHA - LOJA 03;ELTON;27/08/2026
1055991;192052;SUPERMERCADO REAL;FLAVIA SIQUEIRA;27/08/2026
1055990;192048;SUPERMERCADO REAL;FLAVIA SIQUEIRA;27/08/2026
1055989;191676;EMPORIO BRASILEIRO - LOJA 01;FLAVIA SIQUEIRA;27/08/2026
1055988;192009;HORT SABOR DA ROCA;FLAVIA SIQUEIRA;27/08/2026
1055987;191652;ALESSANDRA MINIM;JOSE GOMES DOS S.;27/08/2026
1055986;191805;SUPERMERCADO BEM MAIS;DAIANE CRISTINA DE OLIVEIRA;27/08/2026
1055985;191971;HORT FRUTI ORIENTE;VALTER AMARAL MACHADO;27/08/2026
1055984;192068;WRS SUPERMERCADOS - 08;FELIPE GOMES;27/08/2026
1055983;191757;NOSSO LAR SUPERMERCADOS;FELIPE GOMES;27/08/2026
1055982;192045;WRS SUPERMERCADOS - 02;FELIPE GOMES;27/08/2026
1055981;191760;WRS SUPERMERCADOS - 07;FELIPE GOMES;27/08/2026
1055980;192049;WRS SUPERMERCADOS - 04;FELIPE GOMES;27/08/2026
1055979;192064;WRS SUPERMERCADOS - 03;FELIPE GOMES;27/08/2026
1055978;191762;WRS SUPERMERCADOS - 06;FELIPE GOMES;27/08/2026
1055977;192050;WRS SUPERMERCADOS - 05;FELIPE GOMES;27/08/2026
1055976;192426;GLA GESTAO E COMERCIO;JOSUE EVANGELISTA;27/08/2026
1055974;191654;SUPERMERCADO SERRA DO MAR - LJ 01;JOSE GOMES DOS S.;27/08/2026
1055973;191709;TRES M - LJ 02;LEANDRO GOLDINHO LOPES;27/08/2026
1055970;192110;SANTO SM - 02;WILSON PEREIRA;27/08/2026
1055965;191653;SUPERMERCADO SERRA DO MAR - LJ 02;JOSE GOMES DOS S.;27/08/2026
1055963;192212;TENNESSEE - DONA PRIMITIVA VIANCO;INES MARTIN;27/08/2026
1055962;192051;WRS SUPERMERCADOS - 05;FELIPE GOMES;27/08/2026
1055960;192109;SANTO SM - 01;WILSON PEREIRA;27/08/2026
1055959;191798;LOBAO - JOAO CARLOS;JOSE RICARDO FERNANDES;27/08/2026
1055958;191802;LOBAO - JOAO CARLOS;JOSE RICARDO FERNANDES;27/08/2026
1055956;191759;WRS SUPERMERCADOS - 06;FELIPE GOMES;27/08/2026
1055955;191720;TRES M - LJ 01;LEANDRO GOLDINHO LOPES;27/08/2026
1055954;305654;SABORES DA TERRINHA - LOJA 01;VENDEDOR INTERNO;27/08/2026
1055953;192398;LATICINIOS SAO CARLOS;INES MARTIN;27/08/2026
1055952;192065;WRS SUPERMERCADOS - 03;FELIPE GOMES;27/08/2026
1055949;191657;SUPERMERCADO SERRA DO MAR - LJ 02;JOSE GOMES DOS S.;27/08/2026
1055948;192046;WRS SUPERMERCADOS - 04;FELIPE GOMES;27/08/2026
1055946;191761;WRS SUPERMERCADOS - 07;FELIPE GOMES;27/08/2026
1055943;192108;SANTO SM - 01;WILSON PEREIRA;27/08/2026
1055942;191755;NOSSO LAR SUPERMERCADOS;FELIPE GOMES;27/08/2026
1055941;192047;WRS SUPERMERCADOS - 02;FELIPE GOMES;27/08/2026
1055939;192056;WRS SUPERMERCADOS - 08;FELIPE GOMES;27/08/2026
1055937;192134;SHOPPER - CARANDIRU;JOSE ARTENCIO;27/08/2026
1055935;191517;FARID - CD;VENDEDOR INTERNO;27/08/2026
1055933;191715;MASTER ATS SUPERMERCADOS - OSASCO;SILVANO ARRUDA;27/08/2026
1055932;191716;MASTER ATS SUPERMERCADOS - OSASCO;SILVANO ARRUDA;27/08/2026
1055929;191608;KADOTA HORTIFRUTI;JOSE ARTENCIO;27/08/2026
1055927;193779;MOUSTACHE BEAMS - OSASCO;EDVALDO DOS SANTOS PEREIRA;27/08/2026
1055924;191785;SUP MAXIMO - UBATUBA;RAPHAEL COUTINHO ESPINDOLA;27/08/2026
1055918;191620;DIA % - ONZE DE JULHO - SV;JOSE SOARES;27/08/2026
1055917;191970;HORT FRUTI ORIENTE;VALTER AMARAL MACHADO;27/08/2026
1055915;191631;SACOLAO S JORGE - SUPER BOM;ALENCAR SILVA;27/08/2026
1055913;195207;MERCADO NASCIMENTO;ESMAIL ANTONIO;27/08/2026
1055912;191796;SUPERMERCADOS REAL - LOJA 01;PAULO COSTA;27/08/2026
1055911;191797;SUPERMERCADOS REAL - LOJA 02;PAULO COSTA;27/08/2026
1055910;192175;SUPERMERCADOS REAL - LOJA 03;PAULO COSTA;27/08/2026
1055909;191795;SUPERMERCADOS REAL - LOJA 04;PAULO COSTA;27/08/2026
1055908;191794;SUPERMERCADOS REAL - LOJA 01;PAULO COSTA;27/08/2026
1055907;191790;FONSECA - LOJA 1;EDERVAL DONIZETE DA SILVA;27/08/2026
1055906;191789;FONSECA - LOJA 11;EDERVAL DONIZETE DA SILVA;27/08/2026
1055905;191574;REMARO SUPERMERCADO;PAULO COSTA;27/08/2026
1055904;192202;REMARO SUPERMERCADO;PAULO COSTA;27/08/2026
1055903;191791;SUPERMERCADO UNIAO REAL;EDERVAL DONIZETE DA SILVA;27/08/2026
1055902;192708;SUPERMERCADO TRADICIONAL;DAIANE CRISTINA DE OLIVEIRA;27/08/2026
1055900;191793;BUENO  BUENO SUPERMERCADOS;DAIANE CRISTINA DE OLIVEIRA;27/08/2026
1055890;191933;MUNDO CEREALISTA;ROBSON BERTOLINI;27/08/2026
1055889;191619;DIA % - ONZE DE JULHO - SV;JOSE SOARES;27/08/2026
1055887;191695;LIMA ITANHAEM;JOSE SOARES;27/08/2026
1055884;191891;MERCADO PAZ E HARMONIA;JUAREZ COSTA;27/08/2026
1055883;191733;REIS SUPERMERCADOS;JUAREZ COSTA;27/08/2026
1055882;191737;REIS SUPERMERCADOS;JUAREZ COSTA;27/08/2026
1055881;191690;PRATICO SUPERMERCADO - LJ 02;RONILSON RIBEIRO;27/08/2026
1055880;191689;PRATICO SUPERMERCADO - LJ 03;RONILSON RIBEIRO;27/08/2026
1055879;191696;PRATICO SUPERMERCADO - LJ 06;RONILSON RIBEIRO;27/08/2026
1055878;191694;PRATICO SUPERMERCADO - LJ 10;RONILSON RIBEIRO;27/08/2026
1055877;191618;RDD WA;ERICK MOREIRA;27/08/2026
1055876;191912;MERCADO  SAO JOSE;FRANCISCO ANACLETO;27/08/2026
1055875;192683;MERCADO  SAO JOSE;FRANCISCO ANACLETO;27/08/2026
1055874;191914;SUPERMERCADO SAO JOSE;FRANCISCO ANACLETO;27/08/2026
1055873;192508;REDE JORDMIX - LOJA 03;FRANCISCO ANACLETO;27/08/2026
1055872;192504;REDE JORDMIX - LOJA 01;FRANCISCO ANACLETO;27/08/2026
1055871;192502;REDE JORDMIX - LOJA 01;FRANCISCO ANACLETO;27/08/2026
1055870;192499;REDE JORDMIX - LOJA 02;FRANCISCO ANACLETO;27/08/2026
1055869;192500;REDE JORDMIX - LOJA 02;FRANCISCO ANACLETO;27/08/2026
1055868;192509;REDE JORDMIX - LOJA 03;FRANCISCO ANACLETO;27/08/2026
1055867;191788;SHIBATA - S10;EDMILSON - 02;27/08/2026
1055866;191528;SHIBATA - S11;EDMILSON - 02;27/08/2026
1055865;191820;SHIBATA - SUZANO;EDMILSON - 02;27/08/2026
1055864;191527;SHIBATA - S13;EDMILSON - 02;27/08/2026
1055863;191749;SHIBATA - S14;EDMILSON - 02;27/08/2026
1055862;191739;SHIBATA - S15;EDMILSON - 02;27/08/2026
1055861;191596;SHIBATA - S6;EDMILSON - 02;27/08/2026
1055860;191488;SHIBATA - S7;EDMILSON - 02;27/08/2026
1055859;191597;SHIBATA - S8;EDMILSON - 02;27/08/2026
1055858;191595;SHIBATA - S9;EDMILSON - 02;27/08/2026
1055857;191489;SHIBATA - S2;EDMILSON - 02;27/08/2026
1055856;191529;SHIBATA - S3;EDMILSON - 02;27/08/2026
1055855;191813;SHIBATA - TAUBATE;EDMILSON - 02;27/08/2026
1055854;191926;SHIBATA - BIRITIBA;EDMILSON - 02;27/08/2026
1055853;191800;SHIBATA - H17 GUARATINGUETA;EDMILSON - 02;27/08/2026
1055852;191787;SHIBATA - S1;EDMILSON - 02;27/08/2026
1055851;191784;SHIBATA - H13;EDMILSON - 02;27/08/2026
1055850;191817;SHIBATA - H14;EDMILSON - 02;27/08/2026
1055849;191801;SHIBATA - H15;EDMILSON - 02;27/08/2026
1055848;191491;SHIBATA - H16;EDMILSON - 02;27/08/2026
1055847;191747;SHIBATA - H10;EDMILSON - 02;27/08/2026
1055846;191606;SHIBATA - H11;EDMILSON - 02;27/08/2026
1055845;191751;SHIBATA -  H12;EDMILSON - 02;27/08/2026
1055844;191799;SHIBATA - APARECIDA;EDMILSON - 02;27/08/2026
1055843;191607;SHIBATA - PINDAMONHAGABA;EDMILSON - 02;27/08/2026
1055842;191972;SHIBATA - H8;EDMILSON - 02;27/08/2026
1055841;191490;SHIBATA - H9;EDMILSON - 02;27/08/2026
1055840;191492;SHIBATA - H3;EDMILSON - 02;27/08/2026
1055839;191814;SHIBATA - H4;EDMILSON - 02;27/08/2026
1055838;191750;SHIBATA - H5;EDMILSON - 02;27/08/2026
1055837;191927;SHIBATA - H2;EDMILSON - 02;27/08/2026
1055836;191786;SHIBATA - A1;EDMILSON - 02;27/08/2026
1055835;192093;SHIBATA - H1;EDMILSON - 02;27/08/2026
1055808;191915;SUPERMERCADO SAO JOSE;FRANCISCO ANACLETO;27/08/2026
1055807;191916;SUPERMERCADO SAO JOSE;FRANCISCO ANACLETO;27/08/2026
1055806;191913;MERCADO  SAO JOSE;FRANCISCO ANACLETO;26/08/2026
1055804;192344;REIMBERG - JEQUIRITUBA;KELVIN;26/08/2026
1055803;191586;REIMBERG - JEQUIRITUBA;KELVIN;26/08/2026
1055802;191611;REIMBERG - EMBU GUACU;KELVIN;26/08/2026
1055801;191609;REIMBERG - EMBU GUACU;KELVIN;26/08/2026
1055800;191583;REIMBERG - PERSONAL GARDEN;KELVIN;26/08/2026
1055799;192341;REIMBERG - PERSONAL GARDEN;KELVIN;26/08/2026
1055798;192135;KING MERCADINHO;GUSTAVO GOMES;26/08/2026
1055797;191615;RDD WA;ERICK MOREIRA;26/08/2026
1055796;191697;PRATICO SUPERMERCADO - LJ 02;RONILSON RIBEIRO;26/08/2026
1055795;191692;PRATICO SUPERMERCADO - LJ 03;RONILSON RIBEIRO;26/08/2026
1055794;191693;PRATICO SUPERMERCADO - LJ 06;RONILSON RIBEIRO;26/08/2026
1055792;191698;PRATICO SUPERMERCADO - LJ 10;RONILSON RIBEIRO;26/08/2026
1055791;191616;RDD WA;ERICK MOREIRA;26/08/2026
1055790;191792;BUENO  BUENO SUPERMERCADOS;DAIANE CRISTINA DE OLIVEIRA;26/08/2026
1055789;192103;SANTO SM - 02;WILSON PEREIRA;26/08/2026
1055788;191721;GIKANY TRANSPORTE;ERICK MOREIRA;26/08/2026
1055787;191777;SUPERMERCADO UNIAO REAL;EDERVAL DONIZETE DA SILVA;26/08/2026
1055785;191772;FONSECA - LOJA 13;EDERVAL DONIZETE DA SILVA;26/08/2026
1055784;191770;FONSECA - LOJA 12;EDERVAL DONIZETE DA SILVA;26/08/2026
1055783;191613;DIANAS ATACADISTA;INES MARTIN;26/08/2026
1055782;191617;DIANAS ATACADISTA;INES MARTIN;26/08/2026
1055781;191732;MINI MERC VALFRAN;FRANCISCO DUARTE - LUIZ DUARTE;26/08/2026
1055780;191628;MERCADO DOCE & LAR;JOSE GOMES DOS S.;26/08/2026
1055779;192900;PEDREIRA - 930 CD;ERICK MOREIRA;26/08/2026
1055778;191773;FONSECA - LOJA 11;EDERVAL DONIZETE DA SILVA;26/08/2026
1055777;191630;MERCADO DOCE & LAR;JOSE GOMES DOS S.;26/08/2026
1055776;191664;TELES - SETE;JUAREZ COSTA;26/08/2026
1055775;191818;H NERI MININERCADO;JOSE GOMES DOS S.;26/08/2026
1055774;191626;SUPERHORTIFRUTI SUPERMERCADO;JOSE GOMES DOS S.;26/08/2026
1055773;191625;SUPERHORTIFRUTI SUPERMERCADO;JOSE GOMES DOS S.;26/08/2026
1055772;191736;DANTAS;JUAREZ COSTA;26/08/2026
1055771;191622;SUPERMERCADO MAR PEQUENO II;RONILSON RIBEIRO;26/08/2026
1055770;191776;FONSECA - LOJA 10;EDERVAL DONIZETE DA SILVA;26/08/2026
1055768;191629;MERCADO DOCE & LAR;JOSE GOMES DOS S.;26/08/2026
1055767;191662;MERCADO 800;JUAREZ COSTA;26/08/2026
1055766;192511;FERNANDO HENRIQUE;JUAREZ COSTA;26/08/2026
1055765;192512;FERNANDO HENRIQUE;JUAREZ COSTA;26/08/2026
1055764;195456;MINI MERCADO DETROIT;JUAREZ COSTA;26/08/2026
1055762;191771;FONSECA - LOJA 9;EDERVAL DONIZETE DA SILVA;26/08/2026
1055761;191906;HORTIFRUTI LISITANIA;JUAREZ COSTA;26/08/2026
1055760;191819;H NERI MININERCADO;JOSE GOMES DOS S.;26/08/2026
1055759;191665;TELES - SETE;JUAREZ COSTA;26/08/2026
1055758;191723;SACOLAO SAUDE - 07;GILMERIO QUEIROZ - GERENTE DE AREA;26/08/2026
1055757;191781;FONSECA - LOJA 8;EDERVAL DONIZETE DA SILVA;26/08/2026
1055756;191554;SACOLAO SAUDE - 04;GILMERIO QUEIROZ - GERENTE DE AREA;26/08/2026
1055754;192104;SANTO SM - 02;WILSON PEREIRA;26/08/2026
1055753;191774;FONSECA - LOJA 7;EDERVAL DONIZETE DA SILVA;26/08/2026
1055752;191707;SACOLAO SAUDE - 08;GILMERIO QUEIROZ - GERENTE DE AREA;26/08/2026
1055751;191704;SACOLAO SAUDE - 09;GILMERIO QUEIROZ - GERENTE DE AREA;26/08/2026
1055750;191782;FONSECA - LOJA 6;EDERVAL DONIZETE DA SILVA;26/08/2026
1055749;191724;SACOLAO SAUDE - 07;GILMERIO QUEIROZ - GERENTE DE AREA;26/08/2026
1055748;191783;FONSECA - LOJA 5;EDERVAL DONIZETE DA SILVA;26/08/2026
1055747;191775;FONSECA - LOJA 4;EDERVAL DONIZETE DA SILVA;26/08/2026
1055746;191552;SACOLAO SAUDE - 04;GILMERIO QUEIROZ - GERENTE DE AREA;26/08/2026
1055745;191590;SACOLAO SAUDE - 05;GILMERIO QUEIROZ - GERENTE DE AREA;26/08/2026
1055744;191557;SACOLAO SAUDE - 06;GILMERIO QUEIROZ - GERENTE DE AREA;26/08/2026
1055743;191668;SACOLAO SAUDE - 02;GILMERIO QUEIROZ - GERENTE DE AREA;26/08/2026
1055742;191703;SACOLAO SAUDE - 09;GILMERIO QUEIROZ - GERENTE DE AREA;26/08/2026
1055741;192105;SANTO SM - 02;WILSON PEREIRA;26/08/2026
1055740;191640;SACOLAO VILA CARRAO;GILMERIO QUEIROZ - GERENTE DE AREA;26/08/2026
1055739;191675;FONSECA - LOJA 3;EDERVAL DONIZETE DA SILVA;26/08/2026
1055738;191725;SACOLAO SAUDE - 07;GILMERIO QUEIROZ - GERENTE DE AREA;26/08/2026
1055737;191706;SACOLAO SAUDE - 08;GILMERIO QUEIROZ - GERENTE DE AREA;26/08/2026
1055736;191779;FONSECA - LOJA 2;EDERVAL DONIZETE DA SILVA;26/08/2026
1055735;191780;FONSECA - LOJA 1;EDERVAL DONIZETE DA SILVA;26/08/2026
1055734;191558;SACOLAO SAUDE - 06;GILMERIO QUEIROZ - GERENTE DE AREA;26/08/2026
1055733;191624;SUPERMERCADO MAR PEQUENO II;RONILSON RIBEIRO;26/08/2026
1055732;192147;BARATAO CARAPICUIBA;CARLOS FERREIRA;26/08/2026
1055731;191563;ESCOLHIDO ALIMENTOS;CARLOS FERREIRA;26/08/2026
1055729;191561;EMPORIO JJ HORTIFRUTI;CARLOS FERREIRA;26/08/2026
1055728;191553;SACOLAO SAUDE - 04;GILMERIO QUEIROZ - GERENTE DE AREA;26/08/2026
1055727;191589;SACOLAO SAUDE - 05;GILMERIO QUEIROZ - GERENTE DE AREA;26/08/2026
1055726;191667;SACOLAO SAUDE - 02;GILMERIO QUEIROZ - GERENTE DE AREA;26/08/2026
1055725;191691;PRATICO SUPERMERCADO - LJ 01;RONILSON RIBEIRO;26/08/2026
1055724;191702;SACOLAO SAUDE - 09;GILMERIO QUEIROZ - GERENTE DE AREA;26/08/2026
1055723;191639;SACOLAO VILA CARRAO;GILMERIO QUEIROZ - GERENTE DE AREA;26/08/2026
1055722;191705;SACOLAO SAUDE - 08;GILMERIO QUEIROZ - GERENTE DE AREA;26/08/2026
1055721;192094;TAKAHASHI - LOJA 01;FLAVIA SIQUEIRA;26/08/2026
1055720;191726;SACOLAO SAUDE - 07;GILMERIO QUEIROZ - GERENTE DE AREA;26/08/2026
1055719;191666;SACOLAO SAUDE - 02;GILMERIO QUEIROZ - GERENTE DE AREA;26/08/2026
1055718;191549;SACOLAO SAUDE - 04;GILMERIO QUEIROZ - GERENTE DE AREA;26/08/2026
1055717;191588;SACOLAO SAUDE - 05;GILMERIO QUEIROZ - GERENTE DE AREA;26/08/2026
1055716;191559;SACOLAO SAUDE - 06;GILMERIO QUEIROZ - GERENTE DE AREA;26/08/2026
1055715;194110;COOP - CD SAO BERNADO;CAIO VINICIUS AMORIM;26/08/2026
1055714;194109;COOP - CD SAO BERNADO;CAIO VINICIUS AMORIM;26/08/2026
1055713;191735;SACOLAO SAUDE - 01;GILMERIO QUEIROZ - GERENTE DE AREA;26/08/2026
1055712;191623;PRATICO SUPERMERCADO - LJ 09;RONILSON RIBEIRO;26/08/2026
1055711;191758;MERCADO DOCE MEL;ROBERTO HIROSHI SOGA;26/08/2026
1055710;191731;MINI MERC VALFRAN;FRANCISCO DUARTE - LUIZ DUARTE;26/08/2026
1055709;191627;ROSELI MARIA DE MORAES - CARDOSO;JOSE GOMES DOS S.;26/08/2026
1055707;192137;EMPORIO VILLA VERDE;JOSE ROBERTO DENIZIO;26/08/2026
1055706;192107;SANTO SM - 01;WILSON PEREIRA;26/08/2026
1055705;192823;SUPERMERCADO CATANDUVA;LEANDRO GOLDINHO LOPES;26/08/2026
1055704;191945;MERCADO BOM DIA - LJ 03;FRANCISCO DUARTE - LUIZ DUARTE;26/08/2026
1055703;191728;SUPERVAREJAO SAUDE - 01;INES MARTIN;26/08/2026
1055702;191727;SUPERVAREJAO SAUDE - 01;INES MARTIN;26/08/2026
1055701;191677;JP STORE LTDA;FRANCISCO DUARTE - LUIZ DUARTE;26/08/2026
1055700;191942;MERCADO BOM DIA - LJ 02;FRANCISCO DUARTE - LUIZ DUARTE;26/08/2026
1055699;191680;MRC SETTA;FRANCISCO DUARTE - LUIZ DUARTE;26/08/2026
1055698;191555;AQUECEDORES E PRESSURIZADORES;CARLOS FERREIRA;26/08/2026
1055697;191642;MERCADO SUPREMO LTDA;PAULO SERGIO;26/08/2026
1055696;191641;MERCADO SUPREMO LTDA;PAULO SERGIO;26/08/2026
1055695;191580;MERCADINHO KI PRECO;CAROLINA DOS SANTOS ROCHA;26/08/2026
1055694;191579;MERCADINHO KI PRECO;CAROLINA DOS SANTOS ROCHA;26/08/2026
1055693;191582;MERCADINHO KI PRECO;CAROLINA DOS SANTOS ROCHA;26/08/2026
1055692;191578;MERCADINHO KI PRECO  - LJ 2;CAROLINA DOS SANTOS ROCHA;26/08/2026
1055691;192148;BARATAO CARAPICUIBA;CARLOS FERREIRA;26/08/2026
1055690;191614;DIANAS ATACADISTA;INES MARTIN;26/08/2026
1055689;191467;SONDA - CD;ANGELA MARIA;26/08/2026
1055688;191466;SONDA - CD;ANGELA MARIA;26/08/2026
1055687;191465;SONDA - CD;ANGELA MARIA;26/08/2026
1055686;192013;BEM BARATO - 05;KELVIN;26/08/2026
1055685;192113;BEM BARATO - 06;KELVIN;26/08/2026
1055684;192250;BEM BARATO - 07;KELVIN;26/08/2026
1055683;192021;BEM BARATO - 10;KELVIN;26/08/2026
1055682;192140;BEM BARATO - 11;KELVIN;26/08/2026
1055681;192112;BEM BARATO - 12;KELVIN;26/08/2026
1055680;191738;BEM BARATO - 14;KELVIN;26/08/2026
1055678;192011;SONDA - CD;ANGELA MARIA;26/08/2026
1055677;192039;BEM BARATO - 15;KELVIN;26/08/2026
1055676;191648;MERCADO SOROCABA - 05;CARLOS FERREIRA;26/08/2026
1055675;191643;MERCADO SOROCABA - 05;CARLOS FERREIRA;26/08/2026
1055674;191645;SUPERMERCADO SOROCABA;CARLOS FERREIRA;26/08/2026
1055672;191647;SUPERMERCADO TROPICAL;CARLOS FERREIRA;26/08/2026
1055671;191610;NOVO REALIDADE;CLEO CAVALCANTI;26/08/2026
1055670;192149;BARATAO CARAPICUIBA;CARLOS FERREIRA;26/08/2026
1055669;192092;BEM BARATO - 16;KELVIN;26/08/2026
1055668;192333;BEM BARATO - 17;KELVIN;26/08/2026
1055667;192096;BEM BARATO - 18;KELVIN;26/08/2026
1055662;191688;MINI MERCADO DOCE PRECO;FLAVIA SIQUEIRA;26/08/2026
1055661;192139;BEM BARATO - 03;KELVIN;26/08/2026
1055659;191987;BEM BARATO - 02;ERICK MOREIRA;26/08/2026
1055657;192245;BEM BARATO - 25;KELVIN;26/08/2026
1055656;192636;BEM BARATO - 26;KELVIN;26/08/2026
1055655;191990;BEM BARATO - 27;KELVIN;26/08/2026
1055654;191650;SUPERMERCADO JAPAO;CARLOS FERREIRA;26/08/2026
1055653;192152;GUI BOX - MERCADO CARAPICUIBA;CARLOS FERREIRA;26/08/2026
1055652;192116;PUBLIC - 960 CD;KELVIN;26/08/2026
1055651;191967;PUBLIC - 09;KELVIN;26/08/2026
1055648;191649;SUPERMERCADO JAPAO;CARLOS FERREIRA;26/08/2026
1055647;191646;SUPERMERCADO JAPAO;CARLOS FERREIRA;26/08/2026
1055646;191756;MERCADO DOCE MEL;ROBERTO HIROSHI SOGA;26/08/2026
1055644;192091;BEM BARATO - 29;KELVIN;26/08/2026
1055641;192115;BEM BARATO - 32;KELVIN;26/08/2026
1055640;191644;MERCADO CONTIGO;CARLOS FERREIRA;26/08/2026
1055639;192429;BEM BARATO - 33;KELVIN;26/08/2026
1055638;192227;BEM BARATO - 34;KELVIN;26/08/2026
1055637;191988;BEM BARATO - 35;KELVIN;26/08/2026
1055636;191969;BEM BARATO - 36;ERICK MOREIRA;26/08/2026
1055633;191591;HORTIFRUTI VILA DAS  FRUTAS;INES MARTIN;26/08/2026
1055632;192063;MERCADO MANA - VILA ANASTACIO;ROBERTO HIROSHI SOGA;26/08/2026
1055630;191763;MINIMERCADO MARAZUL;ROBERTO HIROSHI SOGA;26/08/2026
1055629;192291;ROLDAO - BRASILANDIA;CAIO VINICIUS AMORIM;26/08/2026
1055628;193136;ROLDAO - SANTANA;CAIO VINICIUS AMORIM;26/08/2026
1055627;192296;ROLDAO - PQ COLONIAL;CAIO VINICIUS AMORIM;26/08/2026
1055626;192136;HORTIFRUTI CHET;ROBERTO HIROSHI SOGA;26/08/2026
1055624;191556;AQUECEDORES E PRESSURIZADORES;CARLOS FERREIRA;26/08/2026
1055622;191743;VOG COMERCIO DE ALIMENTOS;FELIPE GOMES;26/08/2026
1055621;194646;DEDO DE MOCA;CLAUDIO AKIO SOGA;26/08/2026
1055620;191748;LIQIN CHEN;GUSTAVO GOMES;26/08/2026
1055619;191634;COMERCIAL MIGOTTO;CELSO NUNES TEIXEIRA;26/08/2026
1055618;191350;TAUSTE SUPERMERCADOS - CD;LUCIANE MARQUES;26/08/2026
1055617;191585;MERCADINHO KI PRECO  - LJ 2;CAROLINA DOS SANTOS ROCHA;26/08/2026
1055616;191633;COMERCIAL MIGOTTO;CELSO NUNES TEIXEIRA;26/08/2026
1055615;191584;MERCADINHO KI PRECO  - LJ 2;CAROLINA DOS SANTOS ROCHA;26/08/2026
1055614;191875;REDE DUQUE - HELIO PELEGRINO 2;LUCIANA VICENZOTTO;26/08/2026
1055613;191874;REDE DUQUE - GUARARAPES;LUCIANA VICENZOTTO;26/08/2026
1055612;191873;REDE DUQUE - CRUZEIRO DO SUL;LUCIANA VICENZOTTO;26/08/2026
1055611;191872;REDE DUQUE - TOCANTINS II;LUCIANA VICENZOTTO;26/08/2026
1055610;191871;REDE DUQUE - ESTADAO;LUCIANA VICENZOTTO;26/08/2026
1055609;191870;REDE DUQUE - ESCOCIA;LUCIANA VICENZOTTO;26/08/2026
1055608;191869;REDE DUQUE - JARDIM EUROPA;LUCIANA VICENZOTTO;26/08/2026
1055607;191868;REDE DUQUE - CONVENIENCIA 1;LUCIANA VICENZOTTO;26/08/2026
1055606;191778;SUPERMERCADOS MARIANA;CRISTIANE SEDENHO;26/08/2026
1055605;194193;COVABRA SUPERMERCADO - CD SUMARE;LUCIANE MARQUES;26/08/2026
1055602;191581;MERCADINHO KI PRECO;CAROLINA DOS SANTOS ROCHA;26/08/2026
1055601;191867;REDE DUQUE - ANGELICA CIA;LUCIANA VICENZOTTO;26/08/2026
1055599;191866;REDE DUQUE - MORUMBI;LUCIANA VICENZOTTO;26/08/2026
1055598;191865;REDE DUQUE - PARQUE BARUERI;LUCIANA VICENZOTTO;26/08/2026
1055597;192692;REDE DUQUE - ENDURANCE;LUCIANA VICENZOTTO;26/08/2026
1055574;191769;COGEB SUPERMERCADOS;CRISTIANE SEDENHO;26/08/2026
1055573;191636;SM ST TEREZINHA - MONTE MOR;EDSON MALAGUTTI;26/08/2026
1055572;191632;SM ST TEREZINHA - NOVA VENEZA;EDSON MALAGUTTI;26/08/2026
1055571;191635;SM ST TEREZINHA - SUMARE;EDSON MALAGUTTI;26/08/2026
1055570;191474;SUPERMERCADO DELTA MAX - CD PIRACICABA;CELSO NUNES TEIXEIRA;26/08/2026
1055569;191520;SEMPRE VALE - 32 CD;CELSO NUNES TEIXEIRA;26/08/2026
1055568;191473;SUPERMERCADO DELTA MAX - CD PIRACICABA;CELSO NUNES TEIXEIRA;26/08/2026
1055567;191592;HORTISABOR - 03;CAROLINA DOS SANTOS ROCHA;26/08/2026
1055565;191863;REDE DUQUE - TOCANTINS;LUCIANA VICENZOTTO;26/08/2026
1055564;191855;REDE DUQUE - RR ALDEIA;LUCIANA VICENZOTTO;26/08/2026
1055563;191612;HORTISABOR - 01;CAROLINA DOS SANTOS ROCHA;26/08/2026
1055562;191862;REDE DUQUE - CENTENARIO;LUCIANA VICENZOTTO;26/08/2026
1055561;191853;REDE DUQUE - AUSTRIA;LUCIANA VICENZOTTO;26/08/2026
1055549;191519;SEMPRE VALE - 32 CD;CELSO NUNES TEIXEIRA;26/08/2026
1055548;191560;EMPORIO MEGA 100;EDSON MALAGUTTI;26/08/2026
1055560;191852;REDE DUQUE - BETHA;LUCIANA VICENZOTTO;26/08/2026
1055547;191860;REDE DUQUE - BETHAVILLE;LUCIANA VICENZOTTO;26/08/2026
1055545;191859;REDE DUQUE - PARQUE JABAQUARA;LUCIANA VICENZOTTO;26/08/2026
1055544;191858;REDE DUQUE - VOLUNTARIOS;LUCIANA VICENZOTTO;26/08/2026
1055543;191710;MASTER ATS SUPERMERCADOS - OSASCO;SILVANO ARRUDA;26/08/2026
1055542;192101;AUTO SERVICOS ROCAR;LUCIANA VICENZOTTO;26/08/2026
1055541;191857;REDE DUQUE - FGN COMERCIAL;LUCIANA VICENZOTTO;26/08/2026
1055539;191856;REDE DUQUE - IMPERIO;LUCIANA VICENZOTTO;26/08/2026
1055535;191497;SM ST TEREZINHA - SUMARE;EDSON MALAGUTTI;26/08/2026
1055534;191472;SUPERMERCADO DELTA MAX - CD PIRACICABA;CELSO NUNES TEIXEIRA;26/08/2026
1055533;191854;REDE DUQUE - FORTALEZA;LUCIANA VICENZOTTO;26/08/2026
1055531;191861;REDE DUQUE - AEROPORTO;LUCIANA VICENZOTTO;26/08/2026
1055530;191495;SM ST TEREZINHA - NOVA VENEZA;EDSON MALAGUTTI;26/08/2026
1055529;191711;MASTER ATS SUPERMERCADOS - CD;SILVANO ARRUDA;26/08/2026
1055528;191864;REDE DUQUE - TOPAZIO;LUCIANA VICENZOTTO;26/08/2026
1055527;191734;REDE DUQUE - SANTO ANDRE;LUCIANA VICENZOTTO;26/08/2026
1055525;191848;REDE DUQUE - SALIM MALUF;LUCIANA VICENZOTTO;26/08/2026
1055524;191847;REDE DUQUE - LAPA;LUCIANA VICENZOTTO;26/08/2026
1055523;192106;SANTO SM - 01;WILSON PEREIRA;26/08/2026
1055522;191496;SM ST TEREZINHA - MONTE MOR;EDSON MALAGUTTI;26/08/2026
1055521;191846;REDE DUQUE - PANAMBY UM;LUCIANA VICENZOTTO;26/08/2026
1055520;191845;REDE DUQUE - BRIGADEIRO;LUCIANA VICENZOTTO;26/08/2026
1055518;191844;REDE DUQUE - ZAGOTTIS;LUCIANA VICENZOTTO;26/08/2026
1055517;191768;COGEB SUPERMERCADOS;CRISTIANE SEDENHO;26/08/2026
1055516;191842;REDE DUQUE - VILA BUARQUE;LUCIANA VICENZOTTO;26/08/2026
1055514;192691;REDE DUQUE - VEREDA TROPICAL;LUCIANA VICENZOTTO;26/08/2026
1055513;191681;SACOLAO S JORGE - TEOTONIO VILELA;ALENCAR SILVA;26/08/2026
1055512;191746;LIQIN CHEN;GUSTAVO GOMES;26/08/2026
1055511;191841;REDE DUQUE - VEIGA FILHO;LUCIANA VICENZOTTO;26/08/2026
1055509;191840;REDE DUQUE - PORTAL DE SANTANA;LUCIANA VICENZOTTO;26/08/2026
1055508;191851;REDE DUQUE - ROAN;LUCIANA VICENZOTTO;26/08/2026
1055507;191730;SACOLAO S JORGE - HORTIFRUTI QUEIROZ FILHO;ALENCAR SILVA;26/08/2026
1055506;191850;REDE DUQUE - PLUS CENTER;LUCIANA VICENZOTTO;26/08/2026
1055505;191849;REDE DUQUE - PIRATININS IN;LUCIANA VICENZOTTO;26/08/2026
1055503;191352;MRC SETTA;FRANCISCO DUARTE - LUIZ DUARTE;26/08/2026
1055501;194645;DEDO DE MOCA;CLAUDIO AKIO SOGA;26/08/2026
1055500;191714;MASTER ATS SUPERMERCADOS - OSASCO;SILVANO ARRUDA;26/08/2026
1055498;192012;SONDA - CD;ANGELA MARIA;26/08/2026
1055497;192453;BERGAMINI - JACANA;FELIPE GOMES;26/08/2026
1055496;191941;MERCADO BOM DIA - LJ 02;FRANCISCO DUARTE - LUIZ DUARTE;26/08/2026
1055494;191279;RT COMERCIO DE PRODUTOS ALIMENTICIOS;CELSO NUNES TEIXEIRA;26/08/2026
1055493;191934;BERGAMINI - EDU CHAVES;FELIPE GOMES;26/08/2026
1055492;192053;SUPERMERCADO OURINHOS;FELIPE GOMES;26/08/2026
1055491;192730;SAO VICENTE;RAPHAEL COUTINHO ESPINDOLA;26/08/2026
1055489;192335;KS TWO COMERCIAL E DISTRIBUIDORA;VALTER AMARAL MACHADO;26/08/2026
1055488;192452;BERGAMINI - JACANA;FELIPE GOMES;26/08/2026
1055487;191937;BERGAMINI - EDU CHAVES;FELIPE GOMES;26/08/2026
1055486;191744;VOG COMERCIO DE ALIMENTOS;FELIPE GOMES;26/08/2026
1055484;191683;TAUSTE SUPERMERCADOS - CD;LUCIANE MARQUES;26/08/2026
1055483;191638;CALVO - JD ARICANDUVA;VALDENIR VOLTERO;26/08/2026
1055481;191353;BARATAO SAO LUCAS;FRANCISCO DUARTE - LUIZ DUARTE;26/08/2026
1055480;191356;JP STORE LTDA;FRANCISCO DUARTE - LUIZ DUARTE;26/08/2026
1055477;191500;MERCADO BOM DIA - LJ 03;FRANCISCO DUARTE - LUIZ DUARTE;26/08/2026
1055476;192334;KS TWO COMERCIAL E DISTRIBUIDORA;VALTER AMARAL MACHADO;26/08/2026
1055474;194192;COVABRA SUPERMERCADO - CD SUMARE;LUCIANE MARQUES;26/08/2026
1055472;191499;MINIMERCADO MM;FRANCISCO DUARTE - LUIZ DUARTE;26/08/2026
1055471;195208;MERCADO NASCIMENTO;ESMAIL ANTONIO;26/08/2026
1055469;191532;CASA RIO - COMERCIO;JOSE SOARES;26/08/2026
1055468;193355;KRILL - MATRIZ;JOSE SOARES;26/08/2026
1055467;193354;KRILL - MATRIZ;JOSE SOARES;26/08/2026
1055466;191879;SUPERMERCADO BIA;EDERVAL DONIZETE DA SILVA;26/08/2026
1055465;191767;SUPERMERCADO BIA;EDERVAL DONIZETE DA SILVA;26/08/2026
1055464;191877;SUPERMERCADO SACCHI;EDERVAL DONIZETE DA SILVA;26/08/2026
1055463;191765;SUPERMERCADO SACCHI;EDERVAL DONIZETE DA SILVA;26/08/2026
1055462;191878;FRA COMERCIO;EDERVAL DONIZETE DA SILVA;26/08/2026
1055461;191766;FRA COMERCIO;EDERVAL DONIZETE DA SILVA;26/08/2026
1055459;192005;CELSO NUNES TEIXEIRA;JOSUE EVANGELISTA;26/08/2026
1055458;192226;PORTAL ATACADO - FILIAL;ROBERTO CARLOS SANTANA;26/08/2026
1055457;192225;PORTAL ATACADO - MATRIZ;ROBERTO CARLOS SANTANA;26/08/2026
1055455;191929;J VARGAS  - LOJA 2;SERGIO MURILO SOARES;26/08/2026
1055454;191928;J VARGAS  - LOJA 3;SERGIO MURILO SOARES;26/08/2026
1055453;192822;SUPERMERCADO CATANDUVA;LEANDRO GOLDINHO LOPES;26/08/2026
1055452;191713;MASTER ATS SUPERMERCADOS - OSASCO;SILVANO ARRUDA;26/08/2026
1055451;191839;REDE DUQUE - PANAMBY DOIS;LUCIANA VICENZOTTO;26/08/2026
1055450;191838;REDE DUQUE - MOREIRA GUIMARAES;LUCIANA VICENZOTTO;26/08/2026
1055449;191837;REDE DUQUE - MINGO;LUCIANA VICENZOTTO;26/08/2026
1055448;191836;REDE DUQUE - LUBE;LUCIANA VICENZOTTO;26/08/2026
1055447;191835;REDE DUQUE - LORENA;LUCIANA VICENZOTTO;26/08/2026
1055446;191834;REDE DUQUE - DOIS XIS;LUCIANA VICENZOTTO;26/08/2026
1055445;191722;CASA DE CARNES DAYTONA;ROSI SOUSA;26/08/2026
1055444;191712;MASTER ATS SUPERMERCADOS - OSASCO;SILVANO ARRUDA;26/08/2026
1055443;191833;REDE DUQUE - JK;LUCIANA VICENZOTTO;26/08/2026
1055442;191832;REDE DUQUE - JARDIM AMERICA;LUCIANA VICENZOTTO;26/08/2026
1055441;191831;REDE DUQUE - SUECIA;LUCIANA VICENZOTTO;26/08/2026
1055440;191830;REDE DUQUE - DUMONT VILLARES;LUCIANA VICENZOTTO;26/08/2026
1055439;193011;SUPERMERCADO BIG COMPRA - CD;DAIANE CRISTINA DE OLIVEIRA;26/08/2026
1055438;191829;REDE DUQUE - CENTRO;LUCIANA VICENZOTTO;26/08/2026
1055437;191828;REDE DUQUE - CITY;LUCIANA VICENZOTTO;26/08/2026
1055436;194191;COVABRA SUPERMERCADO - CD SUMARE;LUCIANE MARQUES;26/08/2026
1055434;191764;SM ROBERTO;JOSE RICARDO FERNANDES;26/08/2026
1055432;192821;SUPERMERCADO CATANDUVA;LEANDRO GOLDINHO LOPES;26/08/2026
1055430;191570;GOOD BOM - 10;OSNEY RICARDO;26/08/2026
1055428;192003;GOOD BOM - 04;OSNEY RICARDO;26/08/2026
1055426;191569;GOOD BOM - 10;OSNEY RICARDO;26/08/2026
1055425;191398;COLINA - REINO;SEBASTIAO FERNANDES;26/08/2026
1055423;191280;DALBEN - TAQUARAL;OSNEY RICARDO;26/08/2026
1055422;191363;DALBEN - BARAO;OSNEY RICARDO;26/08/2026
1055421;191401;COFESA - 08;DANILO DE ALMEIDA SANTOS;26/08/2026
1055420;191399;SM IDEAL;DANILO DE ALMEIDA SANTOS;26/08/2026
1055419;191400;SM IDEAL;DANILO DE ALMEIDA SANTOS;26/08/2026
1055418;192138;EMPORIO VILLA VERDE;JOSE ROBERTO DENIZIO;26/08/2026
1055417;191538;CASA DE PAES SANTA CLARA;RONILSON RIBEIRO;26/08/2026
1055416;191278;RT COMERCIO DE PRODUTOS ALIMENTICIOS;CELSO NUNES TEIXEIRA;26/08/2026
1055415;191403;SAO JOSE COMERCIO;MARCELO GREGORIO;26/08/2026
1055413;192833;HIGA SANTA BARBARA - LOJA 10;OSNEY RICARDO;26/08/2026
1055412;191264;HIGA PRODUTOS - SOROCABA;OSNEY RICARDO;26/08/2026
1055411;191493;HIGA PRODUTOS  - LOJA 07;OSNEY RICARDO;26/08/2026
1055410;191397;COLINA - SUL;SEBASTIAO FERNANDES;26/08/2026
1055409;192277;HIGA PRODUTOS - CAMPINAS;OSNEY RICARDO;26/08/2026
1055406;191396;COLINA - ILHABELA;SEBASTIAO FERNANDES;26/08/2026
1055405;191263;HIGA PRODUTOS - SOROCABA;OSNEY RICARDO;26/08/2026
1055404;191265;HIGA PRODUTOS - SOROCABA;OSNEY RICARDO;26/08/2026
1055403;191533;RR COMERCIO DE ALIMENTOS;RONILSON RIBEIRO;26/08/2026
1055402;191494;HIGA PRODUTOS  - LOJA 07;OSNEY RICARDO;26/08/2026
1055399;192772;HIGA PRODUTOS - CAMPINAS;OSNEY RICARDO;26/08/2026
1055397;192771;HIGA PRODUTOS - CAMPINAS;OSNEY RICARDO;26/08/2026
1055396;191358;EMPORIO BRASILEIRO - LOJA 01;FLAVIA SIQUEIRA;26/08/2026
1055395;192832;HIGA SANTA BARBARA - LOJA 10;OSNEY RICARDO;26/08/2026
1055393;192059;IRMAOS REIS;FLAVIA SIQUEIRA;26/08/2026
1055388;191598;M CLOSET COMERCIAL;JOSIAS EVANGELISTA;26/08/2026
1055387;191394;MERCADO YASSUY;KALIEL DE CALDA LEITE;26/08/2026
1055386;191536;SUPERMERCADO MAR PEQUENO;RONILSON RIBEIRO;26/08/2026
1055383;191535;SUPERMERCADO MAR PEQUENO;RONILSON RIBEIRO;26/08/2026
1055380;191395;MERCADO YASSUY;KALIEL DE CALDA LEITE;26/08/2026
1055378;191429;HORIZON MERCADO;JOSE ROBERTO DENIZIO;26/08/2026
1055377;192383;MERCADAO - 03;EDVALDO DOS SANTOS PEREIRA;26/08/2026
1055376;192434;MERCADAO - 10;EDVALDO DOS SANTOS PEREIRA;26/08/2026
1055375;192450;MERCADAO - 11;EDVALDO DOS SANTOS PEREIRA;26/08/2026
1055374;192359;MERCADAO - 12;EDVALDO DOS SANTOS PEREIRA;26/08/2026
1055373;192413;MERCADAO - 13;EDVALDO DOS SANTOS PEREIRA;26/08/2026
1055372;192503;MERCADAO - 14;EDVALDO DOS SANTOS PEREIRA;26/08/2026
1055371;192381;MERCADAO - 03;EDVALDO DOS SANTOS PEREIRA;26/08/2026
1055370;192781;MERCADAO - 02;EDVALDO DOS SANTOS PEREIRA;26/08/2026
1055369;192477;MERCADAO - 01;EDVALDO DOS SANTOS PEREIRA;26/08/2026
1055368;192364;MERCADAO - 04;EDVALDO DOS SANTOS PEREIRA;26/08/2026
1055367;192438;MERCADAO - 05;EDVALDO DOS SANTOS PEREIRA;26/08/2026
1055366;192402;MERCADAO - 06;EDVALDO DOS SANTOS PEREIRA;26/08/2026
1055365;192358;MERCADAO - 12;EDVALDO DOS SANTOS PEREIRA;26/08/2026
1055364;192501;MERCADAO - 14;EDVALDO DOS SANTOS PEREIRA;26/08/2026
1055363;192442;MERCADAO - 08;EDVALDO DOS SANTOS PEREIRA;26/08/2026
1055362;192780;MERCADAO - 02;EDVALDO DOS SANTOS PEREIRA;26/08/2026
1055361;192476;MERCADAO - 01;EDVALDO DOS SANTOS PEREIRA;26/08/2026
1055360;192363;MERCADAO - 04;EDVALDO DOS SANTOS PEREIRA;26/08/2026
1055359;191537;SUPERMERCADO FRANSUE - VILA SAO JORGE - LJ 05;JOSE SOARES;26/08/2026
1055356;192651;MERCADAO - 09;EDVALDO DOS SANTOS PEREIRA;26/08/2026
1055355;192433;MERCADAO - 10;EDVALDO DOS SANTOS PEREIRA;26/08/2026
1055353;192448;MERCADAO - 11;EDVALDO DOS SANTOS PEREIRA;26/08/2026
1055352;192357;MERCADAO - 12;EDVALDO DOS SANTOS PEREIRA;26/08/2026
1055351;192411;MERCADAO - 13;EDVALDO DOS SANTOS PEREIRA;26/08/2026
1055350;192498;MERCADAO - 14;EDVALDO DOS SANTOS PEREIRA;26/08/2026
1055349;192380;MERCADAO - 03;EDVALDO DOS SANTOS PEREIRA;26/08/2026
1055348;192410;MERCADAO - 13;EDVALDO DOS SANTOS PEREIRA;26/08/2026
1055347;192497;MERCADAO - 14;EDVALDO DOS SANTOS PEREIRA;26/08/2026
1055346;192409;MERCADAO - 13;EDVALDO DOS SANTOS PEREIRA;26/08/2026
1055345;192447;MERCADAO - 11;EDVALDO DOS SANTOS PEREIRA;26/08/2026
1055344;192432;MERCADAO - 10;EDVALDO DOS SANTOS PEREIRA;26/08/2026
1055343;192650;MERCADAO - 09;EDVALDO DOS SANTOS PEREIRA;26/08/2026
1055342;192441;MERCADAO - 08;EDVALDO DOS SANTOS PEREIRA;26/08/2026
1055341;192641;MERCADAO - 07;EDVALDO DOS SANTOS PEREIRA;26/08/2026
1055338;192379;MERCADAO - 03;EDVALDO DOS SANTOS PEREIRA;26/08/2026
1055337;191539;SUPERMERCADOS M FARIA E R GRAVINA;JOSE SOARES;26/08/2026
1055334;192368;MERCADAO - 04;EDVALDO DOS SANTOS PEREIRA;26/08/2026
1055333;191540;SUPERMERCADOS M FARIA E R GRAVINA;JOSE SOARES;26/08/2026
1055329;192405;MERCADAO - 06;EDVALDO DOS SANTOS PEREIRA;26/08/2026
1055328;192382;MERCADAO - 03;EDVALDO DOS SANTOS PEREIRA;26/08/2026
1055327;192782;MERCADAO - 02;EDVALDO DOS SANTOS PEREIRA;26/08/2026
1055326;192478;MERCADAO - 01;EDVALDO DOS SANTOS PEREIRA;26/08/2026
1055325;192365;MERCADAO - 04;EDVALDO DOS SANTOS PEREIRA;26/08/2026
1055324;192439;MERCADAO - 05;EDVALDO DOS SANTOS PEREIRA;26/08/2026
1055323;192403;MERCADAO - 06;EDVALDO DOS SANTOS PEREIRA;26/08/2026
1055322;192643;MERCADAO - 07;EDVALDO DOS SANTOS PEREIRA;26/08/2026
1055320;192646;MERCADAO - 07;EDVALDO DOS SANTOS PEREIRA;26/08/2026
1055319;192445;MERCADAO - 08;EDVALDO DOS SANTOS PEREIRA;26/08/2026
1055318;192505;MERCADAO - 14;EDVALDO DOS SANTOS PEREIRA;26/08/2026
1055317;192655;MERCADAO - 09;EDVALDO DOS SANTOS PEREIRA;26/08/2026
1055316;192436;MERCADAO - 10;EDVALDO DOS SANTOS PEREIRA;26/08/2026
1055315;192451;MERCADAO - 11;EDVALDO DOS SANTOS PEREIRA;26/08/2026
1055314;192360;MERCADAO - 12;EDVALDO DOS SANTOS PEREIRA;26/08/2026
1055313;192414;MERCADAO - 13;EDVALDO DOS SANTOS PEREIRA;26/08/2026
1055311;192642;MERCADAO - 07;EDVALDO DOS SANTOS PEREIRA;26/08/2026
1055310;192443;MERCADAO - 08;EDVALDO DOS SANTOS PEREIRA;26/08/2026
1055309;192652;MERCADAO - 09;EDVALDO DOS SANTOS PEREIRA;26/08/2026
1055308;192435;MERCADAO - 10;EDVALDO DOS SANTOS PEREIRA;26/08/2026
1055307;192449;MERCADAO - 11;EDVALDO DOS SANTOS PEREIRA;26/08/2026
1055305;192783;MERCADAO - 02;EDVALDO DOS SANTOS PEREIRA;26/08/2026
1055304;192367;MERCADAO - 04;EDVALDO DOS SANTOS PEREIRA;26/08/2026
1055303;192440;MERCADAO - 05;EDVALDO DOS SANTOS PEREIRA;26/08/2026
1055302;192645;MERCADAO - 07;EDVALDO DOS SANTOS PEREIRA;26/08/2026
1055301;192444;MERCADAO - 08;EDVALDO DOS SANTOS PEREIRA;26/08/2026
1055300;192654;MERCADAO - 09;EDVALDO DOS SANTOS PEREIRA;26/08/2026
1055299;192479;MERCADAO - 01;EDVALDO DOS SANTOS PEREIRA;26/08/2026
1055298;192404;MERCADAO - 06;EDVALDO DOS SANTOS PEREIRA;26/08/2026
1055295;191508;BONSAI - JORDEENE;CAROLINA DOS SANTOS ROCHA;26/08/2026
1055294;191510;BONSAI - JORDEENE;CAROLINA DOS SANTOS ROCHA;26/08/2026
1055293;191507;BONSAI - JORDEENE;CAROLINA DOS SANTOS ROCHA;26/08/2026
1055292;191452;HOUSE OF MAYA ALIMENTOS;CAROLINA DOS SANTOS ROCHA;26/08/2026
1055290;192062;SUPERMERCADO OURINHOS;FELIPE GOMES;26/08/2026
1055289;191430;HORIZON MERCADO;JOSE ROBERTO DENIZIO;26/08/2026
1055287;192454;BERGAMINI - JACANA;FELIPE GOMES;26/08/2026
1055286;191935;BERGAMINI - EDU CHAVES;FELIPE GOMES;26/08/2026
1055280;305646;2JM AMIDOS;TELEVENDAS - DA TERRINHA;26/08/2026
1055267;191600;BELLA VITÓRIA  - LJ 2;LUCIANO PEREIRA;26/08/2026
1055263;191360;SUPERMERCADO BRUNO - 01;CARLOS FERREIRA;26/08/2026
1055262;191272;HIROTA EXPRESS - CD 98;GILMERIO QUEIROZ - GERENTE DE AREA;26/08/2026
1055261;191410;SUPERMERCADOS MARIANA;CRISTIANE SEDENHO;26/08/2026
1055260;192663;HIROTA EXPRESS - CD CEAGESP;GILMERIO QUEIROZ - GERENTE DE AREA;26/08/2026
1055259;191411;SUPERMERCADOS MARIANA;CRISTIANE SEDENHO;26/08/2026
1055257;192054;AMIGO BARATE;GUSTAVO GOMES;26/08/2026
1055256;191409;SUPEMERCADO BELINELLI - VISTA ALEGRE;CRISTIANE SEDENHO;26/08/2026
1055255;191412;SUPERMERCADO BELINELLI - ARARAQUARA;CRISTIANE SEDENHO;26/08/2026
1055254;191205;VALTER PINHEIRO;VALTER PINHEIRO;26/08/2026
1055253;191345;MERCADINHO J SILVA;GUSTAVO GOMES;26/08/2026
1055252;191344;SUPERMERCADO ALIANCA;GUSTAVO GOMES;26/08/2026
1055251;192455;LEE SUPERMERCADO;GUSTAVO GOMES;26/08/2026
1055250;191461;FAMILIA II SUPERMERCADO;GUSTAVO GOMES;26/08/2026
1055249;191331;BETTOS SUPERMERCADO - LOJA 01;CLAUDIO AKIO SOGA;26/08/2026
1055248;191329;BETTOS SUPERMERCADO - LOJA 02;CLAUDIO AKIO SOGA;26/08/2026
1055247;191328;BETTOS SUPERMERCADO - LOJA 02;CLAUDIO AKIO SOGA;26/08/2026
1055246;191407;SUPERMERCADO BELINELLI - RINCAO;CRISTIANE SEDENHO;26/08/2026
1055245;191327;BETTOS SUPERMERCADO - LOJA 02;CLAUDIO AKIO SOGA;26/08/2026
1055244;191333;BETTOS SUPERMERCADO - LOJA 03;CLAUDIO AKIO SOGA;26/08/2026
1055243;191334;BETTOS SUPERMERCADO - LOJA 03;CLAUDIO AKIO SOGA;26/08/2026
1055241;191408;SUPERMERCADO BELINELLI - MATRIZ;CRISTIANE SEDENHO;26/08/2026
1055240;191336;BETTOS SUPERMERCADO - LOJA 04;CLAUDIO AKIO SOGA;26/08/2026
1055239;191337;BETTOS SUPERMERCADO - LOJA 04;CLAUDIO AKIO SOGA;26/08/2026
1055237;196788;ASSAI - 155;FERNANDO VOLTERO;26/08/2026
1055236;191534;MERCADINHO MINEIRAO;JOSE SOARES;26/08/2026
1055233;191359;SUPERMERCADO BRUNO - 01;CARLOS FERREIRA;26/08/2026
1055232;191594;SUPERMERCADO JAPAO - BARUERI;CARLOS FERREIRA;26/08/2026
1055231;191310;EMPÓRIO POMARKET;MARIO MIZUKA;26/08/2026
1055230;191456;MERCADO E SACOLAO PIRAPORINHA;CAROLINA DOS SANTOS ROCHA;26/08/2026
1055229;191602;MERC LUCINDOS;FRANCISCO DUARTE - LUIZ DUARTE;26/08/2026
1055227;191457;MERCADO E SACOLAO PIRAPORINHA;CAROLINA DOS SANTOS ROCHA;26/08/2026
1055226;191307;MERCADO ESPERANCA;CAROLINA DOS SANTOS ROCHA;26/08/2026
1055225;192006;MERCADO CABRAL;CAROLINA DOS SANTOS ROCHA;26/08/2026
1055224;192007;MERCADO CABRAL;CAROLINA DOS SANTOS ROCHA;26/08/2026
1055223;191515;CANTINA ESCOLAR NOVA GERACAO;CAROLINA DOS SANTOS ROCHA;26/08/2026
1055222;191513;CANTINA ESCOLAR NOVA GERACAO;CAROLINA DOS SANTOS ROCHA;26/08/2026
1055221;191306;EMD MERCADO E PADARIA;CAROLINA DOS SANTOS ROCHA;26/08/2026
1055220;191305;EMD MERCADO E PADARIA;CAROLINA DOS SANTOS ROCHA;26/08/2026
1055219;191601;SUPERMERCADO KIYOMOTO;JUAREZ COSTA;26/08/2026
1055218;191604;SUPERMERCADO KIYOMOTO;JUAREZ COSTA;26/08/2026
1055217;191659;SENSACAO - 01;JUAREZ COSTA;26/08/2026
1055216;191603;MIAMI;JUAREZ COSTA;26/08/2026
1055215;191599;MIAMI;JUAREZ COSTA;26/08/2026
1055214;191880;MERCADO 1001;JUAREZ COSTA;26/08/2026
1055213;191881;MERCADO 1001;JUAREZ COSTA;26/08/2026
1055212;191882;YRAJA;JUAREZ COSTA;26/08/2026
1055211;191883;YRAJA;JUAREZ COSTA;26/08/2026
1055210;191661;MERCADO TELES QUATRO;JUAREZ COSTA;26/08/2026
1055209;191660;MERCADO TELES QUATRO;JUAREZ COSTA;26/08/2026
1055208;191516;MERCADO GALILEIA;FLAVIA SIQUEIRA;26/08/2026
1055195;191338;BETTOS SUPERMERCADO - LOJA 04;CLAUDIO AKIO SOGA;25/08/2026
1055194;191335;BETTOS SUPERMERCADO - LOJA 03;CLAUDIO AKIO SOGA;25/08/2026
1055193;191330;BETTOS SUPERMERCADO - LOJA 02;CLAUDIO AKIO SOGA;25/08/2026
1055192;191332;BETTOS SUPERMERCADO - LOJA 01;CLAUDIO AKIO SOGA;25/08/2026
1055191;191888;SUPERMERCADO DEMARCHI;JUAREZ COSTA;25/08/2026
1055190;191892;SUPERMERCADO SILVINA;JUAREZ COSTA;25/08/2026
1055188;191887;SUPERMERCADO DEMARCHI;JUAREZ COSTA;25/08/2026
1055187;191288;SONI SUPERMERCADOS - LJ 04;FLAVIA SIQUEIRA;25/08/2026
1055186;191437;SONI SUPERMERCADOS - LJ 07;FLAVIA SIQUEIRA;25/08/2026
1055185;191297;DALBEN - VALINHOS;OSNEY RICARDO;25/08/2026
1055184;191298;DALBEN - VALINHOS;OSNEY RICARDO;25/08/2026
1055183;191548;PADARIA CRUZEIRO;INES MARTIN;25/08/2026
1055182;191551;PADARIA CRUZEIRO;INES MARTIN;25/08/2026
1055181;191663;HORTIFRUTI SELECTA UNIPESSOAL;JUAREZ COSTA;25/08/2026
1055180;191893;SUPERMERCADO SILVINA;JUAREZ COSTA;25/08/2026
1055179;191486;SONI SUPERMERCADOS - LJ 01;FLAVIA SIQUEIRA;25/08/2026
1055178;191354;EMPORIO BRASILEIRO - LOJA 01;FLAVIA SIQUEIRA;25/08/2026
1055177;191434;SONI SUPERMERCADOS - LJ 06;FLAVIA SIQUEIRA;25/08/2026
1055176;192275;DALBEN - MANSOES;OSNEY RICARDO;25/08/2026
1055175;191286;SONI SUPERMERCADOS - LJ 03;FLAVIA SIQUEIRA;25/08/2026
1055174;192276;DALBEN - MANSOES;OSNEY RICARDO;25/08/2026
1055173;191485;SONI SUPERMERCADOS - LJ 02;FLAVIA SIQUEIRA;25/08/2026
1055172;191371;DALBEN - BARAO;OSNEY RICARDO;25/08/2026
1055171;191370;DALBEN - BARAO;OSNEY RICARDO;25/08/2026
1055170;191274;DALBEN - TAQUARAL;OSNEY RICARDO;25/08/2026
1055169;191275;DALBEN - TAQUARAL;OSNEY RICARDO;25/08/2026
1055168;191402;COFESA - 08;DANILO DE ALMEIDA SANTOS;25/08/2026
1055167;191575;SUPERMERCADO ARMELIN - CAPIVARI;EDSON MALAGUTTI;25/08/2026
1055166;192002;GOOD BOM - 04;OSNEY RICARDO;25/08/2026
1055163;191368;MERCADO ARAPOCA;FLAVIA SIQUEIRA;25/08/2026
1055162;191366;BENGALA - NSX;JOSE ROBERTO DENIZIO;25/08/2026
1055161;191364;BENGALA  SAO MATHEUS;JOSE ROBERTO DENIZIO;25/08/2026
1055160;192004;GOOD BOM - 02;OSNEY RICARDO;25/08/2026
1055159;191940;BENGALA DV;JOSE ROBERTO DENIZIO;25/08/2026
1055158;191318;BENGALA NNK;JOSE ROBERTO DENIZIO;25/08/2026
1055157;191944;BENGALA BITENCOURT;JOSE ROBERTO DENIZIO;25/08/2026
1055156;191425;BENGALA NOVO LAR;JOSE ROBERTO DENIZIO;25/08/2026
1055155;191501;BENGALA - SUPERMERCADO  JSK;JOSE ROBERTO DENIZIO;25/08/2026
1055154;191222;GOOD BOM - 01;OSNEY RICARDO;25/08/2026
1055153;191373;GOOD BOM - 15;OSNEY RICARDO;25/08/2026
1055152;191219;GOOD BOM - 11;OSNEY RICARDO;25/08/2026
1055151;191220;GOOD BOM - 11;OSNEY RICARDO;25/08/2026
1055149;191992;PAO DE ACUCAR - SP;EDMILSON NUNES;25/08/2026
1055148;191196;LINCOLN SHOP;EDVALDO DOS SANTOS PEREIRA;25/08/2026
1055146;191372;GOOD BOM - 15;OSNEY RICARDO;25/08/2026
1055144;191276;RT COMERCIO DE PRODUTOS ALIMENTICIOS;CELSO NUNES TEIXEIRA;25/08/2026
1055143;191221;GOOD BOM - 01;OSNEY RICARDO;25/08/2026
1055142;191413;GOOD BOM - 16;OSNEY RICARDO;25/08/2026
1055141;192317;MERCADINHO BOM PRECO;FRANCISCO ANACLETO;25/08/2026
1055140;192322;MERCADINHO BOM PRECO;FRANCISCO ANACLETO;25/08/2026
1055138;192279;SUPERMERCADO PROGRESSO;FRANCISCO ANACLETO;25/08/2026
1055137;191678;SUPERMERCADO STUK - VILA ALPINA;FRANCISCO DUARTE - LUIZ DUARTE;25/08/2026
1055136;191469;FORT - JUNDIAI;JULIANA RIBEIRA;25/08/2026
1055135;191245;BOI LEGAL - 	VILA JARAGU;FLAVIA SIQUEIRA;25/08/2026
1055134;192507;MERCADINHO RIZARDI - 01;FRANCISCO ANACLETO;25/08/2026
1055133;192506;MERCADINHO RIZARDI - 01;FRANCISCO ANACLETO;25/08/2026
1055132;191230;ALL KOSHER;FLAVIA SIQUEIRA;25/08/2026
1055131;191679;PORECATU;FLAVIA SIQUEIRA;25/08/2026
1055130;191470;FORT - CASTELO;JULIANA RIBEIRA;25/08/2026
1055129;191502;BENGALA - SUPERMERCADO  JSK;JOSE ROBERTO DENIZIO;25/08/2026
1055128;191211;GOOD BOM - 02;OSNEY RICARDO;25/08/2026
1055127;191367;BENGALA - NSX;JOSE ROBERTO DENIZIO;25/08/2026
1055126;191365;BENGALA  SAO MATHEUS;JOSE ROBERTO DENIZIO;25/08/2026
1055124;191251;DIAS PASTORINHO - PIRITUBA;ALENCAR SILVA;25/08/2026
1055123;191202;BENGALA DV;JOSE ROBERTO DENIZIO;25/08/2026
1055122;191314;INOVA SANCHEZ;FLAVIA SIQUEIRA;25/08/2026
1055121;191313;INOVA SANCHEZ;FLAVIA SIQUEIRA;25/08/2026
1055120;191049;REDE OPA - CARIJOS - VILA ALZIRA;FRANCISCO DUARTE - LUIZ DUARTE;25/08/2026
1055119;191415;ROSSI - GUAIANAZES;VALDENIR VOLTERO;25/08/2026
1055118;191426;ROSSI - VILA NHOCUNE;VALDENIR VOLTERO;25/08/2026
1055117;191204;BENGALA BITENCOURT;JOSE ROBERTO DENIZIO;25/08/2026
1055116;191208;GOOD BOM - 04;OSNEY RICARDO;25/08/2026
1055115;191424;BENGALA NOVO LAR;JOSE ROBERTO DENIZIO;25/08/2026
1055114;191226;TAPIOTECA - SANTO AMARO;VENDEDOR INTERNO;25/08/2026
1055113;191351;ROSSI - CARAPICUIBA;VALDENIR VOLTERO;25/08/2026
1055112;191433;ROSSI - JD NOVO CAMARGO;VALDENIR VOLTERO;25/08/2026
1055111;191315;BENGALA NNK;JOSE ROBERTO DENIZIO;25/08/2026
1055110;191719;ROSSI - HELENA MARIA;VALDENIR VOLTERO;25/08/2026
1055109;191209;GOOD BOM - 08;OSNEY RICARDO;25/08/2026
1055108;191322;ROSSI - FRANCO DA ROCHA;VALDENIR VOLTERO;25/08/2026
1055107;191471;FORT - NOVA PETROPOLIS;JULIANA RIBEIRA;25/08/2026
1055106;191380;ROSSI - RAGUEB;VALDENIR VOLTERO;25/08/2026
1055105;191827;REDE DUQUE - RIO NEGRO ALPHAVILLE;LUCIANA VICENZOTTO;25/08/2026
1055104;191577;TENDA  - CAMP CEASA;FLAVIO DUARTE PEREIRA;25/08/2026
1055102;194533;ROSSI - OSASCO;VALDENIR VOLTERO;25/08/2026
1055101;195239;ROSSI - VILA CISPER;VALDENIR VOLTERO;25/08/2026
1055100;191247;GRANJA DOIS IRMAOS;FRANCISCO ANACLETO;25/08/2026
1055099;191442;ROSSI - JD ADUTORA;VALDENIR VOLTERO;25/08/2026
1055098;191244;MERCADINHO A MINEIRA;FLAVIA SIQUEIRA;25/08/2026
1055097;191047;REDE OPA - CARIJOS - VILA ALZIRA;FRANCISCO DUARTE - LUIZ DUARTE;25/08/2026
1055096;191509;ROSSI - VILA CRUZEIRO;VALDENIR VOLTERO;25/08/2026
1055095;191436;ROSSI - FERRAZ;VALDENIR VOLTERO;25/08/2026
1055094;191826;REDE DUQUE - CONDE ALPHAVILLE;LUCIANA VICENZOTTO;25/08/2026
1055093;191825;REDE DUQUE - VILA LOBOS;LUCIANA VICENZOTTO;25/08/2026
1055092;191250;DIAS PASTORINHO - PIRITUBA;ALENCAR SILVA;25/08/2026
1055091;191044;SUPERMERCADO BENGALA - ST ANDRE;FRANCISCO DUARTE - LUIZ DUARTE;25/08/2026
1055090;191362;JP MOTA MICROMARKET;FLAVIA SIQUEIRA;25/08/2026
1055089;195591;ROSSI - GUAIANAZES II;VALDENIR VOLTERO;25/08/2026
1055088;191248;DIAS PASTORINHO - PIRITUBA;ALENCAR SILVA;25/08/2026
1055087;191379;ROSSI - RAGUEB;VALDENIR VOLTERO;25/08/2026
1055086;194483;ROSSI - LOJA 14;VALDENIR VOLTERO;25/08/2026
1055085;191321;ROSSI - FRANCO DA ROCHA;VALDENIR VOLTERO;25/08/2026
1055084;191824;REDE DUQUE - BERRINI;LUCIANA VICENZOTTO;25/08/2026
1055083;191823;REDE DUQUE - BANDEIRANTES;LUCIANA VICENZOTTO;25/08/2026
1055082;191048;REDE OPA - MERC OPA;FRANCISCO DUARTE - LUIZ DUARTE;25/08/2026
1055081;191246;HORTI-FRUTI FAZENDA;FLAVIA SIQUEIRA;25/08/2026
1055080;191326;INOVA - VAZEA PAULISTA - FILIAL 2;FRANCISCO ANACLETO;25/08/2026
1055079;191325;INOVA - VAZEA PAULISTA - FILIAL 2;FRANCISCO ANACLETO;25/08/2026
1055078;191462;CLEONICE;GUSTAVO GOMES;25/08/2026
1055077;191290;ROSSI - LJ 18;VALDENIR VOLTERO;25/08/2026
1055076;191249;DIAS PASTORINHO - PIRITUBA;ALENCAR SILVA;25/08/2026
1055075;191459;MCGROW SUPERMERCADO;GUSTAVO GOMES;25/08/2026
1055074;191821;REDE DUQUE - BARONESA;LUCIANA VICENZOTTO;25/08/2026
1055073;191822;REDE DUQUE - ARIZONA;LUCIANA VICENZOTTO;25/08/2026
1055072;191045;REDE OPA - MERC OPA;FRANCISCO DUARTE - LUIZ DUARTE;25/08/2026
1055071;191210;GOOD BOM - 09;OSNEY RICARDO;25/08/2026
1055070;191936;ZUCAI HUANG SUPERMER;GUSTAVO GOMES;25/08/2026
1055069;191460;FAMILIA II SUPERMERCADO;GUSTAVO GOMES;25/08/2026
1055068;192456;LEE SUPERMERCADO;GUSTAVO GOMES;25/08/2026
1055067;191203;MERCADO ESTRELA DA CHABILANDIA - NUCLEO LAGEADO;AROLDO BATISTA SANTOS;25/08/2026
1055066;191237;ALABARCE - LOJA 05;RODOLFO QUERINO LUIZ - GERENTE DE AREA;25/08/2026
1055065;191404;SUPERMERCADO CENTRAL;ROGERIO APARECIDO DA SILVA RODRIGUES;25/08/2026
1055063;191217;SUPERMERCADO PRIMAVERA;EDSON MALAGUTTI;25/08/2026
1055062;191238;ALABARCE - LOJA 04;RODOLFO QUERINO LUIZ - GERENTE DE AREA;25/08/2026
1055061;191294;SUPERMERCADO STUK - VILA ALPINA;FRANCISCO DUARTE - LUIZ DUARTE;25/08/2026
1055060;193238;UNICA COMERCIO E DISTRIBUICAO;OSNEY RICARDO;25/08/2026
1055059;193239;UNICA COMERCIO E DISTRIBUICAO;OSNEY RICARDO;25/08/2026
1055058;191266;HIGA PRODUTOS - SOROCABA;OSNEY RICARDO;25/08/2026
1055057;191299;HIGA PRODUTOS  - LOJA 07;OSNEY RICARDO;25/08/2026
1055056;192834;HIGA SANTA BARBARA - LOJA 10;OSNEY RICARDO;25/08/2026
1055055;191236;HIGA PRODUTOS - CAMPINAS;OSNEY RICARDO;25/08/2026
1055054;191566;GOOD BOM - 10;OSNEY RICARDO;25/08/2026
1055052;191343;SUPERMERCADO ALIANCA;GUSTAVO GOMES;25/08/2026
1055051;191218;SUPERMERCADO PRIMAVERA;EDSON MALAGUTTI;25/08/2026
1055049;191229;MINI MERCADO HAGAPE;FLAVIA SIQUEIRA;25/08/2026
1055048;192638;FRUT JASP;PAULO SERGIO;25/08/2026
1055047;191932;ALABARCE - LOJA 03;RODOLFO QUERINO LUIZ - GERENTE DE AREA;25/08/2026
1055045;191228;MINI MERCADO HAGAPE;FLAVIA SIQUEIRA;25/08/2026
1055044;191201;PARATODOS;FLAVIA SIQUEIRA;25/08/2026
1055043;191484;ALABARCE - LOJA 02;RODOLFO QUERINO LUIZ - GERENTE DE AREA;25/08/2026
1055042;191341;MERCADINHO J SILVA;GUSTAVO GOMES;25/08/2026
1055041;192639;FRUT JASP;PAULO SERGIO;25/08/2026
1055040;191905;J R DA SILVA;JUAREZ COSTA;25/08/2026
1055039;192060;AMIGO BARATE;GUSTAVO GOMES;25/08/2026
1055038;192057;HORTIFRUTI FARTURA;FLAVIA SIQUEIRA;25/08/2026
1055037;191547;IRMAOS ANDREAZZA - 39 CD;ALESSANDRO CANDIAGO;25/08/2026
1055035;191121;BARATINHO;JOSE GOMES DOS S.;25/08/2026
1055034;191293;PORECATU;FLAVIA SIQUEIRA;25/08/2026
1055033;191120;BARATINHO;JOSE GOMES DOS S.;25/08/2026
1055032;191183;ARMAZEM NORDESTINO E PRODUTOS NATURAIS;MARIO MIZUKA;25/08/2026
1055031;191133;DAVO SUPERMERCADOS - LOJA 21;GILMERIO QUEIROZ - GERENTE DE AREA;25/08/2026
1055030;191427;ROSSI - VILA NHOCUNE;VALDENIR VOLTERO;25/08/2026
1055029;191164;ARMAZEM NORDESTINO E PRODUTOS NATURAIS;MARIO MIZUKA;25/08/2026
1055028;191435;HIGA PRODUTOS - SOROCABA;OSNEY RICARDO;25/08/2026
1055027;191291;MONICAPS;FRANCISCO DUARTE - LUIZ DUARTE;25/08/2026
1055026;191381;ROSSI - RAGUEB;VALDENIR VOLTERO;25/08/2026
1055025;191300;HIGA PRODUTOS  - LOJA 07;OSNEY RICARDO;25/08/2026
1055024;191464;ROSSI - COCAIA;VALDENIR VOLTERO;25/08/2026
1055022;192223;ALABARCE - LOJA 01;RODOLFO QUERINO LUIZ - GERENTE DE AREA;25/08/2026
1055021;191292;MINI  MERCADO HORA CERTA - VILA EMA;FRANCISCO DUARTE - LUIZ DUARTE;25/08/2026
1055020;191405;SUPERMERCADO CENTRAL;ROGERIO APARECIDO DA SILVA RODRIGUES;25/08/2026
1055019;191674;CARROSSEL - LJ 02;CRISTIAN RIBEIRO BALBINO;25/08/2026
1055018;191115;COMERCIO DE ALIMENTOS BURITI VERDE;GILMERIO QUEIROZ - GERENTE DE AREA;25/08/2026
1055016;191050;MERC LUCINDOS;FRANCISCO DUARTE - LUIZ DUARTE;25/08/2026
1055015;191342;CESTA NOBRE;JOSE ARTENCIO;25/08/2026
1055014;192835;HIGA SANTA BARBARA - LOJA 10;OSNEY RICARDO;25/08/2026
1055013;194481;ROSSI - LOJA 14;VALDENIR VOLTERO;25/08/2026
1055012;191046;MERC LUCINDOS;FRANCISCO DUARTE - LUIZ DUARTE;25/08/2026
1055011;191145;AVILA HORTIFRUTI;FLAVIA SIQUEIRA;25/08/2026
1055010;191146;AVILA HORTIFRUTI;FLAVIA SIQUEIRA;25/08/2026
1055009;191235;HIGA PRODUTOS - CAMPINAS;OSNEY RICARDO;25/08/2026
1055008;191062;SACOLAO SAUDE - 07;GILMERIO QUEIROZ - GERENTE DE AREA;25/08/2026
1055006;191323;ROSSI - FRANCO DA ROCHA;VALDENIR VOLTERO;25/08/2026
1055003;191525;BIG CD;RENATO SANTO MICHELMANN;25/08/2026
1055002;191124;SACOLAO SAUDE - 08;GILMERIO QUEIROZ - GERENTE DE AREA;25/08/2026
1055001;191142;SEU MART;SILVANO ARRUDA;25/08/2026
1055000;191550;SEU MART;SILVANO ARRUDA;25/08/2026
1054998;191175;VILA ZAIRA;SILVANO ARRUDA;25/08/2026
1054997;191270;KRILL - MATRIZ;JOSE SOARES;25/08/2026
1054995;191176;ZAIRA SITIO VERDE;SILVANO ARRUDA;25/08/2026
1054994;191512;SITIO VERDE - LJ 02;SILVANO ARRUDA;25/08/2026
1054993;192348;INTEC - PARQUE GRAJAU;JOSE ARTENCIO;25/08/2026
1054989;191505;COMERCIAL TATENO - KLABIN;SILVANO ARRUDA;25/08/2026
1054988;191316;MUINO & CIA (SÃO MIGUEL);SILVANO ARRUDA;25/08/2026
1054984;190918;GRUPO CHAMA - 18;LEONARDO VINICIUS;25/08/2026
1054983;191317;MUINO & CIA (SÃO MIGUEL);SILVANO ARRUDA;25/08/2026
1054982;191506;COMERCIAL TATENO - KLABIN;SILVANO ARRUDA;25/08/2026
1054981;191504;COMERCIAL TATENO - KLABIN;SILVANO ARRUDA;25/08/2026
1054980;191172;EMPORIUM SP PEDROSO - MHM SUPERMERCADOS;SILVANO ARRUDA;25/08/2026
1054979;192400;EMPORIUM SP PEDROSO - MHM SUPERMERCADOS;SILVANO ARRUDA;25/08/2026
1054977;191308;MERCADO IBICUAN;SILVANO ARRUDA;25/08/2026
1054976;192418;BIDFOOD - CARAPICUIBA;SILVANO ARRUDA;25/08/2026
1054972;194528;ROSSI - OSASCO;VALDENIR VOLTERO;25/08/2026
1054969;191130;GARCIA ATACADISTA - MG;MILTON JUNIOR;25/08/2026
1054968;191118;FAMILIA -  LJ 01;JOSE GOMES DOS S.;25/08/2026
1054967;191103;SACOLAO SAUDE - 02;GILMERIO QUEIROZ - GERENTE DE AREA;25/08/2026
1054964;191119;FAMILIA -  LJ 01;JOSE GOMES DOS S.;25/08/2026
1054963;191029;SUPERMERCADO DO LEANDRO - LOJA 3;JOSE SOARES;25/08/2026
1054962;191055;SACOLAO PERDIZES;FLAVIA SIQUEIRA;25/08/2026
1054961;191059;SACOLAO PERDIZES;FLAVIA SIQUEIRA;25/08/2026
1054960;191032;MERCADO ANDRADE;JOSE SOARES;25/08/2026
1054959;191182;TENNESSE - CARNES FLORIDA;INES MARTIN;25/08/2026
1054957;191717;ROSSI - HELENA MARIA;VALDENIR VOLTERO;25/08/2026
1054954;191432;ROSSI - JD NOVO CAMARGO;VALDENIR VOLTERO;25/08/2026
1054952;191458;MAX VILA;WAGNER DA SILVA LIMA;25/08/2026
1054951;191056;MERCADO DANTAS;FRANCISCO ANACLETO;25/08/2026
1054950;191454;FOX CARNES - LEME;WAGNER DA SILVA LIMA;25/08/2026
1054949;192320;MERCADO SANTA RITA - 02;FRANCISCO ANACLETO;25/08/2026
1054948;192318;MERCADO SANTA RITA - 02;FRANCISCO ANACLETO;25/08/2026
1054946;191355;ROSSI - CARAPICUIBA;VALDENIR VOLTERO;25/08/2026
1054941;191417;ROSSI - GUAIANAZES;VALDENIR VOLTERO;25/08/2026
1054938;191111;SANTO EXPEDITO SM;EDERVAL DONIZETE DA SILVA;25/08/2026
1054937;191440;ROSSI - JD ADUTORA;VALDENIR VOLTERO;25/08/2026
1054934;191110;SANTO EXPEDITO SM;EDERVAL DONIZETE DA SILVA;25/08/2026
1054933;191546;ESTALECAS DO 1 REAL;ESMAIL ANTONIO;25/08/2026
1054932;191543;SUPERMERCADO AMARANTE;ESMAIL ANTONIO;25/08/2026
1054931;191053;SUPERMERCADO UNIAO - LOJA 15;RENATO SANTO MICHELMANN;25/08/2026
1054930;195237;ROSSI - VILA CISPER;VALDENIR VOLTERO;25/08/2026
1054928;15213;COVIN AG;FERNANDO ARRUDA;25/08/2026
1054927;191169;SABORES DA TERRINHA - LOJA 03;ELTON;25/08/2026
1054926;191438;ROSSI - FERRAZ;VALDENIR VOLTERO;25/08/2026
1054925;191052;SUPERMERCADO UNIAO - LOJA 10;RENATO SANTO MICHELMANN;25/08/2026
1054923;191541;SUPERMERCADO AMARANTE;ESMAIL ANTONIO;25/08/2026
1054922;191511;ROSSI - VILA CRUZEIRO;VALDENIR VOLTERO;25/08/2026
1054920;15210;ALONIDAD;FERNANDO ARRUDA;25/08/2026
1054919;191428;ROSSI - VILA NHOCUNE;VALDENIR VOLTERO;25/08/2026
1054918;191289;ROSSI - LJ 18;VALDENIR VOLTERO;25/08/2026
1054917;195590;ROSSI - GUAIANAZES II;VALDENIR VOLTERO;25/08/2026
1054916;194482;ROSSI - LOJA 14;VALDENIR VOLTERO;25/08/2026
1054915;191382;ROSSI - RAGUEB;VALDENIR VOLTERO;25/08/2026
1054914;191463;ROSSI - COCAIA;VALDENIR VOLTERO;25/08/2026
1054913;194531;ROSSI - OSASCO;VALDENIR VOLTERO;25/08/2026
1054912;191324;ROSSI - FRANCO DA ROCHA;VALDENIR VOLTERO;25/08/2026
1054911;15211;FRESH TROPICAL SRL BY JAWAD;FERNANDO ARRUDA;25/08/2026
1054910;191545;ESTALECAS DO 1 REAL;ESMAIL ANTONIO;25/08/2026
1054909;191357;ROSSI - CARAPICUIBA;VALDENIR VOLTERO;25/08/2026
1054908;191033;MERCADO ANDRADE;JOSE SOARES;25/08/2026
1054907;191431;ROSSI - JD NOVO CAMARGO;VALDENIR VOLTERO;25/08/2026
1054906;191718;ROSSI - HELENA MARIA;VALDENIR VOLTERO;25/08/2026
1054905;191439;ROSSI - FERRAZ;VALDENIR VOLTERO;25/08/2026
1054904;195238;ROSSI - VILA CISPER;VALDENIR VOLTERO;25/08/2026
1054903;191441;ROSSI - JD ADUTORA;VALDENIR VOLTERO;25/08/2026
1054902;191416;ROSSI - GUAIANAZES;VALDENIR VOLTERO;25/08/2026
1054901;191514;ROSSI - VILA CRUZEIRO;VALDENIR VOLTERO;25/08/2026
1054900;191031;SUPERMERCADO DO LEANDRO;JOSE SOARES;25/08/2026
1054899;191978;JGM COMERCIO;DECIO FERRAZ JUNIOR;25/08/2026
1054898;191030;SUPERMERCADO DO LEANDRO - LOJA 3;JOSE SOARES;25/08/2026
1054897;191035;SUPERMERCADO NOSSA SRª APARECIDA;JOSE SOARES;25/08/2026
1054896;191036;SUPERMERCADO NOSSA SRª APARECIDA;JOSE SOARES;25/08/2026
1054895;191034;FDA SILVA  FILHO MINIMERCADO;JOSE SOARES;25/08/2026
1054894;191028;ESTANCIA DAS CARNES;JOSE SOARES;25/08/2026
1054892;191451;SONDA - CD;ANGELA MARIA;25/08/2026
1054891;191168;SABORES DA TERRINHA - LOJA 03;ELTON;25/08/2026
1054890;191593;TENNESSEE - BARUERI;INES MARTIN;25/08/2026
1054889;191453;FOX CARNES - LEME;WAGNER DA SILVA LIMA;25/08/2026
1054888;191296;DALBEN - VALINHOS;OSNEY RICARDO;25/08/2026
1054887;191273;EMPORIO SANTA VERENA;OSNEY RICARDO;25/08/2026
1054885;191140;SM ROBERTO;JOSE RICARDO FERNANDES;25/08/2026
1054884;191262;SUPERMERCADO MAIRINQUE;PAULO COSTA;25/08/2026
1054881;191349;DAVO SUPERMERCADOS - LOJA 25;GILMERIO QUEIROZ - GERENTE DE AREA;25/08/2026
1054880;191131;DAVO SUPERMERCADOS - LOJA 21;GILMERIO QUEIROZ - GERENTE DE AREA;25/08/2026
1054879;191153;DAVO SUPERMERCADOS - LOJA 13;GILMERIO QUEIROZ - GERENTE DE AREA;25/08/2026
1054878;191375;DAVO SUPERMERCADOS - LOJA 12;GILMERIO QUEIROZ - GERENTE DE AREA;25/08/2026
1054877;191930;DAVO SUPERMERCADOS - LOJA 07;GILMERIO QUEIROZ - GERENTE DE AREA;25/08/2026
1054876;191200;DAVO SUPERMERCADOS - LOJA 03;GILMERIO QUEIROZ - GERENTE DE AREA;25/08/2026
1054875;191423;DAVO SUPERMERCADOS - LOJA 06;GILMERIO QUEIROZ - GERENTE DE AREA;25/08/2026
1054874;191147;DAVO SUPERMERCADOS - LOJA 02;GILMERIO QUEIROZ - GERENTE DE AREA;25/08/2026
1054873;191125;DAVO SUPERMERCADOS - LOJA 05;GILMERIO QUEIROZ - GERENTE DE AREA;25/08/2026
1054872;191346;DAVO SUPERMERCADOS - LOJA 01;GILMERIO QUEIROZ - GERENTE DE AREA;25/08/2026
1054871;191311;DAVO SUPERMERCADOS - LOJA 34;GILMERIO QUEIROZ - GERENTE DE AREA;25/08/2026
1054869;191143;DAVO SUPERMERCADOS - LOJA 28;GILMERIO QUEIROZ - GERENTE DE AREA;25/08/2026
1054868;191282;DAVO SUPERMERCADOS - LOJA 31;GILMERIO QUEIROZ - GERENTE DE AREA;25/08/2026
1054867;191180;DAVO SUPERMERCADOS - LOJA 04;GILMERIO QUEIROZ - GERENTE DE AREA;25/08/2026
1054865;191482;CUCINARE -  BARUERI CD;INES MARTIN;25/08/2026
1054862;191701;NAGUMO - AGUA CHATA CD;JAMIR RIBEIRO;25/08/2026
1054859;191281;DAVO SUPERMERCADOS - LOJA 31;GILMERIO QUEIROZ - GERENTE DE AREA;25/08/2026
1054858;191309;DAVO SUPERMERCADOS - LOJA 34;GILMERIO QUEIROZ - GERENTE DE AREA;25/08/2026
1054856;191144;DAVO SUPERMERCADOS - LOJA 28;GILMERIO QUEIROZ - GERENTE DE AREA;25/08/2026
1054855;191348;DAVO SUPERMERCADOS - LOJA 25;GILMERIO QUEIROZ - GERENTE DE AREA;25/08/2026
1054854;191132;DAVO SUPERMERCADOS - LOJA 21;GILMERIO QUEIROZ - GERENTE DE AREA;25/08/2026
1054853;191154;DAVO SUPERMERCADOS - LOJA 13;GILMERIO QUEIROZ - GERENTE DE AREA;25/08/2026
1054852;191376;DAVO SUPERMERCADOS - LOJA 12;GILMERIO QUEIROZ - GERENTE DE AREA;25/08/2026
1054851;191931;DAVO SUPERMERCADOS - LOJA 07;GILMERIO QUEIROZ - GERENTE DE AREA;25/08/2026
1054850;191422;DAVO SUPERMERCADOS - LOJA 06;GILMERIO QUEIROZ - GERENTE DE AREA;25/08/2026
1054849;191126;DAVO SUPERMERCADOS - LOJA 05;GILMERIO QUEIROZ - GERENTE DE AREA;25/08/2026
1054848;191347;DAVO SUPERMERCADOS - LOJA 01;GILMERIO QUEIROZ - GERENTE DE AREA;25/08/2026
1054847;191181;DAVO SUPERMERCADOS - LOJA 04;GILMERIO QUEIROZ - GERENTE DE AREA;25/08/2026
1054846;191199;DAVO SUPERMERCADOS - LOJA 03;GILMERIO QUEIROZ - GERENTE DE AREA;25/08/2026
1054845;191148;DAVO SUPERMERCADOS - LOJA 02;GILMERIO QUEIROZ - GERENTE DE AREA;25/08/2026
1054844;191480;DAKI - CD MG;WAGNER DA SILVA LIMA;25/08/2026
1054838;193587;DAKI - CD EMBU DAS ARTES;WAGNER DA SILVA LIMA;25/08/2026
1054834;192417;BIDFOOD - CARAPICUIBA;SILVANO ARRUDA;25/08/2026
1054833;191129;GARCIA ATACADISTA - MG;MILTON JUNIOR;25/08/2026
1054831;191450;SONDA - CD;ANGELA MARIA;25/08/2026
1054830;191449;SONDA - CD;ANGELA MARIA;25/08/2026
1054829;191448;SONDA - CD;ANGELA MARIA;25/08/2026
1054828;194716;GARCIA ATACADISTA - MG;MILTON JUNIOR;25/08/2026
1054822;191060;MERCADO SOUSA;FRANCISCO ANACLETO;25/08/2026
1054821;191128;GARCIA ATACADISTA - MG;MILTON JUNIOR;25/08/2026
1054818;191178;PIRATININGA - 02;EDMILSON - 02;25/08/2026
1054817;191173;PIRATININGA - JD PAULISTA;EDMILSON - 02;25/08/2026
1054816;191174;PIRATININGA - 01;EDMILSON - 02;25/08/2026
1054815;191152;MAX VILA;WAGNER DA SILVA LIMA;25/08/2026
1054812;191177;PIRATININGA - SAO BENTO;EDMILSON - 02;25/08/2026
1054811;191414;PIRATININGA - 03;EDMILSON - 02;25/08/2026
1054810;191112;PIRATININGA - 04;EDMILSON - 02;25/08/2026
1054809;191567;GOOD BOM - 17 BORDON;OSNEY RICARDO;25/08/2026
1054806;191973;SUP MAXIMO - TREMEMBE;RAPHAEL COUTINHO ESPINDOLA;25/08/2026
1054805;191061;GABRIELA VIDAL;FLAVIA SIQUEIRA;25/08/2026
1054804;191227;ESPORTE CLUBE PINHEIROS;INES MARTIN;25/08/2026
1054802;191576;GOOD BOM - 12;OSNEY RICARDO;25/08/2026
1054801;192493;GARCIA ATACADISTA - MG;MILTON JUNIOR;25/08/2026
1054799;191752;SUP MAXIMO - URBANOVA;RAPHAEL COUTINHO ESPINDOLA;25/08/2026
1054798;191741;SUP MAXIMO - VILA TESOURO;RAPHAEL COUTINHO ESPINDOLA;25/08/2026
1054797;191809;SUP MAXIMO -  PARQUE DO SOL;RAPHAEL COUTINHO ESPINDOLA;25/08/2026
1054796;191753;SUP MAXIMO - VILLA BRANCA;RAPHAEL COUTINHO ESPINDOLA;25/08/2026
1054795;191109;SUPER MERCADO XEROSO;RAPHAEL COUTINHO ESPINDOLA;25/08/2026
1054794;191096;MERCADO DA VOLA;RAPHAEL COUTINHO ESPINDOLA;25/08/2026
1054792;192342;MENEZES;MILTON JUNIOR;25/08/2026
1054789;191949;MERCADINHO LIBERDADE;JOSE GOMES DOS S.;25/08/2026
1054788;191884;EDL MERCADO;JUAREZ COSTA;25/08/2026
1054787;191948;MERCADINHO LIBERDADE;JOSE GOMES DOS S.;25/08/2026
1054786;191058;MERCADINHO DA PRACA;FRANCISCO ANACLETO;25/08/2026
1054785;191057;MERCADINHO DA PRACA;FRANCISCO ANACLETO;25/08/2026
1054784;191455;BOIZAO - VILA BOM JARDIM;ERICK MOREIRA;25/08/2026
1054781;192061;HORTIFRUT NATURAL BRASIL;FLAVIA SIQUEIRA;25/08/2026
1054780;191041;HORTIFRUTI FARTURA;FLAVIA SIQUEIRA;25/08/2026
1054779;191885;EDL MERCADO;JUAREZ COSTA;25/08/2026
1054778;191149;HORTIFRUTI UNIAO - 02;FLAVIA SIQUEIRA;25/08/2026
1054777;191150;HORTIFRUTI UNIAO - 02;FLAVIA SIQUEIRA;25/08/2026
1054775;191038;HORTIFRUTI FARTURA;FLAVIA SIQUEIRA;25/08/2026
1054774;191283;BOIZAO - CANTINHO DO CEU;ERICK MOREIRA;25/08/2026
1054772;191284;BOIZAO - GRAJAU;ERICK MOREIRA;25/08/2026
1054769;191107;ASSAI - 18;FERNANDO VOLTERO;25/08/2026
1054768;191123;ZAFFARI - EMBU DAS ARTES;FELIPE GOMES;25/08/2026
1054766;191037;HORTIFRUTI FARTURA;FLAVIA SIQUEIRA;25/08/2026
1054765;191097;MERCADO DA VOLA;RAPHAEL COUTINHO ESPINDOLA;25/08/2026
1054764;191122;ZAFFARI - EMBU DAS ARTES;FELIPE GOMES;25/08/2026
1054759;190949;MAIRINQUE GRANADO;PAULO COSTA;25/08/2026
1054758;190947;MAIRINQUE GRANADO;PAULO COSTA;25/08/2026
1054757;190948;SUPERMERCADO MAIRINQUE;PAULO COSTA;25/08/2026
1054756;191138;COFESA - 18;DANILO DE ALMEIDA SANTOS;25/08/2026
1054755;191544;ATACADO SUBTIL;ESMAIL ANTONIO;25/08/2026
1054749;190876;GIANINA DRACENA;FRANCISCO ANACLETO;25/08/2026
1054750;40611;DA TERRINHA - FILIAL SP;PAULO ALEX;25/08/2026
1054746;190905;GIANINA DISTRIBUIDORA;FRANCISCO ANACLETO;25/08/2026
1054745;190984;ALCANCE PLUS COMERCIO VAREJISTA;JOSE ARTENCIO;25/08/2026
1054744;191939;MILLAR IMPORACAO E EXPORTACAO - ES;VENDEDOR INTERNO;25/08/2026
1054743;191951;MERCEARIA VALVER;JOSE GOMES DOS S.;25/08/2026
1054742;191950;MERCEARIA VALVER;JOSE GOMES DOS S.;25/08/2026
1054741;191021;SUPERMERCADO REDENTOR;WAGNER DA SILVA LIMA;25/08/2026
1054740;191285;HIROTA EXPRESS - CD CEAGESP;GILMERIO QUEIROZ - GERENTE DE AREA;25/08/2026
1054738;192038;SUPER MERCADO SAO ROQUE CD;PAULO COSTA;25/08/2026
1054735;191271;HIROTA EXPRESS - CD 98;GILMERIO QUEIROZ - GERENTE DE AREA;25/08/2026
1054734;191095;SUPER MERCADO XEROSO;RAPHAEL COUTINHO ESPINDOLA;25/08/2026
1054730;196512;VIOLETA - 02;LEANDRO GOLDINHO LOPES;25/08/2026
1054729;196539;VIOLETA - 08;LEANDRO GOLDINHO LOPES;25/08/2026
1054728;196915;VIOLETA - 09;LEANDRO GOLDINHO LOPES;25/08/2026
1054727;191811;SUP MAXIMO - CAMPOS DO JORDAO;RAPHAEL COUTINHO ESPINDOLA;25/08/2026
1054725;191810;SUP MAXIMO - GUARATINGUETA;RAPHAEL COUTINHO ESPINDOLA;25/08/2026
1054724;191807;SUP. MAXIMO - LORENA;RAPHAEL COUTINHO ESPINDOLA;25/08/2026
1054723;191742;SUP MAXIMO - DA VILA;RAPHAEL COUTINHO ESPINDOLA;25/08/2026
1054719;191104;N.D.M. - DISTRIBUIDO;RODOLFO QUERINO LUIZ - GERENTE DE AREA;25/08/2026
1054718;192222;N.D.M. - DISTRIBUIDO;RODOLFO QUERINO LUIZ - GERENTE DE AREA;25/08/2026
1054717;191105;N.D.M. - DISTRIBUIDO;RODOLFO QUERINO LUIZ - GERENTE DE AREA;25/08/2026
1054715;191740;SUP MAXIMO - AQUARIUS;RAPHAEL COUTINHO ESPINDOLA;25/08/2026
1054714;191106;N.D.M. - DISTRIBUIDO;RODOLFO QUERINO LUIZ - GERENTE DE AREA;25/08/2026
1054713;191198;MERCADO TETEIA - LJ 01;JOSE ROBERTO DENIZIO;25/08/2026
1054712;190935;PADARIA CRUZEIRO;INES MARTIN;25/08/2026
1054711;190936;PADARIA CRUZEIRO;INES MARTIN;25/08/2026
1054710;190934;PADARIA NOVA CINTRA;INES MARTIN;25/08/2026
1054709;190933;PADARIA NOVA CINTRA;INES MARTIN;25/08/2026
1054708;191754;SUP MAXIMO - BOSQUE;RAPHAEL COUTINHO ESPINDOLA;25/08/2026
1054707;190932;FEDERZONI - 06;CLAUDIO AKIO SOGA;25/08/2026
1054706;192035;SUPERMERCADOS PARANÁ - MIKAIL;CLAUDIO AKIO SOGA;25/08/2026
1054705;192430;SUPERMERCADOS PARANÁ - MARIA DIRCE;CLAUDIO AKIO SOGA;25/08/2026
1054704;191996;SUPERMERCADOS PARANÁ - ITACOLOMI;CLAUDIO AKIO SOGA;25/08/2026
1054701;192044;SUPERMERCADOS PARANÁ - PRESIDENTE ALTINO;CLAUDIO AKIO SOGA;25/08/2026
1054700;192034;SUPERMERCADOS PARANÁ - PARQUE PRIMAVERA;CLAUDIO AKIO SOGA;25/08/2026
1054699;192033;SUPERMERCADOS PARANÁ - PARQUE PRIMAVERA;CLAUDIO AKIO SOGA;25/08/2026
1054698;192071;SUPERMERCADOS PARANÁ - OPORTUNIDADE;CLAUDIO AKIO SOGA;25/08/2026
1054697;192128;SUPERMERCADOS PARANÁ - PIRAJUSSARA;CLAUDIO AKIO SOGA;25/08/2026
1054696;192018;SUPERMERCADOS PARANÁ - JD DAS ROSAS;CLAUDIO AKIO SOGA;25/08/2026
1054694;191993;SUPERMERCADOS PARANÁ - ITAPEVI;CLAUDIO AKIO SOGA;25/08/2026
1054692;191015;SUPERMERCADO PARANÁ - JUNDIAPEBA;CLAUDIO AKIO SOGA;25/08/2026
1054691;192069;SUPERMERCADO PARANÁ - CARAPICUIBA;CLAUDIO AKIO SOGA;25/08/2026
1054689;191806;SUP. MAXIMO - LORENA;RAPHAEL COUTINHO ESPINDOLA;25/08/2026
1054684;191974;SUP MAXIMO - TREMEMBE;RAPHAEL COUTINHO ESPINDOLA;25/08/2026
1054678;191542;ATACADO SUBTIL;ESMAIL ANTONIO;25/08/2026
1054677;191197;MERCADO TETEIA - LJ 01;JOSE ROBERTO DENIZIO;25/08/2026
1054674;190981;MERCADINHO NILZA;FRANCISCO ANACLETO;25/08/2026
1054673;190979;SUPERMERCADO SANTO ANTONIO - LJ 02;FRANCISCO ANACLETO;25/08/2026
1054672;190982;SUPERMERCADO SANTO ANTONIO - LJ 01;FRANCISCO ANACLETO;25/08/2026
1054671;190978;SUPERMERCADO MANANCIAL - LJ 02;FRANCISCO ANACLETO;25/08/2026
1054670;190977;SUPERMERCADO MANANCIAL - LJ 02;FRANCISCO ANACLETO;25/08/2026
1054669;191010;SUPERMERCADO ALVORADA;CARLOS FERREIRA;25/08/2026
1054668;192219;SUPERMERCADO PARANAENSE;CARLOS FERREIRA;25/08/2026
1054667;191997;SANZITO SUPERMERCADO - LOJA 2;CARLOS FERREIRA;25/08/2026
1054666;190971;CENTER CARNES MIEKO - LJ 2;CARLOS FERREIRA;25/08/2026
1054665;191901;NOVA ESPERANCA;JUAREZ COSTA;25/08/2026
1054664;191903;NOVA ESPERANCA;JUAREZ COSTA;25/08/2026
1054661;191684;PEROLA - 03;JOSE ROBERTO DENIZIO;25/08/2026
1054660;191685;PEROLA - 03;JOSE ROBERTO DENIZIO;25/08/2026
1054659;191387;SALVADOR BOT;JUAREZ COSTA;25/08/2026
1054658;190939;MERCADINHO BOM LUGAR;JOSE ROBERTO DENIZIO;25/08/2026
1054657;191390;SALVADOR BOT;JUAREZ COSTA;25/08/2026
1054656;191389;REAL NETOS  VARIEDADES;JUAREZ COSTA;25/08/2026
1054655;190890;MERCADO DOM BOSCO;JOSE ROBERTO DENIZIO;25/08/2026
1054654;191952;EMPORIO MIX;JUAREZ COSTA;25/08/2026
1054653;190888;SERV SEMPRE  - 02;JOSE ROBERTO DENIZIO;25/08/2026
1054652;191953;EMPORIO MIX;JUAREZ COSTA;25/08/2026
1054651;191890;MERCADINHO SANBELAR;JUAREZ COSTA;25/08/2026
1054650;191889;MERCADINHO SANBELAR;JUAREZ COSTA;25/08/2026
1054649;191686;SERV SEMPRE -  01;JOSE ROBERTO DENIZIO;25/08/2026
1054648;191687;SERV SEMPRE -  01;JOSE ROBERTO DENIZIO;25/08/2026
1054647;191955;EMPORIO MIX;JUAREZ COSTA;25/08/2026
1054614;191481;SUPERMERCADO BAHAMAS - CD JF;CAIO MEIRELLES;25/08/2026
1054590;190887;SERV SEMPRE  - 02;JOSE ROBERTO DENIZIO;24/08/2026
1054589;190889;MERCADO DOM BOSCO;JOSE ROBERTO DENIZIO;24/08/2026
1054588;190938;MERCADINHO BOM LUGAR;JOSE ROBERTO DENIZIO;24/08/2026
1054587;192070;SUPERMERCADO PARANÁ - CARAPICUIBA;CLAUDIO AKIO SOGA;24/08/2026
1054586;191016;SUPERMERCADO PARANÁ - JUNDIAPEBA;CLAUDIO AKIO SOGA;24/08/2026
1054584;192224;PARANA SUPERMERCADOS - VILA ROMANOPOLIS;CLAUDIO AKIO SOGA;24/08/2026
1054583;192017;SUPERMERCADOS PARANÁ - JD DAS ROSAS;CLAUDIO AKIO SOGA;24/08/2026
1054582;191994;SUPERMERCADOS PARANÁ - ITAPEVI;CLAUDIO AKIO SOGA;24/08/2026
1054581;192126;SUPERMERCADOS PARANÁ - PIRAJUSSARA;CLAUDIO AKIO SOGA;24/08/2026
1054580;192072;SUPERMERCADOS PARANÁ - OPORTUNIDADE;CLAUDIO AKIO SOGA;24/08/2026
1054579;192073;SUPERMERCADOS PARANÁ - CARAPICUIBA;CLAUDIO AKIO SOGA;24/08/2026
1054578;192031;SUPERMERCADOS PARANÁ - PARQUE PRIMAVERA;CLAUDIO AKIO SOGA;24/08/2026
1054577;192043;SUPERMERCADOS PARANÁ - PRESIDENTE ALTINO;CLAUDIO AKIO SOGA;24/08/2026
1054576;191995;SUPERMERCADOS PARANÁ - ITACOLOMI;CLAUDIO AKIO SOGA;24/08/2026
1054575;192431;SUPERMERCADOS PARANÁ - MARIA DIRCE;CLAUDIO AKIO SOGA;24/08/2026
1054574;191573;DIVINA STORE;EDSON MALAGUTTI;24/08/2026
1054573;192302;GOYOS SUPERMERCADOS;RENATO SANTO MICHELMANN;24/08/2026
1054572;192030;SUPERMERCADOS PARANÁ - MIKAIL;CLAUDIO AKIO SOGA;24/08/2026
1054570;191141;SM ROBERTO;JOSE RICARDO FERNANDES;24/08/2026
1054569;190945;SUPERMERCADO MAIRINQUE;PAULO COSTA;24/08/2026
1054568;190943;SUPERMERCADO MAIRINQUE;PAULO COSTA;24/08/2026
1054567;191565;TENDA  - CAMP CEASA;FLAVIO DUARTE PEREIRA;24/08/2026
1054566;190946;MAIRINQUE GRANADO;PAULO COSTA;24/08/2026
1054565;190944;SUPERMERCADO MAIRINQUE;PAULO COSTA;24/08/2026
1054563;191564;TENDA  - CAMP CEASA;FLAVIO DUARTE PEREIRA;24/08/2026
1054562;190967;FEDERZONI - 04;CLAUDIO AKIO SOGA;24/08/2026
1054561;190968;FEDERZONI - 05;CLAUDIO AKIO SOGA;24/08/2026
1054560;190930;FEDERZONI - 06;CLAUDIO AKIO SOGA;24/08/2026
1054558;191000;FEDERZONI - 01;CLAUDIO AKIO SOGA;24/08/2026
1054557;191001;FEDERZONI - 02;CLAUDIO AKIO SOGA;24/08/2026
1054556;190973;NOSSO EMPÓRIO;CARLOS FERREIRA;24/08/2026
1054555;191018;MERCADINHO SHIMADA;CARLOS FERREIRA;24/08/2026
1054554;191019;MERCADINHO SHIMADA;CARLOS FERREIRA;24/08/2026
1054553;191011;MERCADINHO PALLADINO;CARLOS FERREIRA;24/08/2026
1054552;191900;VILA REINO;JUAREZ COSTA;24/08/2026
1054551;191135;A A Z COMERCIO;GILMERIO QUEIROZ - GERENTE DE AREA;24/08/2026
1054550;191898;VILA REINO;JUAREZ COSTA;24/08/2026
1054549;191014;MERCADINHO PALLADINO;CARLOS FERREIRA;24/08/2026
1054548;191886;EDL MERCADO;JUAREZ COSTA;24/08/2026
1054546;191443;A A Z COMERCIO;GILMERIO QUEIROZ - GERENTE DE AREA;24/08/2026
1054545;191361;TEXAS CARNES - INOCENCIO;CARLOS FERREIRA;24/08/2026
1054544;191302;EMPORIO DA GENTE - 3;CARLOS FERREIRA;24/08/2026
1054543;191304;EMPORIO DA GENTE - 3;CARLOS FERREIRA;24/08/2026
1054542;191444;A A Z COMERCIO;GILMERIO QUEIROZ - GERENTE DE AREA;24/08/2026
1054541;191134;A A Z COMERCIO;GILMERIO QUEIROZ - GERENTE DE AREA;24/08/2026
1054540;190972;NOSSO EMPÓRIO;CARLOS FERREIRA;24/08/2026
1054539;192779;MERCADAO - 02;EDVALDO DOS SANTOS PEREIRA;24/08/2026
1054538;192361;MERCADAO - 04;EDVALDO DOS SANTOS PEREIRA;24/08/2026
1054537;191020;SUPER CITY - LOJA 3;CARLOS FERREIRA;24/08/2026
1054536;190970;TENNESSEE - OSASCO;INES MARTIN;24/08/2026
1054535;192640;MERCADAO - 07;EDVALDO DOS SANTOS PEREIRA;24/08/2026
1054534;191013;SUPER CITY -  LOJA 1;CARLOS FERREIRA;24/08/2026
1054533;190975;HORTIFRUTI PRESIDENTE ALTINO;CARLOS FERREIRA;24/08/2026
1054532;192362;MERCADAO - 04;EDVALDO DOS SANTOS PEREIRA;24/08/2026
1054531;192401;MERCADAO - 06;EDVALDO DOS SANTOS PEREIRA;24/08/2026
1054530;192446;MERCADAO - 11;EDVALDO DOS SANTOS PEREIRA;24/08/2026
1054529;191002;FEDERZONI - 02;CLAUDIO AKIO SOGA;24/08/2026
1054528;190974;GARANTIA COMERCIO DE EMBALAGENS;CARLOS FERREIRA;24/08/2026
1054527;192366;MERCADAO - 04;EDVALDO DOS SANTOS PEREIRA;24/08/2026
1054526;192644;MERCADAO - 07;EDVALDO DOS SANTOS PEREIRA;24/08/2026
1054525;192653;MERCADAO - 09;EDVALDO DOS SANTOS PEREIRA;24/08/2026
1054524;191012;TEXAS CARNES - ITAPEVI;CARLOS FERREIRA;24/08/2026
1054523;192412;MERCADAO - 13;EDVALDO DOS SANTOS PEREIRA;24/08/2026
1054522;190999;FEDERZONI - 01;CLAUDIO AKIO SOGA;24/08/2026
1054521;191139;COFESA - 18;DANILO DE ALMEIDA SANTOS;24/08/2026
1054520;191108;ALABARCE - LOJA 01;RODOLFO QUERINO LUIZ - GERENTE DE AREA;24/08/2026
1054519;191301;VEND PERTO MACHINES;FLAVIA SIQUEIRA;24/08/2026
1054518;190885;TENNESSE - JARDIM IGUATEMI;AROLDO BATISTA SANTOS;24/08/2026
1054517;191098;DEL NORTE ATACADO;VANDERCI PIANTA NETO;24/08/2026
1054516;190937;F & K DISTRIBUIDORA;JOSE ROBERTO DENIZIO;24/08/2026
1054515;190886;TENNESSE - JARDIM IGUATEMI;AROLDO BATISTA SANTOS;24/08/2026
1054513;193790;MINI EMPORIO HORA CE;FRANCISCO DUARTE - LUIZ DUARTE;24/08/2026
1054512;190941;ATOS - PARQUE ARTUR ALVIM;AROLDO BATISTA SANTOS;24/08/2026
1054511;190940;ATOS - PARQUE ARTUR ALVIM;AROLDO BATISTA SANTOS;24/08/2026
1054510;190737;ALCANCE PLUS COMERCIO VAREJISTA;JOSE ARTENCIO;24/08/2026
1054509;190942;MERCADO BELLA MOOCA;FRANCISCO DUARTE - LUIZ DUARTE;24/08/2026
1054508;191101;REDE ARCOS - DISTRIBUIDORA;ERICK MOREIRA;24/08/2026
1054502;190894;DAVO SUPERMERCADOS - LOJA 34;GILMERIO QUEIROZ - GERENTE DE AREA;24/08/2026
1054498;191383;SUPERMERCADO FEN;FRANCISCO DUARTE - LUIZ DUARTE;24/08/2026
1054497;190844;GLA GESTAO E COMERCIO;JOSUE EVANGELISTA;24/08/2026
1054496;191384;BP SUPERMERCADO;FRANCISCO DUARTE - LUIZ DUARTE;24/08/2026
1054495;191039;SANTA MARIA VARIEDADES;FRANCISCO DUARTE - LUIZ DUARTE;24/08/2026
1054494;191391;SACOLAO NOSSA SENHORA;ALEXANDRE VIANA;24/08/2026
1054493;191040;SANTA MARIA VARIEDADES;FRANCISCO DUARTE - LUIZ DUARTE;24/08/2026
1054490;192303;GOYOS SUPERMERCADOS;RENATO SANTO MICHELMANN;24/08/2026
1054489;191572;DIVINA STORE;EDSON MALAGUTTI;24/08/2026
1054487;191042;ASSAI - 18;FERNANDO VOLTERO;24/08/2026
1054486;191116;ASSAI - 96;FERNANDO VOLTERO;24/08/2026
1054485;191137;ASSAI - 254;FERNANDO VOLTERO;24/08/2026
1054484;191377;ASSAI - 272;FERNANDO VOLTERO;24/08/2026
1054483;191446;RECANTO DA BENCAO;TELEVENDAS - DA TERRINHA;24/08/2026
1054481;195952;ASSAI - 89;FERNANDO VOLTERO;24/08/2026
1054480;193648;ASSAI - 313;FERNANDO VOLTERO;24/08/2026
1054479;193823;ASSAI - 156;FERNANDO VOLTERO;24/08/2026
1054478;191114;ASSAI 161 - JARDIM ROSINA;FERNANDO VOLTERO;24/08/2026
1054477;191022;KS TWO COMERCIAL E DISTRIBUIDORA;VALTER AMARAL MACHADO;24/08/2026
1054476;193978;ASSAI - 280;FERNANDO VOLTERO;24/08/2026
1054475;191004;HORTIFRURTI EM FAMILIA;JOSE GOMES DOS S.;24/08/2026
1054474;191009;HORTIFRURTI EM FAMILIA;JOSE GOMES DOS S.;24/08/2026
1054473;191003;SUPERMERCADO TRES AMIGOS;JOSE GOMES DOS S.;24/08/2026
1054469;191007;SUPERMERCADO TRES AMIGOS;JOSE GOMES DOS S.;24/08/2026
1054461;191092;SHOPPER COMERCIO ALIMENTICIO - RIBEIRAO PRETO;JOSE ARTENCIO;24/08/2026
1054459;191102;M CLOSET COMERCIAL;JOSIAS EVANGELISTA;24/08/2026
1054456;191093;SHOPPER COMERCIO ALIMENTICIO - RIBEIRAO PRETO;JOSE ARTENCIO;24/08/2026
1054453;191023;KS TWO COMERCIAL E DISTRIBUIDORA;VALTER AMARAL MACHADO;24/08/2026
1054450;190969;SHOPPER COMERCIO ALIMENTICIO - OSASCO;JOSE ARTENCIO;24/08/2026
1054445;190707;OBA - SP CD;DAIANE CRISTINA DE OLIVEIRA;24/08/2026
1054436;191171;AUTO POSTO JOCAR;ERICK MOREIRA;24/08/2026
1054432;192037;SUPER MERCADO SAO ROQUE CD;PAULO COSTA;24/08/2026
1054431;191406;SUPERMERCADOS JAU SERVE;DAIANE CRISTINA DE OLIVEIRA;24/08/2026
1054430;191808;RENATO SUPERMERCADO;RAPHAEL COUTINHO ESPINDOLA;24/08/2026
1054429;191094;RENATO SUPERMERCADO;RAPHAEL COUTINHO ESPINDOLA;24/08/2026
1054428;40610;DA TERRINHA - FILIAL SP;PAULO ALEX;24/08/2026
1054426;190892;MERCADO CENTRAL;JOSE GOMES DOS S.;24/08/2026
1054425;190891;MERCADO CENTRAL;JOSE GOMES DOS S.;24/08/2026
1054424;190622;RAFINHA DISTRIBUIDORA;ALENCAR SILVA;24/08/2026
1054423;191385;MERCADO CARINHOSO E.B.D.M;JOSE GOMES DOS S.;24/08/2026
1054422;191388;MERCADO CARINHOSO E.B.D.M;JOSE GOMES DOS S.;24/08/2026
1054421;191386;SUPERMERCADO HIK;JOSE GOMES DOS S.;24/08/2026
1054420;191392;SUPERMERCADO HIK;JOSE GOMES DOS S.;24/08/2026
1054393;191369;ASSAI - 336;FERNANDO VOLTERO;24/08/2026
1054392;197028;ASSAI - 68;FERNANDO VOLTERO;24/08/2026
1054389;193886;ASSAI - 269;FERNANDO VOLTERO;24/08/2026
1054388;190802;ASSAI - 276;FERNANDO VOLTERO;24/08/2026
1054387;197335;ASSAI - 124;FERNANDO VOLTERO;24/08/2026
1054386;190708;ASSAI - 271;FERNANDO VOLTERO;24/08/2026
1054385;194195;ASSAI 260 - MOOCA;FERNANDO VOLTERO;24/08/2026
1054384;193907;ASSAI - 203;FERNANDO VOLTERO;24/08/2026
1054383;191113;ASSAI 161 - JARDIM ROSINA;FERNANDO VOLTERO;24/08/2026
1054382;194148;ASSAI - 343;FERNANDO VOLTERO;24/08/2026
1054381;196092;SENDAS DISTRIBUIDORA 915 - CD CAJAMAR;FERNANDO VOLTERO;24/08/2026
1054377;196279;ASSAI - 53;FERNANDO VOLTERO;24/08/2026
1054376;197587;ASSAI - 151;FERNANDO VOLTERO;24/08/2026
1054374;195919;ASSAI - 127;FERNANDO VOLTERO;24/08/2026
1054373;193649;ASSAI - 313;FERNANDO VOLTERO;24/08/2026
1054372;194961;ASSAI - 85;FERNANDO VOLTERO;24/08/2026
1054371;191195;ASSAI  - 339;FERNANDO VOLTERO;24/08/2026
1054370;195648;ASSAI - 337;FERNANDO VOLTERO;24/08/2026
1054369;195855;ASSAI - 155;FERNANDO VOLTERO;24/08/2026
1054368;195001;ASSAI - 104;FERNANDO VOLTERO;24/08/2026
1054367;193859;ASSAI - 265;FERNANDO VOLTERO;24/08/2026
1054366;197460;ASSAI  129 - VILA CASCATINHA;FERNANDO VOLTERO;24/08/2026
1054364;195231;ASSAI - 270;FERNANDO VOLTERO;24/08/2026
1054363;194512;ASSAI - 112;FERNANDO VOLTERO;24/08/2026
1054362;191136;ASSAI - 254;FERNANDO VOLTERO;24/08/2026
1054361;194262;ASSAI - 273;FERNANDO VOLTERO;24/08/2026
1054360;195954;ASSAI - 89;FERNANDO VOLTERO;24/08/2026
1054359;196373;ASSAI - 285;FERNANDO VOLTERO;24/08/2026
1054358;191151;ASSAI - 282;FERNANDO VOLTERO;24/08/2026
1054357;194274;ASSAI  - 350;FERNANDO VOLTERO;24/08/2026
1054356;194275;ASSAI - 205;FERNANDO VOLTERO;24/08/2026
1054355;193928;ASSAI - 279;FERNANDO VOLTERO;24/08/2026
1054354;197256;ASSAI - 75;FERNANDO VOLTERO;24/08/2026
1054353;191268;ASSAI - 165;FERNANDO VOLTERO;24/08/2026
1054352;190728;ASSAI - 148;FERNANDO VOLTERO;24/08/2026
1054351;195227;ASSAI - 233;FERNANDO VOLTERO;24/08/2026
1054350;196655;ASSAI - 123;FERNANDO VOLTERO;24/08/2026
1054349;197790;ASSAI - 64;FERNANDO VOLTERO;24/08/2026
1054348;195065;ASSAI - 258;FERNANDO VOLTERO;24/08/2026
1054347;196765;ASSAI - 60;FERNANDO VOLTERO;24/08/2026
1054346;191378;ASSAI - 272;FERNANDO VOLTERO;24/08/2026
1054345;194710;ASSAI - 208;FERNANDO VOLTERO;24/08/2026
1054344;197700;ASSAI - 81;FERNANDO VOLTERO;24/08/2026
1054343;193890;ASSAI - 274;FERNANDO VOLTERO;24/08/2026
1054342;191117;ASSAI - 96;FERNANDO VOLTERO;24/08/2026
1054341;190816;ASSAI - 156;FERNANDO VOLTERO;24/08/2026
1054340;194706;ASSAI - 209;FERNANDO VOLTERO;24/08/2026
1054339;191043;ASSAI - 18;FERNANDO VOLTERO;24/08/2026
1054338;195233;ASSAI - 58;FERNANDO VOLTERO;24/08/2026
1054337;197524;ASSAI - 59;FERNANDO VOLTERO;24/08/2026
1054336;190812;ASSAI - 275;FERNANDO VOLTERO;24/08/2026
1054335;196319;ASSAI - 10;FERNANDO VOLTERO;24/08/2026
1054334;196829;ASSAI - 157;FERNANDO VOLTERO;24/08/2026
1054333;196409;ASSAI - 74;FERNANDO VOLTERO;24/08/2026
1054332;197280;ASSAI - 86;FERNANDO VOLTERO;24/08/2026
1054330;193977;ASSAI - 280;FERNANDO VOLTERO;24/08/2026
1054329;193981;ASSAI - 199;FERNANDO VOLTERO;24/08/2026
1054328;195470;ASSAI - 349;FERNANDO VOLTERO;24/08/2026
1054285;531;DA TERRINHA - FILIAL SP;VENDEDOR INTERNO;24/08/2026
1054251;190722;FRUT JASP;PAULO SERGIO;24/08/2026
1054218;190609;SABORES DA TERRINHA - LOJA 03;ELTON;24/08/2026
1054185;191192;FORT - CD COMPER;ROBERTO CARLOS SANTANA;24/08/2026
1054153;190721;DIAS PASTORINHO - PERDIZES;ALENCAR SILVA;24/08/2026
1054152;190720;DIAS PASTORINHO - PERDIZES;ALENCAR SILVA;24/08/2026
1054144;191076;SUP MAXIMO - AQUARIUS;RAPHAEL COUTINHO ESPINDOLA;24/08/2026
1054143;191077;SUP MAXIMO - AQUARIUS;RAPHAEL COUTINHO ESPINDOLA;24/08/2026
1054142;191068;SUP MAXIMO -  PARQUE DO SOL;RAPHAEL COUTINHO ESPINDOLA;24/08/2026
1054141;191067;SUP MAXIMO -  PARQUE DO SOL;RAPHAEL COUTINHO ESPINDOLA;24/08/2026
1054140;191073;SUP MAXIMO - VILLA BRANCA;RAPHAEL COUTINHO ESPINDOLA;24/08/2026
1054139;190608;SABORES DA TERRINHA - LOJA 03;ELTON;24/08/2026
1054137;191072;SUP MAXIMO - VILLA BRANCA;RAPHAEL COUTINHO ESPINDOLA;24/08/2026
1054136;191075;SUP MAXIMO - URBANOVA;RAPHAEL COUTINHO ESPINDOLA;24/08/2026
1054135;191074;SUP MAXIMO - URBANOVA;RAPHAEL COUTINHO ESPINDOLA;24/08/2026
1054134;191084;SUP MAXIMO - VILA TESOURO;RAPHAEL COUTINHO ESPINDOLA;24/08/2026
1054133;191083;SUP MAXIMO - VILA TESOURO;RAPHAEL COUTINHO ESPINDOLA;24/08/2026
1054132;191078;SUP MAXIMO - AQUARIUS;RAPHAEL COUTINHO ESPINDOLA;24/08/2026
1054131;191089;SUP MAXIMO - UBATUBA;RAPHAEL COUTINHO ESPINDOLA;24/08/2026
1054130;191088;SUP MAXIMO - UBATUBA;RAPHAEL COUTINHO ESPINDOLA;24/08/2026
1054129;191071;SUP MAXIMO - CAMPOS DO JORDAO;RAPHAEL COUTINHO ESPINDOLA;24/08/2026
1054128;191087;SUP MAXIMO - TREMEMBE;RAPHAEL COUTINHO ESPINDOLA;24/08/2026
1054127;191066;SUP. MAXIMO - LORENA;RAPHAEL COUTINHO ESPINDOLA;24/08/2026
1054126;191065;SUP. MAXIMO - LORENA;RAPHAEL COUTINHO ESPINDOLA;24/08/2026
1054125;191080;SUP MAXIMO - BOSQUE;RAPHAEL COUTINHO ESPINDOLA;24/08/2026
1054124;191079;SUP MAXIMO - BOSQUE;RAPHAEL COUTINHO ESPINDOLA;24/08/2026
1054123;191085;SUP MAXIMO - DA VILA;RAPHAEL COUTINHO ESPINDOLA;24/08/2026
1054122;191081;ACHEI;RAPHAEL COUTINHO ESPINDOLA;24/08/2026
1054121;191082;ACHEI;RAPHAEL COUTINHO ESPINDOLA;24/08/2026
1054120;191069;SUP MAXIMO - GUARATINGUETA;RAPHAEL COUTINHO ESPINDOLA;24/08/2026
1054119;191070;SUP MAXIMO - GUARATINGUETA;RAPHAEL COUTINHO ESPINDOLA;24/08/2026
1054090;193137;ROLDAO - SANTANA;CAIO VINICIUS AMORIM;24/08/2026
1054089;193164;ROLDAO - VALINHOS;CAIO VINICIUS AMORIM;24/08/2026
1054088;192178;ROLDAO - MAUA;CAIO VINICIUS AMORIM;24/08/2026
1054087;192688;ROLDAO - SANTO ANDRE 2;CAIO VINICIUS AMORIM;24/08/2026
1054086;192209;ROLDAO - OSASCO 02;CAIO VINICIUS AMORIM;24/08/2026
1054085;193102;ROLDAO - CAMPINAS;CAIO VINICIUS AMORIM;24/08/2026
1054084;193405;ROLDAO - VILA EMA;CAIO VINICIUS AMORIM;24/08/2026
1054083;192282;ROLDAO - BONSUCESSO;CAIO VINICIUS AMORIM;24/08/2026
1054082;192295;ROLDAO - PQ COLONIAL;CAIO VINICIUS AMORIM;24/08/2026
1054081;192076;ROLDAO - SANTOS VILA MATHIAS;CAIO VINICIUS AMORIM;24/08/2026
1054080;192290;ROLDAO - BRASILANDIA;CAIO VINICIUS AMORIM;24/08/2026
1054079;192521;ROLDAO - S JOSE CAMPOS;CAIO VINICIUS AMORIM;24/08/2026
1054078;192247;ROLDAO - PIRITUBA;CAIO VINICIUS AMORIM;24/08/2026
1054077;192151;ROLDAO - JANDIRA;CAIO VINICIUS AMORIM;24/08/2026
1054076;192131;ROLDAO - CUPECE;CAIO VINICIUS AMORIM;24/08/2026
1054075;192657;ROLDAO - SANTO AMARO;CAIO VINICIUS AMORIM;24/08/2026
1054074;192305;ROLDAO - ATIBAIA;CAIO VINICIUS AMORIM;24/08/2026
1054073;192541;ROLDAO - SOROCABA;CAIO VINICIUS AMORIM;24/08/2026
1054072;192319;ROLDAO - FRANCO DA ROCHA;CAIO VINICIUS AMORIM;24/08/2026
1054071;192254;ROLDAO - OSASCO;CAIO VINICIUS AMORIM;24/08/2026
1054070;193152;ROLDAO - BUTANTA - MATRIZ;CAIO VINICIUS AMORIM;24/08/2026
1054069;192972;ROLDAO - JUNDIAI 02;CAIO VINICIUS AMORIM;24/08/2026
1054068;192915;ROLDAO - SAO VICENTE;CAIO VINICIUS AMORIM;24/08/2026
1054067;193362;ROLDAO - TIRADENTES;CAIO VINICIUS AMORIM;24/08/2026
1054066;192098;ROLDAO - MOOCA;CAIO VINICIUS AMORIM;24/08/2026
1054065;192023;ROLDAO - ITU;CAIO VINICIUS AMORIM;24/08/2026
1054064;192156;ROLDAO - PIRITUBA 02;CAIO VINICIUS AMORIM;24/08/2026
1054063;192752;ROLDAO - GUARUJA;CAIO VINICIUS AMORIM;24/08/2026
1054062;192852;ROLDAO - JUNDIAI;CAIO VINICIUS AMORIM;24/08/2026
1054061;193132;ROLDAO - MARECHAL TITO;CAIO VINICIUS AMORIM;24/08/2026
1054060;192326;ROLDAO - FREGUESIA;CAIO VINICIUS AMORIM;24/08/2026
1054059;190704;ROLDAO - INDAIATUBA;CAIO VINICIUS AMORIM;24/08/2026
1054058;192168;ROLDAO - PRAIA GRANDE 02;CAIO VINICIUS AMORIM;24/08/2026
1054057;192261;ROLDAO - PRAIA GRANDE;CAIO VINICIUS AMORIM;24/08/2026
1054056;192546;ROLDAO - SALTO;CAIO VINICIUS AMORIM;24/08/2026
1054055;192308;ROLDAO - GUARULHOS;CAIO VINICIUS AMORIM;24/08/2026
1054054;192932;ROLDAO - IPIRANGA;CAIO VINICIUS AMORIM;24/08/2026
1054053;192329;ROLDAO - CAMPO LIMPO;CAIO VINICIUS AMORIM;24/08/2026
1054021;190727;SUPERMERCADOS JAU SERVE;DAIANE CRISTINA DE OLIVEIRA;24/08/2026
1054020;190726;SUPERMERCADOS JAU SERVE;DAIANE CRISTINA DE OLIVEIRA;24/08/2026
1053987;190781;SUPERMERCADO BAHAMAS - LJ 71;CAIO MEIRELLES;24/08/2026
1053963;191051;BEM BARATO - 31;KELVIN;23/08/2026
1053962;190901;BEM BARATO - 30;KELVIN;23/08/2026
1053961;190923;BEM BARATO - 28;KELVIN;23/08/2026
1053960;191374;BEM BARATO - 24;KELVIN;23/08/2026
1053959;190983;BEM BARATO - 23;KELVIN;23/08/2026
1053958;191445;BEM BARATO - 22;KELVIN;23/08/2026
1053957;190915;BEM BARATO - 21;KELVIN;23/08/2026
1053956;190909;BEM BARATO - 20;KELVIN;23/08/2026
1053955;190902;BEM BARATO - 08;KELVIN;23/08/2026
1053954;190913;BEM BARATO - 01;KELVIN;23/08/2026
1053928;190632;EMPORIO ATACADISTA NOVO TAMOIO;ALEXANDRE VIANA;23/08/2026
1053925;190657;BONZAY - CB;INES MARTIN;23/08/2026
1053924;190631;EMPORIO ATACADISTA NOVO TAMOIO;ALEXANDRE VIANA;23/08/2026
1053923;191006;MM FRIOS;ALENCAR SILVA;23/08/2026
1053891;190992;FEDERZONI - 01;CLAUDIO AKIO SOGA;23/08/2026
1053890;190993;FEDERZONI - 02;CLAUDIO AKIO SOGA;23/08/2026
1053889;190963;FEDERZONI - 04;CLAUDIO AKIO SOGA;23/08/2026
1053888;190926;FEDERZONI - 06;CLAUDIO AKIO SOGA;23/08/2026
1053855;191699;NAGUMO - AGUA CHATA CD;JAMIR RIBEIRO;23/08/2026