Transportadora;Cidade;LeadTimeDiasUteis
MAJO  LOGISTICA E SERVICOS;ADAMANTINA;6
MAJO  LOGISTICA E SERVICOS;ADOLFO;6
MAJO  LOGISTICA E SERVICOS;Aguaí;6
MAJO  LOGISTICA E SERVICOS;AGUAS DA PRATA;6
MAJO  LOGISTICA E SERVICOS;AGUAS DE LINDOIA;3
MAJO  LOGISTICA E SERVICOS;AGUAS DE SANTA BARBARA;6
MAJO  LOGISTICA E SERVICOS;AGUAS DE SAO PEDRO;3
MAJO  LOGISTICA E SERVICOS;AGUDOS;6
MAJO  LOGISTICA E SERVICOS;ALAMBARI;3
MAJO  LOGISTICA E SERVICOS;ALFREDO MARCONDES;6
MAJO  LOGISTICA E SERVICOS;ALTAIR;6
MAJO  LOGISTICA E SERVICOS;ALTINOPOLIS;6
MAJO  LOGISTICA E SERVICOS;Altinópolis;3
MAJO  LOGISTICA E SERVICOS;ALTO ALEGRE;6
MAJO  LOGISTICA E SERVICOS;ALUMINIO;3
MAJO  LOGISTICA E SERVICOS;ÁLVARES FLORENCE;6
MAJO  LOGISTICA E SERVICOS;ALVARES MACHADO;6
MAJO  LOGISTICA E SERVICOS;ALVARO DE CARVALHO;6
MAJO  LOGISTICA E SERVICOS;ALVINLANDIA;6
MAJO  LOGISTICA E SERVICOS;Americana;3
MAJO  LOGISTICA E SERVICOS;AMERICO BRASILIENSE;6
MAJO  LOGISTICA E SERVICOS;Américo Brasiliense;3
MAJO  LOGISTICA E SERVICOS;AMERICO DE CAMPOS;6
MAJO  LOGISTICA E SERVICOS;AMPARO;3
MAJO  LOGISTICA E SERVICOS;ANALANDIA;6
MAJO  LOGISTICA E SERVICOS;ANDRADINA;6
MAJO  LOGISTICA E SERVICOS;Angatuba;3
MAJO  LOGISTICA E SERVICOS;ANHEMBI;6
MAJO  LOGISTICA E SERVICOS;ANHUMAS;6
MAJO  LOGISTICA E SERVICOS;APARECIDA;3
MAJO  LOGISTICA E SERVICOS;APARECIDA D'OESTE;6
MAJO  LOGISTICA E SERVICOS;APIAÍ;3
MAJO  LOGISTICA E SERVICOS;ARACARIGUAMA;3
MAJO  LOGISTICA E SERVICOS;Araçariguama;3
MAJO  LOGISTICA E SERVICOS;ARACATUBA;6
MAJO  LOGISTICA E SERVICOS;Araçatuba;3
MAJO  LOGISTICA E SERVICOS;ARACOIABA DA SERRA;3
MAJO  LOGISTICA E SERVICOS;Araçoiaba da Serra;3
MAJO  LOGISTICA E SERVICOS;ARAMINA;6
MAJO  LOGISTICA E SERVICOS;ARANDU;6
MAJO  LOGISTICA E SERVICOS;ARAPEI;3
MAJO  LOGISTICA E SERVICOS;Araraquara;3
MAJO  LOGISTICA E SERVICOS;Araras;3
MAJO  LOGISTICA E SERVICOS;ARCO-IRIS;6
MAJO  LOGISTICA E SERVICOS;AREALVA;6
MAJO  LOGISTICA E SERVICOS;AREIAS;3
MAJO  LOGISTICA E SERVICOS;AREIOPOLIS;6
MAJO  LOGISTICA E SERVICOS;ARIRANHA;6
MAJO  LOGISTICA E SERVICOS;ARTUR NOGUEIRA;3
MAJO  LOGISTICA E SERVICOS;ARUJA;1
MAJO  LOGISTICA E SERVICOS;Arujá;3
MAJO  LOGISTICA E SERVICOS;ASPASIA;6
MAJO  LOGISTICA E SERVICOS;Assis;3
MAJO  LOGISTICA E SERVICOS;Atibaia;3
MAJO  LOGISTICA E SERVICOS;AURIFLAMA;6
MAJO  LOGISTICA E SERVICOS;AVAI;6
MAJO  LOGISTICA E SERVICOS;AVANHANDAVA;6
MAJO  LOGISTICA E SERVICOS;AVARE;6
MAJO  LOGISTICA E SERVICOS;Avaré;3
MAJO  LOGISTICA E SERVICOS;BADY BASSIT;6
MAJO  LOGISTICA E SERVICOS;BALBINOS;6
MAJO  LOGISTICA E SERVICOS;BALSAMO;6
MAJO  LOGISTICA E SERVICOS;BANANAL;3
MAJO  LOGISTICA E SERVICOS;BARAO DE ANTONINA;6
MAJO  LOGISTICA E SERVICOS;BARBOSA;6
MAJO  LOGISTICA E SERVICOS;BARIRI;6
MAJO  LOGISTICA E SERVICOS;BARRA BONITA;6
MAJO  LOGISTICA E SERVICOS;BARRA DO CHAPEU;3
MAJO  LOGISTICA E SERVICOS;BARRA DO TURVO;3
MAJO  LOGISTICA E SERVICOS;BARRETOS;6
MAJO  LOGISTICA E SERVICOS;BARRINHA;6
MAJO  LOGISTICA E SERVICOS;Barueri;3
MAJO  LOGISTICA E SERVICOS;BASTOS;6
MAJO  LOGISTICA E SERVICOS;Batatais;3
MAJO  LOGISTICA E SERVICOS;Bauru;3
MAJO  LOGISTICA E SERVICOS;BEBEDOURO;6
MAJO  LOGISTICA E SERVICOS;BENTO DE ABREU;6
MAJO  LOGISTICA E SERVICOS;BERNARDINO DE CAMPOS;6
MAJO  LOGISTICA E SERVICOS;Bertioga;3
MAJO  LOGISTICA E SERVICOS;BILAC;6
MAJO  LOGISTICA E SERVICOS;BIRIGUI;6
MAJO  LOGISTICA E SERVICOS;BIRITIBA MIRIM;1
MAJO  LOGISTICA E SERVICOS;BOA ESPERANCA DO SUL;6
MAJO  LOGISTICA E SERVICOS;Boa Esperança do Sul;3
MAJO  LOGISTICA E SERVICOS;BOCAINA;6
MAJO  LOGISTICA E SERVICOS;Bofete;3
MAJO  LOGISTICA E SERVICOS;Boituva;3
MAJO  LOGISTICA E SERVICOS;BOM JESUS DOS PERDÕES;3
MAJO  LOGISTICA E SERVICOS;BOM SUCESSO DE ITARARE;3
MAJO  LOGISTICA E SERVICOS;BORA;6
MAJO  LOGISTICA E SERVICOS;BORACEIA;6
MAJO  LOGISTICA E SERVICOS;BORBOREMA;6
MAJO  LOGISTICA E SERVICOS;BOREBI;6
MAJO  LOGISTICA E SERVICOS;Botucatu;3
MAJO  LOGISTICA E SERVICOS;BRAGANCA PAULISTA;3
MAJO  LOGISTICA E SERVICOS;Bragança Paulista;3
MAJO  LOGISTICA E SERVICOS;BRAUNA;6
MAJO  LOGISTICA E SERVICOS;BREJO ALEGRE;6
MAJO  LOGISTICA E SERVICOS;Brodowski;3
MAJO  LOGISTICA E SERVICOS;Brotas;3
MAJO  LOGISTICA E SERVICOS;BURI;3
MAJO  LOGISTICA E SERVICOS;BURITAMA;6
MAJO  LOGISTICA E SERVICOS;BURITIZAL;6
MAJO  LOGISTICA E SERVICOS;CABRALIA PAULISTA;6
MAJO  LOGISTICA E SERVICOS;CABREUVA;3
MAJO  LOGISTICA E SERVICOS;CACAPAVA;3
MAJO  LOGISTICA E SERVICOS;Caçapava;3
MAJO  LOGISTICA E SERVICOS;Cachoeira Paulista;3
MAJO  LOGISTICA E SERVICOS;CACONDE;6
MAJO  LOGISTICA E SERVICOS;CAFELANDIA;6
MAJO  LOGISTICA E SERVICOS;CAIABU;6
MAJO  LOGISTICA E SERVICOS;Caieiras;2
MAJO  LOGISTICA E SERVICOS;CAIUA;6
MAJO  LOGISTICA E SERVICOS;Cajamar;2
MAJO  LOGISTICA E SERVICOS;Cajati;2
MAJO  LOGISTICA E SERVICOS;CAJOBI;6
MAJO  LOGISTICA E SERVICOS;CAJURU;6
MAJO  LOGISTICA E SERVICOS;CAMPINA GRANDE DO MONTE ALEGRE;3
MAJO  LOGISTICA E SERVICOS;Campinas;3
MAJO  LOGISTICA E SERVICOS;CAMPO LIMPO PAULISTA;3
MAJO  LOGISTICA E SERVICOS;CAMPOS DO JORDAO;3
MAJO  LOGISTICA E SERVICOS;Campos do Jordão;3
MAJO  LOGISTICA E SERVICOS;CAMPOS NOVOS PAULISTA;6
MAJO  LOGISTICA E SERVICOS;CANANEIA;3
MAJO  LOGISTICA E SERVICOS;Cananéia;3
MAJO  LOGISTICA E SERVICOS;CANAS;3
MAJO  LOGISTICA E SERVICOS;CANDIDO MOTA;6
MAJO  LOGISTICA E SERVICOS;CANDIDO RODRIGUES;6
MAJO  LOGISTICA E SERVICOS;CANITAR;6
MAJO  LOGISTICA E SERVICOS;CAPÃO BONITO;3
MAJO  LOGISTICA E SERVICOS;CAPELA DO ALTO;3
MAJO  LOGISTICA E SERVICOS;Capivari;3
MAJO  LOGISTICA E SERVICOS;Caraguatatuba;3
MAJO  LOGISTICA E SERVICOS;Carapicuíba;3
MAJO  LOGISTICA E SERVICOS;Cardoso;3
MAJO  LOGISTICA E SERVICOS;CASA BRANCA;6
MAJO  LOGISTICA E SERVICOS;CASSIA DOS COQUEIROS;6
MAJO  LOGISTICA E SERVICOS;CASTILHO;6
MAJO  LOGISTICA E SERVICOS;Catanduva;3
MAJO  LOGISTICA E SERVICOS;CATIGUA;6
MAJO  LOGISTICA E SERVICOS;CEDRAL;6
MAJO  LOGISTICA E SERVICOS;CERQUEIRA CESAR;6
MAJO  LOGISTICA E SERVICOS;Cerqueira César;3
MAJO  LOGISTICA E SERVICOS;CERQUILHO;3
MAJO  LOGISTICA E SERVICOS;CESARIO LANGE;3
MAJO  LOGISTICA E SERVICOS;Cesário Lange;3
MAJO  LOGISTICA E SERVICOS;CHARQUEADA;6
MAJO  LOGISTICA E SERVICOS;CHAVANTES;6
MAJO  LOGISTICA E SERVICOS;CLEMENTINA;6
MAJO  LOGISTICA E SERVICOS;COLINA;6
MAJO  LOGISTICA E SERVICOS;COLOMBIA;6
MAJO  LOGISTICA E SERVICOS;CONCHAL;3
MAJO  LOGISTICA E SERVICOS;CONCHAS;3
MAJO  LOGISTICA E SERVICOS;CORDEIROPOLIS;3
MAJO  LOGISTICA E SERVICOS;COROADOS;6
MAJO  LOGISTICA E SERVICOS;CORONEL MACEDO;6
MAJO  LOGISTICA E SERVICOS;CORUMBATAI;6
MAJO  LOGISTICA E SERVICOS;COSMOPOLIS;3
MAJO  LOGISTICA E SERVICOS;COSMORAMA;6
MAJO  LOGISTICA E SERVICOS;Cotia;3
MAJO  LOGISTICA E SERVICOS;CRAVINHOS;6
MAJO  LOGISTICA E SERVICOS;CRISTAIS PAULISTA;6
MAJO  LOGISTICA E SERVICOS;CRUZALIA;6
MAJO  LOGISTICA E SERVICOS;Cruzeiro;3
MAJO  LOGISTICA E SERVICOS;CUBATAO;3
MAJO  LOGISTICA E SERVICOS;Cubatão;3
MAJO  LOGISTICA E SERVICOS;Cunha;3
MAJO  LOGISTICA E SERVICOS;DESCALVADO;6
MAJO  LOGISTICA E SERVICOS;DIADEMA;1
MAJO  LOGISTICA E SERVICOS;DIRCE REIS;6
MAJO  LOGISTICA E SERVICOS;DIVINOLANDIA;6
MAJO  LOGISTICA E SERVICOS;DOBRADA;6
MAJO  LOGISTICA E SERVICOS;DOIS CORREGOS;6
MAJO  LOGISTICA E SERVICOS;DOLCINOPOLIS;6
MAJO  LOGISTICA E SERVICOS;DOURADO;6
MAJO  LOGISTICA E SERVICOS;DRACENA;6
MAJO  LOGISTICA E SERVICOS;DUARTINA;6
MAJO  LOGISTICA E SERVICOS;Dumont;3
MAJO  LOGISTICA E SERVICOS;ECHAPORA;6
MAJO  LOGISTICA E SERVICOS;ELDORADO;3
MAJO  LOGISTICA E SERVICOS;ELIAS FAUSTO;3
MAJO  LOGISTICA E SERVICOS;ELISIARIO;6
MAJO  LOGISTICA E SERVICOS;EMBAUBA;6
MAJO  LOGISTICA E SERVICOS;Embu das Artes;3
MAJO  LOGISTICA E SERVICOS;EMBU-GUAÇU;1
MAJO  LOGISTICA E SERVICOS;EMILIANOPOLIS;6
MAJO  LOGISTICA E SERVICOS;ENGENHEIRO COELHO;3
MAJO  LOGISTICA E SERVICOS;ESPIRITO SANTO DO PINHAL;3
MAJO  LOGISTICA E SERVICOS;ESPIRITO SANTO DO TURVO;6
MAJO  LOGISTICA E SERVICOS;ESTIVA GERBI;3
MAJO  LOGISTICA E SERVICOS;ESTRELA DO NORTE;6
MAJO  LOGISTICA E SERVICOS;ESTRELA D'OESTE;6
MAJO  LOGISTICA E SERVICOS;EUCLIDES DA CUNHA PAULISTA;6
MAJO  LOGISTICA E SERVICOS;FARTURA;6
MAJO  LOGISTICA E SERVICOS;FERNANDO PRESTES;6
MAJO  LOGISTICA E SERVICOS;FERNANDOPOLIS;6
MAJO  LOGISTICA E SERVICOS;FERNAO;6
MAJO  LOGISTICA E SERVICOS;Ferraz de Vasconcelos;3
MAJO  LOGISTICA E SERVICOS;FLORA RICA;6
MAJO  LOGISTICA E SERVICOS;FLOREAL;6
MAJO  LOGISTICA E SERVICOS;FLORIDA PAULISTA;6
MAJO  LOGISTICA E SERVICOS;FLORINEA;6
MAJO  LOGISTICA E SERVICOS;Franca;3
MAJO  LOGISTICA E SERVICOS;Francisco Morato;3
MAJO  LOGISTICA E SERVICOS;Franco da Rocha;3
MAJO  LOGISTICA E SERVICOS;GABRIEL MONTEIRO;6
MAJO  LOGISTICA E SERVICOS;GALIA;6
MAJO  LOGISTICA E SERVICOS;GARCA;6
MAJO  LOGISTICA E SERVICOS;GASTAO VIDIGAL;6
MAJO  LOGISTICA E SERVICOS;GAVIAO PEIXOTO;6
MAJO  LOGISTICA E SERVICOS;GENERAL SALGADO;6
MAJO  LOGISTICA E SERVICOS;GETULINA;6
MAJO  LOGISTICA E SERVICOS;GLICERIO;6
MAJO  LOGISTICA E SERVICOS;GUAICARA;6
MAJO  LOGISTICA E SERVICOS;GUAIMBE;6
MAJO  LOGISTICA E SERVICOS;GUAIRA;6
MAJO  LOGISTICA E SERVICOS;GUAPIAÇU;6
MAJO  LOGISTICA E SERVICOS;GUAPIARA;3
MAJO  LOGISTICA E SERVICOS;GUARA;6
MAJO  LOGISTICA E SERVICOS;GUARACAI;6
MAJO  LOGISTICA E SERVICOS;GUARACI;6
MAJO  LOGISTICA E SERVICOS;GUARANI D'OESTE;6
MAJO  LOGISTICA E SERVICOS;GUARANTÃ;6
MAJO  LOGISTICA E SERVICOS;GUARARAPES;6
MAJO  LOGISTICA E SERVICOS;Guararema;3
MAJO  LOGISTICA E SERVICOS;GUARATINGUETA;3
MAJO  LOGISTICA E SERVICOS;Guaratinguetá;3
MAJO  LOGISTICA E SERVICOS;GUAREI;3
MAJO  LOGISTICA E SERVICOS;Guareí;3
MAJO  LOGISTICA E SERVICOS;GUARIBA;6
MAJO  LOGISTICA E SERVICOS;GUARUJA;3
MAJO  LOGISTICA E SERVICOS;Guarujá;3
MAJO  LOGISTICA E SERVICOS;Guarulhos;3
MAJO  LOGISTICA E SERVICOS;GUATAPARA;6
MAJO  LOGISTICA E SERVICOS;GUZOLANDIA;6
MAJO  LOGISTICA E SERVICOS;HERCULANDIA;6
MAJO  LOGISTICA E SERVICOS;HOLAMBRA;3
MAJO  LOGISTICA E SERVICOS;HORTOLANDIA;3
MAJO  LOGISTICA E SERVICOS;IACANGA;6
MAJO  LOGISTICA E SERVICOS;IACRI;6
MAJO  LOGISTICA E SERVICOS;IARAS;6
MAJO  LOGISTICA E SERVICOS;IBATE;6
MAJO  LOGISTICA E SERVICOS;IBIRA;6
MAJO  LOGISTICA E SERVICOS;IBIRAREMA;6
MAJO  LOGISTICA E SERVICOS;Ibitinga;3
MAJO  LOGISTICA E SERVICOS;IBIUNA;3
MAJO  LOGISTICA E SERVICOS;ICEM;6
MAJO  LOGISTICA E SERVICOS;IEPE;6
MAJO  LOGISTICA E SERVICOS;IGARACU DO TIETE;6
MAJO  LOGISTICA E SERVICOS;IGARAPAVA;6
MAJO  LOGISTICA E SERVICOS;IGARATA;3
MAJO  LOGISTICA E SERVICOS;Igaratá;3
MAJO  LOGISTICA E SERVICOS;IGUAPE;3
MAJO  LOGISTICA E SERVICOS;Ilha Comprida;3
MAJO  LOGISTICA E SERVICOS;ILHA SOLTEIRA;6
MAJO  LOGISTICA E SERVICOS;Ilhabela;3
MAJO  LOGISTICA E SERVICOS;INDAIATUBA;3
MAJO  LOGISTICA E SERVICOS;INDIANA;6
MAJO  LOGISTICA E SERVICOS;INDIAPORA;6
MAJO  LOGISTICA E SERVICOS;INUBIA PAULISTA;6
MAJO  LOGISTICA E SERVICOS;IPAUSSU;6
MAJO  LOGISTICA E SERVICOS;Iperó;3
MAJO  LOGISTICA E SERVICOS;IPEÚNA;6
MAJO  LOGISTICA E SERVICOS;IPIGUA;6
MAJO  LOGISTICA E SERVICOS;IPORANGA;3
MAJO  LOGISTICA E SERVICOS;IPUA;6
MAJO  LOGISTICA E SERVICOS;Ipuã;3
MAJO  LOGISTICA E SERVICOS;IRACEMAPOLIS;3
MAJO  LOGISTICA E SERVICOS;IRAPUÃ;6
MAJO  LOGISTICA E SERVICOS;IRAPURU;6
MAJO  LOGISTICA E SERVICOS;Itaberá;3
MAJO  LOGISTICA E SERVICOS;ITAI;6
MAJO  LOGISTICA E SERVICOS;ITAJOBI;6
MAJO  LOGISTICA E SERVICOS;ITAJU;6
MAJO  LOGISTICA E SERVICOS;ITANHAEM;3
MAJO  LOGISTICA E SERVICOS;Itanhaém;3
MAJO  LOGISTICA E SERVICOS;ITAOCA;3
MAJO  LOGISTICA E SERVICOS;Itapecerica da Serra;3
MAJO  LOGISTICA E SERVICOS;Itapetininga;3
MAJO  LOGISTICA E SERVICOS;Itapeva;3
MAJO  LOGISTICA E SERVICOS;Itapevi;3
MAJO  LOGISTICA E SERVICOS;ITAPIRA;3
MAJO  LOGISTICA E SERVICOS;ITAPIRAPUA PAULISTA;3
MAJO  LOGISTICA E SERVICOS;ITÁPOLIS;6
MAJO  LOGISTICA E SERVICOS;ITAPORANGA;6
MAJO  LOGISTICA E SERVICOS;ITAPUI;6
MAJO  LOGISTICA E SERVICOS;ITAPURA;6
MAJO  LOGISTICA E SERVICOS;Itaquaquecetuba;3
MAJO  LOGISTICA E SERVICOS;ITARARÉ;3
MAJO  LOGISTICA E SERVICOS;Itariri;3
MAJO  LOGISTICA E SERVICOS;ITATIBA;3
MAJO  LOGISTICA E SERVICOS;ITATINGA;6
MAJO  LOGISTICA E SERVICOS;ITIRAPINA;6
MAJO  LOGISTICA E SERVICOS;ITIRAPUA;6
MAJO  LOGISTICA E SERVICOS;Itobi;3
MAJO  LOGISTICA E SERVICOS;Itu;3
MAJO  LOGISTICA E SERVICOS;ITUPEVA;3
MAJO  LOGISTICA E SERVICOS;ITUVERAVA;6
MAJO  LOGISTICA E SERVICOS;JABORANDI;6
MAJO  LOGISTICA E SERVICOS;JABOTICABAL;6
MAJO  LOGISTICA E SERVICOS;JACAREI;3
MAJO  LOGISTICA E SERVICOS;Jacareí;3
MAJO  LOGISTICA E SERVICOS;JACI;6
MAJO  LOGISTICA E SERVICOS;Jacupiranga;3
MAJO  LOGISTICA E SERVICOS;JAGUARIUNA;3
MAJO  LOGISTICA E SERVICOS;JALES;6
MAJO  LOGISTICA E SERVICOS;JAMBEIRO;3
MAJO  LOGISTICA E SERVICOS;Jandira;3
MAJO  LOGISTICA E SERVICOS;Jardinópolis;3
MAJO  LOGISTICA E SERVICOS;JARINU;3
MAJO  LOGISTICA E SERVICOS;JAU;6
MAJO  LOGISTICA E SERVICOS;Jaú;3
MAJO  LOGISTICA E SERVICOS;JERIQUARA;6
MAJO  LOGISTICA E SERVICOS;JOANOPOLIS;3
MAJO  LOGISTICA E SERVICOS;Joanópolis;3
MAJO  LOGISTICA E SERVICOS;JOAO RAMALHO;6
MAJO  LOGISTICA E SERVICOS;JOSE BONIFACIO;6
MAJO  LOGISTICA E SERVICOS;JULIO MESQUITA;6
MAJO  LOGISTICA E SERVICOS;JUMIRIM;3
MAJO  LOGISTICA E SERVICOS;JUNDIAI;3
MAJO  LOGISTICA E SERVICOS;Jundiaí;3
MAJO  LOGISTICA E SERVICOS;JUNQUEIROPOLIS;6
MAJO  LOGISTICA E SERVICOS;JUQUIA;3
MAJO  LOGISTICA E SERVICOS;Juquiá;3
MAJO  LOGISTICA E SERVICOS;Juquitiba;3
MAJO  LOGISTICA E SERVICOS;LAGOINHA;3
MAJO  LOGISTICA E SERVICOS;Laranjal Paulista;3
MAJO  LOGISTICA E SERVICOS;LAVINIA;6
MAJO  LOGISTICA E SERVICOS;LAVRINHAS;3
MAJO  LOGISTICA E SERVICOS;LEME;3
MAJO  LOGISTICA E SERVICOS;LENCOIS PAULISTA;6
MAJO  LOGISTICA E SERVICOS;Limeira;3
MAJO  LOGISTICA E SERVICOS;LINDOIA;3
MAJO  LOGISTICA E SERVICOS;LINS;6
MAJO  LOGISTICA E SERVICOS;Lorena;3
MAJO  LOGISTICA E SERVICOS;LOURDES;6
MAJO  LOGISTICA E SERVICOS;LOUVEIRA;3
MAJO  LOGISTICA E SERVICOS;LUCELIA;6
MAJO  LOGISTICA E SERVICOS;LUCIANOPOLIS;6
MAJO  LOGISTICA E SERVICOS;LUIS ANTONIO;6
MAJO  LOGISTICA E SERVICOS;Luís Antônio;3
MAJO  LOGISTICA E SERVICOS;LUIZIANIA;6
MAJO  LOGISTICA E SERVICOS;LUPERCIO;6
MAJO  LOGISTICA E SERVICOS;LUTECIA;6
MAJO  LOGISTICA E SERVICOS;MACATUBA;6
MAJO  LOGISTICA E SERVICOS;MACAUBAL;6
MAJO  LOGISTICA E SERVICOS;MACEDONIA;6
MAJO  LOGISTICA E SERVICOS;MAGDA;6
MAJO  LOGISTICA E SERVICOS;MAIRINQUE;3
MAJO  LOGISTICA E SERVICOS;MAIRIPORA;1
MAJO  LOGISTICA E SERVICOS;Mairiporã;3
MAJO  LOGISTICA E SERVICOS;Manduri;3
MAJO  LOGISTICA E SERVICOS;MARABA PAULISTA;6
MAJO  LOGISTICA E SERVICOS;Maracaí;6
MAJO  LOGISTICA E SERVICOS;MARAPOANA;6
MAJO  LOGISTICA E SERVICOS;MARIAPOLIS;6
MAJO  LOGISTICA E SERVICOS;MARILIA;6
MAJO  LOGISTICA E SERVICOS;Marília;3
MAJO  LOGISTICA E SERVICOS;MARINOPOLIS;6
MAJO  LOGISTICA E SERVICOS;MATAO;6
MAJO  LOGISTICA E SERVICOS;Matão;2
MAJO  LOGISTICA E SERVICOS;MAUA;1
MAJO  LOGISTICA E SERVICOS;MENDONCA;6
MAJO  LOGISTICA E SERVICOS;MERIDIANO;6
MAJO  LOGISTICA E SERVICOS;MERTINOPOLIS;6
MAJO  LOGISTICA E SERVICOS;MESOPOLIS;6
MAJO  LOGISTICA E SERVICOS;MIGUELOPOLIS;6
MAJO  LOGISTICA E SERVICOS;MINEIROS DO TIETE;6
MAJO  LOGISTICA E SERVICOS;MIRA ESTRELA;6
MAJO  LOGISTICA E SERVICOS;MIRACATU;3
MAJO  LOGISTICA E SERVICOS;MIRANDOPOLIS;6
MAJO  LOGISTICA E SERVICOS;MIRANTE DO PARANAPANEMA;6
MAJO  LOGISTICA E SERVICOS;Mirassol;3
MAJO  LOGISTICA E SERVICOS;MIRASSOLANDIA;6
MAJO  LOGISTICA E SERVICOS;MOCOCA;6
MAJO  LOGISTICA E SERVICOS;Mogi das Cruzes;3
MAJO  LOGISTICA E SERVICOS;MOGI GUACU;3
MAJO  LOGISTICA E SERVICOS;Mogi Guaçu;3
MAJO  LOGISTICA E SERVICOS;Mogi Mirim;3
MAJO  LOGISTICA E SERVICOS;MOMBUCA;3
MAJO  LOGISTICA E SERVICOS;MONCOES;6
MAJO  LOGISTICA E SERVICOS;MONGAGUA;3
MAJO  LOGISTICA E SERVICOS;Mongaguá;3
MAJO  LOGISTICA E SERVICOS;MONTE ALEGRE DO SUL;3
MAJO  LOGISTICA E SERVICOS;MONTE ALTO;6
MAJO  LOGISTICA E SERVICOS;MONTE APRAZÍVEL;6
MAJO  LOGISTICA E SERVICOS;MONTE AZUL PAULISTA;6
MAJO  LOGISTICA E SERVICOS;MONTE CASTELO;6
MAJO  LOGISTICA E SERVICOS;MONTE MOR;3
MAJO  LOGISTICA E SERVICOS;MONTEIRO LOBATO;3
MAJO  LOGISTICA E SERVICOS;MORRO AGUDO;6
MAJO  LOGISTICA E SERVICOS;MORUNGABA;3
MAJO  LOGISTICA E SERVICOS;MOTUCA;6
MAJO  LOGISTICA E SERVICOS;MURUTINGA O SUL;6
MAJO  LOGISTICA E SERVICOS;NANTES;6
MAJO  LOGISTICA E SERVICOS;NARANDIBA;6
MAJO  LOGISTICA E SERVICOS;Natividade da Serra;3
MAJO  LOGISTICA E SERVICOS;Nazaré Paulista;3
MAJO  LOGISTICA E SERVICOS;NEVES PAULISTA;6
MAJO  LOGISTICA E SERVICOS;NHANDEARA;6
MAJO  LOGISTICA E SERVICOS;NIPOA;6
MAJO  LOGISTICA E SERVICOS;NOVA ALIANCA;6
MAJO  LOGISTICA E SERVICOS;NOVA CAMPINA;3
MAJO  LOGISTICA E SERVICOS;NOVA CANAA PAULISTA;6
MAJO  LOGISTICA E SERVICOS;NOVA CASTILHO;6
MAJO  LOGISTICA E SERVICOS;NOVA EUROPA;6
MAJO  LOGISTICA E SERVICOS;NOVA GRANADA;6
MAJO  LOGISTICA E SERVICOS;NOVA GUATAPORA;6
MAJO  LOGISTICA E SERVICOS;NOVA INDEPENDENCIA;6
MAJO  LOGISTICA E SERVICOS;NOVA LUZITANIA;6
MAJO  LOGISTICA E SERVICOS;Nova Odessa;3
MAJO  LOGISTICA E SERVICOS;NOVAIS;6
MAJO  LOGISTICA E SERVICOS;NOVO HORIZONTE;6
MAJO  LOGISTICA E SERVICOS;Nuporanga;3
MAJO  LOGISTICA E SERVICOS;OCAUCU;6
MAJO  LOGISTICA E SERVICOS;OLEO;6
MAJO  LOGISTICA E SERVICOS;OLIMPIA;6
MAJO  LOGISTICA E SERVICOS;Olímpia;3
MAJO  LOGISTICA E SERVICOS;ONDA VERDE;6
MAJO  LOGISTICA E SERVICOS;ORIENTE;6
MAJO  LOGISTICA E SERVICOS;ORINDIUVA;6
MAJO  LOGISTICA E SERVICOS;ORLANDIA;6
MAJO  LOGISTICA E SERVICOS;Orlândia;3
MAJO  LOGISTICA E SERVICOS;Osasco;3
MAJO  LOGISTICA E SERVICOS;OSCAR BRESSANE;6
MAJO  LOGISTICA E SERVICOS;OSVALDO CRUZ;6
MAJO  LOGISTICA E SERVICOS;Ourinhos;3
MAJO  LOGISTICA E SERVICOS;OURO VERDE;6
MAJO  LOGISTICA E SERVICOS;OUROESTE;6
MAJO  LOGISTICA E SERVICOS;PACAEMBU;6
MAJO  LOGISTICA E SERVICOS;PALESTINA;6
MAJO  LOGISTICA E SERVICOS;PALMARES PAULISTA;6
MAJO  LOGISTICA E SERVICOS;PALMEIRA D'OESTE;6
MAJO  LOGISTICA E SERVICOS;PALMITAL;6
MAJO  LOGISTICA E SERVICOS;PANORAMA;6
MAJO  LOGISTICA E SERVICOS;Paraguaçu Paulista;6
MAJO  LOGISTICA E SERVICOS;PARAIBUNA;3
MAJO  LOGISTICA E SERVICOS;PARAISO;6
MAJO  LOGISTICA E SERVICOS;Paranapanema;3
MAJO  LOGISTICA E SERVICOS;PARANAPUA;6
MAJO  LOGISTICA E SERVICOS;PARAPUÃ;6
MAJO  LOGISTICA E SERVICOS;PARDINHO;3
MAJO  LOGISTICA E SERVICOS;PARIQUERA-ACU;3
MAJO  LOGISTICA E SERVICOS;PARISI;6
MAJO  LOGISTICA E SERVICOS;PATROCINIO PAULISTA;6
MAJO  LOGISTICA E SERVICOS;PAULICEIA;6
MAJO  LOGISTICA E SERVICOS;PAULINIA;3
MAJO  LOGISTICA E SERVICOS;PAULISTANIA;6
MAJO  LOGISTICA E SERVICOS;PAULO DE FARIA;6
MAJO  LOGISTICA E SERVICOS;PEDERNEIRAS;6
MAJO  LOGISTICA E SERVICOS;PEDRA BELA;3
MAJO  LOGISTICA E SERVICOS;PEDRANOPLIS;6
MAJO  LOGISTICA E SERVICOS;PEDREGULHO;6
MAJO  LOGISTICA E SERVICOS;PEDREIRA;3
MAJO  LOGISTICA E SERVICOS;PEDRINHAS PAULISTA;6
MAJO  LOGISTICA E SERVICOS;Pedro de Toledo;3
MAJO  LOGISTICA E SERVICOS;PENAPOLIS;6
MAJO  LOGISTICA E SERVICOS;Pereira Barreto;3
MAJO  LOGISTICA E SERVICOS;PEREIRAS;3
MAJO  LOGISTICA E SERVICOS;PERUIBE;3
MAJO  LOGISTICA E SERVICOS;Peruíbe;3
MAJO  LOGISTICA E SERVICOS;PIACATU;6
MAJO  LOGISTICA E SERVICOS;PIEDADE;3
MAJO  LOGISTICA E SERVICOS;PILAR DO SUL;3
MAJO  LOGISTICA E SERVICOS;Pindamonhangaba;3
MAJO  LOGISTICA E SERVICOS;PINDORAMA;6
MAJO  LOGISTICA E SERVICOS;PINHALZINHO;3
MAJO  LOGISTICA E SERVICOS;PIQUEROI;6
MAJO  LOGISTICA E SERVICOS;Piquete;3
MAJO  LOGISTICA E SERVICOS;Piracaia;3
MAJO  LOGISTICA E SERVICOS;Piracicaba;3
MAJO  LOGISTICA E SERVICOS;PIRAJU;6
MAJO  LOGISTICA E SERVICOS;PIRAJUI;6
MAJO  LOGISTICA E SERVICOS;PIRAPORA DO BOM JESUS;1
MAJO  LOGISTICA E SERVICOS;PIRAPOZINHO;6
MAJO  LOGISTICA E SERVICOS;Pirassununga;3
MAJO  LOGISTICA E SERVICOS;PIRATININGA;6
MAJO  LOGISTICA E SERVICOS;PITANGUEIRAS;6
MAJO  LOGISTICA E SERVICOS;PLANALTO;6
MAJO  LOGISTICA E SERVICOS;PLATINA;6
MAJO  LOGISTICA E SERVICOS;POA;1
MAJO  LOGISTICA E SERVICOS;Poá;3
MAJO  LOGISTICA E SERVICOS;POLONI;6
MAJO  LOGISTICA E SERVICOS;POMPEIA;6
MAJO  LOGISTICA E SERVICOS;PONGAI;6
MAJO  LOGISTICA E SERVICOS;PONTAL;6
MAJO  LOGISTICA E SERVICOS;PONTALINDA;6
MAJO  LOGISTICA E SERVICOS;PONTE GESTAL;6
MAJO  LOGISTICA E SERVICOS;POPULINA;6
MAJO  LOGISTICA E SERVICOS;PORANGABA;3
MAJO  LOGISTICA E SERVICOS;Porto Feliz;3
MAJO  LOGISTICA E SERVICOS;Porto Ferreira;3
MAJO  LOGISTICA E SERVICOS;POTIM;3
MAJO  LOGISTICA E SERVICOS;POTIRENDABA;6
MAJO  LOGISTICA E SERVICOS;PRACINHA;6
MAJO  LOGISTICA E SERVICOS;PRADOPOLIS;6
MAJO  LOGISTICA E SERVICOS;Praia Grande;3
MAJO  LOGISTICA E SERVICOS;PRATANIA;6
MAJO  LOGISTICA E SERVICOS;PRESIDENTE ALVES;6
MAJO  LOGISTICA E SERVICOS;PRESIDENTE BERNARDES;6
MAJO  LOGISTICA E SERVICOS;PRESIDENTE EPITACIO;6
MAJO  LOGISTICA E SERVICOS;Presidente Prudente;3
MAJO  LOGISTICA E SERVICOS;PRESIDENTE VENCESLAU;6
MAJO  LOGISTICA E SERVICOS;PROMISSÃO;6
MAJO  LOGISTICA E SERVICOS;QUADRA;3
MAJO  LOGISTICA E SERVICOS;QUATA;6
MAJO  LOGISTICA E SERVICOS;QUEIROZ;6
MAJO  LOGISTICA E SERVICOS;QUELUZ;3
MAJO  LOGISTICA E SERVICOS;QUINTANA;6
MAJO  LOGISTICA E SERVICOS;RAFARD;3
MAJO  LOGISTICA E SERVICOS;RANCHARIA;6
MAJO  LOGISTICA E SERVICOS;REDENCAO DA SERRA;3
MAJO  LOGISTICA E SERVICOS;REGENTE FEIJO;6
MAJO  LOGISTICA E SERVICOS;REGINOPOLIS;6
MAJO  LOGISTICA E SERVICOS;Registro;3
MAJO  LOGISTICA E SERVICOS;RESTINGA;6
MAJO  LOGISTICA E SERVICOS;RIBEIRA;3
MAJO  LOGISTICA E SERVICOS;RIBEIRAO BONITO;6
MAJO  LOGISTICA E SERVICOS;RIBEIRÃO BRANCO;3
MAJO  LOGISTICA E SERVICOS;RIBEIRAO CORRENTE;6
MAJO  LOGISTICA E SERVICOS;RIBEIRAO DO SUL;6
MAJO  LOGISTICA E SERVICOS;RIBEIRAO DOS INDIOS;6
MAJO  LOGISTICA E SERVICOS;RIBEIRAO GRANDE;3
MAJO  LOGISTICA E SERVICOS;RIBEIRAO PIRES;1
MAJO  LOGISTICA E SERVICOS;RIBEIRAO PRETO;6
MAJO  LOGISTICA E SERVICOS;Ribeirão Preto;3
MAJO  LOGISTICA E SERVICOS;RIFAINA;6
MAJO  LOGISTICA E SERVICOS;RINCAO;6
MAJO  LOGISTICA E SERVICOS;Rincão;3
MAJO  LOGISTICA E SERVICOS;RINÓPOLIS;6
MAJO  LOGISTICA E SERVICOS;Rio Claro;3
MAJO  LOGISTICA E SERVICOS;RIO DAS PEDRAS;3
MAJO  LOGISTICA E SERVICOS;RIO GRANDE DA SERRA;1
MAJO  LOGISTICA E SERVICOS;RIOLANDIA;6
MAJO  LOGISTICA E SERVICOS;RIVERSUL;3
MAJO  LOGISTICA E SERVICOS;ROSANA;6
MAJO  LOGISTICA E SERVICOS;ROSEIRA;3
MAJO  LOGISTICA E SERVICOS;RUBIACEA;6
MAJO  LOGISTICA E SERVICOS;RUBINEIA;6
MAJO  LOGISTICA E SERVICOS;SABINO;6
MAJO  LOGISTICA E SERVICOS;SAGRES;6
MAJO  LOGISTICA E SERVICOS;SALES;6
MAJO  LOGISTICA E SERVICOS;SALES OLIVEIRA;6
MAJO  LOGISTICA E SERVICOS;SALESOPOLIS;3
MAJO  LOGISTICA E SERVICOS;SALMOURAO;6
MAJO  LOGISTICA E SERVICOS;SALTINHO;3
MAJO  LOGISTICA E SERVICOS;Salto;3
MAJO  LOGISTICA E SERVICOS;SALTO DE PIRAPORA;3
MAJO  LOGISTICA E SERVICOS;SALTO GRANDE;6
MAJO  LOGISTICA E SERVICOS;SANDOVALINA;6
MAJO  LOGISTICA E SERVICOS;SANTA ADELIA;6
MAJO  LOGISTICA E SERVICOS;SANTA ALBERTINA;6
MAJO  LOGISTICA E SERVICOS;SANTA BARBARA D'OESTE;3
MAJO  LOGISTICA E SERVICOS;Santa Bárbara d'Oeste;3
MAJO  LOGISTICA E SERVICOS;Santa Branca;3
MAJO  LOGISTICA E SERVICOS;SANTA CLARA D'OESTE;6
MAJO  LOGISTICA E SERVICOS;SANTA CRUZ DA CONCEIÇÃO;3
MAJO  LOGISTICA E SERVICOS;SANTA CRUZ DA ESPERANÇA;6
MAJO  LOGISTICA E SERVICOS;SANTA CRUZ DAS PALMEIRAS;6
MAJO  LOGISTICA E SERVICOS;SANTA CRUZ DO RIO PARDO;6
MAJO  LOGISTICA E SERVICOS;SANTA ERNESTINA;6
MAJO  LOGISTICA E SERVICOS;SANTA FE DO SUL;6
MAJO  LOGISTICA E SERVICOS;SANTA GERTRUDES;3
MAJO  LOGISTICA E SERVICOS;Santa Isabel;3
MAJO  LOGISTICA E SERVICOS;SANTA LUCIA;6
MAJO  LOGISTICA E SERVICOS;SANTA MARIA DA SERRA;6
MAJO  LOGISTICA E SERVICOS;SANTA MERCEDES;6
MAJO  LOGISTICA E SERVICOS;SANTA RITA DO PASSA QUATRO;6
MAJO  LOGISTICA E SERVICOS;SANTA RITA D'OESTE;6
MAJO  LOGISTICA E SERVICOS;SANTA ROSA DE VITERBO;6
MAJO  LOGISTICA E SERVICOS;SANTA SALETE;6
MAJO  LOGISTICA E SERVICOS;SANTANA DA PONTE PENSA;6
MAJO  LOGISTICA E SERVICOS;Santana de Parnaíba;3
MAJO  LOGISTICA E SERVICOS;SANTO ANASTACIO;6
MAJO  LOGISTICA E SERVICOS;SANTO ANDRE;1
MAJO  LOGISTICA E SERVICOS;Santo André;3
MAJO  LOGISTICA E SERVICOS;SANTO ANTONIO DA ALEGRIA;6
MAJO  LOGISTICA E SERVICOS;SANTO ANTONIO DA POSSE;3
MAJO  LOGISTICA E SERVICOS;SANTO ANTONIO DO JARDIM;6
MAJO  LOGISTICA E SERVICOS;SANTO ANTONIO DO PINHAL;3
MAJO  LOGISTICA E SERVICOS;Santo Antônio do Pinhal;3
MAJO  LOGISTICA E SERVICOS;SANTO EXPEDITO;6
MAJO  LOGISTICA E SERVICOS;SANTOPOLIS DO AGUAPEI;6
MAJO  LOGISTICA E SERVICOS;Santos;3
MAJO  LOGISTICA E SERVICOS;SAO BENTO DO SAPUCAI;3
MAJO  LOGISTICA E SERVICOS;São Bento do Sapucaí;3
MAJO  LOGISTICA E SERVICOS;SAO BERNARDO DO CAMPO;1
MAJO  LOGISTICA E SERVICOS;SAO CAETANO DO SUL;1
MAJO  LOGISTICA E SERVICOS;SAO CARLOS;6
MAJO  LOGISTICA E SERVICOS;São Carlos;3
MAJO  LOGISTICA E SERVICOS;SÃO FRANCISCO;6
MAJO  LOGISTICA E SERVICOS;SAO JOAO DA BOA VISTA;6
MAJO  LOGISTICA E SERVICOS;São João da Boa Vista;3
MAJO  LOGISTICA E SERVICOS;SÃO JOAO DAS DUAS PONTES;6
MAJO  LOGISTICA E SERVICOS;SÃO JOAO DE IRACEMA;6
MAJO  LOGISTICA E SERVICOS;SÃO JOAO DO PAU D'ALHO;6
MAJO  LOGISTICA E SERVICOS;SAO JOAQUIM DA BARRA;6
MAJO  LOGISTICA E SERVICOS;SAO JOSE DA BELA VISTA;6
MAJO  LOGISTICA E SERVICOS;SAO JOSE DO BARREIRO;3
MAJO  LOGISTICA E SERVICOS;SAO JOSE DO RIO PARDO;6
MAJO  LOGISTICA E SERVICOS;São José do Rio Pardo;3
MAJO  LOGISTICA E SERVICOS;SAO JOSE DO RIO PRETO;6
MAJO  LOGISTICA E SERVICOS;São José do Rio Preto;3
MAJO  LOGISTICA E SERVICOS;SAO JOSÉ DOS CAMPOS;3
MAJO  LOGISTICA E SERVICOS;São José dos Campos;3
MAJO  LOGISTICA E SERVICOS;SAO LOURENÇO DA SERRA;1
MAJO  LOGISTICA E SERVICOS;São Lourenço da Serra;3
MAJO  LOGISTICA E SERVICOS;SAO LUIZ DO PARAITINGA;3
MAJO  LOGISTICA E SERVICOS;SAO MANUEL;6
MAJO  LOGISTICA E SERVICOS;São Miguel Arcanjo;3
MAJO  LOGISTICA E SERVICOS;SAO PAULO;1
MAJO  LOGISTICA E SERVICOS;São Paulo;3
MAJO  LOGISTICA E SERVICOS;SAO PEDRO;3
MAJO  LOGISTICA E SERVICOS;SAO PEDRO DO TURVO;6
MAJO  LOGISTICA E SERVICOS;SAO ROQUE;3
MAJO  LOGISTICA E SERVICOS;SAO SEBASTIAO;3
MAJO  LOGISTICA E SERVICOS;São Sebastião;3
MAJO  LOGISTICA E SERVICOS;SAO SEBASTIAO DA GRAMA;6
MAJO  LOGISTICA E SERVICOS;SÃO SIMÃO;6
MAJO  LOGISTICA E SERVICOS;SAO VICENTE;3
MAJO  LOGISTICA E SERVICOS;São Vicente;3
MAJO  LOGISTICA E SERVICOS;SARAPUI;3
MAJO  LOGISTICA E SERVICOS;SARUTAIA;6
MAJO  LOGISTICA E SERVICOS;SEBASTIANOPOLIS DO SUL;6
MAJO  LOGISTICA E SERVICOS;SERRA AZUL;6
MAJO  LOGISTICA E SERVICOS;Serra Negra;3
MAJO  LOGISTICA E SERVICOS;SERRANA;6
MAJO  LOGISTICA E SERVICOS;SERTAOZINHO;6
MAJO  LOGISTICA E SERVICOS;Sertãozinho;3
MAJO  LOGISTICA E SERVICOS;SETE BARRAS;3
MAJO  LOGISTICA E SERVICOS;SEVERINIA;6
MAJO  LOGISTICA E SERVICOS;SILVEIRAS;3
MAJO  LOGISTICA E SERVICOS;Socorro;3
MAJO  LOGISTICA E SERVICOS;Sorocaba;3
MAJO  LOGISTICA E SERVICOS;STO ANTONIO DO ARACANGUA;6
MAJO  LOGISTICA E SERVICOS;SUD MENNUCCI;6
MAJO  LOGISTICA E SERVICOS;SUMARÉ;3
MAJO  LOGISTICA E SERVICOS;Suzano;3
MAJO  LOGISTICA E SERVICOS;SUZANOPOLIS;6
MAJO  LOGISTICA E SERVICOS;TABAPUA;6
MAJO  LOGISTICA E SERVICOS;TABATINGA;6
MAJO  LOGISTICA E SERVICOS;TABOAO DA SERRA;1
MAJO  LOGISTICA E SERVICOS;Taboão da Serra;3
MAJO  LOGISTICA E SERVICOS;TACIBA;6
MAJO  LOGISTICA E SERVICOS;Taguaí;6
MAJO  LOGISTICA E SERVICOS;TAIAÇU;6
MAJO  LOGISTICA E SERVICOS;TAIUVA;6
MAJO  LOGISTICA E SERVICOS;TAMBAU;6
MAJO  LOGISTICA E SERVICOS;TANABI;6
MAJO  LOGISTICA E SERVICOS;TAPIRAÍ;3
MAJO  LOGISTICA E SERVICOS;TAPIRATIBA;6
MAJO  LOGISTICA E SERVICOS;TAQUARAL;6
MAJO  LOGISTICA E SERVICOS;TAQUARITINGA;6
MAJO  LOGISTICA E SERVICOS;TAQUARITUBA;6
MAJO  LOGISTICA E SERVICOS;TAQUARIVAÍ;3
MAJO  LOGISTICA E SERVICOS;TARABAI;6
MAJO  LOGISTICA E SERVICOS;TARUMA;6
MAJO  LOGISTICA E SERVICOS;TATUI;3
MAJO  LOGISTICA E SERVICOS;Taubaté;3
MAJO  LOGISTICA E SERVICOS;TEJUPA;6
MAJO  LOGISTICA E SERVICOS;TEODORO SAMPAIO;6
MAJO  LOGISTICA E SERVICOS;TERRA ROXA;6
MAJO  LOGISTICA E SERVICOS;TIETE;3
MAJO  LOGISTICA E SERVICOS;TIMBURI;6
MAJO  LOGISTICA E SERVICOS;TORRE DE PEDRA;3
MAJO  LOGISTICA E SERVICOS;TORRINHA;6
MAJO  LOGISTICA E SERVICOS;TRABIJU;6
MAJO  LOGISTICA E SERVICOS;TREMEMBE;3
MAJO  LOGISTICA E SERVICOS;Tremembé;3
MAJO  LOGISTICA E SERVICOS;TRES FRONTEIRAS;6
MAJO  LOGISTICA E SERVICOS;TUIUTI;3
MAJO  LOGISTICA E SERVICOS;TUPA;6
MAJO  LOGISTICA E SERVICOS;TUPI PAULISTA;6
MAJO  LOGISTICA E SERVICOS;TURIUBA;6
MAJO  LOGISTICA E SERVICOS;TURMALINA;6
MAJO  LOGISTICA E SERVICOS;UBARANA;6
MAJO  LOGISTICA E SERVICOS;Ubatuba;3
MAJO  LOGISTICA E SERVICOS;UBIRAJARA;6
MAJO  LOGISTICA E SERVICOS;UCHOA;6
MAJO  LOGISTICA E SERVICOS;UNIÃO PAULISTA;6
MAJO  LOGISTICA E SERVICOS;URANIA;6
MAJO  LOGISTICA E SERVICOS;URU;6
MAJO  LOGISTICA E SERVICOS;URUPES;6
MAJO  LOGISTICA E SERVICOS;VALENTIM GENTIL;6
MAJO  LOGISTICA E SERVICOS;Valinhos;3
MAJO  LOGISTICA E SERVICOS;VALPARAISO;6
MAJO  LOGISTICA E SERVICOS;Vargem;3
MAJO  LOGISTICA E SERVICOS;VARGEM GRANDE DO SUL;6
MAJO  LOGISTICA E SERVICOS;VARGEM GRANDE PAULISTA;1
MAJO  LOGISTICA E SERVICOS;VARZEA PAULISTA;3
MAJO  LOGISTICA E SERVICOS;Várzea Paulista;3
MAJO  LOGISTICA E SERVICOS;VERA CRUZ;6
MAJO  LOGISTICA E SERVICOS;VINHEDO;3
MAJO  LOGISTICA E SERVICOS;VIRADOURO;6
MAJO  LOGISTICA E SERVICOS;VISTA ALEGRE DO ALTO;6
MAJO  LOGISTICA E SERVICOS;VITORIA BRASIL;6
MAJO  LOGISTICA E SERVICOS;Votorantim;3
MAJO  LOGISTICA E SERVICOS;Votuporanga;3
MAJO  LOGISTICA E SERVICOS;ZACARIAS;6
MAJO  LOGISTICA E SERVICOS;Hortolândia;3
MVT - OSASCO;ABADIA DOS DOURADOS;4
MVT - OSASCO;ADAMANTINA;3
MVT - OSASCO;ADOLFO;3
MVT - OSASCO;AGUA COMPRIDA;4
MVT - OSASCO;AGUAI;3
MVT - OSASCO;AGUAS DA PRATA;3
MVT - OSASCO;AGUAS DE LINDOIA;2
MVT - OSASCO;AGUAS DE SANTA BARBARA;3
MVT - OSASCO;AGUAS DE SAO PEDRO;2
MVT - OSASCO;AGUDOS;3
MVT - OSASCO;ALFREDO MARCONDES;3
MVT - OSASCO;ALTAIR;3
MVT - OSASCO;ALTINOPOLIS;3
MVT - OSASCO;ALTO ALEGRE;3
MVT - OSASCO;ALUMINIO;2
MVT - OSASCO;ALVARES FLORENCE;3
MVT - OSASCO;ALVARES MACHADO;3
MVT - OSASCO;ALVARO DE CARVALHO;3
MVT - OSASCO;ALVINLANDIA;3
MVT - OSASCO;AMERICANA;2
MVT - OSASCO;AMERICO BRASILIENSE;3
MVT - OSASCO;AMERICO DE CAMPOS;3
MVT - OSASCO;Amparo;3
MVT - OSASCO;ANALANDIA;3
MVT - OSASCO;ANDRADINA;3
MVT - OSASCO;Angatuba;4
MVT - OSASCO;ANHUMAS;3
MVT - OSASCO;APARECIDA D'OESTE;2
MVT - OSASCO;ARACARIGUAMA;2
MVT - OSASCO;ARACATUBA;3
MVT - OSASCO;Araçatuba;3
MVT - OSASCO;ARACOIABA DA SERRA;2
MVT - OSASCO;Araçoiaba da Serra;3
MVT - OSASCO;ARAGUARI;3
MVT - OSASCO;ARAMINA;3
MVT - OSASCO;ARANDU;3
MVT - OSASCO;ARAPORA;4
MVT - OSASCO;ARARAQUARA;3
MVT - OSASCO;ARARAS;2
MVT - OSASCO;ARAXA;3
MVT - OSASCO;ARCO-IRIS;3
MVT - OSASCO;AREALVA;3
MVT - OSASCO;AREIOPOLIS;3
MVT - OSASCO;ARIRANHA;3
MVT - OSASCO;ARTUR NOGUEIRA;3
MVT - OSASCO;ASPASIA;3
MVT - OSASCO;ASSIS;3
MVT - OSASCO;ATIBAIA;3
MVT - OSASCO;AURIFLAMA;3
MVT - OSASCO;AVAI;3
MVT - OSASCO;AVANHANDAVA;3
MVT - OSASCO;AVARE;3
MVT - OSASCO;Avaré;4
MVT - OSASCO;BADY BASSITT;3
MVT - OSASCO;BALBINOS;3
MVT - OSASCO;BALSAMO;3
MVT - OSASCO;BARBOSA;3
MVT - OSASCO;BARIRI;3
MVT - OSASCO;BARRA BONITA;3
MVT - OSASCO;Barretos;3
MVT - OSASCO;BARRINHA;3
MVT - OSASCO;BASTOS;3
MVT - OSASCO;BATATAIS;3
MVT - OSASCO;BAURU;3
MVT - OSASCO;BEBEDOURO;3
MVT - OSASCO;BENTO DE ABREU;3
MVT - OSASCO;BERNARDINO DE CAMPOS;3
MVT - OSASCO;BILAC;3
MVT - OSASCO;BIRIGUI;3
MVT - OSASCO;BOA ESPERANCA DO SUL;3
MVT - OSASCO;Boa Esperança do Sul;3
MVT - OSASCO;BOCAINA;3
MVT - OSASCO;Bofete;4
MVT - OSASCO;BOITUVA;2
MVT - OSASCO;BOM JESUS DOS PERDOES;2
MVT - OSASCO;BONFIM PAULISTA;3
MVT - OSASCO;BORA;3
MVT - OSASCO;BORACEIA;3
MVT - OSASCO;BORBOREMA;3
MVT - OSASCO;BOREBI;3
MVT - OSASCO;BOTUCATU;3
MVT - OSASCO;BRAGANCA PAULISTA;2
MVT - OSASCO;BRAGANÇA PAULISTA;3
MVT - OSASCO;BRAUNA;3
MVT - OSASCO;BREJO ALEGRE;3
MVT - OSASCO;BRODOWSKI;3
MVT - OSASCO;BROTAS;3
MVT - OSASCO;BURITAMA;3
MVT - OSASCO;BURITIZAL;3
MVT - OSASCO;CABRALIA PAULISTA;3
MVT - OSASCO;CABREUVA;2
MVT - OSASCO;Cabreúva;3
MVT - OSASCO;CACONDE;3
MVT - OSASCO;CAFELANDIA;3
MVT - OSASCO;CAIABU;3
MVT - OSASCO;CAIUA;3
MVT - OSASCO;CAJOBI;3
MVT - OSASCO;CAJURU;3
MVT - OSASCO;CAMPINA VERDE;4
MVT - OSASCO;Campinas;2
MVT - OSASCO;CAMPO FLORIDO;4
MVT - OSASCO;CAMPO LIMPO PAULISTA;2
MVT - OSASCO;CAMPOS NOVOS PAULISTA;3
MVT - OSASCO;CANAPOLIS;4
MVT - OSASCO;CANDIDO MOTA;3
MVT - OSASCO;CÂNDIDO MOTA;3
MVT - OSASCO;CANDIDO RODRIGUES;3
MVT - OSASCO;CâNDIDO RODRIGUES;3
MVT - OSASCO;CANITAR;3
MVT - OSASCO;Capão Bonito;4
MVT - OSASCO;CAPIVARI;2
MVT - OSASCO;CARDOSO;3
MVT - OSASCO;CASA BRANCA;3
MVT - OSASCO;CASCALHO RICO;4
MVT - OSASCO;CASSIA DOS COQUEIROS;3
MVT - OSASCO;CASTILHO;3
MVT - OSASCO;Catanduva;3
MVT - OSASCO;CATIGUA;3
MVT - OSASCO;CEDRAL;3
MVT - OSASCO;CENTRALINA;4
MVT - OSASCO;CERQUEIRA CESAR;3
MVT - OSASCO;CERQUILHO;2
MVT - OSASCO;CESARIO LANGE;2
MVT - OSASCO;Cesário Lange;4
MVT - OSASCO;CHARQUEADA;2
MVT - OSASCO;CHAVANTES;3
MVT - OSASCO;CLEMENTINA;3
MVT - OSASCO;COLINA;3
MVT - OSASCO;COLOMBIA;3
MVT - OSASCO;CONCEICAO DAS ALAGOAS;4
MVT - OSASCO;CONCHAL;2
MVT - OSASCO;CONCHAS;2
MVT - OSASCO;CONQUISTA;4
MVT - OSASCO;CORDEIROPOLIS;2
MVT - OSASCO;COROADOS;3
MVT - OSASCO;COROMANDEL;4
MVT - OSASCO;CORONEL MACEDO;3
MVT - OSASCO;CORUMBATAI;2
MVT - OSASCO;COSMOPOLIS;2
MVT - OSASCO;COSMORAMA;3
MVT - OSASCO;CRAVINHOS;3
MVT - OSASCO;CRISTAIS PAULISTA;3
MVT - OSASCO;CRUZ DAS POSSES;3
MVT - OSASCO;CRUZALIA;3
MVT - OSASCO;cRUZEIRO;3
MVT - OSASCO;DESCALVADO;3
MVT - OSASCO;DIRCE REIS;3
MVT - OSASCO;DIVINOLANDIA;3
MVT - OSASCO;DOBRADA;3
MVT - OSASCO;DOIS CORREGOS;3
MVT - OSASCO;DOLCINOPOLIS;3
MVT - OSASCO;DOURADO;3
MVT - OSASCO;DOURADOQUARA;4
MVT - OSASCO;DRACENA;3
MVT - OSASCO;DUARTINA;3
MVT - OSASCO;DUMONT;3
MVT - OSASCO;ECHAPORA;3
MVT - OSASCO;ELISIARIO;3
MVT - OSASCO;EMBAUBA;3
MVT - OSASCO;EMILIANOPOLIS;3
MVT - OSASCO;ENGENHEIRO COELHO;2
MVT - OSASCO;ENGENHEIRO SCHIMIDT;3
MVT - OSASCO;ESPIRITO SANTO DO PINHAL;3
MVT - OSASCO;ESPIRITO SANTO DO TURVO;3
MVT - OSASCO;ESTIVA GERBI;2
MVT - OSASCO;ESTRELA DO NORTE;3
MVT - OSASCO;ESTRELA Do OESTE;3
MVT - OSASCO;ESTRELA DO SUL;4
MVT - OSASCO;ESTRELA D'OESTE;3
MVT - OSASCO;EUCLIDES DA CUNHA PAULISTA;3
MVT - OSASCO;FARTURA;3
MVT - OSASCO;FERNANDO PRESTES;3
MVT - OSASCO;FERNANDOPOLIS;3
MVT - OSASCO;Fernandópolis;4
MVT - OSASCO;FERNAO;3
MVT - OSASCO;FLORA RICA;3
MVT - OSASCO;FLOREAL;3
MVT - OSASCO;FLORIDA PAULISTA;3
MVT - OSASCO;FLORINIA;3
MVT - OSASCO;FRANCA;3
MVT - OSASCO;FRUTAL;4
MVT - OSASCO;GABRIEL MONTEIRO;3
MVT - OSASCO;GALIA;3
MVT - OSASCO;GARCA;3
MVT - OSASCO;GASTAO VIDIGAL;3
MVT - OSASCO;GAVIAO PEIXOTO;3
MVT - OSASCO;GENERAL SALGADO;3
MVT - OSASCO;GETULINA;3
MVT - OSASCO;GLICERIO;3
MVT - OSASCO;GRUPIARA;4
MVT - OSASCO;GUAICARA;3
MVT - OSASCO;GUAIMBE;3
MVT - OSASCO;GUAIRA;3
MVT - OSASCO;Guaíra;4
MVT - OSASCO;GUAPIACU;3
MVT - OSASCO;GUARA;3
MVT - OSASCO;GUARACAI;3
MVT - OSASCO;GUARACI;3
MVT - OSASCO;GUARANI Do OESTE;3
MVT - OSASCO;GUARANI D'OESTE;3
MVT - OSASCO;GUARANTA;3
MVT - OSASCO;GUARANTÃ;3
MVT - OSASCO;GUARARAPES;3
MVT - OSASCO;Guareí;4
MVT - OSASCO;GUARIBA;3
MVT - OSASCO;GUATAPARA;3
MVT - OSASCO;GUIMARANIA;4
MVT - OSASCO;GUZOLANDIA;3
MVT - OSASCO;HERCULANDIA;3
MVT - OSASCO;HOLAMBRA;2
MVT - OSASCO;HORTOLANDIA;2
MVT - OSASCO;HORTOLâNDIA;3
MVT - OSASCO;IACANGA;3
MVT - OSASCO;IACRI;3
MVT - OSASCO;IBATE;3
MVT - OSASCO;Ibaté;3
MVT - OSASCO;IBIRA;3
MVT - OSASCO;IBIRAREMA;3
MVT - OSASCO;IBITINGA;3
MVT - OSASCO;ICEM;3
MVT - OSASCO;IEPE;3
MVT - OSASCO;IGARACU DO TIETE;3
MVT - OSASCO;IGARAPAVA;3
MVT - OSASCO;iGARATÁ;3
MVT - OSASCO;ILHA SOLTEIRA;3
MVT - OSASCO;INDAIATUBA;2
MVT - OSASCO;INDIANA;3
MVT - OSASCO;INDIANOPOLIS;4
MVT - OSASCO;INDIAPORA;3
MVT - OSASCO;INUBIA PAULISTA;3
MVT - OSASCO;INÚBIA PAULISTA;3
MVT - OSASCO;IPAUSSU;3
MVT - OSASCO;IPERO;2
MVT - OSASCO;IPEUNA;2
MVT - OSASCO;IPIGUA;3
MVT - OSASCO;IPUA;3
MVT - OSASCO;IRACEMAPOLIS;2
MVT - OSASCO;IRAI DE MINAS;2
MVT - OSASCO;IRAPUA;3
MVT - OSASCO;IRAPURU;3
MVT - OSASCO;ITAI;3
MVT - OSASCO;ITAJOBI;3
MVT - OSASCO;ITAJU;3
MVT - OSASCO;ITAPETININGA;2
MVT - OSASCO;Itapeva;4
MVT - OSASCO;ITAPIRA;2
MVT - OSASCO;ITAPOLIS;3
MVT - OSASCO;ITÁPOLIS;3
MVT - OSASCO;ITAPORANGA;3
MVT - OSASCO;ITAPUI;3
MVT - OSASCO;ITAPURA;3
MVT - OSASCO;Itararé;4
MVT - OSASCO;ITATIBA;2
MVT - OSASCO;ITATINGA;3
MVT - OSASCO;ITIRAPINA;3
MVT - OSASCO;ITIRAPUA;3
MVT - OSASCO;ITOBI;3
MVT - OSASCO;ITU;2
MVT - OSASCO;ITUIUTABA;4
MVT - OSASCO;ITUPEVA;2
MVT - OSASCO;ITUVERAVA;3
MVT - OSASCO;JABORANDI;3
MVT - OSASCO;JABOTICABAL;3
MVT - OSASCO;JACI;3
MVT - OSASCO;JAGUARIUNA;2
MVT - OSASCO;JALES;3
MVT - OSASCO;JARDINOPOLIS;3
MVT - OSASCO;Jardinópolis;4
MVT - OSASCO;JARINU;2
MVT - OSASCO;JAU;3
MVT - OSASCO;Jaú;4
MVT - OSASCO;JERIQUARA;3
MVT - OSASCO;JOAO RAMALHO;3
MVT - OSASCO;JOSE BONIFACIO;3
MVT - OSASCO;José Bonifácio;3
MVT - OSASCO;JULIO MESQUITA;3
MVT - OSASCO;JUMIRIM;2
MVT - OSASCO;JUNDIAI;2
MVT - OSASCO;Jundiaí;3
MVT - OSASCO;JUNQUEIROPOLIS;3
MVT - OSASCO;LARANJAL PAULISTA;2
MVT - OSASCO;LAVINIA;3
MVT - OSASCO;LEME;3
MVT - OSASCO;LENCOIS PAULISTA;3
MVT - OSASCO;Lençóis Paulista;3
MVT - OSASCO;LIMEIRA;2
MVT - OSASCO;LINS;3
MVT - OSASCO;LOURDES;3
MVT - OSASCO;LOUVEIRA;2
MVT - OSASCO;LUCELIA;3
MVT - OSASCO;LUCIANOPOLIS;3
MVT - OSASCO;LUIS ANTONIO;3
MVT - OSASCO;LUIZIANIA;3
MVT - OSASCO;LUPERCIO;3
MVT - OSASCO;LUTECIA;3
MVT - OSASCO;MACATUBA;3
MVT - OSASCO;MACAUBAL;3
MVT - OSASCO;MACEDONIA;3
MVT - OSASCO;MAGDA;3
MVT - OSASCO;MAIRINQUE;2
MVT - OSASCO;MANDURI;3
MVT - OSASCO;MARABA PAULISTA;3
MVT - OSASCO;MARACAI;3
MVT - OSASCO;MARAPOAMA;3
MVT - OSASCO;MARIAPOLIS;3
MVT - OSASCO;MARILIA;3
MVT - OSASCO;Marília;3
MVT - OSASCO;MARINOPOLIS;3
MVT - OSASCO;MARTINOPOLIS;3
MVT - OSASCO;MATAO;3
MVT - OSASCO;MENDONCA;3
MVT - OSASCO;MERIDIANO;3
MVT - OSASCO;MESOPOLIS;3
MVT - OSASCO;MIGUELOPOLIS;3
MVT - OSASCO;MINEIROS DO TIETE;3
MVT - OSASCO;MIRA ESTRELA;3
MVT - OSASCO;MIRANDOPOLIS;3
MVT - OSASCO;MIRANTE DO PARANAPANEMA;3
MVT - OSASCO;MIRASSOL;3
MVT - OSASCO;MIRASSOLANDIA;3
MVT - OSASCO;MOCOCA;3
MVT - OSASCO;MOGI GUACU;2
MVT - OSASCO;MOGI GUAÇU;2
MVT - OSASCO;MOGI MIRIM;2
MVT - OSASCO;MOMBUCA;2
MVT - OSASCO;MONCOES;3
MVT - OSASCO;MONTE ALEGRE DE MINAS;4
MVT - OSASCO;MONTE ALTO;3
MVT - OSASCO;MONTE APRAZIVEL;3
MVT - OSASCO;MONTE AZUL PAULISTA;3
MVT - OSASCO;MONTE CARMELO;4
MVT - OSASCO;MONTE CASTELO;3
MVT - OSASCO;MONTE MOR;2
MVT - OSASCO;MORRO AGUDO;3
MVT - OSASCO;MOTUCA;3
MVT - OSASCO;MURUTINGA DO SUL;3
MVT - OSASCO;NANTES;3
MVT - OSASCO;NARANDIBA;3
MVT - OSASCO;NEVES PAULISTA;3
MVT - OSASCO;NHANDEARA;3
MVT - OSASCO;NIPOA;3
MVT - OSASCO;NOVA ALIANCA;3
MVT - OSASCO;NOVA CANAA PAULISTA;3
MVT - OSASCO;NOVA CASTILHO;3
MVT - OSASCO;NOVA EUROPA;3
MVT - OSASCO;NOVA GRANADA;3
MVT - OSASCO;NOVA GUATAPORANGA;3
MVT - OSASCO;NOVA INDEPENDENCIA;3
MVT - OSASCO;NOVA LUZITANIA;3
MVT - OSASCO;NOVA ODESSA;2
MVT - OSASCO;NOVA PONTE;3
MVT - OSASCO;NOVAIS;3
MVT - OSASCO;NOVO HORIZONTE;3
MVT - OSASCO;NUPORANGA;3
MVT - OSASCO;OCAUCU;3
MVT - OSASCO;OLEO;3
MVT - OSASCO;Olímpia;3
MVT - OSASCO;Olímpia;3
MVT - OSASCO;ONDA VERDE;3
MVT - OSASCO;ORIENTE;3
MVT - OSASCO;ORINDIUVA;3
MVT - OSASCO;ORLANDIA;3
MVT - OSASCO;OSCAR BRESSANE;3
MVT - OSASCO;OSVALDO CRUZ;3
MVT - OSASCO;OURINHOS;3
MVT - OSASCO;OURO VERDE;3
MVT - OSASCO;OUROESTE;3
MVT - OSASCO;PACAEMBU;3
MVT - OSASCO;PALESTINA;3
MVT - OSASCO;PALMARES PAULISTA;3
MVT - OSASCO;PALMEIRA DO OESTE;3
MVT - OSASCO;PALMEIRA D'OESTE;3
MVT - OSASCO;PALMITAL;3
MVT - OSASCO;PANORAMA;3
MVT - OSASCO;PARAGUACU PAULISTA;3
MVT - OSASCO;PARAISO;3
MVT - OSASCO;PARANAPUA;3
MVT - OSASCO;PARAPUA;3
MVT - OSASCO;PARAPUÃ;3
MVT - OSASCO;PARDINHO;3
MVT - OSASCO;PARISI;3
MVT - OSASCO;PATOS DE MINAS;3
MVT - OSASCO;PATROCINIO;4
MVT - OSASCO;PATROCINIO PAULISTA;3
MVT - OSASCO;PAULICEIA;3
MVT - OSASCO;PAULINIA;2
MVT - OSASCO;Paulínia;3
MVT - OSASCO;PAULISTANIA;3
MVT - OSASCO;PAULO DE FARIA;3
MVT - OSASCO;PEDERNEIRAS;3
MVT - OSASCO;PEDRANOPOLIS;3
MVT - OSASCO;PEDREGULHO;3
MVT - OSASCO;PEDREIRA;2
MVT - OSASCO;PEDRINHAS PAULISTA;3
MVT - OSASCO;PENAPOLIS;3
MVT - OSASCO;Penápolis;3
MVT - OSASCO;PEREIRA BARRETO;3
MVT - OSASCO;PEREIRAS;2
MVT - OSASCO;PIACATU;3
MVT - OSASCO;PIEDADE;2
MVT - OSASCO;PILAR DO SUL;2
MVT - OSASCO;PINDORAMA;3
MVT - OSASCO;PIQUEROBI;3
MVT - OSASCO;PIRACAIA;2
MVT - OSASCO;PIRACICABA;2
MVT - OSASCO;PIRAJU;3
MVT - OSASCO;PIRAJUBA;4
MVT - OSASCO;PIRAJUI;3
MVT - OSASCO;PIRANGI;3
MVT - OSASCO;PIRAPOZINHO;3
MVT - OSASCO;PIRASSUNUNGA;3
MVT - OSASCO;PIRATININGA;3
MVT - OSASCO;PITANGUEIRAS;3
MVT - OSASCO;PLANALTO;3
MVT - OSASCO;PLANURA;4
MVT - OSASCO;PLATINA;3
MVT - OSASCO;POLONI;3
MVT - OSASCO;POMPEIA;3
MVT - OSASCO;PONGAI;3
MVT - OSASCO;Pontal;3
MVT - OSASCO;PONTALINDA;3
MVT - OSASCO;PONTES GESTAL;3
MVT - OSASCO;POPULINA;3
MVT - OSASCO;PORTO FELIZ;2
MVT - OSASCO;PORTO FERREIRA;3
MVT - OSASCO;POTIRENDABA;3
MVT - OSASCO;PRACINHA;3
MVT - OSASCO;PRADOPOLIS;3
MVT - OSASCO;PRATA;4
MVT - OSASCO;PRATANIA;3
MVT - OSASCO;PRESIDENTE ALVES;3
MVT - OSASCO;PRESIDENTE BERNARDES;3
MVT - OSASCO;PRESIDENTE EPITACIO;3
MVT - OSASCO;PRESIDENTE PRUDENTE;3
MVT - OSASCO;PRESIDENTE VENCESLAU;3
MVT - OSASCO;PROMISSAO;3
MVT - OSASCO;PROMISSÃO;3
MVT - OSASCO;QUATA;3
MVT - OSASCO;QUEIROZ;3
MVT - OSASCO;QUINTANA;3
MVT - OSASCO;RAFARD;2
MVT - OSASCO;RANCHARIA;3
MVT - OSASCO;REGENTE FEIJO;3
MVT - OSASCO;REGINOPOLIS;3
MVT - OSASCO;RESTINGA;3
MVT - OSASCO;RIBEIRAO BONITO;3
MVT - OSASCO;RIBEIRÃO BONITO;3
MVT - OSASCO;RIBEIRAO CORRENTE;3
MVT - OSASCO;RIBEIRÃO CORRENTE;3
MVT - OSASCO;RIBEIRAO DO SUL;3
MVT - OSASCO;RIBEIRÃO DO SUL;3
MVT - OSASCO;RIBEIRAO DOS INDIOS;3
MVT - OSASCO;RIBEIRÃO DOS INDIOS;3
MVT - OSASCO;Ribeirão Preto;3
MVT - OSASCO;RIFAINA;3
MVT - OSASCO;RINCAO;3
MVT - OSASCO;RINOPOLIS;2
MVT - OSASCO;RINÓPOLIS;3
MVT - OSASCO;RIO CLARO;2
MVT - OSASCO;RIO DAS PEDRAS;2
MVT - OSASCO;RIOLANDIA;3
MVT - OSASCO;ROMARIA;4
MVT - OSASCO;ROSANA;3
MVT - OSASCO;RUBIACEA;3
MVT - OSASCO;RUBINEIA;3
MVT - OSASCO;SABINO;3
MVT - OSASCO;SACRAMENTO;4
MVT - OSASCO;SAGRES;3
MVT - OSASCO;SALES;3
MVT - OSASCO;SALES OLIVEIRA;3
MVT - OSASCO;SALMOURAO;3
MVT - OSASCO;SALTINHO;2
MVT - OSASCO;SALTO;2
MVT - OSASCO;SALTO DE PIRAPORA;2
MVT - OSASCO;SALTO GRANDE;3
MVT - OSASCO;SANDOVALINA;3
MVT - OSASCO;SANTA ADELIA;3
MVT - OSASCO;SANTA ALBERTINA;3
MVT - OSASCO;SANTA BARBARA D OESTE;2
MVT - OSASCO;SANTA BARBARA D'OESTE;3
MVT - OSASCO;Santa Bárbara d'Oeste;3
MVT - OSASCO;SANTA CLARA Do OESTE;3
MVT - OSASCO;SANTA CLARA D'OESTE;3
MVT - OSASCO;SANTA CRUZ DA CONCEICAO;3
MVT - OSASCO;SANTA CRUZ DA CONCEIÇÃO;3
MVT - OSASCO;SANTA CRUZ DA ESPERANCA;3
MVT - OSASCO;SANTA CRUZ DAS PALMEIRAS;3
MVT - OSASCO;SANTA CRUZ DO RIO PARDO;3
MVT - OSASCO;SANTA ERNESTINA;3
MVT - OSASCO;SANTA FE DO SUL;3
MVT - OSASCO;Santa Fé do Sul;4
MVT - OSASCO;SANTA GERTRUDES;2
MVT - OSASCO;SANTA JULIANA;4
MVT - OSASCO;SANTA LUCIA;3
MVT - OSASCO;SANTA MERCEDES;3
MVT - OSASCO;SANTA RITA Do OESTE;3
MVT - OSASCO;SANTA RITA DO PASSA QUATRO;3
MVT - OSASCO;SANTA RITA D'OESTE;3
MVT - OSASCO;SANTA ROSA DE VITERBO;3
MVT - OSASCO;SANTA SALETE;3
MVT - OSASCO;SANTANA DA PONTE PENSA;3
MVT - OSASCO;SANTO ANASTACIO;3
MVT - OSASCO;SANTO ANTONIO DA ALEGRIA;3
MVT - OSASCO;SANTO ANTONIO DE POSSE;2
MVT - OSASCO;Santo Antônio de Posse;3
MVT - OSASCO;SANTO ANTONIO DO ARACANGUA;3
MVT - OSASCO;SANTO ANTONIO DO JARDIM;3
MVT - OSASCO;SANTO EXPEDITO;3
MVT - OSASCO;SANTOPOLIS DO AGUAPEI;3
MVT - OSASCO;SAO CARLOS;3
MVT - OSASCO;São Carlos;3
MVT - OSASCO;SÃO FRANCISCO;3
MVT - OSASCO;SAO JOAO DA BOA VISTA;3
MVT - OSASCO;SÃO JOAO DA BOA VISTA;3
MVT - OSASCO;São João da Boa Vista;4
MVT - OSASCO;SÃO JOAO DAS DUAS PONTES;3
MVT - OSASCO;SÃO JOAO DE IRACEMA;3
MVT - OSASCO;SÃO JOAO DO IRACEMA;3
MVT - OSASCO;SÃO JOAO DO PAU D'ALHO;3
MVT - OSASCO;SAO JOAO DO PAU DO ALHO;3
MVT - OSASCO;SAO JOAQUIM DA BARRA;3
MVT - OSASCO;SÃO JOAQUIM DA BARRA;3
MVT - OSASCO;SAO JOSE DA BELA VISTA;3
MVT - OSASCO;SÃO JOSE DA BELA VISTA;3
MVT - OSASCO;SAO JOSE DO RIO PARDO;3
MVT - OSASCO;SÃO JOSE DO RIO PARDO;3
MVT - OSASCO;São José do Rio Pardo;3
MVT - OSASCO;SAO JOSE DO RIO PRETO;3
MVT - OSASCO;São José do Rio Preto;3
MVT - OSASCO;São José do Rio Preto;3
MVT - OSASCO;sÃO jOSÉ DOS CAMPOS;3
MVT - OSASCO;SAO MANUEL;3
MVT - OSASCO;SÃO MANUEL;2
MVT - OSASCO;São Miguel Arcanjo;4
MVT - OSASCO;São Paulo;4
MVT - OSASCO;SAO PEDRO;2
MVT - OSASCO;SÃO PEDRO;3
MVT - OSASCO;SAO PEDRO DO TURVO;3
MVT - OSASCO;SÃO PEDRO DO TURVO;2
MVT - OSASCO;SAO ROQUE;2
MVT - OSASCO;SÃO ROQUE;3
MVT - OSASCO;SAO SEBASTIAO DA GRAMA;3
MVT - OSASCO;SÃO SEBASTIAO DA GRAMA;3
MVT - OSASCO;SAO SIMAO;3
MVT - OSASCO;SÃO SIMAO;2
MVT - OSASCO;SARAPUI;2
MVT - OSASCO;Sarapuí;4
MVT - OSASCO;SARUTAIA;3
MVT - OSASCO;SEBASTIANOPOLIS DO SUL;3
MVT - OSASCO;SERRA AZUL;3
MVT - OSASCO;Serra Negra;3
MVT - OSASCO;Serrana;3
MVT - OSASCO;Sertãozinho;3
MVT - OSASCO;Sertãozinho;4
MVT - OSASCO;SEVERINIA;3
MVT - OSASCO;SOCORRO;2
MVT - OSASCO;SOROCABA;2
MVT - OSASCO;SUD MENNUCCI;3
MVT - OSASCO;SUMARÉ;2
MVT - OSASCO;TABAPUA;3
MVT - OSASCO;TABATINGA;3
MVT - OSASCO;TACIBA;3
MVT - OSASCO;TAGUAI;3
MVT - OSASCO;TAIACU;3
MVT - OSASCO;TAIUVA;3
MVT - OSASCO;TAMBAU;3
MVT - OSASCO;TANABI;3
MVT - OSASCO;TAPIRATIBA;3
MVT - OSASCO;TAQUARAL;3
MVT - OSASCO;TAQUARITINGA;3
MVT - OSASCO;TAQUARITUBA;3
MVT - OSASCO;TARABAI;3
MVT - OSASCO;TARUMA;3
MVT - OSASCO;TATUI;2
MVT - OSASCO;TATUÍ;3
MVT - OSASCO;tAUBATÉ;3
MVT - OSASCO;TEJUPA;3
MVT - OSASCO;TEODORO SAMPAIO;3
MVT - OSASCO;TERRA ROXA;3
MVT - OSASCO;TIETE;2
MVT - OSASCO;Tietê;3
MVT - OSASCO;TIMBURI;3
MVT - OSASCO;TORRINHA;3
MVT - OSASCO;TRABIJU;3
MVT - OSASCO;TREMEMBÉ;3
MVT - OSASCO;TRES FRONTEIRAS;3
MVT - OSASCO;TUPA;3
MVT - OSASCO;TUPACIGUARA;4
MVT - OSASCO;TUPI PAULISTA;3
MVT - OSASCO;TURIUBA;3
MVT - OSASCO;TURMALINA;3
MVT - OSASCO;UBARANA;3
MVT - OSASCO;UBERABA;3
MVT - OSASCO;UBERLANDIA;3
MVT - OSASCO;UBIRAJARA;3
MVT - OSASCO;UCHOA;3
MVT - OSASCO;UNIAO PAULISTA;3
MVT - OSASCO;URANIA;3
MVT - OSASCO;URU;3
MVT - OSASCO;URUPES;3
MVT - OSASCO;VALENTIM GENTIL;3
MVT - OSASCO;VALINHOS;2
MVT - OSASCO;VALPARAISO;3
MVT - OSASCO;VARGEM GRANDE DO SUL;3
MVT - OSASCO;VARZEA PAULISTA;2
MVT - OSASCO;VÁRZEA PAULISTA;3
MVT - OSASCO;VERA CRUZ;3
MVT - OSASCO;VERISSIMO;4
MVT - OSASCO;VINHEDO;2
MVT - OSASCO;VIRADOURO;3
MVT - OSASCO;VISTA ALEGRE DO ALTO;3
MVT - OSASCO;VITORIA BRASIL;3
MVT - OSASCO;VOTORANTIM;2
MVT - OSASCO;VOTUPORANGA;3
MVT - OSASCO;ZACARIAS;3
T.G. LOGISTICA;ANGRA DOS REIS;5
T.G. LOGISTICA;APERIBE;5
T.G. LOGISTICA;ARARUAMA;5
T.G. LOGISTICA;AREAL;5
T.G. LOGISTICA;ARMACAO DOS BUZIOS;5
T.G. LOGISTICA;Armação dos Búzios;3
T.G. LOGISTICA;ARRAIAL DO CABO;5
T.G. LOGISTICA;BARRA DO PIRAI;5
T.G. LOGISTICA;Barra do Piraí;3
T.G. LOGISTICA;BARRA MANSA;5
T.G. LOGISTICA;BELFORD ROXO;3
T.G. LOGISTICA;BOM JARDIM;5
T.G. LOGISTICA;BOM JESUS DO ITABAPOANA;5
T.G. LOGISTICA;CABO FRIO;5
T.G. LOGISTICA;CACHOEIRAS DE MACACU;5
T.G. LOGISTICA;CAMBUCI;5
T.G. LOGISTICA;CAMPOS DOS GOYTACAZES;5
T.G. LOGISTICA;CANTAGALO;5
T.G. LOGISTICA;CARAPEBUS;5
T.G. LOGISTICA;CARDOSO MOREIRA;5
T.G. LOGISTICA;CARMO;5
T.G. LOGISTICA;CASIMIRO DE ABREU;5
T.G. LOGISTICA;COMENDADOR LEVY GASPARIAN;5
T.G. LOGISTICA;CONCEICAO DE MACABU;5
T.G. LOGISTICA;CORDEIRO;5
T.G. LOGISTICA;DUAS BARRAS;5
T.G. LOGISTICA;DUQUE DE CAXIAS;3
T.G. LOGISTICA;ENGENHEIRO PAULO DE FRONTIN;5
T.G. LOGISTICA;GUAPIMIRIM;3
T.G. LOGISTICA;IGUABA GRANDE;5
T.G. LOGISTICA;ITABORAI;3
T.G. LOGISTICA;Itaboraí;3
T.G. LOGISTICA;ITAGUAI;5
T.G. LOGISTICA;ITALVA;5
T.G. LOGISTICA;ITAOCARA;5
T.G. LOGISTICA;ITAPERUNA;5
T.G. LOGISTICA;ITATIAIA;5
T.G. LOGISTICA;JAPERI;5
T.G. LOGISTICA;LAJE DO MURIAE;5
T.G. LOGISTICA;MACAE;5
T.G. LOGISTICA;Macaé;3
T.G. LOGISTICA;MACUCO;5
T.G. LOGISTICA;MAGE;3
T.G. LOGISTICA;MANGARATIBA;5
T.G. LOGISTICA;MARICA;3
T.G. LOGISTICA;Maricá;1
T.G. LOGISTICA;MENDES;5
T.G. LOGISTICA;MESQUITA;3
T.G. LOGISTICA;MIGUEL PEREIRA;5
T.G. LOGISTICA;MIRACEMA;5
T.G. LOGISTICA;NATIVIDADE;5
T.G. LOGISTICA;NILOPOLIS;3
T.G. LOGISTICA;NITERÓI;3
T.G. LOGISTICA;NOVA FRIBURGO;5
T.G. LOGISTICA;NOVA IGUACU;3
T.G. LOGISTICA;Nova Iguaçu;1
T.G. LOGISTICA;PARACAMBI;3
T.G. LOGISTICA;PARAIBA DO SUL;5
T.G. LOGISTICA;PARATI;5
T.G. LOGISTICA;Paraty;3
T.G. LOGISTICA;PATY DO ALFERES;5
T.G. LOGISTICA;PETROPOLIS;5
T.G. LOGISTICA;PINHEIRAL;5
T.G. LOGISTICA;PIRAI;5
T.G. LOGISTICA;PORCIUNCULA;5
T.G. LOGISTICA;PORTO REAL;5
T.G. LOGISTICA;QUATIS;5
T.G. LOGISTICA;QUEIMADOS;3
T.G. LOGISTICA;QUISSAMA;5
T.G. LOGISTICA;RESENDE;5
T.G. LOGISTICA;RIO BONITO;5
T.G. LOGISTICA;RIO CLARO;5
T.G. LOGISTICA;RIO DAS FLORES;5
T.G. LOGISTICA;RIO DAS OSTRAS;5
T.G. LOGISTICA;Rio de Janeiro;3
T.G. LOGISTICA;SANTA MARIA MADALENA;5
T.G. LOGISTICA;SANTO ANTONIO DE PADUA;5
T.G. LOGISTICA;São Cristóvão;3
T.G. LOGISTICA;SAO FIDELIS;5
T.G. LOGISTICA;SAO FRANCISCO DE ITABAPOANA;5
T.G. LOGISTICA;SAO GONCALO;5
T.G. LOGISTICA;São Gonçalo;3
T.G. LOGISTICA;SAO JOAO DA BARRA;5
T.G. LOGISTICA;SAO JOAO DE MERITI;3
T.G. LOGISTICA;SAO JOSE DE UBA;5
T.G. LOGISTICA;SAO JOSE DO VALE DO RIO PRETO;5
T.G. LOGISTICA;SAO PEDRO DA ALDEIA;5
T.G. LOGISTICA;São Pedro da Aldeia;3
T.G. LOGISTICA;SAO SEBASTIAO DO ALTO;5
T.G. LOGISTICA;SAPUCAIA;5
T.G. LOGISTICA;SAQUAREMA;5
T.G. LOGISTICA;SEROPEDICA;3
T.G. LOGISTICA;Serra;3
T.G. LOGISTICA;SILVA JARDIM;5
T.G. LOGISTICA;SUMIDOURO;5
T.G. LOGISTICA;TANGUA;3
T.G. LOGISTICA;TERESOPOLIS;5
T.G. LOGISTICA;TRAJANO DE MORAIS;5
T.G. LOGISTICA;TRES RIOS;5
T.G. LOGISTICA;VALENCA;5
T.G. LOGISTICA;VARRE-SAI;5
T.G. LOGISTICA;VASSOURAS;5
T.G. LOGISTICA;Vila Velha;3
T.G. LOGISTICA;Vitória;3
T.G. LOGISTICA;VOLTA REDONDA;5
TRANSPORTADORA KARAVAGGIO;ABATIA;5
TRANSPORTADORA KARAVAGGIO;ABDON BATISTA;6
TRANSPORTADORA KARAVAGGIO;ABELARDO LUZ;6
TRANSPORTADORA KARAVAGGIO;ACEGUA;6
TRANSPORTADORA KARAVAGGIO;ADRIANOPOLIS;5
TRANSPORTADORA KARAVAGGIO;AGROLANDIA;6
TRANSPORTADORA KARAVAGGIO;AGRONOMICA;6
TRANSPORTADORA KARAVAGGIO;AGUA DOCE;6
TRANSPORTADORA KARAVAGGIO;AGUA SANTA;6
TRANSPORTADORA KARAVAGGIO;AGUAS DE CHAPECO;6
TRANSPORTADORA KARAVAGGIO;AGUAS FRIAS;6
TRANSPORTADORA KARAVAGGIO;AGUAS MORNAS;4
TRANSPORTADORA KARAVAGGIO;AGUDO;6
TRANSPORTADORA KARAVAGGIO;AGUDOS DO SUL;5
TRANSPORTADORA KARAVAGGIO;AJURICABA;6
TRANSPORTADORA KARAVAGGIO;ALECRIM;6
TRANSPORTADORA KARAVAGGIO;ALEGRETE;6
TRANSPORTADORA KARAVAGGIO;ALEGRIA;6
TRANSPORTADORA KARAVAGGIO;ALFREDO WAGNER;6
TRANSPORTADORA KARAVAGGIO;ALMIRANTE TAMANDARE;3
TRANSPORTADORA KARAVAGGIO;ALMIRANTE TAMANDARE DO SUL;6
TRANSPORTADORA KARAVAGGIO;ALPESTRE;6
TRANSPORTADORA KARAVAGGIO;ALTAMIRA DO PARANA;5
TRANSPORTADORA KARAVAGGIO;ALTO ALEGRE;6
TRANSPORTADORA KARAVAGGIO;ALTO BELA VISTA;6
TRANSPORTADORA KARAVAGGIO;ALTO FELIZ;6
TRANSPORTADORA KARAVAGGIO;ALTO PARAISO;5
TRANSPORTADORA KARAVAGGIO;ALTO PARANA;5
TRANSPORTADORA KARAVAGGIO;ALTO PIQUIRI;5
TRANSPORTADORA KARAVAGGIO;ALTONIA;5
TRANSPORTADORA KARAVAGGIO;ALVORADA;4
TRANSPORTADORA KARAVAGGIO;ALVORADA DO SUL;5
TRANSPORTADORA KARAVAGGIO;AMAPORA;5
TRANSPORTADORA KARAVAGGIO;AMARAL FERRADOR;6
TRANSPORTADORA KARAVAGGIO;AMETISTA DO SUL;6
TRANSPORTADORA KARAVAGGIO;AMPERE;5
TRANSPORTADORA KARAVAGGIO;ANAHY;5
TRANSPORTADORA KARAVAGGIO;ANCHIETA;6
TRANSPORTADORA KARAVAGGIO;ANDIRA;5
TRANSPORTADORA KARAVAGGIO;ANDRE DA ROCHA;6
TRANSPORTADORA KARAVAGGIO;ANGELINA;4
TRANSPORTADORA KARAVAGGIO;ANGULO;5
TRANSPORTADORA KARAVAGGIO;ANITA GARIBALDI;6
TRANSPORTADORA KARAVAGGIO;ANITAPOLIS;4
TRANSPORTADORA KARAVAGGIO;ANTA GORDA;6
TRANSPORTADORA KARAVAGGIO;ANTONINA;5
TRANSPORTADORA KARAVAGGIO;ANTONIO CARLOS;4
TRANSPORTADORA KARAVAGGIO;Antônio Carlos;4
TRANSPORTADORA KARAVAGGIO;ANTONIO OLINTO;5
TRANSPORTADORA KARAVAGGIO;ANTONIO PRADO;6
TRANSPORTADORA KARAVAGGIO;APIUNA;6
TRANSPORTADORA KARAVAGGIO;APUCARANA;5
TRANSPORTADORA KARAVAGGIO;ARABUTA;6
TRANSPORTADORA KARAVAGGIO;ARAMBARE;6
TRANSPORTADORA KARAVAGGIO;ARAPONGAS;5
TRANSPORTADORA KARAVAGGIO;ARAPOTI;5
TRANSPORTADORA KARAVAGGIO;ARAPUA;5
TRANSPORTADORA KARAVAGGIO;ARAQUARI;6
TRANSPORTADORA KARAVAGGIO;ARARANGUA;6
TRANSPORTADORA KARAVAGGIO;ARARICA;6
TRANSPORTADORA KARAVAGGIO;ARARUNA;5
TRANSPORTADORA KARAVAGGIO;ARATIBA;6
TRANSPORTADORA KARAVAGGIO;ARAUCARIA;3
TRANSPORTADORA KARAVAGGIO;ARIRANHA DO IVAI;5
TRANSPORTADORA KARAVAGGIO;ARMAZEM;6
TRANSPORTADORA KARAVAGGIO;ARROIO DO MEIO;6
TRANSPORTADORA KARAVAGGIO;ARROIO DO PADRE;6
TRANSPORTADORA KARAVAGGIO;ARROIO DO SAL;6
TRANSPORTADORA KARAVAGGIO;ARROIO DO TIGRE;6
TRANSPORTADORA KARAVAGGIO;ARROIO DOS RATOS;6
TRANSPORTADORA KARAVAGGIO;ARROIO GRANDE;6
TRANSPORTADORA KARAVAGGIO;ARROIO TRINTA;6
TRANSPORTADORA KARAVAGGIO;ARVOREDO;6
TRANSPORTADORA KARAVAGGIO;ARVOREZINHA;6
TRANSPORTADORA KARAVAGGIO;ASCURRA;6
TRANSPORTADORA KARAVAGGIO;ASSAI;5
TRANSPORTADORA KARAVAGGIO;ASSIS CHATEAUBRIAND;5
TRANSPORTADORA KARAVAGGIO;ASTORGA;5
TRANSPORTADORA KARAVAGGIO;ATALAIA;5
TRANSPORTADORA KARAVAGGIO;ATALANTA;6
TRANSPORTADORA KARAVAGGIO;AUGUSTO PESTANA;6
TRANSPORTADORA KARAVAGGIO;AUREA;6
TRANSPORTADORA KARAVAGGIO;AURORA;6
TRANSPORTADORA KARAVAGGIO;BAGE;6
TRANSPORTADORA KARAVAGGIO;BAGÉ;6
TRANSPORTADORA KARAVAGGIO;BALNEARIO ARROIO DO SILVA;6
TRANSPORTADORA KARAVAGGIO;BALNEARIO BARRA DO SUL;6
TRANSPORTADORA KARAVAGGIO;BALNEARIO CAMBORIU;4
TRANSPORTADORA KARAVAGGIO;Balneário Camboriú;4
TRANSPORTADORA KARAVAGGIO;BALNEARIO GAIVOTA;6
TRANSPORTADORA KARAVAGGIO;BALNEARIO PICARRAS;6
TRANSPORTADORA KARAVAGGIO;BALNEARIO PINHAL;6
TRANSPORTADORA KARAVAGGIO;BALNEARIO RINCAO;6
TRANSPORTADORA KARAVAGGIO;BALSA NOVA;5
TRANSPORTADORA KARAVAGGIO;BANDEIRANTE;6
TRANSPORTADORA KARAVAGGIO;BANDEIRANTES;5
TRANSPORTADORA KARAVAGGIO;BARAO;6
TRANSPORTADORA KARAVAGGIO;BARAO DE COTEGIPE;6
TRANSPORTADORA KARAVAGGIO;BARAO DO TRIUNFO;6
TRANSPORTADORA KARAVAGGIO;BARBOSA FERRAZ;5
TRANSPORTADORA KARAVAGGIO;BARRA BONITA;6
TRANSPORTADORA KARAVAGGIO;BARRA DO GUARITA;6
TRANSPORTADORA KARAVAGGIO;BARRA DO JACARE;5
TRANSPORTADORA KARAVAGGIO;BARRA DO QUARAI;6
TRANSPORTADORA KARAVAGGIO;BARRA DO RIBEIRO;6
TRANSPORTADORA KARAVAGGIO;BARRA DO RIO AZUL;6
TRANSPORTADORA KARAVAGGIO;BARRA FUNDA;6
TRANSPORTADORA KARAVAGGIO;BARRA VELHA;6
TRANSPORTADORA KARAVAGGIO;BARRACAO;5
TRANSPORTADORA KARAVAGGIO;BARROS CASSAL;6
TRANSPORTADORA KARAVAGGIO;BELA VISTA DA CAROBA;5
TRANSPORTADORA KARAVAGGIO;BELA VISTA DO PARAISO;5
TRANSPORTADORA KARAVAGGIO;BELA VISTA DO TOLDO;6
TRANSPORTADORA KARAVAGGIO;BELMONTE;6
TRANSPORTADORA KARAVAGGIO;BENEDITO NOVO;6
TRANSPORTADORA KARAVAGGIO;BENJAMIN CONSTANT DO SUL;6
TRANSPORTADORA KARAVAGGIO;BENTO GONCALVES;6
TRANSPORTADORA KARAVAGGIO;BENTO GONÇALVES;6
TRANSPORTADORA KARAVAGGIO;BIGUAÇU;4
TRANSPORTADORA KARAVAGGIO;BITURUNA;5
TRANSPORTADORA KARAVAGGIO;BLUMENAU;6
TRANSPORTADORA KARAVAGGIO;BOA ESPERANCA;5
TRANSPORTADORA KARAVAGGIO;BOA ESPERANCA DO IGUACU;5
TRANSPORTADORA KARAVAGGIO;BOA VENTURA DE SAO ROQUE;5
TRANSPORTADORA KARAVAGGIO;BOA VISTA DA APARECIDA;5
TRANSPORTADORA KARAVAGGIO;BOA VISTA DAS MISSOES;6
TRANSPORTADORA KARAVAGGIO;BOA VISTA DO BURICA;6
TRANSPORTADORA KARAVAGGIO;BOA VISTA DO CADEADO;6
TRANSPORTADORA KARAVAGGIO;BOA VISTA DO INCRA;6
TRANSPORTADORA KARAVAGGIO;BOA VISTA DO SUL;6
TRANSPORTADORA KARAVAGGIO;BOCAINA DO SUL;6
TRANSPORTADORA KARAVAGGIO;BOCAIUVA DO SUL;3
TRANSPORTADORA KARAVAGGIO;BOM JARDIM DA SERRA;6
TRANSPORTADORA KARAVAGGIO;BOM JESUS;6
TRANSPORTADORA KARAVAGGIO;BOM JESUS DO OESTE;6
TRANSPORTADORA KARAVAGGIO;BOM JESUS DO SUL;5
TRANSPORTADORA KARAVAGGIO;BOM PRINCIPIO;6
TRANSPORTADORA KARAVAGGIO;BOM PROGRESSO;6
TRANSPORTADORA KARAVAGGIO;BOM RETIRO;6
TRANSPORTADORA KARAVAGGIO;BOM RETIRO DO SUL;6
TRANSPORTADORA KARAVAGGIO;BOM SUCESSO;5
TRANSPORTADORA KARAVAGGIO;BOM SUCESSO DO SUL;5
TRANSPORTADORA KARAVAGGIO;BOMBINHAS;6
TRANSPORTADORA KARAVAGGIO;BOQUEIRAO DO LEAO;6
TRANSPORTADORA KARAVAGGIO;BORRAZOPOLIS;5
TRANSPORTADORA KARAVAGGIO;BOSSOROCA;6
TRANSPORTADORA KARAVAGGIO;BOTUVERA;6
TRANSPORTADORA KARAVAGGIO;BOZANO;6
TRANSPORTADORA KARAVAGGIO;BRACO DO NORTE;6
TRANSPORTADORA KARAVAGGIO;BRACO DO TROMBUDO;6
TRANSPORTADORA KARAVAGGIO;BRAGA;6
TRANSPORTADORA KARAVAGGIO;BRAGANEY;5
TRANSPORTADORA KARAVAGGIO;BRASILANDIA DO SUL;5
TRANSPORTADORA KARAVAGGIO;BROCHIER;6
TRANSPORTADORA KARAVAGGIO;BRUNOPOLIS;6
TRANSPORTADORA KARAVAGGIO;BRUSQUE;6
TRANSPORTADORA KARAVAGGIO;BUTIA;6
TRANSPORTADORA KARAVAGGIO;CACADOR;6
TRANSPORTADORA KARAVAGGIO;CACAPAVA DO SUL;6
TRANSPORTADORA KARAVAGGIO;CACEQUI;6
TRANSPORTADORA KARAVAGGIO;CACHOEIRA DO SUL;6
TRANSPORTADORA KARAVAGGIO;CACHOEIRINHA;4
TRANSPORTADORA KARAVAGGIO;CACIQUE DOBLE;6
TRANSPORTADORA KARAVAGGIO;CAFEARA;5
TRANSPORTADORA KARAVAGGIO;CAFELANDIA;5
TRANSPORTADORA KARAVAGGIO;CAFEZAL DO SUL;5
TRANSPORTADORA KARAVAGGIO;CAIBATE;6
TRANSPORTADORA KARAVAGGIO;CAIBI;6
TRANSPORTADORA KARAVAGGIO;CAICARA;6
TRANSPORTADORA KARAVAGGIO;CALIFORNIA;5
TRANSPORTADORA KARAVAGGIO;CALMON;6
TRANSPORTADORA KARAVAGGIO;CAMAQUA;6
TRANSPORTADORA KARAVAGGIO;CAMARGO;6
TRANSPORTADORA KARAVAGGIO;CAMBARA;5
TRANSPORTADORA KARAVAGGIO;CAMBARA DO SUL;6
TRANSPORTADORA KARAVAGGIO;CAMBE;6
TRANSPORTADORA KARAVAGGIO;Cambé;5
TRANSPORTADORA KARAVAGGIO;CAMBIRA;5
TRANSPORTADORA KARAVAGGIO;CAMBORIU;6
TRANSPORTADORA KARAVAGGIO;CAMPESTRE DA SERRA;6
TRANSPORTADORA KARAVAGGIO;CAMPINA DA LAGOA;5
TRANSPORTADORA KARAVAGGIO;CAMPINA DAS MISSOES;6
TRANSPORTADORA KARAVAGGIO;CAMPINA DO SIMAO;5
TRANSPORTADORA KARAVAGGIO;CAMPINA GRANDE DO SUL;3
TRANSPORTADORA KARAVAGGIO;CAMPINAS DO SUL;6
TRANSPORTADORA KARAVAGGIO;CAMPO ALEGRE;6
TRANSPORTADORA KARAVAGGIO;CAMPO BELO DO SUL;6
TRANSPORTADORA KARAVAGGIO;CAMPO BOM;6
TRANSPORTADORA KARAVAGGIO;CAMPO BONITO;5
TRANSPORTADORA KARAVAGGIO;CAMPO DO TENENTE;5
TRANSPORTADORA KARAVAGGIO;CAMPO ERE;6
TRANSPORTADORA KARAVAGGIO;CAMPO LARGO;3
TRANSPORTADORA KARAVAGGIO;CAMPO MAGRO;3
TRANSPORTADORA KARAVAGGIO;CAMPO MOURAO;5
TRANSPORTADORA KARAVAGGIO;CAMPO NOVO;6
TRANSPORTADORA KARAVAGGIO;CAMPOS BORGES;6
TRANSPORTADORA KARAVAGGIO;CAMPOS NOVOS;6
TRANSPORTADORA KARAVAGGIO;CANDELARIA;6
TRANSPORTADORA KARAVAGGIO;CANDIDO DE ABREU;5
TRANSPORTADORA KARAVAGGIO;CANDIDO GODOI;6
TRANSPORTADORA KARAVAGGIO;CANDIOTA;6
TRANSPORTADORA KARAVAGGIO;CANDOI;5
TRANSPORTADORA KARAVAGGIO;CANELA;6
TRANSPORTADORA KARAVAGGIO;CANELINHA;6
TRANSPORTADORA KARAVAGGIO;CANGUCU;6
TRANSPORTADORA KARAVAGGIO;CANOAS;4
TRANSPORTADORA KARAVAGGIO;CANOINHAS;6
TRANSPORTADORA KARAVAGGIO;CANTAGALO;5
TRANSPORTADORA KARAVAGGIO;CANUDOS DO VALE;6
TRANSPORTADORA KARAVAGGIO;CAPANEMA;5
TRANSPORTADORA KARAVAGGIO;CAPAO ALTO;6
TRANSPORTADORA KARAVAGGIO;CAPAO DA CANOA;6
TRANSPORTADORA KARAVAGGIO;CAPÃO DA CANOA;6
TRANSPORTADORA KARAVAGGIO;CAPAO DO CIPO;6
TRANSPORTADORA KARAVAGGIO;CAPAO DO LEAO;6
TRANSPORTADORA KARAVAGGIO;CAPELA DE SANTANA;6
TRANSPORTADORA KARAVAGGIO;CAPINZAL;6
TRANSPORTADORA KARAVAGGIO;CAPITAO;6
TRANSPORTADORA KARAVAGGIO;CAPITAO LEONIDAS MARQUES;5
TRANSPORTADORA KARAVAGGIO;CAPIVARI DE BAIXO;6
TRANSPORTADORA KARAVAGGIO;CAPIVARI DO SUL;6
TRANSPORTADORA KARAVAGGIO;CARAA;6
TRANSPORTADORA KARAVAGGIO;CARAMBEI;5
TRANSPORTADORA KARAVAGGIO;CARAZINHO;6
TRANSPORTADORA KARAVAGGIO;CARLOPOLIS;5
TRANSPORTADORA KARAVAGGIO;CARLOS BARBOSA;6
TRANSPORTADORA KARAVAGGIO;CARLOS GOMES;6
TRANSPORTADORA KARAVAGGIO;CASCA;6
TRANSPORTADORA KARAVAGGIO;CASCAVEL;5
TRANSPORTADORA KARAVAGGIO;CASEIROS;6
TRANSPORTADORA KARAVAGGIO;CASTRO;5
TRANSPORTADORA KARAVAGGIO;CATANDUVAS;5
TRANSPORTADORA KARAVAGGIO;CATUIPE;6
TRANSPORTADORA KARAVAGGIO;CAXAMBU DO SUL;6
TRANSPORTADORA KARAVAGGIO;CAXIAS DO SUL;6
TRANSPORTADORA KARAVAGGIO;CELSO RAMOS;6
TRANSPORTADORA KARAVAGGIO;CENTENARIO;6
TRANSPORTADORA KARAVAGGIO;CENTENARIO DO SUL;5
TRANSPORTADORA KARAVAGGIO;CERRITO;6
TRANSPORTADORA KARAVAGGIO;CERRO AZUL;5
TRANSPORTADORA KARAVAGGIO;CERRO BRANCO;6
TRANSPORTADORA KARAVAGGIO;CERRO GRANDE;6
TRANSPORTADORA KARAVAGGIO;CERRO GRANDE DO SUL;6
TRANSPORTADORA KARAVAGGIO;CERRO LARGO;6
TRANSPORTADORA KARAVAGGIO;CERRO NEGRO;6
TRANSPORTADORA KARAVAGGIO;CEU AZUL;5
TRANSPORTADORA KARAVAGGIO;CHAPADA;6
TRANSPORTADORA KARAVAGGIO;CHAPADAO DO LAGEADO;6
TRANSPORTADORA KARAVAGGIO;CHAPECO;6
TRANSPORTADORA KARAVAGGIO;CHAPECÓ;6
TRANSPORTADORA KARAVAGGIO;CHARQUEADAS;6
TRANSPORTADORA KARAVAGGIO;CHARRUA;6
TRANSPORTADORA KARAVAGGIO;CHIAPETTA;6
TRANSPORTADORA KARAVAGGIO;CHOPINZINHO;5
TRANSPORTADORA KARAVAGGIO;CHUI;6
TRANSPORTADORA KARAVAGGIO;CHUVISCA;6
TRANSPORTADORA KARAVAGGIO;CIANORTE;5
TRANSPORTADORA KARAVAGGIO;CIDADE GAUCHA;5
TRANSPORTADORA KARAVAGGIO;CIDREIRA;6
TRANSPORTADORA KARAVAGGIO;CIRIACO;6
TRANSPORTADORA KARAVAGGIO;CLEVELANDIA;5
TRANSPORTADORA KARAVAGGIO;COCAL DO SUL;6
TRANSPORTADORA KARAVAGGIO;COLINAS;6
TRANSPORTADORA KARAVAGGIO;COLOMBO;3
TRANSPORTADORA KARAVAGGIO;COLORADO;5
TRANSPORTADORA KARAVAGGIO;CONCORDIA;6
TRANSPORTADORA KARAVAGGIO;CONDOR;6
TRANSPORTADORA KARAVAGGIO;CONGONHINHAS;5
TRANSPORTADORA KARAVAGGIO;CONSELHEIRO MAIRINCK;5
TRANSPORTADORA KARAVAGGIO;CONSTANTINA;6
TRANSPORTADORA KARAVAGGIO;CONTENDA;5
TRANSPORTADORA KARAVAGGIO;COQUEIRO BAIXO;6
TRANSPORTADORA KARAVAGGIO;COQUEIROS DO SUL;6
TRANSPORTADORA KARAVAGGIO;CORBELIA;5
TRANSPORTADORA KARAVAGGIO;CORDILHEIRA ALTA;6
TRANSPORTADORA KARAVAGGIO;CORNELIO PROCOPIO;5
TRANSPORTADORA KARAVAGGIO;CORONEL BARROS;6
TRANSPORTADORA KARAVAGGIO;CORONEL BICACO;6
TRANSPORTADORA KARAVAGGIO;CORONEL DOMINGOS SOARES;5
TRANSPORTADORA KARAVAGGIO;CORONEL FREITAS;6
TRANSPORTADORA KARAVAGGIO;CORONEL MARTINS;6
TRANSPORTADORA KARAVAGGIO;CORONEL PILAR;6
TRANSPORTADORA KARAVAGGIO;CORONEL VIVIDA;5
TRANSPORTADORA KARAVAGGIO;CORREIA PINTO;6
TRANSPORTADORA KARAVAGGIO;CORUMBATAI DO SUL;5
TRANSPORTADORA KARAVAGGIO;CORUPA;6
TRANSPORTADORA KARAVAGGIO;COTIPORA;6
TRANSPORTADORA KARAVAGGIO;COXILHA;6
TRANSPORTADORA KARAVAGGIO;CRICIUMA;6
TRANSPORTADORA KARAVAGGIO;Criciúma;6
TRANSPORTADORA KARAVAGGIO;CRISSIUMAL;6
TRANSPORTADORA KARAVAGGIO;CRISTAL;6
TRANSPORTADORA KARAVAGGIO;CRISTAL DO SUL;6
TRANSPORTADORA KARAVAGGIO;CRUZ ALTA;6
TRANSPORTADORA KARAVAGGIO;CRUZ MACHADO;5
TRANSPORTADORA KARAVAGGIO;CRUZALTENSE;6
TRANSPORTADORA KARAVAGGIO;CRUZEIRO DO IGUACU;5
TRANSPORTADORA KARAVAGGIO;CRUZEIRO DO OESTE;5
TRANSPORTADORA KARAVAGGIO;CRUZEIRO DO SUL;5
TRANSPORTADORA KARAVAGGIO;CRUZMALTINA;5
TRANSPORTADORA KARAVAGGIO;CUNHA PORA;6
TRANSPORTADORA KARAVAGGIO;CUNHATAI;6
TRANSPORTADORA KARAVAGGIO;CURITIBA;3
TRANSPORTADORA KARAVAGGIO;CURITIBANOS;6
TRANSPORTADORA KARAVAGGIO;CURIUVA;5
TRANSPORTADORA KARAVAGGIO;DAVID CANABARRO;6
TRANSPORTADORA KARAVAGGIO;DERRUBADAS;6
TRANSPORTADORA KARAVAGGIO;DESCANSO;6
TRANSPORTADORA KARAVAGGIO;DEZESSEIS DE NOVEMBRO;6
TRANSPORTADORA KARAVAGGIO;DIAMANTE D OESTE;5
TRANSPORTADORA KARAVAGGIO;DIAMANTE DO NORTE;5
TRANSPORTADORA KARAVAGGIO;DIAMANTE DO SUL;5
TRANSPORTADORA KARAVAGGIO;DILERMANDO DE AGUIAR;6
TRANSPORTADORA KARAVAGGIO;DIONISIO CERQUEIRA;6
TRANSPORTADORA KARAVAGGIO;DOIS IRMAOS;6
TRANSPORTADORA KARAVAGGIO;DOIS IRMAOS DAS MISSOES;6
TRANSPORTADORA KARAVAGGIO;DOIS LAJEADOS;6
TRANSPORTADORA KARAVAGGIO;DOIS VIZINHOS;5
TRANSPORTADORA KARAVAGGIO;DOM FELICIANO;6
TRANSPORTADORA KARAVAGGIO;DOM PEDRITO;6
TRANSPORTADORA KARAVAGGIO;DOM PEDRO DE ALCANTARA;6
TRANSPORTADORA KARAVAGGIO;DONA EMMA;6
TRANSPORTADORA KARAVAGGIO;DONA FRANCISCA;6
TRANSPORTADORA KARAVAGGIO;DOURADINA;5
TRANSPORTADORA KARAVAGGIO;DOUTOR CAMARGO;5
TRANSPORTADORA KARAVAGGIO;DOUTOR MAURICIO CARDOSO;6
TRANSPORTADORA KARAVAGGIO;DOUTOR PEDRINHO;6
TRANSPORTADORA KARAVAGGIO;DOUTOR RICARDO;6
TRANSPORTADORA KARAVAGGIO;DOUTOR ULYSSES;5
TRANSPORTADORA KARAVAGGIO;ELDORADO DO SUL;4
TRANSPORTADORA KARAVAGGIO;ENCANTADO;6
TRANSPORTADORA KARAVAGGIO;ENCRUZILHADA DO SUL;6
TRANSPORTADORA KARAVAGGIO;ENEAS MARQUES;5
TRANSPORTADORA KARAVAGGIO;ENGENHEIRO BELTRAO;5
TRANSPORTADORA KARAVAGGIO;ENGENHO VELHO;6
TRANSPORTADORA KARAVAGGIO;ENTRE IJUIS;6
TRANSPORTADORA KARAVAGGIO;ENTRE RIOS;6
TRANSPORTADORA KARAVAGGIO;ENTRE RIOS DO OESTE;5
TRANSPORTADORA KARAVAGGIO;ENTRE RIOS DO SUL;6
TRANSPORTADORA KARAVAGGIO;ENTRE-IJUIS;6
TRANSPORTADORA KARAVAGGIO;EREBANGO;6
TRANSPORTADORA KARAVAGGIO;ERECHIM;6
TRANSPORTADORA KARAVAGGIO;ERMO;6
TRANSPORTADORA KARAVAGGIO;ERNESTINA;6
TRANSPORTADORA KARAVAGGIO;ERVAL GRANDE;6
TRANSPORTADORA KARAVAGGIO;ERVAL SECO;6
TRANSPORTADORA KARAVAGGIO;ERVAL VELHO;6
TRANSPORTADORA KARAVAGGIO;ESMERALDA;6
TRANSPORTADORA KARAVAGGIO;ESPERANCA DO SUL;6
TRANSPORTADORA KARAVAGGIO;ESPERANCA NOVA;5
TRANSPORTADORA KARAVAGGIO;ESPIGAO ALTO DO IGUACU;5
TRANSPORTADORA KARAVAGGIO;ESPUMOSO;6
TRANSPORTADORA KARAVAGGIO;ESTACAO;6
TRANSPORTADORA KARAVAGGIO;ESTANCIA VELHA;6
TRANSPORTADORA KARAVAGGIO;ESTEIO;4
TRANSPORTADORA KARAVAGGIO;ESTRELA;6
TRANSPORTADORA KARAVAGGIO;ESTRELA VELHA;6
TRANSPORTADORA KARAVAGGIO;EUGENIO DE CASTRO;6
TRANSPORTADORA KARAVAGGIO;FAGUNDES VARELA;6
TRANSPORTADORA KARAVAGGIO;FAROL;5
TRANSPORTADORA KARAVAGGIO;FARROUPILHA;6
TRANSPORTADORA KARAVAGGIO;FAXINAL;5
TRANSPORTADORA KARAVAGGIO;FAXINAL DO SOTURNO;6
TRANSPORTADORA KARAVAGGIO;FAXINAL DOS GUEDES;6
TRANSPORTADORA KARAVAGGIO;FAXINALZINHO;6
TRANSPORTADORA KARAVAGGIO;FAZENDA RIO GRANDE;3
TRANSPORTADORA KARAVAGGIO;FAZENDA VILANOVA;6
TRANSPORTADORA KARAVAGGIO;FELIZ;6
TRANSPORTADORA KARAVAGGIO;FENIX;5
TRANSPORTADORA KARAVAGGIO;FERNANDES PINHEIRO;5
TRANSPORTADORA KARAVAGGIO;FIGUEIRA;5
TRANSPORTADORA KARAVAGGIO;FLOR DA SERRA DO SUL;5
TRANSPORTADORA KARAVAGGIO;FLOR DO SERTAO;6
TRANSPORTADORA KARAVAGGIO;FLORAI;5
TRANSPORTADORA KARAVAGGIO;FLORES DA CUNHA;6
TRANSPORTADORA KARAVAGGIO;FLORESTA;5
TRANSPORTADORA KARAVAGGIO;FLORESTOPOLIS;5
TRANSPORTADORA KARAVAGGIO;FLORIANO PEIXOTO;6
TRANSPORTADORA KARAVAGGIO;Florianópolis;4
TRANSPORTADORA KARAVAGGIO;FLORIDA;5
TRANSPORTADORA KARAVAGGIO;FONTOURA XAVIER;6
TRANSPORTADORA KARAVAGGIO;FORMIGUEIRO;6
TRANSPORTADORA KARAVAGGIO;FORMOSA DO OESTE;5
TRANSPORTADORA KARAVAGGIO;FORMOSA DO SUL;6
TRANSPORTADORA KARAVAGGIO;FORQUETINHA;6
TRANSPORTADORA KARAVAGGIO;FORQUILHINHA;6
TRANSPORTADORA KARAVAGGIO;FORTALEZA DOS VALOS;7
TRANSPORTADORA KARAVAGGIO;Foz do Iguaçu;5
TRANSPORTADORA KARAVAGGIO;FOZ DO JORDAO;5
TRANSPORTADORA KARAVAGGIO;FRAIBURGO;6
TRANSPORTADORA KARAVAGGIO;FRANCISCO ALVES;5
TRANSPORTADORA KARAVAGGIO;FRANCISCO BELTRAO;5
TRANSPORTADORA KARAVAGGIO;FREDERICO WESTPHALEN;6
TRANSPORTADORA KARAVAGGIO;FREI ROGERIO;6
TRANSPORTADORA KARAVAGGIO;GALVAO;6
TRANSPORTADORA KARAVAGGIO;GARIBALDI;6
TRANSPORTADORA KARAVAGGIO;GAROPABA;6
TRANSPORTADORA KARAVAGGIO;GARRUCHOS;6
TRANSPORTADORA KARAVAGGIO;GARUVA;6
TRANSPORTADORA KARAVAGGIO;GASPAR;6
TRANSPORTADORA KARAVAGGIO;GAURAMA;6
TRANSPORTADORA KARAVAGGIO;GENERAL CAMARA;6
TRANSPORTADORA KARAVAGGIO;GENERAL CARNEIRO;5
TRANSPORTADORA KARAVAGGIO;GENTIL;6
TRANSPORTADORA KARAVAGGIO;GETULIO VARGAS;6
TRANSPORTADORA KARAVAGGIO;GIRUA;6
TRANSPORTADORA KARAVAGGIO;GLORINHA;6
TRANSPORTADORA KARAVAGGIO;GODOY MOREIRA;5
TRANSPORTADORA KARAVAGGIO;GOIOERE;5
TRANSPORTADORA KARAVAGGIO;GOIOXIM;5
TRANSPORTADORA KARAVAGGIO;GOVERNADOR CELSO RAMOS;4
TRANSPORTADORA KARAVAGGIO;GRAMADO;6
TRANSPORTADORA KARAVAGGIO;GRAMADO DOS LOUREIROS;6
TRANSPORTADORA KARAVAGGIO;GRAMADO XAVIER;6
TRANSPORTADORA KARAVAGGIO;GRANDES RIOS;5
TRANSPORTADORA KARAVAGGIO;GRAO PARA;6
TRANSPORTADORA KARAVAGGIO;GRAVATAI;4
TRANSPORTADORA KARAVAGGIO;GRAVATAÍ;4
TRANSPORTADORA KARAVAGGIO;GRAVATAL;6
TRANSPORTADORA KARAVAGGIO;GUABIJU;6
TRANSPORTADORA KARAVAGGIO;GUABIRUBA;6
TRANSPORTADORA KARAVAGGIO;GUAIBA;4
TRANSPORTADORA KARAVAGGIO;Guaíba;4
TRANSPORTADORA KARAVAGGIO;GUAIRA;5
TRANSPORTADORA KARAVAGGIO;GUAIRACA;5
TRANSPORTADORA KARAVAGGIO;GUAMIRANGA;5
TRANSPORTADORA KARAVAGGIO;GUAPIRAMA;5
TRANSPORTADORA KARAVAGGIO;GUAPORE;6
TRANSPORTADORA KARAVAGGIO;GUAPOREMA;5
TRANSPORTADORA KARAVAGGIO;GUARACI;5
TRANSPORTADORA KARAVAGGIO;GUARACIABA;6
TRANSPORTADORA KARAVAGGIO;GUARAMIRIM;6
TRANSPORTADORA KARAVAGGIO;GUARANI DAS MISSOES;6
TRANSPORTADORA KARAVAGGIO;GUARANIACU;5
TRANSPORTADORA KARAVAGGIO;GUARAPUAVA;5
TRANSPORTADORA KARAVAGGIO;GUARAQUECABA;5
TRANSPORTADORA KARAVAGGIO;GUARATUBA;5
TRANSPORTADORA KARAVAGGIO;GUARUJA DO SUL;6
TRANSPORTADORA KARAVAGGIO;GUATAMBU;6
TRANSPORTADORA KARAVAGGIO;HARMONIA;6
TRANSPORTADORA KARAVAGGIO;HERVAL;6
TRANSPORTADORA KARAVAGGIO;HERVAL D OESTE;6
TRANSPORTADORA KARAVAGGIO;HERVEIRAS;6
TRANSPORTADORA KARAVAGGIO;HONORIO SERPA;5
TRANSPORTADORA KARAVAGGIO;HORIZONTINA;6
TRANSPORTADORA KARAVAGGIO;HULHA NEGRA;6
TRANSPORTADORA KARAVAGGIO;HUMAITA;6
TRANSPORTADORA KARAVAGGIO;IBAITI;5
TRANSPORTADORA KARAVAGGIO;IBARAMA;6
TRANSPORTADORA KARAVAGGIO;IBEMA;5
TRANSPORTADORA KARAVAGGIO;IBIACA;6
TRANSPORTADORA KARAVAGGIO;IBIAM;6
TRANSPORTADORA KARAVAGGIO;IBICARE;6
TRANSPORTADORA KARAVAGGIO;IBIPORA;5
TRANSPORTADORA KARAVAGGIO;IBIRAIARAS;6
TRANSPORTADORA KARAVAGGIO;IBIRAMA;6
TRANSPORTADORA KARAVAGGIO;IBIRAPUITA;6
TRANSPORTADORA KARAVAGGIO;IBIRUBA;6
TRANSPORTADORA KARAVAGGIO;ICARA;6
TRANSPORTADORA KARAVAGGIO;IÇARA;6
TRANSPORTADORA KARAVAGGIO;ICARAIMA;5
TRANSPORTADORA KARAVAGGIO;IGREJINHA;6
TRANSPORTADORA KARAVAGGIO;IGUARACU;5
TRANSPORTADORA KARAVAGGIO;IGUATU;5
TRANSPORTADORA KARAVAGGIO;IJUI;6
TRANSPORTADORA KARAVAGGIO;ILHOTA;6
TRANSPORTADORA KARAVAGGIO;ILOPOLIS;6
TRANSPORTADORA KARAVAGGIO;IMARUI;6
TRANSPORTADORA KARAVAGGIO;IMBAU;5
TRANSPORTADORA KARAVAGGIO;IMBE;6
TRANSPORTADORA KARAVAGGIO;IMBITUBA;6
TRANSPORTADORA KARAVAGGIO;IMBITUVA;5
TRANSPORTADORA KARAVAGGIO;IMBUIA;6
TRANSPORTADORA KARAVAGGIO;IMIGRANTE;6
TRANSPORTADORA KARAVAGGIO;INACIO MARTINS;5
TRANSPORTADORA KARAVAGGIO;INAJA;5
TRANSPORTADORA KARAVAGGIO;INDAIAL;6
TRANSPORTADORA KARAVAGGIO;INDEPENDENCIA;6
TRANSPORTADORA KARAVAGGIO;INDIANOPOLIS;5
TRANSPORTADORA KARAVAGGIO;INHACORA;6
TRANSPORTADORA KARAVAGGIO;IOMERE;6
TRANSPORTADORA KARAVAGGIO;IPE;6
TRANSPORTADORA KARAVAGGIO;IPIRA;6
TRANSPORTADORA KARAVAGGIO;IPIRANGA;5
TRANSPORTADORA KARAVAGGIO;IPIRANGA DO SUL;6
TRANSPORTADORA KARAVAGGIO;IPORA;5
TRANSPORTADORA KARAVAGGIO;IPORA DO OESTE;6
TRANSPORTADORA KARAVAGGIO;IPUACU;6
TRANSPORTADORA KARAVAGGIO;IPUMIRIM;6
TRANSPORTADORA KARAVAGGIO;IRACEMA DO OESTE;5
TRANSPORTADORA KARAVAGGIO;IRACEMINHA;6
TRANSPORTADORA KARAVAGGIO;IRAI;6
TRANSPORTADORA KARAVAGGIO;IRANI;6
TRANSPORTADORA KARAVAGGIO;IRATI;5
TRANSPORTADORA KARAVAGGIO;IRETAMA;5
TRANSPORTADORA KARAVAGGIO;IRINEOPOLIS;6
TRANSPORTADORA KARAVAGGIO;ITA;6
TRANSPORTADORA KARAVAGGIO;ITAARA;6
TRANSPORTADORA KARAVAGGIO;ITACURUBI;6
TRANSPORTADORA KARAVAGGIO;ITAGUAJE;5
TRANSPORTADORA KARAVAGGIO;ITAIOPOLIS;6
TRANSPORTADORA KARAVAGGIO;ITAIPULANDIA;5
TRANSPORTADORA KARAVAGGIO;ITAJAI;4
TRANSPORTADORA KARAVAGGIO;ITAJAÍ;6
TRANSPORTADORA KARAVAGGIO;ITAMBARACA;5
TRANSPORTADORA KARAVAGGIO;ITAMBE;5
TRANSPORTADORA KARAVAGGIO;ITAPEJARA D OESTE;5
TRANSPORTADORA KARAVAGGIO;ITAPEMA;6
TRANSPORTADORA KARAVAGGIO;ITAPERUCU;5
TRANSPORTADORA KARAVAGGIO;ITAPIRANGA;6
TRANSPORTADORA KARAVAGGIO;ITAPOA;6
TRANSPORTADORA KARAVAGGIO;ITAPUCA;6
TRANSPORTADORA KARAVAGGIO;ITAQUI;6
TRANSPORTADORA KARAVAGGIO;ITATI;6
TRANSPORTADORA KARAVAGGIO;ITATIBA DO SUL;6
TRANSPORTADORA KARAVAGGIO;ITAUNA DO SUL;5
TRANSPORTADORA KARAVAGGIO;ITUPORANGA;6
TRANSPORTADORA KARAVAGGIO;IVAI;5
TRANSPORTADORA KARAVAGGIO;IVAIPORA;5
TRANSPORTADORA KARAVAGGIO;IVATE;5
TRANSPORTADORA KARAVAGGIO;IVATUBA;5
TRANSPORTADORA KARAVAGGIO;IVORA;6
TRANSPORTADORA KARAVAGGIO;IVOTI;6
TRANSPORTADORA KARAVAGGIO;JABORA;6
TRANSPORTADORA KARAVAGGIO;JABOTI;5
TRANSPORTADORA KARAVAGGIO;JABOTICABA;6
TRANSPORTADORA KARAVAGGIO;JACAREZINHO;5
TRANSPORTADORA KARAVAGGIO;JACINTO MACHADO;6
TRANSPORTADORA KARAVAGGIO;JACUIZINHO;6
TRANSPORTADORA KARAVAGGIO;JACUTINGA;6
TRANSPORTADORA KARAVAGGIO;JAGUAPITA;5
TRANSPORTADORA KARAVAGGIO;JAGUARAO;6
TRANSPORTADORA KARAVAGGIO;JAGUARI;6
TRANSPORTADORA KARAVAGGIO;JAGUARIAIVA;5
TRANSPORTADORA KARAVAGGIO;Jaguariaíva;6
TRANSPORTADORA KARAVAGGIO;JAGUARUNA;6
TRANSPORTADORA KARAVAGGIO;JANDAIA DO SUL;5
TRANSPORTADORA KARAVAGGIO;JANIOPOLIS;5
TRANSPORTADORA KARAVAGGIO;JAPIRA;5
TRANSPORTADORA KARAVAGGIO;JAPURA;5
TRANSPORTADORA KARAVAGGIO;JAQUIRANA;6
TRANSPORTADORA KARAVAGGIO;JARAGUA DO SUL;6
TRANSPORTADORA KARAVAGGIO;JARDIM ALEGRE;5
TRANSPORTADORA KARAVAGGIO;JARDIM OLINDA;5
TRANSPORTADORA KARAVAGGIO;JARDINOPOLIS;6
TRANSPORTADORA KARAVAGGIO;JARI;6
TRANSPORTADORA KARAVAGGIO;JATAIZINHO;5
TRANSPORTADORA KARAVAGGIO;JESUITAS;5
TRANSPORTADORA KARAVAGGIO;JOACABA;6
TRANSPORTADORA KARAVAGGIO;JOAQUIM TAVORA;5
TRANSPORTADORA KARAVAGGIO;JOIA;6
TRANSPORTADORA KARAVAGGIO;JOINVILLE;6
TRANSPORTADORA KARAVAGGIO;JOSE BOITEUX;6
TRANSPORTADORA KARAVAGGIO;JULIO DE CASTILHOS;6
TRANSPORTADORA KARAVAGGIO;JUNDIAI DO SUL;5
TRANSPORTADORA KARAVAGGIO;JUPIA;6
TRANSPORTADORA KARAVAGGIO;JURANDA;5
TRANSPORTADORA KARAVAGGIO;JUSSARA;5
TRANSPORTADORA KARAVAGGIO;KALORE;5
TRANSPORTADORA KARAVAGGIO;LACERDOPOLIS;6
TRANSPORTADORA KARAVAGGIO;LAGES;6
TRANSPORTADORA KARAVAGGIO;LAGOA BONITA DO SUL;6
TRANSPORTADORA KARAVAGGIO;LAGOA DOS TRES CANTOS;6
TRANSPORTADORA KARAVAGGIO;LAGOA VERMELHA;6
TRANSPORTADORA KARAVAGGIO;LAGOAO;6
TRANSPORTADORA KARAVAGGIO;LAGUNA;6
TRANSPORTADORA KARAVAGGIO;LAJEADO;6
TRANSPORTADORA KARAVAGGIO;LAJEADO DO BUGRE;6
TRANSPORTADORA KARAVAGGIO;LAJEADO GRANDE;6
TRANSPORTADORA KARAVAGGIO;LAPA;5
TRANSPORTADORA KARAVAGGIO;LARANJAL;5
TRANSPORTADORA KARAVAGGIO;LARANJEIRAS DO SUL;5
TRANSPORTADORA KARAVAGGIO;LAURENTINO;6
TRANSPORTADORA KARAVAGGIO;LAURO MULLER;6
TRANSPORTADORA KARAVAGGIO;LAVRAS DO SUL;6
TRANSPORTADORA KARAVAGGIO;LEBON REGIS;6
TRANSPORTADORA KARAVAGGIO;LEOBERTO LEAL;6
TRANSPORTADORA KARAVAGGIO;LEOPOLIS;5
TRANSPORTADORA KARAVAGGIO;LIBERATO SALZANO;6
TRANSPORTADORA KARAVAGGIO;LIDIANOPOLIS;5
TRANSPORTADORA KARAVAGGIO;LINDOESTE;5
TRANSPORTADORA KARAVAGGIO;LINDOIA DO SUL;6
TRANSPORTADORA KARAVAGGIO;LINDOLFO COLLOR;6
TRANSPORTADORA KARAVAGGIO;LINHA NOVA;6
TRANSPORTADORA KARAVAGGIO;LOANDA;5
TRANSPORTADORA KARAVAGGIO;LOBATO;5
TRANSPORTADORA KARAVAGGIO;LONDRINA;5
TRANSPORTADORA KARAVAGGIO;LONTRAS;6
TRANSPORTADORA KARAVAGGIO;LUIZ ALVES;6
TRANSPORTADORA KARAVAGGIO;LUIZIANA;5
TRANSPORTADORA KARAVAGGIO;LUNARDELLI;5
TRANSPORTADORA KARAVAGGIO;LUPIONOPOLIS;5
TRANSPORTADORA KARAVAGGIO;LUZERNA;6
TRANSPORTADORA KARAVAGGIO;MACAMBARA;6
TRANSPORTADORA KARAVAGGIO;MACHADINHO;6
TRANSPORTADORA KARAVAGGIO;MACIEIRA;6
TRANSPORTADORA KARAVAGGIO;MAFRA;6
TRANSPORTADORA KARAVAGGIO;MAJOR GERCINO;6
TRANSPORTADORA KARAVAGGIO;MAJOR VIEIRA;6
TRANSPORTADORA KARAVAGGIO;MALLET;5
TRANSPORTADORA KARAVAGGIO;MAMBORE;5
TRANSPORTADORA KARAVAGGIO;MAMPITUBA;6
TRANSPORTADORA KARAVAGGIO;MANDAGUACU;5
TRANSPORTADORA KARAVAGGIO;MANDAGUARI;5
TRANSPORTADORA KARAVAGGIO;MANDIRITUBA;5
TRANSPORTADORA KARAVAGGIO;MANFRINOPOLIS;5
TRANSPORTADORA KARAVAGGIO;MANGUEIRINHA;5
TRANSPORTADORA KARAVAGGIO;MANOEL RIBAS;5
TRANSPORTADORA KARAVAGGIO;MANOEL VIANA;6
TRANSPORTADORA KARAVAGGIO;MAQUINE;6
TRANSPORTADORA KARAVAGGIO;MARACAJA;6
TRANSPORTADORA KARAVAGGIO;MARATA;6
TRANSPORTADORA KARAVAGGIO;MARAU;6
TRANSPORTADORA KARAVAGGIO;MARAVILHA;6
TRANSPORTADORA KARAVAGGIO;MARCELINO RAMOS;6
TRANSPORTADORA KARAVAGGIO;MARECHAL CANDIDO RONDON;5
TRANSPORTADORA KARAVAGGIO;MAREMA;6
TRANSPORTADORA KARAVAGGIO;MARIA HELENA;5
TRANSPORTADORA KARAVAGGIO;MARIALVA;5
TRANSPORTADORA KARAVAGGIO;MARIANA PIMENTEL;6
TRANSPORTADORA KARAVAGGIO;MARIANO MORO;6
TRANSPORTADORA KARAVAGGIO;MARILANDIA DO SUL;5
TRANSPORTADORA KARAVAGGIO;MARILENA;5
TRANSPORTADORA KARAVAGGIO;MARILUZ;5
TRANSPORTADORA KARAVAGGIO;Maringá;5
TRANSPORTADORA KARAVAGGIO;MARIOPOLIS;5
TRANSPORTADORA KARAVAGGIO;MARIPA;5
TRANSPORTADORA KARAVAGGIO;MARMELEIRO;5
TRANSPORTADORA KARAVAGGIO;MARQUES DE SOUZA;6
TRANSPORTADORA KARAVAGGIO;MARQUINHO;5
TRANSPORTADORA KARAVAGGIO;MARUMBI;5
TRANSPORTADORA KARAVAGGIO;MASSARANDUBA;6
TRANSPORTADORA KARAVAGGIO;MATA;6
TRANSPORTADORA KARAVAGGIO;MATELANDIA;5
TRANSPORTADORA KARAVAGGIO;MATINHOS;5
TRANSPORTADORA KARAVAGGIO;MATO CASTELHANO;6
TRANSPORTADORA KARAVAGGIO;MATO LEITAO;6
TRANSPORTADORA KARAVAGGIO;MATO QUEIMADO;6
TRANSPORTADORA KARAVAGGIO;MATO RICO;5
TRANSPORTADORA KARAVAGGIO;MATOS COSTA;6
TRANSPORTADORA KARAVAGGIO;MAUA DA SERRA;5
TRANSPORTADORA KARAVAGGIO;MAXIMILIANO DE ALMEIDA;6
TRANSPORTADORA KARAVAGGIO;MEDIANEIRA;5
TRANSPORTADORA KARAVAGGIO;MELEIRO;6
TRANSPORTADORA KARAVAGGIO;MERCEDES;5
TRANSPORTADORA KARAVAGGIO;MINAS DO LEAO;6
TRANSPORTADORA KARAVAGGIO;MIRADOR;5
TRANSPORTADORA KARAVAGGIO;MIRAGUAI;6
TRANSPORTADORA KARAVAGGIO;MIRASELVA;5
TRANSPORTADORA KARAVAGGIO;MIRIM DOCE;6
TRANSPORTADORA KARAVAGGIO;MISSAL;5
TRANSPORTADORA KARAVAGGIO;MODELO;6
TRANSPORTADORA KARAVAGGIO;MONDAI;6
TRANSPORTADORA KARAVAGGIO;MONTAURI;6
TRANSPORTADORA KARAVAGGIO;MONTE ALEGRE DOS CAMPOS;6
TRANSPORTADORA KARAVAGGIO;MONTE BELO DO SUL;6
TRANSPORTADORA KARAVAGGIO;MONTE CARLO;6
TRANSPORTADORA KARAVAGGIO;MONTE CASTELO;6
TRANSPORTADORA KARAVAGGIO;MONTENEGRO;6
TRANSPORTADORA KARAVAGGIO;MOREIRA SALES;5
TRANSPORTADORA KARAVAGGIO;MORMACO;6
TRANSPORTADORA KARAVAGGIO;MORRETES;5
TRANSPORTADORA KARAVAGGIO;MORRINHOS DO SUL;6
TRANSPORTADORA KARAVAGGIO;MORRO DA FUMACA;6
TRANSPORTADORA KARAVAGGIO;MORRO GRANDE;6
TRANSPORTADORA KARAVAGGIO;MORRO REDONDO;6
TRANSPORTADORA KARAVAGGIO;MORRO REUTER;6
TRANSPORTADORA KARAVAGGIO;MOSTARDAS;6
TRANSPORTADORA KARAVAGGIO;MUCUM;6
TRANSPORTADORA KARAVAGGIO;MUITOS CAPOES;6
TRANSPORTADORA KARAVAGGIO;MULITERNO;6
TRANSPORTADORA KARAVAGGIO;MUNHOZ DE MELO;5
TRANSPORTADORA KARAVAGGIO;NAO ME TOQUE;6
TRANSPORTADORA KARAVAGGIO;NAO-ME-TOQUE;6
TRANSPORTADORA KARAVAGGIO;NAVEGANTES;6
TRANSPORTADORA KARAVAGGIO;NICOLAU VERGUEIRO;6
TRANSPORTADORA KARAVAGGIO;NONOAI;6
TRANSPORTADORA KARAVAGGIO;NOSSA SENHORA DAS GRACAS;5
TRANSPORTADORA KARAVAGGIO;NOVA ALIANCA DO IVAI;5
TRANSPORTADORA KARAVAGGIO;NOVA ALVORADA;6
TRANSPORTADORA KARAVAGGIO;NOVA AMERICA DA COLINA;5
TRANSPORTADORA KARAVAGGIO;NOVA ARACA;6
TRANSPORTADORA KARAVAGGIO;NOVA AURORA;5
TRANSPORTADORA KARAVAGGIO;NOVA BASSANO;6
TRANSPORTADORA KARAVAGGIO;NOVA BOA VISTA;6
TRANSPORTADORA KARAVAGGIO;NOVA BRESCIA;6
TRANSPORTADORA KARAVAGGIO;NOVA CANDELARIA;6
TRANSPORTADORA KARAVAGGIO;NOVA CANTU;5
TRANSPORTADORA KARAVAGGIO;NOVA ERECHIM;6
TRANSPORTADORA KARAVAGGIO;NOVA ESPERANCA;5
TRANSPORTADORA KARAVAGGIO;NOVA ESPERANCA DO SUDOESTE;5
TRANSPORTADORA KARAVAGGIO;NOVA ESPERANCA DO SUL;6
TRANSPORTADORA KARAVAGGIO;NOVA FATIMA;5
TRANSPORTADORA KARAVAGGIO;NOVA HARTZ;6
TRANSPORTADORA KARAVAGGIO;NOVA ITABERABA;6
TRANSPORTADORA KARAVAGGIO;NOVA LARANJEIRAS;5
TRANSPORTADORA KARAVAGGIO;NOVA LONDRINA;5
TRANSPORTADORA KARAVAGGIO;NOVA OLIMPIA;5
TRANSPORTADORA KARAVAGGIO;NOVA PADUA;6
TRANSPORTADORA KARAVAGGIO;NOVA PALMA;6
TRANSPORTADORA KARAVAGGIO;NOVA PETROPOLIS;6
TRANSPORTADORA KARAVAGGIO;Nova Petrópolis;6
TRANSPORTADORA KARAVAGGIO;NOVA PRATA;6
TRANSPORTADORA KARAVAGGIO;NOVA PRATA DO IGUACU;5
TRANSPORTADORA KARAVAGGIO;NOVA RAMADA;6
TRANSPORTADORA KARAVAGGIO;NOVA ROMA DO SUL;6
TRANSPORTADORA KARAVAGGIO;NOVA SANTA BARBARA;5
TRANSPORTADORA KARAVAGGIO;NOVA SANTA RITA;4
TRANSPORTADORA KARAVAGGIO;NOVA SANTA ROSA;5
TRANSPORTADORA KARAVAGGIO;NOVA TEBAS;5
TRANSPORTADORA KARAVAGGIO;NOVA TRENTO;6
TRANSPORTADORA KARAVAGGIO;NOVA VENEZA;6
TRANSPORTADORA KARAVAGGIO;NOVO BARREIRO;6
TRANSPORTADORA KARAVAGGIO;NOVO CABRAIS;6
TRANSPORTADORA KARAVAGGIO;NOVO HAMBURGO;4
TRANSPORTADORA KARAVAGGIO;NOVO HORIZONTE;6
TRANSPORTADORA KARAVAGGIO;NOVO ITACOLOMI;5
TRANSPORTADORA KARAVAGGIO;NOVO MACHADO;6
TRANSPORTADORA KARAVAGGIO;NOVO TIRADENTES;6
TRANSPORTADORA KARAVAGGIO;NOVO XINGU;6
TRANSPORTADORA KARAVAGGIO;ORLEANS;6
TRANSPORTADORA KARAVAGGIO;ORTIGUEIRA;5
TRANSPORTADORA KARAVAGGIO;OSORIO;6
TRANSPORTADORA KARAVAGGIO;OTACILIO COSTA;6
TRANSPORTADORA KARAVAGGIO;OURIZONA;5
TRANSPORTADORA KARAVAGGIO;OURO;6
TRANSPORTADORA KARAVAGGIO;OURO VERDE;6
TRANSPORTADORA KARAVAGGIO;OURO VERDE DO OESTE;5
TRANSPORTADORA KARAVAGGIO;PAIAL;6
TRANSPORTADORA KARAVAGGIO;PAICANDU;6
TRANSPORTADORA KARAVAGGIO;Paiçandu;5
TRANSPORTADORA KARAVAGGIO;PAIM FILHO;6
TRANSPORTADORA KARAVAGGIO;PAINEL;6
TRANSPORTADORA KARAVAGGIO;PALHOCA;4
TRANSPORTADORA KARAVAGGIO;PALMA SOLA;6
TRANSPORTADORA KARAVAGGIO;PALMARES DO SUL;6
TRANSPORTADORA KARAVAGGIO;PALMAS;5
TRANSPORTADORA KARAVAGGIO;PALMEIRA;5
TRANSPORTADORA KARAVAGGIO;PALMEIRA DAS MISSOES;6
TRANSPORTADORA KARAVAGGIO;PALMITAL;5
TRANSPORTADORA KARAVAGGIO;PALMITINHO;6
TRANSPORTADORA KARAVAGGIO;PALMITOS;6
TRANSPORTADORA KARAVAGGIO;PALOTINA;5
TRANSPORTADORA KARAVAGGIO;PANAMBI;6
TRANSPORTADORA KARAVAGGIO;PANTANO GRANDE;6
TRANSPORTADORA KARAVAGGIO;PAPANDUVA;6
TRANSPORTADORA KARAVAGGIO;PARAI;6
TRANSPORTADORA KARAVAGGIO;PARAISO;6
TRANSPORTADORA KARAVAGGIO;PARAISO DO NORTE;5
TRANSPORTADORA KARAVAGGIO;PARAISO DO SUL;6
TRANSPORTADORA KARAVAGGIO;PARANACITY;5
TRANSPORTADORA KARAVAGGIO;PARANAGUA;5
TRANSPORTADORA KARAVAGGIO;PARANAPOEMA;5
TRANSPORTADORA KARAVAGGIO;PARANAVAI;5
TRANSPORTADORA KARAVAGGIO;PARECI NOVO;6
TRANSPORTADORA KARAVAGGIO;PAROBE;6
TRANSPORTADORA KARAVAGGIO;PASSA SETE;6
TRANSPORTADORA KARAVAGGIO;PASSO DE TORRES;6
TRANSPORTADORA KARAVAGGIO;PASSO DO SOBRADO;6
TRANSPORTADORA KARAVAGGIO;PASSO FUNDO;6
TRANSPORTADORA KARAVAGGIO;PASSOS MAIA;6
TRANSPORTADORA KARAVAGGIO;PATO BRAGADO;5
TRANSPORTADORA KARAVAGGIO;PATO BRANCO;5
TRANSPORTADORA KARAVAGGIO;PAULA FREITAS;5
TRANSPORTADORA KARAVAGGIO;PAULO BENTO;6
TRANSPORTADORA KARAVAGGIO;PAULO FRONTIN;5
TRANSPORTADORA KARAVAGGIO;PAULO LOPES;4
TRANSPORTADORA KARAVAGGIO;PAVERAMA;6
TRANSPORTADORA KARAVAGGIO;PEABIRU;5
TRANSPORTADORA KARAVAGGIO;PEDRAS ALTAS;6
TRANSPORTADORA KARAVAGGIO;PEDRAS GRANDES;6
TRANSPORTADORA KARAVAGGIO;PEDRO OSORIO;6
TRANSPORTADORA KARAVAGGIO;PEJUCARA;6
TRANSPORTADORA KARAVAGGIO;PELOTAS;6
TRANSPORTADORA KARAVAGGIO;PENHA;6
TRANSPORTADORA KARAVAGGIO;PERITIBA;6
TRANSPORTADORA KARAVAGGIO;PEROBAL;5
TRANSPORTADORA KARAVAGGIO;PEROLA;5
TRANSPORTADORA KARAVAGGIO;PEROLA D OESTE;5
TRANSPORTADORA KARAVAGGIO;PESCARIA BRAVA;6
TRANSPORTADORA KARAVAGGIO;PETROLANDIA;6
TRANSPORTADORA KARAVAGGIO;PICADA CAFE;6
TRANSPORTADORA KARAVAGGIO;PIEN;5
TRANSPORTADORA KARAVAGGIO;PINHAIS;3
TRANSPORTADORA KARAVAGGIO;PINHAL;6
TRANSPORTADORA KARAVAGGIO;PINHAL DA SERRA;6
TRANSPORTADORA KARAVAGGIO;PINHAL DE SAO BENTO;5
TRANSPORTADORA KARAVAGGIO;PINHAL GRANDE;6
TRANSPORTADORA KARAVAGGIO;PINHALAO;5
TRANSPORTADORA KARAVAGGIO;PINHALZINHO;6
TRANSPORTADORA KARAVAGGIO;PINHAO;5
TRANSPORTADORA KARAVAGGIO;PINHEIRINHO DO VALE;6
TRANSPORTADORA KARAVAGGIO;PINHEIRO MACHADO;6
TRANSPORTADORA KARAVAGGIO;PINHEIRO PRETO;6
TRANSPORTADORA KARAVAGGIO;PINTO BANDEIRA;6
TRANSPORTADORA KARAVAGGIO;PIRAI DO SUL;5
TRANSPORTADORA KARAVAGGIO;PIRAPO;6
TRANSPORTADORA KARAVAGGIO;PIRAQUARA;3
TRANSPORTADORA KARAVAGGIO;PIRATINI;6
TRANSPORTADORA KARAVAGGIO;PIRATUBA;6
TRANSPORTADORA KARAVAGGIO;PITANGA;5
TRANSPORTADORA KARAVAGGIO;PITANGUEIRAS;5
TRANSPORTADORA KARAVAGGIO;PLANALTINA DO PARANA;6
TRANSPORTADORA KARAVAGGIO;Planaltina do Paraná;5
TRANSPORTADORA KARAVAGGIO;PLANALTO;5
TRANSPORTADORA KARAVAGGIO;PLANALTO ALEGRE;6
TRANSPORTADORA KARAVAGGIO;POCO DAS ANTAS;6
TRANSPORTADORA KARAVAGGIO;POMERODE;6
TRANSPORTADORA KARAVAGGIO;PONTA GROSSA;5
TRANSPORTADORA KARAVAGGIO;PONTAL DO PARANA;5
TRANSPORTADORA KARAVAGGIO;PONTAO;6
TRANSPORTADORA KARAVAGGIO;PONTE ALTA;6
TRANSPORTADORA KARAVAGGIO;PONTE ALTA DO NORTE;6
TRANSPORTADORA KARAVAGGIO;PONTE PRETA;6
TRANSPORTADORA KARAVAGGIO;PONTE SERRADA;6
TRANSPORTADORA KARAVAGGIO;PORECATU;5
TRANSPORTADORA KARAVAGGIO;PORTAO;4
TRANSPORTADORA KARAVAGGIO;PORTO ALEGRE;4
TRANSPORTADORA KARAVAGGIO;PORTO AMAZONAS;5
TRANSPORTADORA KARAVAGGIO;PORTO BARREIRO;5
TRANSPORTADORA KARAVAGGIO;PORTO BELO;6
TRANSPORTADORA KARAVAGGIO;PORTO LUCENA;6
TRANSPORTADORA KARAVAGGIO;PORTO MAUA;6
TRANSPORTADORA KARAVAGGIO;PORTO RICO;5
TRANSPORTADORA KARAVAGGIO;PORTO UNIAO;6
TRANSPORTADORA KARAVAGGIO;PORTO VERA CRUZ;6
TRANSPORTADORA KARAVAGGIO;PORTO VITORIA;5
TRANSPORTADORA KARAVAGGIO;PORTO XAVIER;6
TRANSPORTADORA KARAVAGGIO;POUSO NOVO;6
TRANSPORTADORA KARAVAGGIO;POUSO REDONDO;6
TRANSPORTADORA KARAVAGGIO;PRADO FERREIRA;5
TRANSPORTADORA KARAVAGGIO;PRAIA GRANDE;6
TRANSPORTADORA KARAVAGGIO;PRANCHITA;5
TRANSPORTADORA KARAVAGGIO;PRESIDENTE CASTELLO BRANCO;6
TRANSPORTADORA KARAVAGGIO;PRESIDENTE CASTELO BRANCO;5
TRANSPORTADORA KARAVAGGIO;PRESIDENTE GETULIO;6
TRANSPORTADORA KARAVAGGIO;PRESIDENTE LUCENA;6
TRANSPORTADORA KARAVAGGIO;PRESIDENTE NEREU;6
TRANSPORTADORA KARAVAGGIO;PRIMEIRO DE MAIO;5
TRANSPORTADORA KARAVAGGIO;PRINCESA;6
TRANSPORTADORA KARAVAGGIO;PROGRESSO;6
TRANSPORTADORA KARAVAGGIO;PROTASIO ALVES;6
TRANSPORTADORA KARAVAGGIO;PRUDENTOPOLIS;5
TRANSPORTADORA KARAVAGGIO;PUTINGA;6
TRANSPORTADORA KARAVAGGIO;QUARAI;6
TRANSPORTADORA KARAVAGGIO;QUARTO CENTENARIO;5
TRANSPORTADORA KARAVAGGIO;QUATIGUA;5
TRANSPORTADORA KARAVAGGIO;QUATRO BARRAS;3
TRANSPORTADORA KARAVAGGIO;QUATRO IRMAOS;6
TRANSPORTADORA KARAVAGGIO;QUATRO PONTES;5
TRANSPORTADORA KARAVAGGIO;QUEDAS DO IGUACU;5
TRANSPORTADORA KARAVAGGIO;QUERENCIA DO NORTE;5
TRANSPORTADORA KARAVAGGIO;QUEVEDOS;6
TRANSPORTADORA KARAVAGGIO;QUILOMBO;6
TRANSPORTADORA KARAVAGGIO;QUINTA DO SOL;5
TRANSPORTADORA KARAVAGGIO;QUINZE DE NOVEMBRO;7
TRANSPORTADORA KARAVAGGIO;QUITANDINHA;5
TRANSPORTADORA KARAVAGGIO;RAMILANDIA;5
TRANSPORTADORA KARAVAGGIO;RANCHO ALEGRE;5
TRANSPORTADORA KARAVAGGIO;RANCHO ALEGRE D OESTE;5
TRANSPORTADORA KARAVAGGIO;RANCHO QUEIMADO;4
TRANSPORTADORA KARAVAGGIO;REALEZA;5
TRANSPORTADORA KARAVAGGIO;REBOUCAS;5
TRANSPORTADORA KARAVAGGIO;REDENTORA;6
TRANSPORTADORA KARAVAGGIO;RELVADO;6
TRANSPORTADORA KARAVAGGIO;RENASCENCA;5
TRANSPORTADORA KARAVAGGIO;RESERVA;5
TRANSPORTADORA KARAVAGGIO;RESERVA DO IGUACU;5
TRANSPORTADORA KARAVAGGIO;RESTINGA SECA;6
TRANSPORTADORA KARAVAGGIO;RIBEIRAO CLARO;5
TRANSPORTADORA KARAVAGGIO;RIBEIRAO DO PINHAL;5
TRANSPORTADORA KARAVAGGIO;RIO AZUL;5
TRANSPORTADORA KARAVAGGIO;RIO BOM;5
TRANSPORTADORA KARAVAGGIO;RIO BONITO DO IGUACU;5
TRANSPORTADORA KARAVAGGIO;RIO BRANCO DO IVAI;5
TRANSPORTADORA KARAVAGGIO;RIO BRANCO DO SUL;3
TRANSPORTADORA KARAVAGGIO;RIO DAS ANTAS;6
TRANSPORTADORA KARAVAGGIO;RIO DO CAMPO;6
TRANSPORTADORA KARAVAGGIO;RIO DO OESTE;6
TRANSPORTADORA KARAVAGGIO;RIO DO SUL;6
TRANSPORTADORA KARAVAGGIO;RIO DOS CEDROS;6
TRANSPORTADORA KARAVAGGIO;RIO DOS INDIOS;6
TRANSPORTADORA KARAVAGGIO;RIO FORTUNA;6
TRANSPORTADORA KARAVAGGIO;RIO GRANDE;6
TRANSPORTADORA KARAVAGGIO;RIO NEGRINHO;6
TRANSPORTADORA KARAVAGGIO;RIO NEGRO;5
TRANSPORTADORA KARAVAGGIO;RIO PARDO;6
TRANSPORTADORA KARAVAGGIO;RIO RUFINO;6
TRANSPORTADORA KARAVAGGIO;RIOZINHO;6
TRANSPORTADORA KARAVAGGIO;RIQUEZA;6
TRANSPORTADORA KARAVAGGIO;ROCA SALES;6
TRANSPORTADORA KARAVAGGIO;RODEIO;6
TRANSPORTADORA KARAVAGGIO;RODEIO BONITO;6
TRANSPORTADORA KARAVAGGIO;ROLADOR;6
TRANSPORTADORA KARAVAGGIO;ROLANDIA;5
TRANSPORTADORA KARAVAGGIO;ROLANTE;6
TRANSPORTADORA KARAVAGGIO;ROMELANDIA;6
TRANSPORTADORA KARAVAGGIO;RONCADOR;5
TRANSPORTADORA KARAVAGGIO;RONDA ALTA;6
TRANSPORTADORA KARAVAGGIO;RONDINHA;6
TRANSPORTADORA KARAVAGGIO;RONDON;5
TRANSPORTADORA KARAVAGGIO;ROQUE GONZALES;6
TRANSPORTADORA KARAVAGGIO;ROSARIO DO IVAI;5
TRANSPORTADORA KARAVAGGIO;ROSARIO DO SUL;6
TRANSPORTADORA KARAVAGGIO;SABAUDIA;5
TRANSPORTADORA KARAVAGGIO;SAGRADA FAMILIA;6
TRANSPORTADORA KARAVAGGIO;SALDANHA MARINHO;6
TRANSPORTADORA KARAVAGGIO;SALETE;6
TRANSPORTADORA KARAVAGGIO;SALGADO FILHO;5
TRANSPORTADORA KARAVAGGIO;SALTINHO;6
TRANSPORTADORA KARAVAGGIO;SALTO DO ITARARE;5
TRANSPORTADORA KARAVAGGIO;SALTO DO JACUI;6
TRANSPORTADORA KARAVAGGIO;SALTO DO LONTRA;5
TRANSPORTADORA KARAVAGGIO;SALTO VELOSO;6
TRANSPORTADORA KARAVAGGIO;SALVADOR DAS MISSOES;6
TRANSPORTADORA KARAVAGGIO;SALVADOR DO SUL;6
TRANSPORTADORA KARAVAGGIO;SANANDUVA;6
TRANSPORTADORA KARAVAGGIO;SANGAO;6
TRANSPORTADORA KARAVAGGIO;SANTA AMELIA;5
TRANSPORTADORA KARAVAGGIO;SANTA BARBARA DO SUL;6
TRANSPORTADORA KARAVAGGIO;SANTA CECILIA;6
TRANSPORTADORA KARAVAGGIO;SANTA CECILIA DO PAVAO;5
TRANSPORTADORA KARAVAGGIO;SANTA CECILIA DO SUL;6
TRANSPORTADORA KARAVAGGIO;SANTA CLARA DO SUL;6
TRANSPORTADORA KARAVAGGIO;SANTA CRUZ DE MONTE CASTELO;5
TRANSPORTADORA KARAVAGGIO;SANTA CRUZ DO SUL;6
TRANSPORTADORA KARAVAGGIO;SANTA FE;5
TRANSPORTADORA KARAVAGGIO;SANTA HELENA;5
TRANSPORTADORA KARAVAGGIO;SANTA INES;5
TRANSPORTADORA KARAVAGGIO;SANTA ISABEL DO IVAI;6
TRANSPORTADORA KARAVAGGIO;Santa Isabel do Ivaí;5
TRANSPORTADORA KARAVAGGIO;SANTA IZABEL DO OESTE;5
TRANSPORTADORA KARAVAGGIO;SANTA LUCIA;5
TRANSPORTADORA KARAVAGGIO;SANTA MARGARIDA DO SUL;6
TRANSPORTADORA KARAVAGGIO;SANTA MARIA;6
TRANSPORTADORA KARAVAGGIO;SANTA MARIA DO HERVAL;6
TRANSPORTADORA KARAVAGGIO;SANTA MARIA DO OESTE;5
TRANSPORTADORA KARAVAGGIO;SANTA MARIANA;5
TRANSPORTADORA KARAVAGGIO;SANTA MONICA;5
TRANSPORTADORA KARAVAGGIO;SANTA ROSA;6
TRANSPORTADORA KARAVAGGIO;SANTA ROSA DE LIMA;6
TRANSPORTADORA KARAVAGGIO;SANTA ROSA DO SUL;6
TRANSPORTADORA KARAVAGGIO;SANTA TEREZA;6
TRANSPORTADORA KARAVAGGIO;SANTA TEREZA DO OESTE;5
TRANSPORTADORA KARAVAGGIO;SANTA TEREZINHA;6
TRANSPORTADORA KARAVAGGIO;SANTA TEREZINHA DE ITAIPU;5
TRANSPORTADORA KARAVAGGIO;SANTA TEREZINHA DO PROGRESSO;6
TRANSPORTADORA KARAVAGGIO;SANTA VITORIA DO PALMAR;6
TRANSPORTADORA KARAVAGGIO;SANTANA DA BOA VISTA;6
TRANSPORTADORA KARAVAGGIO;SANTANA DO ITARARE;5
TRANSPORTADORA KARAVAGGIO;SANTANA DO LIVRAMENTO;6
TRANSPORTADORA KARAVAGGIO;Sant'Ana do Livramento;6
TRANSPORTADORA KARAVAGGIO;SANTIAGO;6
TRANSPORTADORA KARAVAGGIO;SANTIAGO DO SUL;6
TRANSPORTADORA KARAVAGGIO;SANTO AMARO DA IMPERATRIZ;4
TRANSPORTADORA KARAVAGGIO;SANTO ANGELO;6
TRANSPORTADORA KARAVAGGIO;Santo Ângelo;6
TRANSPORTADORA KARAVAGGIO;SANTO ANTONIO DA PATRULHA;6
TRANSPORTADORA KARAVAGGIO;Santo Antônio da Platina;5
TRANSPORTADORA KARAVAGGIO;SANTO ANTONIO DAS MISSOES;6
TRANSPORTADORA KARAVAGGIO;SANTO ANTONIO DO CAIUA;5
TRANSPORTADORA KARAVAGGIO;SANTO ANTONIO DO PALMA;6
TRANSPORTADORA KARAVAGGIO;SANTO ANTONIO DO PARAISO;5
TRANSPORTADORA KARAVAGGIO;SANTO ANTONIO DO PLANALTO;6
TRANSPORTADORA KARAVAGGIO;SANTO ANTONIO DO SUDOESTE;5
TRANSPORTADORA KARAVAGGIO;SANTO AUGUSTO;6
TRANSPORTADORA KARAVAGGIO;SANTO CRISTO;6
TRANSPORTADORA KARAVAGGIO;SANTO EXPEDITO DO SUL;6
TRANSPORTADORA KARAVAGGIO;SANTO INACIO;5
TRANSPORTADORA KARAVAGGIO;SAO BENTO DO SUL;6
TRANSPORTADORA KARAVAGGIO;SAO BERNARDINO;6
TRANSPORTADORA KARAVAGGIO;SAO BONIFACIO;4
TRANSPORTADORA KARAVAGGIO;SAO BORJA;6
TRANSPORTADORA KARAVAGGIO;SAO CARLOS;6
TRANSPORTADORA KARAVAGGIO;SAO CARLOS DO IVAI;5
TRANSPORTADORA KARAVAGGIO;SAO CRISTOVAO DO SUL;6
TRANSPORTADORA KARAVAGGIO;SAO DOMINGOS;6
TRANSPORTADORA KARAVAGGIO;SAO DOMINGOS DO SUL;6
TRANSPORTADORA KARAVAGGIO;SAO FRANCISCO DE ASSIS;6
TRANSPORTADORA KARAVAGGIO;SAO FRANCISCO DE PAULA;6
TRANSPORTADORA KARAVAGGIO;SAO FRANCISCO DO SUL;6
TRANSPORTADORA KARAVAGGIO;SAO GABRIEL;6
TRANSPORTADORA KARAVAGGIO;SAO JERONIMO;6
TRANSPORTADORA KARAVAGGIO;SAO JERONIMO DA SERRA;5
TRANSPORTADORA KARAVAGGIO;SAO JOAO;5
TRANSPORTADORA KARAVAGGIO;SAO JOAO BATISTA;6
TRANSPORTADORA KARAVAGGIO;SAO JOAO DA URTIGA;6
TRANSPORTADORA KARAVAGGIO;SAO JOAO DO CAIUA;5
TRANSPORTADORA KARAVAGGIO;SAO JOAO DO ITAPERIU;6
TRANSPORTADORA KARAVAGGIO;SAO JOAO DO IVAI;5
TRANSPORTADORA KARAVAGGIO;SAO JOAO DO OESTE;6
TRANSPORTADORA KARAVAGGIO;SAO JOAO DO POLESINE;6
TRANSPORTADORA KARAVAGGIO;SAO JOAO DO SUL;6
TRANSPORTADORA KARAVAGGIO;SAO JOAO DO TRIUNFO;5
TRANSPORTADORA KARAVAGGIO;SAO JOAQUIM;6
TRANSPORTADORA KARAVAGGIO;SAO JORGE;6
TRANSPORTADORA KARAVAGGIO;SAO JORGE D OESTE;5
TRANSPORTADORA KARAVAGGIO;SAO JORGE DO IVAI;5
TRANSPORTADORA KARAVAGGIO;SAO JORGE DO PATROCINIO;5
TRANSPORTADORA KARAVAGGIO;São José;4
TRANSPORTADORA KARAVAGGIO;SAO JOSE DA BOA VISTA;5
TRANSPORTADORA KARAVAGGIO;SÃO JOSÉ DA BOA VISTA;6
TRANSPORTADORA KARAVAGGIO;SAO JOSE DAS MISSOES;6
TRANSPORTADORA KARAVAGGIO;SÃO JOSÉ DAS MISSOES;6
TRANSPORTADORA KARAVAGGIO;SAO JOSE DAS PALMEIRAS;5
TRANSPORTADORA KARAVAGGIO;SÃO JOSÉ DAS PALMEIRAS;6
TRANSPORTADORA KARAVAGGIO;SAO JOSE DO CEDRO;6
TRANSPORTADORA KARAVAGGIO;SÃO JOSÉ DO CEDRO;6
TRANSPORTADORA KARAVAGGIO;SAO JOSE DO CERRITO;6
TRANSPORTADORA KARAVAGGIO;SAO JOSE DO HERVAL;6
TRANSPORTADORA KARAVAGGIO;SÃO JOSÉ DO HERVAL;6
TRANSPORTADORA KARAVAGGIO;SAO JOSE DO HORTENCIO;6
TRANSPORTADORA KARAVAGGIO;SÃO JOSÉ DO HORTENCIO;6
TRANSPORTADORA KARAVAGGIO;SAO JOSE DO INHACORA;6
TRANSPORTADORA KARAVAGGIO;SÃO JOSÉ DO INHACORA;6
TRANSPORTADORA KARAVAGGIO;SAO JOSE DO NORTE;6
TRANSPORTADORA KARAVAGGIO;SÃO JOSÉ DO NORTE;6
TRANSPORTADORA KARAVAGGIO;SAO JOSE DO OURO;6
TRANSPORTADORA KARAVAGGIO;SÃO JOSÉ DO OURO;6
TRANSPORTADORA KARAVAGGIO;SAO JOSE DO SUL;6
TRANSPORTADORA KARAVAGGIO;SÃO JOSÉ DO SUL;6
TRANSPORTADORA KARAVAGGIO;SAO JOSE DOS AUSENTES;6
TRANSPORTADORA KARAVAGGIO;SÃO JOSÉ DOS AUSENTES;6
TRANSPORTADORA KARAVAGGIO;SAO JOSE DOS PINHAIS;3
TRANSPORTADORA KARAVAGGIO;SÃO JOSÉ DOS PINHAIS;3
TRANSPORTADORA KARAVAGGIO;SÃO JOSÉDO CERRITO;6
TRANSPORTADORA KARAVAGGIO;SAO LEOPOLDO;4
TRANSPORTADORA KARAVAGGIO;São Leopoldo;4
TRANSPORTADORA KARAVAGGIO;SAO LOURENCO DO OESTE;6
TRANSPORTADORA KARAVAGGIO;SAO LOURENCO DO SUL;6
TRANSPORTADORA KARAVAGGIO;SAO LUDGERO;6
TRANSPORTADORA KARAVAGGIO;SAO LUIZ GONZAGA;6
TRANSPORTADORA KARAVAGGIO;SAO MANOEL DO PARANA;5
TRANSPORTADORA KARAVAGGIO;SAO MARCOS;6
TRANSPORTADORA KARAVAGGIO;São Marcos;6
TRANSPORTADORA KARAVAGGIO;SAO MARTINHO;6
TRANSPORTADORA KARAVAGGIO;SAO MARTINHO DA SERRA;6
TRANSPORTADORA KARAVAGGIO;SAO MATEUS DO SUL;5
TRANSPORTADORA KARAVAGGIO;SAO MIGUEL DA BOA VISTA;6
TRANSPORTADORA KARAVAGGIO;SAO MIGUEL DAS MISSOES;6
TRANSPORTADORA KARAVAGGIO;SAO MIGUEL DO IGUACU;5
TRANSPORTADORA KARAVAGGIO;SAO MIGUEL DO OESTE;6
TRANSPORTADORA KARAVAGGIO;SAO NICOLAU;6
TRANSPORTADORA KARAVAGGIO;SAO PAULO DAS MISSOES;6
TRANSPORTADORA KARAVAGGIO;SAO PEDRO DA SERRA;6
TRANSPORTADORA KARAVAGGIO;SAO PEDRO DAS MISSOES;6
TRANSPORTADORA KARAVAGGIO;SAO PEDRO DE ALCANTARA;4
TRANSPORTADORA KARAVAGGIO;SAO PEDRO DO BUTIA;6
TRANSPORTADORA KARAVAGGIO;SAO PEDRO DO IGUACU;5
TRANSPORTADORA KARAVAGGIO;SAO PEDRO DO IVAI;5
TRANSPORTADORA KARAVAGGIO;SAO PEDRO DO PARANA;5
TRANSPORTADORA KARAVAGGIO;SAO PEDRO DO SUL;6
TRANSPORTADORA KARAVAGGIO;SAO SEBASTIAO DA AMOREIRA;5
TRANSPORTADORA KARAVAGGIO;SAO SEBASTIAO DO CAI;6
TRANSPORTADORA KARAVAGGIO;SAO SEPE;6
TRANSPORTADORA KARAVAGGIO;SAO TOME;5
TRANSPORTADORA KARAVAGGIO;SAO VALENTIM;6
TRANSPORTADORA KARAVAGGIO;SAO VALENTIM DO SUL;6
TRANSPORTADORA KARAVAGGIO;SAO VALERIO DO SUL;6
TRANSPORTADORA KARAVAGGIO;SAO VENDELINO;6
TRANSPORTADORA KARAVAGGIO;SAO VICENTE DO SUL;6
TRANSPORTADORA KARAVAGGIO;SAPIRANGA;4
TRANSPORTADORA KARAVAGGIO;SAPOPEMA;5
TRANSPORTADORA KARAVAGGIO;SAPUCAIA DO SUL;4
TRANSPORTADORA KARAVAGGIO;SARANDI;5
TRANSPORTADORA KARAVAGGIO;SAUDADE DO IGUACU;5
TRANSPORTADORA KARAVAGGIO;SAUDADES;6
TRANSPORTADORA KARAVAGGIO;SCHROEDER;6
TRANSPORTADORA KARAVAGGIO;SEARA;6
TRANSPORTADORA KARAVAGGIO;SEBERI;6
TRANSPORTADORA KARAVAGGIO;SEDE NOVA;6
TRANSPORTADORA KARAVAGGIO;SEGREDO;6
TRANSPORTADORA KARAVAGGIO;SELBACH;6
TRANSPORTADORA KARAVAGGIO;SENADOR SALGADO FILHO;6
TRANSPORTADORA KARAVAGGIO;SENGES;5
TRANSPORTADORA KARAVAGGIO;SENTINELA DO SUL;6
TRANSPORTADORA KARAVAGGIO;SERAFINA CORREA;6
TRANSPORTADORA KARAVAGGIO;SERIO;6
TRANSPORTADORA KARAVAGGIO;SERRA ALTA;6
TRANSPORTADORA KARAVAGGIO;SERRANOPOLIS DO IGUACU;5
TRANSPORTADORA KARAVAGGIO;SERTANEJA;5
TRANSPORTADORA KARAVAGGIO;SERTANOPOLIS;5
TRANSPORTADORA KARAVAGGIO;SERTAO;6
TRANSPORTADORA KARAVAGGIO;SERTAO SANTANA;6
TRANSPORTADORA KARAVAGGIO;SETE DE SETEMBRO;6
TRANSPORTADORA KARAVAGGIO;SEVERIANO DE ALMEIDA;6
TRANSPORTADORA KARAVAGGIO;SIDEROPOLIS;6
TRANSPORTADORA KARAVAGGIO;SILVEIRA MARTINS;6
TRANSPORTADORA KARAVAGGIO;SINIMBU;6
TRANSPORTADORA KARAVAGGIO;SIQUEIRA CAMPOS;5
TRANSPORTADORA KARAVAGGIO;SOBRADINHO;6
TRANSPORTADORA KARAVAGGIO;SOLEDADE;6
TRANSPORTADORA KARAVAGGIO;SOMBRIO;6
TRANSPORTADORA KARAVAGGIO;SUL BRASIL;6
TRANSPORTADORA KARAVAGGIO;SULINA;5
TRANSPORTADORA KARAVAGGIO;TABAI;6
TRANSPORTADORA KARAVAGGIO;TAIO;6
TRANSPORTADORA KARAVAGGIO;TAMARANA;5
TRANSPORTADORA KARAVAGGIO;TAMBOARA;5
TRANSPORTADORA KARAVAGGIO;TANGARA;6
TRANSPORTADORA KARAVAGGIO;TAPEJARA;5
TRANSPORTADORA KARAVAGGIO;TAPERA;6
TRANSPORTADORA KARAVAGGIO;TAPES;6
TRANSPORTADORA KARAVAGGIO;TAPIRA;5
TRANSPORTADORA KARAVAGGIO;TAQUARA;6
TRANSPORTADORA KARAVAGGIO;TAQUARI;6
TRANSPORTADORA KARAVAGGIO;TAQUARUCU DO SUL;6
TRANSPORTADORA KARAVAGGIO;TAVARES;6
TRANSPORTADORA KARAVAGGIO;TEIXEIRA SOARES;5
TRANSPORTADORA KARAVAGGIO;TELEMACO BORBA;5
TRANSPORTADORA KARAVAGGIO;TENENTE PORTELA;6
TRANSPORTADORA KARAVAGGIO;TERRA BOA;5
TRANSPORTADORA KARAVAGGIO;TERRA DE AREIA;6
TRANSPORTADORA KARAVAGGIO;TERRA RICA;5
TRANSPORTADORA KARAVAGGIO;TERRA ROXA;5
TRANSPORTADORA KARAVAGGIO;TEUTONIA;6
TRANSPORTADORA KARAVAGGIO;TIBAGI;5
TRANSPORTADORA KARAVAGGIO;TIGRINHOS;6
TRANSPORTADORA KARAVAGGIO;TIJUCAS;6
TRANSPORTADORA KARAVAGGIO;TIJUCAS DO SUL;5
TRANSPORTADORA KARAVAGGIO;TIMBE DO SUL;6
TRANSPORTADORA KARAVAGGIO;TIMBO;6
TRANSPORTADORA KARAVAGGIO;TIMBO GRANDE;6
TRANSPORTADORA KARAVAGGIO;TIO HUGO;6
TRANSPORTADORA KARAVAGGIO;TIRADENTES DO SUL;6
TRANSPORTADORA KARAVAGGIO;TOLEDO;5
TRANSPORTADORA KARAVAGGIO;TOMAZINA;5
TRANSPORTADORA KARAVAGGIO;TOROPI;6
TRANSPORTADORA KARAVAGGIO;TORRES;6
TRANSPORTADORA KARAVAGGIO;TRAMANDAI;6
TRANSPORTADORA KARAVAGGIO;TRAVESSEIRO;6
TRANSPORTADORA KARAVAGGIO;TRES ARROIOS;6
TRANSPORTADORA KARAVAGGIO;TRES BARRAS;6
TRANSPORTADORA KARAVAGGIO;TRES BARRAS DO PARANA;5
TRANSPORTADORA KARAVAGGIO;TRES CACHOEIRAS;6
TRANSPORTADORA KARAVAGGIO;TRES COROAS;6
TRANSPORTADORA KARAVAGGIO;TRES DE MAIO;6
TRANSPORTADORA KARAVAGGIO;TRES FORQUILHAS;6
TRANSPORTADORA KARAVAGGIO;TRES PALMEIRAS;6
TRANSPORTADORA KARAVAGGIO;TRES PASSOS;6
TRANSPORTADORA KARAVAGGIO;TREVISO;6
TRANSPORTADORA KARAVAGGIO;TREZE DE MAIO;6
TRANSPORTADORA KARAVAGGIO;TREZE TILIAS;6
TRANSPORTADORA KARAVAGGIO;TRINDADE DO SUL;6
TRANSPORTADORA KARAVAGGIO;TRIUNFO;6
TRANSPORTADORA KARAVAGGIO;TROMBUDO CENTRAL;6
TRANSPORTADORA KARAVAGGIO;TUBARAO;6
TRANSPORTADORA KARAVAGGIO;TUCUNDUVA;6
TRANSPORTADORA KARAVAGGIO;TUNAPOLIS;6
TRANSPORTADORA KARAVAGGIO;TUNAS;6
TRANSPORTADORA KARAVAGGIO;TUNAS DO PARANA;5
TRANSPORTADORA KARAVAGGIO;TUNEIRAS DO OESTE;5
TRANSPORTADORA KARAVAGGIO;TUPANCI DO SUL;6
TRANSPORTADORA KARAVAGGIO;TUPANCIRETA;6
TRANSPORTADORA KARAVAGGIO;TUPANDI;6
TRANSPORTADORA KARAVAGGIO;TUPARENDI;6
TRANSPORTADORA KARAVAGGIO;TUPASSI;5
TRANSPORTADORA KARAVAGGIO;TURUCU;6
TRANSPORTADORA KARAVAGGIO;TURVO;5
TRANSPORTADORA KARAVAGGIO;UBIRATA;5
TRANSPORTADORA KARAVAGGIO;UBIRETAMA;6
TRANSPORTADORA KARAVAGGIO;UMUARAMA;5
TRANSPORTADORA KARAVAGGIO;UNIAO DA SERRA;6
TRANSPORTADORA KARAVAGGIO;UNIAO DA VITORIA;5
TRANSPORTADORA KARAVAGGIO;UNIAO DO OESTE;6
TRANSPORTADORA KARAVAGGIO;UNIFLOR;5
TRANSPORTADORA KARAVAGGIO;UNISTALDA;6
TRANSPORTADORA KARAVAGGIO;URAI;5
TRANSPORTADORA KARAVAGGIO;URUBICI;6
TRANSPORTADORA KARAVAGGIO;URUGUAIANA;6
TRANSPORTADORA KARAVAGGIO;URUPEMA;6
TRANSPORTADORA KARAVAGGIO;URUSSANGA;6
TRANSPORTADORA KARAVAGGIO;VACARIA;6
TRANSPORTADORA KARAVAGGIO;VALE DO SOL;6
TRANSPORTADORA KARAVAGGIO;VALE REAL;6
TRANSPORTADORA KARAVAGGIO;VALE VERDE;6
TRANSPORTADORA KARAVAGGIO;VANINI;6
TRANSPORTADORA KARAVAGGIO;VARGEAO;6
TRANSPORTADORA KARAVAGGIO;VARGEM;6
TRANSPORTADORA KARAVAGGIO;VARGEM BONITA;6
TRANSPORTADORA KARAVAGGIO;VENANCIO AIRES;6
TRANSPORTADORA KARAVAGGIO;VENTANIA;5
TRANSPORTADORA KARAVAGGIO;VERA CRUZ;6
TRANSPORTADORA KARAVAGGIO;VERA CRUZ DO OESTE;5
TRANSPORTADORA KARAVAGGIO;VERANOPOLIS;6
TRANSPORTADORA KARAVAGGIO;VERE;5
TRANSPORTADORA KARAVAGGIO;VESPASIANO CORREA;6
TRANSPORTADORA KARAVAGGIO;VIADUTOS;6
TRANSPORTADORA KARAVAGGIO;VIAMAO;4
TRANSPORTADORA KARAVAGGIO;VIAMÃO;4
TRANSPORTADORA KARAVAGGIO;VICENTE DUTRA;6
TRANSPORTADORA KARAVAGGIO;VICTOR GRAEFF;6
TRANSPORTADORA KARAVAGGIO;VIDAL RAMOS;6
TRANSPORTADORA KARAVAGGIO;VIDEIRA;6
TRANSPORTADORA KARAVAGGIO;VILA FLORES;6
TRANSPORTADORA KARAVAGGIO;VILA LANGARO;6
TRANSPORTADORA KARAVAGGIO;VILA MARIA;6
TRANSPORTADORA KARAVAGGIO;VILA NOVA DO SUL;6
TRANSPORTADORA KARAVAGGIO;VIRMOND;5
TRANSPORTADORA KARAVAGGIO;VISTA ALEGRE;6
TRANSPORTADORA KARAVAGGIO;VISTA ALEGRE DO PRATA;6
TRANSPORTADORA KARAVAGGIO;VISTA GAUCHA;6
TRANSPORTADORA KARAVAGGIO;VITOR MEIRELES;6
TRANSPORTADORA KARAVAGGIO;VITORIA DAS MISSOES;6
TRANSPORTADORA KARAVAGGIO;VITORINO;5
TRANSPORTADORA KARAVAGGIO;WENCESLAU BRAZ;5
TRANSPORTADORA KARAVAGGIO;WESTFALIA;6
TRANSPORTADORA KARAVAGGIO;WITMARSUM;6
TRANSPORTADORA KARAVAGGIO;XAMBRE;5
TRANSPORTADORA KARAVAGGIO;XANGRI LA;6
TRANSPORTADORA KARAVAGGIO;XANGRI-LA;6
TRANSPORTADORA KARAVAGGIO;XANXERE;6
TRANSPORTADORA KARAVAGGIO;XAVANTINA;6
TRANSPORTADORA KARAVAGGIO;XAXIM;6
TRANSPORTADORA KARAVAGGIO;ZORTEA;6
AGIL EXPRESS;Coroatá;25
AGIL EXPRESS;Davinópolis;25
AGIL EXPRESS;Imperatriz;25
AGIL EXPRESS;São Luís;25
RORAIMA LOGISTICA;Anápolis;5
RORAIMA LOGISTICA;Araguaína;5
RORAIMA LOGISTICA;Brasília;5
RORAIMA LOGISTICA;Campo Grande;5
RORAIMA LOGISTICA;Dourados;5
RORAIMA LOGISTICA;Goiânia;5
RORAIMA LOGISTICA;Palmas;5
RORAIMA LOGISTICA;Três Lagoas;5
RORAIMA LOGISTICA;Valparaíso de Goiás;5
RORAIMA LOGISTICA;Aparecida de Goiânia;7
RORAIMA LOGISTICA;Rio Verde;7
RORAIMA LOGISTICA;Paraíso do Tocantins;7
RORAIMA LOGISTICA;Santana do Araguaia;7
RORAIMA LOGISTICA;Cruzeiro do Sul;7
LOTUS LOGISTICA;Arujá;3
LOTUS LOGISTICA;Barueri;3
LOTUS LOGISTICA;Biritiba-Mirim;3
LOTUS LOGISTICA;Caieiras;3
LOTUS LOGISTICA;Cajamar;3
LOTUS LOGISTICA;Carapicuíba;3
LOTUS LOGISTICA;Cotia;3
LOTUS LOGISTICA;Diadema;3
LOTUS LOGISTICA;Embu das Artes;3
LOTUS LOGISTICA;Embu-Guaçu;3
LOTUS LOGISTICA;Ferraz de Vasconcelos;3
LOTUS LOGISTICA;Francisco Morato;3
LOTUS LOGISTICA;Franco da Rocha;3
LOTUS LOGISTICA;Guararema;3
LOTUS LOGISTICA;Guarulhos;3
LOTUS LOGISTICA;Itapecerica da Serra;3
LOTUS LOGISTICA;Itapevi;3
LOTUS LOGISTICA;Itaquaquecetuba;3
LOTUS LOGISTICA;Jandira;3
LOTUS LOGISTICA;Juquitiba;3
LOTUS LOGISTICA;Mairiporã;3
LOTUS LOGISTICA;Mauá;3
LOTUS LOGISTICA;Mogi das Cruzes;3
LOTUS LOGISTICA;Osasco;3
LOTUS LOGISTICA;Pirapora do Bom Jesus;3
LOTUS LOGISTICA;Poá;3
LOTUS LOGISTICA;Ribeirão Pires;3
LOTUS LOGISTICA;Rio Grande da Serra;3
LOTUS LOGISTICA;Salesópolis;3
LOTUS LOGISTICA;Santa Isabel;3
LOTUS LOGISTICA;Santana de Parnaíba;3
LOTUS LOGISTICA;Santo André;3
LOTUS LOGISTICA;São Bernardo do Campo;3
LOTUS LOGISTICA;São Caetano do Sul;3
LOTUS LOGISTICA;São Lourenço da Serra;3
LOTUS LOGISTICA;São Paulo;3
LOTUS LOGISTICA;Suzano;3
LOTUS LOGISTICA;Taboão da Serra;3
LOTUS LOGISTICA;Vargem Grande Paulista;3
L.P.R;Arujá;3
L.P.R;Barueri;3
L.P.R;Biritiba-Mirim;3
L.P.R;Caieiras;3
L.P.R;Cajamar;3
L.P.R;Carapicuíba;3
L.P.R;Cotia;3
L.P.R;Diadema;3
L.P.R;Embu das Artes;3
L.P.R;Embu-Guaçu;3
L.P.R;Ferraz de Vasconcelos;3
L.P.R;Francisco Morato;3
L.P.R;Franco da Rocha;3
L.P.R;Guararema;3
L.P.R;Guarulhos;3
L.P.R;Itapecerica da Serra;3
L.P.R;Itapevi;3
L.P.R;Itaquaquecetuba;3
L.P.R;Jandira;3
L.P.R;Juquitiba;3
L.P.R;Mairiporã;3
L.P.R;Mauá;3
L.P.R;Mogi das Cruzes;3
L.P.R;Osasco;3
L.P.R;Pirapora do Bom Jesus;3
L.P.R;Poá;3
L.P.R;Ribeirão Pires;3
L.P.R;Rio Grande da Serra;3
L.P.R;Salesópolis;3
L.P.R;Santa Isabel;3
L.P.R;Santana de Parnaíba;3
L.P.R;Santo André;3
L.P.R;São Bernardo do Campo;3
L.P.R;São Caetano do Sul;3
L.P.R;São Lourenço da Serra;3
L.P.R;São Paulo;3
L.P.R;Suzano;3
L.P.R;Taboão da Serra;3
L.P.R;Vargem Grande Paulista;3
AGREGADOS / ENTREGAS DIRETAS;Arujá;3
AGREGADOS / ENTREGAS DIRETAS;Barueri;3
AGREGADOS / ENTREGAS DIRETAS;Biritiba-Mirim;3
AGREGADOS / ENTREGAS DIRETAS;Caieiras;3
AGREGADOS / ENTREGAS DIRETAS;Cajamar;3
AGREGADOS / ENTREGAS DIRETAS;Carapicuíba;3
AGREGADOS / ENTREGAS DIRETAS;Cotia;3
AGREGADOS / ENTREGAS DIRETAS;Diadema;3
AGREGADOS / ENTREGAS DIRETAS;Embu das Artes;3
AGREGADOS / ENTREGAS DIRETAS;Embu-Guaçu;3
AGREGADOS / ENTREGAS DIRETAS;Ferraz de Vasconcelos;3
AGREGADOS / ENTREGAS DIRETAS;Francisco Morato;3
AGREGADOS / ENTREGAS DIRETAS;Franco da Rocha;3
AGREGADOS / ENTREGAS DIRETAS;Guararema;3
AGREGADOS / ENTREGAS DIRETAS;Guarulhos;3
AGREGADOS / ENTREGAS DIRETAS;Itapecerica da Serra;3
AGREGADOS / ENTREGAS DIRETAS;Itapevi;3
AGREGADOS / ENTREGAS DIRETAS;Itaquaquecetuba;3
AGREGADOS / ENTREGAS DIRETAS;Jandira;3
AGREGADOS / ENTREGAS DIRETAS;Juquitiba;3
AGREGADOS / ENTREGAS DIRETAS;Mairiporã;3
AGREGADOS / ENTREGAS DIRETAS;Mauá;3
AGREGADOS / ENTREGAS DIRETAS;Mogi das Cruzes;3
AGREGADOS / ENTREGAS DIRETAS;Osasco;3
AGREGADOS / ENTREGAS DIRETAS;Pirapora do Bom Jesus;3
AGREGADOS / ENTREGAS DIRETAS;Poá;3
AGREGADOS / ENTREGAS DIRETAS;Ribeirão Pires;3
AGREGADOS / ENTREGAS DIRETAS;Rio Grande da Serra;3
AGREGADOS / ENTREGAS DIRETAS;Salesópolis;3
AGREGADOS / ENTREGAS DIRETAS;Santa Isabel;3
AGREGADOS / ENTREGAS DIRETAS;Santana de Parnaíba;3
AGREGADOS / ENTREGAS DIRETAS;Santo André;3
AGREGADOS / ENTREGAS DIRETAS;São Bernardo do Campo;3
AGREGADOS / ENTREGAS DIRETAS;São Caetano do Sul;3
AGREGADOS / ENTREGAS DIRETAS;São Lourenço da Serra;3
AGREGADOS / ENTREGAS DIRETAS;São Paulo;3
AGREGADOS / ENTREGAS DIRETAS;Suzano;3
AGREGADOS / ENTREGAS DIRETAS;Taboão da Serra;3
AGREGADOS / ENTREGAS DIRETAS;Vargem Grande Paulista;3
AGREGADOS / ENTREGAS DIRETAS;Americana;3
AGREGADOS / ENTREGAS DIRETAS;Brasília;3
AGREGADOS / ENTREGAS DIRETAS;Cabreúva;3
AGREGADOS / ENTREGAS DIRETAS;Campinas;3
AGREGADOS / ENTREGAS DIRETAS;Capela do Alto;3
AGREGADOS / ENTREGAS DIRETAS;Cruzeiro;3
AGREGADOS / ENTREGAS DIRETAS;Indaiatuba;3
AGREGADOS / ENTREGAS DIRETAS;Itaberá;3
AGREGADOS / ENTREGAS DIRETAS;Itararé;3
AGREGADOS / ENTREGAS DIRETAS;Itu;3
AGREGADOS / ENTREGAS DIRETAS;Jacareí;3
AGREGADOS / ENTREGAS DIRETAS;Jaú;3
AGREGADOS / ENTREGAS DIRETAS;Juiz de Fora;3
AGREGADOS / ENTREGAS DIRETAS;Jundiaí;3
AGREGADOS / ENTREGAS DIRETAS;Monte Mor;3
AGREGADOS / ENTREGAS DIRETAS;Nova Odessa;3
AGREGADOS / ENTREGAS DIRETAS;Piracicaba;3
AGREGADOS / ENTREGAS DIRETAS;Porto Alegre;3
AGREGADOS / ENTREGAS DIRETAS;Praia Grande;3
AGREGADOS / ENTREGAS DIRETAS;Rio de Janeiro;3
AGREGADOS / ENTREGAS DIRETAS;Santa Bárbara d'Oeste;3
AGREGADOS / ENTREGAS DIRETAS;Santos;3
AGREGADOS / ENTREGAS DIRETAS;São Vicente;3
AGREGADOS / ENTREGAS DIRETAS;Serra Negra;3
AGREGADOS / ENTREGAS DIRETAS;Sorocaba;3
AGREGADOS / ENTREGAS DIRETAS;Valinhos;3
AGREGADOS / ENTREGAS DIRETAS;Vargem Grande Paulista;3
AGREGADOS / ENTREGAS DIRETAS;Votorantim;3
EXPRESSO RODOMINAS;Baldim;3
EXPRESSO RODOMINAS;Belo Horizonte;3
EXPRESSO RODOMINAS;Betim;3
EXPRESSO RODOMINAS;Brumadinho;3
EXPRESSO RODOMINAS;Caeté;3
EXPRESSO RODOMINAS;Capim Branco;3
EXPRESSO RODOMINAS;Confins;3
EXPRESSO RODOMINAS;Contagem;3
EXPRESSO RODOMINAS;Esmeraldas;3
EXPRESSO RODOMINAS;Florestal;3
EXPRESSO RODOMINAS;Ibirité;3
EXPRESSO RODOMINAS;Igarapé;3
EXPRESSO RODOMINAS;Itaguara;3
EXPRESSO RODOMINAS;Itatiaiuçu;3
EXPRESSO RODOMINAS;Jaboticatubas;3
EXPRESSO RODOMINAS;Juatuba;3
EXPRESSO RODOMINAS;Lagoa Santa;3
EXPRESSO RODOMINAS;Mário Campos;3
EXPRESSO RODOMINAS;Mateus Leme;3
EXPRESSO RODOMINAS;Matozinhos;3
EXPRESSO RODOMINAS;Nova Lima;3
EXPRESSO RODOMINAS;Nova União;3
EXPRESSO RODOMINAS;Pedro Leopoldo;3
EXPRESSO RODOMINAS;Raposos;3
EXPRESSO RODOMINAS;Ribeirão das Neves;3
EXPRESSO RODOMINAS;Rio Acima;3
EXPRESSO RODOMINAS;Rio Manso;3
EXPRESSO RODOMINAS;Sabará;3
EXPRESSO RODOMINAS;Santa Luzia;3
EXPRESSO RODOMINAS;São Joaquim de Bicas;3
EXPRESSO RODOMINAS;São José da Lapa;3
EXPRESSO RODOMINAS;Sarzedo;3
EXPRESSO RODOMINAS;Taquaraçu de Minas;3
EXPRESSO RODOMINAS;Vespasiano;3
EXPRESSO RODOMINAS;Abadia dos Dourados;8
EXPRESSO RODOMINAS;Abaeté;8
EXPRESSO RODOMINAS;Abre Campo;8
EXPRESSO RODOMINAS;Acaiaca;8
EXPRESSO RODOMINAS;Açucena;8
EXPRESSO RODOMINAS;Água Boa;8
EXPRESSO RODOMINAS;Água Comprida;8
EXPRESSO RODOMINAS;Aguanil;8
EXPRESSO RODOMINAS;Águas Formosas;8
EXPRESSO RODOMINAS;Águas Vermelhas;8
EXPRESSO RODOMINAS;Aimorés;8
EXPRESSO RODOMINAS;Aiuruoca;8
EXPRESSO RODOMINAS;Alagoa;8
EXPRESSO RODOMINAS;Albertina;8
EXPRESSO RODOMINAS;Além Paraíba;8
EXPRESSO RODOMINAS;Alfenas;8
EXPRESSO RODOMINAS;Alfredo Vasconcelos;8
EXPRESSO RODOMINAS;Almenara;8
EXPRESSO RODOMINAS;Alpercata;8
EXPRESSO RODOMINAS;Alpinópolis;8
EXPRESSO RODOMINAS;Alterosa;8
EXPRESSO RODOMINAS;Alto Caparaó;8
EXPRESSO RODOMINAS;Alto Jequitibá;8
EXPRESSO RODOMINAS;Alto Rio Doce;8
EXPRESSO RODOMINAS;Alvarenga;8
EXPRESSO RODOMINAS;Alvinópolis;8
EXPRESSO RODOMINAS;Alvorada de Minas;8
EXPRESSO RODOMINAS;Amparo do Serra;8
EXPRESSO RODOMINAS;Andradas;8
EXPRESSO RODOMINAS;Andrelândia;8
EXPRESSO RODOMINAS;Angelândia;8
EXPRESSO RODOMINAS;Antônio Carlos;8
EXPRESSO RODOMINAS;Antônio Dias;8
EXPRESSO RODOMINAS;Antônio Prado de Minas;8
EXPRESSO RODOMINAS;Araçaí;8
EXPRESSO RODOMINAS;Aracitaba;8
EXPRESSO RODOMINAS;Araçuaí;8
EXPRESSO RODOMINAS;Araguari;8
EXPRESSO RODOMINAS;Arantina;8
EXPRESSO RODOMINAS;Araponga;8
EXPRESSO RODOMINAS;Araporã;8
EXPRESSO RODOMINAS;Arapuá;8
EXPRESSO RODOMINAS;Araújos;8
EXPRESSO RODOMINAS;Araxá;8
EXPRESSO RODOMINAS;Arceburgo;8
EXPRESSO RODOMINAS;Arcos;8
EXPRESSO RODOMINAS;Areado;8
EXPRESSO RODOMINAS;Argirita;8
EXPRESSO RODOMINAS;Aricanduva;8
EXPRESSO RODOMINAS;Arinos;8
EXPRESSO RODOMINAS;Astolfo Dutra;8
EXPRESSO RODOMINAS;Ataléia;8
EXPRESSO RODOMINAS;Augusto de Lima;8
EXPRESSO RODOMINAS;Baependi;8
EXPRESSO RODOMINAS;Bambuí;8
EXPRESSO RODOMINAS;Bandeira;8
EXPRESSO RODOMINAS;Bandeira do Sul;8
EXPRESSO RODOMINAS;Barão de Cocais;8
EXPRESSO RODOMINAS;Barão de Monte Alto;8
EXPRESSO RODOMINAS;Barbacena;8
EXPRESSO RODOMINAS;Barra Longa;8
EXPRESSO RODOMINAS;Barroso;8
EXPRESSO RODOMINAS;Bela Vista de Minas;8
EXPRESSO RODOMINAS;Belmiro Braga;8
EXPRESSO RODOMINAS;Belo Oriente;8
EXPRESSO RODOMINAS;Belo Vale;8
EXPRESSO RODOMINAS;Berilo;8
EXPRESSO RODOMINAS;Berizal;8
EXPRESSO RODOMINAS;Bertópolis;8
EXPRESSO RODOMINAS;Bias Fortes;8
EXPRESSO RODOMINAS;Bicas;8
EXPRESSO RODOMINAS;Biquinhas;8
EXPRESSO RODOMINAS;Boa Esperança;8
EXPRESSO RODOMINAS;Bocaina de Minas;8
EXPRESSO RODOMINAS;Bocaiúva;8
EXPRESSO RODOMINAS;Bom Despacho;8
EXPRESSO RODOMINAS;Bom Jardim de Minas;8
EXPRESSO RODOMINAS;Bom Jesus da Penha;8
EXPRESSO RODOMINAS;Bom Jesus do Amparo;8
EXPRESSO RODOMINAS;Bom Jesus do Galho;8
EXPRESSO RODOMINAS;Bom Repouso;8
EXPRESSO RODOMINAS;Bom Sucesso;8
EXPRESSO RODOMINAS;Bonfim;8
EXPRESSO RODOMINAS;Bonfinópolis de Minas;8
EXPRESSO RODOMINAS;Bonito de Minas;8
EXPRESSO RODOMINAS;Borda da Mata;8
EXPRESSO RODOMINAS;Botelhos;8
EXPRESSO RODOMINAS;Botumirim;8
EXPRESSO RODOMINAS;Brás Pires;8
EXPRESSO RODOMINAS;Brasilândia de Minas;8
EXPRESSO RODOMINAS;Brasília de Minas;8
EXPRESSO RODOMINAS;Braúnas;8
EXPRESSO RODOMINAS;Brazópolis;8
EXPRESSO RODOMINAS;Bueno Brandão;8
EXPRESSO RODOMINAS;Buenópolis;8
EXPRESSO RODOMINAS;Bugre;8
EXPRESSO RODOMINAS;Buritis;8
EXPRESSO RODOMINAS;Buritizeiro;8
EXPRESSO RODOMINAS;Cabeceira Grande;8
EXPRESSO RODOMINAS;Cabo Verde;8
EXPRESSO RODOMINAS;Cachoeira da Prata;8
EXPRESSO RODOMINAS;Cachoeira de Minas;8
EXPRESSO RODOMINAS;Cachoeira de Pajeú;8
EXPRESSO RODOMINAS;Cachoeira Dourada;8
EXPRESSO RODOMINAS;Caetanópolis;8
EXPRESSO RODOMINAS;Caiana;8
EXPRESSO RODOMINAS;Cajuri;8
EXPRESSO RODOMINAS;Caldas;8
EXPRESSO RODOMINAS;Camacho;8
EXPRESSO RODOMINAS;Camanducaia;8
EXPRESSO RODOMINAS;Cambuí;8
EXPRESSO RODOMINAS;Cambuquira;8
EXPRESSO RODOMINAS;Campanário;8
EXPRESSO RODOMINAS;Campanha;8
EXPRESSO RODOMINAS;Campestre;8
EXPRESSO RODOMINAS;Campina Verde;8
EXPRESSO RODOMINAS;Campo Azul;8
EXPRESSO RODOMINAS;Campo Belo;8
EXPRESSO RODOMINAS;Campo do Meio;8
EXPRESSO RODOMINAS;Campo Florido;8
EXPRESSO RODOMINAS;Campos Altos;8
EXPRESSO RODOMINAS;Campos Gerais;8
EXPRESSO RODOMINAS;Cana Verde;8
EXPRESSO RODOMINAS;Canaã;8
EXPRESSO RODOMINAS;Canápolis;8
EXPRESSO RODOMINAS;Candeias;8
EXPRESSO RODOMINAS;Cantagalo;8
EXPRESSO RODOMINAS;Caparaó;8
EXPRESSO RODOMINAS;Capela Nova;8
EXPRESSO RODOMINAS;Capelinha;8
EXPRESSO RODOMINAS;Capetinga;8
EXPRESSO RODOMINAS;Capinópolis;8
EXPRESSO RODOMINAS;Capitão Andrade;8
EXPRESSO RODOMINAS;Capitão Enéas;8
EXPRESSO RODOMINAS;Capitólio;8
EXPRESSO RODOMINAS;Caputira;8
EXPRESSO RODOMINAS;Caraí;8
EXPRESSO RODOMINAS;Caranaíba;8
EXPRESSO RODOMINAS;Carandaí;8
EXPRESSO RODOMINAS;Carangola;8
EXPRESSO RODOMINAS;Caratinga;8
EXPRESSO RODOMINAS;Carbonita;8
EXPRESSO RODOMINAS;Careaçu;8
EXPRESSO RODOMINAS;Carlos Chagas;8
EXPRESSO RODOMINAS;Carmésia;8
EXPRESSO RODOMINAS;Carmo da Cachoeira;8
EXPRESSO RODOMINAS;Carmo da Mata;8
EXPRESSO RODOMINAS;Carmo de Minas;8
EXPRESSO RODOMINAS;Carmo do Cajuru;8
EXPRESSO RODOMINAS;Carmo do Paranaíba;8
EXPRESSO RODOMINAS;Carmo do Rio Claro;8
EXPRESSO RODOMINAS;Carmópolis de Minas;8
EXPRESSO RODOMINAS;Carneirinho;8
EXPRESSO RODOMINAS;Carrancas;8
EXPRESSO RODOMINAS;Carvalhópolis;8
EXPRESSO RODOMINAS;Carvalhos;8
EXPRESSO RODOMINAS;Casa Grande;8
EXPRESSO RODOMINAS;Cascalho Rico;8
EXPRESSO RODOMINAS;Cássia;8
EXPRESSO RODOMINAS;Cataguases;8
EXPRESSO RODOMINAS;Catas Altas;8
EXPRESSO RODOMINAS;Catas Altas da Noruega;8
EXPRESSO RODOMINAS;Catuji;8
EXPRESSO RODOMINAS;Catuti;8
EXPRESSO RODOMINAS;Caxambu;8
EXPRESSO RODOMINAS;Cedro do Abaeté;8
EXPRESSO RODOMINAS;Central de Minas;8
EXPRESSO RODOMINAS;Centralina;8
EXPRESSO RODOMINAS;Chácara;8
EXPRESSO RODOMINAS;Chalé;8
EXPRESSO RODOMINAS;Chapada do Norte;8
EXPRESSO RODOMINAS;Chapada Gaúcha;8
EXPRESSO RODOMINAS;Chiador;8
EXPRESSO RODOMINAS;Cipotânea;8
EXPRESSO RODOMINAS;Claraval;8
EXPRESSO RODOMINAS;Claro dos Poções;8
EXPRESSO RODOMINAS;Cláudio;8
EXPRESSO RODOMINAS;Coimbra;8
EXPRESSO RODOMINAS;Coluna;8
EXPRESSO RODOMINAS;Comendador Gomes;8
EXPRESSO RODOMINAS;Comercinho;8
EXPRESSO RODOMINAS;Conceição da Aparecida;8
EXPRESSO RODOMINAS;Conceição da Barra de Minas;8
EXPRESSO RODOMINAS;Conceição das Alagoas;8
EXPRESSO RODOMINAS;Conceição das Pedras;8
EXPRESSO RODOMINAS;Conceição de Ipanema;8
EXPRESSO RODOMINAS;Conceição do Mato Dentro;8
EXPRESSO RODOMINAS;Conceição do Pará;8
EXPRESSO RODOMINAS;Conceição do Rio Verde;8
EXPRESSO RODOMINAS;Conceição dos Ouros;8
EXPRESSO RODOMINAS;Cônego Marinho;8
EXPRESSO RODOMINAS;Congonhal;8
EXPRESSO RODOMINAS;Congonhas;8
EXPRESSO RODOMINAS;Congonhas do Norte;8
EXPRESSO RODOMINAS;Conquista;8
EXPRESSO RODOMINAS;Conselheiro Lafaiete;8
EXPRESSO RODOMINAS;Conselheiro Pena;8
EXPRESSO RODOMINAS;Consolação;8
EXPRESSO RODOMINAS;Coqueiral;8
EXPRESSO RODOMINAS;Coração de Jesus;8
EXPRESSO RODOMINAS;Cordisburgo;8
EXPRESSO RODOMINAS;Cordislândia;8
EXPRESSO RODOMINAS;Corinto;8
EXPRESSO RODOMINAS;Coroaci;8
EXPRESSO RODOMINAS;Coromandel;8
EXPRESSO RODOMINAS;Coronel Fabriciano;8
EXPRESSO RODOMINAS;Coronel Murta;8
EXPRESSO RODOMINAS;Coronel Pacheco;8
EXPRESSO RODOMINAS;Coronel Xavier Chaves;8
EXPRESSO RODOMINAS;Córrego Danta;8
EXPRESSO RODOMINAS;Córrego do Bom Jesus;8
EXPRESSO RODOMINAS;Córrego Fundo;8
EXPRESSO RODOMINAS;Córrego Novo;8
EXPRESSO RODOMINAS;Couto de Magalhães de Minas;8
EXPRESSO RODOMINAS;Crisólita;8
EXPRESSO RODOMINAS;Cristais;8
EXPRESSO RODOMINAS;Cristália;8
EXPRESSO RODOMINAS;Cristiano Otoni;8
EXPRESSO RODOMINAS;Cristina;8
EXPRESSO RODOMINAS;Crucilândia;8
EXPRESSO RODOMINAS;Cruzeiro da Fortaleza;8
EXPRESSO RODOMINAS;Cruzília;8
EXPRESSO RODOMINAS;Cuparaque;8
EXPRESSO RODOMINAS;Curral de Dentro;8
EXPRESSO RODOMINAS;Curvelo;8
EXPRESSO RODOMINAS;Datas;8
EXPRESSO RODOMINAS;Delfim Moreira;8
EXPRESSO RODOMINAS;Delfinópolis;8
EXPRESSO RODOMINAS;Delta;8
EXPRESSO RODOMINAS;Descoberto;8
EXPRESSO RODOMINAS;Desterro de Entre Rios;8
EXPRESSO RODOMINAS;Desterro do Melo;8
EXPRESSO RODOMINAS;Diamantina;8
EXPRESSO RODOMINAS;Diogo de Vasconcelos;8
EXPRESSO RODOMINAS;Dionísio;8
EXPRESSO RODOMINAS;Divinésia;8
EXPRESSO RODOMINAS;Divino;8
EXPRESSO RODOMINAS;Divino das Laranjeiras;8
EXPRESSO RODOMINAS;Divinolândia de Minas;8
EXPRESSO RODOMINAS;Divinópolis;8
EXPRESSO RODOMINAS;Divisa Alegre;8
EXPRESSO RODOMINAS;Divisa Nova;8
EXPRESSO RODOMINAS;Divisópolis;8
EXPRESSO RODOMINAS;Dom Bosco;8
EXPRESSO RODOMINAS;Dom Cavati;8
EXPRESSO RODOMINAS;Dom Joaquim;8
EXPRESSO RODOMINAS;Dom Silvério;8
EXPRESSO RODOMINAS;Dom Viçoso;8
EXPRESSO RODOMINAS;Dona Eusébia;8
EXPRESSO RODOMINAS;Dores de Campos;8
EXPRESSO RODOMINAS;Dores de Guanhães;8
EXPRESSO RODOMINAS;Dores do Indaiá;8
EXPRESSO RODOMINAS;Dores do Turvo;8
EXPRESSO RODOMINAS;Doresópolis;8
EXPRESSO RODOMINAS;Douradoquara;8
EXPRESSO RODOMINAS;Durandé;8
EXPRESSO RODOMINAS;Elói Mendes;8
EXPRESSO RODOMINAS;Engenheiro Caldas;8
EXPRESSO RODOMINAS;Engenheiro Navarro;8
EXPRESSO RODOMINAS;Entre Folhas;8
EXPRESSO RODOMINAS;Entre Rios de Minas;8
EXPRESSO RODOMINAS;Ervália;8
EXPRESSO RODOMINAS;Espera Feliz;8
EXPRESSO RODOMINAS;Espinosa;8
EXPRESSO RODOMINAS;Espírito Santo do Dourado;8
EXPRESSO RODOMINAS;Estiva;8
EXPRESSO RODOMINAS;Estrela Dalva;8
EXPRESSO RODOMINAS;Estrela do Indaiá;8
EXPRESSO RODOMINAS;Estrela do Sul;8
EXPRESSO RODOMINAS;Eugenópolis;8
EXPRESSO RODOMINAS;Ewbank da Câmara;8
EXPRESSO RODOMINAS;Extrema;8
EXPRESSO RODOMINAS;Fama;8
EXPRESSO RODOMINAS;Faria Lemos;8
EXPRESSO RODOMINAS;Felício dos Santos;8
EXPRESSO RODOMINAS;Felisburgo;8
EXPRESSO RODOMINAS;Felixlândia;8
EXPRESSO RODOMINAS;Fernandes Tourinho;8
EXPRESSO RODOMINAS;Ferros;8
EXPRESSO RODOMINAS;Fervedouro;8
EXPRESSO RODOMINAS;Formiga;8
EXPRESSO RODOMINAS;Formoso;8
EXPRESSO RODOMINAS;Fortaleza de Minas;8
EXPRESSO RODOMINAS;Fortuna de Minas;8
EXPRESSO RODOMINAS;Francisco Badaró;8
EXPRESSO RODOMINAS;Francisco Dumont;8
EXPRESSO RODOMINAS;Francisco Sá;8
EXPRESSO RODOMINAS;Franciscópolis;8
EXPRESSO RODOMINAS;Frei Gaspar;8
EXPRESSO RODOMINAS;Frei Inocêncio;8
EXPRESSO RODOMINAS;Frei Lagonegro;8
EXPRESSO RODOMINAS;Fronteira;8
EXPRESSO RODOMINAS;Fronteira dos Vales;8
EXPRESSO RODOMINAS;Fruta de Leite;8
EXPRESSO RODOMINAS;Frutal;8
EXPRESSO RODOMINAS;Funilândia;8
EXPRESSO RODOMINAS;Galiléia;8
EXPRESSO RODOMINAS;Gameleiras;8
EXPRESSO RODOMINAS;Glaucilândia;8
EXPRESSO RODOMINAS;Goiabeira;8
EXPRESSO RODOMINAS;Goianá;8
EXPRESSO RODOMINAS;Gonçalves;8
EXPRESSO RODOMINAS;Gonzaga;8
EXPRESSO RODOMINAS;Gouveia;8
EXPRESSO RODOMINAS;Governador Valadares;8
EXPRESSO RODOMINAS;Grão Mogol;8
EXPRESSO RODOMINAS;Grupiara;8
EXPRESSO RODOMINAS;Guanhães;8
EXPRESSO RODOMINAS;Guapé;8
EXPRESSO RODOMINAS;Guaraciaba;8
EXPRESSO RODOMINAS;Guaraciama;8
EXPRESSO RODOMINAS;Guaranésia;8
EXPRESSO RODOMINAS;Guarani;8
EXPRESSO RODOMINAS;Guarará;8
EXPRESSO RODOMINAS;Guarda-Mor;8
EXPRESSO RODOMINAS;Guaxupé;8
EXPRESSO RODOMINAS;Guidoval;8
EXPRESSO RODOMINAS;Guimarânia;8
EXPRESSO RODOMINAS;Guiricema;8
EXPRESSO RODOMINAS;Gurinhatã;8
EXPRESSO RODOMINAS;Heliodora;8
EXPRESSO RODOMINAS;Iapu;8
EXPRESSO RODOMINAS;Ibertioga;8
EXPRESSO RODOMINAS;Ibiá;8
EXPRESSO RODOMINAS;Ibiaí;8
EXPRESSO RODOMINAS;Ibiracatu;8
EXPRESSO RODOMINAS;Ibiraci;8
EXPRESSO RODOMINAS;Ibitiúra de Minas;8
EXPRESSO RODOMINAS;Ibituruna;8
EXPRESSO RODOMINAS;Icaraí de Minas;8
EXPRESSO RODOMINAS;Igaratinga;8
EXPRESSO RODOMINAS;Iguatama;8
EXPRESSO RODOMINAS;Ijaci;8
EXPRESSO RODOMINAS;Ilicínea;8
EXPRESSO RODOMINAS;Imbé de Minas;8
EXPRESSO RODOMINAS;Inconfidentes;8
EXPRESSO RODOMINAS;Indaiabira;8
EXPRESSO RODOMINAS;Indianópolis;8
EXPRESSO RODOMINAS;Ingaí;8
EXPRESSO RODOMINAS;Inhapim;8
EXPRESSO RODOMINAS;Inhaúma;8
EXPRESSO RODOMINAS;Inimutaba;8
EXPRESSO RODOMINAS;Ipaba;8
EXPRESSO RODOMINAS;Ipanema;8
EXPRESSO RODOMINAS;Ipatinga;8
EXPRESSO RODOMINAS;Ipiaçu;8
EXPRESSO RODOMINAS;Ipuiúna;8
EXPRESSO RODOMINAS;Iraí de Minas;8
EXPRESSO RODOMINAS;Itabira;8
EXPRESSO RODOMINAS;Itabirinha;8
EXPRESSO RODOMINAS;Itabirito;8
EXPRESSO RODOMINAS;Itacambira;8
EXPRESSO RODOMINAS;Itacarambi;8
EXPRESSO RODOMINAS;Itaipé;8
EXPRESSO RODOMINAS;Itajubá;8
EXPRESSO RODOMINAS;Itamarandiba;8
EXPRESSO RODOMINAS;Itamarati de Minas;8
EXPRESSO RODOMINAS;Itambacuri;8
EXPRESSO RODOMINAS;Itambé do Mato Dentro;8
EXPRESSO RODOMINAS;Itamogi;8
EXPRESSO RODOMINAS;Itamonte;8
EXPRESSO RODOMINAS;Itanhandu;8
EXPRESSO RODOMINAS;Itanhomi;8
EXPRESSO RODOMINAS;Itaobim;8
EXPRESSO RODOMINAS;Itapagipe;8
EXPRESSO RODOMINAS;Itapecerica;8
EXPRESSO RODOMINAS;Itapeva;8
EXPRESSO RODOMINAS;Itaú de Minas;8
EXPRESSO RODOMINAS;Itaúna;8
EXPRESSO RODOMINAS;Itaverava;8
EXPRESSO RODOMINAS;Itinga;8
EXPRESSO RODOMINAS;Itueta;8
EXPRESSO RODOMINAS;Ituiutaba;8
EXPRESSO RODOMINAS;Itumirim;8
EXPRESSO RODOMINAS;Iturama;8
EXPRESSO RODOMINAS;Itutinga;8
EXPRESSO RODOMINAS;Jacinto;8
EXPRESSO RODOMINAS;Jacuí;8
EXPRESSO RODOMINAS;Jacutinga;8
EXPRESSO RODOMINAS;Jaguaraçu;8
EXPRESSO RODOMINAS;Jaíba;8
EXPRESSO RODOMINAS;Jampruca;8
EXPRESSO RODOMINAS;Janaúba;8
EXPRESSO RODOMINAS;Januária;8
EXPRESSO RODOMINAS;Japaraíba;8
EXPRESSO RODOMINAS;Japonvar;8
EXPRESSO RODOMINAS;Jeceaba;8
EXPRESSO RODOMINAS;Jenipapo de Minas;8
EXPRESSO RODOMINAS;Jequeri;8
EXPRESSO RODOMINAS;Jequitaí;8
EXPRESSO RODOMINAS;Jequitibá;8
EXPRESSO RODOMINAS;Jequitinhonha;8
EXPRESSO RODOMINAS;Jesuânia;8
EXPRESSO RODOMINAS;Joaíma;8
EXPRESSO RODOMINAS;Joanésia;8
EXPRESSO RODOMINAS;João Monlevade;8
EXPRESSO RODOMINAS;João Pinheiro;8
EXPRESSO RODOMINAS;Joaquim Felício;8
EXPRESSO RODOMINAS;Jordânia;8
EXPRESSO RODOMINAS;José Gonçalves de Minas;8
EXPRESSO RODOMINAS;José Raydan;8
EXPRESSO RODOMINAS;Josenópolis;8
EXPRESSO RODOMINAS;Juiz de Fora;8
EXPRESSO RODOMINAS;Juramento;8
EXPRESSO RODOMINAS;Juruaia;8
EXPRESSO RODOMINAS;Juvenília;8
EXPRESSO RODOMINAS;Ladainha;8
EXPRESSO RODOMINAS;Lagamar;8
EXPRESSO RODOMINAS;Lagoa da Prata;8
EXPRESSO RODOMINAS;Lagoa dos Patos;8
EXPRESSO RODOMINAS;Lagoa Dourada;8
EXPRESSO RODOMINAS;Lagoa Formosa;8
EXPRESSO RODOMINAS;Lagoa Grande;8
EXPRESSO RODOMINAS;Lajinha;8
EXPRESSO RODOMINAS;Lambari;8
EXPRESSO RODOMINAS;Lamim;8
EXPRESSO RODOMINAS;Laranjal;8
EXPRESSO RODOMINAS;Lassance;8
EXPRESSO RODOMINAS;Lavras;8
EXPRESSO RODOMINAS;Leandro Ferreira;8
EXPRESSO RODOMINAS;Leme do Prado;8
EXPRESSO RODOMINAS;Leopoldina;8
EXPRESSO RODOMINAS;Liberdade;8
EXPRESSO RODOMINAS;Lima Duarte;8
EXPRESSO RODOMINAS;Limeira do Oeste;8
EXPRESSO RODOMINAS;Lontra;8
EXPRESSO RODOMINAS;Luisburgo;8
EXPRESSO RODOMINAS;Luislândia;8
EXPRESSO RODOMINAS;Luminárias;8
EXPRESSO RODOMINAS;Luz;8
EXPRESSO RODOMINAS;Machacalis;8
EXPRESSO RODOMINAS;Machado;8
EXPRESSO RODOMINAS;Madre de Deus de Minas;8
EXPRESSO RODOMINAS;Malacacheta;8
EXPRESSO RODOMINAS;Mamonas;8
EXPRESSO RODOMINAS;Manga;8
EXPRESSO RODOMINAS;Manhuaçu;8
EXPRESSO RODOMINAS;Manhumirim;8
EXPRESSO RODOMINAS;Mantena;8
EXPRESSO RODOMINAS;Mar de Espanha;8
EXPRESSO RODOMINAS;Maravilhas;8
EXPRESSO RODOMINAS;Maria da Fé;8
EXPRESSO RODOMINAS;Mariana;8
EXPRESSO RODOMINAS;Marilac;8
EXPRESSO RODOMINAS;Maripá de Minas;8
EXPRESSO RODOMINAS;Marliéria;8
EXPRESSO RODOMINAS;Marmelópolis;8
EXPRESSO RODOMINAS;Martinho Campos;8
EXPRESSO RODOMINAS;Martins Soares;8
EXPRESSO RODOMINAS;Mata Verde;8
EXPRESSO RODOMINAS;Materlândia;8
EXPRESSO RODOMINAS;Mathias Lobato;8
EXPRESSO RODOMINAS;Matias Barbosa;8
EXPRESSO RODOMINAS;Matias Cardoso;8
EXPRESSO RODOMINAS;Matipó;8
EXPRESSO RODOMINAS;Mato Verde;8
EXPRESSO RODOMINAS;Matutina;8
EXPRESSO RODOMINAS;Medeiros;8
EXPRESSO RODOMINAS;Medina;8
EXPRESSO RODOMINAS;Mendes Pimentel;8
EXPRESSO RODOMINAS;Mercês;8
EXPRESSO RODOMINAS;Mesquita;8
EXPRESSO RODOMINAS;Minas Novas;8
EXPRESSO RODOMINAS;Minduri;8
EXPRESSO RODOMINAS;Mirabela;8
EXPRESSO RODOMINAS;Miradouro;8
EXPRESSO RODOMINAS;Miraí;8
EXPRESSO RODOMINAS;Miravânia;8
EXPRESSO RODOMINAS;Moeda;8
EXPRESSO RODOMINAS;Moema;8
EXPRESSO RODOMINAS;Monjolos;8
EXPRESSO RODOMINAS;Monsenhor Paulo;8
EXPRESSO RODOMINAS;Montalvânia;8
EXPRESSO RODOMINAS;Monte Alegre de Minas;8
EXPRESSO RODOMINAS;Monte Azul;8
EXPRESSO RODOMINAS;Monte Belo;8
EXPRESSO RODOMINAS;Monte Carmelo;8
EXPRESSO RODOMINAS;Monte Formoso;8
EXPRESSO RODOMINAS;Monte Santo de Minas;8
EXPRESSO RODOMINAS;Monte Sião;8
EXPRESSO RODOMINAS;Montes Claros;8
EXPRESSO RODOMINAS;Montezuma;8
EXPRESSO RODOMINAS;Morada Nova de Minas;8
EXPRESSO RODOMINAS;Morro da Garça;8
EXPRESSO RODOMINAS;Morro do Pilar;8
EXPRESSO RODOMINAS;Munhoz;8
EXPRESSO RODOMINAS;Muriaé;8
EXPRESSO RODOMINAS;Mutum;8
EXPRESSO RODOMINAS;Muzambinho;8
EXPRESSO RODOMINAS;Nacip Raydan;8
EXPRESSO RODOMINAS;Nanuque;8
EXPRESSO RODOMINAS;Naque;8
EXPRESSO RODOMINAS;Natalândia;8
EXPRESSO RODOMINAS;Natércia;8
EXPRESSO RODOMINAS;Nazareno;8
EXPRESSO RODOMINAS;Nepomuceno;8
EXPRESSO RODOMINAS;Ninheira;8
EXPRESSO RODOMINAS;Nova Belém;8
EXPRESSO RODOMINAS;Nova Era;8
EXPRESSO RODOMINAS;Nova Módica;8
EXPRESSO RODOMINAS;Nova Ponte;8
EXPRESSO RODOMINAS;Nova Porteirinha;8
EXPRESSO RODOMINAS;Nova Resende;8
EXPRESSO RODOMINAS;Nova Serrana;8
EXPRESSO RODOMINAS;Novo Cruzeiro;8
EXPRESSO RODOMINAS;Novo Oriente de Minas;8
EXPRESSO RODOMINAS;Novorizonte;8
EXPRESSO RODOMINAS;Olaria;8
EXPRESSO RODOMINAS;Olhos d'Água;8
EXPRESSO RODOMINAS;Olímpio Noronha;8
EXPRESSO RODOMINAS;Oliveira;8
EXPRESSO RODOMINAS;Oliveira Fortes;8
EXPRESSO RODOMINAS;Onça de Pitangui;8
EXPRESSO RODOMINAS;Oratórios;8
EXPRESSO RODOMINAS;Orizânia;8
EXPRESSO RODOMINAS;Ouro Branco;8
EXPRESSO RODOMINAS;Ouro Fino;8
EXPRESSO RODOMINAS;Ouro Preto;8
EXPRESSO RODOMINAS;Ouro Verde de Minas;8
EXPRESSO RODOMINAS;Padre Carvalho;8
EXPRESSO RODOMINAS;Padre Paraíso;8
EXPRESSO RODOMINAS;Pai Pedro;8
EXPRESSO RODOMINAS;Paineiras;8
EXPRESSO RODOMINAS;Pains;8
EXPRESSO RODOMINAS;Paiva;8
EXPRESSO RODOMINAS;Palma;8
EXPRESSO RODOMINAS;Palmópolis;8
EXPRESSO RODOMINAS;Papagaios;8
EXPRESSO RODOMINAS;Pará de Minas;8
EXPRESSO RODOMINAS;Paracatu;8
EXPRESSO RODOMINAS;Paraguaçu;8
EXPRESSO RODOMINAS;Paraisópolis;8
EXPRESSO RODOMINAS;Paraopeba;8
EXPRESSO RODOMINAS;Passa Quatro;8
EXPRESSO RODOMINAS;Passa Tempo;8
EXPRESSO RODOMINAS;Passa-Vinte;8
EXPRESSO RODOMINAS;Passabém;8
EXPRESSO RODOMINAS;Passos;8
EXPRESSO RODOMINAS;Patis;8
EXPRESSO RODOMINAS;Patos de Minas;8
EXPRESSO RODOMINAS;Patrocínio;8
EXPRESSO RODOMINAS;Patrocínio do Muriaé;8
EXPRESSO RODOMINAS;Paula Cândido;8
EXPRESSO RODOMINAS;Paulistas;8
EXPRESSO RODOMINAS;Pavão;8
EXPRESSO RODOMINAS;Peçanha;8
EXPRESSO RODOMINAS;Pedra Azul;8
EXPRESSO RODOMINAS;Pedra Bonita;8
EXPRESSO RODOMINAS;Pedra do Anta;8
EXPRESSO RODOMINAS;Pedra do Indaiá;8
EXPRESSO RODOMINAS;Pedra Dourada;8
EXPRESSO RODOMINAS;Pedralva;8
EXPRESSO RODOMINAS;Pedras de Maria da Cruz;8
EXPRESSO RODOMINAS;Pedrinópolis;8
EXPRESSO RODOMINAS;Pedro Teixeira;8
EXPRESSO RODOMINAS;Pequeri;8
EXPRESSO RODOMINAS;Pequi;8
EXPRESSO RODOMINAS;Perdigão;8
EXPRESSO RODOMINAS;Perdizes;8
EXPRESSO RODOMINAS;Perdões;8
EXPRESSO RODOMINAS;Periquito;8
EXPRESSO RODOMINAS;Pescador;8
EXPRESSO RODOMINAS;Piau;8
EXPRESSO RODOMINAS;Piedade de Caratinga;8
EXPRESSO RODOMINAS;Piedade de Ponte Nova;8
EXPRESSO RODOMINAS;Piedade do Rio Grande;8
EXPRESSO RODOMINAS;Piedade dos Gerais;8
EXPRESSO RODOMINAS;Pimenta;8
EXPRESSO RODOMINAS;Pingo-d'Água;8
EXPRESSO RODOMINAS;Pintópolis;8
EXPRESSO RODOMINAS;Piracema;8
EXPRESSO RODOMINAS;Pirajuba;8
EXPRESSO RODOMINAS;Piranga;8
EXPRESSO RODOMINAS;Piranguçu;8
EXPRESSO RODOMINAS;Piranguinho;8
EXPRESSO RODOMINAS;Pirapetinga;8
EXPRESSO RODOMINAS;Pirapora;8
EXPRESSO RODOMINAS;Piraúba;8
EXPRESSO RODOMINAS;Pitangui;8
EXPRESSO RODOMINAS;Piumhi;8
EXPRESSO RODOMINAS;Planura;8
EXPRESSO RODOMINAS;Poço Fundo;8
EXPRESSO RODOMINAS;Poços de Caldas;8
EXPRESSO RODOMINAS;Pocrane;8
EXPRESSO RODOMINAS;Pompéu;8
EXPRESSO RODOMINAS;Ponte Nova;8
EXPRESSO RODOMINAS;Ponto Chique;8
EXPRESSO RODOMINAS;Ponto dos Volantes;8
EXPRESSO RODOMINAS;Porteirinha;8
EXPRESSO RODOMINAS;Porto Firme;8
EXPRESSO RODOMINAS;Poté;8
EXPRESSO RODOMINAS;Pouso Alegre;8
EXPRESSO RODOMINAS;Pouso Alto;8
EXPRESSO RODOMINAS;Prados;8
EXPRESSO RODOMINAS;Prata;8
EXPRESSO RODOMINAS;Pratápolis;8
EXPRESSO RODOMINAS;Pratinha;8
EXPRESSO RODOMINAS;Presidente Bernardes;8
EXPRESSO RODOMINAS;Presidente Juscelino;8
EXPRESSO RODOMINAS;Presidente Kubitschek;8
EXPRESSO RODOMINAS;Presidente Olegário;8
EXPRESSO RODOMINAS;Prudente de Morais;8
EXPRESSO RODOMINAS;Quartel Geral;8
EXPRESSO RODOMINAS;Queluzito;8
EXPRESSO RODOMINAS;Raul Soares;8
EXPRESSO RODOMINAS;Recreio;8
EXPRESSO RODOMINAS;Reduto;8
EXPRESSO RODOMINAS;Resende Costa;8
EXPRESSO RODOMINAS;Resplendor;8
EXPRESSO RODOMINAS;Ressaquinha;8
EXPRESSO RODOMINAS;Riachinho;8
EXPRESSO RODOMINAS;Riacho dos Machados;8
EXPRESSO RODOMINAS;Ribeirão Vermelho;8
EXPRESSO RODOMINAS;Rio Casca;8
EXPRESSO RODOMINAS;Rio do Prado;8
EXPRESSO RODOMINAS;Rio Doce;8
EXPRESSO RODOMINAS;Rio Espera;8
EXPRESSO RODOMINAS;Rio Novo;8
EXPRESSO RODOMINAS;Rio Paranaíba;8
EXPRESSO RODOMINAS;Rio Pardo de Minas;8
EXPRESSO RODOMINAS;Rio Piracicaba;8
EXPRESSO RODOMINAS;Rio Pomba;8
EXPRESSO RODOMINAS;Rio Preto;8
EXPRESSO RODOMINAS;Rio Vermelho;8
EXPRESSO RODOMINAS;Ritápolis;8
EXPRESSO RODOMINAS;Rochedo de Minas;8
EXPRESSO RODOMINAS;Rodeiro;8
EXPRESSO RODOMINAS;Romaria;8
EXPRESSO RODOMINAS;Rosário da Limeira;8
EXPRESSO RODOMINAS;Rubelita;8
EXPRESSO RODOMINAS;Rubim;8
EXPRESSO RODOMINAS;Sabinópolis;8
EXPRESSO RODOMINAS;Sacramento;8
EXPRESSO RODOMINAS;Salinas;8
EXPRESSO RODOMINAS;Salto da Divisa;8
EXPRESSO RODOMINAS;Santa Bárbara;8
EXPRESSO RODOMINAS;Santa Bárbara do Leste;8
EXPRESSO RODOMINAS;Santa Bárbara do Monte Verde;8
EXPRESSO RODOMINAS;Santa Bárbara do Tugúrio;8
EXPRESSO RODOMINAS;Santa Cruz de Minas;8
EXPRESSO RODOMINAS;Santa Cruz de Salinas;8
EXPRESSO RODOMINAS;Santa Cruz do Escalvado;8
EXPRESSO RODOMINAS;Santa Efigênia de Minas;8
EXPRESSO RODOMINAS;Santa Fé de Minas;8
EXPRESSO RODOMINAS;Santa Helena de Minas;8
EXPRESSO RODOMINAS;Santa Juliana;8
EXPRESSO RODOMINAS;Santa Margarida;8
EXPRESSO RODOMINAS;Santa Maria de Itabira;8
EXPRESSO RODOMINAS;Santa Maria do Salto;8
EXPRESSO RODOMINAS;Santa Maria do Suaçuí;8
EXPRESSO RODOMINAS;Santa Rita de Caldas;8
EXPRESSO RODOMINAS;Santa Rita de Ibitipoca;8
EXPRESSO RODOMINAS;Santa Rita de Jacutinga;8
EXPRESSO RODOMINAS;Santa Rita de Minas;8
EXPRESSO RODOMINAS;Santa Rita do Itueto;8
EXPRESSO RODOMINAS;Santa Rita do Sapucaí;8
EXPRESSO RODOMINAS;Santa Rosa da Serra;8
EXPRESSO RODOMINAS;Santa Vitória;8
EXPRESSO RODOMINAS;Santana da Vargem;8
EXPRESSO RODOMINAS;Santana de Cataguases;8
EXPRESSO RODOMINAS;Santana de Pirapama;8
EXPRESSO RODOMINAS;Santana do Deserto;8
EXPRESSO RODOMINAS;Santana do Garambéu;8
EXPRESSO RODOMINAS;Santana do Jacaré;8
EXPRESSO RODOMINAS;Santana do Manhuaçu;8
EXPRESSO RODOMINAS;Santana do Paraíso;8
EXPRESSO RODOMINAS;Santana do Riacho;8
EXPRESSO RODOMINAS;Santana dos Montes;8
EXPRESSO RODOMINAS;Santo Antônio do Amparo;8
EXPRESSO RODOMINAS;Santo Antônio do Aventureiro;8
EXPRESSO RODOMINAS;Santo Antônio do Grama;8
EXPRESSO RODOMINAS;Santo Antônio do Itambé;8
EXPRESSO RODOMINAS;Santo Antônio do Jacinto;8
EXPRESSO RODOMINAS;Santo Antônio do Monte;8
EXPRESSO RODOMINAS;Santo Antônio do Retiro;8
EXPRESSO RODOMINAS;Santo Antônio do Rio Abaixo;8
EXPRESSO RODOMINAS;Santo Hipólito;8
EXPRESSO RODOMINAS;Santos Dumont;8
EXPRESSO RODOMINAS;São Bento Abade;8
EXPRESSO RODOMINAS;São Brás do Suaçuí;8
EXPRESSO RODOMINAS;São Domingos das Dores;8
EXPRESSO RODOMINAS;São Domingos do Prata;8
EXPRESSO RODOMINAS;São Félix de Minas;8
EXPRESSO RODOMINAS;São Francisco;8
EXPRESSO RODOMINAS;São Francisco de Paula;8
EXPRESSO RODOMINAS;São Francisco de Sales;8
EXPRESSO RODOMINAS;São Francisco do Glória;8
EXPRESSO RODOMINAS;São Geraldo;8
EXPRESSO RODOMINAS;São Geraldo da Piedade;8
EXPRESSO RODOMINAS;São Geraldo do Baixio;8
EXPRESSO RODOMINAS;São Gonçalo do Abaeté;8
EXPRESSO RODOMINAS;São Gonçalo do Pará;8
EXPRESSO RODOMINAS;São Gonçalo do Rio Abaixo;8
EXPRESSO RODOMINAS;São Gonçalo do Rio Preto;8
EXPRESSO RODOMINAS;São Gonçalo do Sapucaí;8
EXPRESSO RODOMINAS;São Gotardo;8
EXPRESSO RODOMINAS;São João Batista do Glória;8
EXPRESSO RODOMINAS;São João da Lagoa;8
EXPRESSO RODOMINAS;São João da Mata;8
EXPRESSO RODOMINAS;São João da Ponte;8
EXPRESSO RODOMINAS;São João das Missões;8
EXPRESSO RODOMINAS;São João del Rei;8
EXPRESSO RODOMINAS;São João do Manhuaçu;8
EXPRESSO RODOMINAS;São João do Manteninha;8
EXPRESSO RODOMINAS;São João do Oriente;8
EXPRESSO RODOMINAS;São João do Pacuí;8
EXPRESSO RODOMINAS;São João do Paraíso;8
EXPRESSO RODOMINAS;São João Evangelista;8
EXPRESSO RODOMINAS;São João Nepomuceno;8
EXPRESSO RODOMINAS;São José da Barra;8
EXPRESSO RODOMINAS;São José da Safira;8
EXPRESSO RODOMINAS;São José da Varginha;8
EXPRESSO RODOMINAS;São José do Alegre;8
EXPRESSO RODOMINAS;São José do Divino;8
EXPRESSO RODOMINAS;São José do Goiabal;8
EXPRESSO RODOMINAS;São José do Jacuri;8
EXPRESSO RODOMINAS;São José do Mantimento;8
EXPRESSO RODOMINAS;São Lourenço;8
EXPRESSO RODOMINAS;São Miguel do Anta;8
EXPRESSO RODOMINAS;São Pedro da União;8
EXPRESSO RODOMINAS;São Pedro do Suaçuí;8
EXPRESSO RODOMINAS;São Pedro dos Ferros;8
EXPRESSO RODOMINAS;São Romão;8
EXPRESSO RODOMINAS;São Roque de Minas;8
EXPRESSO RODOMINAS;São Sebastião da Bela Vista;8
EXPRESSO RODOMINAS;São Sebastião da Vargem Alegre;8
EXPRESSO RODOMINAS;São Sebastião do Anta;8
EXPRESSO RODOMINAS;São Sebastião do Maranhão;8
EXPRESSO RODOMINAS;São Sebastião do Oeste;8
EXPRESSO RODOMINAS;São Sebastião do Paraíso;8
EXPRESSO RODOMINAS;São Sebastião do Rio Preto;8
EXPRESSO RODOMINAS;São Sebastião do Rio Verde;8
EXPRESSO RODOMINAS;São Thomé das Letras;8
EXPRESSO RODOMINAS;São Tiago;8
EXPRESSO RODOMINAS;São Tomás de Aquino;8
EXPRESSO RODOMINAS;São Vicente de Minas;8
EXPRESSO RODOMINAS;Sapucaí-Mirim;8
EXPRESSO RODOMINAS;Sardoá;8
EXPRESSO RODOMINAS;Sem-Peixe;8
EXPRESSO RODOMINAS;Senador Amaral;8
EXPRESSO RODOMINAS;Senador Cortes;8
EXPRESSO RODOMINAS;Senador Firmino;8
EXPRESSO RODOMINAS;Senador José Bento;8
EXPRESSO RODOMINAS;Senador Modestino Gonçalves;8
EXPRESSO RODOMINAS;Senhora de Oliveira;8
EXPRESSO RODOMINAS;Senhora do Porto;8
EXPRESSO RODOMINAS;Senhora dos Remédios;8
EXPRESSO RODOMINAS;Sericita;8
EXPRESSO RODOMINAS;Seritinga;8
EXPRESSO RODOMINAS;Serra Azul de Minas;8
EXPRESSO RODOMINAS;Serra da Saudade;8
EXPRESSO RODOMINAS;Serra do Salitre;8
EXPRESSO RODOMINAS;Serra dos Aimorés;8
EXPRESSO RODOMINAS;Serrania;8
EXPRESSO RODOMINAS;Serranópolis de Minas;8
EXPRESSO RODOMINAS;Serranos;8
EXPRESSO RODOMINAS;Serro;8
EXPRESSO RODOMINAS;Sete Lagoas;8
EXPRESSO RODOMINAS;Setubinha;8
EXPRESSO RODOMINAS;Silveirânia;8
EXPRESSO RODOMINAS;Silvianópolis;8
EXPRESSO RODOMINAS;Simão Pereira;8
EXPRESSO RODOMINAS;Simonésia;8
EXPRESSO RODOMINAS;Sobrália;8
EXPRESSO RODOMINAS;Soledade de Minas;8
EXPRESSO RODOMINAS;Tabuleiro;8
EXPRESSO RODOMINAS;Taiobeiras;8
EXPRESSO RODOMINAS;Taparuba;8
EXPRESSO RODOMINAS;Tapira;8
EXPRESSO RODOMINAS;Tapiraí;8
EXPRESSO RODOMINAS;Tarumirim;8
EXPRESSO RODOMINAS;Teixeiras;8
EXPRESSO RODOMINAS;Teófilo Otoni;8
EXPRESSO RODOMINAS;Timóteo;8
EXPRESSO RODOMINAS;Tiradentes;8
EXPRESSO RODOMINAS;Tiros;8
EXPRESSO RODOMINAS;Tocantins;8
EXPRESSO RODOMINAS;Tocos do Moji;8
EXPRESSO RODOMINAS;Toledo;8
EXPRESSO RODOMINAS;Tombos;8
EXPRESSO RODOMINAS;Três Corações;8
EXPRESSO RODOMINAS;Três Marias;8
EXPRESSO RODOMINAS;Três Pontas;8
EXPRESSO RODOMINAS;Tumiritinga;8
EXPRESSO RODOMINAS;Tupaciguara;8
EXPRESSO RODOMINAS;Turmalina;8
EXPRESSO RODOMINAS;Turvolândia;8
EXPRESSO RODOMINAS;Ubá;8
EXPRESSO RODOMINAS;Ubaí;8
EXPRESSO RODOMINAS;Ubaporanga;8
EXPRESSO RODOMINAS;Uberaba;8
EXPRESSO RODOMINAS;Uberlândia;8
EXPRESSO RODOMINAS;Umburatiba;8
EXPRESSO RODOMINAS;Unaí;8
EXPRESSO RODOMINAS;União de Minas;8
EXPRESSO RODOMINAS;Uruana de Minas;8
EXPRESSO RODOMINAS;Urucânia;8
EXPRESSO RODOMINAS;Urucuia;8
EXPRESSO RODOMINAS;Vargem Alegre;8
EXPRESSO RODOMINAS;Vargem Bonita;8
EXPRESSO RODOMINAS;Vargem Grande do Rio Pardo;8
EXPRESSO RODOMINAS;Varginha;8
EXPRESSO RODOMINAS;Varjão de Minas;8
EXPRESSO RODOMINAS;Várzea da Palma;8
EXPRESSO RODOMINAS;Varzelândia;8
EXPRESSO RODOMINAS;Vazante;8
EXPRESSO RODOMINAS;Verdelândia;8
EXPRESSO RODOMINAS;Veredinha;8
EXPRESSO RODOMINAS;Veríssimo;8
EXPRESSO RODOMINAS;Vermelho Novo;8
EXPRESSO RODOMINAS;Viçosa;8
EXPRESSO RODOMINAS;Vieiras;8
EXPRESSO RODOMINAS;Virgem da Lapa;8
EXPRESSO RODOMINAS;Virgínia;8
EXPRESSO RODOMINAS;Virginópolis;8
EXPRESSO RODOMINAS;Virgolândia;8
EXPRESSO RODOMINAS;Visconde do Rio Branco;8
EXPRESSO RODOMINAS;Volta Grande;8
EXPRESSO RODOMINAS;Wenceslau Braz;8
33911347 SEBASTIAO FERNANDES;Mogi das Cruzes;1
65634791 JOAO PAULO GONCALVES ROCHA;Guarulhos;1
A.M.Z TRANSPORTE;Santana de Parnaíba;1
ALEX ARAUJO;Praia Grande;1
ALEX ARAUJO;Carapicuíba;1
ALEX ARAUJO;Mauá;1
ALEX ARAUJO;Itapecerica da Serra;1
ALEXANDRE MARTINS OLIVEIRA;Paulínia;1
ALEXANDRE MARTINS OLIVEIRA;Gurupi;1
ALEXANDRE MARTINS OLIVEIRA;Itu;1
ALLYSON NEVES;Capela do Alto;1
ALLYSON NEVES;Santo André;1
ALVES  BARBOSA TRANSPORTES;São Luís;1
ANDERSON FERREIRA -  TRANSPORTES;Cajamar;1
ANDERSON FERREIRA -  TRANSPORTES;Santos;1
ANTONIO CARLOS DA SILVA;Jundiaí;1
ANTONIO CARLOS DA SILVA;Cajamar;1
APOLONIO CRISTIANO;Capivari;1
APOLONIO CRISTIANO;Tatuí;1
AVJS TRANSPORTES;Cajamar;1
AVJS TRANSPORTES;Diadema;1
CAIQUE VALERIO;Itaquaquecetuba;1
CAIQUE VALERIO;Embu das Artes;1
CASSIO ANTONIO DOS SANTOS;Vargem Grande Paulista;1
CRYSTIAN ALVES;Barueri;1
CRYSTIAN ALVES;Santana de Parnaíba;1
CRYSTIAN ALVES;Cajamar;1
DJALMA CHAVES;Arujá;1
DJALMA CHAVES;Vargem Grande Paulista;1
DRT TRANSPORTE DE CARGA;Cajamar;1
DRT TRANSPORTE DE CARGA;Francisco Morato;1
EMERSON DA SILVA MOUR;Piedade;1
ERIVALDO SILVA DE ARAUJO;Juquitiba;1
ERIVALDO SILVA DE ARAUJO;São Lourenço da Serra;1
FABIO ARCANJO BINA DOS SANTOS;Poá;1
FABIO ARCANJO BINA DOS SANTOS;Santo André;1
FABIO ARCANJO BINA DOS SANTOS;Mogi Mirim;1
FABIO ARCANJO BINA DOS SANTOS;Piracicaba;1
FELIPE APARECIDO;Francisco Morato;1
FELIPE APARECIDO;Bertioga;1
FELIPE PEREIRA LEMES;São Paulo;1
FELIPE PEREIRA LEMES;Ferraz de Vasconcelos;1
FELIPE PEREIRA LEMES;Itapecerica da Serra;1
FELIPE PEREIRA LEMES;Itaquaquecetuba;1
FERNANDES TRANSPORTES & CONSTRUCOES;Dianópolis;1
GLAUCIO LIMA DE BRITO;Juquiá;1
GLAUCIO LIMA DE BRITO;Bragança Paulista;1
GLAUCIO LIMA DE BRITO;Atibaia;1
GLAUCIO LIMA DE BRITO;Bom Jesus dos Perdões;1
HERINS TRANSPORTES;Cotia;1
HERINS TRANSPORTES;São Paulo;1
J. S. RODRIGUES FILH0;Itapevi;1
J. S. RODRIGUES FILH0;Jacareí;1
J.ROSA TRANSPORTE;Cruzeiro;1
J.ROSA TRANSPORTE;São Carlos;1
J.ROSA TRANSPORTE;São José do Rio Preto;1
J.ROSA TRANSPORTE;Américo Brasiliense;1
JAIRO LEONARDO LOPES;Registro;1
JAIRO LEONARDO LOPES;Santos;1
JAIRO LEONARDO LOPES;Tremembé;1
JAIRO LEONARDO LOPES;Ribeirão Pires;1
JAIRO LEONARDO LOPES;São Sebastião do Paraíso;1
JG ALVES TRANSPORTES;São Paulo;1
JG ALVES TRANSPORTES;Itaquaquecetuba;1
JOSE ANTONIO DA SILVA;Capela do Alto;1
JOSE DIMAS CARDOSO;Araçoiaba da Serra;1
JOSE DIMAS CARDOSO;Poá;1
JOSE DIMAS CARDOSO;Jundiaí;1
JOSE DIMAS CARDOSO;Santo Antônio de Posse;1
JOSE DIMAS CARDOSO;Santa Isabel;1
JOSE DIMAS CARDOSO;Arujá;1
JOSE DIMAS CARDOSO;Taubaté;1
JOSE EDVALDO CORREIA;Itanhaém;1
JOSE EDVALDO CORREIA;Guarulhos;1
JOSE STENIO GOMES;Votorantim;1
JOSE STENIO GOMES;Osasco;1
JOSE STENIO GOMES;Santo André;1
JOSE STENIO GOMES;Jundiaí;1
JOSE STENIO GOMES;Itu;1
JR TRANSPORTES E OUTROS SEGUIMENTOS;São Paulo;1
KAUE CHISTHIAN;Vinhedo;1
KELVIN TRANSPORTES;Guarulhos;1
KELVIN TRANSPORTES;Lorena;1
KELVIN TRANSPORTES;Pindamonhangaba;1
KELVIN TRANSPORTES;Jarinu;1
KVN COMERCIO PONTO;São Carlos;1
KVN COMERCIO PONTO;Americana;1
KVN COMERCIO PONTO;Santa Bárbara d'Oeste;1
LEANDRO NISSIMURA - FRETEIRO;Jandira;1
LOURIVALDO CAVALCANTE;Araçoiaba da Serra;1
LUCAS FERNANDES DA SILVA;Barueri;1
LUCAS FERNANDES DA SILVA;São Paulo;1
LUCAS FERNANDES DA SILVA;Votorantim;1
LUIZ CARLOS DA SILVA;Capão Bonito;1
LUIZ CARLOS DA SILVA;Limeira;1
LUIZ CARLOS DA SILVA;Cerquilho;1
LUIZ CARLOS DA SILVA;Miracatu;1
LUIZ FERREIRA;Itatiba;1
LUIZ FERREIRA;Carapicuíba;1
LUIZ FERREIRA;Rio Claro;1
LUIZ FERREIRA;Jandira;1
MARCOS SOUZA DOS ANJOS;Jandira;1
MARCOS SOUZA DOS ANJOS;Vargem;1
MARCOS SOUZA DOS ANJOS;Valinhos;1
MARCOS VINICIUS DA SILVA OLIVEIRA;Osasco;1
MAURICIO DOS SANTOS 33729094882;Sorocaba;1
MAURICIO DOS SANTOS 33729094882;São Caetano do Sul;1
MAURICIO DOS SANTOS 33729094882;Cotia;1
MICHELE SUENIA ARAUJO;Cotia;1
MJ TRANSPORTES;Osasco;1
MJ TRANSPORTES;Santa Bárbara d'Oeste;1
MONICA ALVES DE OLIVEIRA FRANCA;Santa Bárbara d'Oeste;1
MONICA ALVES DE OLIVEIRA FRANCA;São Caetano do Sul;1
MONICA ALVES DE OLIVEIRA FRANCA;Taboão da Serra;1
NEI JOSE DINIZ;Guarulhos;1
NICOLAS GOMES DINIZ;Poá;1
PRA JA TRANSPORTES;Cajamar;1
PROPRIO RETIRA;Sorocaba;1
PROPRIO RETIRA;Serrana;1
PROPRIO RETIRA;Virgínia;1
RAFAEL BERNARDINO CORAGE;Carapicuíba;1
RAFAEL BERNARDINO CORAGE;Ribeirão Pires;1
RAFAEL BERNARDINO CORAGE;Mogi das Cruzes;1
RAFAEL OLIVEIRA - FRETEIRO;Francisco Morato;1
RAFAEL OLIVEIRA - FRETEIRO;São Caetano do Sul;1
RAFAEL OLIVEIRA - FRETEIRO;Registro;1
RB CAVALCANTI TRANSPORTES;São Paulo;1
RB CAVALCANTI TRANSPORTES;Diadema;1
RB CAVALCANTI TRANSPORTES;Jundiaí;1
SERGIO JOSE DE SOUZA;Ribeirão Pires;1
SERGIO JOSE DE SOUZA;São Caetano do Sul;1
SERGIO JOSE DE SOUZA;Itaquaquecetuba;1
SILLAS GEORGE DOS SANTOS;Itapecerica da Serra;1
SP - RODONAVES;Curitiba;1
SPARE TRADING ELETRO;São Paulo;1
SPARE TRADING ELETRO;Sumaré;1
SPARE TRADING ELETRO;Guarulhos;1
SPARE TRADING ELETRO;Barueri;1
SPARE TRADING ELETRO;Suzano;1
THIAGO DA SILVA SOUZA;São Paulo;1
THIAGO DA SILVA SOUZA;Embu das Artes;1
THIAGO DA SILVA SOUZA;São Caetano do Sul;1
THIAGO GALDINO FERREIRA;Osasco;1
TRYGG CARGO;São Paulo;1
TRYGG CARGO;São Bernardo do Campo;1
TRYGG CARGO;Diadema;1
VAS LOGISTICA E TRANSPORTES;Jundiaí;1
VAS LOGISTICA E TRANSPORTES;Suzano;1
WASHINGTON BATISTA DA SILVA;São Roque;1
WASHINGTON BATISTA DA SILVA;Suzano;1
WASHINGTON DIAS FERREIRA;Mauá;1
WASHINGTON DIAS FERREIRA;Guarulhos;1
WE COMERCIO E TRANSPORTES - ELSON;Mogi das Cruzes;1
WE COMERCIO E TRANSPORTES - ELSON;Vargem Grande Paulista;1
AGIL EXPRESS;São Luís;7
ALE TRANSPORTES;Vitória da Conquista;5
CIA CARGAS TRANSPORTES;Vitória;3
CIA CARGAS TRANSPORTES;Balneário Camboriú;3
EXPRESSO RODOMINAS;Itabirito;4
EXPRESSO RODOMINAS;Poços de Caldas;4
EXPRESSO RODOMINAS;Cruzília;4
EXPRESSO RODOMINAS;Conceição do Mato Dentro;4
EXPRESSO RODOMINAS;Divinolândia de Minas;4
JJF SUPPLY;Bragança Paulista;1
LOTUS LOGISTICA;São Bernardo do Campo;3
LOTUS LOGISTICA;Santo André;3
LOTUS LOGISTICA;Mauá;3
MAJO  LOGISTICA E SERVICOS;Hortolândia;3
MAJO  LOGISTICA E SERVICOS;Ribeirão Bonito;3
MAJO  LOGISTICA E SERVICOS;Santos;3
MAJO  LOGISTICA E SERVICOS;São José do Rio Pardo;3
MAJO  LOGISTICA E SERVICOS;Guarulhos;3
MAJO  LOGISTICA E SERVICOS;Luís Antônio;3
MAJO  LOGISTICA E SERVICOS;Indaiatuba;3
MAJO  LOGISTICA E SERVICOS;Osasco;3
MAJO  LOGISTICA E SERVICOS;Valinhos;3
MAJO  LOGISTICA E SERVICOS;São Paulo;3
MAJO  LOGISTICA E SERVICOS;Lorena;3
MAJO  LOGISTICA E SERVICOS;Suzano;3
MAJO  LOGISTICA E SERVICOS;Votorantim;3
MAJO  LOGISTICA E SERVICOS;Capela do Alto;3
MAJO  LOGISTICA E SERVICOS;Morro Agudo;3
MAJO  LOGISTICA E SERVICOS;Pindamonhangaba;3
MAJO  LOGISTICA E SERVICOS;Itapira;3
MAJO  LOGISTICA E SERVICOS;Pinhalzinho;3
MAJO  LOGISTICA E SERVICOS;Socorro;3
MAJO  LOGISTICA E SERVICOS;Bragança Paulista;3
MAJO  LOGISTICA E SERVICOS;Avaré;3
MAJO  LOGISTICA E SERVICOS;Mongaguá;3
MAJO  LOGISTICA E SERVICOS;Pedra Bela;3
MAJO  LOGISTICA E SERVICOS;Fernandópolis;3
MAJO  LOGISTICA E SERVICOS;Itaí;3
MANDALA TRANSPORTES DE CARGAS;Goiânia;5
MANDALA TRANSPORTES DE CARGAS;Campo Grande;5
MVT - OSASCO;Ribeirão Preto;3
MVT - OSASCO;Pitangueiras;3
MVT - OSASCO;Sertãozinho;3
MVT - OSASCO;Rio Claro;3
MVT - OSASCO;Presidente Prudente;3
MVT - OSASCO;Araraquara;3
MVT - OSASCO;Limeira;3
MVT - OSASCO;Tabatinga;3
MVT - OSASCO;Américo Brasiliense;3
MVT - OSASCO;Osasco;3
MVT - OSASCO;Batatais;3
PRIMESERV LOGISTICA;Vila Velha;2
PRIMESERV LOGISTICA;Paraty;2
RORAIMA LOGISTICA;Paraíso do Tocantins;4
RORAIMA LOGISTICA;Aparecida de Goiânia;4
RORAIMA LOGISTICA;Cruzeiro do Sul;4
ROTEIRO;Jacareí;2
ROTEIRO;Serra Negra;2
ROTEIRO;São Vicente;2
ROTEIRO;Bauru;2
ROTEIRO;Santos;2
ROTEIRO;Jarinu;2
ROTEIRO;Jandira;2
ROTEIRO;Itapevi;2
ROTEIRO;Itaitinga;2
ROTEIRO;Osasco;2
ROTEIRO;Santa Bárbara d'Oeste;2
T.G. LOGISTICA;Belford Roxo;4
T.G. LOGISTICA;Cabo Frio;4
T.G. LOGISTICA;Duque de Caxias;4
T.G. LOGISTICA;Rio das Ostras;4
T.G. LOGISTICA;Macaé;4
T.G. LOGISTICA;São Pedro da Aldeia;4
T.G. LOGISTICA;Nova Iguaçu;4
TRANS CJ TRANSPORTE;Floriano;5
TRANSPORTADORA KARAVAGGIO;Jaguariaíva;5
TRANSPORTADORA KARAVAGGIO;Siqueira Campos;5
TRANSPORTADORA KARAVAGGIO;Curitiba;5
TRANSPORTADORA KARAVAGGIO;Santo Antônio da Platina;5
TRANSPORTADORA KARAVAGGIO;Arapoti;5