Placa;Data Embarque;Embarque;Cidade Destino;Valor Frete Calculado;Peso;Volumes;Valor Total NFs;Pedágio;Descarga;Diária;Tipo de Veículo;Capacidade Máxima Kg;Capacidade Volumes;Transportador;Data Criacao;Identificador Viagem
ABC1236;28/04/2026;366858;Curitiba;;85.442;8;985.2;;;;;;;RODONAVES TRANSPORTES E ENCOMENDAS LTDA;29/04/2026;
ABC1236;04/05/2026;373952;São Paulo;;173.352;17;590.92;;;;;;;ACEVILLE TRANSPORTES LTDA;05/05/2026;
AAA1111;13/05/2026;379463;São Paulo;;27.162;3;113.53;;;;;;;ACEVILLE TRANSPORTES LTDA;14/05/2026;
DJE1I89;22/05/2026;394280;Arujá;;7932.762;836;55281.6;;;;;;;VAS LOGISTICA E TRANSPORTES EIRELI EPP;22/05/2026;
AAA1110;28/04/2026;370784;Cajamar;;20927.76;1680;189504;;;;;;;VAS LOGISTICA E TRANSPORTES EIRELI EPP;29/04/2026;
HBZ6F77;14/05/2026;384764;Campinas;;192.207;13;1908.48;;;;;;;VAS LOGISTICA E TRANSPORTES EIRELI EPP;15/05/2026;
HBZ6F77;14/05/2026;376823;Campinas;;8131.711;1014;96780.73;;;;;;;VAS LOGISTICA E TRANSPORTES EIRELI EPP;15/05/2026;
DJE1I89;20/05/2026;371270;Campinas;2657.4;6019.67;817;70925.38;;;;;;;VAS LOGISTICA E TRANSPORTES EIRELI EPP;20/05/2026;
KPJ3G91;29/04/2026;369648;Carapicuíba;;11259.124;1187;113812.83;;;;;;;VAS LOGISTICA E TRANSPORTES EIRELI EPP;30/04/2026;
KPJ3G91;29/04/2026;371642;Carapicuíba;;212.458;19;3335.88;;;;;;;VAS LOGISTICA E TRANSPORTES EIRELI EPP;30/04/2026;
DJE1I89;06/05/2026;371186;Cotia;;6889.42;981;74589.68;;;;;;;VAS LOGISTICA E TRANSPORTES EIRELI EPP;07/05/2026;
HBZ6F77;23/04/2026;350768;Diadema;;8572.55;861;87027.56;;;;;;;VAS LOGISTICA E TRANSPORTES EIRELI EPP;23/04/2026;
HBZ6F77;13/05/2026;371203;Ferraz de Vasconcelos;;7551.995;1163;89775.8;;;;;;;VAS LOGISTICA E TRANSPORTES EIRELI EPP;13/05/2026;
AAA1110;07/05/2026;369664;Franco da Rocha;;13964.544;1441;140475.23;;;;;;;VAS LOGISTICA E TRANSPORTES EIRELI EPP;07/05/2026;
HBZ6F77;30/04/2026;342808;Guarulhos;;9501.686;1082;103713.85;;;;;;;VAS LOGISTICA E TRANSPORTES EIRELI EPP;30/04/2026;
HBZ6F77;30/04/2026;371714;Guarulhos;;380.366;22;3458.16;;;;;;;VAS LOGISTICA E TRANSPORTES EIRELI EPP;30/04/2026;
DJE3707;05/05/2026;371192;Guarulhos;1785;6905.87;729;66139.55;;;;;;;VAS LOGISTICA E TRANSPORTES EIRELI EPP;05/05/2026;Viagem 371192
KPJ3G91;07/05/2026;373492;Guarulhos;;20853.018;1674;180792;;;;;;;VAS LOGISTICA E TRANSPORTES EIRELI EPP;07/05/2026;
BXG8G10;07/05/2026;373721;Guarulhos;;20680.8;1680;181440;;;;;;;VAS LOGISTICA E TRANSPORTES EIRELI EPP;08/05/2026;
DTD7940;12/05/2026;369646;Guarulhos;;6394.811;773;68356.64;;;;;;;VAS LOGISTICA E TRANSPORTES EIRELI EPP;13/05/2026;
KPJ3G91;15/05/2026;389066;Guarulhos;;4540.493;1485;114656.76;;;;;;;VAS LOGISTICA E TRANSPORTES EIRELI EPP;15/05/2026;
EPU9283;14/05/2026;379661;Guarulhos;;2652.6;540;49548;;;;;;;VAS LOGISTICA E TRANSPORTES EIRELI EPP;15/05/2026;
IJZ4C44;26/05/2026;5688461;Guarulhos;;16250.239;1971;171846.51;;;;;;;VAS LOGISTICA E TRANSPORTES EIRELI EPP;26/05/2026;VIAGEM 369629
KPJ3G91;27/05/2026;5693640;Guarulhos;;13519;1100;69960;;;;;;;VAS LOGISTICA E TRANSPORTES EIRELI EPP;27/05/2026;VIAGEM 399297
DJE1I89;27/05/2026;5693696;Guarulhos;;4212.784;1336;92628.45;;;;;;;VAS LOGISTICA E TRANSPORTES EIRELI EPP;27/05/2026;VIAGEM 399263
HBZ6F77;28/05/2026;5699406;Guarulhos;;8042.137;997;83266.53;;;;;;;VAS LOGISTICA E TRANSPORTES EIRELI EPP;28/05/2026;EMERSON PEREIRA 384690
DJE1I89;01/07/2026;5827603;Guarulhos;1785;6227.039;1022;50735.96;;;;;;;VAS LOGISTICA E TRANSPORTES EIRELI EPP;01/07/2026;VIAGEM 430518
DJE1I89;06/05/2026;371276;Jandira;;6560.34;940;71796.83;;;;;;;VAS LOGISTICA E TRANSPORTES EIRELI EPP;06/05/2026;Viagem 371276
HBZ6F77;08/06/2026;5734364;Jundiaí;;6610.591;836;65367.43;;;;;;;VAS LOGISTICA E TRANSPORTES EIRELI EPP;06/06/2026;VIAGEM 397351
BWO5B99;08/05/2026;376658;Osasco;;14899.5;1500;86400;;;;;;;VAS LOGISTICA E TRANSPORTES EIRELI EPP;09/05/2026;
KVO2H16;08/05/2026;376560;Osasco;;13449.674;1677;170714.93;;;;;;;VAS LOGISTICA E TRANSPORTES EIRELI EPP;09/05/2026;
KPJ3G91;09/05/2026;383522;Osasco;;15613.93;3056;187077.14;;;;;;;VAS LOGISTICA E TRANSPORTES EIRELI EPP;10/05/2026;
AAA1119;21/05/2026;387668;Osasco;;7136.089;1246;80859.6;;;;;;;VAS LOGISTICA E TRANSPORTES EIRELI EPP;22/05/2026;
DJE1I89;14/04/2026;350800;Praia Grande;;7465.785;764;75490.67;;;;;;;VAS LOGISTICA E TRANSPORTES EIRELI EPP;14/04/2026;
CVN5631;30/04/2026;358841;Praia Grande;1785;20620.421;2161;210247.47;;;;;;;VAS LOGISTICA E TRANSPORTES EIRELI EPP;01/05/2026;
HBZ6F77;05/05/2026;358874;Praia Grande;;8264.875;1153;96480.46;;;;;;;VAS LOGISTICA E TRANSPORTES EIRELI EPP;05/05/2026;EMERSON PEREIRA - 358874
AAA1110;15/05/2026;371216;Praia Grande;;15426.215;2211;176530.75;;;;;;;VAS LOGISTICA E TRANSPORTES EIRELI EPP;16/05/2026;
BXG8G10;09/05/2026;372633;Ribeirão Preto;;16204.517;1455;151401.02;;;;;;;VAS LOGISTICA E TRANSPORTES EIRELI EPP;10/05/2026;
HBZ6F77;23/04/2026;359533;Rio Grande do Sul;;7019.705;1415;79370.4;;;;;;;VAS LOGISTICA E TRANSPORTES EIRELI EPP;23/04/2026;
HBZ6F77;27/05/2026;5693723;São Bernardo do Campo;;38.945;15;1065;;;;;;;VAS LOGISTICA E TRANSPORTES EIRELI EPP;27/05/2026;VIAGEM 401541
KVO2H16;29/04/2026;369365;São Caetano do Sul;;12845.635;1470;134097.12;;;;;;;VAS LOGISTICA E TRANSPORTES EIRELI EPP;29/04/2026;
HBZ6F77;30/06/2026;5821030;São Caetano do Sul;1785;8524.864;943;85174.68;;;;;;;VAS LOGISTICA E TRANSPORTES EIRELI EPP;30/06/2026;VIAGEM 430029
DJE3707;21/09/2026;6152090;São José dos Campos;;5067.356;622;49324.77;;;;;;;VAS LOGISTICA E TRANSPORTES EIRELI EPP;21/09/2026;SERGIO ALEXANDRE SILVA 447468
CDF3140;28/04/2026;369332;São Paulo;1785;3556.474;438;38807.78;;;;;;;VAS LOGISTICA E TRANSPORTES EIRELI EPP;29/04/2026;
HBZ6F77;29/04/2026;372731;São Paulo;1785;7700.165;745;71928.2;;;;;;;VAS LOGISTICA E TRANSPORTES EIRELI EPP;29/04/2026;
KVO2H16;30/04/2026;373391;São Paulo;;13627.867;1231;97639.2;;;;;;;VAS LOGISTICA E TRANSPORTES EIRELI EPP;01/05/2026;
KOL6C71;30/04/2026;373491;São Paulo;;18685.5;1500;144000;;;;;;;VAS LOGISTICA E TRANSPORTES EIRELI EPP;01/05/2026;
DJE1I89;05/05/2026;358876;São Paulo;;5727.919;651;59640.94;;;;;;;VAS LOGISTICA E TRANSPORTES EIRELI EPP;05/05/2026;WILLIAN - 358876
DJE3707;07/05/2026;371196;São Paulo;;6212.24;1003;74538.86;;;;;;;VAS LOGISTICA E TRANSPORTES EIRELI EPP;07/05/2026;EMERSON PEREIRA - 371196
BXG8G10;06/05/2026;358845;São Paulo;;19069.626;2078;197710.23;;;;;;;VAS LOGISTICA E TRANSPORTES EIRELI EPP;07/05/2026;
KVO2H16;06/05/2026;371229;São Paulo;1785;13151.525;1697;138077.94;;;;;;;VAS LOGISTICA E TRANSPORTES EIRELI EPP;07/05/2026;
KVO2H16;07/05/2026;371446;São Paulo;;5388.087;661;57878.15;;;;;;;VAS LOGISTICA E TRANSPORTES EIRELI EPP;08/05/2026;
CDF3B40;16/05/2026;5656264;São Paulo;;5892.446;624;51554.27;;;;;;;VAS LOGISTICA E TRANSPORTES EIRELI EPP;16/05/2026;VIAGEM 387629
CDF3B40;16/05/2026;387629;São Paulo;;5892.446;624;51554.27;;;;;;;VAS LOGISTICA E TRANSPORTES EIRELI EPP;17/05/2026;
HQR8G00;16/05/2026;371205;São Paulo;;8741.38;1245;101105.87;;;;;;;VAS LOGISTICA E TRANSPORTES EIRELI EPP;17/05/2026;
EPU9283;18/05/2026;369642;São Paulo;1785;9547.792;1111;101214.4;;;;;;;VAS LOGISTICA E TRANSPORTES EIRELI EPP;19/05/2026;
AAA1119;19/05/2026;358910;São Paulo;1785;8275.029;783;80902;;;;;;;VAS LOGISTICA E TRANSPORTES EIRELI EPP;20/05/2026;
DJE1I89;04/06/2026;5729136;São Paulo;;6753.514;1016;59891.27;;;;;;;VAS LOGISTICA E TRANSPORTES EIRELI EPP;04/06/2026;VIAGEM 407612
HBZ6F77;01/07/2026;5827599;São Paulo;1785;8772.395;820;77300.59;;;;;;;VAS LOGISTICA E TRANSPORTES EIRELI EPP;01/07/2026;VIAGEM 421287
HBZ6F77;18/04/2026;354152;São Vicente;;6930;550;56760;;;;;;;VAS LOGISTICA E TRANSPORTES EIRELI EPP;19/04/2026;
BXG8G10;30/05/2026;5711251;São Vicente;1785;13343.908;1811;150856.14;;;;;;;VAS LOGISTICA E TRANSPORTES EIRELI EPP;30/05/2026;JEAN 384.677
BXG8G10;22/05/2026;397844;Sorocaba;;65.01;5;645;;;;;;;VAS LOGISTICA E TRANSPORTES EIRELI EPP;22/05/2026;
BXG8G10;22/05/2026;397943;Sorocaba;;652.43;53;5978.4;;;;;;;VAS LOGISTICA E TRANSPORTES EIRELI EPP;22/05/2026;
CDF3B40;14/05/2026;369658;Taubaté;2657.4;8142.346;1253;101060.72;;;;;;;VAS LOGISTICA E TRANSPORTES EIRELI EPP;15/05/2026;
ABC1236;29/04/2026;371208;Arujá;;300.33;50;2118;;;;;;;Manda La Transportes de Cargas LTDA;01/05/2026;
ABC1236;29/04/2026;373325;Arujá;;50.8;20;1680;;;;;;;Manda La Transportes de Cargas LTDA;01/05/2026;
ABC1236;06/05/2026;380882;Arujá;;587.81;140;9231.6;;;;;;;Manda La Transportes de Cargas LTDA;07/05/2026;
AAA1112;30/04/2026;365273;Brasília;;29.748;23;1790.4;;;;;;;Manda La Transportes de Cargas LTDA;01/05/2026;
AAA1112;30/04/2026;371213;Campo Grande;;311.5;32;1533.72;;;;;;;Manda La Transportes de Cargas LTDA;01/05/2026;
EDM2D81;30/04/2026;367948;Cuiabá;;57.027;7;876.9;;;;;;;Manda La Transportes de Cargas LTDA;01/05/2026;
AAA1119;18/04/2026;361610;Dourados;;6240.78;846;50855.04;;;;;;;Manda La Transportes de Cargas LTDA;19/04/2026;Viagem 361610
AAA1112;29/04/2026;371181;Goiânia;;784.26;66;6984;;;;;;;Manda La Transportes de Cargas LTDA;30/04/2026;
AAA1110;07/05/2026;383360;Itaberaba;;402.5;50;4500;;;;;;;Manda La Transportes de Cargas LTDA;08/05/2026;Viagem 383360
AAA1119;24/04/2026;361020;Paulínia;;8756.726;989;78426.24;;;;;;;Manda La Transportes de Cargas LTDA;25/04/2026;
AAA1113;28/04/2026;371477;Rio Claro;;1370.27;110;12962.4;;;;;;;Manda La Transportes de Cargas LTDA;29/04/2026;
AAA1111;07/05/2026;382862;Rio Claro;;233.802;93;3783.24;;;;;;;Manda La Transportes de Cargas LTDA;08/05/2026;
ABC1236;07/05/2026;381014;Rio Claro;;6.233;1;42;;;;;;;Manda La Transportes de Cargas LTDA;08/05/2026;
AAA1113;14/05/2026;384777;Rio Claro;;1868.55;150;17676;;;;;;;Manda La Transportes de Cargas LTDA;15/05/2026;
AAA1112;24/04/2026;366395;São Paulo;;109.63;31;2445.65;;;;;;;Manda La Transportes de Cargas LTDA;25/04/2026;
AAA1118;24/04/2026;366431;São Paulo;;5235.72;840;27216;;;;;;;Manda La Transportes de Cargas LTDA;25/04/2026;
RTX7D67;08/05/2026;379364;São Paulo;;537.052;100;8080.35;;;;;;;Manda La Transportes de Cargas LTDA;09/05/2026;
ABC1236;05/05/2026;376889;Curitiba;;168.848;24;2731.2;;;;;;;TRANSPORTADORA KARAVAGGIO LTDA;06/05/2026;Viagem 376889
AAA1118;18/05/2026;386129;Curitiba;;3851.749;226;42052.08;;;;;;;TRANSPORTADORA KARAVAGGIO LTDA;19/05/2026;Viagem 386129
AAA1117;21/05/2026;393324;Curitiba;;850.395;45;8443.2;;;;;;;TRANSPORTADORA KARAVAGGIO LTDA;22/05/2026;Viagem 393324
AAA1116;27/07/2026;5936596;Jaguariaíva;410.27;355.264;70;5640.35;;;;;;;TRANSPORTADORA KARAVAGGIO LTDA;27/07/2026;437.210
AAA1113;05/05/2026;375738;São José;;782.93;62;5717.82;;;;;;;TRANSPORTADORA KARAVAGGIO LTDA;06/05/2026;Viagem 375738
AAA1113;16/04/2026;361115;Wenceslau Braz;;25.765;7;255.07;;;;;;;TRANSPORTADORA KARAVAGGIO LTDA;17/04/2026;Viagem 361115
AAA1113;05/05/2026;377687;Paraty;;863.513;167;10537.62;;;;;;;T.G LOGISTICA E TRANSPORTES;06/05/2026;Viagem 377687
HJZ0412;30/04/2026;371180;Resende;;124.57;10;960;;;;;;;T.G LOGISTICA E TRANSPORTES;01/05/2026;
AAA1120;02/09/2026;6085560;Resende;965.55;1231;100;9600;;;;;;;T.G LOGISTICA E TRANSPORTES;02/09/2026;445.365
AAA1118;24/04/2026;365506;Rio de Janeiro;;626.674;63;7325.06;;;;;;;T.G LOGISTICA E TRANSPORTES;24/04/2026;
AAA1118;23/04/2026;355472;Rio de Janeiro;;4308.85;450;59856;;;;;;;T.G LOGISTICA E TRANSPORTES;24/04/2026;
AAA1110;27/04/2026;369300;Rio de Janeiro;;17478.74;1531;167545.58;;;;;;;T.G LOGISTICA E TRANSPORTES;28/04/2026;Viagem 369300
HJZ0412;30/04/2026;366891;Rio de Janeiro;;457.103;41;4790.58;;;;;;;T.G LOGISTICA E TRANSPORTES;01/05/2026;
EJW7361;19/05/2026;389926;Rio de Janeiro;1753.72;2242.26;180;23544;;;;;;;T.G LOGISTICA E TRANSPORTES;20/05/2026;CLAUDIO 389926
AAA1119;18/04/2026;359534;Americana;779.57;718.231;150;7464.15;;;;;;;MVT CAMPINAS SOL. EM TRANSPORTES LTDA;18/04/2026;
AAA1119;13/05/2026;386591;Américo Brasiliense;;432.578;77;5058.26;;;;;;;MVT CAMPINAS SOL. EM TRANSPORTES LTDA;14/05/2026;
AAA1119;13/05/2026;386558;Américo Brasiliense;;38.53;9;553.8;;;;;;;MVT CAMPINAS SOL. EM TRANSPORTES LTDA;14/05/2026;
AAA1119;27/04/2026;366892;Araçatuba;;5446.253;725;58438.93;;;;;;;MVT CAMPINAS SOL. EM TRANSPORTES LTDA;28/04/2026;
AAA1119;27/04/2026;369309;Araçatuba;;2828.85;469;35628.86;;;;;;;MVT CAMPINAS SOL. EM TRANSPORTES LTDA;28/04/2026;
AAA1119;08/05/2026;381212;Araçatuba;1092.47;855.808;254;14991.45;;;;;;;MVT CAMPINAS SOL. EM TRANSPORTES LTDA;09/05/2026;
AAA1119;11/05/2026;372534;Araçatuba;339.11;182.036;9;1394.04;;;;;;;MVT CAMPINAS SOL. EM TRANSPORTES LTDA;12/05/2026;
AAA1119;21/05/2026;394874;Araçatuba;3744.17;3303.351;454;39418.28;;;;;;;MVT CAMPINAS SOL. EM TRANSPORTES LTDA;22/05/2026;
AAA1119;15/04/2026;353195;Araraquara;;782.17;181;11383.29;;;;;;;MVT CAMPINAS SOL. EM TRANSPORTES LTDA;15/04/2026;
AAA1119;15/04/2026;350756;Araraquara;;747.42;60;6768;;;;;;;MVT CAMPINAS SOL. EM TRANSPORTES LTDA;15/04/2026;
AAA1119;14/05/2026;386525;Araraquara;6875.49;6326.08;989;78423.88;;;;;;;MVT CAMPINAS SOL. EM TRANSPORTES LTDA;14/05/2026;
AAA1119;19/05/2026;5665745;Araras;;7321.721;714;69392.73;;;;;;;MVT CAMPINAS SOL. EM TRANSPORTES LTDA;19/05/2026;389099
AAA1119;19/05/2026;389099;Araras;6681.49;7321.721;714;69392.73;;;;;;;MVT CAMPINAS SOL. EM TRANSPORTES LTDA;20/05/2026;
AAA1119;18/04/2026;361643;Batatais;;4544.267;628;48260.74;;;;;;;MVT CAMPINAS SOL. EM TRANSPORTES LTDA;18/04/2026;
AAA1119;30/04/2026;373556;Bauru;4430.94;4730.531;818;58331.09;;;;;;;MVT CAMPINAS SOL. EM TRANSPORTES LTDA;01/05/2026;
AAA1119;07/05/2026;375074;Boa Esperança do Sul;;6153.359;1110;82849.62;;;;;;;MVT CAMPINAS SOL. EM TRANSPORTES LTDA;08/05/2026;
AAA1119;27/04/2026;369655;Campinas;;942.954;144;9022.6;;;;;;;MVT CAMPINAS SOL. EM TRANSPORTES LTDA;28/04/2026;
AAA1119;16/04/2026;350766;Catanduva;;747.42;60;6768;;;;;;;MVT CAMPINAS SOL. EM TRANSPORTES LTDA;16/04/2026;
AAA1119;08/05/2026;378473;Catanduva;4175.36;3623.03;668;45336.29;;;;;;;MVT CAMPINAS SOL. EM TRANSPORTES LTDA;09/05/2026;
AAA1119;11/05/2026;382697;Gavião Peixoto;;1346.965;211;16271.18;;;;;;;MVT CAMPINAS SOL. EM TRANSPORTES LTDA;12/05/2026;
AAA1119;28/04/2026;371775;Ibaté;;145.242;21;2031.72;;;;;;;MVT CAMPINAS SOL. EM TRANSPORTES LTDA;29/04/2026;
AAA1119;28/04/2026;368111;Limeira;;77.004;3;602.64;;;;;;;MVT CAMPINAS SOL. EM TRANSPORTES LTDA;28/04/2026;
AAA1119;28/04/2026;371742;Marília;8227.88;7659.325;1392;102063.47;;;;;;;MVT CAMPINAS SOL. EM TRANSPORTES LTDA;29/04/2026;
AAA1119;11/05/2026;370949;Mogi Guaçu;;3552.49;832;56362.81;;;;;;;MVT CAMPINAS SOL. EM TRANSPORTES LTDA;12/05/2026;
AAA1119;06/05/2026;382141;Pereira Barreto;;225.63;115;8440.22;;;;;;;MVT CAMPINAS SOL. EM TRANSPORTES LTDA;07/05/2026;
AAA1119;06/05/2026;381971;Pereira Barreto;;1614.899;218;15790.6;;;;;;;MVT CAMPINAS SOL. EM TRANSPORTES LTDA;07/05/2026;
AAA1112;08/05/2026;385043;Pereira Barreto;;19.62;10;733.93;;;;;;;MVT CAMPINAS SOL. EM TRANSPORTES LTDA;09/05/2026;
AAA1119;14/04/2026;352931;Presidente Prudente;;5957.79;951;76903.12;;;;;;;MVT CAMPINAS SOL. EM TRANSPORTES LTDA;15/04/2026;
AAA1119;24/04/2026;366329;Presidente Prudente;2272.75;1964.245;157;26181.48;;;;;;;MVT CAMPINAS SOL. EM TRANSPORTES LTDA;24/04/2026;
AAA1119;30/04/2026;373523;Ribeirão Bonito;;4135.862;527;42300.93;;;;;;;MVT CAMPINAS SOL. EM TRANSPORTES LTDA;01/05/2026;
AAA1119;24/04/2026;365471;Ribeirão Preto;;5153.826;814;61827.71;;;;;;;MVT CAMPINAS SOL. EM TRANSPORTES LTDA;24/04/2026;
AAA1119;11/05/2026;384680;Ribeirão Preto;797.01;726.153;42;6228.72;;;;;;;MVT CAMPINAS SOL. EM TRANSPORTES LTDA;12/05/2026;
AAA1119;20/05/2026;387708;Ribeirão Preto;2075.49;2380.8;192;15667.2;;;;;;;MVT CAMPINAS SOL. EM TRANSPORTES LTDA;21/05/2026;
AAA1119;21/05/2026;393917;Ribeirão Preto;4846.63;5270.028;574;55878.76;;;;;;;MVT CAMPINAS SOL. EM TRANSPORTES LTDA;22/05/2026;
ABC1236;30/04/2026;375901;São José do Rio Pardo;;12.457;1;117.72;;;;;;;MVT CAMPINAS SOL. EM TRANSPORTES LTDA;01/05/2026;
AAA1119;15/04/2026;358113;São José do Rio Preto;5011.75;5337.884;1139;71984.6;;;;;;;MVT CAMPINAS SOL. EM TRANSPORTES LTDA;16/04/2026;
AAA1110;07/05/2026;376692;São José do Rio Preto;6961.81;7394.745;1723;119067.14;;;;;;;MVT CAMPINAS SOL. EM TRANSPORTES LTDA;08/05/2026;
AAA1119;11/05/2026;372500;São José do Rio Preto;490.25;391.561;19;3320.04;;;;;;;MVT CAMPINAS SOL. EM TRANSPORTES LTDA;12/05/2026;
AAA1119;19/05/2026;389132;São José do Rio Preto;5012.03;5469.858;449;42772.5;;;;;;;MVT CAMPINAS SOL. EM TRANSPORTES LTDA;20/05/2026;
AAA1119;21/04/2026;364184;São Paulo;;6203.363;1005;65960.38;;;;;;;MVT CAMPINAS SOL. EM TRANSPORTES LTDA;23/04/2026;
AAA1119;11/05/2026;384679;São Paulo;;550.819;54;5398.42;;;;;;;MVT CAMPINAS SOL. EM TRANSPORTES LTDA;12/05/2026;
AAA1119;14/05/2026;384314;Socorro;;1824.184;229;23742.35;;;;;;;MVT CAMPINAS SOL. EM TRANSPORTES LTDA;14/05/2026;
GHI3E94;30/04/2026;370916;Além Paraíba;14599.39;11412.72;1095;102794.4;;;;;;;SJBICAS - EXPRESSO RODOMINAS LTDA;01/05/2026;
AAA1116;28/04/2026;369795;Contagem;435.36;378;30;3924;;;;;;;SJBICAS - EXPRESSO RODOMINAS LTDA;28/04/2026;Viagem 369795
AAA1117;30/04/2026;373457;Contagem;4326.17;3833.855;352;38251.62;;;;;;;SJBICAS - EXPRESSO RODOMINAS LTDA;01/05/2026;
AAA1119;12/05/2026;377582;Contagem;8182.5;7259.065;701;78084.24;;;;;;;SJBICAS - EXPRESSO RODOMINAS LTDA;12/05/2026;VIAGEM - 377582
AAA1116;28/04/2026;371211;Itabirito;954.67;847.093;103;8742.18;;;;;;;SJBICAS - EXPRESSO RODOMINAS LTDA;28/04/2026;Viagem 371211
AAA1118;14/05/2026;381707;Juiz de Fora;5397.45;4205.789;341;40888.74;;;;;;;SJBICAS - EXPRESSO RODOMINAS LTDA;15/05/2026;Viagem 381707
AAA1118;20/05/2026;392769;Minas Gerais;;3861.295;422;46058.14;;;;;;;SJBICAS - EXPRESSO RODOMINAS LTDA;21/05/2026;Viagem 392769
AAA1116;22/04/2026;365009;Poços de Caldas;217.91;195.688;23;1953.84;;;;;;;SJBICAS - EXPRESSO RODOMINAS LTDA;24/04/2026;
AAA1119;19/05/2026;390288;Ribeirão das Neves;12993.49;11551.405;1168;114110.75;;;;;;;SJBICAS - EXPRESSO RODOMINAS LTDA;21/05/2026;Viagem 390288
AAA1116;22/04/2026;365999;Uberlândia;740.55;630;50;5985.6;;;;;;;SJBICAS - EXPRESSO RODOMINAS LTDA;24/04/2026;
AAA1117;28/04/2026;366461;Varginha;369.5;315;25;2400;;;;;;;SJBICAS - EXPRESSO RODOMINAS LTDA;28/04/2026;Viagem 366461
IXN6A64;28/04/2026;372137;Porto Alegre;5726.59;5812.38;516;47721.6;;;;;;;FRANCINE TRANSPORTES;29/04/2026;
FSQ9D53;15/06/2026;5762551;Rio Grande do Sul;3196.51;2225.124;439;26637.6;;;;;;;FRANCINE TRANSPORTES;13/06/2026;VIAGEM 416265
AAA1113;31/08/2026;6073010;Anastácio;1733.25;1220.666;128;12059.2;;;;;;;RORAIMA LOGISTICA EIRELI;31/08/2026;444.960
AAA1113;28/07/2026;5941536;Aparecida de Goiânia;;432.9;55;5160;;;;;;;RORAIMA LOGISTICA EIRELI;28/07/2026;437.446
AAA1113;17/08/2026;6017665;Campo Grande;125.94;;;;;;;;;;RORAIMA LOGISTICA EIRELI;17/08/2026;441.828
AAA1113;22/07/2026;5917273;Cruzeiro do Sul;4108.43;1360.802;331;25553.4;;;;;;;RORAIMA LOGISTICA EIRELI;22/07/2026;436.371
AAA1113;21/08/2026;6039159;Pedro Afonso;3540.33;1508.073;128;7050.84;;;;;;;RORAIMA LOGISTICA EIRELI;21/08/2026;443.761
AAA1119;27/04/2026;368408;São Luís;8722.98;7585.2;602;39732;;;;;;;Agil Transporte Rodoviario de Cargas LTDA;28/04/2026;Viagem 368408
AAA1119;22/07/2026;5917832;São Luís;13581.27;11809.8;1050;73500;;;;;;;Agil Transporte Rodoviario de Cargas LTDA;22/07/2026;435.733
AAA1119;31/07/2026;5958800;Juiz de Fora;;6300;500;60504;;;;;;;PRIMESERV LOGISTICA E SERVICOS LTDA;31/07/2026;437.237
KEB6I90;02/07/2026;5833096;Rio de Janeiro;;17640;1400;147840;;;;;;;PRIMESERV LOGISTICA E SERVICOS LTDA;02/07/2026;VIAGEM 417945
AAA1110;31/07/2026;5956384;Rio de Janeiro;;19299.6;1640;170304;;;;;;;PRIMESERV LOGISTICA E SERVICOS LTDA;31/07/2026;436.125
AAA1110;08/05/2026;382037;Mauá;;13566.457;2384;172193.97;;;;;;;LOTUS LOGISTICA EIRELI;09/05/2026;
AAA1110;08/05/2026;382664;Mauá;;137.752;42;2269.37;;;;;;;LOTUS LOGISTICA EIRELI;09/05/2026;
AAA1110;14/05/2026;388967;Mauá;;23.558;5;184.8;;;;;;;LOTUS LOGISTICA EIRELI;15/05/2026;
AAA1110;13/05/2026;384480;Ribeirão Pires;;17312.893;2927;196790.28;;;;;;;LOTUS LOGISTICA EIRELI;14/05/2026;
AAA1110;29/04/2026;371873;Santo André;;12696.716;1902;148040.05;;;;;;;LOTUS LOGISTICA EIRELI;30/04/2026;
AAA1110;15/05/2026;390026;Santo André;;12.31;1;117.72;;;;;;;LOTUS LOGISTICA EIRELI;15/05/2026;
AAA1110;14/05/2026;387911;Santo André;;8816.755;796;80988.25;;;;;;;LOTUS LOGISTICA EIRELI;15/05/2026;
LOT0001;11/07/2026;5873043;Santo André;139.36;;;;;;;;;;LOTUS LOGISTICA EIRELI;13/07/2026;
AAA1110;23/04/2026;366032;São Bernardo do Campo;;11083.624;1424;111441.46;;;;;;;LOTUS LOGISTICA EIRELI;24/04/2026;
AAA1110;15/05/2026;388868;São Bernardo do Campo;;8.014;2;117.6;;;;;;;LOTUS LOGISTICA EIRELI;15/05/2026;
AAA1110;18/05/2026;389927;São Bernardo do Campo;;11500.42;1706;124140.34;;;;;;;LOTUS LOGISTICA EIRELI;19/05/2026;
AAA1110;19/05/2026;391310;São Bernardo do Campo;;386.697;41;5553.06;;;;;;;LOTUS LOGISTICA EIRELI;19/05/2026;
LOT0001;25/06/2026;5805387;São Bernardo do Campo;;676.568;108;7098.33;;;;;;;LOTUS LOGISTICA EIRELI;25/06/2026;
IYM1B86;29/04/2026;364153;Balneário Camboriú;;9072;720;64800;;;;;;;CIA CARGAS TRASNPORTES E LOGISTICA  EIRELI;30/04/2026;
GPA9799;11/05/2026;381741;Brasília;7962.8;7304.65;691;77335.6;;;;;;;CIA CARGAS TRASNPORTES E LOGISTICA  EIRELI;12/05/2026;Viagem 381741
TOF3G11;06/05/2026;374150;Cachoeiro de Itapemirim;;1733.359;184;19732.59;;;;;;;CIA CARGAS TRASNPORTES E LOGISTICA  EIRELI;07/05/2026;Viagem 374150
SVO4J63;29/06/2026;5817155;Cambé;6555.11;18610;1500;162240;;;;;;;CIA CARGAS TRASNPORTES E LOGISTICA  EIRELI;29/06/2026;GLEDEN 406361
IPG6721;28/08/2026;6065107;Esteio;;11124.495;1777;160151.04;;;;;;;CIA CARGAS TRASNPORTES E LOGISTICA  EIRELI;28/08/2026;444.784
DPC7G52;29/04/2026;368243;Itaitinga;;2968.372;242;12487.2;;;;;;;CIA CARGAS TRASNPORTES E LOGISTICA  EIRELI;01/05/2026;
ISP7I67;28/05/2026;5700837;Porto Alegre;8910;6026.1;500;52260;;;;;;;CIA CARGAS TRASNPORTES E LOGISTICA  EIRELI;28/05/2026;GUIOMAR PEREIRA 401474
MLX5G18;14/09/2026;6128172;Porto Alegre;8910;5182.44;420;43728;;;;;;;CIA CARGAS TRASNPORTES E LOGISTICA  EIRELI;14/09/2026;Yuri - 445.648 / 449.448
DBB8258;14/04/2026;356957;Rio de Janeiro;;24507;1945;46680;;;;;;;CIA CARGAS TRASNPORTES E LOGISTICA  EIRELI;15/04/2026;Viagem 356957
RKD3G01;15/04/2026;357353;Rio de Janeiro;;21842.7;2010;60912;;;;;;;CIA CARGAS TRASNPORTES E LOGISTICA  EIRELI;16/04/2026;Viagem 357353
ELW4J00;30/04/2026;365801;Rio de Janeiro;4975.4;6228.5;500;65400;;;;;;;CIA CARGAS TRASNPORTES E LOGISTICA  EIRELI;01/05/2026;
KEB6I90;09/05/2026;384757;Rio de Janeiro;4975.4;1860.192;96;16358.4;;;;;;;CIA CARGAS TRASNPORTES E LOGISTICA  EIRELI;10/05/2026;RUBENS ALVES E SOUZA - 384757
DBB8258;21/05/2026;395073;Rio de Janeiro;7076.99;23244.48;1950;46800;;;;;;;CIA CARGAS TRASNPORTES E LOGISTICA  EIRELI;22/05/2026;Viagem 395073
TOF3G11;07/05/2026;381641;Serra;;25.2;2;235.68;;;;;;;CIA CARGAS TRASNPORTES E LOGISTICA  EIRELI;08/05/2026;Viagem 381641
PPD8C65;30/05/2026;5711410;Serra;;8983.8;700;50400;;;;;;;CIA CARGAS TRASNPORTES E LOGISTICA  EIRELI;30/05/2026;ANTONIO ALISSON 399659
AAA1119;28/08/2026;6065116;Serra;;9240.48;720;51840;;;;;;;CIA CARGAS TRASNPORTES E LOGISTICA  EIRELI;28/08/2026;444.779
HBZ6F77;22/09/2026;6156710;Mauá;1785;5292;420;38404.8;;;;;;;VASLOG TRANSPORTES EIRELI;22/09/2026;VIAGEM - 450856
HBZ6F77;08/09/2026;6100476;Praia Grande;1785;10264.568;824;79104;;;;;;;VASLOG TRANSPORTES EIRELI;08/09/2026;WILLIAN 445.647
HBZ6F77;16/09/2026;6136881;Santos;1785;4963.698;839;57644.25;;;;;;;VASLOG TRANSPORTES EIRELI;16/09/2026;Willian - 447.467
AAA1110;19/05/2026;385238;João Pessoa;;13443.482;5065;398121.02;;;;;;;Trans CJ Transportes e Logistica Ltda;20/05/2026;Viagem 385238
AAA1113;11/08/2026;5995901;Parnamirim;;525;230;17370;;;;;;;Trans CJ Transportes e Logistica Ltda;11/08/2026;439.556
CZC5B64;15/04/2026;358277;Alumínio;913.82;1101.297;206;14453.58;;;;;;;MAJO - COTIA;16/04/2026;
AAA1110;20/05/2026;390716;Araçatuba;;851.039;56;9485.64;;;;;;;MAJO - COTIA;21/05/2026;
AAA1110;14/05/2026;388705;Avaré;;14090.065;1523;140912.35;;;;;;;MAJO - COTIA;15/05/2026;
AAA1110;15/05/2026;388804;Bauru;;96.885;5;705;;;;;;;MAJO - COTIA;15/05/2026;
ATA3J14;13/05/2026;387515;Cotia;;13234.892;1719;150385.08;;;;;;;MAJO - COTIA;15/05/2026;
CZC5B64;16/04/2026;360325;Ilhabela;;531.226;105;7836.1;;;;;;;MAJO - COTIA;16/04/2026;
AAA1110;08/05/2026;378211;Ilhabela;342.18;10324.554;2092;150393.38;;;;;;;MAJO - COTIA;08/05/2026;
AAA1110;19/05/2026;392003;Ilha Comprida;499.5;602.452;189;9982.79;;;;;;;MAJO - COTIA;20/05/2026;
AAA1110;20/05/2026;392632;Jacareí;563.85;16186.172;1784;158094.52;;;;;;;MAJO - COTIA;21/05/2026;
AAA1118;29/04/2026;373061;Jaú;;1003.386;124;11323.21;;;;;;;MAJO - COTIA;30/04/2026;
CZC5B64;24/04/2026;366098;São José dos Campos;;11335.607;1619;120469.2;;;;;;;MAJO - COTIA;25/04/2026;
AAA1110;11/05/2026;383787;São José dos Campos;;104.016;8;1032;;;;;;;MAJO - COTIA;12/05/2026;
AAA1110;11/05/2026;383194;São José dos Campos;;4103.272;564;47880.48;;;;;;;MAJO - COTIA;13/05/2026;
AAA1110;21/05/2026;395897;São José dos Campos;377.59;16503.062;1617;166139.69;;;;;;;MAJO - COTIA;22/05/2026;
CZC5B64;28/04/2026;370688;São Paulo;;12694.013;1400;111361.76;;;;;;;MAJO - COTIA;29/04/2026;
AAA1110;18/05/2026;390122;São Paulo;;14434.386;1994;159339.73;;;;;;;MAJO - COTIA;20/05/2026;
DBC3376;28/04/2026;370161;Duque de Caxias;6052.27;18725;1500;183956;;;;;;;TRANSFORM EMPRESA DE TRANSPORTES LTDA;29/04/2026;
BCC4F15;23/04/2026;346892;Rio de Janeiro;6052.27;17479.8;1500;158400;;;;;;;TRANSFORM EMPRESA DE TRANSPORTES LTDA;24/04/2026;
FOI6152;23/04/2026;348971;Rio de Janeiro;6052.27;16693.2;1400;144960;;;;;;;TRANSFORM EMPRESA DE TRANSPORTES LTDA;24/04/2026;
AAA1110;28/04/2026;369136;Rio de Janeiro;;10866.6;900;21600;;;;;;;TRANSFORM EMPRESA DE TRANSPORTES LTDA;29/04/2026;
AAA1110;29/04/2026;370960;Rio de Janeiro;6052.27;24507;1945;46680;;;;;;;TRANSFORM EMPRESA DE TRANSPORTES LTDA;30/04/2026;
DPB7H44;29/04/2026;370958;Rio de Janeiro;6052.27;24507;1945;46680;;;;;;;TRANSFORM EMPRESA DE TRANSPORTES LTDA;30/04/2026;Viagem 370958
BCC4F15;05/05/2026;377847;Rio de Janeiro;6052.27;24507;1945;46680;;;;;;;TRANSFORM EMPRESA DE TRANSPORTES LTDA;06/05/2026;Viagem 377847
EPP3563;06/05/2026;378970;Rio de Janeiro;6052.27;14138.2;1700;55560;;;;;;;TRANSFORM EMPRESA DE TRANSPORTES LTDA;07/05/2026;Viagem 378970
AAA1110;11/05/2026;383359;Rio de Janeiro;6052.27;24507;1945;46680;;;;;;;TRANSFORM EMPRESA DE TRANSPORTES LTDA;12/05/2026;Viagem 383359
EPP3598;09/06/2026;5740812;Rio de Janeiro;6052.27;24720.585;2190;58351.41;;;;;;;TRANSFORM EMPRESA DE TRANSPORTES LTDA;09/06/2026;VIAGEM 403388
BCC4F15;30/04/2026;371281;São Paulo;;13548.269;1630;136572.95;;;;;;;TRANSFORM EMPRESA DE TRANSPORTES LTDA;01/05/2026;
CZB2029;30/04/2026;358860;São Paulo;;12334.566;1325;126966.5;;;;;;;TRANSFORM EMPRESA DE TRANSPORTES LTDA;01/05/2026;
DBC5F59;08/05/2026;369649;São Paulo;;16575.505;2048;177805.93;;;;;;;TRANSFORM EMPRESA DE TRANSPORTES LTDA;09/05/2026;
AAA1110;08/05/2026;369659;São Paulo;;12512.751;1325;127332.2;;;;;;;TRANSFORM EMPRESA DE TRANSPORTES LTDA;09/05/2026;
AAA1110;06/05/2026;382103;Planaltina do Paraná;;20137.5;20137;30206.25;;;;;;;V L V DA SILVA E CIA LTDA;07/05/2026;Viagem 382103
AAA1110;14/05/2026;390069;Planaltina do Paraná;;18546.5;18546;27819.75;;;;;;;V L V DA SILVA E CIA LTDA;15/05/2026;Viagem 390069
AAA1110;21/05/2026;398339;Planaltina do Paraná;;22432;22432;33648;;;;;;;V L V DA SILVA E CIA LTDA;22/05/2026;Viagem 398339
TMJ7G92;06/04/2026;349730;Barueri;;1477.2;120;13536;;;;;;;LOGUBER GESTAO EM TRANSPORTES EIRELI;16/04/2026;
GGY1H43;03/06/2026;5724304;Barueri;823.28;886.802;149;12247.2;;;;;;;LOGUBER GESTAO EM TRANSPORTES EIRELI;03/06/2026;ANDERSON DA SILVA 409858
ERE5J67;08/04/2026;350225;Caieiras;;1203.268;214;13602.48;;;;;;;LOGUBER GESTAO EM TRANSPORTES EIRELI;16/04/2026;
EKH8B19;11/08/2026;5993071;Cajamar;837.64;1408.925;256;18559.5;;;;;;;LOGUBER GESTAO EM TRANSPORTES EIRELI;11/08/2026;
QSG5G40;30/03/2026;333278;Carapicuíba;;1253.815;278;20207.98;;;;;;;LOGUBER GESTAO EM TRANSPORTES EIRELI;18/04/2026;
EKH8B19;20/08/2026;6030655;Carapicuíba;823.98;1285.09;169;12548.06;;;;;;;LOGUBER GESTAO EM TRANSPORTES EIRELI;20/08/2026;443187
ERE5J67;11/05/2026;385373;Cotia;815.44;861.673;96;8794.71;;;;;;;LOGUBER GESTAO EM TRANSPORTES EIRELI;12/05/2026;
ERE5J67;12/05/2026;5636513;Cotia;799.53;123.809;16;1794.08;;;;;;;LOGUBER GESTAO EM TRANSPORTES EIRELI;12/05/2026;PAULO ROBERTO - 385374
ERE5J67;18/05/2026;390915;Cotia;822;1097.809;146;11678.77;;;;;;;LOGUBER GESTAO EM TRANSPORTES EIRELI;19/05/2026;
JAP6J15;15/07/2026;5883321;Cotia;826.07;1254.985;149;13470.84;;;;;;;LOGUBER GESTAO EM TRANSPORTES EIRELI;15/07/2026;VIAGEM 435334
JAP6J15;15/04/2026;351482;Cruzeiro do Sul;;694.258;152;14253.01;;;;;;;LOGUBER GESTAO EM TRANSPORTES EIRELI;16/04/2026;Viagem 351482
QSG5G40;21/04/2026;363987;Diadema;820.28;873.288;160;10923.73;;;;;;;LOGUBER GESTAO EM TRANSPORTES EIRELI;23/04/2026;
JAP6J15;14/08/2026;6013971;Diadema;869.58;1035.35;315;32616.67;;;;;;;LOGUBER GESTAO EM TRANSPORTES EIRELI;15/08/2026;442087
FCB4J91;13/04/2026;349269;Embu das Artes;;2396.51;300;31736.4;;;;;;;LOGUBER GESTAO EM TRANSPORTES EIRELI;14/04/2026;
SVC0J72;23/05/2026;5681883;Embu das Artes;840.7;1437.174;263;19909.32;;;;;;;LOGUBER GESTAO EM TRANSPORTES EIRELI;23/05/2026;VIAGEM 398043
EKH8B19;13/06/2026;5763029;Francisco Morato;974.76;2410.705;361;28897.33;;;;;;;LOGUBER GESTAO EM TRANSPORTES EIRELI;13/06/2026;VIAGEM 420020
JAP6J15;08/04/2026;350589;Franco da Rocha;;1235.333;191;14256.81;;;;;;;LOGUBER GESTAO EM TRANSPORTES EIRELI;16/04/2026;
JAP6J15;10/04/2026;354516;Franco da Rocha;;1207.565;161;13713.92;;;;;;;LOGUBER GESTAO EM TRANSPORTES EIRELI;16/04/2026;
ERE5J67;05/05/2026;378242;Franco da Rocha;841.65;1386.833;261;20324.85;;;;;;;LOGUBER GESTAO EM TRANSPORTES EIRELI;06/05/2026;
EKH8B19;11/06/2026;5751567;Franco da Rocha;813.85;518.276;110;8094.55;;;;;;;LOGUBER GESTAO EM TRANSPORTES EIRELI;11/06/2026;VIAGEM 414714
EKH8B19;09/07/2026;5861894;Franco da Rocha;819.52;772.296;144;10590.62;;;;;;;LOGUBER GESTAO EM TRANSPORTES EIRELI;09/07/2026;434126 JEFERSON
JAP6J15;18/07/2026;5903892;Franco da Rocha;812.16;643.806;115;7349.83;;;;;;;LOGUBER GESTAO EM TRANSPORTES EIRELI;18/07/2026;marcelo 436.191
EVF4506;02/06/2026;5718300;Guarujá;955.59;1925.958;220;20459.78;;;;;;;LOGUBER GESTAO EM TRANSPORTES EIRELI;02/06/2026;VIAGEM 403556
JAP6J15;09/04/2026;349272;Guarulhos;;102.931;9;909.6;;;;;;;LOGUBER GESTAO EM TRANSPORTES EIRELI;14/04/2026;
FCB4J91;23/04/2026;364811;Guarulhos;957.81;2614.291;262;21432.64;;;;;;;LOGUBER GESTAO EM TRANSPORTES EIRELI;24/04/2026;
JAP6J15;12/05/2026;385875;Guarulhos;829.56;1380.468;165;15004.88;;;;;;;LOGUBER GESTAO EM TRANSPORTES EIRELI;13/05/2026;
EFF7J89;05/06/2026;5730554;Guarulhos;828.05;1253.349;207;14341.69;;;;;;;LOGUBER GESTAO EM TRANSPORTES EIRELI;05/06/2026;FELIPE PEREIRA LEME 410714
EFF7J89;13/06/2026;5763392;Guarulhos;825.66;950.846;164;13290.91;;;;;;;LOGUBER GESTAO EM TRANSPORTES EIRELI;13/06/2026;VIAGEM 416274
EKH8B19;03/07/2026;5838577;Guarulhos;827.69;1199.782;200;14182.97;;;;;;;LOGUBER GESTAO EM TRANSPORTES EIRELI;03/07/2026;VIAGEM 432791
EKH8B19;15/07/2026;5883504;Guarulhos;826.61;1249.166;161;13710.66;;;;;;;LOGUBER GESTAO EM TRANSPORTES EIRELI;15/07/2026;VIAGEM 435337
EKH8B19;23/07/2026;5920050;Guarulhos;820.74;1020.692;155;11126.36;;;;;;;LOGUBER GESTAO EM TRANSPORTES EIRELI;23/07/2026;VIAGEM 437008
EKH8B19;10/08/2026;5986324;Guarulhos;815.52;916.053;95;8828.88;;;;;;;LOGUBER GESTAO EM TRANSPORTES EIRELI;08/08/2026;VIAGEM 439747
JAP6J15;11/07/2026;5870326;Itapecerica da Serra;826.23;1243.921;142;13541.54;;;;;;;LOGUBER GESTAO EM TRANSPORTES EIRELI;11/07/2026;VIAGEM 434706
EFF7J89;07/04/2026;349667;Itapevi;;894.223;115;10679.66;;;;;;;LOGUBER GESTAO EM TRANSPORTES EIRELI;16/04/2026;
EKH8B19;04/06/2026;5729336;Itapevi;820.03;1087.591;132;10813.19;;;;;;;LOGUBER GESTAO EM TRANSPORTES EIRELI;04/06/2026;JEFERSON DA SILVA 412014
JAP6J15;07/04/2026;343857;Itaquaquecetuba;;1288.649;161;15399.88;;;;;;;LOGUBER GESTAO EM TRANSPORTES EIRELI;16/04/2026;
ERE5J67;01/04/2026;333302;Itaquaquecetuba;;543.485;103;7341.85;;;;;;;LOGUBER GESTAO EM TRANSPORTES EIRELI;16/04/2026;
EFF7J89;29/04/2026;372107;Itaquaquecetuba;829.19;1363.044;224;14843.91;;;;;;;LOGUBER GESTAO EM TRANSPORTES EIRELI;29/04/2026;
FFC9B31;05/06/2026;5729344;Itaquaquecetuba;809.28;671.764;101;6085.27;;;;;;;LOGUBER GESTAO EM TRANSPORTES EIRELI;04/06/2026;josue 411.704
JAP6J15;14/04/2026;354424;Jandira;;910.323;109;9455.53;;;;;;;LOGUBER GESTAO EM TRANSPORTES EIRELI;15/04/2026;
ERE5J67;23/04/2026;365339;Jandira;813.23;834.276;80;7821.98;;;;;;;LOGUBER GESTAO EM TRANSPORTES EIRELI;24/04/2026;
EFF7J89;23/04/2026;362701;Mauá;827.33;742.845;178;14024.37;;;;;;;LOGUBER GESTAO EM TRANSPORTES EIRELI;23/04/2026;
ERE5J67;27/04/2026;370058;Mauá;830.4;1423.655;268;15375.26;;;;;;;LOGUBER GESTAO EM TRANSPORTES EIRELI;28/04/2026;
ERE5J67;28/04/2026;372665;Mauá;802.74;176.581;41;3203.94;;;;;;;LOGUBER GESTAO EM TRANSPORTES EIRELI;29/04/2026;
FCB4J91;02/05/2026;373490;Mauá;827.74;1248.273;213;14020.17;;;;;;;LOGUBER GESTAO EM TRANSPORTES EIRELI;05/05/2026;
JAP6J15;24/07/2026;5929695;Mauá;819.85;991.416;155;10736.42;;;;;;;LOGUBER GESTAO EM TRANSPORTES EIRELI;24/07/2026;437188
JAP6J15;31/07/2026;5953848;Mauá;801.91;168.799;45;2840.66;;;;;;;LOGUBER GESTAO EM TRANSPORTES EIRELI;31/07/2026;VIAGEM 438867
JAP6J15;18/08/2026;6020773;Mauá;796.14;;;;;;;;;;LOGUBER GESTAO EM TRANSPORTES EIRELI;18/08/2026;442394
ODG4D77;02/09/2026;6081094;Mauá;957.64;2190.7;254;21359.06;;;;;;;LOGUBER GESTAO EM TRANSPORTES EIRELI;02/09/2026;445349
ODG4D77;13/04/2026;355838;Mogi das Cruzes;;130.239;12;1875.6;;;;;;;LOGUBER GESTAO EM TRANSPORTES EIRELI;14/04/2026;
ODG4D77;13/04/2026;355837;Mogi das Cruzes;;1893.109;306;21187.21;;;;;;;LOGUBER GESTAO EM TRANSPORTES EIRELI;14/04/2026;
ERE5J67;30/03/2026;339270;Mogi das Cruzes;;915.382;82;8512.01;;;;;;;LOGUBER GESTAO EM TRANSPORTES EIRELI;18/04/2026;
EFF7J89;11/06/2026;5751754;Mogi das Cruzes;823.45;1432.665;192;12319.6;;;;;;;LOGUBER GESTAO EM TRANSPORTES EIRELI;11/06/2026;FELIPE PEREIRA 417545 / 417578
EFF7J89;07/05/2026;381346;Osasco;826.59;1186.768;168;13700.5;;;;;;;LOGUBER GESTAO EM TRANSPORTES EIRELI;08/05/2026;
FFC9B31;03/06/2026;5724180;Osasco;823.48;909.076;151;12330.12;;;;;;;LOGUBER GESTAO EM TRANSPORTES EIRELI;03/06/2026;JOSUE SALES 409727
JAP6J15;13/06/2026;5763032;Osasco;828.83;1110.476;184;14684.63;;;;;;;LOGUBER GESTAO EM TRANSPORTES EIRELI;13/06/2026;VIAGEM 420549
EKH8B19;05/08/2026;5971218;Osasco;827.06;1341.25;175;13902.54;;;;;;;LOGUBER GESTAO EM TRANSPORTES EIRELI;05/08/2026;VIAGEM 438931
EKH8B19;02/09/2026;6081085;Osasco;826.51;590.208;96;13666.97;;;;;;;LOGUBER GESTAO EM TRANSPORTES EIRELI;02/09/2026;445329
ERE5J67;07/04/2026;343856;Poá;;1133.854;103;10675.09;;;;;;;LOGUBER GESTAO EM TRANSPORTES EIRELI;16/04/2026;
FCB4J91;02/05/2026;373493;Ribeirão Pires;797.33;82.916;4;824.64;;;;;;;LOGUBER GESTAO EM TRANSPORTES EIRELI;03/05/2026;
EKH8B19;12/08/2026;5998438;Ribeirão Pires;820.78;954.733;152;11145.82;;;;;;;LOGUBER GESTAO EM TRANSPORTES EIRELI;12/08/2026;441274
JAP6J15;21/04/2026;360952;Santa Isabel;828.51;991.229;163;14544.33;;;;;;;LOGUBER GESTAO EM TRANSPORTES EIRELI;23/04/2026;
ERE5J67;13/05/2026;382897;Santa Isabel;820.99;801.609;117;11234.66;;;;;;;LOGUBER GESTAO EM TRANSPORTES EIRELI;14/05/2026;
EFF7J89;31/03/2026;341159;Santana de Parnaíba;;933.696;124;9687.29;;;;;;;LOGUBER GESTAO EM TRANSPORTES EIRELI;16/04/2026;
EFF7J89;15/05/2026;5651707;Santana de Parnaíba;827.32;983.284;189;14020.63;;;;;;;LOGUBER GESTAO EM TRANSPORTES EIRELI;15/05/2026;FELIPE PEREIRA LEME 386955
EFF7J89;15/05/2026;386955;Santana de Parnaíba;827.32;983.284;189;14020.63;;;;;;;LOGUBER GESTAO EM TRANSPORTES EIRELI;16/05/2026;
JAP6J15;29/05/2026;5705371;Santana de Parnaíba;811.98;594.401;60;7267.72;;;;;;;LOGUBER GESTAO EM TRANSPORTES EIRELI;29/05/2026;MARCELO DOS REIS - 402959
JAP6J15;24/06/2026;5800482;Santana de Parnaíba;825.85;1483.864;145;13374.72;;;;;;;LOGUBER GESTAO EM TRANSPORTES EIRELI;24/06/2026;VIAGEM 429963
JAP6J15;02/04/2026;346628;Santo André;;1508.563;229;15869.77;;;;;;;LOGUBER GESTAO EM TRANSPORTES EIRELI;16/04/2026;
ERE5J67;22/04/2026;358869;Santo André;831.34;1307.424;193;15791.98;;;;;;;LOGUBER GESTAO EM TRANSPORTES EIRELI;23/04/2026;
ERE5J67;28/04/2026;372566;Santo André;798.92;98.462;11;1526.4;;;;;;;LOGUBER GESTAO EM TRANSPORTES EIRELI;29/04/2026;
ERE5J67;30/04/2026;376230;Santo André;812.53;785.733;49;7517.04;;;;;;;LOGUBER GESTAO EM TRANSPORTES EIRELI;01/05/2026;
ERE5J67;01/05/2026;376229;Santo André;809.97;594.711;68;6386.64;;;;;;;LOGUBER GESTAO EM TRANSPORTES EIRELI;01/05/2026;
JAP6J15;06/05/2026;377816;Santo André;795.52;;;;;;;;;;LOGUBER GESTAO EM TRANSPORTES EIRELI;06/05/2026;
JAP6J15;06/05/2026;377846;Santo André;809.53;;;;;;;;;;LOGUBER GESTAO EM TRANSPORTES EIRELI;06/05/2026;
JAP6J15;06/05/2026;378836;Santo André;824.78;1115.937;217;12906.3;;;;;;;LOGUBER GESTAO EM TRANSPORTES EIRELI;06/05/2026;Viagem 378836
JAP6J15;01/09/2026;6077663;Santo André;818.86;990.447;120;10298.12;;;;;;;LOGUBER GESTAO EM TRANSPORTES EIRELI;01/09/2026;leonardo 445.181
QSG5G40;08/04/2026;350821;São Bernardo do Campo;;913.523;81;7960.3;;;;;;;LOGUBER GESTAO EM TRANSPORTES EIRELI;16/04/2026;
FCB4J91;08/04/2026;341186;São Bernardo do Campo;;1515.213;245;19604.74;;;;;;;LOGUBER GESTAO EM TRANSPORTES EIRELI;16/04/2026;
FCB4J91;08/04/2026;350226;São Bernardo do Campo;;267.538;27;3587.4;;;;;;;LOGUBER GESTAO EM TRANSPORTES EIRELI;18/04/2026;
FCB4J91;10/03/2026;318054;São Bernardo do Campo;795.56;3;1;46.8;;;;;;;LOGUBER GESTAO EM TRANSPORTES EIRELI;28/04/2026;
EFF7J89;28/04/2026;370454;São Bernardo do Campo;835.63;1462.934;245;17673.83;;;;;;;LOGUBER GESTAO EM TRANSPORTES EIRELI;29/04/2026;
FCB4J91;25/05/2026;5683734;São Bernardo do Campo;951.1;1904.283;268;18487.12;;;;;;;LOGUBER GESTAO EM TRANSPORTES EIRELI;25/05/2026;CRISTIANO DO NASCIMENTO 398108
JAP6J15;26/05/2026;5688936;São Bernardo do Campo;822.59;1375.288;168;11940.66;;;;;;;LOGUBER GESTAO EM TRANSPORTES EIRELI;26/05/2026;MARCELO DOS REIS 398141
SVC0J72;26/05/2026;5689038;São Bernardo do Campo;829.9;1547.301;229;15157.41;;;;;;;LOGUBER GESTAO EM TRANSPORTES EIRELI;26/05/2026;LAERCIO 398175
EFF7J89;29/05/2026;5706223;São Bernardo do Campo;815.1;738.525;125;8646.56;;;;;;;LOGUBER GESTAO EM TRANSPORTES EIRELI;29/05/2026;felipe perreira 404744
EFF7J89;03/07/2026;5838655;São Bernardo do Campo;829.8;1087.267;199;15109.85;;;;;;;LOGUBER GESTAO EM TRANSPORTES EIRELI;03/07/2026;VIAGEM 432663
ODG4D77;18/08/2026;6020774;São Bernardo do Campo;796.5;;;;;;;;;;LOGUBER GESTAO EM TRANSPORTES EIRELI;18/08/2026;438502
EKH8B19;28/08/2026;6065051;São Bernardo do Campo;831.77;1142.83;232;15977.99;;;;;;;LOGUBER GESTAO EM TRANSPORTES EIRELI;28/08/2026;jeferson 445.183
FCB4J91;15/05/2026;387674;São Lourenço da Serra;960.93;2049.878;307;22808.02;;;;;;;LOGUBER GESTAO EM TRANSPORTES EIRELI;16/05/2026;
JAP6J15;13/04/2026;357355;São Paulo;;698.715;102;8857.65;;;;;;;LOGUBER GESTAO EM TRANSPORTES EIRELI;14/04/2026;
ERE5J67;14/04/2026;357023;São Paulo;;368.826;38;3390;;;;;;;LOGUBER GESTAO EM TRANSPORTES EIRELI;14/04/2026;
EFF7J89;14/04/2026;356827;São Paulo;;1268.395;233;14502.48;;;;;;;LOGUBER GESTAO EM TRANSPORTES EIRELI;14/04/2026;
ERE5J67;15/04/2026;357881;São Paulo;;969.358;195;12391.96;;;;;;;LOGUBER GESTAO EM TRANSPORTES EIRELI;15/04/2026;
EFF7J89;14/04/2026;357849;São Paulo;;920.058;161;10740.2;;;;;;;LOGUBER GESTAO EM TRANSPORTES EIRELI;15/04/2026;
FCB4J91;15/04/2026;357749;São Paulo;;2234.161;317;21517.73;;;;;;;LOGUBER GESTAO EM TRANSPORTES EIRELI;15/04/2026;
QSG5G40;07/04/2026;343791;São Paulo;;1237.051;203;14647.44;;;;;;;LOGUBER GESTAO EM TRANSPORTES EIRELI;16/04/2026;
QSG5G40;09/04/2026;352172;São Paulo;;1398.287;141;14776.06;;;;;;;LOGUBER GESTAO EM TRANSPORTES EIRELI;16/04/2026;
EFF7J89;09/04/2026;352569;São Paulo;;749.245;98;7987.76;;;;;;;LOGUBER GESTAO EM TRANSPORTES EIRELI;16/04/2026;
EFF7J89;09/04/2026;351481;São Paulo;;1240.158;170;13735.93;;;;;;;LOGUBER GESTAO EM TRANSPORTES EIRELI;16/04/2026;
FCB4J91;07/04/2026;343691;São Paulo;;2462;200;15120;;;;;;;LOGUBER GESTAO EM TRANSPORTES EIRELI;16/04/2026;
QSG5G40;11/04/2026;354421;São Paulo;;559.231;98;7696.86;;;;;;;LOGUBER GESTAO EM TRANSPORTES EIRELI;16/04/2026;
EFF7J89;08/04/2026;348542;São Paulo;;528.925;92;7529.53;;;;;;;LOGUBER GESTAO EM TRANSPORTES EIRELI;16/04/2026;
ERE5J67;08/04/2026;344615;São Paulo;;380.343;49;3319.8;;;;;;;LOGUBER GESTAO EM TRANSPORTES EIRELI;16/04/2026;
JAP6J15;28/03/2026;333267;São Paulo;;774.776;175;11657.14;;;;;;;LOGUBER GESTAO EM TRANSPORTES EIRELI;16/04/2026;
JAP6J15;08/04/2026;349169;São Paulo;;865.363;116;8271.73;;;;;;;LOGUBER GESTAO EM TRANSPORTES EIRELI;16/04/2026;
JAP6J15;31/03/2026;337190;São Paulo;765.14;1097.264;157;13413;;;;;;;LOGUBER GESTAO EM TRANSPORTES EIRELI;16/04/2026;
QSG5G40;31/03/2026;339731;São Paulo;;1207.146;189;14067.29;;;;;;;LOGUBER GESTAO EM TRANSPORTES EIRELI;16/04/2026;
SFS2H04;08/04/2026;352206;São Paulo;;474.898;56;5657.76;;;;;;;LOGUBER GESTAO EM TRANSPORTES EIRELI;16/04/2026;
EFF7J89;16/04/2026;359036;São Paulo;;921.944;129;12585.65;;;;;;;LOGUBER GESTAO EM TRANSPORTES EIRELI;17/04/2026;
QSG5G40;16/04/2026;358415;São Paulo;;1127.8;140;10291.98;;;;;;;LOGUBER GESTAO EM TRANSPORTES EIRELI;17/04/2026;
JAP6J15;08/04/2026;349202;São Paulo;;100.614;10;1129.2;;;;;;;LOGUBER GESTAO EM TRANSPORTES EIRELI;18/04/2026;
EFF7J89;13/04/2026;355605;São Paulo;750.65;753.929;45;6561.12;;;;;;;LOGUBER GESTAO EM TRANSPORTES EIRELI;18/04/2026;
JAP6J15;31/03/2026;340094;São Paulo;;41.66;10;778.8;;;;;;;LOGUBER GESTAO EM TRANSPORTES EIRELI;18/04/2026;
JAP6J15;20/04/2026;361380;São Paulo;;948.915;161;13353.59;;;;;;;LOGUBER GESTAO EM TRANSPORTES EIRELI;21/04/2026;
EFF7J89;02/05/2026;375239;São Paulo;751.98;757.933;73;7189.08;;;;;;;LOGUBER GESTAO EM TRANSPORTES EIRELI;03/05/2026;
ERE5J67;04/05/2026;377649;São Paulo;737.09;12.31;1;117.72;;;;;;;LOGUBER GESTAO EM TRANSPORTES EIRELI;05/05/2026;
ERE5J67;04/05/2026;372302;São Paulo;767.78;1240.781;176;14696.08;;;;;;;LOGUBER GESTAO EM TRANSPORTES EIRELI;05/05/2026;
FCB4J91;05/05/2026;377219;São Paulo;882.8;2225.98;232;19328.08;;;;;;;LOGUBER GESTAO EM TRANSPORTES EIRELI;06/05/2026;
EFF7J89;06/05/2026;5617245;São Paulo;766.78;1497.849;178;14220.85;;;;;;;LOGUBER GESTAO EM TRANSPORTES EIRELI;06/05/2026;FELIPE PEREIRA LEME - 377187
EFF7J89;06/05/2026;377187;São Paulo;766.78;1497.849;178;14220.85;;;;;;;LOGUBER GESTAO EM TRANSPORTES EIRELI;07/05/2026;
ERE5J67;07/05/2026;5620823;São Paulo;737.68;58.59;17;400.38;;;;;;;LOGUBER GESTAO EM TRANSPORTES EIRELI;07/05/2026;PAULO ROBERTO - 380981
ERE5J67;07/05/2026;5621846;São Paulo;776.23;1339.845;280;18710.32;;;;;;;LOGUBER GESTAO EM TRANSPORTES EIRELI;07/05/2026;PAULO ROBERTO - 377814
FCB4J91;07/05/2026;380784;São Paulo;894.62;2135.344;327;24945.56;;;;;;;LOGUBER GESTAO EM TRANSPORTES EIRELI;08/05/2026;
ERE5J67;07/05/2026;377814;São Paulo;776.23;1339.845;280;18710.32;;;;;;;LOGUBER GESTAO EM TRANSPORTES EIRELI;08/05/2026;Viagem 377814
EFF7J89;09/05/2026;381350;São Paulo;755.95;706.644;125;9072.5;;;;;;;LOGUBER GESTAO EM TRANSPORTES EIRELI;10/05/2026;
JAP6J15;09/05/2026;382070;São Paulo;768.94;1446.418;155;15245.85;;;;;;;LOGUBER GESTAO EM TRANSPORTES EIRELI;10/05/2026;WELTON NASCIMENTO - 382070
EFF7J89;09/05/2026;385139;São Paulo;737.28;13.914;4;211.2;;;;;;;LOGUBER GESTAO EM TRANSPORTES EIRELI;10/05/2026;
EFF7J89;12/05/2026;383159;São Paulo;751.51;568.6;95;6963.84;;;;;;;LOGUBER GESTAO EM TRANSPORTES EIRELI;13/05/2026;
ERE5J67;12/05/2026;383094;São Paulo;775.28;1355.251;274;18260.72;;;;;;;LOGUBER GESTAO EM TRANSPORTES EIRELI;13/05/2026;
JAP6J15;19/05/2026;5663176;São Paulo;764.01;1403.678;179;12903.75;;;;;;;LOGUBER GESTAO EM TRANSPORTES EIRELI;19/05/2026;MARCELO DOS REIS - 387592
EFF7J89;19/05/2026;5663250;São Paulo;767.33;1266.926;186;14482.38;;;;;;;LOGUBER GESTAO EM TRANSPORTES EIRELI;19/05/2026;FELIPE PEREIRA LEME 389495 E 391544
FCB4J91;19/05/2026;384215;São Paulo;775.04;1581.458;209;18144.28;;;;;;;LOGUBER GESTAO EM TRANSPORTES EIRELI;20/05/2026;
EFF7J89;19/05/2026;389495;São Paulo;763.97;1153.34;177;12886.38;;;;;;;LOGUBER GESTAO EM TRANSPORTES EIRELI;20/05/2026;
EFF7J89;19/05/2026;391544;São Paulo;740.2;113.586;9;1596;;;;;;;LOGUBER GESTAO EM TRANSPORTES EIRELI;20/05/2026;
JAP6J15;19/05/2026;387592;São Paulo;764.01;1403.678;179;12903.75;;;;;;;LOGUBER GESTAO EM TRANSPORTES EIRELI;20/05/2026;
SVC0J72;21/05/2026;5673216;São Paulo;755.25;806.17;116;8745.06;;;;;;;LOGUBER GESTAO EM TRANSPORTES EIRELI;21/05/2026;LAERCIO TEIXEIRA 390815
JAP6J15;21/05/2026;390126;São Paulo;756.69;834.286;146;9428.84;;;;;;;LOGUBER GESTAO EM TRANSPORTES EIRELI;22/05/2026;
SVC0J72;21/05/2026;390815;São Paulo;760.63;1045.355;141;11300.1;;;;;;;LOGUBER GESTAO EM TRANSPORTES EIRELI;22/05/2026;
EFF7J89;21/05/2026;391740;São Paulo;761.8;1247.144;224;11852.63;;;;;;;LOGUBER GESTAO EM TRANSPORTES EIRELI;22/05/2026;
JAP6J15;23/05/2026;5681873;São Paulo;759.13;822.871;90;10585.91;;;;;;;LOGUBER GESTAO EM TRANSPORTES EIRELI;23/05/2026;VIAGEM 397877
GGY1H43;23/05/2026;5682176;São Paulo;749.92;462.075;88;6208.2;;;;;;;LOGUBER GESTAO EM TRANSPORTES EIRELI;23/05/2026;ANDERSON DA SILVA 399561
EFF7J89;23/05/2026;5682268;São Paulo;752.01;582.732;112;7202.6;;;;;;;LOGUBER GESTAO EM TRANSPORTES EIRELI;23/05/2026;FELIPE PEREIRA 396890
EKH8B19;23/05/2026;5683168;São Paulo;744.79;;;;;;;;;;LOGUBER GESTAO EM TRANSPORTES EIRELI;23/05/2026;JEFERSON 397712
EKH8B19;25/05/2026;5684941;São Paulo;772.21;1554.352;243;16798.11;;;;;;;LOGUBER GESTAO EM TRANSPORTES EIRELI;25/05/2026;JEFERSON DA SILVA - 397712
EKH8B19;29/05/2026;5705308;São Paulo;752.34;598.342;96;7361.42;;;;;;;LOGUBER GESTAO EM TRANSPORTES EIRELI;29/05/2026;JEFERSON DA SILVA 404446
EKH8B19;30/05/2026;5711388;São Paulo;764.17;1269.249;146;12979.07;;;;;;;LOGUBER GESTAO EM TRANSPORTES EIRELI;30/05/2026;JEFERSON 406524
JAP6J15;30/05/2026;5712347;São Paulo;765.14;996.598;168;13440.85;;;;;;;LOGUBER GESTAO EM TRANSPORTES EIRELI;30/05/2026;MARCELO DOS REIS 406528
GGY1H43;30/05/2026;5712359;São Paulo;750.4;731.711;119;6439.57;;;;;;;LOGUBER GESTAO EM TRANSPORTES EIRELI;30/05/2026;ANDERSON 406525
JAP4J15;02/06/2026;5718327;São Paulo;756.38;952.465;78;9279.59;;;;;;;LOGUBER GESTAO EM TRANSPORTES EIRELI;02/06/2026;VIAGEM 408836
EFF7J89;02/06/2026;5718328;São Paulo;755.62;988.831;112;8921.89;;;;;;;LOGUBER GESTAO EM TRANSPORTES EIRELI;02/06/2026;VIAGEM 407780
GGY1H43;02/06/2026;5718395;São Paulo;759.09;942.128;135;10570.4;;;;;;;LOGUBER GESTAO EM TRANSPORTES EIRELI;02/06/2026;VIAGEM 404643
GZV1B42;03/06/2026;5723727;São Paulo;917;2555.779;400;35574.14;;;;;;;LOGUBER GESTAO EM TRANSPORTES EIRELI;03/06/2026;VIAGEM 407975
EFF7J89;04/06/2026;5725476;São Paulo;765.75;511.089;124;13730.05;;;;;;;LOGUBER GESTAO EM TRANSPORTES EIRELI;03/06/2026;FELIPE PEREIRA LEME 409098
FCB4J91;05/06/2026;5730571;São Paulo;892.67;2072.097;346;24022.29;;;;;;;LOGUBER GESTAO EM TRANSPORTES EIRELI;05/06/2026;CRISTIANO DO NASCIMENTO 377219
EFF7J89;09/06/2026;5741386;São Paulo;774.85;1289.419;252;18054.35;;;;;;;LOGUBER GESTAO EM TRANSPORTES EIRELI;09/06/2026;felipe perreira 415203
FFC9B31;09/06/2026;5742105;São Paulo;773.19;1435.07;222;17263.23;;;;;;;LOGUBER GESTAO EM TRANSPORTES EIRELI;09/06/2026;josue 415598
EFF7J89;10/06/2026;5747194;São Paulo;767.45;1258.366;236;14540.46;;;;;;;LOGUBER GESTAO EM TRANSPORTES EIRELI;10/06/2026;felipe 415008
GGY1H43;11/06/2026;5751600;São Paulo;758.74;1248.949;176;10401.57;;;;;;;LOGUBER GESTAO EM TRANSPORTES EIRELI;11/06/2026;VIAGEM 415679
FFC9B31;11/06/2026;5752151;São Paulo;758.63;642.459;108;10348.16;;;;;;;LOGUBER GESTAO EM TRANSPORTES EIRELI;11/06/2026;JOSUE SALES 415664
EFF7J89;12/06/2026;5757575;São Paulo;752.02;964.371;133;7208.36;;;;;;;LOGUBER GESTAO EM TRANSPORTES EIRELI;12/06/2026;FELIPE PEREIRA LEME 416195
FFC9B31;12/06/2026;5757700;São Paulo;756.54;705.859;110;9352.9;;;;;;;LOGUBER GESTAO EM TRANSPORTES EIRELI;12/06/2026;JOSUE SALES 416852
GGY1H43;13/06/2026;5763603;São Paulo;769.62;1420.651;182;15570.58;;;;;;;LOGUBER GESTAO EM TRANSPORTES EIRELI;13/06/2026;VIAGEM 420779
EFF7J89;16/06/2026;5769326;São Paulo;768.66;915.18;277;15113.92;;;;;;;LOGUBER GESTAO EM TRANSPORTES EIRELI;16/06/2026;FELIPE PEREIRA LEME 414834
EFF7J89;24/06/2026;5800492;São Paulo;874.23;1651.9;164;15259.32;;;;;;;LOGUBER GESTAO EM TRANSPORTES EIRELI;24/06/2026;VIAGEM 429964
FFC9B31;25/06/2026;5805146;São Paulo;887.99;1799.524;385;21797.02;;;;;;;LOGUBER GESTAO EM TRANSPORTES EIRELI;25/06/2026;JOSUE SALES 429227
EKH8B19;29/06/2026;5814387;São Paulo;753.29;915.25;115;7812.6;;;;;;;LOGUBER GESTAO EM TRANSPORTES EIRELI;27/06/2026;VIAGEM 429967
JAP6J15;29/06/2026;5814842;São Paulo;762.47;1310.068;114;12172.8;;;;;;;LOGUBER GESTAO EM TRANSPORTES EIRELI;27/06/2026;VIAGEM 430910
JAP6J15;03/07/2026;5838562;São Paulo;879.85;1636.628;188;17927.56;;;;;;;LOGUBER GESTAO EM TRANSPORTES EIRELI;03/07/2026;VIAGEM 432669
JAP6J15;06/07/2026;5843318;São Paulo;875.17;1743.263;215;15703.1;;;;;;;LOGUBER GESTAO EM TRANSPORTES EIRELI;03/07/2026;VIAGEM 432714
EFF7J89;08/07/2026;5855010;São Paulo;759.13;704.999;154;10583.47;;;;;;;LOGUBER GESTAO EM TRANSPORTES EIRELI;08/07/2026;VIAGEM 433765
FUB9A96;08/07/2026;5856140;São Paulo;754.53;265.1;105;8400;;;;;;;LOGUBER GESTAO EM TRANSPORTES EIRELI;08/07/2026;EDNEI WILLIANS ALVES 433761
FUB9A96;09/07/2026;5861837;São Paulo;762.69;907.651;195;12279.74;;;;;;;LOGUBER GESTAO EM TRANSPORTES EIRELI;09/07/2026;434135 EDNEI
JAP6J15;14/07/2026;5877777;São Paulo;867.16;1622.399;183;11902.2;;;;;;;LOGUBER GESTAO EM TRANSPORTES EIRELI;14/07/2026;VIAGEM 435179
EKB8B19;16/07/2026;5889560;São Paulo;768.75;1355.81;162;15153.63;;;;;;;LOGUBER GESTAO EM TRANSPORTES EIRELI;16/07/2026;VIAGEM 435573
EBX5D96;16/07/2026;5889949;São Paulo;755.28;826.324;93;8761.12;;;;;;;LOGUBER GESTAO EM TRANSPORTES EIRELI;16/07/2026;ALLAN DA SILVA SANTOS 435468
JAP6J15;17/07/2026;5890335;São Paulo;753.35;838.96;118;7837.56;;;;;;;LOGUBER GESTAO EM TRANSPORTES EIRELI;16/07/2026;MARCELO DOS REIS 435480
EKH8B19;18/07/2026;5902646;São Paulo;749.11;765.017;74;5826.28;;;;;;;LOGUBER GESTAO EM TRANSPORTES EIRELI;18/07/2026;VIAGEM 436202
EKH8B19;21/07/2026;5909539;São Paulo;762.94;1205.413;124;12394.8;;;;;;;LOGUBER GESTAO EM TRANSPORTES EIRELI;21/07/2026;VIAGEM 436488
JAP6J15;22/07/2026;5916311;São Paulo;745.56;319.019;50;4141.82;;;;;;;LOGUBER GESTAO EM TRANSPORTES EIRELI;22/07/2026;436.852
EKH8B19;25/07/2026;5929885;São Paulo;771.85;1597.821;214;16630.71;;;;;;;LOGUBER GESTAO EM TRANSPORTES EIRELI;25/07/2026;VIAGEM 437347
JAP6J15;05/08/2026;5971446;São Paulo;759.73;937.422;158;10867.72;;;;;;;LOGUBER GESTAO EM TRANSPORTES EIRELI;05/08/2026;MARCELO DOS REIS 439170 e 439173
JAP6J15;06/08/2026;5976771;São Paulo;738.87;79.965;5;963;;;;;;;LOGUBER GESTAO EM TRANSPORTES EIRELI;06/08/2026;VIAGEM 439631
ODG4D77;07/08/2026;5981975;São Paulo;890.51;2557.836;228;22990.12;;;;;;;LOGUBER GESTAO EM TRANSPORTES EIRELI;07/08/2026;VIAGEM 439921
JAP6J15;10/08/2026;5986325;São Paulo;756.44;1079.919;122;9309.41;;;;;;;LOGUBER GESTAO EM TRANSPORTES EIRELI;08/08/2026;VIAGEM 439360
JAP6J15;11/08/2026;5993068;São Paulo;754.39;703.284;90;8334.26;;;;;;;LOGUBER GESTAO EM TRANSPORTES EIRELI;11/08/2026;VIAGEM 440780
ODG4077;12/08/2026;5998437;São Paulo;872.44;1942.242;177;14410.6;;;;;;;LOGUBER GESTAO EM TRANSPORTES EIRELI;12/08/2026;441251
ODG4D77;14/08/2026;6009169;São Paulo;873.55;1962.238;261;14933.37;;;;;;;LOGUBER GESTAO EM TRANSPORTES EIRELI;14/08/2026;441944
EKH8B19;15/08/2026;6013972;São Paulo;870.53;1716.3;209;13502.4;;;;;;;LOGUBER GESTAO EM TRANSPORTES EIRELI;15/08/2026;442076
EKH8B19;18/08/2026;6020772;São Paulo;755.79;698.098;101;9002.25;;;;;;;LOGUBER GESTAO EM TRANSPORTES EIRELI;18/08/2026;442436
ODG4D77;20/08/2026;6030656;São Paulo;1071.26;1645.341;190;13850.82;;;;;;;LOGUBER GESTAO EM TRANSPORTES EIRELI;20/08/2026;443287
EKH8B19;21/08/2026;6035343;São Paulo;757.06;1140.461;96;9606.96;;;;;;;LOGUBER GESTAO EM TRANSPORTES EIRELI;21/08/2026;JEFERSON DA SILVA
JAP6J15;21/08/2026;6035347;São Paulo;753.62;985.398;97;7969.16;;;;;;;LOGUBER GESTAO EM TRANSPORTES EIRELI;21/08/2026;MARCELO DOS REIS
ODG4D77;21/08/2026;6035348;São Paulo;875.55;1804.24;172;15885.21;;;;;;;LOGUBER GESTAO EM TRANSPORTES EIRELI;21/08/2026;MARCUS VINICUS
JAP6J15;24/08/2026;6040027;São Paulo;760.91;1045.044;159;11429.17;;;;;;;LOGUBER GESTAO EM TRANSPORTES EIRELI;22/08/2026;VIAGEM 443880
EKH8B19;24/08/2026;6040028;São Paulo;757.76;732.209;121;9936.48;;;;;;;LOGUBER GESTAO EM TRANSPORTES EIRELI;22/08/2026;VIAGEM 444047
EKH8B19;03/09/2026;6086325;São Paulo;762.67;1030.184;142;12270.73;;;;;;;LOGUBER GESTAO EM TRANSPORTES EIRELI;03/09/2026;445926
ODG4D77;03/09/2026;6086840;São Paulo;886.11;2166.648;244;20900.69;;;;;;;LOGUBER GESTAO EM TRANSPORTES EIRELI;03/09/2026;MARCUS VINICUS 445268
EKH8B19;04/09/2026;6092078;São Paulo;762.11;1042.695;153;11999.39;;;;;;;LOGUBER GESTAO EM TRANSPORTES EIRELI;04/09/2026;446288
AAA1112;04/09/2026;6092079;São Paulo;756.34;689.355;86;9257.89;;;;;;;LOGUBER GESTAO EM TRANSPORTES EIRELI;04/09/2026;446267
JAP6J15;08/09/2026;6102298;São Paulo;749.05;711.467;60;5799.29;;;;;;;LOGUBER GESTAO EM TRANSPORTES EIRELI;08/09/2026;VIAGEM - 447319
EKH8B19;08/09/2026;6102303;São Paulo;;1135.415;119;10183.75;;;;;;;LOGUBER GESTAO EM TRANSPORTES EIRELI;08/09/2026;VIAGEM -  447322
JAP6J15;12/09/2026;6122551;São Paulo;757.69;972.943;132;9906.82;;;;;;;LOGUBER GESTAO EM TRANSPORTES EIRELI;12/09/2026;viagem - 448740
JAP6J15;18/09/2026;6145689;São Paulo;765.17;1461.029;144;13455.87;;;;;;;LOGUBER GESTAO EM TRANSPORTES EIRELI;18/09/2026;VIAGEM - 450106
ERE5J67;10/04/2026;355541;Suzano;;404.067;57;4676.03;;;;;;;LOGUBER GESTAO EM TRANSPORTES EIRELI;16/04/2026;
EKH8B19;06/08/2026;5976762;Suzano;816.52;931.6;94;9268.56;;;;;;;LOGUBER GESTAO EM TRANSPORTES EIRELI;06/08/2026;VIAGEM 439761
EFF7J89;30/05/2026;5712257;Taboão da Serra;818.22;618.142;171;10017.31;;;;;;;LOGUBER GESTAO EM TRANSPORTES EIRELI;30/05/2026;FELIPE 406529
JAP6J15;05/06/2026;5729561;Taboão da Serra;818.6;940.945;152;10187.07;;;;;;;LOGUBER GESTAO EM TRANSPORTES EIRELI;04/06/2026;VIAGEM 411408
JAP6J15;09/06/2026;5741840;Taboão da Serra;949.24;1937.025;269;17664.83;;;;;;;LOGUBER GESTAO EM TRANSPORTES EIRELI;09/06/2026;MARCELO DOS REIS - 414509
JAP6J15;11/06/2026;5751595;Taboão da Serra;825.23;1372.802;119;13100.16;;;;;;;LOGUBER GESTAO EM TRANSPORTES EIRELI;11/06/2026;VIAGEM 417216
EFF7J89;03/04/2026;344384;Vargem Grande Paulista;;1181.839;111;12217.56;;;;;;;LOGUBER GESTAO EM TRANSPORTES EIRELI;16/04/2026;
ERE5J67;18/05/2026;5658230;Vargem Grande Paulista;822;1097.809;146;11678.77;;;;;;;LOGUBER GESTAO EM TRANSPORTES EIRELI;18/05/2026;PAULO ROBERTO 390915
QXY0D92;30/04/2026;365900;Feira de Santana;;9682.296;798;77211.84;;;;;;;ALEXANDRE MIRANDA DE ALMEIDA SERVICOS DE TRANSPORTES;01/05/2026;
AAA1110;13/05/2026;379896;Simões Filho;;21168;1680;161280;;;;;;;ALEXANDRE MIRANDA DE ALMEIDA SERVICOS DE TRANSPORTES;13/05/2026;ALE TRANSPORTES
AAA1113;11/08/2026;5996065;Aparecida de Goiânia;;787.32;70;7008;;;;;;;RORAIMA TRANSPORTE RODOVIARIO DE CARGAS LTDA;11/08/2026;440.923
AAA1119;23/07/2026;5923180;Campo Grande;;6245.08;988;49887.12;;;;;;;RORAIMA TRANSPORTE RODOVIARIO DE CARGAS LTDA;23/07/2026;436.996
ABC1236;28/07/2026;5944506;Paraíso do Tocantins;;714.072;86;7069.6;;;;;;;RORAIMA TRANSPORTE RODOVIARIO DE CARGAS LTDA;29/07/2026;437.910
STO8J09;07/05/2026;380552;Barueri;370;207.024;12;1644;;;;;;;SPARE TRADING ELETRONICOS E TRANSPORTES LTDA;08/05/2026;
STO8J09;07/05/2026;380521;Barueri;370;217.234;56;3874.26;;;;;;;SPARE TRADING ELETRONICOS E TRANSPORTES LTDA;08/05/2026;
STO8J09;22/04/2026;363462;Carapicuíba;370;669.998;85;6595.32;;;;;;;SPARE TRADING ELETRONICOS E TRANSPORTES LTDA;23/04/2026;
STO8J09;15/05/2026;5654445;Carapicuíba;370;452.778;71;5138.18;;;;;;;SPARE TRADING ELETRONICOS E TRANSPORTES LTDA;15/05/2026;STENIO GOMES FILHO 387350
STO8J09;15/05/2026;387350;Carapicuíba;370;452.778;71;5138.18;;;;;;;SPARE TRADING ELETRONICOS E TRANSPORTES LTDA;16/05/2026;
STO8J09;27/05/2026;5698644;Carapicuíba;370;486.789;82;7393.11;;;;;;;SPARE TRADING ELETRONICOS E TRANSPORTES LTDA;27/05/2026;VIAGEM 399825
STO8J09;30/07/2026;5953200;Carapicuíba;370;233.794;56;5381.16;;;;;;;SPARE TRADING ELETRONICOS E TRANSPORTES LTDA;30/07/2026;438676
STO8J09;17/09/2026;6140496;Carapicuíba;370;607.777;75;6656.76;;;;;;;SPARE TRADING ELETRONICOS E TRANSPORTES LTDA;16/09/2026;VIAGEM - 450480
STO8J09;14/05/2026;384910;Cesário Lange;600;489.777;95;8001.23;;;;;;;SPARE TRADING ELETRONICOS E TRANSPORTES LTDA;15/05/2026;
STO8J09;16/06/2026;5767592;Cotia;370;395.055;64;5962.83;;;;;;;SPARE TRADING ELETRONICOS E TRANSPORTES LTDA;15/06/2026;VIAGEM 419393
STO8J09;15/07/2026;5886981;Cotia;370;454.2;30;1792.5;;;;;;;SPARE TRADING ELETRONICOS E TRANSPORTES LTDA;15/07/2026;434580
ABC1236;27/04/2026;368744;Diadema;370;231.817;41;3188.37;;;;;;;SPARE TRADING ELETRONICOS E TRANSPORTES LTDA;28/04/2026;
STO8J09;11/05/2026;380255;Embu das Artes;370;310.945;70;4485.89;;;;;;;SPARE TRADING ELETRONICOS E TRANSPORTES LTDA;12/05/2026;
STO8J09;11/05/2026;383753;Embu das Artes;370;21.777;2;735;;;;;;;SPARE TRADING ELETRONICOS E TRANSPORTES LTDA;12/05/2026;
STO8J09;19/05/2026;390916;Embu das Artes;370;289.217;62;4362.57;;;;;;;SPARE TRADING ELETRONICOS E TRANSPORTES LTDA;20/05/2026;
RTX7D67;25/05/2026;5688411;Embu das Artes;370;630.392;170;12628.48;;;;;;;SPARE TRADING ELETRONICOS E TRANSPORTES LTDA;25/05/2026;VIAGEM 376507
STO8J09;08/07/2026;5858226;Embu das Artes;370;502.982;96;7081.88;;;;;;;SPARE TRADING ELETRONICOS E TRANSPORTES LTDA;08/07/2026;433773 SPARE
RTX7D67;16/06/2026;5767649;Guarujá;450;457.401;42;4526.04;;;;;;;SPARE TRADING ELETRONICOS E TRANSPORTES LTDA;15/06/2026;VIAGEM 421176
STO8J09;01/05/2026;373358;Guarulhos;370;12.457;1;117.72;;;;;;;SPARE TRADING ELETRONICOS E TRANSPORTES LTDA;01/05/2026;
STO8J09;01/05/2026;373392;Guarulhos;370;453.785;43;6290.04;;;;;;;SPARE TRADING ELETRONICOS E TRANSPORTES LTDA;01/05/2026;
STO8J09;21/05/2026;396161;Guarulhos;370;464.761;23;3832.2;;;;;;;SPARE TRADING ELETRONICOS E TRANSPORTES LTDA;22/05/2026;
STO8J09;29/06/2026;5817151;Guarulhos;370;533.404;47;5018.4;;;;;;;SPARE TRADING ELETRONICOS E TRANSPORTES LTDA;29/06/2026;VIAGEM 431405
STO8J09;17/07/2026;5897613;Guarulhos;370;616.715;68;5319.88;;;;;;;SPARE TRADING ELETRONICOS E TRANSPORTES LTDA;17/07/2026;viagem: 435582
STO8J09;07/08/2026;5981793;Guarulhos;370;441.85;45;4327.22;;;;;;;SPARE TRADING ELETRONICOS E TRANSPORTES LTDA;06/08/2026;VIAGEM 439744
RTX7D67;07/08/2026;5985902;Guarulhos;370;482.944;81;7159.24;;;;;;;SPARE TRADING ELETRONICOS E TRANSPORTES LTDA;07/08/2026;VIAGEM 440650
STO8J09;23/09/2026;6161838;Guarulhos;370;559.201;57;5033.6;;;;;;;SPARE TRADING ELETRONICOS E TRANSPORTES LTDA;22/09/2026;VIAGEM - 452236
STO8J09;24/04/2026;367221;Itapecerica da Serra;370;137.422;24;1519.92;;;;;;;SPARE TRADING ELETRONICOS E TRANSPORTES LTDA;24/04/2026;
RTX7D67;30/07/2026;5947932;Itapevi;450;355.642;66;4823.67;;;;;;;SPARE TRADING ELETRONICOS E TRANSPORTES LTDA;30/07/2026;VIAGEM 438346
STO8J09;14/08/2026;6008900;Itapevi;450;469.173;44;4165.2;;;;;;;SPARE TRADING ELETRONICOS E TRANSPORTES LTDA;13/08/2026;VIAGEM 441571
STO8J09;24/08/2026;6039964;Itapevi;450;483.217;112;7595.74;;;;;;;SPARE TRADING ELETRONICOS E TRANSPORTES LTDA;22/08/2026;VIAGEM 443239
STO8J09;18/05/2026;5660758;Jandira;370;607.973;59;6099.08;;;;;;;SPARE TRADING ELETRONICOS E TRANSPORTES LTDA;18/05/2026;STENIO GOMES FILHO 388741
STO8J09;18/05/2026;388741;Jandira;370;607.973;59;6099.08;;;;;;;SPARE TRADING ELETRONICOS E TRANSPORTES LTDA;19/05/2026;
STO8J09;20/04/2026;355112;Jundiaí;470;387.16;68;5739.04;;;;;;;SPARE TRADING ELETRONICOS E TRANSPORTES LTDA;21/04/2026;
STO8J09;01/09/2026;6076676;Mauá;370;504.732;83;6482.54;;;;;;;SPARE TRADING ELETRONICOS E TRANSPORTES LTDA;01/09/2026;445352
STO8J09;19/06/2026;5783895;Mogi das Cruzes;450;597.823;67;6715.02;;;;;;;SPARE TRADING ELETRONICOS E TRANSPORTES LTDA;18/06/2026;VIAGEM 424147
STO8J09;26/08/2026;6051829;Mogi das Cruzes;450;;;;;;;;;;SPARE TRADING ELETRONICOS E TRANSPORTES LTDA;25/08/2026;VIAGEM - 444706
RTX7D67;10/09/2026;6111232;Mogi das Cruzes;450;426.482;28;3849.48;;;;;;;SPARE TRADING ELETRONICOS E TRANSPORTES LTDA;10/09/2026;VIAGEM - 447317
STO8J09;13/04/2026;354879;Osasco;370;295.935;68;4167.53;;;;;;;SPARE TRADING ELETRONICOS E TRANSPORTES LTDA;14/04/2026;
STO8J09;28/05/2026;5704114;Osasco;370;535.729;114;6704.76;;;;;;;SPARE TRADING ELETRONICOS E TRANSPORTES LTDA;28/05/2026;VIAGEM 402267
STO8J09;05/06/2026;5728386;Osasco;370;635.596;74;6212.43;;;;;;;SPARE TRADING ELETRONICOS E TRANSPORTES LTDA;03/06/2026;VIAGEM 411242
STO8J09;11/06/2026;5749157;Osasco;370;126.054;33;2408.31;;;;;;;SPARE TRADING ELETRONICOS E TRANSPORTES LTDA;10/06/2026;STENIO GOME 408.815 E 414.873
STO8J09;18/07/2026;5903897;Osasco;370;365.496;51;4838.26;;;;;;;SPARE TRADING ELETRONICOS E TRANSPORTES LTDA;18/07/2026;435.736
STO8J09;08/05/2026;379166;Poá;450;575.402;99;7426.94;;;;;;;SPARE TRADING ELETRONICOS E TRANSPORTES LTDA;09/05/2026;
STO8J09;16/09/2026;6133760;Ribeirão Pires;370;518.808;78;6003.2;;;;;;;SPARE TRADING ELETRONICOS E TRANSPORTES LTDA;15/09/2026;VIAGEM - 448652
STO8J09;15/04/2026;359735;Santo André;370;58.131;3;423;;;;;;;SPARE TRADING ELETRONICOS E TRANSPORTES LTDA;18/04/2026;
STO8J09;22/05/2026;396821;Santo André;370;453.827;29;3955.44;;;;;;;SPARE TRADING ELETRONICOS E TRANSPORTES LTDA;22/05/2026;396821
STO8J09;22/05/2026;5680534;Santo André;370;94.349;16;987.98;;;;;;;SPARE TRADING ELETRONICOS E TRANSPORTES LTDA;22/05/2026;VIAGEM 396788
GWS6926;30/05/2026;5710898;Santo André;370;326.239;36;4803.44;;;;;;;SPARE TRADING ELETRONICOS E TRANSPORTES LTDA;30/05/2026;VIAGEM 406063
STO8J09;19/06/2026;5780288;Santo André;370;477.657;122;7707.02;;;;;;;SPARE TRADING ELETRONICOS E TRANSPORTES LTDA;18/06/2026;VIAGEM 426224 E 424079
STO8J09;27/08/2026;6057099;Santo André;370;541.997;98;6514.6;;;;;;;SPARE TRADING ELETRONICOS E TRANSPORTES LTDA;27/08/2026;444733
STO8J09;26/05/2026;5691264;São Bernardo do Campo;370;523.301;124;7161.86;;;;;;;SPARE TRADING ELETRONICOS E TRANSPORTES LTDA;26/05/2026;VIAGEM 399364
STO8J09;04/09/2026;6091790;São Caetano do Sul;370;573.923;141;8865.39;;;;;;;SPARE TRADING ELETRONICOS E TRANSPORTES LTDA;04/09/2026;VIAGEM - 443218
STO8J09;14/04/2026;356859;São Paulo;370;161.842;15;1579.5;;;;;;;SPARE TRADING ELETRONICOS E TRANSPORTES LTDA;15/04/2026;
STO8J09;24/04/2026;364880;São Paulo;370;483.648;73;6618.45;;;;;;;SPARE TRADING ELETRONICOS E TRANSPORTES LTDA;25/04/2026;
ABC1236;28/04/2026;371149;São Paulo;370;506.48;54;5496.96;;;;;;;SPARE TRADING ELETRONICOS E TRANSPORTES LTDA;29/04/2026;
STO8J09;29/04/2026;372108;São Paulo;370;213.629;50;3029.38;;;;;;;SPARE TRADING ELETRONICOS E TRANSPORTES LTDA;30/04/2026;
STO8J09;29/04/2026;367683;São Paulo;370;355.172;61;5506.41;;;;;;;SPARE TRADING ELETRONICOS E TRANSPORTES LTDA;30/04/2026;
STO8J09;13/05/2026;385370;São Paulo;370;140.898;24;2509.38;;;;;;;SPARE TRADING ELETRONICOS E TRANSPORTES LTDA;14/05/2026;
RTX7D67;23/05/2026;5681741;São Paulo;370;88.16;20;1564.17;;;;;;;SPARE TRADING ELETRONICOS E TRANSPORTES LTDA;23/05/2026;VIAGEM 399099
STO8J09;03/06/2026;5722063;São Paulo;;4462.438;776;60249.53;;;;;;;SPARE TRADING ELETRONICOS E TRANSPORTES LTDA;02/06/2026;VIAGEM 409328
STO8J09;08/06/2026;5734211;São Paulo;370;472.187;134;7545.46;;;;;;;SPARE TRADING ELETRONICOS E TRANSPORTES LTDA;05/06/2026;VIAGEM 412397
STO8J09;09/06/2026;5740250;São Paulo;370;596.456;89;6878.98;;;;;;;SPARE TRADING ELETRONICOS E TRANSPORTES LTDA;08/06/2026;VIAGEM 413950
STO8J09;12/06/2026;5754011;São Paulo;370;57.297;4;822;;;;;;;SPARE TRADING ELETRONICOS E TRANSPORTES LTDA;11/06/2026;VIAGEM 414725
STO8J09;17/06/2026;5772452;São Paulo;370;500.128;142;8836.83;;;;;;;SPARE TRADING ELETRONICOS E TRANSPORTES LTDA;16/06/2026;VIAGEM 414829
STO8J09;22/06/2026;5788440;São Paulo;370;591.64;108;5676.81;;;;;;;SPARE TRADING ELETRONICOS E TRANSPORTES LTDA;19/06/2026;VIAGEM 426032
STO8J09;23/06/2026;5795809;São Paulo;370;587.041;86;5541.22;;;;;;;SPARE TRADING ELETRONICOS E TRANSPORTES LTDA;22/06/2026;VIAGEM 428701
STO8J09;26/06/2026;5808809;São Paulo;370;300.893;59;2913.96;;;;;;;SPARE TRADING ELETRONICOS E TRANSPORTES LTDA;25/06/2026;VIAGEM 408828
STO8J09;27/06/2026;5813670;São Paulo;370;378.838;91;7074;;;;;;;SPARE TRADING ELETRONICOS E TRANSPORTES LTDA;27/06/2026;VIAGEM 430022
STO8J09;30/06/2026;5820406;São Paulo;370;498.393;48;4692.64;;;;;;;SPARE TRADING ELETRONICOS E TRANSPORTES LTDA;29/06/2026;VIAGEM 431186
STO8J09;06/07/2026;5843285;São Paulo;370;534.95;90;7378;;;;;;;SPARE TRADING ELETRONICOS E TRANSPORTES LTDA;03/07/2026;VIAGEM 432266
STO8J09;14/07/2026;5881781;São Paulo;370;662.722;111;6232.92;;;;;;;SPARE TRADING ELETRONICOS E TRANSPORTES LTDA;14/07/2026;435305 / 435306
RTX7D67;20/07/2026;5903104;São Paulo;370;459.364;85;7184.6;;;;;;;SPARE TRADING ELETRONICOS E TRANSPORTES LTDA;18/07/2026;JOSE STENIO 435730
STO8J09;20/07/2026;5908750;São Paulo;370;270.365;36;2789.56;;;;;;;SPARE TRADING ELETRONICOS E TRANSPORTES LTDA;20/07/2026;435.642
STO8J09;21/07/2026;5914279;São Paulo;370;279.802;54;5584.5;;;;;;;SPARE TRADING ELETRONICOS E TRANSPORTES LTDA;21/07/2026;stenio 436.347
STO8J09;28/07/2026;5936872;São Paulo;370;319.896;47;3331.61;;;;;;;SPARE TRADING ELETRONICOS E TRANSPORTES LTDA;28/07/2026;437428
STO8J09;29/07/2026;5947460;São Paulo;370;447.497;45;4771.76;;;;;;;SPARE TRADING ELETRONICOS E TRANSPORTES LTDA;29/07/2026;437852
STO8J09;05/08/2026;5971204;São Paulo;370;489.191;84;6165.57;;;;;;;SPARE TRADING ELETRONICOS E TRANSPORTES LTDA;05/08/2026;VIAGEM 438733
RTX7D67;10/08/2026;5983665;São Paulo;370;470.114;68;5595.6;;;;;;;SPARE TRADING ELETRONICOS E TRANSPORTES LTDA;07/08/2026;VIAGEM 439952
STO8J09;10/08/2026;5989779;São Paulo;370;270.46;54;3131;;;;;;;SPARE TRADING ELETRONICOS E TRANSPORTES LTDA;10/08/2026;439.406
STO8J09;12/08/2026;6000663;São Paulo;370;543.094;117;7599.08;;;;;;;SPARE TRADING ELETRONICOS E TRANSPORTES LTDA;12/08/2026;441.279
STO8J09;18/08/2026;6019174;São Paulo;370;608.843;119;9868.35;;;;;;;SPARE TRADING ELETRONICOS E TRANSPORTES LTDA;17/08/2026;VIAGEM 438486
STO8J09;19/08/2026;6023280;São Paulo;370;470.908;124;6540.57;;;;;;;SPARE TRADING ELETRONICOS E TRANSPORTES LTDA;18/08/2026;VIAGEM 438497
STO8J09;31/08/2026;6068147;São Paulo;370;531.328;133;8684.2;;;;;;;SPARE TRADING ELETRONICOS E TRANSPORTES LTDA;28/08/2026;VIAGEM - 445116
STO8J09;02/09/2026;6080663;São Paulo;370;425.561;110;7354.11;;;;;;;SPARE TRADING ELETRONICOS E TRANSPORTES LTDA;01/09/2026;VIAGEM - 443213
STO8J09;03/09/2026;6086099;São Paulo;370;512.928;57;6015.54;;;;;;;SPARE TRADING ELETRONICOS E TRANSPORTES LTDA;03/09/2026;445440
STO8J09;08/09/2026;6102074;São Paulo;370;553.342;95;7232.54;;;;;;;SPARE TRADING ELETRONICOS E TRANSPORTES LTDA;08/09/2026;VIAGEM - 446987
STO8J09;09/09/2026;6104861;São Paulo;370;461.02;125;8688.44;;;;;;;SPARE TRADING ELETRONICOS E TRANSPORTES LTDA;08/09/2026;VIAGEM - 447306
STO8J09;21/09/2026;6149918;São Paulo;370;492.983;103;6065.34;;;;;;;SPARE TRADING ELETRONICOS E TRANSPORTES LTDA;18/09/2026;VIAGEM - 451322
STO8J09;22/09/2026;6156275;São Paulo;370;464.842;87;5782.18;;;;;;;SPARE TRADING ELETRONICOS E TRANSPORTES LTDA;21/09/2026;Stenio - 451.341
STO8J09;14/09/2026;6166253;São Paulo;370;600.973;60;6110.53;;;;;;;SPARE TRADING ELETRONICOS E TRANSPORTES LTDA;23/09/2026;VIAGEM 448468 E 448475
RTX7D67;05/08/2026;5970963;Sorocaba;500;73.24;8;835.52;;;;;;;SPARE TRADING ELETRONICOS E TRANSPORTES LTDA;05/08/2026;VIAGEM 439788 / 439789
STO8J09;17/08/2026;6013049;Sorocaba;500;488.785;89;7278.2;;;;;;;SPARE TRADING ELETRONICOS E TRANSPORTES LTDA;14/08/2026;VIAGEM 441.503
STO8J09;23/07/2026;5924982;Suzano;450;663.854;82;6038.38;;;;;;;SPARE TRADING ELETRONICOS E TRANSPORTES LTDA;24/07/2026;437196
STO8J09;19/05/2026;393290;Taboão da Serra;370;291.915;20;2640;;;;;;;SPARE TRADING ELETRONICOS E TRANSPORTES LTDA;20/05/2026;
STO8J09;10/06/2026;5745430;Taboão da Serra;370;465.915;85;6814.95;;;;;;;SPARE TRADING ELETRONICOS E TRANSPORTES LTDA;09/06/2026;VIAGEM 414729
STO8J09;13/07/2026;5876951;Taboão da Serra;370;227.1;15;896.25;;;;;;;SPARE TRADING ELETRONICOS E TRANSPORTES LTDA;13/07/2026;434576
STO8J09;20/08/2026;6029702;Taboão da Serra;370;13.503;3;495;;;;;;;SPARE TRADING ELETRONICOS E TRANSPORTES LTDA;19/08/2026;VIAGEM 442434
STO8J09;28/08/2026;6062658;Taboão da Serra;370;566.81;100;6164.75;;;;;;;SPARE TRADING ELETRONICOS E TRANSPORTES LTDA;28/08/2026;STENIO 445123
STO8J09;02/07/2026;5832743;Vargem Grande Paulista;450;478.299;75;4740.68;;;;;;;SPARE TRADING ELETRONICOS E TRANSPORTES LTDA;01/07/2026;VIAGEM 432665
SWS0H40;18/08/2026;6018971;Barueri;370;552.788;96;6880.8;;;;;;;FABIO ARCANJO BINA DOS SANTOS;17/08/2026;VIAGEM 441288
SWS0H40;06/08/2026;5977414;Cajamar;450;469.389;111;14049.99;;;;;;;FABIO ARCANJO BINA DOS SANTOS;06/08/2026;Viagem - 440126
SWS0H40;06/07/2026;5843287;Campinas;500;373.171;59;5834.56;;;;;;;FABIO ARCANJO BINA DOS SANTOS;03/07/2026;VIAGEM 432711
SWS0H40;31/08/2026;6068167;Carapicuíba;370;541.813;79;7445.95;;;;;;;FABIO ARCANJO BINA DOS SANTOS;28/08/2026;VIAGEM - 445306
SWS0H40;29/07/2026;5941879;Diadema;370;540.113;83;7439.46;;;;;;;FABIO ARCANJO BINA DOS SANTOS;29/07/2026;VIAGEM 437865
SWS0H40;06/08/2026;5981495;Diadema;370;319.102;111;4801.93;;;;;;;FABIO ARCANJO BINA DOS SANTOS;06/08/2026;440.525
SWS0H40;02/09/2026;6080535;Diadema;370;205.884;34;2876.02;;;;;;;FABIO ARCANJO BINA DOS SANTOS;01/09/2026;VIAGEM - 443221
SWS0H40;24/09/2026;6166796;Embu-Guaçu;370;558.926;113;8006.48;;;;;;;FABIO ARCANJO BINA DOS SANTOS;23/09/2026;VIAGEM - 452331
SWS0H40;19/08/2026;6027496;Ferraz de Vasconcelos;370;237.914;34;3200.22;;;;;;;FABIO ARCANJO BINA DOS SANTOS;19/08/2026;
SWS0H40;30/07/2026;5947511;Franco da Rocha;450;83.66;22;1580.8;;;;;;;FABIO ARCANJO BINA DOS SANTOS;30/07/2026;438087
SWS0H40;23/04/2026;365307;Guarulhos;370;521.044;80;6133.47;;;;;;;FABIO ARCANJO BINA DOS SANTOS;24/04/2026;
SWS0H40;19/06/2026;5783899;Guarulhos;370;265.537;106;5787.32;;;;;;;FABIO ARCANJO BINA DOS SANTOS;18/06/2026;VIAGEM 423025
SWS0H40;18/07/2026;5902514;Guarulhos;370;579.929;81;6626.75;;;;;;;FABIO ARCANJO BINA DOS SANTOS;18/07/2026;VIAGEM 435640
SWS0H40;07/07/2026;5853209;Itaquaquecetuba;450;658.432;96;6640.01;;;;;;;FABIO ARCANJO BINA DOS SANTOS;07/07/2026;433798
SWS0H40;20/04/2026;359764;Mogi das Cruzes;470;556.575;63;5616.35;;;;;;;FABIO ARCANJO BINA DOS SANTOS;21/04/2026;
SWS0H40;11/05/2026;384768;Mogi das Cruzes;450;117.72;60;4665.6;;;;;;;FABIO ARCANJO BINA DOS SANTOS;12/05/2026;
SWS0H40;12/05/2026;5636363;Mogi das Cruzes;450;369.775;25;3998.4;;;;;;;FABIO ARCANJO BINA DOS SANTOS;12/05/2026;Viagem 384776
SWS0H40;12/05/2026;385867;Mogi das Cruzes;450;425.377;48;4384.61;;;;;;;FABIO ARCANJO BINA DOS SANTOS;13/05/2026;
SWS0H40;11/05/2026;384776;Mogi das Cruzes;450;369.775;25;3998.4;;;;;;;FABIO ARCANJO BINA DOS SANTOS;13/05/2026;
SWS0H40;16/07/2026;5895162;Mogi das Cruzes;450;245.088;57;4450.92;;;;;;;FABIO ARCANJO BINA DOS SANTOS;16/07/2026;435585
SWS0H40;21/08/2026;6035269;Mogi das Cruzes;450;91.289;11;955.94;;;;;;;FABIO ARCANJO BINA DOS SANTOS;21/08/2026;VIAGEM 443193
SWS0H40;04/05/2026;377221;Osasco;370;71.872;24;1512.37;;;;;;;FABIO ARCANJO BINA DOS SANTOS;05/05/2026;
SWS0H40;06/05/2026;374813;Osasco;370;430.458;88;5650.57;;;;;;;FABIO ARCANJO BINA DOS SANTOS;07/05/2026;
SWS0H40;14/05/2026;5650881;Osasco;370;474.291;52;4684.86;;;;;;;FABIO ARCANJO BINA DOS SANTOS;14/05/2026;VIAGEM 386855
SWS0H40;14/05/2026;386855;Osasco;370;474.291;52;4684.86;;;;;;;FABIO ARCANJO BINA DOS SANTOS;15/05/2026;
SWS0H40;22/07/2026;5914666;Osasco;370;370.062;77;6512.93;;;;;;;FABIO ARCANJO BINA DOS SANTOS;22/07/2026;436776
SWS0H40;03/09/2026;6085518;Osasco;370;461.74;62;6093.18;;;;;;;FABIO ARCANJO BINA DOS SANTOS;02/09/2026;Fabio - 445513
SWS0H40;30/04/2026;5601174;Piracicaba;720;527.317;33;4798.44;;;;;;;FABIO ARCANJO BINA DOS SANTOS;30/04/2026;Viagem 372467
SWS0H40;30/04/2026;372533;Piracicaba;720;162.147;11;1455;;;;;;;FABIO ARCANJO BINA DOS SANTOS;01/05/2026;
SWS0H40;23/09/2026;6161826;Piracicaba;600;583.923;72;7008.46;;;;;;;FABIO ARCANJO BINA DOS SANTOS;22/09/2026;VIAGEM - 448899/452294
SWS0H40;30/07/2026;5952925;Poá;450;476.194;41;4718.84;;;;;;;FABIO ARCANJO BINA DOS SANTOS;30/07/2026;437816
SWS0H40;04/09/2026;6091746;Poá;450;547.15;49;4654.2;;;;;;;FABIO ARCANJO BINA DOS SANTOS;03/09/2026;VIAGEM - 446305
SWS0H40;28/08/2026;6062573;Ribeirão Pires;370;493.174;93;6887.22;;;;;;;FABIO ARCANJO BINA DOS SANTOS;28/08/2026;VIAGEM - 445136
SWS0H40;05/05/2026;379034;Santo André;370;438.187;88;5926.47;;;;;;;FABIO ARCANJO BINA DOS SANTOS;06/05/2026;
SWS0H40;26/08/2026;6051848;Santo André;370;371.591;68;5374.6;;;;;;;FABIO ARCANJO BINA DOS SANTOS;25/08/2026;VIAGEM - 444842
SWS0H40;24/04/2026;364514;Santos;470;369.388;98;6073.56;;;;;;;FABIO ARCANJO BINA DOS SANTOS;25/04/2026;
SWS0H40;08/05/2026;383786;São Bernardo do Campo;370;85.254;12;866.39;;;;;;;FABIO ARCANJO BINA DOS SANTOS;09/05/2026;
SWS0H40;08/05/2026;383820;São Bernardo do Campo;370;2.514;1;46.8;;;;;;;FABIO ARCANJO BINA DOS SANTOS;09/05/2026;
SWS0H40;24/07/2026;5929713;São Bernardo do Campo;370;254.295;33;2536.8;;;;;;;FABIO ARCANJO BINA DOS SANTOS;24/07/2026;437495
SWS0H40;01/09/2026;6076614;São Bernardo do Campo;370;347.089;75;5753.59;;;;;;;FABIO ARCANJO BINA DOS SANTOS;01/09/2026;VIAGEM - 445366
SWS0H40;08/09/2026;6099764;São Bernardo do Campo;370;484.76;95;5125.4;;;;;;;FABIO ARCANJO BINA DOS SANTOS;07/09/2026;VIAGEM - 445520
SWS0H40;22/04/2026;5577948;São José dos Campos;620;393.768;66;4735.42;;;;;;;FABIO ARCANJO BINA DOS SANTOS;23/04/2026;viagem 358843
SWS0H40;22/04/2026;358843;São José dos Campos;500;393.768;66;4735.42;;;;;;;FABIO ARCANJO BINA DOS SANTOS;24/04/2026;
SWS0H40;08/05/2026;380288;São José dos Campos;500;98.32;8;453.12;;;;;;;FABIO ARCANJO BINA DOS SANTOS;08/05/2026;
SWS0H40;08/05/2026;380321;São José dos Campos;500;25.668;1;200.88;;;;;;;FABIO ARCANJO BINA DOS SANTOS;09/05/2026;
SWS0H40;17/04/2026;359567;São Paulo;370;117.907;19;1553.22;;;;;;;FABIO ARCANJO BINA DOS SANTOS;18/04/2026;
SWS0H40;27/04/2026;370256;São Paulo;370;44.272;14;776.4;;;;;;;FABIO ARCANJO BINA DOS SANTOS;28/04/2026;
SWS0H40;30/04/2026;374843;São Paulo;370;125.562;23;1677.8;;;;;;;FABIO ARCANJO BINA DOS SANTOS;01/05/2026;
SWS0H40;30/04/2026;374876;São Paulo;370;141.374;12;2153.4;;;;;;;FABIO ARCANJO BINA DOS SANTOS;01/05/2026;
SWS0H40;13/05/2026;382832;São Paulo;370;367.189;84;6673.65;;;;;;;FABIO ARCANJO BINA DOS SANTOS;14/05/2026;
SWS0H40;15/05/2026;5655814;São Paulo;370;591.294;78;6159.39;;;;;;;FABIO ARCANJO BINA DOS SANTOS;15/05/2026;VIAGEM 388044
SWS0H40;15/05/2026;388045;São Paulo;370;226.905;15;1995;;;;;;;FABIO ARCANJO BINA DOS SANTOS;16/05/2026;
SWS0H40;15/05/2026;388044;São Paulo;370;364.389;63;4164.39;;;;;;;FABIO ARCANJO BINA DOS SANTOS;16/05/2026;
SWS0H40;19/05/2026;389693;São Paulo;370;522.265;87;5973.18;;;;;;;FABIO ARCANJO BINA DOS SANTOS;20/05/2026;
KYB0C21;20/05/2026;5672180;São Paulo;370;205.408;27;2284.73;;;;;;;FABIO ARCANJO BINA DOS SANTOS;20/05/2026;VIAGEM 395803
SWS0H40;20/05/2026;395803;São Paulo;370;273.561;33;2674.73;;;;;;;FABIO ARCANJO BINA DOS SANTOS;21/05/2026;
SWS0H40;20/05/2026;390124;São Paulo;370;19.995;3;312;;;;;;;FABIO ARCANJO BINA DOS SANTOS;21/05/2026;
KYB0C21;20/05/2026;391478;São Paulo;370;49.196;3;696;;;;;;;FABIO ARCANJO BINA DOS SANTOS;21/05/2026;
SWS0H40;27/05/2026;5698492;São Paulo;370;341.28;61;4277.82;;;;;;;FABIO ARCANJO BINA DOS SANTOS;27/05/2026;VIAGEM 402761
SWS0H40;02/06/2026;5716131;São Paulo;370;626.773;50;5135.66;;;;;;;FABIO ARCANJO BINA DOS SANTOS;01/06/2026;viagem 407448 e 407449
SWS0H40;10/06/2026;5745650;São Paulo;370;497.851;110;5691.64;;;;;;;FABIO ARCANJO BINA DOS SANTOS;09/06/2026;VIAGEM 415010
SWS0H40;11/06/2026;5748886;São Paulo;370;479.579;80;4347.43;;;;;;;FABIO ARCANJO BINA DOS SANTOS;10/06/2026;VIAGEM 416999
SWS0H40;12/06/2026;5756714;São Paulo;370;489.529;113;6922.89;;;;;;;FABIO ARCANJO BINA DOS SANTOS;12/06/2026;VIAGEM 408773
SWS0H40;15/06/2026;5761919;São Paulo;370;457.686;86;6643.15;;;;;;;FABIO ARCANJO BINA DOS SANTOS;12/06/2026;VIAGEM 420812
SWS0H40;17/06/2026;5773312;São Paulo;370;575.491;292;15076.32;;;;;;;FABIO ARCANJO BINA DOS SANTOS;16/06/2026;VIAGEM 422594
SWS0H40;03/07/2026;5837779;São Paulo;370;599.935;84;8084.91;;;;;;;FABIO ARCANJO BINA DOS SANTOS;02/07/2026;VIAGEM 432710
SWS0H40;08/07/2026;5860184;São Paulo;370;624.906;72;6583.88;;;;;;;FABIO ARCANJO BINA DOS SANTOS;08/07/2026;434381
SWS0H40;11/07/2026;5870322;São Paulo;370;357.001;96;6178.14;;;;;;;FABIO ARCANJO BINA DOS SANTOS;11/07/2026;VIAGEM 434526
EDC2J45;13/07/2026;5877205;São Paulo;370;502.691;49;5277.84;;;;;;;FABIO ARCANJO BINA DOS SANTOS;13/07/2026;434871/408777
SWS0H40;15/07/2026;5886576;São Paulo;370;137.39;10;1236;;;;;;;FABIO ARCANJO BINA DOS SANTOS;15/07/2026;435435
SWS0H40;20/07/2026;5908869;São Paulo;370;410.979;42;4609.97;;;;;;;FABIO ARCANJO BINA DOS SANTOS;20/07/2026;435992
SWS0H40;22/07/2026;5919273;São Paulo;370;419.132;75;6625.15;;;;;;;FABIO ARCANJO BINA DOS SANTOS;22/07/2026;436863
SWS0H40;28/07/2026;5937141;São Paulo;370;148.397;39;2506.54;;;;;;;FABIO ARCANJO BINA DOS SANTOS;28/07/2026;VIAGEM 437743
SWS0H40;04/08/2026;5970397;São Paulo;370;699.57;69;6841.06;;;;;;;FABIO ARCANJO BINA DOS SANTOS;04/08/2026;439.421
SWS0H40;07/08/2026;5985846;São Paulo;370;384.339;48;2802.5;;;;;;;FABIO ARCANJO BINA DOS SANTOS;07/08/2026;440.666
SWS0H40;07/08/2026;5985999;São Paulo;370;57.224;17;977.4;;;;;;;FABIO ARCANJO BINA DOS SANTOS;07/08/2026;VIAGEM 440085
SWS0H40;11/08/2026;5992502;São Paulo;370;551.174;68;5740.67;;;;;;;FABIO ARCANJO BINA DOS SANTOS;10/08/2026;VIAGEM 440692
SWS0H40;12/08/2026;5997867;São Paulo;370;394.91;75;4885.47;;;;;;;FABIO ARCANJO BINA DOS SANTOS;11/08/2026;VIAGEM 441245
SWS0H40;14/08/2026;6011286;São Paulo;370;305.702;54;4757.56;;;;;;;FABIO ARCANJO BINA DOS SANTOS;14/08/2026;441.952
SWS0H40;19/08/2026;6025194;São Paulo;370;312.55;50;4170;;;;;;;FABIO ARCANJO BINA DOS SANTOS;18/08/2026;VIAGEM 439655
SWS0H40;24/08/2026;6040037;São Paulo;370;143.247;38;2601.2;;;;;;;FABIO ARCANJO BINA DOS SANTOS;22/08/2026;VIAGEM 443814
SWS0H40;24/08/2026;6044076;São Paulo;370;544.618;124;8640.69;;;;;;;FABIO ARCANJO BINA DOS SANTOS;24/08/2026;438.498
SWS0H40;26/08/2026;6056688;São Paulo;370;359.519;42;4229.18;;;;;;;FABIO ARCANJO BINA DOS SANTOS;26/08/2026;444.741
SWS0H40;09/09/2026;6104552;São Paulo;370;352.38;69;4922.66;;;;;;;FABIO ARCANJO BINA DOS SANTOS;08/09/2026;VIAGEM - 447676
SWS0H40;10/09/2026;6111085;São Paulo;370;588.223;57;5480.56;;;;;;;FABIO ARCANJO BINA DOS SANTOS;09/09/2026;VIAGEM - 447678
SWS0H40;11/09/2026;6117843;São Paulo;370;571.659;95;6998.27;;;;;;;FABIO ARCANJO BINA DOS SANTOS;11/09/2026;
SWS0H40;15/09/2026;6129946;São Paulo;370;416.617;108;7143.62;;;;;;;FABIO ARCANJO BINA DOS SANTOS;15/09/2026;VIAGEM - 449458
SWS0H40;16/09/2026;6135215;São Paulo;370;387.465;61;5090.48;;;;;;;FABIO ARCANJO BINA DOS SANTOS;15/09/2026;VIAGEM - 449622
SWS0H40;18/09/2026;6144288;São Paulo;370;476.506;40;5339.72;;;;;;;FABIO ARCANJO BINA DOS SANTOS;17/09/2026;VIAGEM - 450725/450726
SWS0H40;19/09/2026;6150887;São Paulo;370;581.499;75;6203.33;;;;;;;FABIO ARCANJO BINA DOS SANTOS;19/09/2026;Fabio - 451.874
SWS0H40;22/05/2026;5681207;Sorocaba;500;532.597;48;5068.12;;;;;;;FABIO ARCANJO BINA DOS SANTOS;22/05/2026;VIAGEM 392531
SWS0H40;16/06/2026;5768842;Sorocaba;500;444.46;40;2160;;;;;;;FABIO ARCANJO BINA DOS SANTOS;16/06/2026;VIAGEM 413816
SWS0H40;26/05/2026;5693525;Taboão da Serra;370;516.434;84;6545.85;;;;;;;FABIO ARCANJO BINA DOS SANTOS;26/05/2026;VIAGEM 399527
SWS0H40;01/07/2026;5823153;Taboão da Serra;370;328.985;50;3501;;;;;;;FABIO ARCANJO BINA DOS SANTOS;30/06/2026;VIAGEM 430827
SWS0H40;13/08/2026;6003430;Taboão da Serra;370;406.809;54;6687.4;;;;;;;FABIO ARCANJO BINA DOS SANTOS;12/08/2026;VIAGEM 441717
SWS0H40;14/09/2026;6119652;Várzea Paulista;450;541.709;76;5280.42;;;;;;;FABIO ARCANJO BINA DOS SANTOS;11/09/2026;Fabio - 447708
FOF1I46;19/08/2026;6025592;Americana;800;1219.944;214;14490.32;;;;;;;ALEXANDRE MARTINS OLIVEIRA;18/08/2026;VIAGEM 442790
FOF1I46;08/09/2026;6102310;Angatuba;1300;1041.744;182;16614.93;;;;;;;ALEXANDRE MARTINS OLIVEIRA;08/09/2026;VIAGEM - 447291
FOF1I46;22/06/2026;5789405;Araçoiaba da Serra;800;1057.648;144;12311.17;;;;;;;ALEXANDRE MARTINS OLIVEIRA;20/06/2026;VIAGEM 427053
FOF1I46;05/08/2026;5971211;Barueri;500;1392.544;186;14590.33;;;;;;;ALEXANDRE MARTINS OLIVEIRA;05/08/2026;VIAGEM 438929
FOF1I46;18/09/2026;6145442;Bragança Paulista;800;1022.076;146;14631.24;;;;;;;ALEXANDRE MARTINS OLIVEIRA;17/09/2026;VIAGEM - 449694
FOF1I46;24/04/2026;365736;Cajamar;700;997.854;90;10030.38;;;;;;;ALEXANDRE MARTINS OLIVEIRA;25/04/2026;
FOF1I46;30/05/2026;5710881;Campinas;800000;1603.307;157;14366.76;;;;;;;ALEXANDRE MARTINS OLIVEIRA;30/05/2026;VIAGEM 406457
FOF1I46;15/06/2026;5761572;Campinas;800;1202.806;162;9921.72;;;;;;;ALEXANDRE MARTINS OLIVEIRA;12/06/2026;VIAGEM 418766
FOF1I46;31/07/2026;5953784;Campinas;800;1166.688;151;12852.25;;;;;;;ALEXANDRE MARTINS OLIVEIRA;31/07/2026;VIAGEM 438709
FOF1I46;29/07/2026;5942427;Campo Limpo Paulista;700;1125.701;201;15851.6;;;;;;;ALEXANDRE MARTINS OLIVEIRA;29/07/2026;VIAGEM 438093
FOF1I46;27/05/2026;5693726;Diadema;500;1120.105;180;11221.25;;;;;;;ALEXANDRE MARTINS OLIVEIRA;27/05/2026;398142
FOF1I46;19/06/2026;5782031;Diadema;500;1233.274;180;13474.12;;;;;;;ALEXANDRE MARTINS OLIVEIRA;18/06/2026;VIAGEM 421178
FOF1I46;20/05/2026;5669329;Ferraz de Vasconcelos;500;1258.324;224;14486.66;;;;;;;ALEXANDRE MARTINS OLIVEIRA;20/05/2026;
FOF1I46;20/05/2026;389264;Ferraz de Vasconcelos;500;1258.324;224;14486.66;;;;;;;ALEXANDRE MARTINS OLIVEIRA;21/05/2026;
FOF1I46;14/04/2026;357817;Francisco Morato;700;1570.194;173;10169.75;;;;;;;ALEXANDRE MARTINS OLIVEIRA;15/04/2026;
FOF1I46;06/07/2026;5843253;Franco da Rocha;700;1206.504;179;14259.48;;;;;;;ALEXANDRE MARTINS OLIVEIRA;03/07/2026;VIAGEM 433045
FOF1I46;29/04/2026;374612;Guarujá;700;152.675;14;2326.8;;;;;;;ALEXANDRE MARTINS OLIVEIRA;30/04/2026;
FOF1I46;29/04/2026;373622;Guarujá;700;351.276;36;3385.26;;;;;;;ALEXANDRE MARTINS OLIVEIRA;01/05/2026;
FOF1I46;22/09/2026;6156278;Guarujá;700;1421.652;135;11974.58;;;;;;;ALEXANDRE MARTINS OLIVEIRA;21/09/2026;Alexandre - 451353
FOF1I46;12/05/2026;385871;Guarulhos;500;1673.858;140;13951.2;;;;;;;ALEXANDRE MARTINS OLIVEIRA;13/05/2026;
FOF1I46;14/07/2026;5881980;Guarulhos;500;1631.475;126;11876.55;;;;;;;ALEXANDRE MARTINS OLIVEIRA;14/07/2026;421316
FOF1I46;07/08/2026;5979827;Guarulhos;500;898.74;110;9739.39;;;;;;;ALEXANDRE MARTINS OLIVEIRA;06/08/2026;VIAGEM 439636
FOF1I46;14/09/2026;6122442;Guarulhos;500;1226.681;170;13547.75;;;;;;;ALEXANDRE MARTINS OLIVEIRA;11/09/2026;VIAGEM - 448875
FOF1I46;15/04/2026;350776;Indaiatuba;900;1626.371;219;16541.63;;;;;;;ALEXANDRE MARTINS OLIVEIRA;16/04/2026;
FOF1I46;11/09/2026;6115432;Itaquaquecetuba;700;726.131;116;8829.76;;;;;;;ALEXANDRE MARTINS OLIVEIRA;10/09/2026;VIAGEM - 448218
FOF1I46;06/08/2026;5977448;Itariri;800;873.991;162;11384.75;;;;;;;ALEXANDRE MARTINS OLIVEIRA;06/08/2026;Viagem - 439958 / 439959
FOF1I46;14/05/2026;387683;Jarinu;700;861.012;182;13219.61;;;;;;;ALEXANDRE MARTINS OLIVEIRA;15/05/2026;
FOF1I46;17/08/2026;6013565;Jarinu;700;1146.565;238;17910.8;;;;;;;ALEXANDRE MARTINS OLIVEIRA;14/08/2026;VIAGEM 439395
FOF1I46;11/08/2026;5995944;Joanópolis;800;765.781;165;12809.44;;;;;;;ALEXANDRE MARTINS OLIVEIRA;11/08/2026;441.182
FOF1I46;23/09/2026;6161968;Mairiporã;700;1615.424;166;15373.49;;;;;;;ALEXANDRE MARTINS OLIVEIRA;23/09/2026;VIAGEM - 452263
FOF1I46;18/08/2026;6020324;Mogi das Cruzes;700;1192.026;130;10370.6;;;;;;;ALEXANDRE MARTINS OLIVEIRA;17/08/2026;VIAGEM 442403
FOF1I46;05/06/2026;5776444;Mongaguá;700;1295.138;120;12707.19;;;;;;;ALEXANDRE MARTINS OLIVEIRA;17/06/2026;VIAGEM 410616
FOF1I46;20/04/2026;364217;Osasco;500;1464.094;131;12704.94;;;;;;;ALEXANDRE MARTINS OLIVEIRA;21/04/2026;
FOF1I46;03/06/2026;5723596;Praia Grande;700;1198.439;263;19263.87;;;;;;;ALEXANDRE MARTINS OLIVEIRA;03/06/2026;VIAGEM 403092
FOF1I46;21/07/2026;5913365;Praia Grande;700;930.303;207;13418.55;;;;;;;ALEXANDRE MARTINS OLIVEIRA;21/07/2026;436524
FOF1I46;08/06/2026;5733034;Santa Bárbara d'Oeste;950;791.75;211;17577.93;;;;;;;ALEXANDRE MARTINS OLIVEIRA;05/06/2026;viagem 409861
FOF1I46;13/08/2026;6002785;Santo André;500;1060.679;122;12404.14;;;;;;;ALEXANDRE MARTINS OLIVEIRA;12/08/2026;VIAGEM 441486
FOF1I46;10/06/2026;5746123;São Bernardo do Campo;500;1424.408;193;11215.07;;;;;;;ALEXANDRE MARTINS OLIVEIRA;10/06/2026;VIAGEM 415994
FOF1I46;02/07/2026;5832644;São Bernardo do Campo;500;748.931;197;11318.58;;;;;;;ALEXANDRE MARTINS OLIVEIRA;01/07/2026;VIAGEM 432303
FOF1L46;22/05/2026;5679958;São José dos Campos;800;1351.331;134;14181.97;;;;;;;ALEXANDRE MARTINS OLIVEIRA;22/05/2026;384683
FOF1I46;17/04/2026;360818;São Paulo;500;1382.713;239;18590.26;;;;;;;ALEXANDRE MARTINS OLIVEIRA;18/04/2026;
FOF1I46;22/04/2026;356991;São Paulo;500;654.031;145;9677.16;;;;;;;ALEXANDRE MARTINS OLIVEIRA;23/04/2026;
FOF1I46;23/04/2026;366397;São Paulo;500;351.462;30;5380.2;;;;;;;ALEXANDRE MARTINS OLIVEIRA;24/04/2026;
FOF1I46;23/04/2026;358863;São Paulo;500;470.088;112;5562.48;;;;;;;ALEXANDRE MARTINS OLIVEIRA;24/04/2026;
FOF1I46;23/04/2026;356199;São Paulo;500;122.47;48;3507.19;;;;;;;ALEXANDRE MARTINS OLIVEIRA;25/04/2026;
FOF1I46;04/05/2026;375173;São Paulo;500;553.792;272;12972.33;;;;;;;ALEXANDRE MARTINS OLIVEIRA;05/05/2026;
FOF1I46;06/05/2026;380718;São Paulo;500;335.642;237;11637.33;;;;;;;ALEXANDRE MARTINS OLIVEIRA;07/05/2026;
FOF1I46;06/05/2026;377387;São Paulo;500;1280.343;302;22285.15;;;;;;;ALEXANDRE MARTINS OLIVEIRA;07/05/2026;
FOF1I46;18/05/2026;5662066;São Paulo;500;1565.114;240;18966.58;;;;;;;ALEXANDRE MARTINS OLIVEIRA;18/05/2026;VIAGEM 387649
FOF1I46;18/05/2026;387649;São Paulo;500;1565.114;240;18966.58;;;;;;;ALEXANDRE MARTINS OLIVEIRA;19/05/2026;
FOF1I46;25/05/2026;5688200;São Paulo;500;1550.941;151;14215.56;;;;;;;ALEXANDRE MARTINS OLIVEIRA;25/05/2026;VIAGEM 397779
FOF1I46;27/05/2026;5698873;São Paulo;500;1647.011;217;16074.14;;;;;;;ALEXANDRE MARTINS OLIVEIRA;27/05/2026;VIAGEM 403356
FOF1I46;11/06/2026;5750720;São Paulo;500;815.792;210;10785.56;;;;;;;ALEXANDRE MARTINS OLIVEIRA;10/06/2026;VIAGEM 415070
FOF1I46;16/06/2026;5768447;São Paulo;500;1403.908;186;12921.3;;;;;;;ALEXANDRE MARTINS OLIVEIRA;15/06/2026;VIAGEM 422037
FOF1I46;25/06/2026;5802696;São Paulo;500;1039.075;113;9904.32;;;;;;;ALEXANDRE MARTINS OLIVEIRA;24/06/2026;VIAGEM 429978
FOF1I46;26/06/2026;5808956;São Paulo;500;1551.36;130;13920;;;;;;;ALEXANDRE MARTINS OLIVEIRA;25/06/2026;VIAGEM 430613
FOF1I46;01/07/2026;5827500;São Paulo;500;968.34;1735;44205.6;;;;;;;ALEXANDRE MARTINS OLIVEIRA;30/06/2026;VIAGEM 430915
FOF1I46;03/07/2026;5837784;São Paulo;500;991.966;178;14413.76;;;;;;;ALEXANDRE MARTINS OLIVEIRA;02/07/2026;VIAGEM 432329
FOF1L46;06/07/2026;5849440;São Paulo;500;1039.913;116;10893.92;;;;;;;ALEXANDRE MARTINS OLIVEIRA;06/07/2026;433326
FOF1I46;08/07/2026;5857693;São Paulo;500;728.995;214;16311.17;;;;;;;ALEXANDRE MARTINS OLIVEIRA;08/07/2026;martins 433.757
FOF1I46;10/07/2026;5870025;São Paulo;500;1385.209;360;29232.02;;;;;;;ALEXANDRE MARTINS OLIVEIRA;10/07/2026;434529
FOF1I46;13/07/2026;5877168;São Paulo;500;828.78;196;12078.34;;;;;;;ALEXANDRE MARTINS OLIVEIRA;13/07/2026;434.532
FOF1I46;16/07/2026;5895852;São Paulo;500;982.792;228;14647.6;;;;;;;ALEXANDRE MARTINS OLIVEIRA;16/07/2026;435467
FOF1I46;20/07/2026;5908885;São Paulo;500;1380.783;280;18915.33;;;;;;;ALEXANDRE MARTINS OLIVEIRA;20/07/2026;436350
FOF1I46;24/07/2026;5929259;São Paulo;500;1412.359;188;15980.34;;;;;;;ALEXANDRE MARTINS OLIVEIRA;24/07/2026;437229
FOF1I46;07/08/2026;5986011;São Paulo;500;1031.83;177;11383.94;;;;;;;ALEXANDRE MARTINS OLIVEIRA;07/08/2026;VIAGEM 440122
FOF1I46;11/08/2026;5992259;São Paulo;500;737.258;140;11321.94;;;;;;;ALEXANDRE MARTINS OLIVEIRA;10/08/2026;VIAGEM 440792
FOF1I46;19/08/2026;6030288;São Paulo;500;1661.158;187;8327.5;;;;;;;ALEXANDRE MARTINS OLIVEIRA;19/08/2026;443.160
FOF1I46;20/08/2026;6035008;São Paulo;500;1300.032;272;17243.37;;;;;;;ALEXANDRE MARTINS OLIVEIRA;20/08/2026;438.494
FOF1I46;21/08/2026;6039863;São Paulo;500;1255.18;163;13029.74;;;;;;;ALEXANDRE MARTINS OLIVEIRA;21/08/2026;443.770
FOF1I46;25/08/2026;6046544;São Paulo;500;1146.604;145;12002.74;;;;;;;ALEXANDRE MARTINS OLIVEIRA;24/08/2026;VIAGEM - 444213
FOF1I46;27/08/2026;6056594;São Paulo;500;1238.615;214;13235.43;;;;;;;ALEXANDRE MARTINS OLIVEIRA;26/08/2026;VIAGEM - 444718
FOF1I46;28/08/2026;6065092;São Paulo;500;931.996;118;11917.24;;;;;;;ALEXANDRE MARTINS OLIVEIRA;28/08/2026;445.075
FOF1I46;01/09/2026;6077608;São Paulo;500;1031.537;125;10801.5;;;;;;;ALEXANDRE MARTINS OLIVEIRA;01/09/2026;445188
FOF1I46;01/09/2026;6077641;São Paulo;500;11.028;4;153.12;;;;;;;ALEXANDRE MARTINS OLIVEIRA;01/09/2026;445555
FOF1I46;03/09/2026;6084936;São Paulo;500;1518.18;133;13789.68;;;;;;;ALEXANDRE MARTINS OLIVEIRA;02/09/2026;VIAGEM - 445698
FOF1I46;04/09/2026;6091779;São Paulo;500;1038.509;91;9753.78;;;;;;;ALEXANDRE MARTINS OLIVEIRA;03/09/2026;VIAGEM - 446321
FOF1I46;09/09/2026;6105244;São Paulo;500;1415.796;148;12687.74;;;;;;;ALEXANDRE MARTINS OLIVEIRA;09/09/2026;447857
FOF1I46;10/09/2026;6111087;São Paulo;500;1025.136;242;14131.11;;;;;;;ALEXANDRE MARTINS OLIVEIRA;09/09/2026;VIAGEM - 447978
FOF1I46;17/09/2026;6140469;São Paulo;500;1328.825;156;13488.84;;;;;;;ALEXANDRE MARTINS OLIVEIRA;16/09/2026;VIAGEM - 448879
FOF1I46;21/09/2026;6149936;São Paulo;500;294.228;50;4047.46;;;;;;;ALEXANDRE MARTINS OLIVEIRA;18/09/2026;VIAGEM -  451669/451735
FOF1I46;07/05/2026;379069;São Vicente;700;1278.965;191;15701.45;;;;;;;ALEXANDRE MARTINS OLIVEIRA;08/05/2026;Viagem 379069 / 380387
FOF1I46;07/05/2026;380387;São Vicente;700;578.127;43;5630.88;;;;;;;ALEXANDRE MARTINS OLIVEIRA;09/05/2026;
FOF1I46;28/07/2026;5936875;São Vicente;700;1502.259;352;23231.39;;;;;;;ALEXANDRE MARTINS OLIVEIRA;28/07/2026;437445
FOF1I46;28/04/2026;368904;Sorocaba;900;961.06;126;12255.42;;;;;;;ALEXANDRE MARTINS OLIVEIRA;29/04/2026;
FOF1I46;15/05/2026;5655852;Sorocaba;800000;1656.481;232;21745.1;;;;;;;ALEXANDRE MARTINS OLIVEIRA;15/05/2026;VIAGEM 387284
FOF1I46;15/05/2026;387284;Sorocaba;800000;1656.481;232;21745.1;;;;;;;ALEXANDRE MARTINS OLIVEIRA;16/05/2026;
FOF1I46;29/06/2026;5817149;Sorocaba;800;1662.405;140;14846.4;;;;;;;ALEXANDRE MARTINS OLIVEIRA;29/06/2026;VIAGEM 431376
FOF1I46;08/05/2026;379895;Sumaré;800000;990.229;128;9901.74;;;;;;;ALEXANDRE MARTINS OLIVEIRA;09/05/2026;
FOF1I46;16/09/2026;6133816;Taboão da Serra;500;968.847;131;11389.43;;;;;;;ALEXANDRE MARTINS OLIVEIRA;15/09/2026;VIAGEM - 449689
FOF1I46;11/05/2026;379727;Valinhos;800000;869.498;112;10576.87;;;;;;;ALEXANDRE MARTINS OLIVEIRA;12/05/2026;
FOF1I46;17/07/2026;5902476;Votorantim;800;1456.368;121;13470.4;;;;;;;ALEXANDRE MARTINS OLIVEIRA;17/07/2026;435580
FOF1I46;26/08/2026;6051772;Votorantim;800;1509.113;131;12449.7;;;;;;;ALEXANDRE MARTINS OLIVEIRA;25/08/2026;VIAGEM - 442901
HGG0J44;17/04/2026;354614;Barueri;500;381.574;108;11163.07;;;;;;;SERGIO JOSE DE SOUZA;18/04/2026;
HGG0J44;15/09/2026;6129260;Caieiras;700;996.975;118;7962.37;;;;;;;SERGIO JOSE DE SOUZA;14/09/2026;VIAGEM - 449359/449360
HGG0J44;11/06/2026;5748875;Carapicuíba;500;1569.245;234;18621.61;;;;;;;SERGIO JOSE DE SOUZA;10/06/2026;VIAGEM 412044
OQY0C77;18/09/2026;6146148;Carapicuíba;500;1443.03;161;12845.25;;;;;;;SERGIO JOSE DE SOUZA;18/09/2026;Marcos - 450.102
HGG0J44;14/05/2026;388208;Cotia;500;24.303;3;302.4;;;;;;;SERGIO JOSE DE SOUZA;15/05/2026;
HGG0J44;14/05/2026;388142;Cotia;500;1148.078;125;10829.77;;;;;;;SERGIO JOSE DE SOUZA;15/05/2026;
HGG0J44;09/06/2026;5740919;Cotia;500;1348.63;218;11825.05;;;;;;;SERGIO JOSE DE SOUZA;09/06/2026;VIAGEM 415007
HGG0J44;27/04/2026;367752;Diadema;500;649.134;157;10295.98;;;;;;;SERGIO JOSE DE SOUZA;28/04/2026;
HGG0J44;20/07/2026;5908744;Diadema;500;1223.622;453;19185.77;;;;;;;SERGIO JOSE DE SOUZA;20/07/2026;marco 436.340
HGG0J44;02/09/2026;6080159;Embu das Artes;500;1116.742;164;12564.33;;;;;;;SERGIO JOSE DE SOUZA;01/09/2026;VIAGEM - 445342
HGG0J44;17/06/2026;5773114;Ferraz de Vasconcelos;500;1401.94;205;13962.54;;;;;;;SERGIO JOSE DE SOUZA;16/06/2026;VIAGEM 422957
HGG0J44;14/08/2026;6009212;Ferraz de Vasconcelos;500;819.471;134;9862.17;;;;;;;SERGIO JOSE DE SOUZA;14/08/2026;441936
HGG0J44;14/04/2026;356297;Guarulhos;500;661.805;60;5987.2;;;;;;;SERGIO JOSE DE SOUZA;16/04/2026;
HGG0J44;27/04/2026;366204;Guarulhos;500;1125.84;109;9226.25;;;;;;;SERGIO JOSE DE SOUZA;28/04/2026;
HGG0J44;30/06/2026;5821014;Guarulhos;500;976.007;189;14722.15;;;;;;;SERGIO JOSE DE SOUZA;29/06/2026;VIAGEM 430846
HGG0J44;07/08/2026;5985983;Guarulhos;500;1377.998;149;14720.02;;;;;;;SERGIO JOSE DE SOUZA;07/08/2026;VIAGEM 439746
HGG0J44;20/08/2026;6034989;Guarulhos;500;1199.516;194;16448.17;;;;;;;SERGIO JOSE DE SOUZA;20/08/2026;443.552
HGG0J44;02/06/2026;5717610;Itapevi;700;642.027;52;6027.71;;;;;;;SERGIO JOSE DE SOUZA;01/06/2026;VIAGEM 402927
HGG0J44;12/05/2026;385869;Itaquaquecetuba;700;1392.56;133;13015.96;;;;;;;SERGIO JOSE DE SOUZA;13/05/2026;
HGG0J44;31/07/2026;5958274;Itaquaquecetuba;700;987.045;133;8588.28;;;;;;;SERGIO JOSE DE SOUZA;31/07/2026;437569
HGG0J44;03/09/2026;6085183;Itaquaquecetuba;700;965.204;86;8155.86;;;;;;;SERGIO JOSE DE SOUZA;02/09/2026;VIAGEM - 443240
HGG0J44;28/08/2026;6062286;Jacareí;800;1553.627;141;14456.04;;;;;;;SERGIO JOSE DE SOUZA;27/08/2026;VIAGEM - 445089
HGG0J44;30/07/2026;5952976;Jandira;500;668.312;69;5779.2;;;;;;;SERGIO JOSE DE SOUZA;30/07/2026;438.673
HGG0J44;29/04/2026;369827;Jundiaí;700;337.808;52;3772.34;;;;;;;SERGIO JOSE DE SOUZA;29/04/2026;
HGG0J44;29/04/2026;373094;Jundiaí;700;33.02;13;1271.4;;;;;;;SERGIO JOSE DE SOUZA;29/04/2026;
HGG0J44;29/04/2026;369860;Jundiaí;700;536.271;70;7424.74;;;;;;;SERGIO JOSE DE SOUZA;29/04/2026;
HGG0J44;04/05/2026;377087;Mogi das Cruzes;700;171.071;31;1980.06;;;;;;;SERGIO JOSE DE SOUZA;05/05/2026;
HGG0J44;13/05/2026;382730;Nova Odessa;800;630.32;72;6835.42;;;;;;;SERGIO JOSE DE SOUZA;14/05/2026;
HGG0J44;06/05/2026;380454;Osasco;500;708.68;158;12699.6;;;;;;;SERGIO JOSE DE SOUZA;07/05/2026;
HGG0J44;06/07/2026;5842263;Pindamonhangaba;950;805.325;65;6753.6;;;;;;;SERGIO JOSE DE SOUZA;03/07/2026;VIAGEM 433062
HGG0J44;14/09/2026;6121106;Pindamonhangaba;950;1366.712;114;13125.6;;;;;;;SERGIO JOSE DE SOUZA;11/09/2026;VIAGEM - 448489
HGG0J44;10/08/2026;5992480;Praia Grande;700;246.181;60;4084.31;;;;;;;SERGIO JOSE DE SOUZA;10/08/2026;440.762
HGG0J44;24/09/2026;6166030;Santana de Parnaíba;700;1595.22;141;14373;;;;;;;SERGIO JOSE DE SOUZA;23/09/2026;VIAGEM - 452241
HGG0J44;25/04/2026;367751;Santo André;500;1103.785;262;17927.4;;;;;;;SERGIO JOSE DE SOUZA;25/04/2026;
HGG0J44;16/06/2026;5767209;Santo André;500;1222.593;132;10611;;;;;;;SERGIO JOSE DE SOUZA;15/06/2026;MARCO ANTONIO 414542
HGG0J44;04/09/2026;6091444;Santo André;500;826.824;85;8655.46;;;;;;;SERGIO JOSE DE SOUZA;03/09/2026;VIAGEM - 446324
HGG0J44;11/05/2026;384611;Santos;700;338.873;17;2853.12;;;;;;;SERGIO JOSE DE SOUZA;12/05/2026;
HGG0J44;11/05/2026;383885;Santos;700;353.419;51;5238.84;;;;;;;SERGIO JOSE DE SOUZA;12/05/2026;
HGG0J44;13/04/2026;356495;São Bernardo do Campo;500;204.038;47;3186.35;;;;;;;SERGIO JOSE DE SOUZA;14/04/2026;
HGG0J44;22/04/2026;356204;São Bernardo do Campo;500;736.51;154;10386.31;;;;;;;SERGIO JOSE DE SOUZA;23/04/2026;
HGG0J44;16/05/2026;384678;São Bernardo do Campo;500;510.309;127;7306.53;;;;;;;SERGIO JOSE DE SOUZA;16/05/2026;
HGG0J44;28/07/2026;5937356;São Bernardo do Campo;500;1008.35;196;12775.05;;;;;;;SERGIO JOSE DE SOUZA;28/07/2026;VIAGEM 437615
HGG0J44;20/04/2026;363162;São Paulo;500;1450.047;176;15122.56;;;;;;;SERGIO JOSE DE SOUZA;21/04/2026;
HGG0J44;23/04/2026;365540;São Paulo;500;853.872;142;9372.45;;;;;;;SERGIO JOSE DE SOUZA;24/04/2026;
HGG0J44;30/04/2026;373754;São Paulo;500;929.343;86;8760.41;;;;;;;SERGIO JOSE DE SOUZA;01/05/2026;
HGG0J44;01/05/2026;374513;São Paulo;500;192.471;36;3075.24;;;;;;;SERGIO JOSE DE SOUZA;01/05/2026;
HGG0J44;08/05/2026;5625390;São Paulo;500;1039.156;152;12124.65;;;;;;;SERGIO JOSE DE SOUZA;08/05/2026;Viagem 380189
HGG0J44;08/05/2026;380189;São Paulo;500;1039.156;152;12124.65;;;;;;;SERGIO JOSE DE SOUZA;09/05/2026;
HGG0J44;20/05/2026;5668187;São Paulo;500;399.3;30;2929.5;;;;;;;SERGIO JOSE DE SOUZA;20/05/2026;387591
HGG0J44;20/05/2026;5671883;São Paulo;500;1234.46;133;11816.46;;;;;;;SERGIO JOSE DE SOUZA;20/05/2026;VIAGEM 389893
HGG0J44;20/05/2026;389893;São Paulo;500;1234.46;133;11816.46;;;;;;;SERGIO JOSE DE SOUZA;21/05/2026;
HGG0J44;20/05/2026;387591;São Paulo;500;399.3;30;2929.5;;;;;;;SERGIO JOSE DE SOUZA;21/05/2026;
HGG0J44;21/05/2026;5675711;São Paulo;500;920.662;139;10336.65;;;;;;;SERGIO JOSE DE SOUZA;21/05/2026;VIAGEM 393950
HGG0J44;21/05/2026;393950;São Paulo;500;537.213;120;7407.57;;;;;;;SERGIO JOSE DE SOUZA;22/05/2026;
HGG0J44;21/05/2026;396524;São Paulo;500;383.449;19;2929.08;;;;;;;SERGIO JOSE DE SOUZA;22/05/2026;
HGG0J44;27/05/2026;5693610;São Paulo;500;517.193;99;7028.21;;;;;;;SERGIO JOSE DE SOUZA;27/05/2026;VIAGEM 401210
HGG0J44;03/06/2026;5723609;São Paulo;500;998.478;153;11553.59;;;;;;;SERGIO JOSE DE SOUZA;03/06/2026;VIAGEM 407546
HGG0J44;08/06/2026;5734359;São Paulo;500;;;;;;;;;;SERGIO JOSE DE SOUZA;06/06/2026;VIAGEM 412166
HGG0J44;22/06/2026;5788253;São Paulo;500;1281.371;218;17359.71;;;;;;;SERGIO JOSE DE SOUZA;19/06/2026;VIAGEM 421211
HGG0J44;23/06/2026;5794697;São Paulo;500;1413.83;128;12086.4;;;;;;;SERGIO JOSE DE SOUZA;22/06/2026;VIAGEM 429458
HGG0J44;27/06/2026;5810098;São Paulo;500;1108.477;129;11957.28;;;;;;;SERGIO JOSE DE SOUZA;26/06/2026;MARCO ANTONIO 430488
HGG0J44;27/06/2026;5813673;São Paulo;500;793.363;115;10312.11;;;;;;;SERGIO JOSE DE SOUZA;27/06/2026;VIAGEM 430486
HGG0J44;03/07/2026;5837813;São Paulo;500;1071.858;179;14786.4;;;;;;;SERGIO JOSE DE SOUZA;02/07/2026;VIAGEM 432315
HGG0J44;08/07/2026;5855290;São Paulo;500;1357.331;175;11825.97;;;;;;;SERGIO JOSE DE SOUZA;08/07/2026;VIAGEM 408778
HGG0J44;18/07/2026;5903880;São Paulo;500;678.651;96;8329.7;;;;;;;SERGIO JOSE DE SOUZA;18/07/2026;marco 436.165
HGG0J44;18/07/2026;5903924;São Paulo;500;215.347;10;1719.96;;;;;;;SERGIO JOSE DE SOUZA;18/07/2026;436.166
HGG0J44;21/07/2026;5914276;São Paulo;500;944.052;110;10977.3;;;;;;;SERGIO JOSE DE SOUZA;21/07/2026;marco 436.568
HGG0J44;22/07/2026;5919264;São Paulo;;978.3;139;10421.49;;;;;;;SERGIO JOSE DE SOUZA;22/07/2026;436758
HGG0J44;25/07/2026;5929886;São Paulo;500;733.084;126;8646.66;;;;;;;SERGIO JOSE DE SOUZA;25/07/2026;VIAGEM 437248
HGG0J44;30/07/2026;5947514;São Paulo;500;1221.882;178;13458.08;;;;;;;SERGIO JOSE DE SOUZA;30/07/2026;438402
HGG0J44;05/08/2026;5972200;São Paulo;500;1111.012;192;14010.26;;;;;;;SERGIO JOSE DE SOUZA;05/08/2026;Viagem - 439070
HGG0J44;06/08/2026;5977335;São Paulo;500;741.55;126;8368.92;;;;;;;SERGIO JOSE DE SOUZA;06/08/2026;Viagem - 439064 / 439065
HGG0J44;06/08/2026;5981519;São Paulo;500;737.97;152;11095.6;;;;;;;SERGIO JOSE DE SOUZA;06/08/2026;439.954
HGG0J44;13/08/2026;6005406;São Paulo;500;1140.26;227;13288.4;;;;;;;SERGIO JOSE DE SOUZA;13/08/2026;439.399
HGG0J44;19/08/2026;6022978;São Paulo;500;1467.628;235;17361.47;;;;;;;SERGIO JOSE DE SOUZA;18/08/2026;442527
HGG0J44;20/08/2026;6030325;São Paulo;500;1034.946;154;15078.11;;;;;;;SERGIO JOSE DE SOUZA;19/08/2026;VIAGEM 442968
HGG0J44;21/08/2026;6039116;São Paulo;500;1440.73;167;14519;;;;;;;SERGIO JOSE DE SOUZA;21/08/2026;443.768
HGG0J44;27/08/2026;6054895;São Paulo;500;917.038;102;9059.07;;;;;;;SERGIO JOSE DE SOUZA;26/08/2026;VIAGEM - 444836
HGG0J44;31/08/2026;6068195;São Paulo;500;900.312;184;14452.33;;;;;;;SERGIO JOSE DE SOUZA;28/08/2026;VIAGEM - 444942
HGG0J44;11/09/2026;6116730;São Paulo;500;1021.838;130;13352.89;;;;;;;SERGIO JOSE DE SOUZA;10/09/2026;VIAGEM - 448479/448480
HGG0J44;16/09/2026;6135234;São Paulo;500;1009.465;225;11903.2;;;;;;;SERGIO JOSE DE SOUZA;15/09/2026;VIAGEM - 445542
HGG0J44;17/09/2026;6140520;São Paulo;500;1438.979;170;12602.45;;;;;;;SERGIO JOSE DE SOUZA;16/09/2026;VIAGEM - 450054
HGG0J44;19/09/2026;6151642;São Paulo;500;1272.53;159;13989.9;;;;;;;SERGIO JOSE DE SOUZA;19/09/2026;Marco - 450.064
HGG0J44;23/09/2026;6161821;São Paulo;500;1584.137;178;15394.32;;;;;;;SERGIO JOSE DE SOUZA;22/09/2026;VIAGEM - 452230
HGG0J44;22/05/2026;5679597;São Vicente;700;1360.845;219;15071.3;;;;;;;SERGIO JOSE DE SOUZA;22/05/2026;VIAGEM 391084
HGG0J44;29/05/2026;5708424;São Vicente;700;1038.495;143;12482.63;;;;;;;SERGIO JOSE DE SOUZA;29/05/2026;MARCO ANTONIO 404675
HGG0J44;05/05/2026;333355;Sorocaba;800;1371.92;240;20375.88;;;;;;;SERGIO JOSE DE SOUZA;07/05/2026;
DBC5F59;15/06/2026;5759641;Taboão da Serra;500;742.442;98;5356.72;;;;;;;SERGIO JOSE DE SOUZA;12/06/2026;VIAGEM 416194
HGG0J44;26/08/2026;6052794;Taboão da Serra;500;970.555;208;16429.45;;;;;;;SERGIO JOSE DE SOUZA;26/08/2026;MARCO ANTONIO 444793
EMD1A03;11/09/2026;6114385;Barueri;500;1017.053;117;10469.15;;;;;;;THIAGO DA SILVA SOUZA;10/09/2026;Thiago - 448216
EMD1A03;28/08/2026;6065090;Biritiba-Mirim;800;1142.704;118;11752.8;;;;;;;THIAGO DA SILVA SOUZA;28/08/2026;445.135
EMD1A03;14/09/2026;6121763;Bragança Paulista;800;843.503;143;8830.46;;;;;;;THIAGO DA SILVA SOUZA;11/09/2026;VIAGEM - 448640
EMD1A03;25/05/2026;5687222;Cajamar;700;1015.264;291;32596.93;;;;;;;THIAGO DA SILVA SOUZA;25/05/2026;VIAGEM 391178
EMD1A03;18/06/2026;5779816;Cajamar;500;1022.597;109;8760.6;;;;;;;THIAGO DA SILVA SOUZA;18/06/2026;viagem 424607
EMD1A03;22/05/2026;5679615;Campinas;800;1215.77;100;10523.67;;;;;;;THIAGO DA SILVA SOUZA;22/05/2026;VIAGEM 395403
EMD1A03;02/06/2026;5717902;Campinas;800;987.543;146;8904.23;;;;;;;THIAGO DA SILVA SOUZA;01/06/2026;VIAGEM 408768
EMD1A03;14/08/2026;6008870;Campinas;800;1028.72;217;9958.42;;;;;;;THIAGO DA SILVA SOUZA;13/08/2026;VIAGEM 441867
EMD1A03;12/05/2026;376524;Campo Limpo Paulista;700;1248.105;200;13305.82;;;;;;;THIAGO DA SILVA SOUZA;13/05/2026;Viagem 376524
EMD1A03;11/06/2026;5749441;Diadema;500;1517.898;206;13022.63;;;;;;;THIAGO DA SILVA SOUZA;10/06/2026;viagem 414.722
EMD1A03;27/07/2026;5929324;Diadema;500;1160.486;228;14781.25;;;;;;;THIAGO DA SILVA SOUZA;24/07/2026;Viagem - 435664
EMD1A03;26/08/2026;6051779;Diadema;500;1347.902;150;9579.34;;;;;;;THIAGO DA SILVA SOUZA;25/08/2026;VIAGEM - 444726
EMD1A03;23/09/2026;6161832;Diadema;500;956.38;138;11619.01;;;;;;;THIAGO DA SILVA SOUZA;22/09/2026;VIAGEM - 452329
EMD1A03;22/09/2026;6156564;Embu das Artes;500;1092.085;107;10311.8;;;;;;;THIAGO DA SILVA SOUZA;21/09/2026;VIAGEM - 451873
EMD1A03;14/07/2026;5880701;Ferraz de Vasconcelos;500;950.175;81;7912.8;;;;;;;THIAGO DA SILVA SOUZA;14/07/2026;434518
EMD1A03;18/05/2026;5662274;Guarulhos;500;1070.589;169;13630.49;;;;;;;THIAGO DA SILVA SOUZA;18/05/2026;VIAGEM 388704
EMD1A03;31/07/2026;5958884;Guarulhos;500;844.48;121;9834.09;;;;;;;THIAGO DA SILVA SOUZA;31/07/2026;438.924
EMD1A03;02/09/2026;6081063;Guarulhos;500;955.311;121;11647.66;;;;;;;THIAGO DA SILVA SOUZA;02/09/2026;445403
EMD1A03;03/09/2026;6084904;Guarulhos;500;1296.353;167;15429.98;;;;;;;THIAGO DA SILVA SOUZA;02/09/2026;VIAGEM - 445406
EMD1A03;04/09/2026;6091791;Guarulhos;500;1452.645;131;10950.56;;;;;;;THIAGO DA SILVA SOUZA;04/09/2026;VIAGEM - 446309
EMD1A03;16/09/2026;6135190;Guarulhos;500;927.003;147;11295.9;;;;;;;THIAGO DA SILVA SOUZA;15/09/2026;VIAGEM -  449693
EMD1A03;24/09/2026;6165696;Guarulhos;500;1062.43;212;15231.6;;;;;;;THIAGO DA SILVA SOUZA;23/09/2026;VIAGEM - 452338
EMD1A03;20/05/2026;5669953;Hortolândia;800;1126.92;138;9989.99;;;;;;;THIAGO DA SILVA SOUZA;20/05/2026;VIAGEM 390617
EMD1A03;05/08/2026;5971205;Ibiúna;700;1673.255;237;24606.75;;;;;;;THIAGO DA SILVA SOUZA;05/08/2026;VIAGEM - 439196
EMD1A03;22/06/2026;5787694;Itapecerica da Serra;500;780;150;14310;;;;;;;THIAGO DA SILVA SOUZA;19/06/2026;VIAGEM 426130
EMD1A03;17/08/2026;6013663;Itu;800;1349.252;136;12464.93;;;;;;;THIAGO DA SILVA SOUZA;14/08/2026;VIAGEM 442204
EMD1A03;16/07/2026;5895161;Jarinu;700;1649.301;172;16468.19;;;;;;;THIAGO DA SILVA SOUZA;16/07/2026;435864
EMD1A03;31/07/2026;5949246;Jundiaí;700;853.254;145;13037.05;;;;;;;THIAGO DA SILVA SOUZA;30/07/2026;VIAGEM 438100 E 438483
EMD1A03;18/09/2026;6145444;Juquitiba;700;1063.833;154;12672.08;;;;;;;THIAGO DA SILVA SOUZA;17/09/2026;VIAGEM - 450123
EMD1A03;16/06/2026;5768349;Mairinque;700;1144.106;141;15053.89;;;;;;;THIAGO DA SILVA SOUZA;15/06/2026;VIAGEM 419525
EMD1A03;01/09/2026;6076598;Mogi Mirim;950;1358.449;284;16395.07;;;;;;;THIAGO DA SILVA SOUZA;01/09/2026;VIAGEM - 443248
EMD1A03;15/05/2026;5655841;Praia Grande;700;708.624;114;8463.52;;;;;;;THIAGO DA SILVA SOUZA;15/05/2026;VIAGEM 383467
EMD1A03;06/07/2026;5843173;Salto;800;1061.165;90;9648;;;;;;;THIAGO DA SILVA SOUZA;03/07/2026;VIAGEM 433256
EMD1A03;08/06/2026;5734150;Santa Bárbara d'Oeste;950;1073.912;112;10241.04;;;;;;;THIAGO DA SILVA SOUZA;05/06/2026;VIAGEM 412232
EMD1A03;29/06/2026;5813416;Santo André;500;1116.426;237;16285.77;;;;;;;THIAGO DA SILVA SOUZA;26/06/2026;VIAGEM 429988
EMD1A03;22/07/2026;5919611;Santo André;500;1535.575;186;15282.12;;;;;;;THIAGO DA SILVA SOUZA;22/07/2026;436009
EMD1A03;25/08/2026;6046482;São Bernardo do Campo;500;727.322;98;8858.5;;;;;;;THIAGO DA SILVA SOUZA;24/08/2026;VIAGEM - 444408
EMD1A03;23/04/2026;356206;São Caetano do Sul;500;1248.405;218;19433.54;;;;;;;THIAGO DA SILVA SOUZA;24/04/2026;
EMD1A03;05/05/2026;378044;São Paulo;500;346.3;78;7157.83;;;;;;;THIAGO DA SILVA SOUZA;06/05/2026;
EMD1A03;05/05/2026;378045;São Paulo;500;268.441;21;2899.56;;;;;;;THIAGO DA SILVA SOUZA;06/05/2026;Viagem 378045
EMD1A03;06/05/2026;377616;São Paulo;500;1327.184;187;15159.44;;;;;;;THIAGO DA SILVA SOUZA;07/05/2026;THIAGO SOUZA - 377616
EMD1A03;08/05/2026;382763;São Paulo;500;406.791;106;6924.69;;;;;;;THIAGO DA SILVA SOUZA;09/05/2026;
EMD1A03;21/05/2026;5676721;São Paulo;500;575.696;70;6932.6;;;;;;;THIAGO DA SILVA SOUZA;21/05/2026;VIAGEM 389232
EMD1A03;26/05/2026;5692701;São Paulo;500;1571.383;182;10156.43;;;;;;;THIAGO DA SILVA SOUZA;26/05/2026;VIAGEM 398803
EMD1A03;27/05/2026;5698483;São Paulo;500;1685.518;176;12216;;;;;;;THIAGO DA SILVA SOUZA;27/05/2026;VIAGEM 392768
EMD1A03;28/05/2026;5703607;São Paulo;500;1162.943;200;14709.28;;;;;;;THIAGO DA SILVA SOUZA;28/05/2026;VIAGEM 402266
FFN9G19;01/06/2026;5710367;São Paulo;500;1005.054;94;12090.18;;;;;;;THIAGO DA SILVA SOUZA;29/05/2026;VIAGEM 406127
EMD1A03;03/06/2026;5723404;São Paulo;500;1129.469;128;10878.74;;;;;;;THIAGO DA SILVA SOUZA;02/06/2026;VIAGEM 408507
EMD1A03;09/06/2026;5740214;São Paulo;500;1389.019;251;15894.23;;;;;;;THIAGO DA SILVA SOUZA;08/06/2026;VIAGEM 414283
EMD1A03;10/06/2026;5745591;São Paulo;500;1113.266;171;13136.08;;;;;;;THIAGO DA SILVA SOUZA;09/06/2026;VIAGEM 415037
EMD1A03;17/06/2026;5774007;São Paulo;500;1237.489;259;17052.66;;;;;;;THIAGO DA SILVA SOUZA;17/06/2026;VIAGEM 422214
EMD1A03;01/07/2026;5823072;São Paulo;500;1195.835;346;21382.64;;;;;;;THIAGO DA SILVA SOUZA;30/06/2026;VIAGEM 430521
EMD1A03;02/07/2026;5830576;São Paulo;500;1565.94;264;20651.71;;;;;;;THIAGO DA SILVA SOUZA;01/07/2026;VIAGEM 432268
EMD1A03;06/07/2026;5848016;São Paulo;500;1150.759;105;10632.4;;;;;;;THIAGO DA SILVA SOUZA;06/07/2026;433294
EMD1A03;08/07/2026;5858517;São Paulo;500;1572.554;232;18511.64;;;;;;;THIAGO DA SILVA SOUZA;08/07/2026;434379
EMD1A03;10/07/2026;5869912;São Paulo;500;824.096;140;9660.85;;;;;;;THIAGO DA SILVA SOUZA;10/07/2026;433788
EMD1A03;15/07/2026;5887387;São Paulo;500;950.175;81;7912.8;;;;;;;THIAGO DA SILVA SOUZA;15/07/2026;434577
EMD1A03;17/07/2026;5902352;São Paulo;500;594.627;128;9249.78;;;;;;;THIAGO DA SILVA SOUZA;17/07/2026;435997
AAA1113;21/07/2026;5914320;São Paulo;500;1546.215;153;13974.7;;;;;;;THIAGO DA SILVA SOUZA;21/07/2026;436553
EMD1A03;23/07/2026;5924907;São Paulo;500;900.451;153;11397.75;;;;;;;THIAGO DA SILVA SOUZA;23/07/2026;436988
EMD1A03;28/07/2026;5941782;São Paulo;500;882.262;157;12796.84;;;;;;;THIAGO DA SILVA SOUZA;28/07/2026;437846
EMD1A03;06/08/2026;5977389;São Paulo;500;1486.02;120;12240;;;;;;;THIAGO DA SILVA SOUZA;06/08/2026;Viagem - 437933
EMD1A03;06/08/2026;5981516;São Paulo;500;1197.389;98;9949.2;;;;;;;THIAGO DA SILVA SOUZA;06/08/2026;439.956
EMD1A03;07/08/2026;5985981;São Paulo;500;1684.27;150;16027.2;;;;;;;THIAGO DA SILVA SOUZA;07/08/2026;VIAGEM 439072
EMD1A03;11/08/2026;5992264;São Paulo;500;1288.123;79;11901.12;;;;;;;THIAGO DA SILVA SOUZA;10/08/2026;VIAGEM 440679
EMD1A03;18/08/2026;6019936;São Paulo;500;1421.591;122;11849.47;;;;;;;THIAGO DA SILVA SOUZA;17/08/2026;VIAGEM 442298
EMD1A03;18/08/2026;6025383;São Paulo;500;455.002;82;6091.66;;;;;;;THIAGO DA SILVA SOUZA;18/08/2026;442.135
EMD1A03;20/08/2026;6029461;São Paulo;500;978.075;206;13234.53;;;;;;;THIAGO DA SILVA SOUZA;19/08/2026;VIAGEM 438495
EMD1A03;20/08/2026;6034994;São Paulo;500;1099.515;171;15025.49;;;;;;;THIAGO DA SILVA SOUZA;20/08/2026;443.519
EMD1A03;21/08/2026;6039853;São Paulo;500;1562.533;129;11745.95;;;;;;;THIAGO DA SILVA SOUZA;21/08/2026;443.587
EMD1A03;26/08/2026;6054027;São Paulo;500;1322.954;135;8886.96;;;;;;;THIAGO DA SILVA SOUZA;26/08/2026;443.155
EMD1A03;08/09/2026;6101547;São Paulo;500;1271.151;179;14815.77;;;;;;;THIAGO DA SILVA SOUZA;08/09/2026;Viagem - 447321
EMD1A03;28/07/2026;5937470;São Vicente;700;895.53;267;18755.95;;;;;;;THIAGO DA SILVA SOUZA;28/07/2026;VIAGEM 437766
EMD1A03;26/06/2026;5808997;Sorocaba;800;1093.069;139;12690.71;;;;;;;THIAGO DA SILVA SOUZA;25/06/2026;VIAGEM 430812
EMD1A03;13/05/2026;383463;Taboão da Serra;500;687.723;96;7860.83;;;;;;;THIAGO DA SILVA SOUZA;14/05/2026;
EMD1A03;21/09/2026;6149803;Várzea Paulista;700;946.441;132;11334;;;;;;;THIAGO DA SILVA SOUZA;18/09/2026;VIAGEM - 450103
DNK9I65;21/09/2026;6150390;Araraquara;2300;4281.68;670;45003.88;;;;;;;65.691.433 MARCOS VINICIUS DA SILVA OLIVEIRA;19/09/2026;RUBINEI DA CONCEIÇÃO 447504
DNK9I65;18/05/2026;371200;Barueri;;7985.66;1056;84443.61;;;;;;;65.691.433 MARCOS VINICIUS DA SILVA OLIVEIRA;19/05/2026;
DNK9I65;12/05/2026;382004;Bertioga;1300;4609.157;610;47457.13;;;;;;;65.691.433 MARCOS VINICIUS DA SILVA OLIVEIRA;13/05/2026;
DNK9I65;14/08/2026;6009105;Cajamar;1400;5440.551;483;60822.72;;;;;;;65.691.433 MARCOS VINICIUS DA SILVA OLIVEIRA;14/08/2026;436204
DNK9I65;18/09/2026;6145606;Cajamar;1400;4739.307;416;52315.14;;;;;;;65.691.433 MARCOS VINICIUS DA SILVA OLIVEIRA;18/09/2026;VIAGEM - 441280
DNK9I65;01/07/2026;5824270;Campinas;1550;5293.384;602;57346.2;;;;;;;65.691.433 MARCOS VINICIUS DA SILVA OLIVEIRA;30/06/2026;VIAGEM 430220
DNK9I65;05/06/2026;5728535;Campo Limpo Paulista;1400;5187.84;420;40320;;;;;;;65.691.433 MARCOS VINICIUS DA SILVA OLIVEIRA;03/06/2026;VIAGEM 412233
DNK9I65;27/04/2026;364052;Carapicuíba;900;4241.814;339;32860.8;;;;;;;65.691.433 MARCOS VINICIUS DA SILVA OLIVEIRA;28/04/2026;
DNK9I65;19/05/2026;376521;Cotia;900;4486.198;661;46937.28;;;;;;;65.691.433 MARCOS VINICIUS DA SILVA OLIVEIRA;19/05/2026;
DNK9I65;16/04/2026;5555546;Diadema;900;3885.091;566;42384.99;;;;;;;65.691.433 MARCOS VINICIUS DA SILVA OLIVEIRA;16/04/2026;Viagem 358212
DNK9I65;16/04/2026;358212;Diadema;900;3885.091;566;42384.99;;;;;;;65.691.433 MARCOS VINICIUS DA SILVA OLIVEIRA;17/04/2026;
DNK9I65;19/09/2026;6150093;Diadema;900;4220.009;496;34345.67;;;;;;;65.691.433 MARCOS VINICIUS DA SILVA OLIVEIRA;19/09/2026;VIAGEM - 450850
DNK9I65;26/08/2026;6052008;Dracena;5000;5778.772;759;53431.32;;;;;;;65.691.433 MARCOS VINICIUS DA SILVA OLIVEIRA;26/08/2026;RUBINEI 444049
DNK9I65;19/05/2026;386987;Franco da Rocha;1400;5908.786;735;58082.08;;;;;;;65.691.433 MARCOS VINICIUS DA SILVA OLIVEIRA;20/05/2026;
DNK9I65;13/06/2026;5762382;Franco da Rocha;1400;4979.856;536;50961.37;;;;;;;65.691.433 MARCOS VINICIUS DA SILVA OLIVEIRA;13/06/2026;
DNK9I65;11/09/2026;6117170;Guarulhos;900;4988.505;499;42042.67;;;;;;;65.691.433 MARCOS VINICIUS DA SILVA OLIVEIRA;11/09/2026;VIAGEM - 447129
DNK9I65;08/09/2026;6101941;Indaiatuba;1550;4796.752;415;38653.32;;;;;;;65.691.433 MARCOS VINICIUS DA SILVA OLIVEIRA;08/09/2026;VIAGEM - 447237
DNK9I65;14/04/2026;350781;Itanhaém;1300;3376.945;456;38861.45;;;;;;;65.691.433 MARCOS VINICIUS DA SILVA OLIVEIRA;15/04/2026;
DNK9I65;15/04/2026;358739;Itanhaém;1300;1323;105;11844;;;;;;;65.691.433 MARCOS VINICIUS DA SILVA OLIVEIRA;15/04/2026;
DNK9I65;25/06/2026;5806749;Itapecerica da Serra;900;3796.145;504;34236.8;;;;;;;65.691.433 MARCOS VINICIUS DA SILVA OLIVEIRA;25/06/2026;RUBINEI 430221
DNK9I65;23/09/2026;6161993;Itapecerica da Serra;900;5243.105;681;49680.73;;;;;;;65.691.433 MARCOS VINICIUS DA SILVA OLIVEIRA;23/09/2026;VIAGEM - 452100
DNK9I65;24/06/2026;5798151;Itariri;1550;4833.284;620;44002.52;;;;;;;65.691.433 MARCOS VINICIUS DA SILVA OLIVEIRA;23/06/2026;VIAGEM 429063
DNK9I65;25/04/2026;367913;Mogi das Cruzes;1100;3143.273;601;40098.25;;;;;;;65.691.433 MARCOS VINICIUS DA SILVA OLIVEIRA;26/04/2026;
DNK9I65;03/06/2026;5723728;Mogi das Cruzes;1400;5468.784;890;52638.01;;;;;;;65.691.433 MARCOS VINICIUS DA SILVA OLIVEIRA;03/06/2026;VIAGEM 407777
DNK9I65;17/09/2026;6140614;Mogi Mirim;1750;5191.693;758;52933.92;;;;;;;65.691.433 MARCOS VINICIUS DA SILVA OLIVEIRA;17/09/2026;VIAGEM - 447470
DNK9I65;14/08/2026;6011301;Osasco;900;5025.231;693;37104;;;;;;;65.691.433 MARCOS VINICIUS DA SILVA OLIVEIRA;14/08/2026;441.181
DNK9I65;12/06/2026;5756734;Pariquera-Açu;2300;4810.45;500;47592;;;;;;;65.691.433 MARCOS VINICIUS DA SILVA OLIVEIRA;12/06/2026;VIAGEM 405335
DNK9I65;15/09/2026;6129973;Peruíbe;1550;5580.087;578;49405.51;;;;;;;65.691.433 MARCOS VINICIUS DA SILVA OLIVEIRA;15/09/2026;viagem - 448078
DNK9I65;08/05/2026;381840;Praia Grande;1100;4219.091;455;37610.72;;;;;;;65.691.433 MARCOS VINICIUS DA SILVA OLIVEIRA;09/05/2026;
DNK9I65;26/05/2026;5693489;Praia Grande;1400;4091.04;330;23155.2;;;;;;;65.691.433 MARCOS VINICIUS DA SILVA OLIVEIRA;26/05/2026;VIAGEM 401903
DNK9I65;17/04/2026;358421;São Bernardo do Campo;900;2129.255;342;22150.56;;;;;;;65.691.433 MARCOS VINICIUS DA SILVA OLIVEIRA;17/04/2026;
DNK9L65;07/07/2026;5854319;São Bernardo do Campo;900;4064.725;630;43851.54;;;;;;;65.691.433 MARCOS VINICIUS DA SILVA OLIVEIRA;07/07/2026;433796 RUBINEI
DNK9I65;07/07/2026;5854349;São Bernardo do Campo;900;806.101;164;8563.39;;;;;;;65.691.433 MARCOS VINICIUS DA SILVA OLIVEIRA;07/07/2026;433795 RUBINEI
DNK9I65;29/08/2026;6068303;São Bernardo do Campo;900;3971.122;481;31246.24;;;;;;;65.691.433 MARCOS VINICIUS DA SILVA OLIVEIRA;29/08/2026;RUBINEI 445209
DNK9I65;18/06/2026;5784100;São José dos Campos;1550;4427.55;562;47740.66;;;;;;;65.691.433 MARCOS VINICIUS DA SILVA OLIVEIRA;19/06/2026;VIAGEM 421280
DNK9I65;20/04/2026;359269;São Paulo;900;3341.607;361;28227.01;;;;;;;65.691.433 MARCOS VINICIUS DA SILVA OLIVEIRA;21/04/2026;
DNK9I65;20/04/2026;358855;São Paulo;;5868.669;606;60949.25;;;;;;;65.691.433 MARCOS VINICIUS DA SILVA OLIVEIRA;23/04/2026;
DNK9I65;22/04/2026;364648;São Paulo;900;4808.594;826;50743.61;;;;;;;65.691.433 MARCOS VINICIUS DA SILVA OLIVEIRA;23/04/2026;
DNK9I65;24/04/2026;358858;São Paulo;;7929.675;866;80648.28;;;;;;;65.691.433 MARCOS VINICIUS DA SILVA OLIVEIRA;25/04/2026;
DNK9I65;01/05/2026;370025;São Paulo;900;2992.63;495;37146.76;;;;;;;65.691.433 MARCOS VINICIUS DA SILVA OLIVEIRA;05/05/2026;
DNK9I65;07/05/2026;376295;São Paulo;;5114.901;608;42075.59;;;;;;;65.691.433 MARCOS VINICIUS DA SILVA OLIVEIRA;08/05/2026;
DNK9I65;14/05/2026;387450;São Paulo;900;3733.781;480;33311.78;;;;;;;65.691.433 MARCOS VINICIUS DA SILVA OLIVEIRA;15/05/2026;
DNK9I65;14/05/2026;387449;São Paulo;900;1470.371;188;11636.31;;;;;;;65.691.433 MARCOS VINICIUS DA SILVA OLIVEIRA;15/05/2026;
DNK9I65;30/05/2026;5710924;São Paulo;900;5378.406;746;57888.92;;;;;;;65.691.433 MARCOS VINICIUS DA SILVA OLIVEIRA;30/05/2026;VIAGEM 397320
DNK9I65;09/06/2026;5740793;São Paulo;900;5214.558;439;37138.71;;;;;;;65.691.433 MARCOS VINICIUS DA SILVA OLIVEIRA;09/06/2026;VIAGEM 412463
ONO8F42;12/06/2026;5756738;São Paulo;900;888.795;166;12011.55;;;;;;;65.691.433 MARCOS VINICIUS DA SILVA OLIVEIRA;12/06/2026;VIAGEM 416159
DNK9I65;18/06/2026;5779282;São Paulo;900;4148.726;483;34911.78;;;;;;;65.691.433 MARCOS VINICIUS DA SILVA OLIVEIRA;18/06/2026;VIAGEM 422215
DNK9I65;07/07/2026;5850050;São Paulo;900;4100.954;462;41011.18;;;;;;;65.691.433 MARCOS VINICIUS DA SILVA OLIVEIRA;07/07/2026;VIAGEM 433030
DNK9I65;15/07/2026;5883283;São Paulo;900;5570.697;586;59001.27;;;;;;;65.691.433 MARCOS VINICIUS DA SILVA OLIVEIRA;15/07/2026;VIAGEM 430508
DNK9I65;30/07/2026;5953473;São Paulo;900;5468.583;650;42393.15;;;;;;;65.691.433 MARCOS VINICIUS DA SILVA OLIVEIRA;30/07/2026;438681
DNK9I65;05/08/2026;5971206;São Paulo;900;4823.421;612;37247.4;;;;;;;65.691.433 MARCOS VINICIUS DA SILVA OLIVEIRA;05/08/2026;VIAGEM 438698
DNK9I65;07/08/2026;5978806;São Paulo;900;3050.495;339;30425.4;;;;;;;65.691.433 MARCOS VINICIUS DA SILVA OLIVEIRA;06/08/2026;RUBINEI DA CONCEIÇÃO 439924, 435689 E 436207
DNK9I65;11/08/2026;5993050;São Paulo;900;5273.281;425;40572;;;;;;;65.691.433 MARCOS VINICIUS DA SILVA OLIVEIRA;11/08/2026;VIAGEM 440783
DNK9I65;12/08/2026;5998419;São Paulo;900;3994.92;473;42748.49;;;;;;;65.691.433 MARCOS VINICIUS DA SILVA OLIVEIRA;12/08/2026;VIAGEM 441240
DNK9I65;19/08/2026;6025847;São Paulo;900;4582.466;398;39616.5;;;;;;;65.691.433 MARCOS VINICIUS DA SILVA OLIVEIRA;19/08/2026;442898
DNK9I65;25/08/2026;6046659;São Paulo;900;5338.733;619;56408.05;;;;;;;65.691.433 MARCOS VINICIUS DA SILVA OLIVEIRA;24/08/2026;VIAGEM - 444611
QNG0F24;01/09/2026;6077620;São Paulo;900;4258.045;410;37007.9;;;;;;;65.691.433 MARCOS VINICIUS DA SILVA OLIVEIRA;01/09/2026;445312
DNK9I65;02/09/2026;6081053;São Paulo;900;4545.647;708;51486.77;;;;;;;65.691.433 MARCOS VINICIUS DA SILVA OLIVEIRA;02/09/2026;442925
DNK9I65;09/09/2026;6105245;São Paulo;900;6048;480;46080;;;;;;;65.691.433 MARCOS VINICIUS DA SILVA OLIVEIRA;09/09/2026;447852
DNK9I65;22/09/2026;6156802;São Paulo;900;;;;;;;;;;65.691.433 MARCOS VINICIUS DA SILVA OLIVEIRA;22/09/2026;VIAGEM - 450857
DNK9I65;14/09/2026;6166019;São Paulo;900;5000.515;526;44975.8;;;;;;;65.691.433 MARCOS VINICIUS DA SILVA OLIVEIRA;23/09/2026;RUBINEI 448870
DNK9I65;29/07/2026;5942114;São Vicente;1400;5391.125;455;43164;;;;;;;65.691.433 MARCOS VINICIUS DA SILVA OLIVEIRA;29/07/2026;VIAGEM 436339
DNK9I65;20/05/2026;376825;Sorocaba;1550;4768.587;466;47152.96;;;;;;;65.691.433 MARCOS VINICIUS DA SILVA OLIVEIRA;21/05/2026;
DNK9I65;20/05/2026;394381;Sorocaba;1550;4768.587;466;47152.96;;;;;;;65.691.433 MARCOS VINICIUS DA SILVA OLIVEIRA;21/05/2026;
DNK9I65;25/05/2026;5689856;Sorocaba;1550;4381.899;844;57750.91;;;;;;;65.691.433 MARCOS VINICIUS DA SILVA OLIVEIRA;26/05/2026;RUBINEI DA CONCEIÇÃO 398537
DNK9I65;22/06/2026;5791776;Sorocaba;1550;3503.792;723;54204.41;;;;;;;65.691.433 MARCOS VINICIUS DA SILVA OLIVEIRA;22/06/2026;RUBINEI DA CONCEIÇÃO - 425135
DNK9I65;13/08/2026;6002347;Sorocaba;1550;691.907;65;7073.4;;;;;;;65.691.433 MARCOS VINICIUS DA SILVA OLIVEIRA;12/08/2026;RUBINEI - 438633
DNK9I65;21/08/2026;6039886;Sorocaba;1550;4693.097;398;40752.7;;;;;;;65.691.433 MARCOS VINICIUS DA SILVA OLIVEIRA;21/08/2026;442.902
DNK9I65;29/04/2026;364151;Sumaré;1300;4111.504;542;44632.8;;;;;;;65.691.433 MARCOS VINICIUS DA SILVA OLIVEIRA;30/04/2026;
DNK9I65;16/06/2026;5768908;Sumaré;1550;4116.02;373;26195;;;;;;;65.691.433 MARCOS VINICIUS DA SILVA OLIVEIRA;16/06/2026;VIAGEM 422207
DNK9I65;04/08/2026;5966132;Sumaré;1550;5582.8;500;35500;;;;;;;65.691.433 MARCOS VINICIUS DA SILVA OLIVEIRA;04/08/2026;VIAGEM 438471
DNK9I65;22/05/2026;392762;Taboão da Serra;900;4910.44;648;50988.19;;;;;;;65.691.433 MARCOS VINICIUS DA SILVA OLIVEIRA;22/05/2026;
DNK9I65;10/09/2026;6111377;Taboão da Serra;900;4255.026;507;39922.16;;;;;;;65.691.433 MARCOS VINICIUS DA SILVA OLIVEIRA;10/09/2026;VIAGEM - 447463
DNK9I65;16/09/2026;6135355;Taubaté;1750;4780.946;625;49427.56;;;;;;;65.691.433 MARCOS VINICIUS DA SILVA OLIVEIRA;16/09/2026;VIAGEM - 447465
KYB0C21;05/05/2026;5612418;Botucatu;1300;1481.55;343;25593.62;;;;;;;JOSE EDVALDO CORREIA DA ROCHA 12530688877;05/05/2026;Viagem 364252 / 376331
KYB0C21;14/04/2026;355010;Botucatu;1300;1481.55;343;25593.62;;;;;;;JOSE EDVALDO CORREIA DA ROCHA 12530688877;06/05/2026;
KYB0C21;04/05/2026;376331;Botucatu;1300;1481.55;343;25593.62;;;;;;;JOSE EDVALDO CORREIA DA ROCHA 12530688877;06/05/2026;
KYB0C21;11/05/2026;371189;Botucatu;1300;1656.17;238;19347.63;;;;;;;JOSE EDVALDO CORREIA DA ROCHA 12530688877;12/05/2026;
KYB0C21;12/05/2026;5636559;Botucatu;1300;96.59;31;1624.8;;;;;;;JOSE EDVALDO CORREIA DA ROCHA 12530688877;12/05/2026;Viagem 333271
KYB0C21;22/07/2026;5919537;Bragança Paulista;800;753.965;100;9688.48;;;;;;;JOSE EDVALDO CORREIA DA ROCHA 12530688877;22/07/2026;436.866
KYB0C21;25/05/2026;5683893;Caieiras;700;935.293;130;9477.14;;;;;;;JOSE EDVALDO CORREIA DA ROCHA 12530688877;25/05/2026;Viagem 390948
KYB0C21;08/05/2026;379892;Campinas;800;889.034;116;11254.85;;;;;;;JOSE EDVALDO CORREIA DA ROCHA 12530688877;09/05/2026;
KYB0C21;18/07/2026;5902544;Campinas;800;1090.472;194;16054.57;;;;;;;JOSE EDVALDO CORREIA DA ROCHA 12530688877;18/07/2026;VIAGEM 436158
KYB0C21;12/08/2026;5998440;Campinas;800;1014.749;238;17953.35;;;;;;;JOSE EDVALDO CORREIA DA ROCHA 12530688877;12/08/2026;VIAGEM 441188
KYB0C21;24/04/2026;366923;Campo Limpo Paulista;700;1075.755;224;15023.75;;;;;;;JOSE EDVALDO CORREIA DA ROCHA 12530688877;25/04/2026;
KYB0C21;27/08/2026;6056021;Diadema;500;1187.512;266;21704.48;;;;;;;JOSE EDVALDO CORREIA DA ROCHA 12530688877;26/08/2026;VIAGEM - 443223
KYB0C21;10/09/2026;6110916;Diadema;500;439.649;93;7187.31;;;;;;;JOSE EDVALDO CORREIA DA ROCHA 12530688877;09/09/2026;VIAGEM - 446915
KYB0C21;03/06/2026;5723243;Embu-Guaçu;500;1153.938;251;20060.61;;;;;;;JOSE EDVALDO CORREIA DA ROCHA 12530688877;02/06/2026;VIAGEM 409790
KYB0C21;15/04/2026;355835;Guarulhos;500;462.133;27;3817.32;;;;;;;JOSE EDVALDO CORREIA DA ROCHA 12530688877;18/04/2026;
KYB0C21;19/08/2026;6025634;Guarulhos;500;1233.468;226;14445.45;;;;;;;JOSE EDVALDO CORREIA DA ROCHA 12530688877;18/08/2026;VIAGEM 442536
KYB0C21;21/08/2026;6039876;Guarulhos;500;12.457;1;117.72;;;;;;;JOSE EDVALDO CORREIA DA ROCHA 12530688877;21/08/2026;444.050
KYB0C21;22/04/2026;364886;Ilha Comprida;1200;1060.94;208;14855.88;;;;;;;JOSE EDVALDO CORREIA DA ROCHA 12530688877;23/04/2026;
KYB0C21;14/05/2026;5649709;Itapecerica da Serra;500;12.57;5;234;;;;;;;JOSE EDVALDO CORREIA DA ROCHA 12530688877;14/05/2026;Viagem 386794
KYB0C21;14/05/2026;386794;Itapecerica da Serra;500;1414.503;290;21824.95;;;;;;;JOSE EDVALDO CORREIA DA ROCHA 12530688877;15/05/2026;
KYB0C21;07/08/2026;5986009;Itapecerica da Serra;500;1312.382;161;15884.32;;;;;;;JOSE EDVALDO CORREIA DA ROCHA 12530688877;07/08/2026;VIAGEM 440250
FIB1I00;21/07/2026;5908909;Itapetininga;950;535.904;98;5017.78;;;;;;;JOSE EDVALDO CORREIA DA ROCHA 12530688877;21/07/2026;433329
KYB0C21;06/07/2026;5841572;Itapevi;700;1236.245;129;11088.12;;;;;;;JOSE EDVALDO CORREIA DA ROCHA 12530688877;03/07/2026;VIAGEM 433059
KYB0C21;11/08/2026;5992575;Itapevi;700;1022.457;83;9147.72;;;;;;;JOSE EDVALDO CORREIA DA ROCHA 12530688877;10/08/2026;VIAGEM 440774
KYB0C21;09/09/2026;6104610;Itaquaquecetuba;700;570.016;98;5185.55;;;;;;;JOSE EDVALDO CORREIA DA ROCHA 12530688877;08/09/2026;VIAGEM - 447775
KYB0C21;02/06/2026;5717782;Itu;800;1197.288;285;19331.04;;;;;;;JOSE EDVALDO CORREIA DA ROCHA 12530688877;01/06/2026;VIAGEM 407580
KYB0C21;16/09/2026;6135466;Jacupiranga;1500;1425.636;327;20592.14;;;;;;;JOSE EDVALDO CORREIA DA ROCHA 12530688877;16/09/2026;VIAGEM - 449459
KYB0C21;24/04/2026;351418;Jarinu;700;187.5;75;7335;;;;;;;JOSE EDVALDO CORREIA DA ROCHA 12530688877;25/04/2026;
KYB0C21;18/09/2026;6145386;Juquiá;950;549.015;83;5857.57;;;;;;;JOSE EDVALDO CORREIA DA ROCHA 12530688877;17/09/2026;VIAGEM - 451173
KYB0C21;26/08/2026;6051807;Mairinque;700;998.434;101;11172.82;;;;;;;JOSE EDVALDO CORREIA DA ROCHA 12530688877;25/08/2026;VIAGEM - 444727
KYB0C21;15/07/2026;5888288;Mairiporã;700;1473.561;300;24022.31;;;;;;;JOSE EDVALDO CORREIA DA ROCHA 12530688877;15/07/2026;435479
KYB0C21;08/09/2026;6101946;Mairiporã;700;1224.032;118;11477.68;;;;;;;JOSE EDVALDO CORREIA DA ROCHA 12530688877;08/09/2026;VIAGEM - 447134
KYB0C21;07/05/2026;380816;Mogi das Cruzes;700;810.212;87;7470.54;;;;;;;JOSE EDVALDO CORREIA DA ROCHA 12530688877;08/05/2026;
KYB0C21;07/07/2026;5854523;Mogi das Cruzes;700;404.392;98;6448.11;;;;;;;JOSE EDVALDO CORREIA DA ROCHA 12530688877;07/07/2026;433794
KYB0C21;07/08/2026;5980478;Mogi das Cruzes;700;995.08;105;10094.3;;;;;;;JOSE EDVALDO CORREIA DA ROCHA 12530688877;06/08/2026;VIAGEM 439943
KYB0C21;20/04/2026;355142;Mogi Mirim;1000;1430.54;295;20735.68;;;;;;;JOSE EDVALDO CORREIA DA ROCHA 12530688877;23/04/2026;
KYB0C21;15/05/2026;5655772;Paulínia;800;1243.331;174;10133.47;;;;;;;JOSE EDVALDO CORREIA DA ROCHA 12530688877;15/05/2026;VIAGEM 387684
KYB0C21;15/05/2026;387684;Paulínia;800;1243.331;174;10133.47;;;;;;;JOSE EDVALDO CORREIA DA ROCHA 12530688877;16/05/2026;
KYB0C21;27/04/2026;368806;Peruíbe;900;423.95;68;5790.27;;;;;;;JOSE EDVALDO CORREIA DA ROCHA 12530688877;28/04/2026;
KYB0C21;17/08/2026;6013585;Pilar do Sul;950;882;420;35328.17;;;;;;;JOSE EDVALDO CORREIA DA ROCHA 12530688877;14/08/2026;VIAGEM 441570
KYB0C21;18/08/2026;6019034;Piracicaba;950;1572.501;134;14157.9;;;;;;;JOSE EDVALDO CORREIA DA ROCHA 12530688877;17/08/2026;VIAGEM 442314
KYB0C21;14/08/2026;6006853;Praia Grande;700;942.521;115;10568.29;;;;;;;JOSE EDVALDO CORREIA DA ROCHA 12530688877;13/08/2026;VIAGEM 441830
KYB0C21;24/04/2026;356099;Ribeirão Pires;500;1476.665;310;22819.88;;;;;;;JOSE EDVALDO CORREIA DA ROCHA 12530688877;25/04/2026;
KYB0C21;18/05/2026;5662459;Santos;700;1696.202;177;17173.57;;;;;;;JOSE EDVALDO CORREIA DA ROCHA 12530688877;18/05/2026;VIAGEM 387696
KYB0C21;18/05/2026;387696;Santos;700;1696.202;177;17173.57;;;;;;;JOSE EDVALDO CORREIA DA ROCHA 12530688877;19/05/2026;
KYB0C21;08/06/2026;5734119;Santos;700;626.341;143;9752.69;;;;;;;JOSE EDVALDO CORREIA DA ROCHA 12530688877;05/06/2026;VIAGEM 412661
KYB0C21;31/08/2026;6068190;Santos;700;1640.302;187;16874.07;;;;;;;JOSE EDVALDO CORREIA DA ROCHA 12530688877;28/08/2026;VIAGEM - 445189
KYB0C21;01/08/2026;5959423;São Bernardo do Campo;500;1255.603;251;16440.76;;;;;;;JOSE EDVALDO CORREIA DA ROCHA 12530688877;01/08/2026;VIAGEM 438320
KYB0C21;05/08/2026;5971236;São Bernardo do Campo;500;697.58;129;8557.45;;;;;;;JOSE EDVALDO CORREIA DA ROCHA 12530688877;05/08/2026;VIAGEM 438912
KYB0C21;13/08/2026;6003300;São Bernardo do Campo;500;1486.02;120;12240;;;;;;;JOSE EDVALDO CORREIA DA ROCHA 12530688877;12/08/2026;VIAGEM 437925
KYB0C21;19/09/2026;6150035;São Bernardo do Campo;500;1562.61;179;11701.81;;;;;;;JOSE EDVALDO CORREIA DA ROCHA 12530688877;19/09/2026;VIAGEM - 450847
KYB0C21;05/05/2026;378110;São Paulo;500;241.015;11;1920.84;;;;;;;JOSE EDVALDO CORREIA DA ROCHA 12530688877;06/05/2026;
AAA1110;04/05/2026;378441;São Paulo;;7320.492;751;24525.36;;;;;;;JOSE EDVALDO CORREIA DA ROCHA 12530688877;06/05/2026;
KYB0C21;05/05/2026;378046;São Paulo;500;507.021;83;4999.21;;;;;;;JOSE EDVALDO CORREIA DA ROCHA 12530688877;06/05/2026;
KYB0C21;20/05/2026;5668332;São Paulo;500;1021.38;174;11172.92;;;;;;;JOSE EDVALDO CORREIA DA ROCHA 12530688877;20/05/2026;390090
KYB0C21;20/05/2026;5671842;São Paulo;500;537.297;203;19422.89;;;;;;;JOSE EDVALDO CORREIA DA ROCHA 12530688877;20/05/2026;VIAGEM 390848
KYB0C21;20/05/2026;390848;São Paulo;500;537.297;203;19422.89;;;;;;;JOSE EDVALDO CORREIA DA ROCHA 12530688877;21/05/2026;
KYB0C21;25/05/2026;5687059;São Paulo;500;1636.101;151;14674.32;;;;;;;JOSE EDVALDO CORREIA DA ROCHA 12530688877;25/05/2026;VIAGEM 397976
KYB0C21;05/06/2026;5728379;São Paulo;500;1438.417;234;11283.68;;;;;;;JOSE EDVALDO CORREIA DA ROCHA 12530688877;03/06/2026;VIAGEM 407153
KYB0C21;10/06/2026;5746300;São Paulo;500;1602.164;272;18044.96;;;;;;;JOSE EDVALDO CORREIA DA ROCHA 12530688877;10/06/2026;VIAGEM 415171
KYB0C21;16/06/2026;5768667;São Paulo;500;964.132;121;10846.44;;;;;;;JOSE EDVALDO CORREIA DA ROCHA 12530688877;15/06/2026;VIAGEM 419360
KYB0C21;17/06/2026;5773226;São Paulo;500;1567.935;242;14384.31;;;;;;;JOSE EDVALDO CORREIA DA ROCHA 12530688877;16/06/2026;VIAGEM 410912
KYB0C21;18/06/2026;5778577;São Paulo;500;254.633;28;1691.4;;;;;;;JOSE EDVALDO CORREIA DA ROCHA 12530688877;17/06/2026;VIAGEM 422212
KYB0C21;22/06/2026;5785943;São Paulo;500;999.166;148;12286.57;;;;;;;JOSE EDVALDO CORREIA DA ROCHA 12530688877;19/06/2026;VIAGEM 426026
KYB0C21;22/06/2026;5789305;São Paulo;;2391.862;436;30738.65;;;;;;;JOSE EDVALDO CORREIA DA ROCHA 12530688877;20/06/2026;VIAGEM 427148
KYB0C21;26/06/2026;5808795;São Paulo;500;1547.808;258;12278.4;;;;;;;JOSE EDVALDO CORREIA DA ROCHA 12530688877;25/06/2026;430020
KYB0C21;27/06/2026;5813672;São Paulo;500;892.843;149;10566.99;;;;;;;JOSE EDVALDO CORREIA DA ROCHA 12530688877;27/06/2026;
KYB0C21;06/07/2026;5849345;São Paulo;500;1233.94;100;10680;;;;;;;JOSE EDVALDO CORREIA DA ROCHA 12530688877;06/07/2026;433353
KYB0C21;13/07/2026;5877181;São Paulo;500;1707.254;111;16648.32;;;;;;;JOSE EDVALDO CORREIA DA ROCHA 12530688877;13/07/2026;434870
KYB0C21;14/07/2026;5880470;São Paulo;500;1254.15;146;13570.84;;;;;;;JOSE EDVALDO CORREIA DA ROCHA 12530688877;14/07/2026;435303
KYB0C21;16/07/2026;5896180;São Paulo;500;1293.737;151;13219.82;;;;;;;JOSE EDVALDO CORREIA DA ROCHA 12530688877;16/07/2026;435828
KYB0C21;21/07/2026;5914131;São Paulo;500;1586.509;130;13900;;;;;;;JOSE EDVALDO CORREIA DA ROCHA 12530688877;21/07/2026;436.668 /  435.458
KYB0C21;23/07/2026;5924934;São Paulo;500;1081.49;180;14010.33;;;;;;;JOSE EDVALDO CORREIA DA ROCHA 12530688877;23/07/2026;437118 / 437225
KYB0C21;24/07/2026;5929607;São Paulo;500;1331.31;196;16570.8;;;;;;;JOSE EDVALDO CORREIA DA ROCHA 12530688877;24/07/2026;437416
KYB0C21;27/07/2026;5936889;São Paulo;500;988.408;99;10312.06;;;;;;;JOSE EDVALDO CORREIA DA ROCHA 12530688877;28/07/2026;437761
KYB0C21;20/08/2026;6030152;São Paulo;500;998.123;135;10947.99;;;;;;;JOSE EDVALDO CORREIA DA ROCHA 12530688877;19/08/2026;VIAGEM 442977
KYB0C21;20/08/2026;6034678;São Paulo;500;1507.901;387;24573.15;;;;;;;JOSE EDVALDO CORREIA DA ROCHA 12530688877;20/08/2026;443.504
KYB0C21;21/08/2026;6039870;São Paulo;500;1172.743;135;10735.46;;;;;;;JOSE EDVALDO CORREIA DA ROCHA 12530688877;21/08/2026;443.681
KYB0C21;28/08/2026;6062434;São Paulo;500;1075.548;263;21805.97;;;;;;;JOSE EDVALDO CORREIA DA ROCHA 12530688877;27/08/2026;VIAGEM - 444996
KYB0C21;02/09/2026;6082186;São Paulo;500;625.503;409;17841.82;;;;;;;JOSE EDVALDO CORREIA DA ROCHA 12530688877;02/09/2026;VIAGEM 445360
KYB0C21;11/09/2026;6116932;São Paulo;500;1272.202;175;16288;;;;;;;JOSE EDVALDO CORREIA DA ROCHA 12530688877;10/09/2026;VIAGEM - 448209
KYB0C21;15/09/2026;6129478;São Paulo;500;1040.459;98;10503.61;;;;;;;JOSE EDVALDO CORREIA DA ROCHA 12530688877;14/09/2026;Edvaldo - 449424
KYB0C21;21/09/2026;6153573;São Paulo;500;1545.513;213;15327.77;;;;;;;JOSE EDVALDO CORREIA DA ROCHA 12530688877;21/09/2026;Viagem - 450738
KYB0C21;22/09/2026;6158901;São Paulo;500;1617.148;188;17215.1;;;;;;;JOSE EDVALDO CORREIA DA ROCHA 12530688877;22/09/2026;Edvaldo - 450.104
KYB0C21;24/09/2026;6166410;São Paulo;500;982.144;141;13357.95;;;;;;;JOSE EDVALDO CORREIA DA ROCHA 12530688877;23/09/2026;VIAGEM  - 452336
KYB0C21;28/07/2026;5941769;São Vicente;700;245.331;39;3238.21;;;;;;;JOSE EDVALDO CORREIA DA ROCHA 12530688877;28/07/2026;437908
KYB0C21;17/04/2026;360950;Sorocaba;900;737.405;134;8796.85;;;;;;;JOSE EDVALDO CORREIA DA ROCHA 12530688877;18/04/2026;
KYB0C21;13/05/2026;371228;Sorocaba;800;1581.41;205;16515.74;;;;;;;JOSE EDVALDO CORREIA DA ROCHA 12530688877;14/05/2026;
KYB0C21;30/05/2026;5710899;Sorocaba;800;1403.773;158;14975.28;;;;;;;JOSE EDVALDO CORREIA DA ROCHA 12530688877;30/05/2026;VIAGEM 406523
KYB0C21;11/06/2026;5750606;Sorocaba;800;1279.437;309;19048.05;;;;;;;JOSE EDVALDO CORREIA DA ROCHA 12530688877;10/06/2026;VIAGEM 414971
KYB0C21;13/05/2026;376510;Sumaré;800;1149.847;148;11361.8;;;;;;;JOSE EDVALDO CORREIA DA ROCHA 12530688877;14/05/2026;
KYB0C21;29/05/2026;5705677;Sumaré;800;1478.907;148;13774.08;;;;;;;JOSE EDVALDO CORREIA DA ROCHA 12530688877;29/05/2026;Viagem 399570
KYB0C21;19/06/2026;5781374;Suzano;700;1175.656;115;11776.05;;;;;;;JOSE EDVALDO CORREIA DA ROCHA 12530688877;18/06/2026;VIAGEM 424112
KYB0C21;25/08/2026;6046555;Suzano;700;1535.25;307;19034.17;;;;;;;JOSE EDVALDO CORREIA DA ROCHA 12530688877;24/08/2026;VIAGEM - 443206
KYB0C21;08/07/2026;5860419;Taboão da Serra;500;1380.079;215;16608.75;;;;;;;JOSE EDVALDO CORREIA DA ROCHA 12530688877;08/07/2026;430842
KYB0C21;08/07/2026;5860420;Taboão da Serra;500;56.09;5;1128;;;;;;;JOSE EDVALDO CORREIA DA ROCHA 12530688877;08/07/2026;434344
KYB0C21;20/07/2026;5908897;Taboão da Serra;500;60.094;13;947.82;;;;;;;JOSE EDVALDO CORREIA DA ROCHA 12530688877;21/07/2026;436326
KYB0C21;10/07/2026;5868204;Tatuí;950;691.89;122;9780.96;;;;;;;JOSE EDVALDO CORREIA DA ROCHA 12530688877;10/07/2026;433792
KYB0C21;03/09/2026;6085801;Tatuí;950;987.278;166;11536.31;;;;;;;JOSE EDVALDO CORREIA DA ROCHA 12530688877;02/09/2026;VIAGEM - 445447
KYB0C21;26/05/2026;5692291;Valinhos;800;959.845;113;9459.11;;;;;;;JOSE EDVALDO CORREIA DA ROCHA 12530688877;26/05/2026;VIAGEM 399791
KYB0C21;06/08/2026;5977650;Valinhos;800;890.86;92;10200.36;;;;;;;JOSE EDVALDO CORREIA DA ROCHA 12530688877;06/08/2026;Viagem - 439328
NLC4H75;30/04/2026;372800;Atibaia;1000;3013.018;587;57871.25;;;;;;;J.ROSA TRANSPORTE LTDA;01/05/2026;
NLC4H75;12/06/2026;5756514;Atibaia;1200;4447.26;434;39018.36;;;;;;;J.ROSA TRANSPORTE LTDA;11/06/2026;VIAGEM 411985
NLC4H75;04/09/2026;6091258;Atibaia;1200;1879.654;329;29608;;;;;;;J.ROSA TRANSPORTE LTDA;03/09/2026;WILLIAN MESQUITA 443652
NLC4H75;19/05/2026;376517;Barueri;800;4105.075;729;46417.45;;;;;;;J.ROSA TRANSPORTE LTDA;20/05/2026;
NLC4H75;30/07/2026;5951988;Barueri;800;3817.165;603;46498.15;;;;;;;J.ROSA TRANSPORTE LTDA;30/07/2026;435691 WILLIAN
DTD9F28;15/09/2026;6129986;Bertioga;1400;3023.577;321;28299.86;;;;;;;J.ROSA TRANSPORTE LTDA;15/09/2026;VIAGEM - 448083
NLC4H75;04/08/2026;5969826;Caçapava;1550;3359.057;454;42043.92;;;;;;;J.ROSA TRANSPORTE LTDA;04/08/2026;439294
NLC4H75;23/06/2026;5795913;Caieiras;1200;;;;;;;;;;J.ROSA TRANSPORTE LTDA;23/06/2026;VIAGEM 415466
NLC4H75;21/07/2026;5912430;Campinas;1400;3916.405;446;38402.69;;;;;;;J.ROSA TRANSPORTE LTDA;21/07/2026;435877
NLC4H75;04/05/2026;376856;Caraguatatuba;1900;2887.54;267;28468.75;;;;;;;J.ROSA TRANSPORTE LTDA;05/05/2026;
NLC4H75;05/08/2026;5972083;Cruzeiro;1900;;;;;;;;;;J.ROSA TRANSPORTE LTDA;05/08/2026;WILLIAN MESQUITA - 439295 / 439294
NLC4H75;11/05/2026;386063;Descalvado;;73.067;8;805.44;;;;;;;J.ROSA TRANSPORTE LTDA;12/05/2026;
NLC4H75;15/05/2026;5655876;Diadema;800;3386.994;511;33685.02;;;;;;;J.ROSA TRANSPORTE LTDA;15/05/2026;VIAGEM 387451
NLC4H75;15/05/2026;387451;Diadema;800;3386.994;511;33685.02;;;;;;;J.ROSA TRANSPORTE LTDA;16/05/2026;
NLC4H75;07/07/2026;5852951;Diadema;800;3263.587;397;25679.85;;;;;;;J.ROSA TRANSPORTE LTDA;07/07/2026;433806 WILLIAN MESQUITA
NLC4H75;03/07/2026;5838567;Embu-Guaçu;;;;;;;;;;;J.ROSA TRANSPORTE LTDA;03/07/2026;VIAGEM 432664
NLC4H75;23/07/2026;5920053;Franco da Rocha;1200;4531.346;523;44574.34;;;;;;;J.ROSA TRANSPORTE LTDA;23/07/2026;VIAGEM 436925
NLC4H75;27/08/2026;6056987;Franco da Rocha;1200;3869.442;646;51943.09;;;;;;;J.ROSA TRANSPORTE LTDA;26/08/2026;VIAGEM - 444945
NLC4H75;14/05/2026;382466;Guarujá;1200;4212.89;521;36574.44;;;;;;;J.ROSA TRANSPORTE LTDA;15/05/2026;
NLC4H75;03/06/2026;5723793;Guarujá;1200;4156.188;474;45502.26;;;;;;;J.ROSA TRANSPORTE LTDA;03/06/2026;VIAGEM 406853
NLC4H75;17/09/2026;6140327;Guarujá;1200;4627.084;528;44009.85;;;;;;;J.ROSA TRANSPORTE LTDA;16/09/2026;WILLIAN/448086
NLC4H75;28/07/2026;5936876;Guarulhos;800;2792.368;746;42841.37;;;;;;;J.ROSA TRANSPORTE LTDA;28/07/2026;437438
NLC4H75;04/08/2026;5966007;Guarulhos;800;4809.995;504;45509.25;;;;;;;J.ROSA TRANSPORTE LTDA;04/08/2026;VIAGEM 435891
NLC4H75;06/08/2026;5976621;Guarulhos;800;4092.199;623;47670.78;;;;;;;J.ROSA TRANSPORTE LTDA;06/08/2026;VIAGEM 435675
NLC4H75;05/06/2026;5729495;Indaiatuba;1400;3399.849;611;42384.16;;;;;;;J.ROSA TRANSPORTE LTDA;04/06/2026;WILLIAN MESQUITA - 404642
NLC4H75;12/08/2026;5998213;Indaiatuba;1400;3560.022;464;36511.32;;;;;;;J.ROSA TRANSPORTE LTDA;12/08/2026;VIAGEM 441178
NLC4H75;25/08/2026;6046564;Indaiatuba;1400;3160.918;490;41529.32;;;;;;;J.ROSA TRANSPORTE LTDA;24/08/2026;VIAGEM - 444176
NLC4H75;09/09/2026;6104362;Indaiatuba;1400;3787.401;454;37496.5;;;;;;;J.ROSA TRANSPORTE LTDA;08/09/2026;VIAGEM - 446685
NLC4H75;14/08/2026;6008769;Itanhaém;1400;3764.831;415;29717.43;;;;;;;J.ROSA TRANSPORTE LTDA;13/08/2026;VIAGEM 441824
DTD9F28;17/09/2026;6138387;Itanhaém;1400;3847.471;413;33785.59;;;;;;;J.ROSA TRANSPORTE LTDA;16/09/2026;VIAGEM - 448082/JOSE SANTO
NLC4H75;11/05/2026;5631555;Itapecerica da Serra;;4709.364;598;43787.05;;;;;;;J.ROSA TRANSPORTE LTDA;11/05/2026;WILLIAN MESQUITA - 383656
NLC4H75;11/05/2026;383656;Itapecerica da Serra;;4709.364;598;43787.05;;;;;;;J.ROSA TRANSPORTE LTDA;12/05/2026;
NLC4H75;13/08/2026;6003605;Itapecerica da Serra;800;4653.334;525;39548.1;;;;;;;J.ROSA TRANSPORTE LTDA;12/08/2026;VIAGEM 441516
NLC4H75;25/05/2026;5687079;Itaquaquecetuba;;4613.564;510;43105.18;;;;;;;J.ROSA TRANSPORTE LTDA;25/05/2026;VIAGEM 384752
NLC4H75;02/07/2026;5832963;Itatiba;1400;3617.024;432;37584.93;;;;;;;J.ROSA TRANSPORTE LTDA;01/07/2026;VIAGEM 430838
NLC4H75;23/06/2026;5796198;Itu;1400;2949.796;360;30515.89;;;;;;;J.ROSA TRANSPORTE LTDA;23/06/2026;WILLIAN MESQUITA - 415466
NLC4H75;07/08/2026;5978798;Itu;1400;2988.176;273;29453.58;;;;;;;J.ROSA TRANSPORTE LTDA;06/08/2026;WILLIAN MESQUITA 439965 E 439784
NLC4H75;14/07/2026;5880553;Jundiaí;1200;4222.315;411;44976;;;;;;;J.ROSA TRANSPORTE LTDA;14/07/2026;435172 WILLIAN MESQUITA
NLC4H75;11/05/2026;371220;Limeira;1550;3001.095;551;38212.83;;;;;;;J.ROSA TRANSPORTE LTDA;12/05/2026;
NLC4H75;28/08/2026;6062450;Limeira;1550;2868.679;344;26827.8;;;;;;;J.ROSA TRANSPORTE LTDA;27/08/2026;VIAGEM - 445003
NLC4H75;30/04/2026;373199;Mogi das Cruzes;1200;740.966;47;8222.76;;;;;;;J.ROSA TRANSPORTE LTDA;01/05/2026;
NLC4H75;16/07/2026;5895854;Mongaguá;1200;3866.738;523;35657.06;;;;;;;J.ROSA TRANSPORTE LTDA;16/07/2026;435531
NLC4H75;24/09/2026;6167264;Nova Odessa;1400;4100.104;525;40844.82;;;;;;;J.ROSA TRANSPORTE LTDA;24/09/2026;VIAGEM - 452987
NLC4H75;03/08/2026;5961325;Osasco;800;3693;300;30600;;;;;;;J.ROSA TRANSPORTE LTDA;03/08/2026;WILLIAN MESQUITA 437943
NLC4H75;26/08/2026;6051776;Osasco;800;3186.93;253;25531.2;;;;;;;J.ROSA TRANSPORTE LTDA;25/08/2026;VIAGEM  - 444730
NLC4H75;06/07/2026;5842975;Pariquera-Açu;2100;2650.069;214;22341.6;;;;;;;J.ROSA TRANSPORTE LTDA;03/07/2026;VIAGEM 432712
NLC4H75;23/09/2026;6161850;Pariquera-Açu;2100;3905.281;487;42345.36;;;;;;;J.ROSA TRANSPORTE LTDA;22/09/2026;VIAGEM - 452264
NLC4H75;18/08/2026;6020312;Pindamonhangaba;1550;3628.726;404;34974.82;;;;;;;J.ROSA TRANSPORTE LTDA;17/08/2026;VIAGEM 442395
NLC4H75;21/09/2026;6151309;Piracicaba;1550;4350.039;496;41417.43;;;;;;;J.ROSA TRANSPORTE LTDA;19/09/2026;Willian - 447.462
DTD9F28;21/09/2026;6152153;Praia Grande;1200;4323.39;895;63941.4;;;;;;;J.ROSA TRANSPORTE LTDA;21/09/2026;JOSE SANTO 450110
NLC4H75;16/04/2026;358246;Santo André;800;3749.256;502;35514.9;;;;;;;J.ROSA TRANSPORTE LTDA;17/04/2026;
NLC4H75;24/06/2026;5800443;Santos;1200;3557.09;501;40362.36;;;;;;;J.ROSA TRANSPORTE LTDA;24/06/2026;VIAGEM 411982
NLC4H75;01/09/2026;6075438;Santos;1200;3987.651;471;39270.34;;;;;;;J.ROSA TRANSPORTE LTDA;31/08/2026;VIAGEM - 445309
NLC4H75;02/09/2026;6081187;Santos;1200;3827.75;400;37165.8;;;;;;;J.ROSA TRANSPORTE LTDA;02/09/2026;Viagem - 444921
NLC4H75;27/04/2026;5590005;São Bernardo do Campo;800;3817.47;315;31788;;;;;;;J.ROSA TRANSPORTE LTDA;28/04/2026;Viagem 369234
NLC4H75;27/04/2026;369234;São Bernardo do Campo;800;3817.47;315;31788;;;;;;;J.ROSA TRANSPORTE LTDA;29/04/2026;
NLC4H75;26/06/2026;5809149;São Bernardo do Campo;800;1410.805;267;18284.68;;;;;;;J.ROSA TRANSPORTE LTDA;26/06/2026;VIAGEM 428766
NLC4H75;09/07/2026;5860638;São Bernardo do Campo;800;3890.283;615;37196.64;;;;;;;J.ROSA TRANSPORTE LTDA;09/07/2026;VIAGEM 433718
NLC4H75;13/07/2026;5876787;São Bernardo do Campo;800;2730.796;368;25441.38;;;;;;;J.ROSA TRANSPORTE LTDA;13/07/2026;433797
NLC4H75;29/07/2026;5944515;São Bernardo do Campo;800;2928.631;1205;58167.26;;;;;;;J.ROSA TRANSPORTE LTDA;29/07/2026;436.526
NLC4H75;31/08/2026;6067933;São Bernardo do Campo;800;3042.012;354;23084.19;;;;;;;J.ROSA TRANSPORTE LTDA;28/08/2026;VIAGEM - 445220
NLC4H75;18/06/2026;5779283;São Caetano do Sul;800;4610.7;493;42901.23;;;;;;;J.ROSA TRANSPORTE LTDA;18/06/2026;WILLIAN MESQUITA - 423386
NLC4H75;17/04/2026;350761;São Paulo;800;4071.32;549;49450.28;;;;;;;J.ROSA TRANSPORTE LTDA;18/04/2026;
NLC4H75;25/04/2026;368046;São Paulo;800;3640.751;437;34600.42;;;;;;;J.ROSA TRANSPORTE LTDA;28/04/2026;
NLC4H75;25/04/2026;368078;São Paulo;800;80.14;20;1176;;;;;;;J.ROSA TRANSPORTE LTDA;28/04/2026;
NLC4H75;28/04/2026;370686;São Paulo;800;3865.841;330;33033.06;;;;;;;J.ROSA TRANSPORTE LTDA;29/04/2026;
NLC4H75;07/05/2026;369667;São Paulo;800;3911.426;510;43150.43;;;;;;;J.ROSA TRANSPORTE LTDA;08/05/2026;
NLC4H75;27/05/2026;5697163;São Paulo;800;3947.373;410;41589.63;;;;;;;J.ROSA TRANSPORTE LTDA;27/05/2026;WILLIAN MESQUITA - 401806
NLC4H75;10/06/2026;5745060;São Paulo;800;3723.737;354;36245.17;;;;;;;J.ROSA TRANSPORTE LTDA;09/06/2026;VIAGEM 414844
NLC4H75;17/06/2026;5774001;São Paulo;800;3900.03;436;38256.58;;;;;;;J.ROSA TRANSPORTE LTDA;17/06/2026;VIAGEM 410913
NLC4H75;22/06/2026;5791154;São Paulo;800;3416.145;386;32631.53;;;;;;;J.ROSA TRANSPORTE LTDA;22/06/2026;WILLIAN MESQUITA 426884
NLC4H75;10/07/2026;5869619;São Paulo;800;2669.446;676;44022.38;;;;;;;J.ROSA TRANSPORTE LTDA;10/07/2026;WILLIAN 434.537
NLC4H75;17/07/2026;5902277;São Paulo;800;4321.512;586;43523.61;;;;;;;J.ROSA TRANSPORTE LTDA;17/07/2026;willian 435.671
NLC4H75;20/07/2026;5908746;São Paulo;800;3985.017;403;30610.2;;;;;;;J.ROSA TRANSPORTE LTDA;20/07/2026;436.198
NLC4H75;10/08/2026;5984223;São Paulo;800;3535.39;755;49640.03;;;;;;;J.ROSA TRANSPORTE LTDA;07/08/2026;VIAGEM 435674
NLC4H75;10/08/2026;5987885;São Paulo;800;1081.77;404;31348.6;;;;;;;J.ROSA TRANSPORTE LTDA;10/08/2026;WILLIAN MESQUITA 440543
NLC4H75;11/08/2026;5992682;São Paulo;800;2987.267;571;34460.16;;;;;;;J.ROSA TRANSPORTE LTDA;10/08/2026;VIAGEM 439807
NLC4H75;17/08/2026;6013060;São Paulo;800;4449.24;360;36720;;;;;;;J.ROSA TRANSPORTE LTDA;14/08/2026;VIAGEM 437917
NLC4H75;20/08/2026;6030156;São Paulo;800;3463.117;415;27350.44;;;;;;;J.ROSA TRANSPORTE LTDA;19/08/2026;VIAGEM 442988
NLC4H75;21/08/2026;6039865;São Paulo;800;661.429;115;9829.8;;;;;;;J.ROSA TRANSPORTE LTDA;21/08/2026;443.758
NLC4H75;21/08/2026;6039866;São Paulo;800;1531.461;265;20703.95;;;;;;;J.ROSA TRANSPORTE LTDA;21/08/2026;443.756
NLC4H75;10/09/2026;6111128;São Paulo;800;3054.306;702;43675.27;;;;;;;J.ROSA TRANSPORTE LTDA;10/09/2026;VIAGEM - 447839
NLC4H75;11/09/2026;6116936;São Paulo;800;3683.823;642;40421.71;;;;;;;J.ROSA TRANSPORTE LTDA;10/09/2026;VIAGEM - 448478
NLC4H75;14/09/2026;6119277;São Paulo;800;3389.569;548;36423.29;;;;;;;J.ROSA TRANSPORTE LTDA;11/09/2026;Willian - 447742
NLC4H75;15/09/2026;6129970;São Paulo;800;4080.152;601;50894.58;;;;;;;J.ROSA TRANSPORTE LTDA;15/09/2026;VIAGEM - 449392
NLC4H75;16/09/2026;6135356;São Paulo;800;4349.07;498;34496;;;;;;;J.ROSA TRANSPORTE LTDA;16/09/2026;VIAGEM - 449468
NLC4H75;17/09/2026;6145177;São Paulo;800;4284.41;555;43894.41;;;;;;;J.ROSA TRANSPORTE LTDA;17/09/2026;Willian - 444.638
DTD9F28;18/09/2026;6145611;São Paulo;800;3263.188;451;37145.48;;;;;;;J.ROSA TRANSPORTE LTDA;18/09/2026;VIAGEM - 450248
NLC4H75;18/09/2026;6149736;São Paulo;800;3502.539;408;28971.04;;;;;;;J.ROSA TRANSPORTE LTDA;18/09/2026;Willian - 450.683
DTD9F28;19/09/2026;6149962;São Paulo;800;3054.052;359;23418.88;;;;;;;J.ROSA TRANSPORTE LTDA;18/09/2026;JOSE SANTO/450719
DTD9F28;22/09/2026;6156830;São Paulo;800;4015.279;504;35254.98;;;;;;;J.ROSA TRANSPORTE LTDA;22/09/2026;VIAGEM - 450728
DTD9F28;23/09/2026;6162104;São Paulo;800;3502.28;335;30173.68;;;;;;;J.ROSA TRANSPORTE LTDA;23/09/2026;VIAGEM - 452659
DTD9F28;24/09/2026;6167275;São Paulo;800;4023.68;560;36633.21;;;;;;;J.ROSA TRANSPORTE LTDA;24/09/2026;VIAGEM - 453154
NLC4H75;08/06/2026;5733785;São Vicente;1200;4246.375;375;34500;;;;;;;J.ROSA TRANSPORTE LTDA;05/06/2026;VIAGEM 402530
NLC4H75;15/06/2026;5764340;São Vicente;1200;3580.784;615;49090.15;;;;;;;J.ROSA TRANSPORTE LTDA;15/06/2026;WILLIAN MESQUITA 417644
NLC4H75;01/06/2026;5710311;Sorocaba;1400;3040.849;275;28155.4;;;;;;;J.ROSA TRANSPORTE LTDA;29/05/2026;VIAGEM 390058
NLC4H75;01/07/2026;5823221;Sorocaba;1400;4092.102;495;45749;;;;;;;J.ROSA TRANSPORTE LTDA;30/06/2026;WILLIAN MESQUITA 430217 E 430218
NLC4H75;22/09/2026;6154645;Sorocaba;1400;4192.873;407;42636.53;;;;;;;J.ROSA TRANSPORTE LTDA;21/09/2026;WILLIAN/445544
NLC4H75;26/05/2026;5693316;Sumaré;1400;3128.375;476;35086.12;;;;;;;J.ROSA TRANSPORTE LTDA;26/05/2026;VIAGEM 376463
NLC4H75;29/06/2026;5817162;Taboão da Serra;800;3496.25;416;34946.64;;;;;;;J.ROSA TRANSPORTE LTDA;29/06/2026;WILLIAN 430876
NLC4H75;20/05/2026;5671079;Taubaté;1550;3249.431;264;29528.4;;;;;;;J.ROSA TRANSPORTE LTDA;20/05/2026;VIAGEM 390065
NLC4H75;20/05/2026;390065;Taubaté;1550;3249.431;264;29528.4;;;;;;;J.ROSA TRANSPORTE LTDA;21/05/2026;
NLC4H75;05/05/2026;374018;Vargem Grande Paulista;1200;3780;300;29520;;;;;;;J.ROSA TRANSPORTE LTDA;07/05/2026;
NLC4H75;16/06/2026;5768867;Vargem Grande Paulista;1200;4284;340;33456;;;;;;;J.ROSA TRANSPORTE LTDA;16/06/2026;VIAGEM 412728
AAA1117;15/07/2026;5886418;Vargem Grande Paulista;1200;3024;240;23616;;;;;;;J.ROSA TRANSPORTE LTDA;15/07/2026;434134 WILIAN MESQUITA
NLC4H75;27/07/2026;5932227;Várzea Paulista;1200;4115.337;587;38382.05;;;;;;;J.ROSA TRANSPORTE LTDA;27/07/2026;Willian Mesquita - 436328
FRR8J62;04/06/2026;5729363;Atibaia;450;594.506;91;7930.2;;;;;;;55.767.783 PEBLA TAUANA DOS SANTOS;04/06/2026;IRAN  411243
FRR8J62;17/07/2026;5896948;Barueri;370;470.21;102;8330.47;;;;;;;55.767.783 PEBLA TAUANA DOS SANTOS;17/07/2026;VIAGEM 435474
FRR8J62;23/04/2026;362831;Caieiras;470;346.434;59;5025.14;;;;;;;55.767.783 PEBLA TAUANA DOS SANTOS;24/04/2026;
FRR8J62;26/05/2026;5692867;Cotia;370;423.47;85;6069.65;;;;;;;55.767.783 PEBLA TAUANA DOS SANTOS;26/05/2026;VIAGEM 399569
FRR8J62;06/08/2026;5981706;Diadema;370;471.652;87;4726.83;;;;;;;55.767.783 PEBLA TAUANA DOS SANTOS;06/08/2026;440.216
FRR8J62;19/06/2026;5780240;Embu das Artes;370;216.985;42;2670.06;;;;;;;55.767.783 PEBLA TAUANA DOS SANTOS;18/06/2026;IRAN -  408808
FRR8J62;11/06/2026;5750264;Guarulhos;370;569.369;53;5254.51;;;;;;;55.767.783 PEBLA TAUANA DOS SANTOS;10/06/2026;VIAGEM 417481
FRR8J62;11/05/2026;380222;Itapecerica da Serra;370;521.768;69;3787.02;;;;;;;55.767.783 PEBLA TAUANA DOS SANTOS;12/05/2026;
FRR8J62;11/05/2026;383822;Itapecerica da Serra;370;5.028;2;93.6;;;;;;;55.767.783 PEBLA TAUANA DOS SANTOS;12/05/2026;
FRR8J62;13/04/2026;355439;Itapevi;470;281.094;62;4375.28;;;;;;;55.767.783 PEBLA TAUANA DOS SANTOS;14/04/2026;
FRR8J62;16/04/2026;362108;Itapevi;470;288.107;27;3036.58;;;;;;;55.767.783 PEBLA TAUANA DOS SANTOS;17/04/2026;
FRR8J62;03/07/2026;5837591;Itapevi;450;476.145;46;4153.88;;;;;;;55.767.783 PEBLA TAUANA DOS SANTOS;02/07/2026;VIAGEM 432707
FRR8J62;15/07/2026;5889075;Itaquaquecetuba;450;544.232;58;5621.2;;;;;;;55.767.783 PEBLA TAUANA DOS SANTOS;15/07/2026;435457
FRR8J62;30/05/2026;5710886;Jandira;370;603.58;45;5200.68;;;;;;;55.767.783 PEBLA TAUANA DOS SANTOS;30/05/2026;VIAGEM 396722
FRR8J62;30/07/2026;5947811;Mauá;370;528.607;101;8075.32;;;;;;;55.767.783 PEBLA TAUANA DOS SANTOS;30/07/2026;VIAGEM 438472
FRR8J62;14/04/2026;358412;Osasco;370;117.614;19;1974.5;;;;;;;55.767.783 PEBLA TAUANA DOS SANTOS;15/04/2026;
GWS6926;18/06/2026;5784068;Poá;450;443.346;49;4536.03;;;;;;;55.767.783 PEBLA TAUANA DOS SANTOS;19/06/2026;VIAGEM 422959
FRR8J62;06/07/2026;5843138;Ribeirão Pires;370;582.585;89;5864.12;;;;;;;55.767.783 PEBLA TAUANA DOS SANTOS;03/07/2026;VIAGEM 433048
FRR8J62;18/04/2026;360983;Santo André;370;338.55;50;3610.24;;;;;;;55.767.783 PEBLA TAUANA DOS SANTOS;19/04/2026;
FRR8J62;25/04/2026;365306;Santo André;370;237.862;34;2684.15;;;;;;;55.767.783 PEBLA TAUANA DOS SANTOS;26/04/2026;
FRR8J62;19/05/2026;391970;Santo André;370;376.832;64;4532.96;;;;;;;55.767.783 PEBLA TAUANA DOS SANTOS;20/05/2026;
FRR8J62;19/05/2026;391971;Santo André;370;265.54;15;2380.8;;;;;;;55.767.783 PEBLA TAUANA DOS SANTOS;20/05/2026;
FRR8J62;03/06/2026;5723129;Santo André;370;426.916;58;4436.05;;;;;;;55.767.783 PEBLA TAUANA DOS SANTOS;02/06/2026;VIAGEM 408868
FRR8J62;26/06/2026;5809842;Santo André;370;247.41;37;2633.01;;;;;;;55.767.783 PEBLA TAUANA DOS SANTOS;26/06/2026;IRAN - 430884
FRR8J62;05/08/2026;5970967;Santo André;370;202.269;27;2202.38;;;;;;;55.767.783 PEBLA TAUANA DOS SANTOS;05/08/2026;VIAGEM 439176
FRR8J62;17/08/2026;6013633;Santo André;370;278.241;17;2396.76;;;;;;;55.767.783 PEBLA TAUANA DOS SANTOS;14/08/2026;VIAGEM 437664
FRR8J62;20/07/2026;5908918;Santos;450;501.265;90;6346.81;;;;;;;55.767.783 PEBLA TAUANA DOS SANTOS;21/07/2026;436355
FRR8J62;10/07/2026;5869587;São Bernardo do Campo;370;390.867;77;3935.03;;;;;;;55.767.783 PEBLA TAUANA DOS SANTOS;10/07/2026;IRAN 433.799
FRR8J62;19/08/2026;6027511;São Bernardo do Campo;370;481.955;111;6681.64;;;;;;;55.767.783 PEBLA TAUANA DOS SANTOS;19/08/2026;iran 442.895
FRR8J62;01/07/2026;5824536;São José dos Campos;500;297.667;34;2205.5;;;;;;;55.767.783 PEBLA TAUANA DOS SANTOS;30/06/2026;VIAGEM 431410
FRR8J62;15/04/2026;358859;São Paulo;370;468.903;45;4434.24;;;;;;;55.767.783 PEBLA TAUANA DOS SANTOS;16/04/2026;
FRR8J62;20/04/2026;361021;São Paulo;370;437.974;100;7680.43;;;;;;;55.767.783 PEBLA TAUANA DOS SANTOS;21/04/2026;
FRR8J62;22/04/2026;362115;São Paulo;370;194.825;28;2836.38;;;;;;;55.767.783 PEBLA TAUANA DOS SANTOS;23/04/2026;
FRR8J62;28/04/2026;370160;São Paulo;370;383.108;74;6038.49;;;;;;;55.767.783 PEBLA TAUANA DOS SANTOS;29/04/2026;
FRR8J62;29/04/2026;373131;São Paulo;370;396.215;88;6971.79;;;;;;;55.767.783 PEBLA TAUANA DOS SANTOS;01/05/2026;
FRR8J62;05/05/2026;375437;São Paulo;370;235.742;20;2034;;;;;;;55.767.783 PEBLA TAUANA DOS SANTOS;06/05/2026;
FRR8J62;04/05/2026;374282;São Paulo;;546.195;72;7233.26;;;;;;;55.767.783 PEBLA TAUANA DOS SANTOS;06/05/2026;
FRR8J62;07/05/2026;379562;São Paulo;370;458.351;59;4867.81;;;;;;;55.767.783 PEBLA TAUANA DOS SANTOS;08/05/2026;
FRR8J62;08/05/2026;383459;São Paulo;370;375.278;69;5800.63;;;;;;;55.767.783 PEBLA TAUANA DOS SANTOS;09/05/2026;
FRR8J62;07/05/2026;379529;São Paulo;370;117.154;10;1782.6;;;;;;;55.767.783 PEBLA TAUANA DOS SANTOS;09/05/2026;
FRR8J62;13/05/2026;386796;São Paulo;370;506.905;108;7708.62;;;;;;;55.767.783 PEBLA TAUANA DOS SANTOS;14/05/2026;
FRR8J62;15/05/2026;5652514;São Paulo;370;456.291;51;4500.48;;;;;;;55.767.783 PEBLA TAUANA DOS SANTOS;15/05/2026;IRAN 387661
FRR8J62;20/05/2026;5671826;São Paulo;370;562.667;90;5300.25;;;;;;;55.767.783 PEBLA TAUANA DOS SANTOS;20/05/2026;VIAGEM 390782
FRR8J62;20/05/2026;390782;São Paulo;370;562.667;90;5300.25;;;;;;;55.767.783 PEBLA TAUANA DOS SANTOS;21/05/2026;
FRR8J62;02/06/2026;5718047;São Paulo;370;541.812;88;7179.72;;;;;;;55.767.783 PEBLA TAUANA DOS SANTOS;01/06/2026;VIAGEM 405071
FRR8J62;10/06/2026;5746143;São Paulo;370;61.55;5;564;;;;;;;55.767.783 PEBLA TAUANA DOS SANTOS;10/06/2026;VIAGEM 408812
FRR8J62;27/06/2026;5813746;São Paulo;370;504.074;86;5555.8;;;;;;;55.767.783 PEBLA TAUANA DOS SANTOS;27/06/2026;VIAGEM 431042
FRR8J62;13/07/2026;5877452;São Paulo;370;511.538;63;5907.42;;;;;;;55.767.783 PEBLA TAUANA DOS SANTOS;13/07/2026;434977 IRAN
FRR8J62;22/07/2026;5919535;São Paulo;370;287.722;57;3865.03;;;;;;;55.767.783 PEBLA TAUANA DOS SANTOS;22/07/2026;436756
FRR8J62;22/07/2026;5919539;São Paulo;370;27.307;3;328.14;;;;;;;55.767.783 PEBLA TAUANA DOS SANTOS;22/07/2026;436895
FRR8J62;24/07/2026;5925078;São Paulo;370;464.863;268;13173.18;;;;;;;55.767.783 PEBLA TAUANA DOS SANTOS;24/07/2026;VIAGEM 437115
FRR8J62;27/07/2026;5936608;São Paulo;370;272.54;16;2822.4;;;;;;;55.767.783 PEBLA TAUANA DOS SANTOS;27/07/2026;437.222
FRR8J62;28/07/2026;5941818;São Paulo;370;325.168;72;5055.22;;;;;;;55.767.783 PEBLA TAUANA DOS SANTOS;28/07/2026;437848
FRR8J62;30/07/2026;5953201;São Paulo;370;228.042;25;2666.66;;;;;;;55.767.783 PEBLA TAUANA DOS SANTOS;30/07/2026;437780
FRR8J62;04/08/2026;5969202;São Paulo;370;422.611;146;7703.38;;;;;;;55.767.783 PEBLA TAUANA DOS SANTOS;04/08/2026;439.232
FRR8J62;06/08/2026;5976504;São Paulo;370;549.423;49;5602.26;;;;;;;55.767.783 PEBLA TAUANA DOS SANTOS;06/08/2026;VIAGEM 439633
FRR8J62;13/08/2026;6003704;São Paulo;370;144.928;29;2780.1;;;;;;;55.767.783 PEBLA TAUANA DOS SANTOS;13/08/2026;441704
FRR8J62;14/08/2026;6008907;São Paulo;370;380.441;54;5323.25;;;;;;;55.767.783 PEBLA TAUANA DOS SANTOS;13/08/2026;VIAGEM 441949
FRR8J62;18/08/2026;6017691;São Paulo;370;450.874;64;5176.3;;;;;;;55.767.783 PEBLA TAUANA DOS SANTOS;17/08/2026;VIAGEM 442163
FRR8J62;19/08/2026;6025198;São Paulo;370;405.799;90;7421.57;;;;;;;55.767.783 PEBLA TAUANA DOS SANTOS;18/08/2026;VIAGEM 442163
FRR8J62;24/08/2026;6039963;São Paulo;370;73.142;11;854.5;;;;;;;55.767.783 PEBLA TAUANA DOS SANTOS;22/08/2026;VIAGEM 443789
FRR8J62;26/08/2026;6051834;São Paulo;370;229.942;45;4142.04;;;;;;;55.767.783 PEBLA TAUANA DOS SANTOS;25/08/2026;VIAGEM - 444729
FRR8J62;27/08/2026;6057054;São Paulo;370;540.079;99;8196.89;;;;;;;55.767.783 PEBLA TAUANA DOS SANTOS;27/08/2026;444977
FRR8J62;28/08/2026;6062574;São Paulo;370;402.537;52;4055.54;;;;;;;55.767.783 PEBLA TAUANA DOS SANTOS;28/08/2026;VIAGEM - 445154
CUD9701;11/09/2026;6116969;Americana;1700;7707.665;813;66044.51;;;;;;;ADMILSON RODRIGUES DE SOUZA TRANSPORTES;10/09/2026;VIAGEM - 447113
CUD9701;13/06/2026;5762332;Araras;2000;10490.454;1021;103043.66;;;;;;;ADMILSON RODRIGUES DE SOUZA TRANSPORTES;13/06/2026;VIAGEM 412763
CUD9701;10/06/2026;5746794;Barueri;1300;5392.087;697;50717.76;;;;;;;ADMILSON RODRIGUES DE SOUZA TRANSPORTES;10/06/2026;viagem 415136
CUD9701;23/06/2026;5795954;Barueri;1300;9038.67;991;83378.39;;;;;;;ADMILSON RODRIGUES DE SOUZA TRANSPORTES;23/06/2026;VIAGEM 412010
CUD9701;26/08/2026;6051782;Barueri;1300;6930;550;52800;;;;;;;ADMILSON RODRIGUES DE SOUZA TRANSPORTES;25/08/2026;VIAGEM - 443714
CUD9701;16/09/2026;6135490;Barueri;1300;8863.2;720;73440;;;;;;;ADMILSON RODRIGUES DE SOUZA TRANSPORTES;16/09/2026;VIAGEM - 447986
CUD9701;14/05/2026;357056;Cajamar;1500;6975.069;667;84501.6;;;;;;;ADMILSON RODRIGUES DE SOUZA TRANSPORTES;15/05/2026;
CUD9701;19/05/2026;371269;Campinas;1700;6797.66;1100;88725.23;;;;;;;ADMILSON RODRIGUES DE SOUZA TRANSPORTES;20/05/2026;
CUD9701;26/06/2026;5809184;Campinas;1700;5902.42;534;49500.97;;;;;;;ADMILSON RODRIGUES DE SOUZA TRANSPORTES;26/06/2026;VIAGEM 421290
CUD9701;14/07/2026;5877697;Campinas;1700;8736;1680;116121.6;;;;;;;ADMILSON RODRIGUES DE SOUZA TRANSPORTES;14/07/2026;VIAGEM 434882
CUD9701;23/07/2026;5924897;Campinas;1700;7539.94;794;69188.28;;;;;;;ADMILSON RODRIGUES DE SOUZA TRANSPORTES;23/07/2026;
CUD9701;15/09/2026;6129948;Campinas;1700;10920.155;1206;101413.75;;;;;;;ADMILSON RODRIGUES DE SOUZA TRANSPORTES;15/09/2026;VIAGEM - 447122
CUD9701;22/09/2026;6156276;Carapicuíba;1300;8905.845;1011;78272.69;;;;;;;ADMILSON RODRIGUES DE SOUZA TRANSPORTES;21/09/2026;Admilson - 447.214
CUD9701;31/07/2026;5959141;Diadema;1300;10594.33;1273;98981.46;;;;;;;ADMILSON RODRIGUES DE SOUZA TRANSPORTES;31/07/2026;435884
CUD9701;10/09/2026;6111237;Ferraz de Vasconcelos;1300;10318.326;1090;90231.59;;;;;;;ADMILSON RODRIGUES DE SOUZA TRANSPORTES;10/09/2026;447230
CUD9701;24/04/2026;343758;Guarulhos;1300;5638.923;1159;93194.32;;;;;;;ADMILSON RODRIGUES DE SOUZA TRANSPORTES;25/04/2026;
CUD9701;04/08/2026;5967006;Guarulhos;1300;5224.225;801;58912.1;;;;;;;ADMILSON RODRIGUES DE SOUZA TRANSPORTES;04/08/2026;VIAGEM 435679
CUD9701;29/08/2026;6068417;Guarulhos;1300;10394.79;840;89040;;;;;;;ADMILSON RODRIGUES DE SOUZA TRANSPORTES;29/08/2026;ADMILSON - 443518
CUD9701;02/06/2026;5718266;Hortolândia;1700;9551.209;1318;101116.42;;;;;;;ADMILSON RODRIGUES DE SOUZA TRANSPORTES;02/06/2026;VIAGEM 376729
LVF0827;11/05/2026;381873;Itanhaém;1700;7926.977;968;65486.88;;;;;;;ADMILSON RODRIGUES DE SOUZA TRANSPORTES;12/05/2026;
CUD9701;06/08/2026;5981714;Itapecerica da Serra;1300;6682.68;540;55080;;;;;;;ADMILSON RODRIGUES DE SOUZA TRANSPORTES;06/08/2026;437.953
CUD9701;05/05/2026;371265;Itu;1700;10793.3;945;86700.8;;;;;;;ADMILSON RODRIGUES DE SOUZA TRANSPORTES;05/05/2026;
AAA1118;05/05/2026;371183;Jacareí;1700;5218.945;821;62167.18;;;;;;;ADMILSON RODRIGUES DE SOUZA TRANSPORTES;06/05/2026;
AAA1119;20/05/2026;384149;Jandira;1300;8634.459;1097;94209.02;;;;;;;ADMILSON RODRIGUES DE SOUZA TRANSPORTES;21/05/2026;Viagem 384149
LVF0827;19/05/2026;5664262;Mauá;1300;12398.2;1000;88800;;;;;;;ADMILSON RODRIGUES DE SOUZA TRANSPORTES;19/05/2026;THIAGO ZACARIAS 390683
LVF0827;19/05/2026;390683;Mauá;1300;12398.2;1000;88800;;;;;;;ADMILSON RODRIGUES DE SOUZA TRANSPORTES;20/05/2026;
CUD9701;22/06/2026;5787777;Osasco;1300;6171.942;919;48426.96;;;;;;;ADMILSON RODRIGUES DE SOUZA TRANSPORTES;19/06/2026;VIAGEM 422216
CUD9701;09/07/2026;5860712;Osasco;1300;8764.79;746;72440;;;;;;;ADMILSON RODRIGUES DE SOUZA TRANSPORTES;09/07/2026;VIAGEM 432726
CUD9701;21/07/2026;5909532;Osasco;1300;6478.14;828;63285.59;;;;;;;ADMILSON RODRIGUES DE SOUZA TRANSPORTES;21/07/2026;VIAGEM 435910
CUD9701;01/09/2026;6076691;Osasco;1300;8902.544;1067;112096.23;;;;;;;ADMILSON RODRIGUES DE SOUZA TRANSPORTES;01/09/2026;443188
AAA1119;11/05/2026;378209;Piracicaba;2000;7429.889;657;67478.4;;;;;;;ADMILSON RODRIGUES DE SOUZA TRANSPORTES;12/05/2026;VIAGEM - 378209
CUD9701;24/06/2026;5801352;Santana de Parnaíba;1500;4605.94;510;42249.2;;;;;;;ADMILSON RODRIGUES DE SOUZA TRANSPORTES;24/06/2026;VIAGEM 429164
CUD9701;03/06/2026;5723968;Santo André;1300;4319;1070;79728;;;;;;;ADMILSON RODRIGUES DE SOUZA TRANSPORTES;03/06/2026;ADMILSON 404972
CUD9701;09/06/2026;5741381;Santo André;1300;8395.399;1317;55834.4;;;;;;;ADMILSON RODRIGUES DE SOUZA TRANSPORTES;09/06/2026;Viagem 413552
CUD9701;21/09/2026;6151324;Santo André;1300;;;;;;;;;;ADMILSON RODRIGUES DE SOUZA TRANSPORTES;19/09/2026;VIAGEM 448869
CUD9701;13/05/2026;381477;São Bernardo do Campo;1300;9074.99;1075;77607.2;;;;;;;ADMILSON RODRIGUES DE SOUZA TRANSPORTES;14/05/2026;
CUD9701;28/07/2026;5937138;São Bernardo do Campo;1300;9877.56;1154;97546.05;;;;;;;ADMILSON RODRIGUES DE SOUZA TRANSPORTES;28/07/2026;VIAGEM 435924
CUD9701;20/08/2026;6034657;São Bernardo do Campo;1300;6018.536;1191;69185.09;;;;;;;ADMILSON RODRIGUES DE SOUZA TRANSPORTES;20/08/2026;441.175
CUD9701;20/08/2026;6035028;São Bernardo do Campo;1300;11430.489;991;114024.6;;;;;;;ADMILSON RODRIGUES DE SOUZA TRANSPORTES;20/08/2026;441.259
CUD9701;18/09/2026;6163557;São Bernardo do Campo;1300;8913.78;1116;88289.55;;;;;;;ADMILSON RODRIGUES DE SOUZA TRANSPORTES;23/09/2026;VIAGEM 447482
CUD9701;14/09/2026;6122438;São Carlos;;9194.129;876;79681.99;;;;;;;ADMILSON RODRIGUES DE SOUZA TRANSPORTES;11/09/2026;VIAGEM - 447486
CUD9701;01/07/2026;5827172;São José do Rio Preto;3200;9339.33;792;75255.63;;;;;;;ADMILSON RODRIGUES DE SOUZA TRANSPORTES;30/06/2026;VIAGEM 429636
CUD9701;11/05/2026;376734;São José dos Campos;1700;6172.781;651;65745.04;;;;;;;ADMILSON RODRIGUES DE SOUZA TRANSPORTES;12/05/2026;
CUD9701;12/05/2026;5636504;São José dos Campos;1700;128.34;5;1004.4;;;;;;;ADMILSON RODRIGUES DE SOUZA TRANSPORTES;12/05/2026;MITA - 384758
CUD9701;11/05/2026;384758;São José dos Campos;1700;128.34;5;1004.4;;;;;;;ADMILSON RODRIGUES DE SOUZA TRANSPORTES;13/05/2026;
GWH7290;18/08/2026;6020734;São José dos Campos;1700;;;;;;;;;;ADMILSON RODRIGUES DE SOUZA TRANSPORTES;18/08/2026;442417
LVF0827;25/04/2026;367946;São Paulo;1300;6314.712;780;60075.79;;;;;;;ADMILSON RODRIGUES DE SOUZA TRANSPORTES;28/04/2026;
LVF0827;19/05/2026;369638;São Paulo;1300;7676.155;1040;89615.3;;;;;;;ADMILSON RODRIGUES DE SOUZA TRANSPORTES;20/05/2026;
CUD9701;20/05/2026;369639;São Paulo;;12601.844;1297;128936.21;;;;;;;ADMILSON RODRIGUES DE SOUZA TRANSPORTES;21/05/2026;
LVF0827;20/05/2026;371254;São Paulo;1300;7562.585;1206;92013.55;;;;;;;ADMILSON RODRIGUES DE SOUZA TRANSPORTES;21/05/2026;
CUD9701;22/05/2026;5681425;São Paulo;1300;11613.445;1325;120367.17;;;;;;;ADMILSON RODRIGUES DE SOUZA TRANSPORTES;22/05/2026;VIAGEM 358849
CUD9701;08/06/2026;5737212;São Paulo;1300;7562.585;1206;92013.55;;;;;;;ADMILSON RODRIGUES DE SOUZA TRANSPORTES;08/06/2026;Viagem 371254
CUD9701;17/06/2026;5774066;São Paulo;1300;7872;1000;88320;;;;;;;ADMILSON RODRIGUES DE SOUZA TRANSPORTES;17/06/2026;VIAGEM 418173
CUD9701;29/06/2026;5815058;São Paulo;1300;7651.59;710;69531.4;;;;;;;ADMILSON RODRIGUES DE SOUZA TRANSPORTES;27/06/2026;VIAGEM 430487
LVF0827;08/07/2026;5855026;São Paulo;1300;5837.172;877;56612.33;;;;;;;ADMILSON RODRIGUES DE SOUZA TRANSPORTES;08/07/2026;VIAGEM 433804
CUD9701;08/09/2026;6102088;São Paulo;1300;10482.482;1078;107418.61;;;;;;;ADMILSON RODRIGUES DE SOUZA TRANSPORTES;08/09/2026;VIAGEM - 444618
CUD9701;09/09/2026;6104410;São Paulo;1300;10600.396;1067;105942.65;;;;;;;ADMILSON RODRIGUES DE SOUZA TRANSPORTES;08/09/2026;VIAGEM - 444632
CUD9701;23/09/2026;6161811;São Paulo;1300;6143.056;1562;113825.84;;;;;;;ADMILSON RODRIGUES DE SOUZA TRANSPORTES;22/09/2026;VIAGEM - 451568
CUD9701;21/04/2026;351315;Sumaré;1700;8303.737;959;74097.05;;;;;;;ADMILSON RODRIGUES DE SOUZA TRANSPORTES;23/04/2026;
CUD9701;13/05/2026;386657;Sumaré;1700;7128.199;642;45345;;;;;;;ADMILSON RODRIGUES DE SOUZA TRANSPORTES;14/05/2026;
CUD9701;04/06/2026;5729709;Sumaré;1700;9626.4;764;73344;;;;;;;ADMILSON RODRIGUES DE SOUZA TRANSPORTES;04/06/2026;ADMILSON 403554
CUD9701;16/06/2026;5768843;Sumaré;1700;6021.87;1098;83195.4;;;;;;;ADMILSON RODRIGUES DE SOUZA TRANSPORTES;16/06/2026;VIAGEM 422202
CUD9701;18/06/2026;5779325;Sumaré;1700;5976.035;573;55434.17;;;;;;;ADMILSON RODRIGUES DE SOUZA TRANSPORTES;18/06/2026;VIAGEM 411990
CUD9701;24/09/2026;6166924;Taboão da Serra;1300;11190.588;1105;108945.95;;;;;;;ADMILSON RODRIGUES DE SOUZA TRANSPORTES;23/09/2026;VIAGEM - 444659
GWH7290;18/09/2026;6146155;Arujá;1500;9894.5;1548;132336.96;;;;;;;ANDREIA CRISTINA DA CONCEICAO SOUZA TRANSPORTES;18/09/2026;Marcelo - 450.415
GWH7290;23/06/2026;5795946;Barueri;1300;9702;770;73920;;;;;;;ANDREIA CRISTINA DA CONCEICAO SOUZA TRANSPORTES;23/06/2026;VIAGEM 424805
GWH7290;18/07/2026;5902548;Barueri;1300;9225.325;1150;93118.72;;;;;;;ANDREIA CRISTINA DA CONCEICAO SOUZA TRANSPORTES;18/07/2026;VIAGEM 421301
GWH7290;14/09/2026;6166504;Bauru;2600;9239.954;897;89365.81;;;;;;;ANDREIA CRISTINA DA CONCEICAO SOUZA TRANSPORTES;23/09/2026;MARCELO JESUS 448867
GWH7290;07/05/2026;377550;Campinas;1700;10824.296;1643;69789.56;;;;;;;ANDREIA CRISTINA DA CONCEICAO SOUZA TRANSPORTES;07/05/2026;
MFZ9H20;07/05/2026;374315;Campinas;1700;10877.66;882;83133.6;;;;;;;ANDREIA CRISTINA DA CONCEICAO SOUZA TRANSPORTES;08/05/2026;
AAA1119;08/05/2026;376824;Campinas;1700;7572.16;746;74852.92;;;;;;;ANDREIA CRISTINA DA CONCEICAO SOUZA TRANSPORTES;09/05/2026;
GWH7290;27/06/2026;5813747;Campinas;1700;8458.098;689;66122.4;;;;;;;ANDREIA CRISTINA DA CONCEICAO SOUZA TRANSPORTES;27/06/2026;VIAGEM 430864
GWH7290;04/09/2026;6092057;Campinas;1700;7950.336;7764;63664.8;;;;;;;ANDREIA CRISTINA DA CONCEICAO SOUZA TRANSPORTES;04/09/2026;446057
GWH7290;11/09/2026;6117003;Campinas;1700;11842.639;963;90948;;;;;;;ANDREIA CRISTINA DA CONCEICAO SOUZA TRANSPORTES;11/09/2026;VIAGEM - 448565
GWH7290;17/09/2026;6140449;Caraguatatuba;2200;10723.063;1122;96508.32;;;;;;;ANDREIA CRISTINA DA CONCEICAO SOUZA TRANSPORTES;16/09/2026;VIAGEM - 447213
GWH7290;28/04/2026;367715;Diadema;;12690.661;1587;109949.74;;;;;;;ANDREIA CRISTINA DA CONCEICAO SOUZA TRANSPORTES;29/04/2026;
GWH7290;15/04/2026;345418;Guarujá;1500;8927.592;1222;104092.14;;;;;;;ANDREIA CRISTINA DA CONCEICAO SOUZA TRANSPORTES;15/04/2026;
GWH7290;15/04/2026;350592;Guarujá;1500;261.113;22;3326.4;;;;;;;ANDREIA CRISTINA DA CONCEICAO SOUZA TRANSPORTES;15/04/2026;
MFZ9H20;23/04/2026;361844;Guarujá;1500;3018.901;393;30948.17;;;;;;;ANDREIA CRISTINA DA CONCEICAO SOUZA TRANSPORTES;23/04/2026;
MFZ9H20;23/04/2026;361842;Guarujá;1500;2803.752;330;26247.01;;;;;;;ANDREIA CRISTINA DA CONCEICAO SOUZA TRANSPORTES;24/04/2026;
GWH7290;19/05/2026;5662935;Guarujá;1500;8899.465;1154;98589.73;;;;;;;ANDREIA CRISTINA DA CONCEICAO SOUZA TRANSPORTES;19/05/2026;MARCELO JESUS 369637
GWH7290;19/05/2026;369637;Guarujá;1500;8899.465;1154;98589.73;;;;;;;ANDREIA CRISTINA DA CONCEICAO SOUZA TRANSPORTES;20/05/2026;
AAA1119;08/05/2026;373204;Guarulhos;1300;9343.568;1016;84301.39;;;;;;;ANDREIA CRISTINA DA CONCEICAO SOUZA TRANSPORTES;09/05/2026;
GWH7290;30/05/2026;5711079;Guarulhos;1300;5695.907;870;66205.99;;;;;;;ANDREIA CRISTINA DA CONCEICAO SOUZA TRANSPORTES;30/05/2026;viagem 384.710
GWH7290;13/08/2026;6003577;Guarulhos;1300;5632.434;517;43481.65;;;;;;;ANDREIA CRISTINA DA CONCEICAO SOUZA TRANSPORTES;12/08/2026;MARCELO JESUS
GWH7290;10/09/2026;6111379;Guarulhos;1300;8790.523;976;88878.24;;;;;;;ANDREIA CRISTINA DA CONCEICAO SOUZA TRANSPORTES;10/09/2026;VIAGEM - 444622
GWH7290;03/07/2026;5838561;Indaiatuba;1700;5908.467;836;67840.21;;;;;;;ANDREIA CRISTINA DA CONCEICAO SOUZA TRANSPORTES;03/07/2026;VIAGEM 430519
GWH7290;06/08/2026;5976507;Indaiatuba;1700;4291.348;473;41471.74;;;;;;;ANDREIA CRISTINA DA CONCEICAO SOUZA TRANSPORTES;06/08/2026;VIAGEM 436905
GWH7290;16/06/2026;5768959;Itanhaém;1700;6554.74;648;60689.98;;;;;;;ANDREIA CRISTINA DA CONCEICAO SOUZA TRANSPORTES;16/06/2026;VIAGEM 387596
GWH7290;04/07/2026;5843706;Itapecerica da Serra;1300;9660.99;1208;92417.48;;;;;;;ANDREIA CRISTINA DA CONCEICAO SOUZA TRANSPORTES;04/07/2026;VIAGEM 424825
GWH7290;29/07/2026;5942132;Itu;1700;5972.224;998;67945.86;;;;;;;ANDREIA CRISTINA DA CONCEICAO SOUZA TRANSPORTES;29/07/2026;VIAGEM 437756
GWH7290;29/04/2026;372929;Jacareí;1700;7266.63;780;64216.28;;;;;;;ANDREIA CRISTINA DA CONCEICAO SOUZA TRANSPORTES;30/04/2026;
GWH7290;23/09/2026;6162096;Jaú;2600;9019.81;1136;85967.31;;;;;;;ANDREIA CRISTINA DA CONCEICAO SOUZA TRANSPORTES;23/09/2026;VIAGEM - 451355
MFZ9H20;14/04/2026;346862;Jundiaí;1500;9349.553;858;96885;;;;;;;ANDREIA CRISTINA DA CONCEICAO SOUZA TRANSPORTES;14/04/2026;
GWH7290;30/06/2026;5821097;Jundiaí;1500;8164.575;1314;96886.35;;;;;;;ANDREIA CRISTINA DA CONCEICAO SOUZA TRANSPORTES;30/06/2026;VIAGEM 430033
GWH7290;07/07/2026;5850054;Jundiaí;1500;6391.881;632;57294.56;;;;;;;ANDREIA CRISTINA DA CONCEICAO SOUZA TRANSPORTES;07/07/2026;VIAGEM 431218
GWH7290;15/08/2026;6013974;Jundiaí;1500;9784.835;1578;117075.77;;;;;;;ANDREIA CRISTINA DA CONCEICAO SOUZA TRANSPORTES;15/08/2026;440938
GWH7290;24/08/2026;6042880;Mogi das Cruzes;1500;6300.862;1398;86276.93;;;;;;;ANDREIA CRISTINA DA CONCEICAO SOUZA TRANSPORTES;24/08/2026;MARCELO 443.487
GWH7290;01/09/2026;6076689;Osasco;1300;11954.508;942;112699.2;;;;;;;ANDREIA CRISTINA DA CONCEICAO SOUZA TRANSPORTES;01/09/2026;442913
GWH7290;09/09/2026;6104885;Osasco;1300;10174.542;1025;100514.76;;;;;;;ANDREIA CRISTINA DA CONCEICAO SOUZA TRANSPORTES;08/09/2026;VIAGEM - 444600
GWH7290;29/05/2026;5705654;Praia Grande;1500;340.652;30;4612.2;;;;;;;ANDREIA CRISTINA DA CONCEICAO SOUZA TRANSPORTES;29/05/2026;Marcelo Jesus Viagem 404378
GWH7290;21/07/2026;5909347;Praia Grande;1500;9330.013;915;84986;;;;;;;ANDREIA CRISTINA DA CONCEICAO SOUZA TRANSPORTES;21/07/2026;VIAGEM 436455
GWH7290;23/07/2026;5924929;Praia Grande;1500;9601.92;1243;97633.27;;;;;;;ANDREIA CRISTINA DA CONCEICAO SOUZA TRANSPORTES;23/07/2026;435919
GWH7290;11/05/2026;377945;Ribeirão Preto;2600;2579.43;444;33225.34;;;;;;;ANDREIA CRISTINA DA CONCEICAO SOUZA TRANSPORTES;12/05/2026;
GWH7290;11/05/2026;381179;Ribeirão Preto;2600;3244.295;514;41003.26;;;;;;;ANDREIA CRISTINA DA CONCEICAO SOUZA TRANSPORTES;12/05/2026;
GWH7290;15/06/2026;5762662;Ribeirão Preto;2600;11001.088;1034;105806.06;;;;;;;ANDREIA CRISTINA DA CONCEICAO SOUZA TRANSPORTES;13/06/2026;VIAGEM 412764
LVF0827;30/04/2026;375866;Rio Claro;2000;6893.151;1007;82797.9;;;;;;;ANDREIA CRISTINA DA CONCEICAO SOUZA TRANSPORTES;01/05/2026;
MFZ9H20;17/04/2026;340425;Santo André;;12600;1000;88800;;;;;;;ANDREIA CRISTINA DA CONCEICAO SOUZA TRANSPORTES;18/04/2026;
GWH7290;26/06/2026;5808984;Santo André;1300;7310.972;1326;79188.21;;;;;;;ANDREIA CRISTINA DA CONCEICAO SOUZA TRANSPORTES;25/06/2026;VIAGEM 429633
GWH7290;08/07/2026;5854985;Santo André;1300;5884.95;1348;82768.8;;;;;;;ANDREIA CRISTINA DA CONCEICAO SOUZA TRANSPORTES;08/07/2026;VIAGEM 433260
GWH7290;13/07/2026;5870151;Santo André;1300;11340;900;79920;;;;;;;ANDREIA CRISTINA DA CONCEICAO SOUZA TRANSPORTES;11/07/2026;VIAGEM 433262
GWH7290;15/07/2026;5883495;Santo André;1300;5339.625;695;49116.12;;;;;;;ANDREIA CRISTINA DA CONCEICAO SOUZA TRANSPORTES;15/07/2026;VIAGEM 435173
GWH7290;05/08/2026;5971535;Santo André;1300;6041.7;1195;90858;;;;;;;ANDREIA CRISTINA DA CONCEICAO SOUZA TRANSPORTES;05/08/2026;MARCELO JESUS 437843
MFZ9H20;21/04/2026;348575;Santos;1500;4893.905;622;50269.39;;;;;;;ANDREIA CRISTINA DA CONCEICAO SOUZA TRANSPORTES;23/04/2026;
AAA1119;24/04/2026;5579567;Santos;1500;7478.826;955;86198.88;;;;;;;ANDREIA CRISTINA DA CONCEICAO SOUZA TRANSPORTES;24/04/2026;viagem 358867
AAA1119;24/04/2026;358867;Santos;1500;7478.826;955;86198.88;;;;;;;ANDREIA CRISTINA DA CONCEICAO SOUZA TRANSPORTES;25/04/2026;
GWH7290;09/07/2026;5860640;Santos;1500;4496.865;480;41999.32;;;;;;;ANDREIA CRISTINA DA CONCEICAO SOUZA TRANSPORTES;09/07/2026;VIAGEM 431220
GWH7290;07/08/2026;5982121;São Caetano do Sul;1300;5810.785;621;56285.32;;;;;;;ANDREIA CRISTINA DA CONCEICAO SOUZA TRANSPORTES;07/08/2026;Viagem: 436008
MFZ9H20;18/04/2026;345276;São Paulo;1300;9547.2;1020;99594.64;;;;;;;ANDREIA CRISTINA DA CONCEICAO SOUZA TRANSPORTES;19/04/2026;
GWH7290;22/04/2026;345770;São Paulo;1300;7044.71;876;76311.75;;;;;;;ANDREIA CRISTINA DA CONCEICAO SOUZA TRANSPORTES;23/04/2026;
GWH7290;21/04/2026;359531;São Paulo;1300;6552.417;608;57728.28;;;;;;;ANDREIA CRISTINA DA CONCEICAO SOUZA TRANSPORTES;23/04/2026;
AAA1119;24/04/2026;341152;São Paulo;1300;3336.51;409;35616.24;;;;;;;ANDREIA CRISTINA DA CONCEICAO SOUZA TRANSPORTES;24/04/2026;
AAA1119;24/04/2026;341877;São Paulo;1300;5475.932;565;55151.36;;;;;;;ANDREIA CRISTINA DA CONCEICAO SOUZA TRANSPORTES;24/04/2026;
MFZ9H20;25/04/2026;357155;São Paulo;1300;7120.865;604;64005.5;;;;;;;ANDREIA CRISTINA DA CONCEICAO SOUZA TRANSPORTES;25/04/2026;
GWH7290;29/04/2026;369669;São Paulo;1300;9099.217;1051;99631.26;;;;;;;ANDREIA CRISTINA DA CONCEICAO SOUZA TRANSPORTES;29/04/2026;
GWH7290;16/05/2026;369641;São Paulo;1300;9969.047;1357;114829.22;;;;;;;ANDREIA CRISTINA DA CONCEICAO SOUZA TRANSPORTES;16/05/2026;
AAA1119;15/05/2026;387635;São Paulo;1300;8115.752;779;68319.93;;;;;;;ANDREIA CRISTINA DA CONCEICAO SOUZA TRANSPORTES;16/05/2026;
GWH7290;16/05/2026;5656367;São Paulo;1300;5820.315;981;77757.08;;;;;;;ANDREIA CRISTINA DA CONCEICAO SOUZA TRANSPORTES;16/05/2026;
GWH7290;16/05/2026;371236;São Paulo;1300;5820.315;981;77757.08;;;;;;;ANDREIA CRISTINA DA CONCEICAO SOUZA TRANSPORTES;17/05/2026;
MFZ9H20;19/05/2026;371280;São Paulo;1300;11885.94;1515;122253.36;;;;;;;ANDREIA CRISTINA DA CONCEICAO SOUZA TRANSPORTES;20/05/2026;
GWH7290;03/06/2026;5723789;São Paulo;1300;8121.9;1142;79441.15;;;;;;;ANDREIA CRISTINA DA CONCEICAO SOUZA TRANSPORTES;03/06/2026;VIAGEM 407018
GWH7290;12/06/2026;5751695;São Paulo;1300;10257.11;1115;97565.62;;;;;;;ANDREIA CRISTINA DA CONCEICAO SOUZA TRANSPORTES;11/06/2026;MARCELO JESUS 410946
GWH7290;19/06/2026;5781214;São Paulo;1300;8584.955;936;79936.19;;;;;;;ANDREIA CRISTINA DA CONCEICAO SOUZA TRANSPORTES;18/06/2026;VIAGEM 410120
GWH7290;01/07/2026;5827981;São Paulo;1300;9945.87;925;87019.33;;;;;;;ANDREIA CRISTINA DA CONCEICAO SOUZA TRANSPORTES;01/07/2026;VIAGEM 424808
GWH7290;22/07/2026;5915128;São Paulo;1300;8687.76;1057;85149.09;;;;;;;ANDREIA CRISTINA DA CONCEICAO SOUZA TRANSPORTES;22/07/2026;IAGEM 434514
GWH7290;25/07/2026;5929796;São Paulo;1300;8379.143;998;84695.35;;;;;;;ANDREIA CRISTINA DA CONCEICAO SOUZA TRANSPORTES;25/07/2026;VIAGEM 435668
GWH7290;30/07/2026;5947929;São Paulo;1300;7181.163;812;55306.42;;;;;;;ANDREIA CRISTINA DA CONCEICAO SOUZA TRANSPORTES;30/07/2026;VIAGEM 438503
GWH7290;12/08/2026;5998210;São Paulo;1300;5363.007;574;47391.9;;;;;;;ANDREIA CRISTINA DA CONCEICAO SOUZA TRANSPORTES;11/08/2026;VIAGEM 441282
GWH7290;14/08/2026;6006799;São Paulo;1300;7430.1;600;61200;;;;;;;ANDREIA CRISTINA DA CONCEICAO SOUZA TRANSPORTES;13/08/2026;VIAGEM 437918
GWH7290;25/08/2026;6046869;São Paulo;1300;11103.079;1237;116476.49;;;;;;;ANDREIA CRISTINA DA CONCEICAO SOUZA TRANSPORTES;25/08/2026;444635
GWH7290;08/09/2026;6101385;São Paulo;1300;10263.602;1056;106721.33;;;;;;;ANDREIA CRISTINA DA CONCEICAO SOUZA TRANSPORTES;08/09/2026;Marcelo Jesus - 444636 / 445482
GWH7290;15/09/2026;6130094;São Paulo;1300;9409.645;1189;93573.33;;;;;;;ANDREIA CRISTINA DA CONCEICAO SOUZA TRANSPORTES;15/09/2026;VIAGEM - 447487
GWH7290;19/09/2026;6150044;São Paulo;1300;9959.813;1041;89526.5;;;;;;;ANDREIA CRISTINA DA CONCEICAO SOUZA TRANSPORTES;19/09/2026;VIAGEM - 447236
GWH7290;16/09/2026;6135470;São Vicente;1500;8251.235;935;77015.37;;;;;;;ANDREIA CRISTINA DA CONCEICAO SOUZA TRANSPORTES;16/09/2026;VIAGEM - 447480
GWH7290;22/09/2026;6156737;São Vicente;1500;11693.724;1398;123401.92;;;;;;;ANDREIA CRISTINA DA CONCEICAO SOUZA TRANSPORTES;22/09/2026;VIAGEM - 444601
GWH7290;15/04/2026;351380;Sumaré;1700;6491.03;710;72971.8;;;;;;;ANDREIA CRISTINA DA CONCEICAO SOUZA TRANSPORTES;16/04/2026;
GWH7290;31/07/2026;5953844;Sumaré;1700;7036.87;1110;97553.4;;;;;;;ANDREIA CRISTINA DA CONCEICAO SOUZA TRANSPORTES;31/07/2026;VIAGEM 437868
LVF0827;17/08/2026;6013634;Sumaré;1700;6787.473;671;58976.24;;;;;;;ANDREIA CRISTINA DA CONCEICAO SOUZA TRANSPORTES;14/08/2026;VIAGEM 438687
GWH7290;10/06/2026;5746952;Taboão da Serra;1300;726.32;92;5307.5;;;;;;;ANDREIA CRISTINA DA CONCEICAO SOUZA TRANSPORTES;10/06/2026;MARCELO JESUS 411975
EWR7G11;05/05/2026;371253;Americana;1250;2942.373;410;31428.33;;;;;;;APOLONIO CRISTIANO PINHEIRO FEITOSA;06/05/2026;
EWR7G11;23/06/2026;5795879;Americana;1250;3227.28;598;34643.85;;;;;;;APOLONIO CRISTIANO PINHEIRO FEITOSA;23/06/2026;VIAGEM 429167
EWR7G11;04/09/2026;6091788;Barueri;700;2615.021;280;27709.98;;;;;;;APOLONIO CRISTIANO PINHEIRO FEITOSA;04/09/2026;VIAGEM - 446103
EWR7G11;27/05/2026;5693628;Bertioga;1250;3004.331;370;20055.59;;;;;;;APOLONIO CRISTIANO PINHEIRO FEITOSA;27/05/2026;VIAGEM 398802
EWR7G11;30/04/2026;373292;Bragança Paulista;1100;252;20;2097.6;;;;;;;APOLONIO CRISTIANO PINHEIRO FEITOSA;01/05/2026;
EWR7G11;14/05/2026;387685;Campinas;1250;2550.907;409;24372.91;;;;;;;APOLONIO CRISTIANO PINHEIRO FEITOSA;15/05/2026;
EWR7G11;10/06/2026;5745795;Campinas;1250;3202.985;295;26547;;;;;;;APOLONIO CRISTIANO PINHEIRO FEITOSA;09/06/2026;VIAGEM 387586
EWR7G11;08/07/2026;5860365;Campinas;1250;2562.256;352;28509.2;;;;;;;APOLONIO CRISTIANO PINHEIRO FEITOSA;08/07/2026;430829 JETULIO
EWR7G11;15/09/2026;6129765;Campinas;1250;3758.248;398;35670.78;;;;;;;APOLONIO CRISTIANO PINHEIRO FEITOSA;14/09/2026;VIAGEM - 447212
EWR7G11;16/09/2026;6135236;Campinas;1250;3512.226;403;34090.48;;;;;;;APOLONIO CRISTIANO PINHEIRO FEITOSA;15/09/2026;VIAGEM - 447182
EWR7G11;14/09/2026;6166187;Campinas;1250;2017.595;399;31341.62;;;;;;;APOLONIO CRISTIANO PINHEIRO FEITOSA;23/09/2026;JETULIO 448893 E 448895
EWR7G11;21/05/2026;391978;Caraguatatuba;1700;2433.242;378;27404.98;;;;;;;APOLONIO CRISTIANO PINHEIRO FEITOSA;22/05/2026;
EWR7G11;16/06/2026;5768587;Caraguatatuba;1700;3374.215;324;29687.53;;;;;;;APOLONIO CRISTIANO PINHEIRO FEITOSA;15/06/2026;VIAGEM 419690
EWR7G11;07/08/2026;5983988;Caraguatatuba;1700;2972.04;240;24480;;;;;;;APOLONIO CRISTIANO PINHEIRO FEITOSA;07/08/2026;
EWR7G11;23/07/2026;5923795;Carapicuíba;700;2568.511;327;24376.13;;;;;;;APOLONIO CRISTIANO PINHEIRO FEITOSA;23/07/2026;437013
EWR7G11;31/07/2026;5953782;Diadema;700;3602.14;455;29939.68;;;;;;;APOLONIO CRISTIANO PINHEIRO FEITOSA;31/07/2026;VIAGEM 438715
EWR7G11;03/07/2026;5838184;Francisco Morato;1000;2661.364;446;30389.7;;;;;;;APOLONIO CRISTIANO PINHEIRO FEITOSA;02/07/2026;VIAGEM 432702
EWR7G11;23/05/2026;5681823;Franco da Rocha;1000;3147.388;513;33850.7;;;;;;;APOLONIO CRISTIANO PINHEIRO FEITOSA;23/05/2026;VIAGEM 395237
EWR7G11;17/04/2026;350772;Guaratinguetá;1700;3183.82;466;37362.41;;;;;;;APOLONIO CRISTIANO PINHEIRO FEITOSA;18/04/2026;
EWR7G11;20/05/2026;5671811;Guarujá;1000;3131.587;364;32285.28;;;;;;;APOLONIO CRISTIANO PINHEIRO FEITOSA;20/05/2026;VIAGEM 388818
EWR7G11;20/05/2026;388818;Guarujá;1000;3131.587;364;32285.28;;;;;;;APOLONIO CRISTIANO PINHEIRO FEITOSA;21/05/2026;
EWR7G11;01/09/2026;6075328;Guarujá;1000;3614.358;362;31330.82;;;;;;;APOLONIO CRISTIANO PINHEIRO FEITOSA;31/08/2026;VIAGEM - 445296
EWR7G11;24/07/2026;5929716;Guarulhos;700;3181.518;513;31423.6;;;;;;;APOLONIO CRISTIANO PINHEIRO FEITOSA;24/07/2026;437413
EWR7G11;14/08/2026;6008795;Hortolândia;1250;3710.64;300;30600;;;;;;;APOLONIO CRISTIANO PINHEIRO FEITOSA;13/08/2026;JETULIO
EWR7G11;25/08/2026;6046596;Indaiatuba;1250;3094.196;463;40056.79;;;;;;;APOLONIO CRISTIANO PINHEIRO FEITOSA;24/08/2026;VIAGEM - 444177
EWR7G11;21/07/2026;5914355;Itanhaém;1250;1837.942;346;21316.27;;;;;;;APOLONIO CRISTIANO PINHEIRO FEITOSA;21/07/2026;436561
EWR7G11;07/08/2026;5980036;Itanhaém;1250;3710.64;300;30600;;;;;;;APOLONIO CRISTIANO PINHEIRO FEITOSA;06/08/2026;JETULIO MENDES 437978
EWR7G11;31/08/2026;6067908;Itanhaém;1250;3285.932;608;39175.57;;;;;;;APOLONIO CRISTIANO PINHEIRO FEITOSA;28/08/2026;VIAGEM - 442958
EWR7G11;11/05/2026;376592;Itapecerica da Serra;700;3024;240;29952;;;;;;;APOLONIO CRISTIANO PINHEIRO FEITOSA;12/05/2026;
EWR7G11;22/04/2026;358868;Itaquaquecetuba;900;3328.94;307;32411.48;;;;;;;APOLONIO CRISTIANO PINHEIRO FEITOSA;24/04/2026;
EWR7G11;12/08/2026;5998017;Itaquaquecetuba;1000;3551.715;469;41431.72;;;;;;;APOLONIO CRISTIANO PINHEIRO FEITOSA;11/08/2026;JETULIO
EWR7G11;03/09/2026;6085984;Itu;1250;2779.225;377;30922.17;;;;;;;APOLONIO CRISTIANO PINHEIRO FEITOSA;02/09/2026;VIAGEM - 445654
EWR7G11;04/06/2026;5729142;Jacareí;1250;3252.09;410;31753.99;;;;;;;APOLONIO CRISTIANO PINHEIRO FEITOSA;04/06/2026;VIAGEM 387603
EWR7G11;17/08/2026;6013731;Jaguariúna;1250;1947.858;169;16073.54;;;;;;;APOLONIO CRISTIANO PINHEIRO FEITOSA;14/08/2026;JETULIO
EWR7G11;18/05/2026;5662498;Jundiaí;1000;3432.432;348;33790.4;;;;;;;APOLONIO CRISTIANO PINHEIRO FEITOSA;18/05/2026;VIAGEM 376725
EWR7G11;18/05/2026;376725;Jundiaí;1000;3432.432;348;33790.4;;;;;;;APOLONIO CRISTIANO PINHEIRO FEITOSA;19/05/2026;
EWR7G11;19/05/2026;376462;Jundiaí;1000;2239.66;391;31395.09;;;;;;;APOLONIO CRISTIANO PINHEIRO FEITOSA;20/05/2026;
EWR7G11;09/06/2026;5740688;Jundiaí;1000;114.336;27;2361.46;;;;;;;APOLONIO CRISTIANO PINHEIRO FEITOSA;09/06/2026;VIAGEM 409757
EWR7G11;07/05/2026;371234;Limeira;1450;3128.285;542;37677.07;;;;;;;APOLONIO CRISTIANO PINHEIRO FEITOSA;08/05/2026;
EWR7G11;04/08/2026;5970295;Mauá;700;3322.658;593;41125.05;;;;;;;APOLONIO CRISTIANO PINHEIRO FEITOSA;04/08/2026;435696
EWR7G11;12/08/2026;6003310;Mogi das Cruzes;1000;2866.732;550;19694.76;;;;;;;APOLONIO CRISTIANO PINHEIRO FEITOSA;12/08/2026;441.512
EWR7G11;09/09/2026;6104405;Mogi das Cruzes;1000;781.374;164;10579.3;;;;;;;APOLONIO CRISTIANO PINHEIRO FEITOSA;08/09/2026;VIAGEM - 447641
EWR7G11;03/08/2026;5965732;Mogi Mirim;1450;2861.64;240;26733.6;;;;;;;APOLONIO CRISTIANO PINHEIRO FEITOSA;03/08/2026;438765
EWR7G11;02/06/2026;5718259;Mongaguá;1000;3298.713;399;32197.07;;;;;;;APOLONIO CRISTIANO PINHEIRO FEITOSA;02/06/2026;VIAGEM 407221
EWR7G11;10/07/2026;5869643;Osasco;700;2354.55;192;17618.1;;;;;;;APOLONIO CRISTIANO PINHEIRO FEITOSA;10/07/2026;430879 JETULIO
EWR7G11;10/09/2026;6110948;Osasco;700;3128.821;572;43209.79;;;;;;;APOLONIO CRISTIANO PINHEIRO FEITOSA;09/09/2026;VIAGEM - 444930
EWR7G11;28/07/2026;5936903;Pilar do Sul;1450;2627.116;351;30977.13;;;;;;;APOLONIO CRISTIANO PINHEIRO FEITOSA;28/07/2026;437637
EWR7G11;11/09/2026;6116533;Piracicaba;1450;3474.16;413;36511.24;;;;;;;APOLONIO CRISTIANO PINHEIRO FEITOSA;10/09/2026;Jetulio - 447453
EWR7G11;30/06/2026;5821066;Praia Grande;1000;3400.204;599;37911.86;;;;;;;APOLONIO CRISTIANO PINHEIRO FEITOSA;30/06/2026;VIAGEM 414812
EWR7G11;11/08/2026;5992557;Praia Grande;1000;3737.1;300;30600;;;;;;;APOLONIO CRISTIANO PINHEIRO FEITOSA;10/08/2026;VIAGEM 437977
EWR7G11;23/04/2026;364713;Rafard;;3338.899;702;49649.48;;;;;;;APOLONIO CRISTIANO PINHEIRO FEITOSA;25/04/2026;
EWR7G11;20/04/2026;361676;Registro;1400;2767.376;414;30747.04;;;;;;;APOLONIO CRISTIANO PINHEIRO FEITOSA;23/04/2026;
EWR7G11;28/04/2026;368576;Santa Bárbara d'Oeste;;3667.675;565;31123.64;;;;;;;APOLONIO CRISTIANO PINHEIRO FEITOSA;29/04/2026;
EWR7G11;29/06/2026;5811727;Santa Bárbara d'Oeste;1450;3677.38;475;27857.4;;;;;;;APOLONIO CRISTIANO PINHEIRO FEITOSA;26/06/2026;JETULIO 430499
EWR7G11;03/08/2026;5961328;Santa Bárbara d'Oeste;1450;2980.86;240;24480;;;;;;;APOLONIO CRISTIANO PINHEIRO FEITOSA;03/08/2026;JETULIO MENDES 437988
EWR7G11;25/05/2026;5688393;Santos;1000;3179.226;495;25935.12;;;;;;;APOLONIO CRISTIANO PINHEIRO FEITOSA;25/05/2026;VIAGEM 398769
EWR7G11;18/08/2026;6020006;Santos;1000;3142.59;510;37159.4;;;;;;;APOLONIO CRISTIANO PINHEIRO FEITOSA;17/08/2026;JETULIO
EWR7G11;26/08/2026;6051784;São Bernardo do Campo;700;2831.766;372;23207.45;;;;;;;APOLONIO CRISTIANO PINHEIRO FEITOSA;25/08/2026;VIAGEM - 444715
EWR7G11;15/06/2026;5760610;São Carlos;1900;3480.81;347;32789.1;;;;;;;APOLONIO CRISTIANO PINHEIRO FEITOSA;12/06/2026;VIAGEM 411976
EWR7G11;24/04/2026;345242;São José dos Campos;1100;3376.569;343;34395.19;;;;;;;APOLONIO CRISTIANO PINHEIRO FEITOSA;25/04/2026;
EWR7G11;11/06/2026;5751359;São José dos Campos;1250;3243.95;500;39156.53;;;;;;;APOLONIO CRISTIANO PINHEIRO FEITOSA;11/06/2026;VIAGEM 411992
EWR7G11;21/08/2026;6039377;São José dos Campos;1250;3242.029;288;27891.9;;;;;;;APOLONIO CRISTIANO PINHEIRO FEITOSA;21/08/2026;442.889
EWR7G11;03/06/2026;5723610;São Miguel Arcanjo;1450;2374.674;343;24882.13;;;;;;;APOLONIO CRISTIANO PINHEIRO FEITOSA;03/06/2026;VIAGEM 408702
EWR7G11;01/05/2026;369794;São Paulo;700;2176.154;440;32523.45;;;;;;;APOLONIO CRISTIANO PINHEIRO FEITOSA;01/05/2026;
EWR7G11;09/05/2026;383556;São Paulo;700;3478.414;412;28958.35;;;;;;;APOLONIO CRISTIANO PINHEIRO FEITOSA;12/05/2026;
EWR7G11;13/05/2026;385878;São Paulo;700;3333.4;278;28489.6;;;;;;;APOLONIO CRISTIANO PINHEIRO FEITOSA;14/05/2026;
EWR7G11;15/05/2026;5655257;São Paulo;;2328.472;486;29703.63;;;;;;;APOLONIO CRISTIANO PINHEIRO FEITOSA;15/05/2026;
EWR7G11;15/05/2026;384942;São Paulo;;2328.472;486;29703.63;;;;;;;APOLONIO CRISTIANO PINHEIRO FEITOSA;16/05/2026;
EWR7G11;18/05/2026;389430;São Paulo;700;180.944;37;2195.66;;;;;;;APOLONIO CRISTIANO PINHEIRO FEITOSA;19/05/2026;
EWR7G11;28/05/2026;5704672;São Paulo;700;2716.341;300;26139.2;;;;;;;APOLONIO CRISTIANO PINHEIRO FEITOSA;28/05/2026;VIAGEM 403454
EWR7G11;08/06/2026;5734381;São Paulo;700;3505.098;454;31427.91;;;;;;;APOLONIO CRISTIANO PINHEIRO FEITOSA;06/06/2026;VIAGEM 412564
EWR7G11;12/06/2026;5754764;São Paulo;700;3230.981;405;26018.92;;;;;;;APOLONIO CRISTIANO PINHEIRO FEITOSA;11/06/2026;JETULIO SILVA 414711
EWR7G11;18/06/2026;5784067;São Paulo;700;3346.122;266;25550.4;;;;;;;APOLONIO CRISTIANO PINHEIRO FEITOSA;19/06/2026;VIAGEM 422210
EWR7G11;25/06/2026;5803735;São Paulo;700;4069.934;767;47241.69;;;;;;;APOLONIO CRISTIANO PINHEIRO FEITOSA;24/06/2026;VIAGEM 427611
EWR7G11;01/07/2026;5823300;São Paulo;700;4021.004;497;38297.37;;;;;;;APOLONIO CRISTIANO PINHEIRO FEITOSA;30/06/2026;JETULIO 414814
EWR7G11;06/07/2026;5849533;São Paulo;700;3804.07;465;39932.64;;;;;;;APOLONIO CRISTIANO PINHEIRO FEITOSA;06/07/2026;430024
EWR7G11;13/07/2026;5876965;São Paulo;700;2561.333;499;36425.33;;;;;;;APOLONIO CRISTIANO PINHEIRO FEITOSA;13/07/2026;430823/434588
EWR7G11;16/07/2026;5895856;São Paulo;700;1136.697;352;28757.8;;;;;;;APOLONIO CRISTIANO PINHEIRO FEITOSA;16/07/2026;435732
EWR7G11;20/07/2026;5905236;São Paulo;700;3898.39;320;29558.4;;;;;;;APOLONIO CRISTIANO PINHEIRO FEITOSA;20/07/2026;JETULIO MENDES 436025
EWR7G11;30/07/2026;5947519;São Paulo;700;3371.351;490;35863.48;;;;;;;APOLONIO CRISTIANO PINHEIRO FEITOSA;30/07/2026;437657
EWR7G11;20/08/2026;6030326;São Paulo;700;2750.537;323;22722.81;;;;;;;APOLONIO CRISTIANO PINHEIRO FEITOSA;19/08/2026;JETULIO
EWR7G11;28/08/2026;6062568;São Paulo;700;2732.599;275;24555.24;;;;;;;APOLONIO CRISTIANO PINHEIRO FEITOSA;27/08/2026;VIAGEM - 444995
EWR7G11;02/09/2026;6080131;São Paulo;700;3659.184;723;45880.81;;;;;;;APOLONIO CRISTIANO PINHEIRO FEITOSA;01/09/2026;VIAGEM - 442960
EWR7G11;08/09/2026;6102284;São Paulo;700;3076.95;405;32830.71;;;;;;;APOLONIO CRISTIANO PINHEIRO FEITOSA;08/09/2026;VIAGEM - 447298
EWR7G11;30/05/2026;5711213;São Vicente;1000;2634.382;550;34526.45;;;;;;;APOLONIO CRISTIANO PINHEIRO FEITOSA;30/05/2026;viagem 404742
EWR7G11;04/05/2026;371643;Sorocaba;1250;2846.117;351;23585.9;;;;;;;APOLONIO CRISTIANO PINHEIRO FEITOSA;06/05/2026;
EWR7G11;26/06/2026;5808625;Sorocaba;1250;1328.56;115;11018.4;;;;;;;APOLONIO CRISTIANO PINHEIRO FEITOSA;25/06/2026;VIAGEM 410087
EWR7G11;21/07/2026;5909306;Sorocaba;1250;3349.59;315;27283.29;;;;;;;APOLONIO CRISTIANO PINHEIRO FEITOSA;21/07/2026;VIAGEM 430883
EWR7G11;29/07/2026;5942116;Sumaré;1250;3244.546;261;26557.44;;;;;;;APOLONIO CRISTIANO PINHEIRO FEITOSA;29/07/2026;VIAGEM 438143
EWR7G11;22/07/2026;5919649;Taboão da Serra;700;3366.36;408;34496.66;;;;;;;APOLONIO CRISTIANO PINHEIRO FEITOSA;22/07/2026;435934
EWR7G11;20/08/2026;6032956;Tatuí;1450;1121.401;93;8421.12;;;;;;;APOLONIO CRISTIANO PINHEIRO FEITOSA;20/08/2026;443.486
EWR7G11;28/04/2026;356213;Taubaté;;3630.26;619;42177.63;;;;;;;APOLONIO CRISTIANO PINHEIRO FEITOSA;29/04/2026;
EWR7G11;06/08/2026;5977381;Taubaté;1450;3259.976;463;37321.01;;;;;;;APOLONIO CRISTIANO PINHEIRO FEITOSA;06/08/2026;JETULIO MENDES - 436900
EWR7G11;29/04/2026;373195;Vargem;1100;72.407;23;1744.58;;;;;;;APOLONIO CRISTIANO PINHEIRO FEITOSA;30/04/2026;
EWR7G11;06/05/2026;371252;Várzea Paulista;1000;3062.885;409;33159.76;;;;;;;APOLONIO CRISTIANO PINHEIRO FEITOSA;08/05/2026;
EIA3F10;24/09/2026;6166871;Americana;800;795.145;99;9111.3;;;;;;;ERIVALDO SILVA DE ARAUJO;23/09/2026;VIAGEM - 452948/452949
EIA3F10;16/09/2026;6135217;Barueri;500;1307.721;130;12896.32;;;;;;;ERIVALDO SILVA DE ARAUJO;15/09/2026;VIAGEM - 449631
EIA3F10;22/05/2026;5681271;Bragança Paulista;800;992.571;205;11261.1;;;;;;;ERIVALDO SILVA DE ARAUJO;22/05/2026;VIAGEM 396227
EIA3F10;26/08/2026;6056686;Cabreúva;800;658.363;117;7074.18;;;;;;;ERIVALDO SILVA DE ARAUJO;26/08/2026;444.953
EIA3F10;15/09/2026;6129741;Caçapava;950;1177.332;101;11196;;;;;;;ERIVALDO SILVA DE ARAUJO;14/09/2026;VIAGEM - 448220
EIA3F10;17/04/2026;359434;Cajamar;700;229.082;50;4503.82;;;;;;;ERIVALDO SILVA DE ARAUJO;18/04/2026;
EIA3F10;14/04/2026;357617;Campinas;900;131.009;13;1324.77;;;;;;;ERIVALDO SILVA DE ARAUJO;15/04/2026;
EIA3F10;06/05/2026;378968;Campinas;800;758.398;104;9436.69;;;;;;;ERIVALDO SILVA DE ARAUJO;07/05/2026;
EIA3F10;07/05/2026;383425;Campinas;800;619.017;98;6180.22;;;;;;;ERIVALDO SILVA DE ARAUJO;08/05/2026;
EIA3F10;14/09/2026;6122369;Campinas;800;1178.537;230;17544.6;;;;;;;ERIVALDO SILVA DE ARAUJO;11/09/2026;VIAGEM - 448736/448737
EIA3F10;16/07/2026;5896035;Carapicuíba;500;1404.375;111;9705.3;;;;;;;ERIVALDO SILVA DE ARAUJO;16/07/2026;430881
EIA3F10;31/08/2026;6072543;Diadema;500;1348.517;150;9638.3;;;;;;;ERIVALDO SILVA DE ARAUJO;31/08/2026;Viagem - 445214
EIA3F10;25/05/2026;5687131;Embu-Guaçu;;500.966;70;5198.88;;;;;;;ERIVALDO SILVA DE ARAUJO;25/05/2026;VIAGEM 398636
EIA3F10;24/07/2026;5929714;Ferraz de Vasconcelos;500;890.883;97;7719.54;;;;;;;ERIVALDO SILVA DE ARAUJO;24/07/2026;437412
EIA3F10;26/08/2026;6051844;Guarujá;700;1331.191;192;15317.67;;;;;;;ERIVALDO SILVA DE ARAUJO;25/08/2026;VIAGEM - 444787
EIA3F10;10/09/2026;6111121;Guarujá;700;1341.579;124;11788.7;;;;;;;ERIVALDO SILVA DE ARAUJO;09/09/2026;VIAGEM - 448140
EIA3F10;04/05/2026;377056;Guarulhos;500;1171.125;140;12919.3;;;;;;;ERIVALDO SILVA DE ARAUJO;06/05/2026;
EIA3F10;12/05/2026;385876;Guarulhos;500;1286.046;119;11724.98;;;;;;;ERIVALDO SILVA DE ARAUJO;13/05/2026;
EIA3F10;04/09/2026;6091781;Itanhaém;800;807.997;162;11324.1;;;;;;;ERIVALDO SILVA DE ARAUJO;03/09/2026;VIAGEM - 446270
EIA3F10;09/09/2026;6104546;Itapevi;700;874.62;75;7310.4;;;;;;;ERIVALDO SILVA DE ARAUJO;08/09/2026;VIAGEM 447649
EIA3F10;21/05/2026;395404;Itaquaquecetuba;700;1104.033;227;14049.96;;;;;;;ERIVALDO SILVA DE ARAUJO;22/05/2026;
EIA3F10;03/06/2026;5722915;Jandira;500;1061.128;165;13318.27;;;;;;;ERIVALDO SILVA DE ARAUJO;02/06/2026;VIAGEM 409295
EIA3F10;15/05/2026;383291;Juquitiba;700;1497.328;180;15675.57;;;;;;;ERIVALDO SILVA DE ARAUJO;16/05/2026;
EIA3F10;17/08/2026;6013164;Mairiporã;700;897.674;129;10554.8;;;;;;;ERIVALDO SILVA DE ARAUJO;14/08/2026;VIAGEM 442074
EIA3F10;02/09/2026;6080019;Mauá;500;1409.263;158;13818.93;;;;;;;ERIVALDO SILVA DE ARAUJO;01/09/2026;VIAGEM - 445343
EIA3F10;21/08/2026;6035263;Osasco;500;1052.222;134;13217.55;;;;;;;ERIVALDO SILVA DE ARAUJO;21/08/2026;VIAGEM 443583
EIA3F10;28/07/2026;5936904;Piracicaba;950;628.018;89;6842.96;;;;;;;ERIVALDO SILVA DE ARAUJO;28/07/2026;437675
EIA3F10;06/08/2026;5981680;Praia Grande;700;1309.79;192;13308.76;;;;;;;ERIVALDO SILVA DE ARAUJO;06/08/2026;439.938
EIA3F10;18/09/2026;6145607;Ribeirão Pires;500;65.475;30;1584.11;;;;;;;ERIVALDO SILVA DE ARAUJO;18/09/2026;VIAGEM - 450758
EIA3F10;21/09/2026;6150403;Santa Isabel;800;1217.376;198;17940.14;;;;;;;ERIVALDO SILVA DE ARAUJO;19/09/2026;VIAGEM 450862
EIA3F10;03/09/2026;6085990;Santana de Parnaíba;700;867.914;142;12138.89;;;;;;;ERIVALDO SILVA DE ARAUJO;02/09/2026;VIAGEM - 445487
EIA3F10;10/08/2026;5989974;Santo André;500;1177.247;165;14355.14;;;;;;;ERIVALDO SILVA DE ARAUJO;10/08/2026;440.915
EIA3F10;23/04/2026;358861;São Bernardo do Campo;500;543.455;123;5753.88;;;;;;;ERIVALDO SILVA DE ARAUJO;24/04/2026;
EIA3F10;23/04/2026;366396;São Bernardo do Campo;500;106.563;12;1616.4;;;;;;;ERIVALDO SILVA DE ARAUJO;24/04/2026;
EIA3F10;28/04/2026;370421;São Bernardo do Campo;500;539.449;90;6253.63;;;;;;;ERIVALDO SILVA DE ARAUJO;29/04/2026;
EIA3F10;26/06/2026;5807125;São Bernardo do Campo;500;1514.96;194;12717.39;;;;;;;ERIVALDO SILVA DE ARAUJO;25/06/2026;VIAGEM 430497
EIA3F10;23/07/2026;5924936;São Bernardo do Campo;500;812.79;139;9396.59;;;;;;;ERIVALDO SILVA DE ARAUJO;23/07/2026;436867
EIA3F10;01/08/2026;5959522;São Bernardo do Campo;500;1130.726;187;10943.37;;;;;;;ERIVALDO SILVA DE ARAUJO;01/08/2026;VIAGEM 438720
EIA3F10;18/08/2026;6019189;São Bernardo do Campo;500;503.396;141;13817.35;;;;;;;ERIVALDO SILVA DE ARAUJO;17/08/2026;VIAGEM 442089
EIA3F10;13/04/2026;354781;São Paulo;500;151.103;45;2666.33;;;;;;;ERIVALDO SILVA DE ARAUJO;14/04/2026;
EIA3F10;20/04/2026;359539;São Paulo;500;1563.935;260;18327.7;;;;;;;ERIVALDO SILVA DE ARAUJO;21/04/2026;
EIA3F10;22/04/2026;355209;São Paulo;500;722.54;114;6876.53;;;;;;;ERIVALDO SILVA DE ARAUJO;24/04/2026;
EIA3F10;27/04/2026;367451;São Paulo;500;869.893;143;9812.53;;;;;;;ERIVALDO SILVA DE ARAUJO;28/04/2026;
EIA3F10;27/04/2026;368014;São Paulo;500;332.417;65;4429.8;;;;;;;ERIVALDO SILVA DE ARAUJO;28/04/2026;
EIA3F10;29/04/2026;371081;São Paulo;500;704.551;99;8022.93;;;;;;;ERIVALDO SILVA DE ARAUJO;30/04/2026;
EIA3F10;11/05/2026;380057;São Paulo;500;782.264;498;24008.67;;;;;;;ERIVALDO SILVA DE ARAUJO;12/05/2026;
ELA3F10;19/05/2026;5664146;São Paulo;500;1569.976;215;17209.5;;;;;;;ERIVALDO SILVA DE ARAUJO;19/05/2026;VIAGEM 388811
EIA3F10;19/05/2026;388811;São Paulo;500;1582.433;216;17327.22;;;;;;;ERIVALDO SILVA DE ARAUJO;20/05/2026;
EIA3F10;26/05/2026;5693246;São Paulo;500;949.1;80;8596.08;;;;;;;ERIVALDO SILVA DE ARAUJO;26/05/2026;VIAGEM 399462
EIA3F10;02/06/2026;5715578;São Paulo;500;1448.405;249;12727.47;;;;;;;ERIVALDO SILVA DE ARAUJO;01/06/2026;VIAGEM 407877
EIA3F10;09/06/2026;5738533;São Paulo;500;1378.916;237;16739.7;;;;;;;ERIVALDO SILVA DE ARAUJO;08/06/2026;Viagem 412166
EIA3F10;11/06/2026;5751070;São Paulo;500;1401.807;153;12742.27;;;;;;;ERIVALDO SILVA DE ARAUJO;10/06/2026;VIAGEM 414279
EIA3F10;15/06/2026;5761916;São Paulo;500;1127.79;171;12980.34;;;;;;;ERIVALDO SILVA DE ARAUJO;12/06/2026;VIAGEM 411996
EIA3F10;16/06/2026;5768556;São Paulo;500;990.448;101;10065.31;;;;;;;ERIVALDO SILVA DE ARAUJO;15/06/2026;VIAGEM 416952
EIA3F10;18/06/2026;5779471;São Paulo;500;684.463;124;8519.34;;;;;;;ERIVALDO SILVA DE ARAUJO;18/06/2026;VIAGEM 423089
EIA3F10;22/06/2026;5788410;São Paulo;500;1343.567;127;9239.4;;;;;;;ERIVALDO SILVA DE ARAUJO;19/06/2026;VIAGEM 427314
EIA3F10;29/06/2026;5813458;São Paulo;500;1189.085;287;15394.47;;;;;;;ERIVALDO SILVA DE ARAUJO;26/06/2026;VIAGEM 430027
EIA3F10;03/07/2026;5837826;São Paulo;500;1417.252;168;12204.61;;;;;;;ERIVALDO SILVA DE ARAUJO;02/07/2026;VIAGEM 432301
EIA3F10;06/07/2026;5843337;São Paulo;500;834.856;86;7209.63;;;;;;;ERIVALDO SILVA DE ARAUJO;04/07/2026;VIAGEM 433055
EIA3F10;06/07/2026;5849648;São Paulo;500;1169.329;196;14795.59;;;;;;;ERIVALDO SILVA DE ARAUJO;06/07/2026;433290
EIA3F10;10/07/2026;5869911;São Paulo;500;768.268;134;11991.16;;;;;;;ERIVALDO SILVA DE ARAUJO;10/07/2026;433752
EIA3F10;13/07/2026;5876996;São Paulo;500;1486.364;376;23507.87;;;;;;;ERIVALDO SILVA DE ARAUJO;13/07/2026;434883
EIA3F10;14/07/2026;5882314;São Paulo;500;1212.507;93;12845.16;;;;;;;ERIVALDO SILVA DE ARAUJO;14/07/2026;434979
EIA3F10;16/07/2026;5889853;São Paulo;500;902.557;190;11898.11;;;;;;;ERIVALDO SILVA DE ARAUJO;16/07/2026;VIAGEM 435461
EIA3F10;18/07/2026;5902513;São Paulo;500;752.66;129;11796.37;;;;;;;ERIVALDO SILVA DE ARAUJO;18/07/2026;VIAGEM 436032
EIA3F10;28/07/2026;5941793;São Paulo;500;1246.206;142;13531.96;;;;;;;ERIVALDO SILVA DE ARAUJO;28/07/2026;437812
EIA3F10;30/07/2026;5952497;São Paulo;500;1317.655;181;15432.74;;;;;;;ERIVALDO SILVA DE ARAUJO;30/07/2026;438668
EIA3F10;07/08/2026;5984259;São Paulo;500;1464.427;173;16093.92;;;;;;;ERIVALDO SILVA DE ARAUJO;07/08/2026;VIAGEM 440148
EIA3F10;11/08/2026;5996104;São Paulo;500;1364.455;159;13603.2;;;;;;;ERIVALDO SILVA DE ARAUJO;11/08/2026;440.973
EIA3F10;19/08/2026;6025669;São Paulo;500;1152.107;146;13751.07;;;;;;;ERIVALDO SILVA DE ARAUJO;18/08/2026;VIAGEM 442693
EIA3F10;20/08/2026;6030369;São Paulo;500;1026.445;147;11831.09;;;;;;;ERIVALDO SILVA DE ARAUJO;19/08/2026;VIAGEM 442994
EIA3F10;21/08/2026;6039864;São Paulo;500;1579.214;154;14742.56;;;;;;;ERIVALDO SILVA DE ARAUJO;21/08/2026;443.829
EIA3F10;25/08/2026;6046556;São Paulo;500;1076.575;140;11819.2;;;;;;;ERIVALDO SILVA DE ARAUJO;24/08/2026;VIAGEM - 444582
EIA3F10;08/09/2026;6099747;São Paulo;500;1285.715;149;13048.76;;;;;;;ERIVALDO SILVA DE ARAUJO;07/09/2026;VIAGEM - 446981
EIA3F10;11/09/2026;6116732;São Paulo;500;1247.626;176;16137.2;;;;;;;ERIVALDO SILVA DE ARAUJO;10/09/2026;VIAGEM - 448187/448466
EIA3F10;17/09/2026;6140445;São Paulo;500;1128.251;202;15816.95;;;;;;;ERIVALDO SILVA DE ARAUJO;16/09/2026;VIAGEM - 450058
EIA3F10;22/09/2026;6156736;São Paulo;500;1017.9;1850;64602.01;;;;;;;ERIVALDO SILVA DE ARAUJO;22/09/2026;VIAGEM - 448741
EIA3F10;23/09/2026;6161849;São Paulo;500;920.896;89;8861.25;;;;;;;ERIVALDO SILVA DE ARAUJO;22/09/2026;VIAGEM - 452340
EIA3F10;30/05/2026;5710880;São Vicente;700;1097.681;239;15208.19;;;;;;;ERIVALDO SILVA DE ARAUJO;30/05/2026;VIAGEM 400814
EIA3F10;05/06/2026;5728732;Sorocaba;800;962.432;133;11662.29;;;;;;;ERIVALDO SILVA DE ARAUJO;03/06/2026;VIAGEM 408900
EIA3F10;12/06/2026;5754583;Sorocaba;800;1123.92;215;7989.8;;;;;;;ERIVALDO SILVA DE ARAUJO;11/06/2026;VIAGEM 419229
EIA3F10;02/07/2026;5832923;Sorocaba;800;1585.455;142;12238;;;;;;;ERIVALDO SILVA DE ARAUJO;01/07/2026;VIAGEM 431417
EIA3F10;20/07/2026;5908868;Sorocaba;800;1616.52;140;14771.8;;;;;;;ERIVALDO SILVA DE ARAUJO;20/07/2026;435590
EIA3F10;04/08/2026;5970800;Sorocaba;800;1018.836;103;10292.69;;;;;;;ERIVALDO SILVA DE ARAUJO;04/08/2026;439129
EIA3F10;22/07/2026;5917302;Sumaré;800;1453.51;132;14839.32;;;;;;;ERIVALDO SILVA DE ARAUJO;22/07/2026;436.779
EIA3F10;13/05/2026;385870;Suzano;700;1374.679;161;14717.75;;;;;;;ERIVALDO SILVA DE ARAUJO;14/05/2026;
EIA3F10;29/07/2026;5947274;Suzano;700;1491.841;230;14307.36;;;;;;;ERIVALDO SILVA DE ARAUJO;29/07/2026;438.323
EIA3F10;16/04/2026;5558381;Taboão da Serra;500;719.373;138;10283.5;;;;;;;ERIVALDO SILVA DE ARAUJO;16/04/2026;Viagem 359828
EIA3F10;16/04/2026;359795;Taboão da Serra;500;719.373;138;10283.5;;;;;;;ERIVALDO SILVA DE ARAUJO;17/04/2026;
EIA3F10;16/04/2026;359828;Taboão da Serra;500;546.352;33;4699.08;;;;;;;ERIVALDO SILVA DE ARAUJO;18/04/2026;
EIA3F10;28/05/2026;5701310;Várzea Paulista;700;574.152;65;7606.4;;;;;;;ERIVALDO SILVA DE ARAUJO;28/05/2026;VIAGEM 404213
EIA3F10;10/06/2026;5746738;Votorantim;800;1242.823;101;10902.4;;;;;;;ERIVALDO SILVA DE ARAUJO;10/06/2026;viagem 412761
DUG0A42;23/07/2026;5919923;Americana;800;869.649;126;9974.06;;;;;;;FELIPE APARECIDO SILVA;23/07/2026;VIAGEM 437007
DUG0A42;28/08/2026;6062460;Atibaia;700;576.833;135;13003.92;;;;;;;FELIPE APARECIDO SILVA;27/08/2026;VIAGEM - 444964
DUG0A42;16/07/2026;5888774;Bragança Paulista;800;1031.431;231;15303.5;;;;;;;FELIPE APARECIDO SILVA;15/07/2026;felipe 435.491
DUG0A42;08/06/2026;5734361;Campinas;800;1036.007;128;13045.19;;;;;;;FELIPE APARECIDO SILVA;06/06/2026;VIAGEM 412299
DUG0A42;17/06/2026;5773694;Campinas;800;1344.957;232;16861.8;;;;;;;FELIPE APARECIDO SILVA;16/06/2026;VIAGEM 422363
DUG0A42;04/09/2026;6166486;Campinas;800;1013.602;101;10338.65;;;;;;;FELIPE APARECIDO SILVA;23/09/2026;Felipe - 445452
DUG0A42;29/06/2026;5814497;Carapicuíba;500;1370.599;113;11090.04;;;;;;;FELIPE APARECIDO SILVA;27/06/2026;VIAGEM 431216
DUG0A42;26/06/2026;5809213;Cotia;500;634.02;109;8251.64;;;;;;;FELIPE APARECIDO SILVA;26/06/2026;VIAGEM  430415 E 430003
DUG0A42;13/05/2026;379991;Franco da Rocha;700;1675.512;282;17153.19;;;;;;;FELIPE APARECIDO SILVA;14/05/2026;
FIB1I00;12/06/2026;5762170;Guarujá;700;1382.139;166;15120.66;;;;;;;FELIPE APARECIDO SILVA;13/06/2026;VIAGEM 418074
DUG0A42;08/05/2026;378111;Guarulhos;500;1519.446;268;16066.41;;;;;;;FELIPE APARECIDO SILVA;09/05/2026;
DUG0A42;13/06/2026;5763734;Guarulhos;500;702.132;104;7475.73;;;;;;;FELIPE APARECIDO SILVA;13/06/2026;VIAGEM 418964
DUG0A42;06/07/2026;5842979;Guarulhos;500;790.087;69;6769.8;;;;;;;FELIPE APARECIDO SILVA;03/07/2026;VIAGEM 433060
DUG0A42;08/07/2026;5860386;Guarulhos;500;1602.726;268;19700.82;;;;;;;FELIPE APARECIDO SILVA;08/07/2026;434382
DUG0A42;13/07/2026;5877210;Guarulhos;500;1818.685;149;15927.66;;;;;;;FELIPE APARECIDO SILVA;13/07/2026;434876
DUG0A42;09/09/2026;6104894;Guarulhos;500;1548.109;236;15801.21;;;;;;;FELIPE APARECIDO SILVA;08/09/2026;VIAGEM - 447683
DUG0A42;18/09/2026;6145543;Indaiatuba;800;958.812;185;11588.45;;;;;;;FELIPE APARECIDO SILVA;18/09/2026;VIAGEM - 450750
DUG0A42;23/04/2026;365570;Jundiaí;700;800.563;103;8987.74;;;;;;;FELIPE APARECIDO SILVA;24/04/2026;
DUG0A42;12/05/2026;376523;Jundiaí;700;1444.896;228;15633.02;;;;;;;FELIPE APARECIDO SILVA;13/05/2026;
DUG0A42;09/06/2026;5740717;Mairiporã;700;1480.33;238;11664.57;;;;;;;FELIPE APARECIDO SILVA;09/06/2026;VIAGEM 413882
DUG0A42;02/09/2026;6080136;Mauá;500;1410.004;172;14703.22;;;;;;;FELIPE APARECIDO SILVA;01/09/2026;VIAGEM - 445345
CXY7F20;14/04/2026;350789;Mogi das Cruzes;700;1500.915;228;17717.63;;;;;;;FELIPE APARECIDO SILVA;15/04/2026;
DUG0A42;30/05/2026;5710925;Mogi das Cruzes;700;395.626;89;7991.17;;;;;;;FELIPE APARECIDO SILVA;30/05/2026;VIAGEM 402068
DUG0A42;11/06/2026;5751125;Mogi das Cruzes;700;1596.774;240;13408.44;;;;;;;FELIPE APARECIDO SILVA;10/06/2026;VIAGEM 416266
DUG0A42;06/07/2026;5849803;Mogi das Cruzes;700;1508.293;230;16756.78;;;;;;;FELIPE APARECIDO SILVA;06/07/2026;433517
DUG0A42;03/07/2026;5837827;Pilar do Sul;950;1557.931;247;19911.75;;;;;;;FELIPE APARECIDO SILVA;02/07/2026;VIAGEM 432311
DUG0A42;25/07/2026;5929786;Piracicaba;950;716.284;107;7071.7;;;;;;;FELIPE APARECIDO SILVA;25/07/2026;VIAGEM 437441
DUG0A42;27/04/2026;366166;Praia Grande;700;215.388;13;2139.96;;;;;;;FELIPE APARECIDO SILVA;28/04/2026;
DUG0A42;29/04/2026;373185;Praia Grande;700;1105.855;239;16976.34;;;;;;;FELIPE APARECIDO SILVA;30/04/2026;
DUG0A42;29/04/2026;373186;Praia Grande;700;281.674;28;4362;;;;;;;FELIPE APARECIDO SILVA;30/04/2026;
DUG0A42;01/09/2026;6076661;Praia Grande;700;1682.187;202;16739.71;;;;;;;FELIPE APARECIDO SILVA;01/09/2026;FELIPE 445307
DUG0A42;04/06/2026;5729141;Registro;950;1009.695;135;12649.74;;;;;;;FELIPE APARECIDO SILVA;04/06/2026;VIAGEM 410615
DUG0A42;24/09/2026;6166139;Rio Claro;950;1353.953;205;19534.24;;;;;;;FELIPE APARECIDO SILVA;23/09/2026;VIAGEM - 452305
DUG0A42;20/05/2026;5672021;Santa Bárbara d'Oeste;950;1676.144;301;26106.96;;;;;;;FELIPE APARECIDO SILVA;20/05/2026;
DUG0A42;20/05/2026;387662;Santa Bárbara d'Oeste;950;1676.144;301;26106.96;;;;;;;FELIPE APARECIDO SILVA;21/05/2026;
DUG0A42;17/08/2026;6013730;Santana de Parnaíba;700;1641.964;301;21622.16;;;;;;;FELIPE APARECIDO SILVA;14/08/2026;VIAGEM 441950
DUG0A42;21/09/2026;6152068;Santo André;500;1389.881;152;12997.05;;;;;;;FELIPE APARECIDO SILVA;21/09/2026;VIAGEM 451834
DUG0A42;03/08/2026;5959435;Santos;700;1486.02;120;12240;;;;;;;FELIPE APARECIDO SILVA;01/08/2026;VIAGEM 437975
DUG0A42;06/05/2026;380354;São Bernardo do Campo;500;216.117;15;2622.48;;;;;;;FELIPE APARECIDO SILVA;07/05/2026;FELIPE APARECIDO - 380354
DUG0A42;06/05/2026;379860;São Bernardo do Campo;500;1295.522;243;17042.43;;;;;;;FELIPE APARECIDO SILVA;07/05/2026;
DUG0A42;10/08/2026;5984216;São Bernardo do Campo;500;466.5;190;14630;;;;;;;FELIPE APARECIDO SILVA;07/08/2026;VIAGEM 440521
DUG0A42;26/05/2026;5692684;São José dos Campos;800;1660.658;263;18184.5;;;;;;;FELIPE APARECIDO SILVA;26/05/2026;VIAGEM 400715
CXY7F20;13/04/2026;357188;São Paulo;500;1044.234;110;10298.45;;;;;;;FELIPE APARECIDO SILVA;14/04/2026;
DUG0A42;28/04/2026;371114;São Paulo;500;1170.173;227;14772.35;;;;;;;FELIPE APARECIDO SILVA;29/04/2026;
DUG0A42;28/04/2026;371115;São Paulo;500;17.494;5;294.6;;;;;;;FELIPE APARECIDO SILVA;29/04/2026;
DUG0A42;04/05/2026;375802;São Paulo;500;600.597;125;7923.82;;;;;;;FELIPE APARECIDO SILVA;05/05/2026;
DUG0A42;07/05/2026;381476;São Paulo;500;225.921;68;4745.24;;;;;;;FELIPE APARECIDO SILVA;08/05/2026;
DUG0A42;11/05/2026;379564;São Paulo;500;1560.97;124;11904;;;;;;;FELIPE APARECIDO SILVA;12/05/2026;
DUG0A42;18/05/2026;5662376;São Paulo;500;973.582;128;12145.44;;;;;;;FELIPE APARECIDO SILVA;18/05/2026;VIAGEM 388736
DUG0A42;18/05/2026;391476;São Paulo;500;105.485;8;1470;;;;;;;FELIPE APARECIDO SILVA;19/05/2026;
DUG0A42;18/05/2026;388736;São Paulo;500;868.097;120;10675.44;;;;;;;FELIPE APARECIDO SILVA;19/05/2026;
DUG0A42;19/05/2026;388737;São Paulo;500;1501.679;193;15899.96;;;;;;;FELIPE APARECIDO SILVA;20/05/2026;
DUG0A42;27/05/2026;5698575;São Paulo;500;378.4;25;3018.75;;;;;;;FELIPE APARECIDO SILVA;27/05/2026;VIAGEM 387594
DUG0A42;28/05/2026;5704635;São Paulo;500;1463.397;191;15532.76;;;;;;;FELIPE APARECIDO SILVA;28/05/2026;VIAGEM 403520
DUG0A42;18/06/2026;5779017;São Paulo;500;886.859;297;22001.31;;;;;;;FELIPE APARECIDO SILVA;17/06/2026;VIAGEM 424772
DUG0A42;22/06/2026;5791359;São Paulo;500;1380.64;203;15621.7;;;;;;;FELIPE APARECIDO SILVA;22/06/2026;VIAGEM 427544
DUG0A42;11/08/2026;5990708;São Paulo;500;972.519;187;14004.32;;;;;;;FELIPE APARECIDO SILVA;10/08/2026;VIAGEM 440317
DUG0A42;12/08/2026;5998237;São Paulo;500;1239.03;202;12302.08;;;;;;;FELIPE APARECIDO SILVA;12/08/2026;VIAGEM 440966
DUG0A42;25/08/2026;6046600;São Paulo;500;785.9;220;20696;;;;;;;FELIPE APARECIDO SILVA;24/08/2026;VIEGAEM - 444580
DUG0A42;08/09/2026;6101971;São Paulo;500;1462.598;243;19863.53;;;;;;;FELIPE APARECIDO SILVA;08/09/2026;VIAGEM - 447226
DUG0A42;22/09/2026;6156628;São Paulo;500;1634.828;134;13764.2;;;;;;;FELIPE APARECIDO SILVA;21/09/2026;VIAGEM - 451878
DUG0A42;23/09/2026;6161987;São Paulo;500;1276.225;240;17425.02;;;;;;;FELIPE APARECIDO SILVA;23/09/2026;VIAGEM - 451746
DUG0A42;17/09/2026;6163772;São Paulo;500;1602.238;154;14267.14;;;;;;;FELIPE APARECIDO SILVA;23/09/2026;VIAGEM 450060
DUG0A42;14/09/2026;6166479;São Paulo;500;192.651;54;3498.4;;;;;;;FELIPE APARECIDO SILVA;23/09/2026;VIAGEM 449061 E 449062
DUG0A42;21/05/2026;5676910;Sorocaba;800;854.36;200;12460.69;;;;;;;FELIPE APARECIDO SILVA;21/05/2026;VIAGEM 376506
DUG0A42;21/05/2026;376506;Sorocaba;800;854.36;200;12460.69;;;;;;;FELIPE APARECIDO SILVA;22/05/2026;
DUG0A42;26/08/2026;6051764;Sorocaba;800;1652.722;320;24832.81;;;;;;;FELIPE APARECIDO SILVA;25/08/2026;VIAGEM - 441829
DUG0A42;03/06/2026;5723408;Sumaré;800;1370.042;155;14000.29;;;;;;;FELIPE APARECIDO SILVA;02/06/2026;VIAGEM 409923
DUG0A42;15/05/2026;381349;Valinhos;800;1187.452;115;11334.96;;;;;;;FELIPE APARECIDO SILVA;16/05/2026;
EZS5B12;18/04/2026;313581;Americana;1100;3269.83;369;34289.27;;;;;;;GILENO SIMAO DOS SANTOS;19/04/2026;
EZS5B12;02/07/2026;5833310;Atibaia;1000;2970.045;365;26386.56;;;;;;;GILENO SIMAO DOS SANTOS;02/07/2026;VIAGEM 424817
EZS5B12;07/08/2026;5986133;Atibaia;1000;3053.908;307;32677.2;;;;;;;GILENO SIMAO DOS SANTOS;07/08/2026;VIAGEM 440221
EZS5B12;10/07/2026;5869682;Barueri;700;2136.284;339;26103.1;;;;;;;GILENO SIMAO DOS SANTOS;10/07/2026;433323
EZS5B12;06/08/2026;5976764;Barueri;700;2514.173;445;35942.52;;;;;;;GILENO SIMAO DOS SANTOS;06/08/2026;VIAGEM 439262
EZS5B12;24/06/2026;5800477;Bertioga;1250;3521.8;393;28543.09;;;;;;;GILENO SIMAO DOS SANTOS;24/06/2026;VIAGEM 429068
EZS5B12;05/05/2026;369239;Cajamar;1000;2765;280;15388.8;;;;;;;GILENO SIMAO DOS SANTOS;06/05/2026;
EZS5B12;02/06/2026;5718122;Cajamar;1000;3209.375;325;17862;;;;;;;GILENO SIMAO DOS SANTOS;01/06/2026;VIAGEM 403752
EZS5B12;22/04/2026;358853;Campinas;1100;3036.058;418;27284.92;;;;;;;GILENO SIMAO DOS SANTOS;23/04/2026;
EZS5B12;12/05/2026;376726;Campinas;1250;2571.538;294;28626.07;;;;;;;GILENO SIMAO DOS SANTOS;13/05/2026;
EZS5B12;29/07/2026;5942118;Campinas;1250;3347.22;270;27081.6;;;;;;;GILENO SIMAO DOS SANTOS;29/07/2026;VIAGEM 438139
EZS5B12;20/08/2026;6035000;Carapicuíba;700;2623.213;339;28621.17;;;;;;;GILENO SIMAO DOS SANTOS;20/08/2026;443.499
EZS5B12;18/06/2026;5778934;Cotia;700;2917.313;322;31174.89;;;;;;;GILENO SIMAO DOS SANTOS;17/06/2026;VIAGEM 414815
EZS5B12;17/07/2026;5902477;Cotia;700;3041.26;474;36818.6;;;;;;;GILENO SIMAO DOS SANTOS;17/07/2026;435883
EZS5B12;02/09/2026;6080115;Cotia;700;2020.191;219;18923.58;;;;;;;GILENO SIMAO DOS SANTOS;01/09/2026;VIAGEM - 445295
EZS5B12;31/08/2026;6067799;Diadema;700;2894.253;319;20186.74;;;;;;;GILENO SIMAO DOS SANTOS;28/08/2026;VIAGEM - 445213
EZS5B12;17/09/2026;6138318;Diadema;700;3373.026;295;28833.75;;;;;;;GILENO SIMAO DOS SANTOS;16/09/2026;VIAGEM - 447126
EZS5B12;19/09/2026;6149738;Diadema;700;2790.117;318;21161.9;;;;;;;GILENO SIMAO DOS SANTOS;18/09/2026;Gileno - 451172
EZS5B12;22/05/2026;5681490;Embu das Artes;700;3478.689;445;35172.23;;;;;;;GILENO SIMAO DOS SANTOS;22/05/2026;VIAGEM 392764
EZS5B12;22/09/2026;6156723;Embu das Artes;700;3122.951;321;34747.2;;;;;;;GILENO SIMAO DOS SANTOS;22/09/2026;VIAGEM - 450761
EZS5B12;03/06/2026;5723302;Franco da Rocha;1000;2978.895;524;23433;;;;;;;GILENO SIMAO DOS SANTOS;02/06/2026;VIAGEM 408506
EZS5B12;28/07/2026;5937234;Guarujá;1000;2281.004;335;24005.97;;;;;;;GILENO SIMAO DOS SANTOS;28/07/2026;VIAGEM 437623
EZS5B12;16/09/2026;6134948;Guarujá;1000;2792.72;319;27942.86;;;;;;;GILENO SIMAO DOS SANTOS;15/09/2026;Gileno - 447410
EZS5B12;16/04/2026;348740;Guarulhos;700;2061.42;295;25640.34;;;;;;;GILENO SIMAO DOS SANTOS;16/04/2026;
EZS5B12;15/06/2026;5761577;Guarulhos;700;3363.935;291;28510.6;;;;;;;GILENO SIMAO DOS SANTOS;12/06/2026;VIAGEM 387588
EZS5B12;17/07/2026;5896947;Guarulhos;700;2440.275;279;21087.98;;;;;;;GILENO SIMAO DOS SANTOS;17/07/2026;VIAGEM 434583
EZS5B12;25/08/2026;6046585;Guarulhos;700;2453.181;395;31518.3;;;;;;;GILENO SIMAO DOS SANTOS;24/08/2026;VIAGEM - 444629
EZS5B12;10/09/2026;6111380;Ibiúna;1000;2993.495;384;35563.02;;;;;;;GILENO SIMAO DOS SANTOS;10/09/2026;VIAGEM - 447655
EZS5B12;09/05/2026;382928;Ilhabela;1700;1175.81;226;14211.79;;;;;;;GILENO SIMAO DOS SANTOS;10/05/2026;
EZS5B12;15/09/2026;6130007;Itapevi;1000;3162.473;438;31969.6;;;;;;;GILENO SIMAO DOS SANTOS;15/09/2026;VIAGEM - 447452
EZS5B12;03/08/2026;5965419;Itaquaquecetuba;1000;3516.07;427;39099.24;;;;;;;GILENO SIMAO DOS SANTOS;03/08/2026;435694
EZS5B12;20/08/2026;6030370;Itupeva;1000;2098.178;208;22370.76;;;;;;;GILENO SIMAO DOS SANTOS;19/08/2026;VIAGEM 442983
EZS5B12;18/09/2026;6145381;Itupeva;1000;3298.583;353;34662.21;;;;;;;GILENO SIMAO DOS SANTOS;17/09/2026;VIAGEM - 449637
EZS5B12;03/08/2026;5961327;Jacareí;1250;2954.4;240;24480;;;;;;;GILENO SIMAO DOS SANTOS;03/08/2026;VIAGEM 438098
EZS5B12;23/09/2026;6160587;Jandira;;3639.691;503;40170.83;;;;;;;GILENO SIMAO DOS SANTOS;22/09/2026;VIAGEM - 444612
EZS5B12;24/09/2026;6166111;Jundiaí;;3741.318;414;37927.1;;;;;;;GILENO SIMAO DOS SANTOS;23/09/2026;VIAGEM - 445534
EZS5B12;20/05/2026;388806;Mogi das Cruzes;1000;2976.295;600;38147.81;;;;;;;GILENO SIMAO DOS SANTOS;21/05/2026;
EZS5B12;08/09/2026;6099654;Mogi das Cruzes;1000;2557.773;388;30928.42;;;;;;;GILENO SIMAO DOS SANTOS;07/09/2026;Gileno - 444626 / 445480
EZS5B12;08/05/2026;371259;Mogi Mirim;1450;2540.85;482;33260.38;;;;;;;GILENO SIMAO DOS SANTOS;08/05/2026;
EZS5B12;22/04/2026;361577;Mongaguá;900;3026.009;385;28440.57;;;;;;;GILENO SIMAO DOS SANTOS;23/04/2026;
EZS5B12;16/06/2026;5768926;Osasco;700;3100.365;356;32619.76;;;;;;;GILENO SIMAO DOS SANTOS;16/06/2026;VIAGEM 412011
EZS5B12;25/04/2026;358706;Piracicaba;1400;264;50;2900;;;;;;;GILENO SIMAO DOS SANTOS;28/04/2026;
EZS5B12;30/06/2026;5820010;Piracicaba;1450;3547.724;349;36177.2;;;;;;;GILENO SIMAO DOS SANTOS;29/06/2026;VIAGEM 430835
EZS5B12;21/09/2026;6152074;Piracicaba;1450;3020.018;295;29152.18;;;;;;;GILENO SIMAO DOS SANTOS;21/09/2026;VIAGEM 445530
EZS5B12;03/09/2026;6086235;Praia Grande;1000;1750.8;688;90904.82;;;;;;;GILENO SIMAO DOS SANTOS;03/09/2026;444985
EZS5B12;10/06/2026;5746730;Ribeirão Pires;700;3509.86;455;36229.71;;;;;;;GILENO SIMAO DOS SANTOS;10/06/2026;VIAGEM 411974
EZS5B12;07/05/2026;371257;Santa Bárbara d'Oeste;1450;2730.17;576;39363.46;;;;;;;GILENO SIMAO DOS SANTOS;08/05/2026;
EZS5B12;14/07/2026;5887416;Santo André;700;3267.862;272;28367;;;;;;;GILENO SIMAO DOS SANTOS;15/07/2026;435433
EZS5B12;22/05/2026;5680089;Santos;1000;2681.959;348;27209.31;;;;;;;GILENO SIMAO DOS SANTOS;22/05/2026;Viagem 387656
EZS5B12;21/07/2026;5914130;Santos;1000;3206.31;482;37707.58;;;;;;;GILENO SIMAO DOS SANTOS;21/07/2026;435923
EZS5B12;14/08/2026;6008641;Santos;1000;2823.983;461;34866.92;;;;;;;GILENO SIMAO DOS SANTOS;13/08/2026;VIAGEM 441820
EZS5B12;17/04/2026;358423;São Bernardo do Campo;700;2738.351;348;24881.6;;;;;;;GILENO SIMAO DOS SANTOS;18/04/2026;
EZS5B12;04/08/2026;5969788;São Bernardo do Campo;700;3076.875;443;27027.72;;;;;;;GILENO SIMAO DOS SANTOS;04/08/2026;438725
EZS5B12;27/08/2026;6062118;São Bernardo do Campo;700;2381.27;240;24115.8;;;;;;;GILENO SIMAO DOS SANTOS;27/08/2026;444.951
EZS5B12;01/09/2026;6076593;São Bernardo do Campo;700;3448.516;606;45369.58;;;;;;;GILENO SIMAO DOS SANTOS;31/08/2026;VIAGEM - 442961
EZS5B12;15/04/2026;350807;São José dos Campos;1100;3078.65;409;35373.12;;;;;;;GILENO SIMAO DOS SANTOS;15/04/2026;
EZS5B12;04/05/2026;375635;São José dos Campos;1250;164.48;8;1584.12;;;;;;;GILENO SIMAO DOS SANTOS;06/05/2026;
EZS5B12;04/05/2026;375602;São José dos Campos;1250;3150;250;21600;;;;;;;GILENO SIMAO DOS SANTOS;06/05/2026;
EZS5B12;24/07/2026;5925251;São José dos Campos;1250;2908.837;248;26678.2;;;;;;;GILENO SIMAO DOS SANTOS;24/07/2026;VIAGEM 436913
EZS5B12;13/08/2026;6002938;São José dos Campos;1250;2015.128;233;18101.6;;;;;;;GILENO SIMAO DOS SANTOS;12/08/2026;VIAGEM 441671
EZS5B12;24/04/2026;366956;São Paulo;;2981.316;636;45772.04;;;;;;;GILENO SIMAO DOS SANTOS;25/04/2026;
EZS5B12;29/04/2026;372764;São Paulo;700;3310.85;534;29725.91;;;;;;;GILENO SIMAO DOS SANTOS;01/05/2026;
EZS5B12;26/05/2026;5688600;São Paulo;;3743.643;452;37413.64;;;;;;;GILENO SIMAO DOS SANTOS;26/05/2026;VIAGEM 397518
EZS5B12;27/05/2026;5693736;São Paulo;700;3164.972;261;28468.34;;;;;;;GILENO SIMAO DOS SANTOS;27/05/2026;VIAGEM 390066
EZS5B12;12/06/2026;5753762;São Paulo;700;3439.755;343;32392.54;;;;;;;GILENO SIMAO DOS SANTOS;11/06/2026;VIAGEM 410945
EZS5B12;17/06/2026;5774024;São Paulo;700;3544.556;469;34117.16;;;;;;;GILENO SIMAO DOS SANTOS;17/06/2026;VIAGEM 414710
EZS5B12;22/06/2026;5789446;São Paulo;700;2647.892;281;21423.89;;;;;;;GILENO SIMAO DOS SANTOS;20/06/2026;VAIGEM 427677
EZS5B12;23/06/2026;5794307;São Paulo;700;3047.62;252;27177.6;;;;;;;GILENO SIMAO DOS SANTOS;22/06/2026;VIAGEM 427479
EZS5B12;26/06/2026;5808124;São Paulo;700;3001.455;382;25984.67;;;;;;;GILENO SIMAO DOS SANTOS;25/06/2026;VIAGEM 428072
EZS5B12;29/06/2026;5813445;São Paulo;700;2219.193;290;19412.6;;;;;;;GILENO SIMAO DOS SANTOS;26/06/2026;VIAGEM 430490
EZS5B12;01/07/2026;5827100;São Paulo;700;3063.746;377;33899.32;;;;;;;GILENO SIMAO DOS SANTOS;30/06/2026;VIAGEM 430185
EZS5B12;03/07/2026;5838571;São Paulo;700;891.45;162;12538.93;;;;;;;GILENO SIMAO DOS SANTOS;03/07/2026;VIAGEM 424807
EZS5B12;07/07/2026;5850051;São Paulo;700;3256.995;278;17165.69;;;;;;;GILENO SIMAO DOS SANTOS;07/07/2026;VIAGEM 432698
EZS5B12;08/07/2026;5854984;São Paulo;700;2311.25;289;16013.16;;;;;;;GILENO SIMAO DOS SANTOS;08/07/2026;VIAGEM 433519
EZS5B12;09/07/2026;5860609;São Paulo;700;2621.563;341;21358.78;;;;;;;GILENO SIMAO DOS SANTOS;09/07/2026;VIAGEM 433815
EZS5B12;15/07/2026;5883367;São Paulo;700;2803.912;408;28143.31;;;;;;;GILENO SIMAO DOS SANTOS;15/07/2026;VIAGEM 435318
EZS5B12;23/07/2026;5920051;São Paulo;700;2142.249;283;24163.86;;;;;;;GILENO SIMAO DOS SANTOS;23/07/2026;VIAGEM 436851
EZS5B12;29/07/2026;5947273;São Paulo;700;3025.601;350;31062;;;;;;;GILENO SIMAO DOS SANTOS;29/07/2026;438.312
EZS5B12;07/08/2026;5979538;São Paulo;700;2581.762;421;32703.7;;;;;;;GILENO SIMAO DOS SANTOS;06/08/2026;VIAGEM 439922, 435830, 439743 E 432662
EZS5B12;18/08/2026;6019980;São Paulo;700;3046;400;36480;;;;;;;GILENO SIMAO DOS SANTOS;17/08/2026;VIAGEM 438686
EZS5B12;14/09/2026;6124827;São Paulo;700;3004.91;295;26465.73;;;;;;;GILENO SIMAO DOS SANTOS;14/09/2026;VIAGEM 448885
EZS5B12;11/09/2026;6116728;São Vicente;1000;2579.857;577;37359.25;;;;;;;GILENO SIMAO DOS SANTOS;10/09/2026;VIAGEM - 442964
EZS5B12;28/04/2026;356208;Sorocaba;1100;3257.315;459;37130.71;;;;;;;GILENO SIMAO DOS SANTOS;30/04/2026;
EZS5B12;20/07/2026;5908872;Sorocaba;1250;2137.2;202;18433.33;;;;;;;GILENO SIMAO DOS SANTOS;20/07/2026;435929
EZS5B12;14/07/2026;5877772;Suzano;1000;1900.35;162;15825.6;;;;;;;GILENO SIMAO DOS SANTOS;14/07/2026;VIAGEM 434513
EZS5B12;24/07/2026;5929599;Taboão da Serra;700;2933.284;373;30788.27;;;;;;;GILENO SIMAO DOS SANTOS;24/07/2026;435653
DMN8C09;09/05/2026;383985;Americana;650;813.714;129;11044.96;;;;;;;JOSE ALVES DE ARAUJO NETO;09/05/2026;GUILHERME ARAUJO - 383985
DMN8C09;13/05/2026;387152;Atibaia;520;669.845;100;9924.68;;;;;;;JOSE ALVES DE ARAUJO NETO;14/05/2026;GUILHERME ARAUJO
FCM6A65;01/08/2026;5959420;Barueri;420;295.355;114;8934.92;;;;;;;JOSE ALVES DE ARAUJO NETO;01/08/2026;VIAGEM 438769
FCM6A65;22/06/2026;5790072;Bragança Paulista;650;649.87;76;5857.8;;;;;;;JOSE ALVES DE ARAUJO NETO;20/06/2026;ALEX ARAUJO 425901
FCM6A65;11/09/2026;6116973;Bragança Paulista;;678.53;94;6464.1;;;;;;;JOSE ALVES DE ARAUJO NETO;10/09/2026;VIAGEM - 448657/448658
FCM6A65;16/09/2026;6135460;Campinas;900;1207.501;129;11757.98;;;;;;;JOSE ALVES DE ARAUJO NETO;16/09/2026;VIAGEM - 449463
FCM6A65;17/08/2026;6013871;Diadema;420;558.36;154;15123.77;;;;;;;JOSE ALVES DE ARAUJO NETO;14/08/2026;VIAGEM 442086
FCM6A65;14/09/2026;6122465;Diadema;500;491.004;81;6596.75;;;;;;;JOSE ALVES DE ARAUJO NETO;11/09/2026;VIAGEM - 448873/448878
FCM6A65;24/09/2026;6166821;Guarujá;700;1569.911;197;17640.66;;;;;;;JOSE ALVES DE ARAUJO NETO;23/09/2026;VIAGEM - 452899
DMN8C09;23/04/2026;366203;Guarulhos;420;665.771;87;7148.62;;;;;;;JOSE ALVES DE ARAUJO NETO;24/04/2026;
FCM6A65;22/07/2026;5919703;Guarulhos;500;1397.584;229;18513.35;;;;;;;JOSE ALVES DE ARAUJO NETO;22/07/2026;436853
FCM6A65;25/08/2026;6046725;Guarulhos;500;1198.509;121;12322.17;;;;;;;JOSE ALVES DE ARAUJO NETO;24/08/2026;VIAGEM - 444573
FCM6A65;05/08/2026;5971213;Itapecerica da Serra;420;999.178;153;11020.23;;;;;;;JOSE ALVES DE ARAUJO NETO;05/08/2026;VIAGEM 438926
FCM6A65;05/08/2026;5971987;Itapecerica da Serra;420;999.178;153;11020.23;;;;;;;JOSE ALVES DE ARAUJO NETO;05/08/2026;GUILHERME ARAUJO - 438926
FCM6A65;14/08/2026;6008877;Itapecerica da Serra;500;1029.186;218;14013.08;;;;;;;JOSE ALVES DE ARAUJO NETO;13/08/2026;VIAGEM 441831
FCM6A65;27/08/2026;6056866;Jarinu;520;565.907;115;10873.04;;;;;;;JOSE ALVES DE ARAUJO NETO;26/08/2026;VIAGEM - 435866
FCM6A65;09/09/2026;6105332;Jundiaí;520;906.484;143;11580.6;;;;;;;JOSE ALVES DE ARAUJO NETO;09/09/2026;447662
FCM6A65;10/09/2026;6111234;Jundiaí;520;464.175;58;5048.2;;;;;;;JOSE ALVES DE ARAUJO NETO;10/09/2026;VIAGEM - 447980
DMN8C09;25/08/2026;6051525;Mauá;420;743.143;168;12830.62;;;;;;;JOSE ALVES DE ARAUJO NETO;25/08/2026;GUILHERME ARAUJO 444.725
FCM6A65;23/06/2026;5795870;Mogi das Cruzes;700;1043.351;127;12123.09;;;;;;;JOSE ALVES DE ARAUJO NETO;23/06/2026;VIAGEM 408806
FCM6A65;13/07/2026;5877402;Mogi das Cruzes;;1791.683;126;20096.88;;;;;;;JOSE ALVES DE ARAUJO NETO;13/07/2026;434983
DMN8C09;14/04/2026;357254;Osasco;420;726.403;73;7371.6;;;;;;;JOSE ALVES DE ARAUJO NETO;15/04/2026;Viagem 357254
FCM6A65;12/08/2026;5998211;Osasco;420;737.613;134;9035.79;;;;;;;JOSE ALVES DE ARAUJO NETO;11/08/2026;VIAGEM 440939
FCM6A65;18/08/2026;6025393;Osasco;420;839.227;130;10543.53;;;;;;;JOSE ALVES DE ARAUJO NETO;18/08/2026;442.445
FCM6A65;02/07/2026;5832965;Santo André;500;1438.125;95;11100;;;;;;;JOSE ALVES DE ARAUJO NETO;01/07/2026;VIAGEM 421285
FCM6A65;20/08/2026;6035019;Santo André;500;1073.36;174;15236.53;;;;;;;JOSE ALVES DE ARAUJO NETO;20/08/2026;443.500
FCM6A65;23/09/2026;6162514;Santo André;500;1017.586;107;9152.81;;;;;;;JOSE ALVES DE ARAUJO NETO;23/09/2026;Guilherme - 452723
FCM6A65;19/09/2026;6151635;Santos;700;;;;;;;;;;JOSE ALVES DE ARAUJO NETO;19/09/2026;Guilherme - 450.736
FCM6A65;31/08/2026;6072642;São Bernardo do Campo;500;1361.713;176;10993.89;;;;;;;JOSE ALVES DE ARAUJO NETO;31/08/2026;GUILHERME ARAUJO- 445221
FCM6A65;01/09/2026;6076662;São José dos Campos;900;1389.119;149;13127.84;;;;;;;JOSE ALVES DE ARAUJO NETO;01/09/2026;GUILHERME 445147
DMN8C09;29/05/2026;5705438;São Miguel Arcanjo;750;728.138;133;8995.6;;;;;;;JOSE ALVES DE ARAUJO NETO;29/05/2026;Alex Araujo Viagem 402035
DMN8C09;19/05/2026;5663498;São Paulo;420;910.385;115;9976.5;;;;;;;JOSE ALVES DE ARAUJO NETO;19/05/2026;GUILHERME ARAUJO 388739 E 391442
FCM6A65;19/06/2026;5783304;São Paulo;500;1292.251;171;12758.94;;;;;;;JOSE ALVES DE ARAUJO NETO;18/06/2026;VIAGEM 425498
FCM6A65;25/06/2026;5804499;São Paulo;500;1612.625;214;15751.05;;;;;;;JOSE ALVES DE ARAUJO NETO;25/06/2026;VIAGEM 429971
FCM6A65;03/07/2026;5838845;São Paulo;420;649.444;186;9726.8;;;;;;;JOSE ALVES DE ARAUJO NETO;03/07/2026;VIAGEM 432680
DMN8C09;06/07/2026;5842984;São Paulo;420;630;50;4200;;;;;;;JOSE ALVES DE ARAUJO NETO;03/07/2026;VIAGEM 432697
FCM6A65;06/07/2026;5849834;São Paulo;500;1474.773;210;17674.52;;;;;;;JOSE ALVES DE ARAUJO NETO;06/07/2026;433319
FCM6A65;16/07/2026;5889761;São Paulo;420;500.405;147;10705.22;;;;;;;JOSE ALVES DE ARAUJO NETO;16/07/2026;VIAGEM 435459
FCM6A65;17/07/2026;5896878;São Paulo;500;1212.973;159;13005.8;;;;;;;JOSE ALVES DE ARAUJO NETO;17/07/2026;VIAGEM 435959
FCM6A65;06/08/2026;5981488;São Paulo;500;1117.991;101;10186.4;;;;;;;JOSE ALVES DE ARAUJO NETO;06/08/2026;439.726
FCM6A65;06/08/2026;5981493;São Paulo;420;185.278;18;2327.4;;;;;;;JOSE ALVES DE ARAUJO NETO;06/08/2026;439.727
FCM6A65;11/08/2026;5992530;São Paulo;420;886.747;125;10074.32;;;;;;;JOSE ALVES DE ARAUJO NETO;10/08/2026;VIAGEM 440768
FCM6A65;20/08/2026;6030380;São Paulo;420;699.965;84;4313;;;;;;;JOSE ALVES DE ARAUJO NETO;19/08/2026;VIAGEM 443089
FCM6A65;20/08/2026;6039375;São Paulo;;1735.49;180;16935.74;;;;;;;JOSE ALVES DE ARAUJO NETO;21/08/2026;443.780
FCM6A65;02/09/2026;6080149;São Paulo;500;1026.327;181;12737.5;;;;;;;JOSE ALVES DE ARAUJO NETO;01/09/2026;VIAGEM - 443237
FCM6A65;03/09/2026;6086094;São Paulo;500;1018.601;108;12160.23;;;;;;;JOSE ALVES DE ARAUJO NETO;03/09/2026;445705
FCM6A65;08/09/2026;6102325;São Paulo;500;1454.932;147;14291.41;;;;;;;JOSE ALVES DE ARAUJO NETO;08/09/2026;VIAGEM - 447149
FCM6A65;15/09/2026;6130078;São Paulo;500;1249.635;136;15501.57;;;;;;;JOSE ALVES DE ARAUJO NETO;15/09/2026;VIAGEM - 449556
FCM6A65;18/09/2026;6145547;São Paulo;500;1438.67;150;13406.79;;;;;;;JOSE ALVES DE ARAUJO NETO;18/09/2026;VIAGEM - 450317
FCM6A65;22/09/2026;6156667;São Paulo;500;1158.859;155;12920.91;;;;;;;JOSE ALVES DE ARAUJO NETO;22/09/2026;VIAGEM - 449633
FCM6A65;28/08/2026;6062551;São Vicente;700;1107.876;244;17061.84;;;;;;;JOSE ALVES DE ARAUJO NETO;27/08/2026;VIAGEM - 445087
FCM6A65;28/07/2026;5936905;Taboão da Serra;420;811.274;242;21657.84;;;;;;;JOSE ALVES DE ARAUJO NETO;28/07/2026;437633
FCM6A65;18/08/2026;6020369;Taubaté;1000;1435.705;138;10205.64;;;;;;;JOSE ALVES DE ARAUJO NETO;17/08/2026;GUILHERME ARAUJO
NRH7542;02/06/2026;5720248;Bertioga;1000;1721.02;202;18282.93;;;;;;;JOSE ANTONIO DA SILVA;02/06/2026;Viagem 407220
ELQ1J17;30/05/2026;5711901;Campinas;1000;2255.963;355;23855.24;;;;;;;JOSE ANTONIO DA SILVA;30/05/2026;JOSE ANTONIO 404708
ELQ1J17;06/07/2026;5848137;Campinas;1000;1982.247;186;20343.61;;;;;;;JOSE ANTONIO DA SILVA;06/07/2026;433066
ELQ1J17;04/09/2026;6091747;Campinas;1000;1665.928;210;17822.02;;;;;;;JOSE ANTONIO DA SILVA;03/09/2026;VIAGEM - 446304
ELQ1J17;18/06/2026;5779152;Carapicuíba;600;2137.329;236;19655.13;;;;;;;JOSE ANTONIO DA SILVA;18/06/2026;VIAGEM 417612
ELQ1J17;03/09/2026;6085831;Embu das Artes;600;1993.268;301;21086.07;;;;;;;JOSE ANTONIO DA SILVA;02/09/2026;VIAGEM - 445492
ELQ1J17;01/09/2026;6075299;Guaratinguetá;1500;2502.266;415;24208.28;;;;;;;JOSE ANTONIO DA SILVA;31/08/2026;VIAGEM - 442965
ELQ1J17;16/07/2026;5894715;Guarujá;850;2335.238;332;21519.2;;;;;;;JOSE ANTONIO DA SILVA;16/07/2026;435312
ELQ1J17;26/06/2026;5809897;Guarulhos;600;2037.472;262;19947.59;;;;;;;JOSE ANTONIO DA SILVA;26/06/2026;VIAGEM - 430873
ELQ1J17;19/06/2026;5783892;Hortolândia;1000;1916.765;175;15908.66;;;;;;;JOSE ANTONIO DA SILVA;18/06/2026;VIAGEM 410715
ELQ1J17;30/06/2026;5823076;Indaiatuba;;2918.075;211;22215.3;;;;;;;JOSE ANTONIO DA SILVA;30/06/2026;jose antonio 421.283
ELQ1J17;28/08/2026;6067525;Itapevi;850;1889.36;212;18589.25;;;;;;;JOSE ANTONIO DA SILVA;28/08/2026;445.287
ELQ1J17;04/08/2026;5970793;Itatiba;1000;2043.983;209;20751.57;;;;;;;JOSE ANTONIO DA SILVA;04/08/2026;436914
ELQ1J17;21/07/2026;5914278;Itu;1000;2492.835;250;23614.73;;;;;;;JOSE ANTONIO DA SILVA;21/07/2026;435.901
ELQ1J17;09/09/2026;6104594;Mairiporã;850;1695.232;305;22765.12;;;;;;;JOSE ANTONIO DA SILVA;08/09/2026;VIAGEM - 447670
ELQ1J17;22/06/2026;5788839;Osasco;600;1907.6;263;12775.2;;;;;;;JOSE ANTONIO DA SILVA;20/06/2026;VIAGEM 417875
ELQ1J17;14/07/2026;5882018;Osasco;600;2339.654;246;23054.9;;;;;;;JOSE ANTONIO DA SILVA;14/07/2026;435304
ELQ1J17;28/08/2026;6062528;Pindamonhangaba;1200;1879.411;176;17965.92;;;;;;;JOSE ANTONIO DA SILVA;27/08/2026;VIAGEM - 445101
ELQ1J17;02/07/2026;5832423;Rio Claro;1200;2161.225;161;15960.3;;;;;;;JOSE ANTONIO DA SILVA;01/07/2026;VIAGEM 421296
ELQ1J17;13/08/2026;6002177;Santa Bárbara d'Oeste;1200;2628.08;215;20517;;;;;;;JOSE ANTONIO DA SILVA;12/08/2026;VIAGEM 440948
ELQ1J17;18/08/2026;6020325;Santana de Parnaíba;850;2130.308;283;21500.58;;;;;;;JOSE ANTONIO DA SILVA;17/08/2026;VIAGEM 442295
ELQ1J17;11/06/2026;5750937;São Bernardo do Campo;600;2633.151;317;22362.21;;;;;;;JOSE ANTONIO DA SILVA;10/06/2026;VIAGEM 414715
ELQ1J17;09/06/2026;5741201;São José dos Campos;1000;2254.178;224;21691.01;;;;;;;JOSE ANTONIO DA SILVA;09/06/2026;VIAGEM 410221
ELQ1J17;12/06/2026;5755637;São José dos Campos;1000;1798.717;250;14467.56;;;;;;;JOSE ANTONIO DA SILVA;11/06/2026;VIAGEM 408774
ELQ1J17;07/07/2026;5854215;São José dos Campos;1000;2580.603;249;25628.59;;;;;;;JOSE ANTONIO DA SILVA;07/07/2026;430843
ELQ1J17;26/08/2026;6053885;São José dos Campos;1000;2475.093;225;23803.71;;;;;;;JOSE ANTONIO DA SILVA;26/08/2026;444.828
ELQ1J17;03/06/2026;5723594;São Paulo;600;2494.549;264;23803.54;;;;;;;JOSE ANTONIO DA SILVA;03/06/2026;VIAGEM 407151
ELQ1J17;23/06/2026;5793770;São Paulo;600;2060.71;205;14453.94;;;;;;;JOSE ANTONIO DA SILVA;22/06/2026;VIAGEM 427315
ELQ1J17;27/06/2026;5813671;São Paulo;600;2335.387;231;22527.18;;;;;;;JOSE ANTONIO DA SILVA;27/06/2026;VIAGEM 429986
ELQ1J17;30/06/2026;5820712;São Paulo;600;1842.281;224;17607.2;;;;;;;JOSE ANTONIO DA SILVA;29/06/2026;VIAGEM 430916
ELQ1J17;03/07/2026;5838007;São Paulo;600;2205.843;442;27257.47;;;;;;;JOSE ANTONIO DA SILVA;02/07/2026;VIAGEM 432701
ELQ1J17;08/07/2026;5859282;São Paulo;600;1986.404;298;24628.9;;;;;;;JOSE ANTONIO DA SILVA;08/07/2026;434378
ELQ1J17;11/07/2026;5870328;São Paulo;600;1900.463;289;16210.45;;;;;;;JOSE ANTONIO DA SILVA;11/07/2026;VIAGEM 434879
ELQ6181;15/07/2026;5885684;São Paulo;600;1900.35;162;15825.6;;;;;;;JOSE ANTONIO DA SILVA;15/07/2026;434515
ELQ1J17;17/07/2026;5902332;São Paulo;600;2530.853;410;14205.34;;;;;;;JOSE ANTONIO DA SILVA;17/07/2026;436036
ELQ1J17;27/07/2026;5932172;São Paulo;600;2167.193;280;19086.2;;;;;;;JOSE ANTONIO DA SILVA;27/07/2026;Viagem - 437429
ELQ1J17;28/07/2026;5941209;São Paulo;600;1838.725;162;13632.88;;;;;;;JOSE ANTONIO DA SILVA;28/07/2026;437749
ELQ1J17;28/07/2026;5941215;São Paulo;600;406.923;24;3934.2;;;;;;;JOSE ANTONIO DA SILVA;28/07/2026;437809
ELQ1J17;03/08/2026;5965736;São Paulo;600;2737.939;256;17939.81;;;;;;;JOSE ANTONIO DA SILVA;03/08/2026;438474
ELQ1J17;11/08/2026;5992596;São Paulo;600;2132.895;466;37222.28;;;;;;;JOSE ANTONIO DA SILVA;10/08/2026;VIAGEM 440924
ELQ1J17;12/08/2026;5997830;São Paulo;600;2224.62;180;18360;;;;;;;JOSE ANTONIO DA SILVA;11/08/2026;VIAGEM 437935
ELQ1J17;24/08/2026;6039965;São Paulo;600;2092.832;360;28755.27;;;;;;;JOSE ANTONIO DA SILVA;22/08/2026;VIAGEM 443751
ELQ1J17;25/08/2026;6046536;São Paulo;600;1935.713;232;19536.73;;;;;;;JOSE ANTONIO DA SILVA;24/08/2026;VIAGEM - 444048
ELQ1J17;26/08/2026;6051781;São Paulo;600;2463.58;235;17134.22;;;;;;;JOSE ANTONIO DA SILVA;25/08/2026;VIAGEM - 444753
ELQ1J17;08/09/2026;6101523;São Paulo;600;2451.519;316;27746.25;;;;;;;JOSE ANTONIO DA SILVA;08/09/2026;Viagem - 447285
ELQ1J17;16/06/2026;5766895;São Vicente;850;2222.802;238;21860.63;;;;;;;JOSE ANTONIO DA SILVA;15/06/2026;VIAGEM 414643
ELQ1J17;02/09/2026;6080908;São Vicente;850;2354.671;269;21968.38;;;;;;;JOSE ANTONIO DA SILVA;02/09/2026;445265
ELQ1J17;23/07/2026;5923720;Sorocaba;1000;2215.48;257;21342.94;;;;;;;JOSE ANTONIO DA SILVA;23/07/2026;430924
ELQ1J17;24/06/2026;5798023;Sumaré;1000;946.4;182;8626.8;;;;;;;JOSE ANTONIO DA SILVA;23/06/2026;VIAGEM 428534
ELQ1J17;07/08/2026;5978483;Taboão da Serra;600;2199.875;281;23499.3;;;;;;;JOSE ANTONIO DA SILVA;06/08/2026;VIAGEM 436012
ELQ1J17;20/07/2026;5908838;Várzea Paulista;850;2265.465;223;20178.38;;;;;;;JOSE ANTONIO DA SILVA;20/07/2026;435937
FIB1I00;30/07/2026;5951926;Americana;800;1274.438;126;12326.28;;;;;;;JOSE DIMAS CARDOSO;30/07/2026;438718 OSEIAS
OQF9J01;31/08/2026;6065619;Americana;650;692.472;71;7610.45;;;;;;;JOSE DIMAS CARDOSO;28/08/2026;VIAGEM - 445194
FIB1I00;17/04/2026;360422;Araçoiaba da Serra;900;1238.966;219;14545.88;;;;;;;JOSE DIMAS CARDOSO;18/04/2026;
FIB1I00;02/07/2026;5830567;Araçoiaba da Serra;800;1145.634;186;17562.24;;;;;;;JOSE DIMAS CARDOSO;01/07/2026;OSEIAS 430504
FIB1I00;25/05/2026;5683736;Atibaia;700;1453.475;167;16397.61;;;;;;;JOSE DIMAS CARDOSO;25/05/2026;OSEIAS CARDOSO - 391082
FIB1I00;26/08/2026;6051859;Atibaia;700;761.667;128;10962.17;;;;;;;JOSE DIMAS CARDOSO;25/08/2026;VIAGEM - 444776
OQF9J01;24/04/2026;367682;Barueri;420;874.438;90;9765.55;;;;;;;JOSE DIMAS CARDOSO;25/04/2026;
OQF9J01;18/06/2026;5779160;Barueri;420;572.462;97;5159.73;;;;;;;JOSE DIMAS CARDOSO;18/06/2026;VIAGEM 424013
OQF9J01;16/07/2026;5895946;Barueri;420;589.636;69;6253.34;;;;;;;JOSE DIMAS CARDOSO;16/07/2026;435475
FIB1I00;06/07/2026;5841526;Bertioga;800;1334.567;170;14127.65;;;;;;;JOSE DIMAS CARDOSO;03/07/2026;VIAGEM 433091
FIB1I00;27/07/2026;5932102;Caieiras;520;518.555;134;8061.87;;;;;;;JOSE DIMAS CARDOSO;27/07/2026;
FIB1I00;20/04/2026;359894;Campinas;900;1340.123;148;13923.32;;;;;;;JOSE DIMAS CARDOSO;21/04/2026;
FIB1L00;21/05/2026;5675553;Campinas;800;920.04;121;9011.64;;;;;;;JOSE DIMAS CARDOSO;21/05/2026;OSEIAS 392631
FIB1I00;02/06/2026;5717935;Campinas;800;1514.413;170;15406.4;;;;;;;JOSE DIMAS CARDOSO;01/06/2026;VIAGEM 406194
FIB1I00;07/08/2026;5986021;Campinas;800;1418.761;321;22389.06;;;;;;;JOSE DIMAS CARDOSO;07/08/2026;VIAGEM 440528
OQF9J01;13/04/2026;355902;Carapicuíba;420;203.791;19;3928.2;;;;;;;JOSE DIMAS CARDOSO;14/04/2026;
OQF9J01;13/04/2026;355934;Carapicuíba;420;593.128;100;7910.17;;;;;;;JOSE DIMAS CARDOSO;14/04/2026;
OQF9J01;03/06/2026;5723352;Carapicuíba;420;911.746;151;11548.22;;;;;;;JOSE DIMAS CARDOSO;02/06/2026;VIAGEM 409625
OQF9J01;19/06/2026;5783400;Cotia;420;755.658;81;6843.18;;;;;;;JOSE DIMAS CARDOSO;18/06/2026;VIAGEM 424146
FIB1I00;30/07/2026;5947513;Cotia;500;1540.343;165;15471.34;;;;;;;JOSE DIMAS CARDOSO;30/07/2026;438305 OSEIAS
FIB1I00;09/07/2026;5862450;Diadema;420;635.689;124;9236.16;;;;;;;JOSE DIMAS CARDOSO;09/07/2026;434212 OSEIAS
FIB1I00;31/08/2026;6072456;Embu das Artes;500;1376.842;148;13297.02;;;;;;;JOSE DIMAS CARDOSO;31/08/2026;Viagem - 445339
OQF9J01;08/05/2026;379133;Ferraz de Vasconcelos;420;772.955;96;8408.33;;;;;;;JOSE DIMAS CARDOSO;09/05/2026;
FIB1I00;08/09/2026;6101211;Francisco Morato;700;1146.631;140;10435.19;;;;;;;JOSE DIMAS CARDOSO;08/09/2026;OSEIAS CARDOSO - 446310
FIB1I00;30/06/2026;5820140;Franco da Rocha;700;1430.714;122;13046.4;;;;;;;JOSE DIMAS CARDOSO;29/06/2026;VIAGEM 431406
OQF9J01;30/06/2026;5821025;Franco da Rocha;520;689.1;141;10716;;;;;;;JOSE DIMAS CARDOSO;30/06/2026;VIAGEM 430031
OQF9J01;17/08/2026;6013124;Franco da Rocha;520;649.607;105;8578.12;;;;;;;JOSE DIMAS CARDOSO;14/08/2026;DIMAS
OQF9J01;16/04/2026;359535;Guarulhos;420;829.946;115;9303.33;;;;;;;JOSE DIMAS CARDOSO;17/04/2026;
OQF9J01;11/06/2026;5750790;Guarulhos;420;749.747;117;7673.88;;;;;;;JOSE DIMAS CARDOSO;10/06/2026;VIAGEM 415235
FIB1I00;07/07/2026;5854775;Guarulhos;500;1023.735;207;11277.53;;;;;;;JOSE DIMAS CARDOSO;07/07/2026;433779 OSEIAS CARDOSO
FIB1I00;20/08/2026;6032382;Guarulhos;420;842.883;144;12467.53;;;;;;;JOSE DIMAS CARDOSO;20/08/2026;443.156
OQF9J01;03/09/2026;6085986;Guarulhos;420;783.549;103;9091.15;;;;;;;JOSE DIMAS CARDOSO;02/09/2026;VIAGEM - 445392
OQF9J01;04/09/2026;6091766;Guarulhos;420;746.441;79;7368.93;;;;;;;JOSE DIMAS CARDOSO;03/09/2026;VIAGEM - 446331
OQF9J01;12/05/2026;385503;Itaquaquecetuba;520;57.154;7;748.98;;;;;;;JOSE DIMAS CARDOSO;13/05/2026;
OQF9J01;18/08/2026;6019915;Itaquaquecetuba;520;756.331;65;7479.84;;;;;;;JOSE DIMAS CARDOSO;17/08/2026;DIMAS
FIB1I00;10/06/2026;5745923;Jundiaí;700;1595.383;274;11607.06;;;;;;;JOSE DIMAS CARDOSO;09/06/2026;VIAGEM 415500
OQF9J01;15/07/2026;5888806;Jundiaí;520;783.992;121;8242.2;;;;;;;JOSE DIMAS CARDOSO;15/07/2026;435485
FIB1I00;13/04/2026;354880;Lorena;1200;1616.973;140;15720.22;;;;;;;JOSE DIMAS CARDOSO;14/04/2026;
OQF9J01;30/07/2026;5947512;Mauá;420;763.802;93;7945.65;;;;;;;JOSE DIMAS CARDOSO;30/07/2026;437909
OQF9J01;04/08/2026;5970803;Mogi das Cruzes;520;455.616;54;5092.13;;;;;;;JOSE DIMAS CARDOSO;04/08/2026;439422
OQF9J01;08/09/2026;6100134;Mogi das Cruzes;520;946.615;90;7504.9;;;;;;;JOSE DIMAS CARDOSO;08/09/2026;447.147
FIB1I00;16/07/2026;5896179;Nova Odessa;650;964.136;123;11299.68;;;;;;;JOSE DIMAS CARDOSO;16/07/2026;435961 OSEIAS
FIB1I00;15/04/2026;359541;Osasco;500;1387.504;190;16833.57;;;;;;;JOSE DIMAS CARDOSO;16/04/2026;
FIB1I00;23/04/2026;367121;Osasco;420;86.611;7;824.04;;;;;;;JOSE DIMAS CARDOSO;24/04/2026;
OQF9J01;28/04/2026;371378;Osasco;420;47.714;16;1150.72;;;;;;;JOSE DIMAS CARDOSO;29/04/2026;
FIB1I00;17/06/2026;5773504;Osasco;420;305.84;85;5378.48;;;;;;;JOSE DIMAS CARDOSO;16/06/2026;VIAGEM 418535
FIB1I00;07/08/2026;5980725;Osasco;500;1166.023;108;11102.4;;;;;;;JOSE DIMAS CARDOSO;06/08/2026;OSEIAS CARDOSO 439957
FIB1I00;11/06/2026;5751187;Piedade;800;1051.673;158;14867.17;;;;;;;JOSE DIMAS CARDOSO;10/06/2026;VIAGEM 416886
OQF9J01;02/09/2026;6080206;Piracicaba;750;886.728;188;11490.87;;;;;;;JOSE DIMAS CARDOSO;01/09/2026;VIAGEM - 443250
FIB1I00;17/07/2026;5902329;Praia Grande;520;86.222;22;1709.52;;;;;;;JOSE DIMAS CARDOSO;17/07/2026;436031
OQF9J01;30/07/2026;5952486;Registro;750;763.814;140;10766.22;;;;;;;JOSE DIMAS CARDOSO;30/07/2026;438316
OQF9J01;23/06/2026;5795808;Ribeirão Pires;420;773.628;163;11091.32;;;;;;;JOSE DIMAS CARDOSO;22/06/2026;VIAGEM 427016
OQF9J01;15/05/2026;5655621;Santa Bárbara d'Oeste;750;381.587;127;8224.36;;;;;;;JOSE DIMAS CARDOSO;15/05/2026;VIAGEM 388637
FIB1I00;28/04/2026;372236;Santo André;420;137.09;14;1702.8;;;;;;;JOSE DIMAS CARDOSO;29/04/2026;
FIB1I00;01/09/2026;6076608;Santo André;500;1408.4;140;10360;;;;;;;JOSE DIMAS CARDOSO;01/09/2026;VIAGEM - 444245
FIB1I00;12/06/2026;5756707;Santos;700;1076.292;144;14613.42;;;;;;;JOSE DIMAS CARDOSO;12/06/2026;VIAGEM 416262
OQF9J01;12/06/2026;5756711;Santos;520;690.985;74;9058.94;;;;;;;JOSE DIMAS CARDOSO;12/06/2026;VIAGEM 418634
FIB1I00;06/08/2026;5977172;Santos;700;1524.308;170;16050.55;;;;;;;JOSE DIMAS CARDOSO;06/08/2026;OSEIAS CARDOSO - 439329
FIB1I00;02/09/2026;6081066;Santos;700;1117.602;154;15147.27;;;;;;;JOSE DIMAS CARDOSO;02/09/2026;Viagem - 445476
OQF9J01;22/04/2026;361412;São Bernardo do Campo;420;650.937;121;7634.33;;;;;;;JOSE DIMAS CARDOSO;23/04/2026;
OQF9J01;27/04/2026;369306;São Bernardo do Campo;420;657.87;138;8939.43;;;;;;;JOSE DIMAS CARDOSO;28/04/2026;
FIB1I00;28/07/2026;5941814;São Bernardo do Campo;500;1412.779;249;18211.68;;;;;;;JOSE DIMAS CARDOSO;28/07/2026;437857 OSEIAS
FIB1I00;17/09/2026;6145179;São Bernardo do Campo;500;1444.388;202;11923.91;;;;;;;JOSE DIMAS CARDOSO;17/09/2026;Oseias - 450.864
FIB1I00;04/08/2026;5970334;São José dos Campos;800;1461.658;199;16404.95;;;;;;;JOSE DIMAS CARDOSO;04/08/2026;438908
OQF9J01;14/04/2026;357848;São Paulo;420;792.146;123;9892.11;;;;;;;JOSE DIMAS CARDOSO;15/04/2026;
OQF9J01;17/04/2026;361018;São Paulo;420;596.08;68;5841.06;;;;;;;JOSE DIMAS CARDOSO;18/04/2026;
FIB1I00;22/04/2026;364892;São Paulo;500;1683.708;171;15554.09;;;;;;;JOSE DIMAS CARDOSO;23/04/2026;
OQF9J01;23/04/2026;365240;São Paulo;420;627.497;62;6701.3;;;;;;;JOSE DIMAS CARDOSO;24/04/2026;
FIB1I00;27/04/2026;365372;São Paulo;500;1119.812;116;10941.14;;;;;;;JOSE DIMAS CARDOSO;28/04/2026;
FIB1I00;28/04/2026;371147;São Paulo;420;785.171;139;9076.13;;;;;;;JOSE DIMAS CARDOSO;29/04/2026;
OQF9J01;29/04/2026;372900;São Paulo;420;210.334;15;3009;;;;;;;JOSE DIMAS CARDOSO;30/04/2026;
OQF9J01;29/04/2026;373028;São Paulo;420;495.572;81;5465.81;;;;;;;JOSE DIMAS CARDOSO;30/04/2026;
OQF9J01;04/05/2026;377220;São Paulo;420;403.503;72;5859.33;;;;;;;JOSE DIMAS CARDOSO;05/05/2026;Viagem 377220
OQF9J01;06/05/2026;5618087;São Paulo;420;779.621;140;8098.85;;;;;;;JOSE DIMAS CARDOSO;06/05/2026;Viagem 378541
OQF9J01;06/05/2026;377021;São Paulo;420;696.59;138;10303.61;;;;;;;JOSE DIMAS CARDOSO;07/05/2026;
OQF9J01;11/05/2026;383060;São Paulo;420;444.873;78;5532.2;;;;;;;JOSE DIMAS CARDOSO;12/05/2026;
OQF9J01;11/05/2026;383093;São Paulo;420;309.387;16;2716.44;;;;;;;JOSE DIMAS CARDOSO;12/05/2026;
OQF9J01;13/05/2026;386954;São Paulo;420;923.258;104;9224.05;;;;;;;JOSE DIMAS CARDOSO;14/05/2026;
OQF9J01;14/05/2026;5651022;São Paulo;420;680.602;122;10429.19;;;;;;;JOSE DIMAS CARDOSO;14/05/2026;VIAGEM 387218
OQF9J01;19/05/2026;5667250;São Paulo;420;707.466;90;8188.96;;;;;;;JOSE DIMAS CARDOSO;19/05/2026;VIAGEM 390068
OQF9J01;21/05/2026;5675327;São Paulo;420;517.737;77;6473.67;;;;;;;JOSE DIMAS CARDOSO;21/05/2026;394016
OQF9J01;04/06/2026;5729014;São Paulo;420;619.018;110;9012.03;;;;;;;JOSE DIMAS CARDOSO;04/06/2026;VIAGEM 411275
OQF9J01;09/06/2026;5740689;São Paulo;420;732.869;111;8135.7;;;;;;;JOSE DIMAS CARDOSO;09/06/2026;VIAGEM 413585
FIB1I00;16/06/2026;5768848;São Paulo;500;841.984;144;14264.38;;;;;;;JOSE DIMAS CARDOSO;16/06/2026;VIAGEM 422205
OQF9J01;22/06/2026;5791549;São Paulo;420;847.798;130;7951.2;;;;;;;JOSE DIMAS CARDOSO;22/06/2026;VIAGEM 426030
FIB1I00;25/06/2026;5804065;São Paulo;500;1518.325;279;18688.57;;;;;;;JOSE DIMAS CARDOSO;24/06/2026;VIAGEM 429969
OQF9J01;01/07/2026;5824259;São Paulo;420;526.298;151;8623.6;;;;;;;JOSE DIMAS CARDOSO;30/06/2026;VIAGEM 430503
OQF9J01;03/07/2026;5837824;São Paulo;420;587.3;98;6641.21;;;;;;;JOSE DIMAS CARDOSO;02/07/2026;VIAGEM 432230
FIB1L00;06/07/2026;5849553;São Paulo;500;1462.61;300;24759.66;;;;;;;JOSE DIMAS CARDOSO;06/07/2026;432690 OSEIAS
FIB1I00;22/07/2026;5914667;São Paulo;500;1513.998;129;12778.68;;;;;;;JOSE DIMAS CARDOSO;22/07/2026;436653 OSEIAS
OQF9J01;06/08/2026;5977369;São Paulo;420;589.895;71;6388.64;;;;;;;JOSE DIMAS CARDOSO;06/08/2026;Viagem - 439767
OQF9J01;11/08/2026;5992602;São Paulo;420;828.264;91;9040.44;;;;;;;JOSE DIMAS CARDOSO;10/08/2026;VIAGEM 439794
OQF9J01;12/08/2026;5997875;São Paulo;420;869.64;166;10218.12;;;;;;;JOSE DIMAS CARDOSO;11/08/2026;DIMAS
FIB1I00;13/08/2026;6002759;São Paulo;500;737.572;229;16190.01;;;;;;;JOSE DIMAS CARDOSO;12/08/2026;OSEIAS
FIB1I00;17/08/2026;6013664;São Paulo;500;695.194;197;18081.68;;;;;;;JOSE DIMAS CARDOSO;14/08/2026;OSEIAS
FIB1I00;17/08/2026;6017654;São Paulo;500;891.695;203;17368.09;;;;;;;JOSE DIMAS CARDOSO;17/08/2026;442.092
OQF9J01;25/08/2026;6046594;São Paulo;420;867.207;130;11710.08;;;;;;;JOSE DIMAS CARDOSO;24/08/2026;VIAGEM - 443586
OQF9J01;26/08/2026;6051806;São Paulo;420;777.404;127;10050.74;;;;;;;JOSE DIMAS CARDOSO;25/08/2026;VIAGEM - 444704
FIB1I00;03/09/2026;6085983;São Paulo;500;1130.339;171;12952.08;;;;;;;JOSE DIMAS CARDOSO;02/09/2026;VIAGEM - 443234
OQF9J01;09/09/2026;6104531;São Paulo;420;677.791;115;8632.44;;;;;;;JOSE DIMAS CARDOSO;08/09/2026;VIAGEM 447305
FIB1I00;09/09/2026;6104845;São Paulo;500;1268.158;189;12358.87;;;;;;;JOSE DIMAS CARDOSO;08/09/2026;VIAGEM - 447645
OQF9J01;08/06/2026;5733055;São Roque;520;863.147;115;9229.82;;;;;;;JOSE DIMAS CARDOSO;05/06/2026;VIAGEM 412529
FIB1I00;29/04/2026;373655;Sorocaba;670;127.347;19;1632.81;;;;;;;JOSE DIMAS CARDOSO;30/04/2026;
FIB1I00;29/04/2026;371709;Sorocaba;900;1301.316;118;12165.6;;;;;;;JOSE DIMAS CARDOSO;30/04/2026;
FIB1I00;03/06/2026;5722582;Sorocaba;800;673.826;221;16465.32;;;;;;;JOSE DIMAS CARDOSO;02/06/2026;VIAGEM 408834
FIB1I00;09/06/2026;5740489;Sorocaba;800;1288.16;278;16404.2;;;;;;;JOSE DIMAS CARDOSO;08/06/2026;VIAGEM 408207
OQF9J01;02/07/2026;5832589;Sorocaba;650;652.559;94;7801.2;;;;;;;JOSE DIMAS CARDOSO;01/07/2026;VIAGEM 430850
OQF9J01;27/07/2026;5936831;Sorocaba;650;580.4;86;4184.4;;;;;;;JOSE DIMAS CARDOSO;27/07/2026;408770
FIB1I00;03/08/2026;5961330;Sorocaba;650;601.279;106;7892.34;;;;;;;JOSE DIMAS CARDOSO;03/08/2026;OSEIAS CARDOSO 438932 E 438933
FIB1I00;09/09/2026;6110748;Sorocaba;650;911.493;188;11977.07;;;;;;;JOSE DIMAS CARDOSO;09/09/2026;447.975
FIB1I00;10/09/2026;6113411;Sorocaba;650;911.493;188;11977.07;;;;;;;JOSE DIMAS CARDOSO;10/09/2026;OSEIAS CARDOSO - 447975
FIB1I00;16/09/2026;6134976;Sorocaba;800;1025.028;169;15822.04;;;;;;;JOSE DIMAS CARDOSO;15/09/2026;Oseias - 449474
FIB1I00;28/08/2026;6062553;Sumaré;800;1249.043;120;11632.12;;;;;;;JOSE DIMAS CARDOSO;27/08/2026;VIAGEM - 445119
FIB1I00;26/08/2026;6056685;Suzano;700;1390.781;225;18626.03;;;;;;;JOSE DIMAS CARDOSO;26/08/2026;444.938
OQF9J01;29/06/2026;5814858;Taboão da Serra;420;604.284;163;7293.13;;;;;;;JOSE DIMAS CARDOSO;27/06/2026;VIAGEM 431199
FIB1I00;08/06/2026;5734299;Valinhos;800;1607.981;239;18719.78;;;;;;;JOSE DIMAS CARDOSO;05/06/2026;VIAGEM 412365
FIB1I00;04/09/2026;6091780;Valinhos;800;953.199;120;11852.42;;;;;;;JOSE DIMAS CARDOSO;03/09/2026;VIAGEM - 445737
FIB1I00;14/04/2026;351417;Várzea Paulista;520;840.562;167;17000.54;;;;;;;JOSE DIMAS CARDOSO;15/04/2026;
FIB1I00;23/04/2026;366134;Votorantim;900;1351.277;228;15015.74;;;;;;;JOSE DIMAS CARDOSO;24/04/2026;
FIB1I00;19/05/2026;5667266;Votorantim;800;1300.185;120;10766.1;;;;;;;JOSE DIMAS CARDOSO;19/05/2026;VIAGEM 390064
OQF9J01;09/07/2026;5862392;Votorantim;650;816.162;72;6799.9;;;;;;;JOSE DIMAS CARDOSO;09/07/2026;431471
FIR7I69;02/07/2026;5832884;Americana;1550;4650.39;446;37376.14;;;;;;;JS - RODRIGUES TRANSPORTES E ARTIGOS AGROPECUARIOS EM GERAL LTDA;01/07/2026;VIAGEM 412009
FIR7I69;14/09/2026;6122435;Atibaia;1200;3391.833;618;63465.12;;;;;;;JS - RODRIGUES TRANSPORTES E ARTIGOS AGROPECUARIOS EM GERAL LTDA;11/09/2026;VIAGEM - 448871
FIR7I69;15/04/2026;345417;Barueri;;5863.898;756;67046.54;;;;;;;JS - RODRIGUES TRANSPORTES E ARTIGOS AGROPECUARIOS EM GERAL LTDA;16/04/2026;
FQH1332;11/06/2026;5751393;Barueri;800;4121.645;521;42645.67;;;;;;;JS - RODRIGUES TRANSPORTES E ARTIGOS AGROPECUARIOS EM GERAL LTDA;11/06/2026;VIAGEM 411993
FIR7I69;30/06/2026;5820600;Barueri;900;7260.243;642;72029;;;;;;;JS - RODRIGUES TRANSPORTES E ARTIGOS AGROPECUARIOS EM GERAL LTDA;29/06/2026;VIAGEM 422990
FQH1332;20/07/2026;5908911;Barueri;800;4317.681;434;44534.89;;;;;;;JS - RODRIGUES TRANSPORTES E ARTIGOS AGROPECUARIOS EM GERAL LTDA;21/07/2026;435176
FQH1332;27/04/2026;365175;Caieiras;1000;4061.053;628;38698.12;;;;;;;JS - RODRIGUES TRANSPORTES E ARTIGOS AGROPECUARIOS EM GERAL LTDA;28/04/2026;
FQH1332;14/07/2026;5877698;Caieiras;1200;3149.351;508;36654.43;;;;;;;JS - RODRIGUES TRANSPORTES E ARTIGOS AGROPECUARIOS EM GERAL LTDA;14/07/2026;VIAGEM 435049
FQH1332;15/06/2026;5761837;Cajamar;1200;3737.1;300;37440;;;;;;;JS - RODRIGUES TRANSPORTES E ARTIGOS AGROPECUARIOS EM GERAL LTDA;12/06/2026;VIAGEM 416160
FQH1332;01/07/2026;5826665;Cajamar;1200;1303.339;359;41654.72;;;;;;;JS - RODRIGUES TRANSPORTES E ARTIGOS AGROPECUARIOS EM GERAL LTDA;30/06/2026;VIAGEM 430712
FQH1332;24/08/2026;6044059;Cajamar;1200;2234.584;710;73638.17;;;;;;;JS - RODRIGUES TRANSPORTES E ARTIGOS AGROPECUARIOS EM GERAL LTDA;24/08/2026;eliseu 442.906
FQH1332;22/04/2026;364881;Campinas;1400;4041.762;833;48118.36;;;;;;;JS - RODRIGUES TRANSPORTES E ARTIGOS AGROPECUARIOS EM GERAL LTDA;23/04/2026;
FQH1332;22/07/2026;5919658;Campinas;1400;4475.092;639;30174.68;;;;;;;JS - RODRIGUES TRANSPORTES E ARTIGOS AGROPECUARIOS EM GERAL LTDA;22/07/2026;436887
FIR7I69;17/08/2026;6017632;Campinas;1550;5115.449;535;51361;;;;;;;JS - RODRIGUES TRANSPORTES E ARTIGOS AGROPECUARIOS EM GERAL LTDA;17/08/2026;436.918
FQH1332;27/08/2026;6057100;Campinas;1400;2946.748;504;27770.88;;;;;;;JS - RODRIGUES TRANSPORTES E ARTIGOS AGROPECUARIOS EM GERAL LTDA;27/08/2026;443788
FIR7I69;22/04/2026;350765;Caraguatatuba;1800;4754.93;510;48201.9;;;;;;;JS - RODRIGUES TRANSPORTES E ARTIGOS AGROPECUARIOS EM GERAL LTDA;23/04/2026;
FQH1332;08/05/2026;378377;Caraguatatuba;1900;136.894;9;1266.72;;;;;;;JS - RODRIGUES TRANSPORTES E ARTIGOS AGROPECUARIOS EM GERAL LTDA;09/05/2026;
FIR7I69;25/05/2026;5688306;Caraguatatuba;2100;4751.267;580;51026.65;;;;;;;JS - RODRIGUES TRANSPORTES E ARTIGOS AGROPECUARIOS EM GERAL LTDA;25/05/2026;VIAGEM 375769
FIR7I69;13/07/2026;5876322;Caraguatatuba;2100;5691.84;598;51782.69;;;;;;;JS - RODRIGUES TRANSPORTES E ARTIGOS AGROPECUARIOS EM GERAL LTDA;13/07/2026;424818
FIR7I69;12/05/2026;371274;Carapicuíba;900;4641.24;780;57398.2;;;;;;;JS - RODRIGUES TRANSPORTES E ARTIGOS AGROPECUARIOS EM GERAL LTDA;13/05/2026;
FQH1332;07/08/2026;5981892;Carapicuíba;800;2954.4;240;24480;;;;;;;JS - RODRIGUES TRANSPORTES E ARTIGOS AGROPECUARIOS EM GERAL LTDA;07/08/2026;VIAGEM 437945
FIR7I69;18/04/2026;358189;Diadema;800;1824.373;266;18907.21;;;;;;;JS - RODRIGUES TRANSPORTES E ARTIGOS AGROPECUARIOS EM GERAL LTDA;18/04/2026;
FIR7I69;02/06/2026;5718191;Embu das Artes;800;4592.381;499;54148.49;;;;;;;JS - RODRIGUES TRANSPORTES E ARTIGOS AGROPECUARIOS EM GERAL LTDA;02/06/2026;VIAGEM 405137
FQH1332;12/06/2026;5755843;Ferraz de Vasconcelos;800;3747.01;399;34555.42;;;;;;;JS - RODRIGUES TRANSPORTES E ARTIGOS AGROPECUARIOS EM GERAL LTDA;11/06/2026;VIAGEM 411994
FQH1332;18/05/2026;387677;Francisco Morato;1200;3133.73;489;30636.43;;;;;;;JS - RODRIGUES TRANSPORTES E ARTIGOS AGROPECUARIOS EM GERAL LTDA;19/05/2026;
FIR7I69;17/06/2026;5771365;Francisco Morato;1200;4513.865;618;40284.34;;;;;;;JS - RODRIGUES TRANSPORTES E ARTIGOS AGROPECUARIOS EM GERAL LTDA;16/06/2026;VIAGEM 422224
FIR7I69;17/04/2026;350773;Guarujá;1100;4611.31;625;56092.51;;;;;;;JS - RODRIGUES TRANSPORTES E ARTIGOS AGROPECUARIOS EM GERAL LTDA;17/04/2026;
FIR7I69;14/05/2026;382138;Guarujá;1400;5048.67;699;50494.17;;;;;;;JS - RODRIGUES TRANSPORTES E ARTIGOS AGROPECUARIOS EM GERAL LTDA;15/05/2026;
FIR7I69;26/05/2026;5693383;Guarujá;1200;3998.688;576;28374;;;;;;;JS - RODRIGUES TRANSPORTES E ARTIGOS AGROPECUARIOS EM GERAL LTDA;26/05/2026;VIAGEM 398801
FIR7I69;25/06/2026;5804895;Guarujá;1200;4001.481;420;34372.75;;;;;;;JS - RODRIGUES TRANSPORTES E ARTIGOS AGROPECUARIOS EM GERAL LTDA;25/06/2026;CLAUDIO CORREIA - 429071
FIR7I69;29/07/2026;5947486;Guarujá;1200;4293.627;560;40616.72;;;;;;;JS - RODRIGUES TRANSPORTES E ARTIGOS AGROPECUARIOS EM GERAL LTDA;29/07/2026;438152
FQH1332;14/08/2026;6009106;Guarujá;1200;3681.864;505;36898.08;;;;;;;JS - RODRIGUES TRANSPORTES E ARTIGOS AGROPECUARIOS EM GERAL LTDA;14/08/2026;441813
FIR7I69;01/09/2026;6076592;Guarujá;1200;4402.902;491;43301.31;;;;;;;JS - RODRIGUES TRANSPORTES E ARTIGOS AGROPECUARIOS EM GERAL LTDA;31/08/2026;VIAGEM - 445324
FQH1332;08/09/2026;6099819;Guarujá;1200;2203.404;310;22612.21;;;;;;;JS - RODRIGUES TRANSPORTES E ARTIGOS AGROPECUARIOS EM GERAL LTDA;07/09/2026;VIAGEM - 445546
FIR7I69;22/06/2026;5794961;Ibiúna;1200;4356.711;599;50468.62;;;;;;;JS - RODRIGUES TRANSPORTES E ARTIGOS AGROPECUARIOS EM GERAL LTDA;22/06/2026;CLAUDIO CARNEIRO - 427083  /  424343
FQH1332;08/05/2026;5626555;Ilhabela;;23688.808;3916;151227.98;;;;;;;JS - RODRIGUES TRANSPORTES E ARTIGOS AGROPECUARIOS EM GERAL LTDA;08/05/2026;Viagem 377188
FQH1332;12/05/2026;371271;Indaiatuba;1400;2682.275;486;36414.45;;;;;;;JS - RODRIGUES TRANSPORTES E ARTIGOS AGROPECUARIOS EM GERAL LTDA;12/05/2026;
FQH1332;22/09/2026;6155319;Indaiatuba;1400;4525.951;515;45817.74;;;;;;;JS - RODRIGUES TRANSPORTES E ARTIGOS AGROPECUARIOS EM GERAL LTDA;21/09/2026;ELISEU/445533
FIR7I69;20/04/2026;360954;Itanhaém;1300;4896.7;541;40518.1;;;;;;;JS - RODRIGUES TRANSPORTES E ARTIGOS AGROPECUARIOS EM GERAL LTDA;23/04/2026;
FIR7I69;09/05/2026;381906;Itanhaém;;5711.013;778;54338.5;;;;;;;JS - RODRIGUES TRANSPORTES E ARTIGOS AGROPECUARIOS EM GERAL LTDA;10/05/2026;
FIR7I69;22/07/2026;5919345;Itanhaém;1550;5034.7;714;54543.03;;;;;;;JS - RODRIGUES TRANSPORTES E ARTIGOS AGROPECUARIOS EM GERAL LTDA;22/07/2026;434376
FIR7I69;04/06/2026;5729137;Itapecerica da Serra;900;6168.376;823;59778.8;;;;;;;JS - RODRIGUES TRANSPORTES E ARTIGOS AGROPECUARIOS EM GERAL LTDA;04/06/2026;VIAGEM 412238
FQH1332;07/07/2026;5854582;Itapecerica da Serra;800;3901.288;390;28014.02;;;;;;;JS - RODRIGUES TRANSPORTES E ARTIGOS AGROPECUARIOS EM GERAL LTDA;07/07/2026;433783
FQH1332;20/08/2026;6030364;Itapecerica da Serra;800;3588.662;385;28214.34;;;;;;;JS - RODRIGUES TRANSPORTES E ARTIGOS AGROPECUARIOS EM GERAL LTDA;19/08/2026;ELISEU
FQH1332;17/06/2026;5773955;Itapevi;1200;2993.82;310;26383.56;;;;;;;JS - RODRIGUES TRANSPORTES E ARTIGOS AGROPECUARIOS EM GERAL LTDA;17/06/2026;VIAGEM 418042
FIR7I69;18/06/2026;5778603;Itaquaquecetuba;1200;2601.906;298;22067.15;;;;;;;JS - RODRIGUES TRANSPORTES E ARTIGOS AGROPECUARIOS EM GERAL LTDA;17/06/2026;VIAGEM 414824
FQH1332;03/07/2026;5837505;Itaquaquecetuba;1200;3498.981;381;32983.4;;;;;;;JS - RODRIGUES TRANSPORTES E ARTIGOS AGROPECUARIOS EM GERAL LTDA;02/07/2026;VIAGEM 430525
FQH1332;25/05/2026;5688196;Itariri;1400;3678.831;414;23811.82;;;;;;;JS - RODRIGUES TRANSPORTES E ARTIGOS AGROPECUARIOS EM GERAL LTDA;25/05/2026;VIAGEM 398768
FQH1332;15/05/2026;376790;Itatiba;1400;4219.528;395;40527.18;;;;;;;JS - RODRIGUES TRANSPORTES E ARTIGOS AGROPECUARIOS EM GERAL LTDA;16/05/2026;
FQH1332;15/05/2026;388175;Itatiba;1400;252.256;20;2732.4;;;;;;;JS - RODRIGUES TRANSPORTES E ARTIGOS AGROPECUARIOS EM GERAL LTDA;16/05/2026;
FIR7I69;07/05/2026;366792;Itu;1400;4169.392;940;57013.75;;;;;;;JS - RODRIGUES TRANSPORTES E ARTIGOS AGROPECUARIOS EM GERAL LTDA;08/05/2026;
FQH1332;02/09/2026;6080199;Itupeva;1200;3246.45;425;40393.18;;;;;;;JS - RODRIGUES TRANSPORTES E ARTIGOS AGROPECUARIOS EM GERAL LTDA;01/09/2026;VIAGEM - 445376
FQH1332;06/05/2026;5617368;Jundiaí;1200;3654.16;356;30528;;;;;;;JS - RODRIGUES TRANSPORTES E ARTIGOS AGROPECUARIOS EM GERAL LTDA;06/05/2026;Viagem 369305
FQH1332;06/05/2026;369305;Jundiaí;1200;3654.16;356;30528;;;;;;;JS - RODRIGUES TRANSPORTES E ARTIGOS AGROPECUARIOS EM GERAL LTDA;07/05/2026;
FIR7I69;11/06/2026;5749985;Jundiaí;1400;5053.25;470;46497.3;;;;;;;JS - RODRIGUES TRANSPORTES E ARTIGOS AGROPECUARIOS EM GERAL LTDA;10/06/2026;VIAGEM 408505
FQH1332;10/09/2026;6107750;Jundiaí;1200;4531.105;396;45767.64;;;;;;;JS - RODRIGUES TRANSPORTES E ARTIGOS AGROPECUARIOS EM GERAL LTDA;09/09/2026;Eliseu 443.191
FQH1332;14/04/2026;358906;Mairiporã;1000;44.38;11;788;;;;;;;JS - RODRIGUES TRANSPORTES E ARTIGOS AGROPECUARIOS EM GERAL LTDA;15/04/2026;
FIR7I69;08/07/2026;5855891;Mauá;900;4829.12;559;44777.25;;;;;;;JS - RODRIGUES TRANSPORTES E ARTIGOS AGROPECUARIOS EM GERAL LTDA;08/07/2026;CLAUDIO CORREIA 424812
FIR7I69;24/07/2026;5929613;Mauá;800;4055.33;528;41799.85;;;;;;;JS - RODRIGUES TRANSPORTES E ARTIGOS AGROPECUARIOS EM GERAL LTDA;24/07/2026;435906
FIR7I69;18/09/2026;6145441;Mauá;900;5549.583;689;49051.65;;;;;;;JS - RODRIGUES TRANSPORTES E ARTIGOS AGROPECUARIOS EM GERAL LTDA;17/09/2026;VIAGEM - 447471
FIR7I69;13/04/2026;341253;Mogi das Cruzes;1000;4076.425;437;42568.63;;;;;;;JS - RODRIGUES TRANSPORTES E ARTIGOS AGROPECUARIOS EM GERAL LTDA;14/04/2026;
FIR7I69;13/04/2026;350457;Mogi das Cruzes;1000;305.999;20;2899.2;;;;;;;JS - RODRIGUES TRANSPORTES E ARTIGOS AGROPECUARIOS EM GERAL LTDA;14/04/2026;
FIR7I69;30/04/2026;373176;Mogi das Cruzes;1000;1344.723;239;16810.69;;;;;;;JS - RODRIGUES TRANSPORTES E ARTIGOS AGROPECUARIOS EM GERAL LTDA;01/05/2026;
FQH1332;21/05/2026;371261;Mogi das Cruzes;1200;4136.92;644;49668.45;;;;;;;JS - RODRIGUES TRANSPORTES E ARTIGOS AGROPECUARIOS EM GERAL LTDA;21/05/2026;Viagem 371261
FIR7I69;03/06/2026;5723433;Mogi das Cruzes;1400;5029.598;656;53138.04;;;;;;;JS - RODRIGUES TRANSPORTES E ARTIGOS AGROPECUARIOS EM GERAL LTDA;02/06/2026;VIAGEM 384691
FQH1332;05/06/2026;5729610;Mogi das Cruzes;1200;3781.654;657;38690.35;;;;;;;JS - RODRIGUES TRANSPORTES E ARTIGOS AGROPECUARIOS EM GERAL LTDA;04/06/2026;VIAGEM 407711
FIR7I69;07/08/2026;5985899;Mogi das Cruzes;1200;4163.786;567;47331.02;;;;;;;JS - RODRIGUES TRANSPORTES E ARTIGOS AGROPECUARIOS EM GERAL LTDA;07/08/2026;VIAGEM 435676
FQH1332;14/09/2026;6119613;Mogi das Cruzes;1200;3552.888;483;37338.73;;;;;;;JS - RODRIGUES TRANSPORTES E ARTIGOS AGROPECUARIOS EM GERAL LTDA;11/09/2026;Eliseu - 447.455
FQH1332;30/07/2026;5947923;Mongaguá;1200;3856.673;461;32148.88;;;;;;;JS - RODRIGUES TRANSPORTES E ARTIGOS AGROPECUARIOS EM GERAL LTDA;30/07/2026;VIAGEM 438310
FQH1332;23/04/2026;358838;Osasco;800;4170.862;433;42285.83;;;;;;;JS - RODRIGUES TRANSPORTES E ARTIGOS AGROPECUARIOS EM GERAL LTDA;24/04/2026;
FIR7I69;28/04/2026;370653;Osasco;800;3817.47;315;31788;;;;;;;JS - RODRIGUES TRANSPORTES E ARTIGOS AGROPECUARIOS EM GERAL LTDA;29/04/2026;
FQH1332;05/05/2026;371188;Osasco;800;3513.06;731;49954.13;;;;;;;JS - RODRIGUES TRANSPORTES E ARTIGOS AGROPECUARIOS EM GERAL LTDA;06/05/2026;
FQH1332;13/05/2026;371264;Osasco;800;4456.76;660;48192.26;;;;;;;JS - RODRIGUES TRANSPORTES E ARTIGOS AGROPECUARIOS EM GERAL LTDA;13/05/2026;ELISEU 371264
FIR7I69;24/06/2026;5799994;Osasco;800;4437.485;581;38337.66;;;;;;;JS - RODRIGUES TRANSPORTES E ARTIGOS AGROPECUARIOS EM GERAL LTDA;23/06/2026;VIAGEM 428999
FIR7I69;16/07/2026;5895724;Osasco;900;5420.859;709;57997.25;;;;;;;JS - RODRIGUES TRANSPORTES E ARTIGOS AGROPECUARIOS EM GERAL LTDA;16/07/2026;claudio 430.856
FIR7I69;11/08/2026;5991873;Osasco;900;5196.66;420;42840;;;;;;;JS - RODRIGUES TRANSPORTES E ARTIGOS AGROPECUARIOS EM GERAL LTDA;10/08/2026;VIAGEM 437942
FQH1332;28/08/2026;6062660;Osasco;800;2824.963;405;33991.78;;;;;;;JS - RODRIGUES TRANSPORTES E ARTIGOS AGROPECUARIOS EM GERAL LTDA;28/08/2026;ELISEU 444944
FQH1332;09/09/2026;6105047;Osasco;800;1272.16;504;40320;;;;;;;JS - RODRIGUES TRANSPORTES E ARTIGOS AGROPECUARIOS EM GERAL LTDA;09/09/2026;446058
FIR7I69;31/05/2026;5713242;Pariquera-Açu;2300;5371.44;567;53762.4;;;;;;;JS - RODRIGUES TRANSPORTES E ARTIGOS AGROPECUARIOS EM GERAL LTDA;31/05/2026;VIAGEM 405368
FQH1332;14/05/2026;376728;Paulínia;1400;2897.596;354;33339.7;;;;;;;JS - RODRIGUES TRANSPORTES E ARTIGOS AGROPECUARIOS EM GERAL LTDA;14/05/2026;
FQH1332;02/07/2026;5831604;Paulínia;1400;3810.976;472;39605.33;;;;;;;JS - RODRIGUES TRANSPORTES E ARTIGOS AGROPECUARIOS EM GERAL LTDA;01/07/2026;VIAGEM 430832
FQH1332;29/07/2026;5942111;Peruíbe;1550;4611.724;521;37411.27;;;;;;;JS - RODRIGUES TRANSPORTES E ARTIGOS AGROPECUARIOS EM GERAL LTDA;29/07/2026;VIAGEM 438154
FQH1332;19/05/2026;376727;Piracicaba;1550;4355.979;485;48821.67;;;;;;;JS - RODRIGUES TRANSPORTES E ARTIGOS AGROPECUARIOS EM GERAL LTDA;20/05/2026;
FIR7I69;31/07/2026;5959210;Piracicaba;1750;4737.435;560;46990.15;;;;;;;JS - RODRIGUES TRANSPORTES E ARTIGOS AGROPECUARIOS EM GERAL LTDA;31/07/2026;435914
FQH1332;01/09/2026;6073281;Registro;1550;3146.508;348;31530.47;;;;;;;JS - RODRIGUES TRANSPORTES E ARTIGOS AGROPECUARIOS EM GERAL LTDA;31/08/2026;Eliseu - 445322
FQH1332;15/09/2026;6129969;Registro;1550;3182.912;354;30739.77;;;;;;;JS - RODRIGUES TRANSPORTES E ARTIGOS AGROPECUARIOS EM GERAL LTDA;15/09/2026;VIAGEM - 448085
FIR7I69;23/05/2026;5681708;Ribeirão Preto;2500;5258.52;560;55306.92;;;;;;;JS - RODRIGUES TRANSPORTES E ARTIGOS AGROPECUARIOS EM GERAL LTDA;23/05/2026;VIAGEM 378407
FIR7I69;19/09/2026;6151643;Ribeirão Preto;2500;5907.458;726;58984.16;;;;;;;JS - RODRIGUES TRANSPORTES E ARTIGOS AGROPECUARIOS EM GERAL LTDA;19/09/2026;Claudio - 447.502
FIR7I69;01/07/2026;5824616;Rio Claro;1550;4409.599;588;49740.15;;;;;;;JS - RODRIGUES TRANSPORTES E ARTIGOS AGROPECUARIOS EM GERAL LTDA;30/06/2026;VIAGEM 430038
FIR7I69;20/07/2026;5908749;Santa Bárbara d'Oeste;1750;5152.955;470;44210.53;;;;;;;JS - RODRIGUES TRANSPORTES E ARTIGOS AGROPECUARIOS EM GERAL LTDA;20/07/2026;435.920
FQH1332;27/07/2026;5936833;Santo André;800;4350.61;586;47047.96;;;;;;;JS - RODRIGUES TRANSPORTES E ARTIGOS AGROPECUARIOS EM GERAL LTDA;27/07/2026;435922 ELISEU
FIR7I69;06/08/2026;5980160;Santo André;900;5581.028;688;61238.04;;;;;;;JS - RODRIGUES TRANSPORTES E ARTIGOS AGROPECUARIOS EM GERAL LTDA;06/08/2026;claudio 439925
FQH1332;17/09/2026;6141244;Santo André;800;3625.535;420;34464.32;;;;;;;JS - RODRIGUES TRANSPORTES E ARTIGOS AGROPECUARIOS EM GERAL LTDA;17/09/2026;Eliseu - 447.457
FQH1332;15/07/2026;5883138;Santos;1200;4374.855;670;41314.93;;;;;;;JS - RODRIGUES TRANSPORTES E ARTIGOS AGROPECUARIOS EM GERAL LTDA;15/07/2026;VIAGEM 435322
FQH1332;06/08/2026;5976620;Santos;1200;3710.64;300;30600;;;;;;;JS - RODRIGUES TRANSPORTES E ARTIGOS AGROPECUARIOS EM GERAL LTDA;06/08/2026;VIAGEM 437923
FIR7I69;11/09/2026;6115474;Santos;1400;5975.629;898;63952.33;;;;;;;JS - RODRIGUES TRANSPORTES E ARTIGOS AGROPECUARIOS EM GERAL LTDA;10/09/2026;VIAGEM - 443224
FIR7I69;30/04/2026;369240;São Bernardo do Campo;800;3453.897;982;57424.6;;;;;;;JS - RODRIGUES TRANSPORTES E ARTIGOS AGROPECUARIOS EM GERAL LTDA;30/04/2026;
CXJ7A56;14/05/2026;384811;São Bernardo do Campo;800;3642.393;562;37274.77;;;;;;;JS - RODRIGUES TRANSPORTES E ARTIGOS AGROPECUARIOS EM GERAL LTDA;15/05/2026;
FQH1332;08/07/2026;5860426;São Bernardo do Campo;800;2489.799;408;26503.65;;;;;;;JS - RODRIGUES TRANSPORTES E ARTIGOS AGROPECUARIOS EM GERAL LTDA;08/07/2026;433814
FIR7I69;17/07/2026;5902479;São Bernardo do Campo;800;1228.274;1223;84494.59;;;;;;;JS - RODRIGUES TRANSPORTES E ARTIGOS AGROPECUARIOS EM GERAL LTDA;17/07/2026;435643
FQH1332;31/07/2026;5953781;São Bernardo do Campo;900;4660.01;535;35936.69;;;;;;;JS - RODRIGUES TRANSPORTES E ARTIGOS AGROPECUARIOS EM GERAL LTDA;31/07/2026;VIAGEM 438719
FIR7I69;31/07/2026;5954799;São Bernardo do Campo;900;5344.428;653;40926.08;;;;;;;JS - RODRIGUES TRANSPORTES E ARTIGOS AGROPECUARIOS EM GERAL LTDA;31/07/2026;CLAUDIO CORREIA 438727 e  438728
FIR7I69;03/08/2026;5965706;São Bernardo do Campo;900;5385.839;734;56477.28;;;;;;;JS - RODRIGUES TRANSPORTES E ARTIGOS AGROPECUARIOS EM GERAL LTDA;03/08/2026;438338
FQH1332;12/08/2026;6000655;São Bernardo do Campo;800;3719.46;300;30600;;;;;;;JS - RODRIGUES TRANSPORTES E ARTIGOS AGROPECUARIOS EM GERAL LTDA;12/08/2026;437.971
FIR7I69;28/08/2026;6063124;São Bernardo do Campo;900;5315.779;561;38252.29;;;;;;;JS - RODRIGUES TRANSPORTES E ARTIGOS AGROPECUARIOS EM GERAL LTDA;28/08/2026;445187 CLAUDIO
FIR7I69;31/08/2026;6067801;São Bernardo do Campo;800;3725.472;445;27150.04;;;;;;;JS - RODRIGUES TRANSPORTES E ARTIGOS AGROPECUARIOS EM GERAL LTDA;28/08/2026;VIAGEM - 445224
FQH1332;19/09/2026;6150003;São Bernardo do Campo;800;3384.994;380;26227.19;;;;;;;JS - RODRIGUES TRANSPORTES E ARTIGOS AGROPECUARIOS EM GERAL LTDA;18/09/2026;ELISEU/451307
FIR7I69;21/07/2026;5914341;São Carlos;;4962.785;472;44043.75;;;;;;;JS - RODRIGUES TRANSPORTES E ARTIGOS AGROPECUARIOS EM GERAL LTDA;21/07/2026;435905
FIR7I69;08/06/2026;5734362;São José do Rio Preto;;5679.66;469;43747.2;;;;;;;JS - RODRIGUES TRANSPORTES E ARTIGOS AGROPECUARIOS EM GERAL LTDA;06/06/2026;VIAGEM 404015
FIR7I69;05/05/2026;369656;São José dos Campos;1550;5201.268;489;50922.5;;;;;;;JS - RODRIGUES TRANSPORTES E ARTIGOS AGROPECUARIOS EM GERAL LTDA;06/05/2026;
FIR7I69;06/05/2026;371197;São José dos Campos;1550;4630.055;741;54785.65;;;;;;;JS - RODRIGUES TRANSPORTES E ARTIGOS AGROPECUARIOS EM GERAL LTDA;07/05/2026;
FQH1332;08/05/2026;377188;São José dos Campos;1400;3345.247;664;45051.32;;;;;;;JS - RODRIGUES TRANSPORTES E ARTIGOS AGROPECUARIOS EM GERAL LTDA;09/05/2026;
FQH1332;24/07/2026;5929691;São José dos Campos;1400;4021.87;530;42573.75;;;;;;;JS - RODRIGUES TRANSPORTES E ARTIGOS AGROPECUARIOS EM GERAL LTDA;24/07/2026;eliseu 435.926
FQH1332;03/08/2026;5965578;São José dos Campos;1400;3719.46;300;30600;;;;;;;JS - RODRIGUES TRANSPORTES E ARTIGOS AGROPECUARIOS EM GERAL LTDA;03/08/2026;437.979
FQH1332;21/08/2026;6035270;São José dos Campos;1400;3382.262;633;47374.37;;;;;;;JS - RODRIGUES TRANSPORTES E ARTIGOS AGROPECUARIOS EM GERAL LTDA;21/08/2026;VIAGEM 442957
FIR7I69;10/09/2026;6109989;São José dos Campos;1550;4904.025;509;48563.53;;;;;;;JS - RODRIGUES TRANSPORTES E ARTIGOS AGROPECUARIOS EM GERAL LTDA;09/09/2026;VIAGEM - 445541
FQH1332;18/04/2026;359432;São Paulo;800;4410;350;41216.64;;;;;;;JS - RODRIGUES TRANSPORTES E ARTIGOS AGROPECUARIOS EM GERAL LTDA;18/04/2026;
FIR7I69;24/04/2026;367616;São Paulo;900;4858.176;967;73342.96;;;;;;;JS - RODRIGUES TRANSPORTES E ARTIGOS AGROPECUARIOS EM GERAL LTDA;25/04/2026;
FIR7I69;27/04/2026;370289;São Paulo;900;5568.9;450;27000;;;;;;;JS - RODRIGUES TRANSPORTES E ARTIGOS AGROPECUARIOS EM GERAL LTDA;28/04/2026;
FQH1332;30/04/2026;371245;São Paulo;800;2549.67;342;28227.86;;;;;;;JS - RODRIGUES TRANSPORTES E ARTIGOS AGROPECUARIOS EM GERAL LTDA;01/05/2026;
FIR7I69;05/05/2026;371256;São Paulo;900;4765.725;798;60308.97;;;;;;;JS - RODRIGUES TRANSPORTES E ARTIGOS AGROPECUARIOS EM GERAL LTDA;07/05/2026;
FQH1332;07/05/2026;378869;São Paulo;800;4004.341;697;33314.89;;;;;;;JS - RODRIGUES TRANSPORTES E ARTIGOS AGROPECUARIOS EM GERAL LTDA;08/05/2026;
FQH1332;08/05/2026;383654;São Paulo;800;4237.145;513;36729.77;;;;;;;JS - RODRIGUES TRANSPORTES E ARTIGOS AGROPECUARIOS EM GERAL LTDA;09/05/2026;
FIR7I69;11/05/2026;371447;São Paulo;800;3443.215;511;38536.74;;;;;;;JS - RODRIGUES TRANSPORTES E ARTIGOS AGROPECUARIOS EM GERAL LTDA;12/05/2026;
FIR7I69;13/05/2026;371411;São Paulo;900;4924.15;430;45432;;;;;;;JS - RODRIGUES TRANSPORTES E ARTIGOS AGROPECUARIOS EM GERAL LTDA;14/05/2026;
FQH1332;27/05/2026;5693695;São Paulo;800;475.1;35;3353.25;;;;;;;JS - RODRIGUES TRANSPORTES E ARTIGOS AGROPECUARIOS EM GERAL LTDA;27/05/2026;VIAGEM 387624
FQH1332;29/05/2026;5705673;São Paulo;800;2704.568;347;28046.8;;;;;;;JS - RODRIGUES TRANSPORTES E ARTIGOS AGROPECUARIOS EM GERAL LTDA;29/05/2026;Eliseu Viagem 403391
FQH1332;01/06/2026;5714135;São Paulo;800;3620.578;548;43039.51;;;;;;;JS - RODRIGUES TRANSPORTES E ARTIGOS AGROPECUARIOS EM GERAL LTDA;01/06/2026;Eliseu Viagem 402233
FIR7I69;12/06/2026;5756381;São Paulo;900;4974.45;346;41118.6;;;;;;;JS - RODRIGUES TRANSPORTES E ARTIGOS AGROPECUARIOS EM GERAL LTDA;11/06/2026;VIAGEM 411970
FIR7I69;15/06/2026;5761666;São Paulo;900;6525.07;646;60276.83;;;;;;;JS - RODRIGUES TRANSPORTES E ARTIGOS AGROPECUARIOS EM GERAL LTDA;12/06/2026;VIAGEM 410981
FIR7I69;16/06/2026;5766567;São Paulo;900;5877.78;575;50529.66;;;;;;;JS - RODRIGUES TRANSPORTES E ARTIGOS AGROPECUARIOS EM GERAL LTDA;15/06/2026;422034
FQH1332;18/06/2026;5779237;São Paulo;800;2165.052;408;27807.37;;;;;;;JS - RODRIGUES TRANSPORTES E ARTIGOS AGROPECUARIOS EM GERAL LTDA;18/06/2026;VIAGEM 414841
FQH1332;22/06/2026;5786607;São Paulo;800;4460.4;354;33984;;;;;;;JS - RODRIGUES TRANSPORTES E ARTIGOS AGROPECUARIOS EM GERAL LTDA;19/06/2026;ELISEU 424576
FQH1332;26/06/2026;5809095;São Paulo;900;4784.427;696;47630.21;;;;;;;JS - RODRIGUES TRANSPORTES E ARTIGOS AGROPECUARIOS EM GERAL LTDA;26/06/2026;VIAGEM 428237
FIR7I69;29/06/2026;5813449;São Paulo;900;5143.926;767;53049.48;;;;;;;JS - RODRIGUES TRANSPORTES E ARTIGOS AGROPECUARIOS EM GERAL LTDA;26/06/2026;VIAGEM 430489
FQH1332;06/07/2026;5843286;São Paulo;800;3951.76;517;45533.44;;;;;;;JS - RODRIGUES TRANSPORTES E ARTIGOS AGROPECUARIOS EM GERAL LTDA;03/07/2026;VIAGEM 432679
FIR7I69;07/07/2026;5850048;São Paulo;800;3645.869;462;38158.11;;;;;;;JS - RODRIGUES TRANSPORTES E ARTIGOS AGROPECUARIOS EM GERAL LTDA;07/07/2026;VIAGEM 433292
FIR7I69;15/07/2026;5887482;São Paulo;800;4135.894;555;47244.72;;;;;;;JS - RODRIGUES TRANSPORTES E ARTIGOS AGROPECUARIOS EM GERAL LTDA;15/07/2026;435555
FQH1332;16/07/2026;5895725;São Paulo;800;4031.167;358;35802.8;;;;;;;JS - RODRIGUES TRANSPORTES E ARTIGOS AGROPECUARIOS EM GERAL LTDA;16/07/2026;eliseu 435.577
FQH1332;23/07/2026;5924935;São Paulo;800;3656.22;570;41449.39;;;;;;;JS - RODRIGUES TRANSPORTES E ARTIGOS AGROPECUARIOS EM GERAL LTDA;23/07/2026;435897
FIR7I69;27/07/2026;5936605;São Paulo;900;5036.634;514;41420.87;;;;;;;JS - RODRIGUES TRANSPORTES E ARTIGOS AGROPECUARIOS EM GERAL LTDA;27/07/2026;437.620
FQH1332;01/08/2026;5959521;São Paulo;800;4458.06;360;36720;;;;;;;JS - RODRIGUES TRANSPORTES E ARTIGOS AGROPECUARIOS EM GERAL LTDA;01/08/2026;VIAGEM 437939
FIR7I69;05/08/2026;5970965;São Paulo;800;3549.478;652;56007.8;;;;;;;JS - RODRIGUES TRANSPORTES E ARTIGOS AGROPECUARIOS EM GERAL LTDA;05/08/2026;VIAGEM 437119
FIR7I69;06/08/2026;5977359;São Paulo;800;4307.688;469;44524.47;;;;;;;JS - RODRIGUES TRANSPORTES E ARTIGOS AGROPECUARIOS EM GERAL LTDA;06/08/2026;Claudio Correia - 439629
FQH1332;07/08/2026;5986134;São Paulo;800;1135;450;44190;;;;;;;JS - RODRIGUES TRANSPORTES E ARTIGOS AGROPECUARIOS EM GERAL LTDA;07/08/2026;VIAGEM 440715
FQH1332;11/08/2026;5988424;São Paulo;800;3710.64;300;30600;;;;;;;JS - RODRIGUES TRANSPORTES E ARTIGOS AGROPECUARIOS EM GERAL LTDA;10/08/2026;ELISEU 437936
FQH1332;12/08/2026;5996886;São Paulo;800;4274.655;385;34556.4;;;;;;;JS - RODRIGUES TRANSPORTES E ARTIGOS AGROPECUARIOS EM GERAL LTDA;11/08/2026;VIAGEM 441185
FQH1332;17/08/2026;6013872;São Paulo;800;3447.694;401;29541.9;;;;;;;JS - RODRIGUES TRANSPORTES E ARTIGOS AGROPECUARIOS EM GERAL LTDA;14/08/2026;ELISEU
FIR7I69;19/08/2026;6025442;São Paulo;900;5292;420;40320;;;;;;;JS - RODRIGUES TRANSPORTES E ARTIGOS AGROPECUARIOS EM GERAL LTDA;18/08/2026;VIAGEM 442603
FIR7I69;20/08/2026;6029588;São Paulo;800;4512.474;390;40626.72;;;;;;;JS - RODRIGUES TRANSPORTES E ARTIGOS AGROPECUARIOS EM GERAL LTDA;19/08/2026;CLAUDIO
FQH1332;21/08/2026;6039385;São Paulo;800;3416.554;425;34133.64;;;;;;;JS - RODRIGUES TRANSPORTES E ARTIGOS AGROPECUARIOS EM GERAL LTDA;21/08/2026;442.962
FIR7I69;25/08/2026;6046538;São Paulo;800;193.365;33;2983.68;;;;;;;JS - RODRIGUES TRANSPORTES E ARTIGOS AGROPECUARIOS EM GERAL LTDA;24/08/2026;VIAGEM - 443978
FIR7I69;27/08/2026;6056550;São Paulo;900;4741.644;1119;63556.45;;;;;;;JS - RODRIGUES TRANSPORTES E ARTIGOS AGROPECUARIOS EM GERAL LTDA;26/08/2026;VIAGEM - 444717
FQH1332;29/08/2026;6068305;São Paulo;800;3507.483;435;26405.31;;;;;;;JS - RODRIGUES TRANSPORTES E ARTIGOS AGROPECUARIOS EM GERAL LTDA;29/08/2026;ELISEU 445200
FIR7I69;03/09/2026;6086479;São Paulo;900;5253.66;430;41280;;;;;;;JS - RODRIGUES TRANSPORTES E ARTIGOS AGROPECUARIOS EM GERAL LTDA;03/09/2026;CLAUDIO CORREIA - 446096
FIR7I69;04/09/2026;6091326;São Paulo;900;6700.32;540;32400;;;;;;;JS - RODRIGUES TRANSPORTES E ARTIGOS AGROPECUARIOS EM GERAL LTDA;03/09/2026;VIAGEM 446718
FQH1332;04/09/2026;6092060;São Paulo;800;1745.147;230;17438.79;;;;;;;JS - RODRIGUES TRANSPORTES E ARTIGOS AGROPECUARIOS EM GERAL LTDA;04/09/2026;443236
FIR7I69;08/09/2026;6100181;São Paulo;800;2740;795;63340;;;;;;;JS - RODRIGUES TRANSPORTES E ARTIGOS AGROPECUARIOS EM GERAL LTDA;08/09/2026;CLAUDIO CORREIA - 445516
FIR7I69;09/09/2026;6102874;São Paulo;900;6611.295;822;72197.51;;;;;;;JS - RODRIGUES TRANSPORTES E ARTIGOS AGROPECUARIOS EM GERAL LTDA;08/09/2026;VIAGEM - 444575
FQH1332;11/09/2026;6117055;São Paulo;800;3508.99;490;22925.86;;;;;;;JS - RODRIGUES TRANSPORTES E ARTIGOS AGROPECUARIOS EM GERAL LTDA;11/09/2026;VIAGEM - 448664
FIR7I69;19/09/2026;6149961;São Paulo;800;4536.381;555;38683.25;;;;;;;JS - RODRIGUES TRANSPORTES E ARTIGOS AGROPECUARIOS EM GERAL LTDA;18/09/2026;VIAGEM - 450843
FQH1332;23/09/2026;6161994;São Paulo;800;3953.852;490;35427.29;;;;;;;JS - RODRIGUES TRANSPORTES E ARTIGOS AGROPECUARIOS EM GERAL LTDA;23/09/2026;VIAGEM - 450730
FQH1332;24/09/2026;6167163;São Paulo;800;3978.436;464;42384.39;;;;;;;JS - RODRIGUES TRANSPORTES E ARTIGOS AGROPECUARIOS EM GERAL LTDA;24/09/2026;VIAGEM - 452756
FIR7I69;08/07/2026;5860212;São Vicente;1400;4935.205;567;50423.28;;;;;;;JS - RODRIGUES TRANSPORTES E ARTIGOS AGROPECUARIOS EM GERAL LTDA;08/07/2026;412040 CLAUDIO CORREIA
FQH1332;20/04/2026;350779;Sorocaba;1200;3993.96;465;41696.9;;;;;;;JS - RODRIGUES TRANSPORTES E ARTIGOS AGROPECUARIOS EM GERAL LTDA;23/04/2026;
FIR7I69;27/04/2026;5590362;Sorocaba;1300;4941.645;669;41134.04;;;;;;;JS - RODRIGUES TRANSPORTES E ARTIGOS AGROPECUARIOS EM GERAL LTDA;28/04/2026;Viagem 368705
FIR7I69;27/04/2026;368705;Sorocaba;1550;4941.645;669;41134.04;;;;;;;JS - RODRIGUES TRANSPORTES E ARTIGOS AGROPECUARIOS EM GERAL LTDA;29/04/2026;
FIR7I69;27/05/2026;5698868;Sorocaba;1400;4135.005;646;49951.07;;;;;;;JS - RODRIGUES TRANSPORTES E ARTIGOS AGROPECUARIOS EM GERAL LTDA;27/05/2026;VIAGEM 371272
FIR7I69;23/06/2026;5796172;Sorocaba;1550;5027.15;548;50411.4;;;;;;;JS - RODRIGUES TRANSPORTES E ARTIGOS AGROPECUARIOS EM GERAL LTDA;23/06/2026;CLAUDIO CORREIA - 412038
FQH1332;25/06/2026;5804500;Sorocaba;1400;520;100;3840;;;;;;;JS - RODRIGUES TRANSPORTES E ARTIGOS AGROPECUARIOS EM GERAL LTDA;25/06/2026;VIAGEM 430043
FQH1332;29/06/2026;5813447;Sorocaba;1400;4239.41;440;34108.2;;;;;;;JS - RODRIGUES TRANSPORTES E ARTIGOS AGROPECUARIOS EM GERAL LTDA;26/06/2026;VIAGEM 430509
FIR7I69;23/07/2026;5924676;Sorocaba;1400;220.181;12;1910.16;;;;;;;JS - RODRIGUES TRANSPORTES E ARTIGOS AGROPECUARIOS EM GERAL LTDA;23/07/2026;433.028
FIR7I69;15/09/2026;6129743;Sorocaba;1550;5394.25;638;47742.08;;;;;;;JS - RODRIGUES TRANSPORTES E ARTIGOS AGROPECUARIOS EM GERAL LTDA;14/09/2026;VIAGEM - 443211
FQH1332;30/06/2026;5821049;Sumaré;1400;4060.18;370;25850;;;;;;;JS - RODRIGUES TRANSPORTES E ARTIGOS AGROPECUARIOS EM GERAL LTDA;30/06/2026;VIAGEM 431636
FQH1332;18/09/2026;6145605;Sumaré;1400;3911.325;427;35369.05;;;;;;;JS - RODRIGUES TRANSPORTES E ARTIGOS AGROPECUARIOS EM GERAL LTDA;18/09/2026;VIAGEM - 447460
FIR7I69;20/05/2026;5671900;Suzano;1200;2202.41;453;27919.47;;;;;;;JS - RODRIGUES TRANSPORTES E ARTIGOS AGROPECUARIOS EM GERAL LTDA;20/05/2026;VIAGEM 376500
FIR7I69;20/05/2026;376500;Suzano;1200;2202.41;453;27919.47;;;;;;;JS - RODRIGUES TRANSPORTES E ARTIGOS AGROPECUARIOS EM GERAL LTDA;21/05/2026;
FQH1332;19/09/2026;6151529;Suzano;1200;4263.227;594;45494.42;;;;;;;JS - RODRIGUES TRANSPORTES E ARTIGOS AGROPECUARIOS EM GERAL LTDA;19/09/2026;Eliseu - 444.652
FQH1332;05/08/2026;5971202;Taboão da Serra;800;3972.289;504;40927.38;;;;;;;JS - RODRIGUES TRANSPORTES E ARTIGOS AGROPECUARIOS EM GERAL LTDA;05/08/2026;ELISEU - 438913
FIR7I69;14/08/2026;6006776;Taboão da Serra;900;5196.66;420;42840;;;;;;;JS - RODRIGUES TRANSPORTES E ARTIGOS AGROPECUARIOS EM GERAL LTDA;13/08/2026;VIAGEM 437952
FQH1332;26/08/2026;6051919;Taboão da Serra;800;3910.405;346;37768.61;;;;;;;JS - RODRIGUES TRANSPORTES E ARTIGOS AGROPECUARIOS EM GERAL LTDA;26/08/2026;444774
FQH1332;16/09/2026;6135354;Taboão da Serra;800;4203.485;436;38320.65;;;;;;;JS - RODRIGUES TRANSPORTES E ARTIGOS AGROPECUARIOS EM GERAL LTDA;16/09/2026;VIAGEM - 449437
ERG6E53;19/06/2026;5783799;Atibaia;700;1675.895;219;21096.86;;;;;;;KAUE CRISTHIAN SANTOS DOMINGOS;18/06/2026;VIAGEM 424245
EZC8D60;11/06/2026;5751373;Buri;1400;1432.062;293;19174.66;;;;;;;KAUE CRISTHIAN SANTOS DOMINGOS;11/06/2026;VIAGEM 416456
EZC8D60;10/06/2026;5746122;Campinas;900;1654.549;135;15440;;;;;;;KAUE CRISTHIAN SANTOS DOMINGOS;10/06/2026;VIAGEM 412731
ERG6E53;16/06/2026;5768847;Sorocaba;900;908.396;196;13104.9;;;;;;;KAUE CRISTHIAN SANTOS DOMINGOS;16/06/2026;VIAGEM 418108
EFV6E08;22/09/2026;6156336;Atibaia;700;1431.164;179;14993.68;;;;;;;KELVIN ANDERSON SANTIAGO DA SILVA;21/09/2026;VIAGEM - 450746
EFV6E08;15/05/2026;388803;Bragança Paulista;800;1402.398;193;16203.02;;;;;;;KELVIN ANDERSON SANTIAGO DA SILVA;16/05/2026;
EFV6E08;24/04/2026;368244;Campinas;900;810.685;74;8468.66;;;;;;;KELVIN ANDERSON SANTIAGO DA SILVA;25/04/2026;
EFV6E08;22/07/2026;5917870;Campinas;800;1555.076;140;15807.6;;;;;;;KELVIN ANDERSON SANTIAGO DA SILVA;22/07/2026;436.780
EFV6E08;07/08/2026;5985847;Campinas;800;1262.824;186;12944.32;;;;;;;KELVIN ANDERSON SANTIAGO DA SILVA;07/08/2026;VIAGEM 440152
EFV6E08;18/08/2026;6019962;Campinas;800;1304.695;164;15395.92;;;;;;;KELVIN ANDERSON SANTIAGO DA SILVA;17/08/2026;VIAGEM 442362
EFV6E08;25/06/2026;5804362;Capão Bonito;1300;1168.951;231;20895.22;;;;;;;KELVIN ANDERSON SANTIAGO DA SILVA;24/06/2026;VIAGEM 430007
EFV6E08;12/05/2026;384763;Carapicuíba;500;1539.565;201;13838.09;;;;;;;KELVIN ANDERSON SANTIAGO DA SILVA;13/05/2026;
EFV6E08;02/09/2026;6079141;Carapicuíba;500;1584.052;245;16551.09;;;;;;;KELVIN ANDERSON SANTIAGO DA SILVA;01/09/2026;VIAGEM - 442974
EFV6E08;02/07/2026;5832612;Cotia;500;1407.357;186;13774.49;;;;;;;KELVIN ANDERSON SANTIAGO DA SILVA;01/07/2026;VIAGEM 432306
EFV6E08;20/08/2026;6030362;Embu-Guaçu;;1230.508;193;11649.63;;;;;;;KELVIN ANDERSON SANTIAGO DA SILVA;19/08/2026;VIAGEM 443157
EFV6E08;21/07/2026;5913348;Francisco Morato;700;1006.662;206;13764.44;;;;;;;KELVIN ANDERSON SANTIAGO DA SILVA;21/07/2026;436492
EFV6E08;13/05/2026;387675;Franco da Rocha;700;1551.618;154;15055.87;;;;;;;KELVIN ANDERSON SANTIAGO DA SILVA;14/05/2026;
EFV6E08;26/08/2026;6051818;Franco da Rocha;700;801.493;163;11591.58;;;;;;;KELVIN ANDERSON SANTIAGO DA SILVA;25/08/2026;VIAGEM - 444763
EFV6E08;16/09/2026;6133863;Franco da Rocha;700;1584.176;193;12810.73;;;;;;;KELVIN ANDERSON SANTIAGO DA SILVA;15/09/2026;VIAGEM - 449358
EWR7G11;13/07/2026;5876571;Guarulhos;500;1256.444;124;10208.9;;;;;;;KELVIN ANDERSON SANTIAGO DA SILVA;13/07/2026;435180
EFV6E08;04/08/2026;5970282;Guarulhos;500;1367.442;170;14721.63;;;;;;;KELVIN ANDERSON SANTIAGO DA SILVA;04/08/2026;438923
EFV6E08;20/08/2026;6034659;Guarulhos;500;1153.162;120;9503.62;;;;;;;KELVIN ANDERSON SANTIAGO DA SILVA;20/08/2026;443.490
EFV6E08;04/09/2026;6166508;Guarulhos;500;1279.4;225;15074.15;;;;;;;KELVIN ANDERSON SANTIAGO DA SILVA;23/09/2026;Kelvin - 443.230
EFV6E08;20/07/2026;5908865;Hortolândia;800;1658.19;157;14774.81;;;;;;;KELVIN ANDERSON SANTIAGO DA SILVA;20/07/2026;435893
EFV6E08;24/09/2026;6166870;Itapecerica da Serra;500;1443.996;256;17691.2;;;;;;;KELVIN ANDERSON SANTIAGO DA SILVA;23/09/2026;VIAGEM - 452913
EFV6E08;27/05/2026;5698193;Itapetininga;950;982.71;112;10473.7;;;;;;;KELVIN ANDERSON SANTIAGO DA SILVA;27/05/2026;VIAGEM 400716
EFV6E08;15/06/2026;5761954;Itaquaquecetuba;700;1374.211;116;12498.48;;;;;;;KELVIN ANDERSON SANTIAGO DA SILVA;12/06/2026;VIAGEM 419063
EFV6E08;04/05/2026;375009;Itatiba;800;175.424;27;2642.88;;;;;;;KELVIN ANDERSON SANTIAGO DA SILVA;05/05/2026;Viagem 375009
EFV6E08;04/05/2026;375107;Itatiba;800;127.197;8;1263.48;;;;;;;KELVIN ANDERSON SANTIAGO DA SILVA;06/05/2026;
EFV6E08;18/05/2026;5662411;Jarinu;700;350;140;14056;;;;;;;KELVIN ANDERSON SANTIAGO DA SILVA;18/05/2026;VIAGEM 360026
EFV6E08;18/05/2026;360026;Jarinu;700;350;140;14056;;;;;;;KELVIN ANDERSON SANTIAGO DA SILVA;19/05/2026;
EFV6E08;04/08/2026;5967058;Jarinu;700;;;;;;;;;;KELVIN ANDERSON SANTIAGO DA SILVA;04/08/2026;Viagem - 432713
EFV6E08;31/08/2026;6067782;Jundiaí;700;1040.194;162;15827.73;;;;;;;KELVIN ANDERSON SANTIAGO DA SILVA;28/08/2026;VIAGEM - 445230
EFV6E08;15/09/2026;6130089;Jundiaí;700;1016.614;133;9498.36;;;;;;;KELVIN ANDERSON SANTIAGO DA SILVA;15/09/2026;VIAGEM - 448932 / 448933
EFV6E08;14/04/2026;356693;Mairinque;700;707.914;102;9301.92;;;;;;;KELVIN ANDERSON SANTIAGO DA SILVA;14/04/2026;
EFV6E08;28/08/2026;6062552;Mauá;500;779.583;169;12216.94;;;;;;;KELVIN ANDERSON SANTIAGO DA SILVA;27/08/2026;VIAGEM - 445084
EFV6E08;06/07/2026;5841510;Mogi das Cruzes;700;1411.195;126;12639.12;;;;;;;KELVIN ANDERSON SANTIAGO DA SILVA;03/07/2026;VIAGEM 433061
EFV6E08;16/06/2026;5768840;Osasco;500;1400.687;197;14152.06;;;;;;;KELVIN ANDERSON SANTIAGO DA SILVA;16/06/2026;viagem 419197
EFV6E08;19/08/2026;6025588;Piracaia;800;1227.416;131;13624.08;;;;;;;KELVIN ANDERSON SANTIAGO DA SILVA;18/08/2026;VIAGEM 442892
EFV6E08;07/05/2026;5620937;Poá;700;1274.005;307;19789.31;;;;;;;KELVIN ANDERSON SANTIAGO DA SILVA;07/05/2026;Viagem 371227
EFV6E08;06/05/2026;371227;Poá;700;1274.005;307;19789.31;;;;;;;KELVIN ANDERSON SANTIAGO DA SILVA;08/05/2026;
EFV6E08;15/07/2026;5888807;Santa Isabel;800;704.247;140;11319.78;;;;;;;KELVIN ANDERSON SANTIAGO DA SILVA;15/07/2026;435478
EFV6E08;27/04/2026;368739;Santo André;500;1593.949;269;20753.99;;;;;;;KELVIN ANDERSON SANTIAGO DA SILVA;28/04/2026;
EFV6E08;02/06/2026;5717932;Santo André;500;1249.939;99;10993.23;;;;;;;KELVIN ANDERSON SANTIAGO DA SILVA;01/06/2026;VIAGEM 408816
EFV6E08;10/09/2026;6111127;São Bento do Sapucaí;1300;1306.413;240;18568.81;;;;;;;KELVIN ANDERSON SANTIAGO DA SILVA;10/09/2026;VIAGEM - 448189
EFV6E08;30/04/2026;373787;São Bernardo do Campo;500;567.4;96;7486.47;;;;;;;KELVIN ANDERSON SANTIAGO DA SILVA;01/05/2026;
EFV6E08;21/05/2026;5676005;São Bernardo do Campo;500;930.785;123;9780.17;;;;;;;KELVIN ANDERSON SANTIAGO DA SILVA;21/05/2026;VIAGEM 394413
EFV6E08;21/05/2026;394413;São Bernardo do Campo;500;585.502;104;6970.97;;;;;;;KELVIN ANDERSON SANTIAGO DA SILVA;22/05/2026;
EFV6E08;21/05/2026;396623;São Bernardo do Campo;500;345.283;19;2809.2;;;;;;;KELVIN ANDERSON SANTIAGO DA SILVA;22/05/2026;
EFV6E08;13/04/2026;354878;São Paulo;500;91.655;12;1288.64;;;;;;;KELVIN ANDERSON SANTIAGO DA SILVA;14/04/2026;
EFV6E08;23/04/2026;366429;São Paulo;500;62.285;5;588.6;;;;;;;KELVIN ANDERSON SANTIAGO DA SILVA;24/04/2026;
EFV6E08;23/04/2026;365308;São Paulo;500;295.205;49;3465;;;;;;;KELVIN ANDERSON SANTIAGO DA SILVA;24/04/2026;
EFV6E08;30/04/2026;375041;São Paulo;;1011.29;146;11363.54;;;;;;;KELVIN ANDERSON SANTIAGO DA SILVA;01/05/2026;
EFV6E08;07/05/2026;382174;São Paulo;500;319.244;16;2855.76;;;;;;;KELVIN ANDERSON SANTIAGO DA SILVA;08/05/2026;
EFV6E08;07/05/2026;382173;São Paulo;500;788.584;91;6436.2;;;;;;;KELVIN ANDERSON SANTIAGO DA SILVA;08/05/2026;
EFV6E08;08/05/2026;382172;São Paulo;500;1269.455;217;17441.72;;;;;;;KELVIN ANDERSON SANTIAGO DA SILVA;09/05/2026;
EFV6E08;26/05/2026;5688604;São Paulo;500;1464.325;216;13755.73;;;;;;;KELVIN ANDERSON SANTIAGO DA SILVA;26/05/2026;VIAGEM 398242
EFV6E08;26/05/2026;5693238;São Paulo;500;1238.461;151;13799.92;;;;;;;KELVIN ANDERSON SANTIAGO DA SILVA;26/05/2026;VIAGEM 400290
EFV6E08;28/05/2026;5704219;São Paulo;;1180.122;104;11850;;;;;;;KELVIN ANDERSON SANTIAGO DA SILVA;28/05/2026;VIAGEM 403534
EFV6E08;01/06/2026;5709721;São Paulo;500;1480.401;108;16094.15;;;;;;;KELVIN ANDERSON SANTIAGO DA SILVA;29/05/2026;VIAGEM 405698
EFV6E08;05/06/2026;5728831;São Paulo;500;1512.894;205;18397.41;;;;;;;KELVIN ANDERSON SANTIAGO DA SILVA;03/06/2026;VIAGEM 407879
EFV6E08;08/06/2026;5734234;São Paulo;500;1179.229;210;14689.48;;;;;;;KELVIN ANDERSON SANTIAGO DA SILVA;05/06/2026;VIAGEM 412168
EFV6E08;09/06/2026;5742532;São Paulo;500;1218.201;320;22867.15;;;;;;;KELVIN ANDERSON SANTIAGO DA SILVA;09/06/2026;VIAGEM - 411902
EFV6E08;12/06/2026;5756856;São Paulo;500;1257.66;240;17411.58;;;;;;;KELVIN ANDERSON SANTIAGO DA SILVA;12/06/2026;VIAGEM 415668
EFV6E08;18/06/2026;5776648;São Paulo;500;1385.359;200;14646.56;;;;;;;KELVIN ANDERSON SANTIAGO DA SILVA;17/06/2026;VIAGEM 422961
EFV6E08;19/06/2026;5783630;São Paulo;500;1362.926;214;16535.63;;;;;;;KELVIN ANDERSON SANTIAGO DA SILVA;18/06/2026;VIAGEM 421213
EFV6E08;22/06/2026;5788454;São Paulo;500;1451.042;267;18083.72;;;;;;;KELVIN ANDERSON SANTIAGO DA SILVA;19/06/2026;VIAGEM 425993
EFV6E08;23/06/2026;5794949;São Paulo;500;1054.595;245;15652.38;;;;;;;KELVIN ANDERSON SANTIAGO DA SILVA;22/06/2026;VIAGEM 428769
EFV6E08;29/06/2026;5813435;São Paulo;500;1476.806;312;22336.87;;;;;;;KELVIN ANDERSON SANTIAGO DA SILVA;26/06/2026;VIAGEM 429974
EFV6E08;07/07/2026;5850217;São Paulo;500;1545.839;145;14845.17;;;;;;;KELVIN ANDERSON SANTIAGO DA SILVA;07/07/2026;VIAGEM 433299
EFV6E08;10/07/2026;5865410;São Paulo;500;1468.414;249;17977.43;;;;;;;KELVIN ANDERSON SANTIAGO DA SILVA;10/07/2026;
EFV6E08;10/07/2026;5868153;São Paulo;500;567.3;225;18000;;;;;;;KELVIN ANDERSON SANTIAGO DA SILVA;10/07/2026;433767
EFV6E08;16/07/2026;5895827;São Paulo;500;1253.925;164;13612.39;;;;;;;KELVIN ANDERSON SANTIAGO DA SILVA;16/07/2026;435865
EFV6E08;18/07/2026;5903887;São Paulo;500;1095.652;117;13248.16;;;;;;;KELVIN ANDERSON SANTIAGO DA SILVA;18/07/2026;436.167
AAA1113;23/07/2026;5923626;São Paulo;500;1317.593;288;21326.32;;;;;;;KELVIN ANDERSON SANTIAGO DA SILVA;23/07/2026;436860
EFV6E08;06/08/2026;5981518;São Paulo;500;1494.313;114;12238.78;;;;;;;KELVIN ANDERSON SANTIAGO DA SILVA;06/08/2026;439.962
EFV6E08;11/08/2026;5992605;São Paulo;500;1129.884;122;10166.24;;;;;;;KELVIN ANDERSON SANTIAGO DA SILVA;10/08/2026;VIAGEM 440759
EFV6E08;11/08/2026;5996061;São Paulo;500;560.81;98;6219.84;;;;;;;KELVIN ANDERSON SANTIAGO DA SILVA;11/08/2026;438.489
EFV6E08;21/08/2026;6039882;São Paulo;500;1573.749;147;14597.24;;;;;;;KELVIN ANDERSON SANTIAGO DA SILVA;21/08/2026;443.784
EFV6E08;25/08/2026;6046530;São Paulo;500;614.235;57;6015.2;;;;;;;KELVIN ANDERSON SANTIAGO DA SILVA;24/08/2026;VIAGEM - 444592
EFV6E08;27/08/2026;6056593;São Paulo;500;1171.625;255;17795.04;;;;;;;KELVIN ANDERSON SANTIAGO DA SILVA;26/08/2026;VIAGEM - 444782
EFV6E08;09/09/2026;6104551;São Paulo;500;1389.004;232;14942.35;;;;;;;KELVIN ANDERSON SANTIAGO DA SILVA;08/09/2026;VIAGEM - 447279
EFV6E08;11/09/2026;6116937;São Paulo;500;1138.564;173;10892.49;;;;;;;KELVIN ANDERSON SANTIAGO DA SILVA;10/09/2026;VIAGEM - 448198
EFV6E08;14/09/2026;6122382;São Paulo;500;1472.441;238;17492.06;;;;;;;KELVIN ANDERSON SANTIAGO DA SILVA;11/09/2026;VIAGEM - 448738/448872
EFV6E08;18/09/2026;6149800;São Paulo;500;1402.636;118;10548.36;;;;;;;KELVIN ANDERSON SANTIAGO DA SILVA;18/09/2026;VIAGEM - 450713
EFV6E08;19/09/2026;6151632;São Paulo;500;1478.929;197;16565.56;;;;;;;KELVIN ANDERSON SANTIAGO DA SILVA;19/09/2026;Kelvin - 450.715
EFV6E08;23/09/2026;6161853;São Paulo;500;1190.689;193;13076.96;;;;;;;KELVIN ANDERSON SANTIAGO DA SILVA;22/09/2026;VIAGEM - 452342
EFV6E08;11/05/2026;383466;São Vicente;700;1564.123;188;15318.43;;;;;;;KELVIN ANDERSON SANTIAGO DA SILVA;12/05/2026;
EFV6E08;28/04/2026;370520;Socorro;1000;397.476;59;5941.16;;;;;;;KELVIN ANDERSON SANTIAGO DA SILVA;29/04/2026;
EFV6E08;15/05/2026;5655571;Socorro;950;1402.398;193;16203.02;;;;;;;KELVIN ANDERSON SANTIAGO DA SILVA;15/05/2026;KELVIN VIAGEM 388803
EFV6E08;20/05/2026;5669844;Sorocaba;800;1688.794;152;15203.16;;;;;;;KELVIN ANDERSON SANTIAGO DA SILVA;20/05/2026;VIAGEM 391974
EFV6E08;20/05/2026;391974;Sorocaba;800;1688.794;152;15203.16;;;;;;;KELVIN ANDERSON SANTIAGO DA SILVA;21/05/2026;
EFV6E08;22/05/2026;5680328;Sorocaba;800;1095.512;172;11979.01;;;;;;;KELVIN ANDERSON SANTIAGO DA SILVA;22/05/2026;392597
EFV6E08;03/06/2026;5723611;Sorocaba;800;1188.405;141;9837.11;;;;;;;KELVIN ANDERSON SANTIAGO DA SILVA;03/06/2026;VIAGEM 407909
EFV6E08;13/08/2026;6005418;Sorocaba;800;537.086;118;11713.79;;;;;;;KELVIN ANDERSON SANTIAGO DA SILVA;13/08/2026;441.264
EFV6E08;20/04/2026;362117;Taboão da Serra;500;1211.197;203;14559.33;;;;;;;KELVIN ANDERSON SANTIAGO DA SILVA;21/04/2026;
EFV6E08;03/07/2026;5836455;Taboão da Serra;500;1101.7;220;11448;;;;;;;KELVIN ANDERSON SANTIAGO DA SILVA;02/07/2026;VIAGEM 430849
EFV6E08;03/09/2026;6082851;Taboão da Serra;500;1417.048;219;18274.43;;;;;;;KELVIN ANDERSON SANTIAGO DA SILVA;02/09/2026;VIAGEM 443203 E 445793
EFV6E08;24/04/2026;362567;Valinhos;900;104.358;19;1928.07;;;;;;;KELVIN ANDERSON SANTIAGO DA SILVA;25/04/2026;
EFV6E08;11/06/2026;5749385;Várzea Paulista;700;1638.11;137;13308;;;;;;;KELVIN ANDERSON SANTIAGO DA SILVA;10/06/2026;VIAGEM 411.988
EFV6E08;17/06/2026;5773614;Votorantim;800;1558.306;234;14950.56;;;;;;;KELVIN ANDERSON SANTIAGO DA SILVA;16/06/2026;VIAGEM 422221
JUN8I07;06/07/2026;5843339;Atibaia;1400;3667.72;706;38912.4;;;;;;;LEANDRO NISSIMURA DOS SANTOS;04/07/2026;VIAGEM 408470
JUN8I07;20/07/2026;5908828;Atibaia;1400;5154.9;652;49885.61;;;;;;;LEANDRO NISSIMURA DOS SANTOS;20/07/2026;435928
JUN8I07;11/08/2026;5992549;Barueri;900;172.944;40;3815.88;;;;;;;LEANDRO NISSIMURA DOS SANTOS;10/08/2026;VIAGEM 440918
JUN8107;23/04/2026;357024;Cajamar;1100;4986.875;505;27754.8;;;;;;;LEANDRO NISSIMURA DOS SANTOS;24/04/2026;
JUN8I07;14/07/2026;5882851;Cajamar;1400;3950;400;21984;;;;;;;LEANDRO NISSIMURA DOS SANTOS;14/07/2026;432667
JUN8I07;27/04/2026;5590244;Campinas;;5816.295;691;46826.84;;;;;;;LEANDRO NISSIMURA DOS SANTOS;28/04/2026;Viagem 369068
JUN8I07;27/04/2026;369068;Campinas;;5816.295;691;46826.84;;;;;;;LEANDRO NISSIMURA DOS SANTOS;29/04/2026;
JUN8I07;22/06/2026;5795857;Campinas;1550;5283.165;594;48171.94;;;;;;;LEANDRO NISSIMURA DOS SANTOS;22/06/2026;VIAGEM 411987
JUN8I07;10/09/2026;6107848;Carapicuíba;900;5420.142;620;51794.97;;;;;;;LEANDRO NISSIMURA DOS SANTOS;09/09/2026;Leandro - 447123
JUN8I07;27/05/2026;5697681;Cotia;900;;;;;;;;;;LEANDRO NISSIMURA DOS SANTOS;27/05/2026;VIAGEM 384744
JUN8I07;29/05/2026;5705665;Cotia;900;5246.506;699;57602.83;;;;;;;LEANDRO NISSIMURA DOS SANTOS;29/05/2026;Viagem 384744
JUN8I07;30/05/2026;5710489;Diadema;900;6087.995;591;56888.28;;;;;;;LEANDRO NISSIMURA DOS SANTOS;29/05/2026;VIAGEM 384685
JUN8I07;24/04/2026;364889;Embu das Artes;900;4787.633;736;55494.03;;;;;;;LEANDRO NISSIMURA DOS SANTOS;24/04/2026;
JUN8I07;19/05/2026;5667201;Embu das Artes;900;5393.327;699;55470.92;;;;;;;LEANDRO NISSIMURA DOS SANTOS;19/05/2026;VIAGEM 392729
JUN8I07;19/05/2026;392729;Embu das Artes;900;5393.327;699;55470.92;;;;;;;LEANDRO NISSIMURA DOS SANTOS;20/05/2026;
JUN8I07;19/06/2026;5780889;Embu das Artes;900;6053.099;852;70908.47;;;;;;;LEANDRO NISSIMURA DOS SANTOS;18/06/2026;VIAGEM 424810
JUN8I07;30/06/2026;5820174;Embu das Artes;900;4304.435;347;40729.2;;;;;;;LEANDRO NISSIMURA DOS SANTOS;29/06/2026;VIAGEM 430522
JUN8I07;04/08/2026;5970290;Embu das Artes;900;2685.889;394;40687.07;;;;;;;LEANDRO NISSIMURA DOS SANTOS;04/08/2026;437861
JUN8I07;14/09/2026;6119300;Franca;3100;5301.821;639;49580.71;;;;;;;LEANDRO NISSIMURA DOS SANTOS;11/09/2026;Leandro - 447127
JUN8I07;27/05/2026;5693633;Franco da Rocha;1400;5922.056;790;60867.18;;;;;;;LEANDRO NISSIMURA DOS SANTOS;27/05/2026;VIAGEM 399398
JUN8I07;29/06/2026;5815278;Franco da Rocha;1400;5140.873;769;50496.4;;;;;;;LEANDRO NISSIMURA DOS SANTOS;27/06/2026;VIAGEM 429998
JUN8I07;16/07/2026;5895164;Guarujá;1400;4749.229;611;45173.39;;;;;;;LEANDRO NISSIMURA DOS SANTOS;16/07/2026;435536
JUN8I07;07/08/2026;5980548;Guarulhos;900;3780;300;29520;;;;;;;LEANDRO NISSIMURA DOS SANTOS;06/08/2026;VIAGEM 440118
JUN8I07;12/08/2026;5997865;Hortolândia;1550;4042.492;432;37714.92;;;;;;;LEANDRO NISSIMURA DOS SANTOS;11/08/2026;VIAGEM 436904
JUN8I07;21/08/2026;6039388;Itapecerica da Serra;900;4013.188;425;33969.36;;;;;;;LEANDRO NISSIMURA DOS SANTOS;21/08/2026;443.777
JUN8I07;24/08/2026;6044053;Itapecerica da Serra;900;4626.635;817;56695.55;;;;;;;LEANDRO NISSIMURA DOS SANTOS;24/08/2026;442.924
JUN8I07;08/07/2026;5857909;Itapevi;1400;5100.985;473;43370.62;;;;;;;LEANDRO NISSIMURA DOS SANTOS;08/07/2026;412037
JUN8I07;02/06/2026;5717962;Itaquaquecetuba;1400;4159.149;489;41591.65;;;;;;;LEANDRO NISSIMURA DOS SANTOS;01/06/2026;VIAGEM 397382
JUN8I07;13/07/2026;5875528;Limeira;1750;4465.547;606;52410.09;;;;;;;LEANDRO NISSIMURA DOS SANTOS;13/07/2026;430833
JUN8I07;15/05/2026;5656008;Mairiporã;1400;4015.345;783;47703.13;;;;;;;LEANDRO NISSIMURA DOS SANTOS;15/05/2026;VIAGEM 384911
JUN8I07;15/05/2026;384911;Mairiporã;1400;4015.345;783;47703.13;;;;;;;LEANDRO NISSIMURA DOS SANTOS;16/05/2026;
JUN8I07;26/06/2026;5809058;Mogi das Cruzes;1400;4012.35;807;50057.91;;;;;;;LEANDRO NISSIMURA DOS SANTOS;26/06/2026;VIAGEM 429639
JUN8I07;02/09/2026;6080002;Piracicaba;1750;4211.012;405;38777.44;;;;;;;LEANDRO NISSIMURA DOS SANTOS;01/09/2026;VIAGEM - 444994
JUN8I07;09/06/2026;5737834;Santo André;900;3867.702;1014;62084.26;;;;;;;LEANDRO NISSIMURA DOS SANTOS;08/06/2026;VIAGEM 412237
JUN8I07;03/08/2026;5965729;Santo André;900;3995.535;726;50547.22;;;;;;;LEANDRO NISSIMURA DOS SANTOS;03/08/2026;435654
JUN8I07;11/06/2026;5750930;São Bernardo do Campo;900;3938.801;456;36798.2;;;;;;;LEANDRO NISSIMURA DOS SANTOS;10/06/2026;VIAGEM 414819
JUN8I07;06/07/2026;5849627;São Bernardo do Campo;900;5552.521;517;47896.34;;;;;;;LEANDRO NISSIMURA DOS SANTOS;06/07/2026;431221
JUN8I07;31/07/2026;5957107;São Bernardo do Campo;900;6011.413;717;46103.63;;;;;;;LEANDRO NISSIMURA DOS SANTOS;31/07/2026;438712
JUN8I07;08/09/2026;6099670;São Bernardo do Campo;900;4821.94;588;50525.17;;;;;;;LEANDRO NISSIMURA DOS SANTOS;07/09/2026;VIAGEM - 444633
JUN8I07;14/04/2026;356528;São Paulo;900;4388.2;550;53280;;;;;;;LEANDRO NISSIMURA DOS SANTOS;15/04/2026;
JUN8I07;15/04/2026;350778;São Paulo;900;5196.66;420;47376;;;;;;;LEANDRO NISSIMURA DOS SANTOS;17/04/2026;
JUN8I07;28/04/2026;370956;São Paulo;900;3817.47;315;31788;;;;;;;LEANDRO NISSIMURA DOS SANTOS;29/04/2026;
JUN8I07;04/05/2026;377388;São Paulo;900;6.233;1;54;;;;;;;LEANDRO NISSIMURA DOS SANTOS;06/05/2026;
JUN8I07;04/05/2026;375801;São Paulo;900;5294.699;667;48773.16;;;;;;;LEANDRO NISSIMURA DOS SANTOS;06/05/2026;
JUN8I07;11/05/2026;369640;São Paulo;900;4647.177;493;48459.06;;;;;;;LEANDRO NISSIMURA DOS SANTOS;12/05/2026;
JUN8I07;12/05/2026;377286;São Paulo;900;4284.723;543;38704.32;;;;;;;LEANDRO NISSIMURA DOS SANTOS;13/05/2026;
JUN8I07;13/05/2026;381972;São Paulo;900;5155.875;743;52744.31;;;;;;;LEANDRO NISSIMURA DOS SANTOS;14/05/2026;
JUN8I07;14/05/2026;5647283;São Paulo;900;4811.652;642;44480.6;;;;;;;LEANDRO NISSIMURA DOS SANTOS;14/05/2026;Viagem 382005
JUN8I07;14/05/2026;382005;São Paulo;900;4811.652;642;44480.6;;;;;;;LEANDRO NISSIMURA DOS SANTOS;15/05/2026;
JUN8I07;18/05/2026;5662475;São Paulo;900;5753.421;481;51037.34;;;;;;;LEANDRO NISSIMURA DOS SANTOS;18/05/2026;VIAGEM 390123
JUN8I07;18/05/2026;390123;São Paulo;900;5753.421;481;51037.34;;;;;;;LEANDRO NISSIMURA DOS SANTOS;19/05/2026;
JUN8I07;20/05/2026;5670795;São Paulo;900;3908.121;405;35159.66;;;;;;;LEANDRO NISSIMURA DOS SANTOS;20/05/2026;VIAGEM 391279
JUN8I07;20/05/2026;391279;São Paulo;900;3908.121;405;35159.66;;;;;;;LEANDRO NISSIMURA DOS SANTOS;21/05/2026;
JUN8I07;22/05/2026;5681227;São Paulo;900;4127.259;530;41837.88;;;;;;;LEANDRO NISSIMURA DOS SANTOS;22/05/2026;VIAGEM 392763
JUN8I07;25/05/2026;5687990;São Paulo;900;4752.182;757;33767.58;;;;;;;LEANDRO NISSIMURA DOS SANTOS;25/05/2026;VIAGEM 398243
JUN8I07;26/05/2026;5693307;São Paulo;900;5315.155;490;31631.9;;;;;;;LEANDRO NISSIMURA DOS SANTOS;26/05/2026;VIAGEM 402168
JUN8L07;30/05/2026;5712864;São Paulo;900;3810.52;317;32813.4;;;;;;;LEANDRO NISSIMURA DOS SANTOS;30/05/2026;390125
JUN8I07;10/06/2026;5746084;São Paulo;900;5456.715;954;46998.15;;;;;;;LEANDRO NISSIMURA DOS SANTOS;10/06/2026;408775
JUN8I07;22/06/2026;5788489;São Paulo;900;6699.632;695;72634.97;;;;;;;LEANDRO NISSIMURA DOS SANTOS;19/06/2026;VIAGEM 426034
JUN8I07;07/07/2026;5854609;São Paulo;900;3624.853;610;34853.49;;;;;;;LEANDRO NISSIMURA DOS SANTOS;07/07/2026;433320
JUN8I07;27/07/2026;5936769;São Paulo;900;4792.2;600;45600;;;;;;;LEANDRO NISSIMURA DOS SANTOS;27/07/2026;435632
JUN8I07;07/08/2026;5986109;São Paulo;900;2032;800;57600;;;;;;;LEANDRO NISSIMURA DOS SANTOS;07/08/2026;VIAGEM 440773
JUN8I07;19/08/2026;6025106;São Paulo;900;5335.753;587;38731.36;;;;;;;LEANDRO NISSIMURA DOS SANTOS;18/08/2026;VIAGEM 442595
JUN8I07;31/08/2026;6065659;São Paulo;900;3857.065;520;31579.51;;;;;;;LEANDRO NISSIMURA DOS SANTOS;28/08/2026;VIAGEM - 445228
JUN8I07;01/09/2026;6076613;São Paulo;900;3872.876;459;40565.73;;;;;;;LEANDRO NISSIMURA DOS SANTOS;01/09/2026;VIAGEM - 445320
JUN8I07;09/09/2026;6104471;São Paulo;900;4667.76;578;47920.68;;;;;;;LEANDRO NISSIMURA DOS SANTOS;08/09/2026;VIAGEM - 447117
JUN8I07;12/06/2026;5754463;Suzano;1400;5237.7;449;45740.7;;;;;;;LEANDRO NISSIMURA DOS SANTOS;11/06/2026;VIAGEM 411997
EGT9G81;13/07/2026;5877453;Barueri;500;1005.681;152;11184.72;;;;;;;LUCAS FERNANDES DA SILVA;13/07/2026;435042
EGT9G81;25/07/2026;5930010;Campinas;800;1529.788;285;18563.33;;;;;;;LUCAS FERNANDES DA SILVA;25/07/2026;VIAGEM 437477
EGT9G81;06/07/2026;5849916;Carapicuíba;500;920.842;92;8695.67;;;;;;;LUCAS FERNANDES DA SILVA;06/07/2026;432704
EGT9G81;12/08/2026;6003309;Carapicuíba;500;1195.614;110;10194.6;;;;;;;LUCAS FERNANDES DA SILVA;12/08/2026;441.521
EGT9G81;27/05/2026;5693604;Cotia;500;1537.277;214;14183.64;;;;;;;LUCAS FERNANDES DA SILVA;27/05/2026;VIAGEM 396458
EGT9G81;19/05/2026;5667180;Ferraz de Vasconcelos;500;1466.421;135;13198.3;;;;;;;LUCAS FERNANDES DA SILVA;19/05/2026;VIAGEM 390059
EGT9G81;07/08/2026;5981821;Franco da Rocha;700;1608.61;146;14717.6;;;;;;;LUCAS FERNANDES DA SILVA;06/08/2026;VIAGEM 439764
EGT9G81;12/05/2026;385873;Guarulhos;500;1486.127;140;13132.56;;;;;;;LUCAS FERNANDES DA SILVA;13/05/2026;
EGT9G81;29/07/2026;5947272;Guarulhos;500;795.773;67;8134.86;;;;;;;LUCAS FERNANDES DA SILVA;29/07/2026;438.328
EGT9G81;18/08/2026;6020328;Guarulhos;500;1443.136;145;14813.48;;;;;;;LUCAS FERNANDES DA SILVA;17/08/2026;VIAGEM 442402
EGT9G81;16/07/2026;5896293;Hortolândia;800;998.709;88;9570;;;;;;;LUCAS FERNANDES DA SILVA;16/07/2026;435583
EGT9G81;06/05/2026;5617315;Indaiatuba;800;1636.34;265;21823.94;;;;;;;LUCAS FERNANDES DA SILVA;06/05/2026;Viagem 377880 / 370092
EGT9G81;05/05/2026;370092;Indaiatuba;800;1.962;1;83.54;;;;;;;LUCAS FERNANDES DA SILVA;07/05/2026;
EGT9G81;05/05/2026;377880;Indaiatuba;800;1634.378;264;21740.4;;;;;;;LUCAS FERNANDES DA SILVA;07/05/2026;
EGT9G81;31/07/2026;5959234;Indaiatuba;800;1486.02;120;12240;;;;;;;LUCAS FERNANDES DA SILVA;31/07/2026;437926
EGT9G81;04/08/2026;5970399;Indaiatuba;800;885.263;162;13182.59;;;;;;;LUCAS FERNANDES DA SILVA;04/08/2026;439.180
EGT9G81;11/09/2026;6116975;Indaiatuba;800;1576.784;237;18232.02;;;;;;;LUCAS FERNANDES DA SILVA;11/09/2026;VIAGEM - 448485/448487
EGT9G81;05/06/2026;5729855;Itanhaém;800;300.127;62;4212.45;;;;;;;LUCAS FERNANDES DA SILVA;04/06/2026;VIAGEM 412793
EGT9G81;24/04/2026;366165;Itaquaquecetuba;700;247.403;23;4107.6;;;;;;;LUCAS FERNANDES DA SILVA;25/04/2026;
EGT9G81;15/07/2026;5888809;Itaquaquecetuba;700;992.889;112;10783.07;;;;;;;LUCAS FERNANDES DA SILVA;15/07/2026;435325
EGT9G81;15/05/2026;388076;Itatiba;800;1070.879;142;12012.28;;;;;;;LUCAS FERNANDES DA SILVA;16/05/2026;
EGT9G81;17/09/2026;6163760;Jandira;500;1465.552;135;12393.16;;;;;;;LUCAS FERNANDES DA SILVA;23/09/2026;VIAGEM 450092
EGT9G81;12/08/2026;5998253;Jundiaí;700;1180.206;169;12789.48;;;;;;;LUCAS FERNANDES DA SILVA;12/08/2026;441266
EGT9G81;24/08/2026;6039968;Jundiaí;700;1024.931;98;8974.01;;;;;;;LUCAS FERNANDES DA SILVA;22/08/2026;VIAGEM 443688
EGT9G81;20/04/2026;360984;Mauá;500;1619.603;291;16683.93;;;;;;;LUCAS FERNANDES DA SILVA;23/04/2026;
EGT9G81;01/05/2026;374579;Mauá;500;1198.934;201;12945.5;;;;;;;LUCAS FERNANDES DA SILVA;05/05/2026;
EGT9G81;09/05/2026;382995;Mauá;500;741.662;137;6067.62;;;;;;;LUCAS FERNANDES DA SILVA;09/05/2026;
EGT9G81;09/05/2026;383027;Mauá;500;406.706;24;3524.64;;;;;;;LUCAS FERNANDES DA SILVA;12/05/2026;
EGT9G81;16/09/2026;6135242;Mauá;500;1363.807;184;15374.26;;;;;;;LUCAS FERNANDES DA SILVA;15/09/2026;VIAGEM - 450069/449443
EGT9G81;19/05/2026;390059;Mogi das Cruzes;700;1466.421;135;13198.3;;;;;;;LUCAS FERNANDES DA SILVA;20/05/2026;
EGT9G81;14/07/2026;5882981;Paulínia;800;722.375;89;8195.24;;;;;;;LUCAS FERNANDES DA SILVA;14/07/2026;435177
EGT9G81;24/04/2026;366164;Poá;700;685.231;92;6495.66;;;;;;;LUCAS FERNANDES DA SILVA;25/04/2026;
EGT9G81;02/06/2026;5717703;Praia Grande;700;1149.951;153;14971.52;;;;;;;LUCAS FERNANDES DA SILVA;01/06/2026;VIAGEM 407219
EGT9G81;06/07/2026;5843317;Santa Bárbara d'Oeste;950;1034.803;197;19190.06;;;;;;;LUCAS FERNANDES DA SILVA;03/07/2026;VIAGEM 433039
EGT9G81;10/09/2026;6111375;Santa Bárbara d'Oeste;950;731.668;168;8917.48;;;;;;;LUCAS FERNANDES DA SILVA;10/09/2026;VIAGEM - 446652
EGT9G81;23/05/2026;5681740;Santana de Parnaíba;;1711.655;187;15296.85;;;;;;;LUCAS FERNANDES DA SILVA;23/05/2026;VIAGEM 398570
EGT9G81;15/06/2026;5761356;Santo André;500;1038.987;174;10753.66;;;;;;;LUCAS FERNANDES DA SILVA;12/06/2026;VIAGEM 419790
EGT9G81;01/07/2026;5826719;Santo André;500;1534.738;137;13260.2;;;;;;;LUCAS FERNANDES DA SILVA;30/06/2026;VIAGEM 431409
EGT9G81;25/08/2026;6046741;Santo André;500;1547.392;304;21191.87;;;;;;;LUCAS FERNANDES DA SILVA;24/08/2026;VIAGEM - 443258
EGT9G81;15/09/2026;6139508;Santo André;500;1119.753;76;13306.08;;;;;;;LUCAS FERNANDES DA SILVA;16/09/2026;VIAGEM - 445498
EGT9G81;18/04/2026;362403;São Bernardo do Campo;500;854.075;114;9835.85;;;;;;;LUCAS FERNANDES DA SILVA;19/04/2026;
EGT9G81;17/08/2026;6013870;São Bernardo do Campo;500;586.498;151;13360.34;;;;;;;LUCAS FERNANDES DA SILVA;14/08/2026;VIAGEM 442091
EGT9G81;14/09/2026;6121143;São José dos Campos;800;1645.81;136;15594.24;;;;;;;LUCAS FERNANDES DA SILVA;11/09/2026;VIAGEM - 448500
EGT9G81;14/04/2026;357584;São Paulo;500;124.57;10;1080;;;;;;;LUCAS FERNANDES DA SILVA;15/04/2026;
EGT9G81;17/04/2026;358377;São Paulo;500;1468.422;218;16201.85;;;;;;;LUCAS FERNANDES DA SILVA;18/04/2026;
EGT9G81;22/04/2026;363656;São Paulo;500;666.958;101;8705.33;;;;;;;LUCAS FERNANDES DA SILVA;23/04/2026;
EGT9G81;23/04/2026;364651;São Paulo;500;627.082;107;8362.99;;;;;;;LUCAS FERNANDES DA SILVA;24/04/2026;
EGT9G81;27/04/2026;368969;São Paulo;500;1227.605;204;15814.52;;;;;;;LUCAS FERNANDES DA SILVA;28/04/2026;
EGT9G81;28/04/2026;372038;São Paulo;500;372.709;37;3752.28;;;;;;;LUCAS FERNANDES DA SILVA;29/04/2026;
EGT9G81;04/05/2026;375736;São Paulo;500;127.67;31;3753.9;;;;;;;LUCAS FERNANDES DA SILVA;05/05/2026;
EGT9G81;04/05/2026;375737;São Paulo;500;161.307;8;1187.88;;;;;;;LUCAS FERNANDES DA SILVA;06/05/2026;
EGT9G81;06/05/2026;377780;São Paulo;500;22.175;2;209.88;;;;;;;LUCAS FERNANDES DA SILVA;07/05/2026;
EGT9G81;11/05/2026;376724;São Paulo;;1717.343;437;34750;;;;;;;LUCAS FERNANDES DA SILVA;12/05/2026;
EGT9G81;13/05/2026;386757;São Paulo;500;1106.296;99;10961.12;;;;;;;LUCAS FERNANDES DA SILVA;14/05/2026;
EGT9G81;14/05/2026;5650647;São Paulo;500;938.212;122;12099.21;;;;;;;LUCAS FERNANDES DA SILVA;14/05/2026;viagem 387666
EGT9G81;14/05/2026;387666;São Paulo;500;938.212;122;12099.21;;;;;;;LUCAS FERNANDES DA SILVA;15/05/2026;
EGT9G81;22/05/2026;391975;São Paulo;500;1113.627;233;14026.81;;;;;;;LUCAS FERNANDES DA SILVA;22/05/2026;
EGT9G81;25/05/2026;5688127;São Paulo;500;;;;;;;;;;LUCAS FERNANDES DA SILVA;25/05/2026;VIAGEM 399494
EGT9G81;26/05/2026;5690059;São Paulo;500;1619.595;133;14052.6;;;;;;;LUCAS FERNANDES DA SILVA;26/05/2026;Viagem 399494
EGT9G81;28/05/2026;5704165;São Paulo;500;1334.351;124;12294.83;;;;;;;LUCAS FERNANDES DA SILVA;28/05/2026;VIAGEM 403289
EGT9G81;08/06/2026;5734365;São Paulo;500;905.299;243;17185.78;;;;;;;LUCAS FERNANDES DA SILVA;06/06/2026;VIAGEM 411209
EGT9G81;10/06/2026;5745788;São Paulo;500;1178.846;244;13681.12;;;;;;;LUCAS FERNANDES DA SILVA;09/06/2026;VIAGEM 384613
EGT9G81;11/06/2026;5750717;São Paulo;500;1260.351;182;14413.14;;;;;;;LUCAS FERNANDES DA SILVA;10/06/2026;VIAGEM 415401
EGT9G81;16/06/2026;5768841;São Paulo;500;1307.984;219;17133.86;;;;;;;LUCAS FERNANDES DA SILVA;16/06/2026;VIAGEM 414843
EGT9G81;17/06/2026;5773181;São Paulo;500;591.523;149;10230.88;;;;;;;LUCAS FERNANDES DA SILVA;16/06/2026;VIAGEM 419064
EFT9G81;18/06/2026;5779162;São Paulo;500;958.992;153;10224.44;;;;;;;LUCAS FERNANDES DA SILVA;18/06/2026;VIAGEM 421210
EGT9G81;24/06/2026;5800342;São Paulo;500;1625.831;425;25545.2;;;;;;;LUCAS FERNANDES DA SILVA;23/06/2026;VIAGEM 429629
EGT9G81;27/06/2026;5813674;São Paulo;500;702.018;107;8644.13;;;;;;;LUCAS FERNANDES DA SILVA;27/06/2026;VIAGEM 430484
EGT9G81;02/07/2026;5832592;São Paulo;500;992.709;107;8756.84;;;;;;;LUCAS FERNANDES DA SILVA;01/07/2026;VIAGEM 432197
EGT9G81;08/07/2026;5858004;São Paulo;500;365.5;145;11600;;;;;;;LUCAS FERNANDES DA SILVA;08/07/2026;433762
EGT9G81;10/07/2026;5869895;São Paulo;500;986.841;111;9839.67;;;;;;;LUCAS FERNANDES DA SILVA;10/07/2026;434747
EGT9G81;20/07/2026;5908913;São Paulo;500;1212.283;181;14016.85;;;;;;;LUCAS FERNANDES DA SILVA;21/07/2026;435633
EGT9G81;21/07/2026;5914359;São Paulo;500;1474.672;314;19293.88;;;;;;;LUCAS FERNANDES DA SILVA;21/07/2026;436359
EGT9G81;23/07/2026;5924955;São Paulo;500;505.158;157;12593.64;;;;;;;LUCAS FERNANDES DA SILVA;23/07/2026;437191
EGT9G81;28/07/2026;5936885;São Paulo;500;1082;104;11434.98;;;;;;;LUCAS FERNANDES DA SILVA;28/07/2026;437610
EGT9G81;29/07/2026;5941880;São Paulo;500;76.066;21;2056.92;;;;;;;LUCAS FERNANDES DA SILVA;29/07/2026;VIAGEM 438090
EGT9G81;06/08/2026;5977439;São Paulo;500;891.725;158;11491.8;;;;;;;LUCAS FERNANDES DA SILVA;06/08/2026;Viagem - 439266 / 439265
EGT9G81;11/08/2026;5992678;São Paulo;500;869.263;119;9299.97;;;;;;;LUCAS FERNANDES DA SILVA;10/08/2026;VIAGEM 440147
EGT9G81;14/08/2026;6008861;São Paulo;500;923.989;122;11493.66;;;;;;;LUCAS FERNANDES DA SILVA;13/08/2026;VIAGEM 441770
EGT9G81;20/08/2026;6030567;São Paulo;500;916.524;190;15264.95;;;;;;;LUCAS FERNANDES DA SILVA;19/08/2026;VIAGEM 443163
EGT9G81;20/08/2026;6035013;São Paulo;500;791.97;86;5394.6;;;;;;;LUCAS FERNANDES DA SILVA;20/08/2026;443.484
EGT9G81;27/08/2026;6056944;São Paulo;500;909.439;100;9287.55;;;;;;;LUCAS FERNANDES DA SILVA;26/08/2026;VIAGEM - 444841
EGT9G81;29/08/2026;6068302;São Paulo;500;1668.406;171;15494.63;;;;;;;LUCAS FERNANDES DA SILVA;29/08/2026;LUCAS 445280
EGT9G81;01/09/2026;6076678;São Paulo;500;1351.529;254;21732.15;;;;;;;LUCAS FERNANDES DA SILVA;01/09/2026;443195
EGT9G81;02/09/2026;6080833;São Paulo;500;964.212;290;20771.36;;;;;;;LUCAS FERNANDES DA SILVA;01/09/2026;VIAGEM - 445382
EGT9G81;04/09/2026;6091825;São Paulo;500;1563.839;163;13981.29;;;;;;;LUCAS FERNANDES DA SILVA;04/09/2026;VIAGEM - 445925
EGT9G81;10/09/2026;6110958;São Paulo;500;494.424;252;21772.8;;;;;;;LUCAS FERNANDES DA SILVA;09/09/2026;VIAGEM - 447994
EGT9G81;22/07/2026;5919736;São Roque;700;682.737;91;8169.88;;;;;;;LUCAS FERNANDES DA SILVA;22/07/2026;436992
EGT9G81;26/08/2026;6051814;São Vicente;700;1436.466;130;12266.06;;;;;;;LUCAS FERNANDES DA SILVA;25/08/2026;VIAGEM - 443693
EGT9G81;03/06/2026;5723409;Sorocaba;800;1298.73;188;13541.52;;;;;;;LUCAS FERNANDES DA SILVA;02/06/2026;VIAGEM 403529
EGT9G81;10/08/2026;5986233;Sorocaba;800;996.61;90;9449.58;;;;;;;LUCAS FERNANDES DA SILVA;08/08/2026;VIAGEM 439775
EGT9G81;18/08/2026;6025382;Sorocaba;800;1113.371;143;11330.59;;;;;;;LUCAS FERNANDES DA SILVA;18/08/2026;442.602
EGT9G81;13/04/2026;355803;Taboão da Serra;500;196.297;19;2993.4;;;;;;;LUCAS FERNANDES DA SILVA;14/04/2026;
EGT9G81;13/04/2026;354944;Taboão da Serra;500;191.325;35;2402.56;;;;;;;LUCAS FERNANDES DA SILVA;14/04/2026;
EGT9G81;03/09/2026;6085770;Valinhos;800;1291.25;145;12962.42;;;;;;;LUCAS FERNANDES DA SILVA;02/09/2026;VIAGEM - 445193
EGT9G81;16/05/2026;390980;Vinhedo;700;506.951;50;5679.66;;;;;;;LUCAS FERNANDES DA SILVA;16/05/2026;
EGT9G81;31/07/2026;5953919;Vinhedo;700;1263.473;187;16167.57;;;;;;;LUCAS FERNANDES DA SILVA;31/07/2026;VIAGEM 438721
DVS6F89;09/09/2026;6104853;Americana;800;1129.816;195;12219.5;;;;;;;LUIZ FERREIRA DA SILVA;08/09/2026;VIAGEM - 447675
DVS6F89;22/04/2026;364547;Araçariguama;;1358.475;167;16915.09;;;;;;;LUIZ FERREIRA DA SILVA;23/04/2026;
DVS6F89;23/04/2026;366659;Atibaia;700;880.768;153;14903.14;;;;;;;LUIZ FERREIRA DA SILVA;25/04/2026;
DVS6F89;11/06/2026;5748899;Bertioga;800;1286.911;188;9690.47;;;;;;;LUIZ FERREIRA DA SILVA;10/06/2026;VIAGEM 416264
DVS6F89;24/04/2026;5580358;Bragança Paulista;900;880.768;153;14903.14;;;;;;;LUIZ FERREIRA DA SILVA;24/04/2026;viagem 366659
DVS6F89;16/07/2026;5888802;Bragança Paulista;800;678.975;174;10959.28;;;;;;;LUIZ FERREIRA DA SILVA;15/07/2026;luiz 435.489
DVS6F89;07/05/2026;378275;Caieiras;700;173.452;37;1566.84;;;;;;;LUIZ FERREIRA DA SILVA;08/05/2026;
DVS6F89;26/08/2026;6051789;Caieiras;700;1125.718;152;13150.81;;;;;;;LUIZ FERREIRA DA SILVA;25/08/2026;VIAGEM - 444760
DMN8C09;27/04/2026;368741;Carapicuíba;500;75.996;20;1182;;;;;;;LUIZ FERREIRA DA SILVA;28/04/2026;Viagem 368741
DVS6F89;19/08/2026;6024172;Cotia;500;714.296;99;9577.05;;;;;;;LUIZ FERREIRA DA SILVA;18/08/2026;VIAGEM 442316
DVS6F89;15/04/2026;358443;Diadema;500;1143.428;211;14060.09;;;;;;;LUIZ FERREIRA DA SILVA;16/04/2026;
DVS6F89;16/06/2026;5768648;Embu das Artes;500;1540.086;146;16677.12;;;;;;;LUIZ FERREIRA DA SILVA;15/06/2026;VIAGEM 420813
DVS6F89;11/09/2026;6115807;Embu-Guaçu;;535.153;143;11287.72;;;;;;;LUIZ FERREIRA DA SILVA;10/09/2026;VIAGEM - 448504
DVS6F89;30/04/2026;5601204;Ferraz de Vasconcelos;500;687.672;88;6907.65;;;;;;;LUIZ FERREIRA DA SILVA;30/04/2026;Viagem 373557
DVS6F89;29/04/2026;373557;Ferraz de Vasconcelos;500;687.672;88;6907.65;;;;;;;LUIZ FERREIRA DA SILVA;01/05/2026;
DVS6F89;06/08/2026;5980190;Francisco Morato;700;1511.288;234;18156.66;;;;;;;LUIZ FERREIRA DA SILVA;06/08/2026;439.231
DVS6F89;12/05/2026;384746;Guarulhos;500;883.704;131;9743.72;;;;;;;LUIZ FERREIRA DA SILVA;13/05/2026;
DVS6F89;12/05/2026;385898;Guarulhos;500;52.707;6;592.72;;;;;;;LUIZ FERREIRA DA SILVA;13/05/2026;
DVS6F89;18/05/2026;5660580;Guarulhos;500;893.705;175;10278.65;;;;;;;LUIZ FERREIRA DA SILVA;18/05/2026;VIAGEM 388373
DVS6F89;18/05/2026;376522;Guarulhos;500;756.615;161;8532.65;;;;;;;LUIZ FERREIRA DA SILVA;19/05/2026;
DVS6F89;18/05/2026;388373;Guarulhos;500;137.09;14;1746;;;;;;;LUIZ FERREIRA DA SILVA;19/05/2026;
DVS6F89;07/07/2026;5854639;Guarulhos;500;1256.485;231;10710.75;;;;;;;LUIZ FERREIRA DA SILVA;07/07/2026;433775
DVS6F89;16/07/2026;5895953;Guarulhos;500;1000.201;192;14657.46;;;;;;;LUIZ FERREIRA DA SILVA;16/07/2026;435631
DVS6F89;01/09/2026;6076137;Guarulhos;500;940.567;161;10438.88;;;;;;;LUIZ FERREIRA DA SILVA;31/08/2026;Luiz - 443231
DVS6F89;27/08/2026;6055944;Hortolândia;800;1480.302;134;12844.56;;;;;;;LUIZ FERREIRA DA SILVA;26/08/2026;VIAGEM - 444840
DVS6F89;04/05/2026;376262;Indaiatuba;800;582.754;51;5653.64;;;;;;;LUIZ FERREIRA DA SILVA;05/05/2026;
DVS6F89;04/05/2026;376263;Indaiatuba;800;302.01;19;2790.36;;;;;;;LUIZ FERREIRA DA SILVA;06/05/2026;
DVS6F89;02/07/2026;5832022;Itanhaém;800;1293.991;233;14720.72;;;;;;;LUIZ FERREIRA DA SILVA;01/07/2026;VIAGEM 432312
DVS6F89;06/08/2026;5977304;Itapevi;700;1477.2;120;12240;;;;;;;LUIZ FERREIRA DA SILVA;06/08/2026;Viagem - 437949
DVS6F89;31/08/2026;6067898;Itu;800;1465.778;169;15786.75;;;;;;;LUIZ FERREIRA DA SILVA;28/08/2026;VIAGEM -  445155
DVS6F89;06/05/2026;371206;Jacareí;800;1116.46;335;20255.26;;;;;;;LUIZ FERREIRA DA SILVA;07/05/2026;
DVS6F89;20/08/2026;6034998;Jandira;500;1154.068;99;10310.09;;;;;;;LUIZ FERREIRA DA SILVA;20/08/2026;443.507
DVS6F89;15/05/2026;5654298;Jundiaí;700;1183.946;145;12921.09;;;;;;;LUIZ FERREIRA DA SILVA;15/05/2026;384941
DVS6F89;15/05/2026;384941;Jundiaí;700;1183.946;145;12921.09;;;;;;;LUIZ FERREIRA DA SILVA;16/05/2026;
DVS6F89;26/05/2026;5692508;Jundiaí;700;42.241;13;1837.6;;;;;;;LUIZ FERREIRA DA SILVA;26/05/2026;VIAGEM 402563
DVS6F89;27/05/2026;5698698;Jundiaí;700;;;;;;;;;;LUIZ FERREIRA DA SILVA;27/05/2026;VIAGEM 402169
DVS6F89;29/05/2026;5705398;Jundiaí;700;765.805;107;11101.29;;;;;;;LUIZ FERREIRA DA SILVA;29/05/2026;Viagem 402169
DVS6F89;06/07/2026;5849919;Limeira;950;1302.459;229;22300.24;;;;;;;LUIZ FERREIRA DA SILVA;06/07/2026;433304
DVS6F89;03/09/2026;6085226;Mauá;500;1030.934;153;10856.55;;;;;;;LUIZ FERREIRA DA SILVA;02/09/2026;VIAGEM - 443245
DVS6F89;19/06/2026;5783271;Mogi das Cruzes;700;1479.267;238;13949.2;;;;;;;LUIZ FERREIRA DA SILVA;18/06/2026;VIAGEM 414842
DVS6F89;22/06/2026;5787508;Mogi Guaçu;950;1484.248;129;15017.52;;;;;;;LUIZ FERREIRA DA SILVA;19/06/2026;VIAGEM 427115
DVS6F89;30/07/2026;5952527;Osasco;500;1258.256;151;12791.46;;;;;;;LUIZ FERREIRA DA SILVA;30/07/2026;438506
DVS6F89;11/05/2026;383720;Piedade;800;1259.322;109;12572.6;;;;;;;LUIZ FERREIRA DA SILVA;12/05/2026;
DVS6F89;01/05/2026;374084;Piracaia;800;120.352;48;3357.28;;;;;;;LUIZ FERREIRA DA SILVA;05/05/2026;
DVS6F89;20/07/2026;5908839;Poá;700;1619.882;218;17685.25;;;;;;;LUIZ FERREIRA DA SILVA;20/07/2026;435918
DVS6F89;28/04/2026;368640;Praia Grande;700;920.641;141;11202.32;;;;;;;LUIZ FERREIRA DA SILVA;28/04/2026;Viagem 368640
DVS6F89;18/08/2026;6020455;Praia Grande;700;718.974;146;13674.9;;;;;;;LUIZ FERREIRA DA SILVA;17/08/2026;VIAGEM 442441
DVS6F89;15/06/2026;5761711;Santa Bárbara d'Oeste;950;1262.462;244;7932.75;;;;;;;LUIZ FERREIRA DA SILVA;12/06/2026;VIAGEM 418110
DVS6F89;28/08/2026;6062480;Santos;700;910.487;177;14000.16;;;;;;;LUIZ FERREIRA DA SILVA;27/08/2026;VIAGEM - 444988
DVS6F89;25/05/2026;5688350;São Bernardo do Campo;500;1154.326;172;11347.26;;;;;;;LUIZ FERREIRA DA SILVA;25/05/2026;VIAGEM 398110
DVS6F89;26/06/2026;5808137;São Bernardo do Campo;500;1553.424;247;16495.52;;;;;;;LUIZ FERREIRA DA SILVA;25/06/2026;VIAGEM 428831
DVS6F89;13/08/2026;6002211;São Bernardo do Campo;500;972.754;85;10684.02;;;;;;;LUIZ FERREIRA DA SILVA;12/08/2026;VIAGEM 440680
DVS6F89;21/05/2026;5676854;São Caetano do Sul;500;1300.942;143;12694.52;;;;;;;LUIZ FERREIRA DA SILVA;21/05/2026;VIAGEM 391873
DVS6F89;21/05/2026;391873;São Caetano do Sul;500;559.336;100;6640.64;;;;;;;LUIZ FERREIRA DA SILVA;22/05/2026;
DVS6F89;21/05/2026;391904;São Caetano do Sul;500;741.606;43;6053.88;;;;;;;LUIZ FERREIRA DA SILVA;22/05/2026;
DVS6F89;28/04/2026;372105;São José dos Campos;900;1023.775;184;11696.67;;;;;;;LUIZ FERREIRA DA SILVA;29/04/2026;
DVS6F89;14/04/2026;357716;São Paulo;500;465.546;98;6669.05;;;;;;;LUIZ FERREIRA DA SILVA;15/04/2026;
DVS6F89;17/04/2026;359631;São Paulo;500;1039.874;192;11459.04;;;;;;;LUIZ FERREIRA DA SILVA;18/04/2026;
DVS6F89;20/04/2026;362866;São Paulo;500;1231.233;191;14982.42;;;;;;;LUIZ FERREIRA DA SILVA;21/04/2026;
DVS6F89;13/05/2026;387383;São Paulo;500;1565.636;187;13979.52;;;;;;;LUIZ FERREIRA DA SILVA;14/05/2026;
DVS6F89;20/05/2026;5671620;São Paulo;500;986.746;151;12294.06;;;;;;;LUIZ FERREIRA DA SILVA;20/05/2026;VIAGEM 391641
DVS6F89;20/05/2026;391642;São Paulo;500;105.485;8;1470;;;;;;;LUIZ FERREIRA DA SILVA;21/05/2026;
DVS6F89;20/05/2026;391641;São Paulo;500;881.261;143;10824.06;;;;;;;LUIZ FERREIRA DA SILVA;21/05/2026;
DVS6F89;22/05/2026;5681278;São Paulo;;1246.566;150;14357.15;;;;;;;LUIZ FERREIRA DA SILVA;22/05/2026;VIAGEM 390950
DVS6F89;17/06/2026;5773949;São Paulo;500;613.797;88;6028.02;;;;;;;LUIZ FERREIRA DA SILVA;17/06/2026;VIAGEM 422960
DVS6F89;18/06/2026;5778747;São Paulo;500;602.37;112;8421.39;;;;;;;LUIZ FERREIRA DA SILVA;17/06/2026;VIAGEM 423188
DVS6F89;23/06/2026;5795800;São Paulo;500;1146.38;191;10509.05;;;;;;;LUIZ FERREIRA DA SILVA;22/06/2026;VIAGEM 408767
DVS6F89;30/06/2026;5820838;São Paulo;500;504;40;4320;;;;;;;LUIZ FERREIRA DA SILVA;29/06/2026;VIAGEM 430917
DVS6F89;23/07/2026;5924980;São Paulo;500;659.863;187;15244.95;;;;;;;LUIZ FERREIRA DA SILVA;24/07/2026;437216
DVS6F89;25/07/2026;5930009;São Paulo;500;768.533;103;8975.44;;;;;;;LUIZ FERREIRA DA SILVA;25/07/2026;VIAGEM 437439
DVS6F89;28/07/2026;5941753;São Paulo;500;870.451;81;7726.76;;;;;;;LUIZ FERREIRA DA SILVA;28/07/2026;437771
DVS6F89;30/07/2026;5948328;São Paulo;500;1263.711;266;15207.17;;;;;;;LUIZ FERREIRA DA SILVA;30/07/2026;Viagem - 438351 / 438352
DVS6F89;31/07/2026;5958798;São Paulo;500;159.658;26;2229.96;;;;;;;LUIZ FERREIRA DA SILVA;31/07/2026;439.127
DVS6F89;04/08/2026;5969847;São Paulo;500;1172.442;170;14458.47;;;;;;;LUIZ FERREIRA DA SILVA;04/08/2026;438915
DVS6F89;11/08/2026;5992580;São Paulo;500;402.828;56;5582;;;;;;;LUIZ FERREIRA DA SILVA;10/08/2026;VIAGEM 440751
DVS6F89;12/08/2026;5998212;São Paulo;500;1550.884;217;17552.01;;;;;;;LUIZ FERREIRA DA SILVA;12/08/2026;VIAGEM 441241
DVS6F89;12/08/2026;6000669;São Paulo;500;1622.532;222;19424.28;;;;;;;LUIZ FERREIRA DA SILVA;12/08/2026;441.246
DVS6F89;14/08/2026;6007288;São Paulo;500;905.709;186;14379.02;;;;;;;LUIZ FERREIRA DA SILVA;13/08/2026;VIAGEM 441817
DVS6F89;20/08/2026;6030154;São Paulo;500;1332.728;155;11082.84;;;;;;;LUIZ FERREIRA DA SILVA;19/08/2026;VIAGEM 442979
DVS6F89;21/08/2026;6039868;São Paulo;500;1410.914;131;12694.44;;;;;;;LUIZ FERREIRA DA SILVA;21/08/2026;443.764
DVS6F89;02/09/2026;6080579;São Paulo;500;1268.713;209;15286.01;;;;;;;LUIZ FERREIRA DA SILVA;01/09/2026;VIAGEM - 445497
DVS6F89;08/09/2026;6099663;São Paulo;500;1177.388;95;11183.4;;;;;;;LUIZ FERREIRA DA SILVA;07/09/2026;VIAGEM - 445703
DVS6F89;10/09/2026;6113424;São Paulo;500;972.478;105;11548.06;;;;;;;LUIZ FERREIRA DA SILVA;10/09/2026;Viagem - 447972
DVS6F89;04/09/2026;6166436;São Paulo;500;867.828;102;8123.86;;;;;;;LUIZ FERREIRA DA SILVA;23/09/2026;Luiz - 445704 / 445697
DVS6F89;08/07/2026;5860391;São Vicente;700;1205.27;117;12203.4;;;;;;;LUIZ FERREIRA DA SILVA;08/07/2026;434118
DVS6F89;19/05/2026;392267;Sorocaba;800;910.414;95;9389.2;;;;;;;LUIZ FERREIRA DA SILVA;20/05/2026;
DVS6F89;01/06/2026;5710097;Sorocaba;800;985.001;160;12206.43;;;;;;;LUIZ FERREIRA DA SILVA;29/05/2026;VIAGEM 407085
DVS6F89;23/07/2026;5920365;Sorocaba;800;807.842;77;8764.76;;;;;;;LUIZ FERREIRA DA SILVA;23/07/2026;VIAGEM:  436659
DVS6F89;07/08/2026;5985901;Sorocaba;800;1168.846;128;13520.63;;;;;;;LUIZ FERREIRA DA SILVA;07/08/2026;VIAGEM 440382
DVS6F89;24/08/2026;6046437;Sorocaba;800;588.797;164;12238.05;;;;;;;LUIZ FERREIRA DA SILVA;24/08/2026;443.192
DVS6F89;21/07/2026;5914488;Sumaré;800;830.005;86;8708.76;;;;;;;LUIZ FERREIRA DA SILVA;21/07/2026;436572
DVS6F89;29/06/2026;5814022;Taboão da Serra;500;1153.578;199;12518.68;;;;;;;LUIZ FERREIRA DA SILVA;27/06/2026;VIAGEM 429994
DVS6F89;08/05/2026;380849;Tatuí;950;853.883;89;9199.04;;;;;;;LUIZ FERREIRA DA SILVA;09/05/2026;
DVS6F89;17/04/2026;362204;Valinhos;900;50.914;7;405.6;;;;;;;LUIZ FERREIRA DA SILVA;17/04/2026;
DVS6F89;17/04/2026;361346;Valinhos;900;1119.946;122;11213.05;;;;;;;LUIZ FERREIRA DA SILVA;17/04/2026;
ONO8F42;13/07/2026;5877501;Vinhedo;700;1224.49;102;10258.23;;;;;;;LUIZ FERREIRA DA SILVA;14/07/2026;435137
DVS6F89;19/05/2026;5667322;Votorantim;800;910.414;95;9389.2;;;;;;;LUIZ FERREIRA DA SILVA;19/05/2026;VIAGEM 392267
DVS6F89;03/07/2026;5837595;Votorantim;800;973.445;175;15306.61;;;;;;;LUIZ FERREIRA DA SILVA;02/07/2026;VIAGEM 432310
FDZ6C96;06/07/2026;5845721;Alumínio;1000;2115.84;180;19203.48;;;;;;;LUIZ CARLOS DA SILVA;06/07/2026;VIAGEM 433044
FSQ9D53;12/05/2026;383658;Angatuba;1500;218.17;28;1800;;;;;;;LUIZ CARLOS DA SILVA;13/05/2026;
FDZ6C96;07/05/2026;382335;Araraquara;1750;2566.187;331;25195.59;;;;;;;LUIZ CARLOS DA SILVA;08/05/2026;Viagem 382334 / 382335
FDZ6C96;08/05/2026;382334;Araraquara;1750;;;;;;;;;;LUIZ CARLOS DA SILVA;08/05/2026;Viagem 382334
FSQ9D53;14/04/2026;350758;Atibaia;800;2406.41;300;26150.71;;;;;;;LUIZ CARLOS DA SILVA;15/04/2026;
FDZ6C96;07/08/2026;5986001;Barueri;600;2224.62;180;18360;;;;;;;LUIZ CARLOS DA SILVA;07/08/2026;VIAGEM 437947
FDZ6C96;01/09/2026;6076609;Bertioga;1000;2368.311;238;21657.79;;;;;;;LUIZ CARLOS DA SILVA;01/09/2026;VIAGEM - 444709
FDZ6C96;11/06/2026;5751015;Botucatu;1500;1751.12;193;17281.45;;;;;;;LUIZ CARLOS DA SILVA;10/06/2026;VIAGEM 410516
GAA9C80;22/05/2026;5677391;Bragança Paulista;1000;2731.301;417;23948.5;;;;;;;LUIZ CARLOS DA SILVA;22/05/2026;VIAGEM 396327
FSQ9D53;25/08/2026;6051521;Caieiras;850;2646.552;334;29971.12;;;;;;;LUIZ CARLOS DA SILVA;25/08/2026;aparecido mariano 444.758
FDZ6C96;12/05/2026;376461;Campinas;1000;1547.585;446;31186.49;;;;;;;LUIZ CARLOS DA SILVA;13/05/2026;
FDZ6C96;16/06/2026;5768520;Campinas;1000;1819.474;293;12316.81;;;;;;;LUIZ CARLOS DA SILVA;15/06/2026;VIAGEM 415676
FDZ6C96;30/06/2026;5820698;Campinas;1000;2600.73;222;22758.8;;;;;;;LUIZ CARLOS DA SILVA;29/06/2026;VIAGEM 431475
FDZ6C96;17/07/2026;5902361;Campinas;1000;2182.456;185;19846.8;;;;;;;LUIZ CARLOS DA SILVA;17/07/2026;435579
FDZ6C96;07/08/2026;5978482;Campinas;1000;2215.8;180;18360;;;;;;;LUIZ CARLOS DA SILVA;06/08/2026;VIAGEM 437982
FSQ9D53;17/09/2026;6140581;Campinas;1000;2278.667;259;19473.06;;;;;;;LUIZ CARLOS DA SILVA;17/09/2026;viagem - 450448
FSQ9D53;21/09/2026;6150247;Campinas;1000;2303.164;190;21346.14;;;;;;;LUIZ CARLOS DA SILVA;19/09/2026;APARECIDO MARIANO 448887
FDZ6C96;20/05/2026;5672050;Campo Limpo Paulista;850;2685.82;286;23859.77;;;;;;;LUIZ CARLOS DA SILVA;20/05/2026;VIAGEM 389957
FDZ6C96;20/05/2026;389957;Campo Limpo Paulista;850;2685.82;286;23859.77;;;;;;;LUIZ CARLOS DA SILVA;21/05/2026;
FDZ6C96;24/07/2026;5929611;Campo Limpo Paulista;850;1520.413;362;24312.53;;;;;;;LUIZ CARLOS DA SILVA;24/07/2026;437443
GAA9C80;12/05/2026;5636324;Campos do Jordão;1500;1734.026;151;15716.82;;;;;;;LUIZ CARLOS DA SILVA;12/05/2026;Viagem 385073
FDZ6C96;14/08/2026;6008790;Campos do Jordão;1500;1661.492;188;13330.68;;;;;;;LUIZ CARLOS DA SILVA;13/08/2026;LUIZ CARLOS
FSQ9D53;16/05/2026;5657237;Carapicuíba;600;2027.069;306;22997.33;;;;;;;LUIZ CARLOS DA SILVA;16/05/2026;VIAGEM 383471
FSQ9D53;16/05/2026;383471;Carapicuíba;600;2027.069;306;22997.33;;;;;;;LUIZ CARLOS DA SILVA;17/05/2026;
FDZ6C96;15/06/2026;5764242;Carapicuíba;600;1795.036;248;18914.6;;;;;;;LUIZ CARLOS DA SILVA;15/06/2026;VIAGEM 417942
FSQ9D53;02/07/2026;5833082;Carapicuíba;600;2477.367;351;24325.27;;;;;;;LUIZ CARLOS DA SILVA;02/07/2026;VIAGEM 430890
FDZ6C96;15/05/2026;387622;Diadema;600;307.293;15;2430.24;;;;;;;LUIZ CARLOS DA SILVA;16/05/2026;
FDZ6C96;16/05/2026;5657206;Diadema;600;2496.933;313;21007.05;;;;;;;LUIZ CARLOS DA SILVA;16/05/2026;VIAGEM 387620
FDZ6C96;16/05/2026;387620;Diadema;600;2496.933;313;21007.05;;;;;;;LUIZ CARLOS DA SILVA;17/05/2026;
FDZ6C96;30/07/2026;5953544;Diadema;600;2376.106;302;18909.42;;;;;;;LUIZ CARLOS DA SILVA;30/07/2026;438717
FDZ6C96;30/07/2026;5947489;Embu-Guaçu;;2174.056;313;23643.48;;;;;;;LUIZ CARLOS DA SILVA;30/07/2026;438309
FDZ6C96;10/08/2026;5989964;Franco da Rocha;850;2547.607;374;25485.12;;;;;;;LUIZ CARLOS DA SILVA;10/08/2026;440251
FSQ9D53;09/05/2026;371258;Guaratinguetá;1500;2228.285;644;44061.44;;;;;;;LUIZ CARLOS DA SILVA;10/05/2026;
FSQ9D53;12/05/2026;381279;Guarujá;850;2355.239;270;21269.36;;;;;;;LUIZ CARLOS DA SILVA;13/05/2026;
FSQ9D53;11/06/2026;5751074;Guarujá;850;2003.112;237;15290.03;;;;;;;LUIZ CARLOS DA SILVA;10/06/2026;VIAGEM 415669
FDZ6C96;15/07/2026;5885622;Guarujá;850;2729.084;268;24841.98;;;;;;;LUIZ CARLOS DA SILVA;15/07/2026;435488
FDZ6C96;13/08/2026;6002778;Guarujá;850;1951.825;257;22650.56;;;;;;;LUIZ CARLOS DA SILVA;12/08/2026;LUIZ CARLOS
FSQ9D53;01/09/2026;6076141;Guarujá;850;1668.269;200;16442.51;;;;;;;LUIZ CARLOS DA SILVA;31/08/2026;Luiz - 445286
FDZ6C96;02/09/2026;6079180;Guarujá;850;1693.911;177;15624.32;;;;;;;LUIZ CARLOS DA SILVA;01/09/2026;VIAGEM - 445150
FSQ9D53;18/06/2026;5776627;Guarulhos;600;1025.173;167;12618.59;;;;;;;LUIZ CARLOS DA SILVA;17/06/2026;VIAGEM 414817
FDZ6C96;14/07/2026;5880853;Guarulhos;600;1985.25;162;14568.9;;;;;;;LUIZ CARLOS DA SILVA;14/07/2026;430914
FSQ9D53;22/07/2026;5919226;Guarulhos;600;2200.55;293;24265.39;;;;;;;LUIZ CARLOS DA SILVA;22/07/2026;435888
FDZ6C96;22/07/2026;5919257;Guarulhos;600;2501.11;253;21215.04;;;;;;;LUIZ CARLOS DA SILVA;22/07/2026;435892
FSQ9D53;07/08/2026;5978247;Guarulhos;600;2224.62;180;18360;;;;;;;LUIZ CARLOS DA SILVA;06/08/2026;APARECIDO MARIANO 437956
FSQ9D53;12/08/2026;5997833;Guarulhos;600;1697.613;213;19047.28;;;;;;;LUIZ CARLOS DA SILVA;11/08/2026;
FDZ6C96;25/08/2026;6046570;Guarulhos;600;2196.574;202;20524.4;;;;;;;LUIZ CARLOS DA SILVA;24/08/2026;VIAGEM - 444410
FSQ9D53;23/09/2026;6159779;Guarulhos;600;2219.738;254;22826.83;;;;;;;LUIZ CARLOS DA SILVA;22/09/2026;APARECIDO/451332
GAA9C80;29/04/2026;373759;Ibiúna;800;1633.525;142;16480.16;;;;;;;LUIZ CARLOS DA SILVA;30/04/2026;
FSQ9D53;14/05/2026;387700;Indaiatuba;1000;2384.027;384;22882.1;;;;;;;LUIZ CARLOS DA SILVA;15/05/2026;
FDZ6C96;09/06/2026;5738294;Indaiatuba;1000;2167.793;218;21003.62;;;;;;;LUIZ CARLOS DA SILVA;08/06/2026;VIAGEM 411375
FSQ9D53;16/09/2026;6134975;Indaiatuba;1000;2046.028;236;19574.64;;;;;;;LUIZ CARLOS DA SILVA;15/09/2026;Aparecido - 449445
FDZ6C96;05/06/2026;5729397;Iperó;1000;2190.597;297;26446.08;;;;;;;LUIZ CARLOS DA SILVA;04/06/2026;VIAGEM 408272
FDZ6C96;26/05/2026;5693018;Itanhaém;1000;2717.336;361;18940.85;;;;;;;LUIZ CARLOS DA SILVA;26/05/2026;VIAGEM 398735
FSQ9D53;02/06/2026;5718263;Itanhaém;1000;2272.525;289;23206.79;;;;;;;LUIZ CARLOS DA SILVA;02/06/2026;VIAGEM 407218
FSQ9D53;10/07/2026;5869694;Itapetininga;1200;2411.05;398;28135.52;;;;;;;LUIZ CARLOS DA SILVA;10/07/2026;434530 LUIZ CARLOS
FDZ6C96;18/04/2026;359003;Itapeva;1750;2389.892;374;21247.12;;;;;;;LUIZ CARLOS DA SILVA;18/04/2026;
FSQ9D53;24/09/2026;6166463;Itapevi;850;2058.461;227;19942.47;;;;;;;LUIZ CARLOS DA SILVA;23/09/2026;APARECIDO/452922
FSQ9D53;17/08/2026;6013733;Itaquaquecetuba;850;2136.836;334;27343.12;;;;;;;LUIZ CARLOS DA SILVA;14/08/2026;APARECIDO MARIANO
FSQ9D53;09/09/2026;6105370;Itaquaquecetuba;850;1959.68;308;24596.62;;;;;;;LUIZ CARLOS DA SILVA;09/09/2026;447849
FSQ9D53;25/05/2026;5683853;Itariri;1000;1947.367;322;23063.98;;;;;;;LUIZ CARLOS DA SILVA;25/05/2026;Viagem 391977
FSQ9D53;03/09/2026;6085839;Itu;1000;2022.6;231;14126.4;;;;;;;LUIZ CARLOS DA SILVA;02/09/2026;VIAGEM - 444839
FDZ6C96;15/09/2026;6129770;Itu;1000;2784.689;355;28341.6;;;;;;;LUIZ CARLOS DA SILVA;14/09/2026;VIAGEM -  447451
FDZ6C96;04/08/2026;5970795;Itupeva;850;1852.805;261;22941.34;;;;;;;LUIZ CARLOS DA SILVA;04/08/2026;439228
FDZ6C96;10/09/2026;6111120;Jacareí;1000;2318.554;287;19539.61;;;;;;;LUIZ CARLOS DA SILVA;09/09/2026;VIAGEM - 447450
FDZ6C96;11/09/2026;6118721;Jacareí;1000;;;;;;;;;;LUIZ CARLOS DA SILVA;11/09/2026;447450
FSQ9D53;15/09/2026;6129747;Jaguariúna;1000;1946.798;159;15233.43;;;;;;;LUIZ CARLOS DA SILVA;14/09/2026;VIAGEM - 448931
FDZ6C96;24/09/2026;6166812;Jandira;600;2582.435;295;25054.56;;;;;;;LUIZ CARLOS DA SILVA;23/09/2026;VIAGEM - 452911
FDZ6C96;18/09/2026;6145548;Jarinu;850;2170.351;227;22875.27;;;;;;;LUIZ CARLOS DA SILVA;18/09/2026;VIAGEM - 450100
FDZ6C96;16/09/2026;6134977;Limeira;1200;2110.52;331;30618.09;;;;;;;LUIZ CARLOS DA SILVA;15/09/2026;Luiz - 449446
FSQ9D53;27/08/2026;6056137;Mairinque;850;1384.466;394;32761.57;;;;;;;LUIZ CARLOS DA SILVA;26/08/2026;VIAGEM - 444937
GAA9C80;24/04/2026;5579661;Mairiporã;800;2475.664;332;27691.93;;;;;;;LUIZ CARLOS DA SILVA;24/04/2026;Viagem 362111
FDZ6C96;28/07/2026;5941783;Mairiporã;850;1972.036;357;24887.98;;;;;;;LUIZ CARLOS DA SILVA;28/07/2026;437853
FSQ9D53;02/09/2026;6080541;Mairiporã;850;2141.656;348;24958.68;;;;;;;LUIZ CARLOS DA SILVA;01/09/2026;VIAGEM - 445414
FSQ9D53;10/06/2026;5746086;Mauá;600;2399.71;308;22923.76;;;;;;;LUIZ CARLOS DA SILVA;10/06/2026;VIAGEM 411972
FSQ9D53;21/07/2026;5914321;Mauá;600;2293.37;290;22930.39;;;;;;;LUIZ CARLOS DA SILVA;21/07/2026;436005 APARECIDO
FDZ6C96;05/08/2026;5973249;Mauá;600;2224.62;180;18360;;;;;;;LUIZ CARLOS DA SILVA;05/08/2026;luiz 437.968
FDZ6C96;27/04/2026;5590132;Mogi das Cruzes;800;2587.963;238;23065.97;;;;;;;LUIZ CARLOS DA SILVA;28/04/2026;Viagem 369310
FSQ9D53;09/06/2026;5740719;Mogi das Cruzes;850;201.895;39;2484.28;;;;;;;LUIZ CARLOS DA SILVA;09/06/2026;VIAGEM 413918
FDZ6C96;26/08/2026;6051815;Mogi das Cruzes;850;2505.105;291;20491.16;;;;;;;LUIZ CARLOS DA SILVA;25/08/2026;VIAGEM - 444277
FDZ6C96;15/04/2026;354680;Mogi Guaçu;1150;480.54;45;5022;;;;;;;LUIZ CARLOS DA SILVA;16/04/2026;
FDZ6C96;25/05/2026;5688314;Mongaguá;850;2662.887;380;20085.4;;;;;;;LUIZ CARLOS DA SILVA;25/05/2026;VIAGEM 398603
FDZ6C96;04/09/2026;6091783;Mongaguá;850;1898.153;321;22978.85;;;;;;;LUIZ CARLOS DA SILVA;03/09/2026;VIAGEM - 445370
GAA9C80;05/05/2026;372335;Nova Odessa;1000;177.1;22;2090;;;;;;;LUIZ CARLOS DA SILVA;07/05/2026;
FDZ6C96;10/07/2026;5869914;Osasco;600;2521.114;251;21979.4;;;;;;;LUIZ CARLOS DA SILVA;10/07/2026;433331
FDZ6C96;21/07/2026;5912455;Osasco;600;2446.95;341;26944.03;;;;;;;LUIZ CARLOS DA SILVA;21/07/2026;435909
FSQ9D53;23/07/2026;5924957;Osasco;600;2155.934;263;21472.35;;;;;;;LUIZ CARLOS DA SILVA;23/07/2026;437012
FDZ6C96;04/08/2026;5966938;Osasco;;2560.222;303;24502.79;;;;;;;LUIZ CARLOS DA SILVA;04/08/2026;Viagem - 437617 / 438870
FSQ9D53;10/09/2026;6111119;Osasco;600;2441.716;301;22917.8;;;;;;;LUIZ CARLOS DA SILVA;09/09/2026;VIAGEM - 448178
FDZ6C96;01/06/2026;5710040;Paulínia;1000;2153.066;184;18738.11;;;;;;;LUIZ CARLOS DA SILVA;29/05/2026;VIAGEM 403555
FSQ9D53;17/04/2026;360323;Pindamonhangaba;1150;222.903;18;2118.96;;;;;;;LUIZ CARLOS DA SILVA;18/04/2026;
GAA9C80;24/04/2026;362111;Piracaia;1000;2475.664;332;27691.93;;;;;;;LUIZ CARLOS DA SILVA;25/04/2026;
GAA9C80;05/05/2026;377551;Piracicaba;1200;68.452;11;1131.7;;;;;;;LUIZ CARLOS DA SILVA;06/05/2026;
FSQ9D53;03/06/2026;5723444;Piracicaba;1200;2108.9;148;16426.8;;;;;;;LUIZ CARLOS DA SILVA;02/06/2026;VIAGEM 391147
FSQ9D53;26/05/2026;5693408;Praia Grande;850;1754.659;279;14016.43;;;;;;;LUIZ CARLOS DA SILVA;26/05/2026;VIAGEM 399758
FDZ6C96;06/07/2026;5849805;Praia Grande;850;2049.64;170;18192;;;;;;;LUIZ CARLOS DA SILVA;06/07/2026;433317
GAA9C80;23/07/2026;5924956;Praia Grande;850;2490.162;357;25765.56;;;;;;;LUIZ CARLOS DA SILVA;23/07/2026;437190
FDZ6C96;17/08/2026;6013589;Praia Grande;850;1865.629;253;19425.83;;;;;;;LUIZ CARLOS DA SILVA;14/08/2026;VIAGEM 441811
FSQ9D53;19/08/2026;6025629;Praia Grande;850;1321.2;520;77393.28;;;;;;;LUIZ CARLOS DA SILVA;18/08/2026;APARECIDO MARIANO
FDZ6C96;27/08/2026;6054583;Praia Grande;850;2550.289;466;43088.4;;;;;;;LUIZ CARLOS DA SILVA;26/08/2026;VIAGEM - 443651
FDZ6C96;22/09/2026;6155373;Praia Grande;850;2144.062;198;17403.54;;;;;;;LUIZ CARLOS DA SILVA;21/09/2026;VIAGEM - 451347
FDZ6C96;17/09/2026;6140582;Registro;1200;1883.547;470;28050.13;;;;;;;LUIZ CARLOS DA SILVA;17/09/2026;VIAGEM - 449460
FSQ9D53;23/06/2026;5795925;Ribeirão Pires;600;1530.031;315;15037.32;;;;;;;LUIZ CARLOS DA SILVA;23/06/2026;VIAGEM 429095
FSQ9D53;08/09/2026;6102205;Rio Grande da Serra;600;2206.457;346;27363.39;;;;;;;LUIZ CARLOS DA SILVA;08/09/2026;VIAGEM - 447299
FSQ9D53;01/05/2026;374744;Salto;1000;177.525;27;2328.05;;;;;;;LUIZ CARLOS DA SILVA;05/05/2026;
GAA9C80;04/05/2026;369308;Santa Bárbara d'Oeste;1200;1781.45;294;25426.56;;;;;;;LUIZ CARLOS DA SILVA;06/05/2026;
FDZ6C96;29/06/2026;5813448;Santa Bárbara d'Oeste;1200;2751.68;288;29146.46;;;;;;;LUIZ CARLOS DA SILVA;26/06/2026;VIAGEM 412170
FSQ9D53;07/08/2026;5985900;Santa Bárbara d'Oeste;1200;1723.412;343;22231.68;;;;;;;LUIZ CARLOS DA SILVA;07/08/2026;VIAGEM 436908
FDZ6C96;12/08/2026;5997964;Santa Bárbara d'Oeste;1200;2181.3;239;20944.9;;;;;;;LUIZ CARLOS DA SILVA;11/08/2026;VIAGEM 441265
FDZ6C96;03/09/2026;6085799;Santa Bárbara d'Oeste;1200;1894.659;148;14913.24;;;;;;;LUIZ CARLOS DA SILVA;02/09/2026;VIAGEM - 445470
FSQ9D53;04/09/2026;6091785;Santa Bárbara d'Oeste;1200;1762.574;201;18127.39;;;;;;;LUIZ CARLOS DA SILVA;03/09/2026;VIAGEM - 446273
FSQ9D53;13/05/2026;387453;Santo André;600;2712.882;391;25233.88;;;;;;;LUIZ CARLOS DA SILVA;14/05/2026;
FDZ6C96;31/07/2026;5958893;Santo André;600;2224.62;180;18360;;;;;;;LUIZ CARLOS DA SILVA;31/07/2026;437964
FSQ9D53;20/04/2026;361578;Santos;800;2071.612;315;23860.21;;;;;;;LUIZ CARLOS DA SILVA;21/04/2026;
FDZ6C96;10/06/2026;5746087;Santos;850;2118.71;327;17613.24;;;;;;;LUIZ CARLOS DA SILVA;10/06/2026;VIAGEM 415671
FSQ9D53;15/05/2026;5654063;São Bernardo do Campo;600;2240.879;284;19757.05;;;;;;;LUIZ CARLOS DA SILVA;15/05/2026;APARECIDO MARIANO 387691
FSQ9D53;15/05/2026;387691;São Bernardo do Campo;600;2240.879;284;19757.05;;;;;;;LUIZ CARLOS DA SILVA;16/05/2026;
FSQ9D53;07/07/2026;5854572;São Bernardo do Campo;600;2641.062;404;24248.52;;;;;;;LUIZ CARLOS DA SILVA;07/07/2026;433819 APARECIDO MARIANO
FDZ6C96;17/07/2026;5896993;São Bernardo do Campo;600;1934.805;256;20272.47;;;;;;;LUIZ CARLOS DA SILVA;17/07/2026;VIAGEM 435566
FSQ9D53;17/07/2026;5897513;São Bernardo do Campo;600;1891.605;308;17931.28;;;;;;;LUIZ CARLOS DA SILVA;17/07/2026;435737
FSQ9D53;24/07/2026;5929309;São Bernardo do Campo;600;1963.577;264;22895.14;;;;;;;LUIZ CARLOS DA SILVA;24/07/2026;435650
FSQ9D53;18/08/2026;6019955;São Bernardo do Campo;600;2760.368;240;22641;;;;;;;LUIZ CARLOS DA SILVA;17/08/2026;APARECIDO MARIANO
FDZ6C96;19/09/2026;6149916;São Bernardo do Campo;600;1845.654;234;16759.82;;;;;;;LUIZ CARLOS DA SILVA;18/09/2026;VIAGEM - 451312
FDZ6C96;01/07/2026;5827267;São José do Rio Pardo;1750;2198.959;680;40082.88;;;;;;;LUIZ CARLOS DA SILVA;30/06/2026;VIAGEM 431570
FDZ6C96;02/06/2026;5720234;São José do Rio Preto;2700;1842.169;149;15462.48;;;;;;;LUIZ CARLOS DA SILVA;02/06/2026;Viagem 408771
FSQ9D53;22/04/2026;363920;São José dos Campos;1000;2126.107;327;21555.25;;;;;;;LUIZ CARLOS DA SILVA;24/04/2026;
GAA9C80;12/05/2026;385073;São José dos Campos;1000;1734.026;151;15716.82;;;;;;;LUIZ CARLOS DA SILVA;13/05/2026;
FDZ6C96;19/05/2026;5663106;São José dos Campos;1000;2111.551;214;21218.36;;;;;;;LUIZ CARLOS DA SILVA;19/05/2026;VIAGEM 376511
FDZ6C96;19/05/2026;376511;São José dos Campos;1000;2111.551;214;21218.36;;;;;;;LUIZ CARLOS DA SILVA;20/05/2026;
FDZ6C96;27/05/2026;5698891;São José dos Campos;1000;756.8;50;6037.5;;;;;;;LUIZ CARLOS DA SILVA;27/05/2026;VIAGEM 387648
FSQ9D53;31/08/2026;6066270;São José dos Campos;1000;2614.4;232;24038.4;;;;;;;LUIZ CARLOS DA SILVA;28/08/2026;VIAGEM - 445126
FDZ6C96;13/04/2026;355807;São Paulo;600;1710.789;136;19815.24;;;;;;;LUIZ CARLOS DA SILVA;14/04/2026;
FSQ9D53;16/04/2026;358213;São Paulo;600;301.946;46;3555.13;;;;;;;LUIZ CARLOS DA SILVA;17/04/2026;
FDZ6C96;16/04/2026;358188;São Paulo;600;2728.506;339;24228.02;;;;;;;LUIZ CARLOS DA SILVA;17/04/2026;
FSQ9D53;24/04/2026;367551;São Paulo;600;2600.357;405;29209.7;;;;;;;LUIZ CARLOS DA SILVA;25/04/2026;
FSQ9D53;27/04/2026;369399;São Paulo;600;2128.074;212;19068.47;;;;;;;LUIZ CARLOS DA SILVA;28/04/2026;
FSQ9D53;28/04/2026;371379;São Paulo;600;1207.888;214;16235.77;;;;;;;LUIZ CARLOS DA SILVA;29/04/2026;
FSQ9D53;29/04/2026;373169;São Paulo;600;55.605;17;1504.85;;;;;;;LUIZ CARLOS DA SILVA;30/04/2026;
GAA9C80;28/04/2026;371445;São Paulo;600;2334.23;195;21096;;;;;;;LUIZ CARLOS DA SILVA;30/04/2026;
FSQ9D53;06/05/2026;378143;São Paulo;600;383.218;80;6136.78;;;;;;;LUIZ CARLOS DA SILVA;06/05/2026;Viagem 378143
FDZ6C96;13/05/2026;385376;São Paulo;850;2337.87;341;29422.29;;;;;;;LUIZ CARLOS DA SILVA;14/05/2026;
FDZ6C96;15/05/2026;387679;São Paulo;;2257.499;515;30981.45;;;;;;;LUIZ CARLOS DA SILVA;16/05/2026;
FDZ6C96;23/05/2026;5681695;São Paulo;600;1988.338;182;18786.6;;;;;;;LUIZ CARLOS DA SILVA;23/05/2026;VIAGEM 399396
JAP6J15;25/05/2026;5688296;São Paulo;600;2634.302;404;21749.93;;;;;;;LUIZ CARLOS DA SILVA;25/05/2026;VIAGEM 397877
FDZ6C96;28/05/2026;5704580;São Paulo;600;2130.048;278;22197.6;;;;;;;LUIZ CARLOS DA SILVA;28/05/2026;VIAGEM 403652
FSQ9D53;01/06/2026;5710455;São Paulo;850;1759.242;250;21578.35;;;;;;;LUIZ CARLOS DA SILVA;29/05/2026;VIAGEM 403784
FSQ9D53;05/06/2026;5729881;São Paulo;600;1189.088;177;18573.21;;;;;;;LUIZ CARLOS DA SILVA;04/06/2026;VIAGEM 411011
FDZ6C96;08/06/2026;5734360;São Paulo;;1053.377;209;11856.57;;;;;;;LUIZ CARLOS DA SILVA;06/06/2026;VIAGEM 413849
FDZ6C96;17/06/2026;5773485;São Paulo;600;2706.857;229;21304.44;;;;;;;LUIZ CARLOS DA SILVA;16/06/2026;VIAGEM 417218
FSQ9D53;22/06/2026;5788407;São Paulo;600;2615.678;274;28805.09;;;;;;;LUIZ CARLOS DA SILVA;19/06/2026;VIAGEM 426036
FDZ6C96;22/06/2026;5788429;São Paulo;600;2602.16;216;21799.16;;;;;;;LUIZ CARLOS DA SILVA;19/06/2026;VIAGEM 425994
FDZ6C96;24/06/2026;5800028;São Paulo;600;1622.953;403;24251.39;;;;;;;LUIZ CARLOS DA SILVA;23/06/2026;VIAGEM 426035
FSQ9D53;25/06/2026;5804443;São Paulo;600;1877.159;337;22891.94;;;;;;;LUIZ CARLOS DA SILVA;25/06/2026;VIAGEM 429634
FSQ9D53;26/06/2026;5808928;São Paulo;600;2849.488;407;28460.07;;;;;;;LUIZ CARLOS DA SILVA;25/06/2026;VIAGEM 427973
FDZ6C96;26/06/2026;5809054;São Paulo;850;1981.371;291;21697.71;;;;;;;LUIZ CARLOS DA SILVA;26/06/2026;VIAGEM 429524
FSQ9D53;01/07/2026;5825392;São Paulo;600;2164.775;340;25153.24;;;;;;;LUIZ CARLOS DA SILVA;30/06/2026;VIAGEM 430919
FDZ6C96;01/07/2026;5827153;São Paulo;600;;;;;;;;;;LUIZ CARLOS DA SILVA;30/06/2026;VIAGEM 431411
FSQ9D53;03/07/2026;5837605;São Paulo;600;2151.551;314;25074.17;;;;;;;LUIZ CARLOS DA SILVA;02/07/2026;VIAGEM 432694
FSQ9D53;06/07/2026;5847306;São Paulo;600;2011.455;207;29067.2;;;;;;;LUIZ CARLOS DA SILVA;06/07/2026;APARECIDO 432.686
FDZ6C96;08/07/2026;5857555;São Paulo;600;2541.466;421;26618.8;;;;;;;LUIZ CARLOS DA SILVA;08/07/2026;433755
FDZ6C96;13/07/2026;5876202;São Paulo;600;2128.352;265;14789.91;;;;;;;LUIZ CARLOS DA SILVA;13/07/2026;434873
FDZ6C96;28/07/2026;5937327;São Paulo;600;2662.67;229;19299.86;;;;;;;LUIZ CARLOS DA SILVA;28/07/2026;VIAGEM 437807
FSQ9D53;28/07/2026;5941797;São Paulo;600;2362.744;295;29347.46;;;;;;;LUIZ CARLOS DA SILVA;28/07/2026;437849
FSQ9D53;29/07/2026;5947271;São Paulo;600;2429.335;374;23055.86;;;;;;;LUIZ CARLOS DA SILVA;29/07/2026;438.303
FSQ9D53;30/07/2026;5952928;São Paulo;600;2238.214;288;23952.16;;;;;;;LUIZ CARLOS DA SILVA;30/07/2026;438666
FDZ6C96;03/08/2026;5965408;São Paulo;600;2469.35;200;12000;;;;;;;LUIZ CARLOS DA SILVA;03/08/2026;438870
FSQ9D53;04/08/2026;5969840;São Paulo;600;2539.682;206;16041.6;;;;;;;LUIZ CARLOS DA SILVA;04/08/2026;438732
FSQ9D53;10/08/2026;5989921;São Paulo;600;2095.681;304;18386.22;;;;;;;LUIZ CARLOS DA SILVA;10/08/2026;439.802
FSQ9D53;20/08/2026;6029669;São Paulo;600;1818.254;220;12311.07;;;;;;;LUIZ CARLOS DA SILVA;19/08/2026;APARECIDO MARIANO
FDZ6C96;20/08/2026;6032365;São Paulo;600;2620.288;290;14901;;;;;;;LUIZ CARLOS DA SILVA;20/08/2026;443.087
FSQ9D53;20/08/2026;6034992;São Paulo;600;2255.664;259;13180;;;;;;;LUIZ CARLOS DA SILVA;20/08/2026;443.088
FDZ6C96;21/08/2026;6039155;São Paulo;600;2162.477;272;23405.98;;;;;;;LUIZ CARLOS DA SILVA;21/08/2026;443.765
FSQ9D53;21/08/2026;6041940;São Paulo;600;2189.998;249;22412.4;;;;;;;LUIZ CARLOS DA SILVA;24/08/2026;APARECIDO MARIANO - 443771
FSQ9D53;25/08/2026;6046525;São Paulo;600;1853.85;150;14400;;;;;;;LUIZ CARLOS DA SILVA;24/08/2026;APARECIDO - VIAGEM 443841
FSQ9D53;28/08/2026;6064902;São Paulo;600;2344.914;288;22487.21;;;;;;;LUIZ CARLOS DA SILVA;28/08/2026;Viagem:  445105
FDZ6C96;08/09/2026;6101446;São Paulo;600;2293.217;261;21458.04;;;;;;;LUIZ CARLOS DA SILVA;08/09/2026;Viagem - 447286
FSQ9D53;11/09/2026;6114863;São Paulo;600;1732.838;262;17946.86;;;;;;;LUIZ CARLOS DA SILVA;10/09/2026;VIAGEM - 448142
FSQ9D53;14/09/2026;6121205;São Paulo;600;2053.574;283;22715.65;;;;;;;LUIZ CARLOS DA SILVA;11/09/2026;VIAGEM - 447447
FSQ9D53;18/09/2026;6144314;São Paulo;600;2117.71;319;27424.59;;;;;;;LUIZ CARLOS DA SILVA;17/09/2026;APARECIDO 448185
FDZ6C96;19/09/2026;6150940;São Paulo;600;1991.268;254;21072.58;;;;;;;LUIZ CARLOS DA SILVA;19/09/2026;Luiz - 450.716
FSQ9D53;22/09/2026;6155306;São Paulo;600;2072.905;275;18777.86;;;;;;;LUIZ CARLOS DA SILVA;21/09/2026;APARECIDO/451741
FDZ6C96;18/06/2026;5776490;São Roque;850;2499.353;280;27798.02;;;;;;;LUIZ CARLOS DA SILVA;17/06/2026;VIAGEM 422226
FDZ6C96;09/09/2026;6104855;São Roque;850;1968.353;197;20888.7;;;;;;;LUIZ CARLOS DA SILVA;08/09/2026;VIAGEM - 447656
GAA9C80;20/07/2026;5908748;São Vicente;850;2625.37;416;30492.01;;;;;;;LUIZ CARLOS DA SILVA;20/07/2026;435.932
FSQ9D53;27/07/2026;5936832;São Vicente;850;2116.354;502;30969.5;;;;;;;LUIZ CARLOS DA SILVA;27/07/2026;436994
FDZ6C96;23/09/2026;6159145;São Vicente;850;2248.183;262;23593.69;;;;;;;LUIZ CARLOS DA SILVA;22/09/2026;VIAGEM - 451361
FSQ9D53;04/05/2026;377285;Sarapuí;1200;322.102;27;2849.04;;;;;;;LUIZ CARLOS DA SILVA;05/05/2026;
FSQ9D53;23/04/2026;360059;Sorocaba;1000;2003.545;174;20123.44;;;;;;;LUIZ CARLOS DA SILVA;24/04/2026;
GAA9C80;24/04/2026;364885;Sorocaba;1000;2088.435;481;31775.37;;;;;;;LUIZ CARLOS DA SILVA;25/04/2026;
GAA9C80;04/05/2026;5607107;Sorocaba;1000;257.02;22;2572.2;;;;;;;LUIZ CARLOS DA SILVA;04/05/2026;Viagem 373202
GAA9C80;01/05/2026;373202;Sorocaba;1000;1809.202;264;20637.74;;;;;;;LUIZ CARLOS DA SILVA;05/05/2026;
FSQ9D53;27/05/2026;5698403;Sorocaba;1000;378.4;25;3018.75;;;;;;;LUIZ CARLOS DA SILVA;27/05/2026;VIAGEM 387650
FSQ9D53;08/06/2026;5734363;Sorocaba;1000;1669.333;281;22034.52;;;;;;;LUIZ CARLOS DA SILVA;06/06/2026;VIAGEM 413026
FDZ6C96;12/06/2026;5756369;Sorocaba;1000;2046.476;290;17724.12;;;;;;;LUIZ CARLOS DA SILVA;11/06/2026;VIAGEM 408736
FDZ6C96;23/06/2026;5795666;Sorocaba;1000;2375.943;333;19855.94;;;;;;;LUIZ CARLOS DA SILVA;22/06/2026;VIAGEM 427052
FDZ6C96;29/08/2026;6068309;Sorocaba;1000;1807.22;348;29430.66;;;;;;;LUIZ CARLOS DA SILVA;29/08/2026;LUIZ 445095
FDZ6C96;14/09/2026;6119625;Sorocaba;1000;1701.918;341;27740.09;;;;;;;LUIZ CARLOS DA SILVA;11/09/2026;Luiz Carlos - 448633
FDZ6C96;25/06/2026;5804438;Sumaré;1000;2537.5;250;16250;;;;;;;LUIZ CARLOS DA SILVA;25/06/2026;VIAGEM 430350
FSQ9D53;21/07/2026;5908910;Sumaré;1000;1769.425;204;16288.55;;;;;;;LUIZ CARLOS DA SILVA;21/07/2026;435935
FDZ6C96;28/08/2026;6062512;Sumaré;1000;1728.715;162;15453.51;;;;;;;LUIZ CARLOS DA SILVA;27/08/2026;VIAGEM - 444820
FDZ6C96;27/04/2026;369310;Suzano;800;2587.963;238;23065.97;;;;;;;LUIZ CARLOS DA SILVA;29/04/2026;
FSQ9D53;30/06/2026;5821070;Taboão da Serra;600;2012.026;254;16351.31;;;;;;;LUIZ CARLOS DA SILVA;30/06/2026;VIAGEM 430922
FSQ9D53;05/08/2026;5973244;Taboão da Serra;600;1999.438;445;31105.36;;;;;;;LUIZ CARLOS DA SILVA;05/08/2026;aparecido 435.717
FSQ9D53;19/05/2026;388703;Valinhos;1000;2583.853;399;31468.61;;;;;;;LUIZ CARLOS DA SILVA;20/05/2026;
FSQ9D53;19/05/2026;391545;Valinhos;1000;89.492;7;1272;;;;;;;LUIZ CARLOS DA SILVA;20/05/2026;
FSQ9D53;19/05/2026;5663019;Vinhedo;850;2673.345;406;32740.61;;;;;;;LUIZ CARLOS DA SILVA;19/05/2026;APARECIDO MARIANO 388703
EJZ7H48;25/05/2026;5688376;Bragança Paulista;1000;2217.854;377;26485.51;;;;;;;MARLEIDE ALVES FERREIRA;25/05/2026;VIAGEM 391739
EJZ7H48;29/04/2026;371713;Campinas;1000;2232.574;219;21718.49;;;;;;;MARLEIDE ALVES FERREIRA;30/04/2026;
EJZ7H48;23/04/2026;359336;Guarujá;800;466.144;46;4309.74;;;;;;;MARLEIDE ALVES FERREIRA;24/04/2026;
EJZ7H48;11/05/2026;385045;Itapecerica da Serra;600;2472.482;293;19963.86;;;;;;;MARLEIDE ALVES FERREIRA;12/05/2026;
EJZ7H48;18/05/2026;5662460;Itapevi;850;1654.7;118;13734.3;;;;;;;MARLEIDE ALVES FERREIRA;18/05/2026;VIAGEM 387584
EJZ7H48;18/05/2026;387584;Itapevi;850;1654.7;118;13734.3;;;;;;;MARLEIDE ALVES FERREIRA;19/05/2026;
EJZ7H48;14/04/2026;345869;Itatiba;1000;2671.137;298;27485.83;;;;;;;MARLEIDE ALVES FERREIRA;16/04/2026;
EJZ7H48;12/05/2026;385879;Mairiporã;850;2179.667;191;19069.31;;;;;;;MARLEIDE ALVES FERREIRA;13/05/2026;
EJZ7H48;22/05/2026;5681571;Piedade;1000;1809.76;277;29254.47;;;;;;;MARLEIDE ALVES FERREIRA;22/05/2026;
EJZ7H48;18/04/2026;361544;Praia Grande;800;397.123;22;3172.32;;;;;;;MARLEIDE ALVES FERREIRA;19/04/2026;Viagem 361544
EJZ7H48;27/04/2026;369301;São Paulo;600;2541.532;321;28042.7;;;;;;;MARLEIDE ALVES FERREIRA;28/04/2026;
EJZ7H48;28/04/2026;370555;São Paulo;600;396.255;53;3607.37;;;;;;;MARLEIDE ALVES FERREIRA;29/04/2026;
EJZ7H48;04/05/2026;374879;São Paulo;600;2492.41;205;21024;;;;;;;MARLEIDE ALVES FERREIRA;06/05/2026;
EJZ7H48;07/05/2026;377615;São Paulo;600;2460.614;263;23751.65;;;;;;;MARLEIDE ALVES FERREIRA;08/05/2026;
EJZ7H48;15/05/2026;5655388;São Paulo;600;2689.444;367;28397.29;;;;;;;MARLEIDE ALVES FERREIRA;15/05/2026;VIAGEM 387652
EJZ7H48;15/05/2026;387652;São Paulo;600;2689.444;367;28397.29;;;;;;;MARLEIDE ALVES FERREIRA;16/05/2026;
EJZ7H48;26/05/2026;5693416;São Paulo;600;1940.506;266;18758.31;;;;;;;MARLEIDE ALVES FERREIRA;26/05/2026;VIAGEM 395472
EJZ7H48;19/05/2026;5667310;São Roque;850;2637.147;385;30607.33;;;;;;;MARLEIDE ALVES FERREIRA;19/05/2026;VIAGEM 388816
EJZ7H48;19/05/2026;388816;São Roque;850;2637.147;385;30607.33;;;;;;;MARLEIDE ALVES FERREIRA;20/05/2026;
EJZ7H48;22/04/2026;362666;Sorocaba;1000;2595.962;359;29675.36;;;;;;;MARLEIDE ALVES FERREIRA;23/04/2026;
EJZ7H48;21/04/2026;361313;Sumaré;1000;2225.437;211;14210;;;;;;;MARLEIDE ALVES FERREIRA;23/04/2026;
EJZ7H48;14/05/2026;386298;Taboão da Serra;600;1876.638;239;16803.81;;;;;;;MARLEIDE ALVES FERREIRA;14/05/2026;
MWB7D82;08/05/2026;379859;Campinas;650;807.059;122;9737.89;;;;;;;MARCOS SOUZA DOS ANJOS;09/05/2026;
OQY0C77;19/08/2026;6025125;Campinas;650;145.648;37;2900.52;;;;;;;MARCOS SOUZA DOS ANJOS;18/08/2026;VIAGEM 442418
OQY0C77;20/08/2026;6030323;Campinas;800;1197.831;131;13260.99;;;;;;;MARCOS SOUZA DOS ANJOS;19/08/2026;VIAGEM 443.021
OQY0C77;24/09/2026;6165764;Campinas;800;1231.288;185;15147.38;;;;;;;MARCOS SOUZA DOS ANJOS;23/09/2026;VIAGEM - 452321
OQY0C77;02/09/2026;6081170;Cotia;500;1419.125;237;16050.19;;;;;;;MARCOS SOUZA DOS ANJOS;02/09/2026;Viagem - 443219
OQY0C77;08/09/2026;6099816;Guarulhos;500;883.155;71;7751;;;;;;;MARCOS SOUZA DOS ANJOS;07/09/2026;VIAGEM - 446327
OQY0C77;23/09/2026;6161855;Guarulhos;500;1352.952;146;14371.04;;;;;;;MARCOS SOUZA DOS ANJOS;22/09/2026;VIAGEM - 452265
MWB7D82;27/04/2026;354023;Hortolândia;670;714.82;123;6113.97;;;;;;;MARCOS SOUZA DOS ANJOS;28/04/2026;
MWB7D82;24/04/2026;355110;Itaquaquecetuba;520;666.405;108;5011.2;;;;;;;MARCOS SOUZA DOS ANJOS;25/04/2026;
OQY0C77;07/08/2026;5986124;Jundiaí;520;844.368;81;9165.6;;;;;;;MARCOS SOUZA DOS ANJOS;07/08/2026;VIAGEM 440252
OQY0C77;24/08/2026;6046439;Mairiporã;700;771.808;83;8405.68;;;;;;;MARCOS SOUZA DOS ANJOS;24/08/2026;444.630
MWB7D82;04/05/2026;376196;Mauá;420;286.204;54;3224.85;;;;;;;MARCOS SOUZA DOS ANJOS;05/05/2026;
OQY0C77;11/08/2026;5992671;Mauá;;1292.704;141;13094.02;;;;;;;MARCOS SOUZA DOS ANJOS;10/08/2026;VIAGEM 440755
OQY0C77;04/09/2026;6091794;Mauá;500;929.963;148;11851.5;;;;;;;MARCOS SOUZA DOS ANJOS;04/09/2026;VIAGEM - 445749
MWB7D82;14/04/2026;356628;Paulínia;650;428.261;57;4100.78;;;;;;;MARCOS SOUZA DOS ANJOS;14/04/2026;
OQY0C77;24/08/2026;6039954;Paulínia;800;1511.387;144;13229.76;;;;;;;MARCOS SOUZA DOS ANJOS;22/08/2026;VIAGEM 443668
OQY0C77;07/08/2026;5978294;Poá;;1042.355;113;10751.8;;;;;;;MARCOS SOUZA DOS ANJOS;06/08/2026;VIAGEM 440142
OQY0C77;10/09/2026;6111242;Poá;700;1032.79;191;13721.04;;;;;;;MARCOS SOUZA DOS ANJOS;10/09/2026;VIAGEM - 448192
OQY0C77;31/07/2026;5958370;Santo André;420;941.193;196;9169.62;;;;;;;MARCOS SOUZA DOS ANJOS;31/07/2026;438706
OQY0C77;26/08/2026;6053893;São Bento do Sapucaí;1300;1236.23;105;11204.63;;;;;;;MARCOS SOUZA DOS ANJOS;26/08/2026;444.834
MWB7D82;07/05/2026;379899;São Bernardo do Campo;420;829.581;175;11042.39;;;;;;;MARCOS SOUZA DOS ANJOS;08/05/2026;
OQY0C77;30/07/2026;5947543;São Bernardo do Campo;420;868.939;186;13271.16;;;;;;;MARCOS SOUZA DOS ANJOS;30/07/2026;438403
OQY0C77;03/09/2026;6085743;São Bernardo do Campo;500;410.557;122;9309.53;;;;;;;MARCOS SOUZA DOS ANJOS;02/09/2026;VIAGEM - 443225
MWB7D82;28/04/2026;371209;São Caetano do Sul;420;179.566;28;1815.6;;;;;;;MARCOS SOUZA DOS ANJOS;29/04/2026;
MWB7D82;15/04/2026;359267;São Paulo;420;113.713;13;683.04;;;;;;;MARCOS SOUZA DOS ANJOS;16/04/2026;
MWB7D82;20/04/2026;363163;São Paulo;420;568.933;56;5562.96;;;;;;;MARCOS SOUZA DOS ANJOS;21/04/2026;
MWB7D82;22/04/2026;364613;São Paulo;420;12.457;1;117.72;;;;;;;MARCOS SOUZA DOS ANJOS;23/04/2026;
MWB7D82;22/04/2026;362601;São Paulo;420;685.303;143;11495;;;;;;;MARCOS SOUZA DOS ANJOS;23/04/2026;
MWB7D82;23/04/2026;365702;São Paulo;420;478.159;102;7751.79;;;;;;;MARCOS SOUZA DOS ANJOS;24/04/2026;
MWB7D82;23/04/2026;365735;São Paulo;420;138.34;13;1965.6;;;;;;;MARCOS SOUZA DOS ANJOS;25/04/2026;
MWB7D82;29/04/2026;373127;São Paulo;420;362.234;57;5757.35;;;;;;;MARCOS SOUZA DOS ANJOS;30/04/2026;Viagem 373127
MWB7D82;29/04/2026;373129;São Paulo;420;208.765;19;3454.8;;;;;;;MARCOS SOUZA DOS ANJOS;01/05/2026;
MWB7D82;01/05/2026;375008;São Paulo;420;467.024;98;6809.89;;;;;;;MARCOS SOUZA DOS ANJOS;05/05/2026;
OQY0C77;24/07/2026;5925372;São Paulo;;1343.149;264;19370.36;;;;;;;MARCOS SOUZA DOS ANJOS;24/07/2026;VIAGEM 437199
OQY0C77;28/07/2026;5936873;São Paulo;420;930.745;139;14064.52;;;;;;;MARCOS SOUZA DOS ANJOS;28/07/2026;Viagem - 437625 / 437628
OQY0C77;28/07/2026;5936874;São Paulo;420;;;;;;;;;;MARCOS SOUZA DOS ANJOS;28/07/2026;437628
OQY0C77;06/08/2026;5977619;São Paulo;;1214.564;123;9645;;;;;;;MARCOS SOUZA DOS ANJOS;06/08/2026;Viagem - 439412
OQY0C77;12/08/2026;5998163;São Paulo;;1035.567;281;15304.21;;;;;;;MARCOS SOUZA DOS ANJOS;11/08/2026;VIAGEM 441247
OQY0C77;13/08/2026;6002948;São Paulo;;1477.2;120;12240;;;;;;;MARCOS SOUZA DOS ANJOS;12/08/2026;VIAGEM 437941
OQY0C77;13/08/2026;6008458;São Paulo;420;927.252;218;14357.97;;;;;;;MARCOS SOUZA DOS ANJOS;13/08/2026;441.957
OQY0C77;18/08/2026;6021315;São Paulo;420;919.124;151;13530.08;;;;;;;MARCOS SOUZA DOS ANJOS;18/08/2026;Viagem 442103 / 442068
OQY0C77;20/08/2026;6035003;São Paulo;500;1291.534;111;9997.15;;;;;;;MARCOS SOUZA DOS ANJOS;20/08/2026;443.553
OQY0C77;26/08/2026;6051845;São Paulo;500;1175.305;108;10829.93;;;;;;;MARCOS SOUZA DOS ANJOS;25/08/2026;VIAGEM - 444748
OQY0C77;28/08/2026;6062652;São Paulo;500;1491.563;190;19294.12;;;;;;;MARCOS SOUZA DOS ANJOS;28/08/2026;MARCOS 445129
OQY0C77;09/09/2026;6106180;São Paulo;500;553.072;103;8624.78;;;;;;;MARCOS SOUZA DOS ANJOS;09/09/2026;Viagem - 447647
OQY0C77;11/09/2026;6116536;São Paulo;500;724.712;131;10524.42;;;;;;;MARCOS SOUZA DOS ANJOS;10/09/2026;Marcos - 448188
OQY0C77;15/09/2026;6129739;São Paulo;500;1206.936;124;12039.65;;;;;;;MARCOS SOUZA DOS ANJOS;14/09/2026;VIAGEM - 448882/448886
OQY0C77;16/09/2026;6135188;São Paulo;500;1199.51;115;12570.48;;;;;;;MARCOS SOUZA DOS ANJOS;15/09/2026;VIAGEM - 449226/449643
OQY0C77;22/09/2026;6156322;São Paulo;500;752.635;110;9919.2;;;;;;;MARCOS SOUZA DOS ANJOS;21/09/2026;VIAGEM - 451321
OQY0C77;03/08/2026;5965910;Suzano;;1477.2;120;12240;;;;;;;MARCOS SOUZA DOS ANJOS;03/08/2026;437962
MWB7D82;05/05/2026;377222;Vargem;650;75.972;22;1576.98;;;;;;;MARCOS SOUZA DOS ANJOS;06/05/2026;
OQY0C77;14/09/2026;6122441;Vinhedo;700;1322.87;125;11472.4;;;;;;;MARCOS SOUZA DOS ANJOS;11/09/2026;VIAGEM - 448905
DBB1293;19/05/2026;371194;Atibaia;1500;8739.83;1200;96831.53;;;;;;;MJ DOS SANTOS TRANSPORTES;19/05/2026;
DBB1293;14/08/2026;6009095;Campinas;1700;4659.861;493;47603.6;;;;;;;MJ DOS SANTOS TRANSPORTES;14/08/2026;436916
DBB1293;20/05/2026;371235;Carapicuíba;1300;6634.51;960;73449.65;;;;;;;MJ DOS SANTOS TRANSPORTES;21/05/2026;
DBB1293;23/06/2026;5795861;Cotia;1300;5485.825;600;52115.96;;;;;;;MJ DOS SANTOS TRANSPORTES;22/06/2026;VIAGEM 424821
DBB1293;26/06/2026;5809053;Diadema;1300;6778.606;571;61572;;;;;;;MJ DOS SANTOS TRANSPORTES;26/06/2026;
DBB1293;12/08/2026;5998282;Embu das Artes;1300;4829.056;476;39661.46;;;;;;;MJ DOS SANTOS TRANSPORTES;12/08/2026;441271
DBB1293;14/04/2026;345638;Guarulhos;1300;4697.091;600;54553.45;;;;;;;MJ DOS SANTOS TRANSPORTES;16/04/2026;
DBB1293;10/08/2026;5986243;Guarulhos;1300;10586.6;860;83424;;;;;;;MJ DOS SANTOS TRANSPORTES;08/08/2026;VIAGEM 437874
DBB1293;01/09/2026;6073264;Guarulhos;1300;9848;800;72000;;;;;;;MJ DOS SANTOS TRANSPORTES;31/08/2026;Milton - 445190
DBB1293;19/09/2026;6151527;Guarulhos;1300;5100.603;476;48539.12;;;;;;;MJ DOS SANTOS TRANSPORTES;19/09/2026;Milton - 451.345
DBB1293;15/09/2026;6129768;Hortolândia;1700;6581.552;566;54415.22;;;;;;;MJ DOS SANTOS TRANSPORTES;14/09/2026;VIAGEM - 447235
DBB1293;30/04/2026;369650;Itapevi;1500;6145.382;603;61038.12;;;;;;;MJ DOS SANTOS TRANSPORTES;01/05/2026;
DBB1293;30/04/2026;371710;Itapevi;1500;155.52;10;1338;;;;;;;MJ DOS SANTOS TRANSPORTES;01/05/2026;
DBB1293;14/09/2026;6122155;Itapevi;1500;9526.541;993;94256.7;;;;;;;MJ DOS SANTOS TRANSPORTES;11/09/2026;Milton - 444623
DBB1293;08/07/2026;5859405;Itu;1700;6999.8;556;53376;;;;;;;MJ DOS SANTOS TRANSPORTES;08/07/2026;432560
DBB1293;16/06/2026;5768852;Jacareí;1700;9963.36;816;74692.8;;;;;;;MJ DOS SANTOS TRANSPORTES;16/06/2026;VIAGEM 414727
DBB1293;23/07/2026;5924984;Jacareí;1700;6444.76;675;58438;;;;;;;MJ DOS SANTOS TRANSPORTES;24/07/2026;437201
DBB1293;25/08/2026;6046768;Jaú;2600;9570.052;1126;80783.31;;;;;;;MJ DOS SANTOS TRANSPORTES;24/08/2026;VIAGEM - 442959
DBB1293;22/09/2026;6156823;Jaú;2600;10091.678;869;100864.8;;;;;;;MJ DOS SANTOS TRANSPORTES;22/09/2026;VIAGEM - 451740
DBB1293;13/04/2026;350786;Mauá;1300;9851.565;908;93972.3;;;;;;;MJ DOS SANTOS TRANSPORTES;14/04/2026;
DBB1293;09/06/2026;5740810;Mauá;1300;8101.151;886;81642.53;;;;;;;MJ DOS SANTOS TRANSPORTES;09/06/2026;VIAGEM 397549
DBB1293;01/07/2026;5827959;Nova Odessa;1700;3332.967;930;58303.91;;;;;;;MJ DOS SANTOS TRANSPORTES;01/07/2026;VIAGEM 429640
DBB1293;12/06/2026;5756713;Osasco;1300;10958.56;1139;102447.57;;;;;;;MJ DOS SANTOS TRANSPORTES;12/06/2026;VIAGEM 412041
DBB1293;30/07/2026;5953186;Osasco;1300;5034.334;897;76154.32;;;;;;;MJ DOS SANTOS TRANSPORTES;30/07/2026;437205
DBB1293;24/09/2026;6167070;Osasco;1300;6548.45;694;64861.22;;;;;;;MJ DOS SANTOS TRANSPORTES;24/09/2026;VIAGEM - 452104
DBB1293;29/06/2026;5814045;Registro;2000;4389.279;533;38588.45;;;;;;;MJ DOS SANTOS TRANSPORTES;27/06/2026;VIAGEM 429129
DBB1293;18/06/2026;5784102;Santa Bárbara d'Oeste;2000;7391.22;740;65324.85;;;;;;;MJ DOS SANTOS TRANSPORTES;19/06/2026;VIAGEM 389297
DBB1293;17/04/2026;350804;Santo André;1300;7591.165;771;76833.9;;;;;;;MJ DOS SANTOS TRANSPORTES;18/04/2026;
DBB1293;25/05/2026;5688406;Santo André;1300;10776.11;1287;114182.98;;;;;;;MJ DOS SANTOS TRANSPORTES;25/05/2026;VIAGEM 369652
DBB1293;28/07/2026;5941704;Santo André;1300;6798.799;1143;63156;;;;;;;MJ DOS SANTOS TRANSPORTES;28/07/2026;437814
DBB1293;18/09/2026;6145392;Santo André;1300;6621.819;930;74393.69;;;;;;;MJ DOS SANTOS TRANSPORTES;17/09/2026;VIAGEM - 444653
DBB1293;22/04/2026;341184;São Bernardo do Campo;1300;5434.634;649;56945.31;;;;;;;MJ DOS SANTOS TRANSPORTES;24/04/2026;
DBB1293;31/07/2026;5959117;São Bernardo do Campo;1300;9047.571;1087;96542.01;;;;;;;MJ DOS SANTOS TRANSPORTES;31/07/2026;435682
DBB1293;27/08/2026;6054606;São Bernardo do Campo;1300;7900.972;800;78295.43;;;;;;;MJ DOS SANTOS TRANSPORTES;26/08/2026;VIAGEM - 444597
DBB1293;19/09/2026;6149915;São Bernardo do Campo;1300;4846.399;709;46032.16;;;;;;;MJ DOS SANTOS TRANSPORTES;18/09/2026;VIAGEM - 450852
DBB1293;17/09/2026;6140583;São José dos Campos;1700;9959.783;1197;96190.88;;;;;;;MJ DOS SANTOS TRANSPORTES;17/09/2026;VIAGEM - 447489
DBB1293;22/04/2026;360554;São Paulo;1300;6536.147;626;57256.7;;;;;;;MJ DOS SANTOS TRANSPORTES;23/04/2026;
DBB1293;27/04/2026;369302;São Paulo;1300;5872.415;662;50718.13;;;;;;;MJ DOS SANTOS TRANSPORTES;28/04/2026;
DBB1293;28/04/2026;371312;São Paulo;1300;248.22;90;3132;;;;;;;MJ DOS SANTOS TRANSPORTES;29/04/2026;
DBB1293;05/05/2026;376231;São Paulo;1300;6368.645;833;59734.36;;;;;;;MJ DOS SANTOS TRANSPORTES;06/05/2026;
DBB1293;07/05/2026;378737;São Paulo;1300;8406.093;1224;73310.19;;;;;;;MJ DOS SANTOS TRANSPORTES;08/05/2026;
DBB1293;08/05/2026;377385;São Paulo;1300;7375.626;913;67553.82;;;;;;;MJ DOS SANTOS TRANSPORTES;09/05/2026;
AAA1118;12/05/2026;383655;São Paulo;1300;5137.005;653;45499.87;;;;;;;MJ DOS SANTOS TRANSPORTES;13/05/2026;
DBB1293;14/05/2026;369636;São Paulo;1300;6035.345;864;70767.73;;;;;;;MJ DOS SANTOS TRANSPORTES;15/05/2026;
DBB1293;19/05/2026;392696;São Paulo;1300;3457.09;280;16800;;;;;;;MJ DOS SANTOS TRANSPORTES;20/05/2026;
DBB1293;19/05/2026;390917;São Paulo;1300;2595.39;210;12600;;;;;;;MJ DOS SANTOS TRANSPORTES;20/05/2026;
DBB1293;23/05/2026;5681824;São Paulo;1300;4939.662;594;52968;;;;;;;MJ DOS SANTOS TRANSPORTES;23/05/2026;VIAGEM 397153
DBB1293;03/06/2026;5723694;São Paulo;1300;6443.264;753;63835.99;;;;;;;MJ DOS SANTOS TRANSPORTES;03/06/2026;VIAGEM 397355
DBB1293;04/06/2026;5729143;São Paulo;1300;9305.501;1566;108420.82;;;;;;;MJ DOS SANTOS TRANSPORTES;04/06/2026;VIAGEM 401045
DBB1293;10/06/2026;5746145;São Paulo;1300;6051.09;725;49071.37;;;;;;;MJ DOS SANTOS TRANSPORTES;10/06/2026;VIAGEM 414017
DBB1293;11/06/2026;5751374;São Paulo;1300;6051.218;569;34199.85;;;;;;;MJ DOS SANTOS TRANSPORTES;11/06/2026;VIAGEM 415632
DBB1293;18/06/2026;5779161;São Paulo;1300;5282.422;901;40381.22;;;;;;;MJ DOS SANTOS TRANSPORTES;18/06/2026;VIAGEM 414823
DBB1293;03/07/2026;5838296;São Paulo;1300;5319.41;642;49889.92;;;;;;;MJ DOS SANTOS TRANSPORTES;03/07/2026;VIAGEM 424840
DBB1293;06/07/2026;5849866;São Paulo;1300;6829.42;618;59448;;;;;;;MJ DOS SANTOS TRANSPORTES;06/07/2026;431415 MILTON JOAQUIM
DBB1293;08/07/2026;5854821;São Paulo;1300;8000.321;793;80663.36;;;;;;;MJ DOS SANTOS TRANSPORTES;08/07/2026;433297 MILTON JOAQUIM
DBB1293;10/07/2026;5869998;São Paulo;1300;9134.345;789;77323.42;;;;;;;MJ DOS SANTOS TRANSPORTES;10/07/2026;423782
DBB1293;14/07/2026;5877535;São Paulo;1300;60.48;24;2227.2;;;;;;;MJ DOS SANTOS TRANSPORTES;14/07/2026;VIAGEM 435040
DBB1293;14/07/2026;5882985;São Paulo;1300;4792.2;600;45600;;;;;;;MJ DOS SANTOS TRANSPORTES;14/07/2026;433774
DBB1293;18/07/2026;5902518;São Paulo;1300;7321.19;1026;75064.47;;;;;;;MJ DOS SANTOS TRANSPORTES;18/07/2026;VIAGEM 435912
DBB1293;24/07/2026;5929603;São Paulo;1300;6393.996;827;66124.59;;;;;;;MJ DOS SANTOS TRANSPORTES;24/07/2026;437411
DBB1293;03/08/2026;5965701;São Paulo;1300;6261.118;930;69967.93;;;;;;;MJ DOS SANTOS TRANSPORTES;03/08/2026;435663
DBB1293;04/08/2026;5970804;São Paulo;1300;7930.182;1074;57579.42;;;;;;;MJ DOS SANTOS TRANSPORTES;04/08/2026;438735
DBB1293;18/08/2026;6020483;São Paulo;1300;8836.383;754;75598.22;;;;;;;MJ DOS SANTOS TRANSPORTES;17/08/2026;VIAGEM 442334
DBB1293;31/08/2026;6065647;São Paulo;1300;5536.635;685;41278.94;;;;;;;MJ DOS SANTOS TRANSPORTES;28/08/2026;VIAGEM - 445201
DBB1293;02/09/2026;6080540;São Paulo;1300;7118.29;974;85687.28;;;;;;;MJ DOS SANTOS TRANSPORTES;01/09/2026;VIAGEM - 444963
DBB1293;03/09/2026;6082810;São Paulo;1300;498.28;40;3840;;;;;;;MJ DOS SANTOS TRANSPORTES;02/09/2026;MILTON JOAQUIM 445859
DBB1293;11/09/2026;6116942;São Paulo;1300;9382.627;1054;97077.44;;;;;;;MJ DOS SANTOS TRANSPORTES;10/09/2026;VIAGEM - 444656
DBB1293;16/09/2026;6135233;São Paulo;1300;7818.452;905;82078.6;;;;;;;MJ DOS SANTOS TRANSPORTES;15/09/2026;VIAGEM - 444613
DBB1293;17/07/2026;5894591;Sumaré;1700;7232.25;650;46000;;;;;;;MJ DOS SANTOS TRANSPORTES;16/07/2026;435646
DBB1293;06/07/2026;5842284;Suzano;1500;4465.91;642;44843.49;;;;;;;MJ DOS SANTOS TRANSPORTES;03/07/2026;VIAGEM 424842
DBB1293;21/07/2026;5914352;Suzano;1500;7110.235;823;68371.15;;;;;;;MJ DOS SANTOS TRANSPORTES;21/07/2026;435933
DBB1293;15/04/2026;345803;Taboão da Serra;1300;10375.912;1119;106620.94;;;;;;;MJ DOS SANTOS TRANSPORTES;16/04/2026;
DBB1293;17/06/2026;5773710;Taboão da Serra;1300;6548.158;597;62768.4;;;;;;;MJ DOS SANTOS TRANSPORTES;16/06/2026;VIAGEM 408776
DBB1293;27/07/2026;5936620;Taboão da Serra;1300;9939.978;1012;96782.09;;;;;;;MJ DOS SANTOS TRANSPORTES;27/07/2026;435.702
DBB1293;10/09/2026;6110082;Taboão da Serra;1300;7004.828;616;66091.8;;;;;;;MJ DOS SANTOS TRANSPORTES;09/09/2026;VIAGEM - 444605
DBB1293;08/09/2026;6102335;Taubaté;2000;7742.189;623;59808;;;;;;;MJ DOS SANTOS TRANSPORTES;08/09/2026;VIAGEM - 445418
DBB1293;13/06/2026;5762361;São Paulo;;75;89;705;;;;;;;MJ DOS SANTOS TRANSPORTES;13/06/2026;VIAGEM 417050
RMI4F24;04/05/2026;373762;Caieiras;470;173.03;25;2144.5;;;;;;;MONICA ALVES DE OLIVEIRA FRANCA;05/05/2026;
RMI4F24;06/05/2026;380783;Campinas;620;241.5;30;2850;;;;;;;MONICA ALVES DE OLIVEIRA FRANCA;07/05/2026;Viagem 380783
RMI4F24;09/09/2026;6104848;Carapicuíba;370;602.262;56;5579.04;;;;;;;MONICA ALVES DE OLIVEIRA FRANCA;08/09/2026;VIAGEM - 446986
RMI4F24;11/06/2026;5751188;Cotia;370;460.942;77;5592.22;;;;;;;MONICA ALVES DE OLIVEIRA FRANCA;10/06/2026;VIAGEM 417611
RMI4F24;22/09/2026;6156627;Cotia;370;582.618;65;6402.12;;;;;;;MONICA ALVES DE OLIVEIRA FRANCA;21/09/2026;VIAGEM - 451747/451748
RMI4F24;13/07/2026;5877435;Embu das Artes;370;348.923;103;6697.93;;;;;;;MONICA ALVES DE OLIVEIRA FRANCA;13/07/2026;434542
RMI4F24;04/07/2026;5843341;Ferraz de Vasconcelos;370;97.997;22;1579.44;;;;;;;MONICA ALVES DE OLIVEIRA FRANCA;04/07/2026;viagem 433042
RMI4F24;20/05/2026;5672015;Franco da Rocha;470;504.906;80;6770.34;;;;;;;MONICA ALVES DE OLIVEIRA FRANCA;20/05/2026;VIAGEM 392006
RMI4F24;20/05/2026;392006;Franco da Rocha;470;504.906;80;6770.34;;;;;;;MONICA ALVES DE OLIVEIRA FRANCA;21/05/2026;
RMI4F24;25/07/2026;5929797;Franco da Rocha;450;442.972;127;6519.06;;;;;;;MONICA ALVES DE OLIVEIRA FRANCA;25/07/2026;VIAGEM 437430
RMI4F24;17/04/2026;355078;Guarulhos;370;257.095;62;3669.31;;;;;;;MONICA ALVES DE OLIVEIRA FRANCA;18/04/2026;
RMI4F24;11/05/2026;5631796;Guarulhos;370;660.019;50;8255.04;;;;;;;MONICA ALVES DE OLIVEIRA FRANCA;11/05/2026;Viagem 384250
RMI4F24;09/05/2026;384250;Guarulhos;370;660.019;50;8255.04;;;;;;;MONICA ALVES DE OLIVEIRA FRANCA;12/05/2026;
RMI4F24;06/08/2026;5977543;Guarulhos;370;478.806;69;6136.43;;;;;;;MONICA ALVES DE OLIVEIRA FRANCA;06/08/2026;Viagem - 439786
RMI4F24;02/09/2026;6080085;Guarulhos;370;593.175;60;6268;;;;;;;MONICA ALVES DE OLIVEIRA FRANCA;01/09/2026;VIAGEM - 445474
RMI4F24;03/09/2026;6085978;Guarulhos;370;457.464;77;5704.91;;;;;;;MONICA ALVES DE OLIVEIRA FRANCA;02/09/2026;VIAGEM - 443232
RMI4F24;04/09/2026;6091745;Guarulhos;370;308.508;22;2540.52;;;;;;;MONICA ALVES DE OLIVEIRA FRANCA;03/09/2026;VIAGEM - 446308
RMI4F24;30/04/2026;373424;Itanhaém;620;71.018;16;1264.66;;;;;;;MONICA ALVES DE OLIVEIRA FRANCA;01/05/2026;
RMI4F24;30/04/2026;373029;Itanhaém;620;436.385;76;5286.74;;;;;;;MONICA ALVES DE OLIVEIRA FRANCA;01/05/2026;
RMI4F24;20/04/2026;355111;Jandira;370;473.71;119;7247.23;;;;;;;MONICA ALVES DE OLIVEIRA FRANCA;21/04/2026;
RMI4F24;20/07/2026;5908886;Jandira;370;442.907;71;6611.4;;;;;;;MONICA ALVES DE OLIVEIRA FRANCA;20/07/2026;435734
RMI4F24;16/04/2026;359037;Jundiaí;470;331.342;45;4713.18;;;;;;;MONICA ALVES DE OLIVEIRA FRANCA;17/04/2026;
RMI4F24;17/06/2026;5773948;Mauá;370;489.075;122;7219.69;;;;;;;MONICA ALVES DE OLIVEIRA FRANCA;17/06/2026;VIAGEM 423391
RMI4F24;05/08/2026;5970969;Mauá;370;385.39;67;4366.79;;;;;;;MONICA ALVES DE OLIVEIRA FRANCA;05/08/2026;VIAGEM 439414
RMI4F24;13/05/2026;384810;Mogi das Cruzes;470;117.72;60;4665.6;;;;;;;MONICA ALVES DE OLIVEIRA FRANCA;14/05/2026;
RMI4F24;24/08/2026;6039969;Mogi das Cruzes;450;443.458;57;5258.83;;;;;;;MONICA ALVES DE OLIVEIRA FRANCA;22/08/2026;VIAGEM 443747
RMI4F24;14/09/2026;6120978;Mogi das Cruzes;450;450.078;47;4917.36;;;;;;;MONICA ALVES DE OLIVEIRA FRANCA;11/09/2026;VIAGEM - 448496/448498
RMI4F24;27/04/2026;368742;Osasco;370;686.348;62;6743.18;;;;;;;MONICA ALVES DE OLIVEIRA FRANCA;28/04/2026;
RMI4F24;14/05/2026;388046;Osasco;370;137.336;19;1558.8;;;;;;;MONICA ALVES DE OLIVEIRA FRANCA;15/05/2026;
RMI4F24;14/05/2026;388047;Osasco;370;146.441;14;2077.2;;;;;;;MONICA ALVES DE OLIVEIRA FRANCA;15/05/2026;
RMI4F24;29/07/2026;5941859;Osasco;370;577.375;106;8658.56;;;;;;;MONICA ALVES DE OLIVEIRA FRANCA;29/07/2026;437715
RMI4F24;18/08/2026;6020461;Osasco;370;336.325;83;5706.36;;;;;;;MONICA ALVES DE OLIVEIRA FRANCA;17/08/2026;VIAGEM 438348
RMI4F24;10/08/2026;5984213;Peruíbe;500;388.57;71;4751;;;;;;;MONICA ALVES DE OLIVEIRA FRANCA;07/08/2026;VIAGEM 439398
RMI4F24;11/08/2026;5992669;Praia Grande;450;412.19;77;5919.8;;;;;;;MONICA ALVES DE OLIVEIRA FRANCA;10/08/2026;VIAGEM 440965
RMI4F24;13/04/2026;354020;Santo André;370;201.421;36;1951.09;;;;;;;MONICA ALVES DE OLIVEIRA FRANCA;14/04/2026;
RMI4F24;12/05/2026;385799;Santo André;370;469.545;144;6999.85;;;;;;;MONICA ALVES DE OLIVEIRA FRANCA;13/05/2026;
RMI4F24;21/05/2026;5676861;Santo André;370;287.344;77;4934.67;;;;;;;MONICA ALVES DE OLIVEIRA FRANCA;21/05/2026;VIAGEM 396822
RMI4F24;21/05/2026;396822;Santo André;370;273.316;72;4700.67;;;;;;;MONICA ALVES DE OLIVEIRA FRANCA;22/05/2026;
RMI4F24;21/05/2026;396854;Santo André;370;14.028;5;234;;;;;;;MONICA ALVES DE OLIVEIRA FRANCA;22/05/2026;
RMI4F24;25/05/2026;5688312;Santo André;370;423.363;70;4409.01;;;;;;;MONICA ALVES DE OLIVEIRA FRANCA;25/05/2026;VIAGEM 395799
RMI4F24;30/05/2026;5710938;Santo André;370;176.734;27;1705.79;;;;;;;MONICA ALVES DE OLIVEIRA FRANCA;30/05/2026;VIAGEM 405766
RMI4F24;21/08/2026;6035265;Santo André;370;225.786;46;3457.03;;;;;;;MONICA ALVES DE OLIVEIRA FRANCA;21/08/2026;VIAGEM 443654
RMI4F24;17/09/2026;6140488;Santo André;370;588.142;38;6232.08;;;;;;;MONICA ALVES DE OLIVEIRA FRANCA;16/09/2026;VIAGEM - 449918
RMI4F24;30/06/2026;5821024;São Bernardo do Campo;370;493.346;53;3903.7;;;;;;;MONICA ALVES DE OLIVEIRA FRANCA;30/06/2026;VIAGEM 431476
RMI4F24;19/08/2026;6023876;São Bernardo do Campo;370;347.356;47;4288.2;;;;;;;MONICA ALVES DE OLIVEIRA FRANCA;18/08/2026;VIAGEM 442450
RMI4F24;16/09/2026;6135239;São Bernardo do Campo;370;470.689;74;7505.07;;;;;;;MONICA ALVES DE OLIVEIRA FRANCA;15/09/2026;VIAGEM - 449497/449498
RMI4F24;23/04/2026;5575219;São Paulo;370;601.158;84;7342.65;;;;;;;MONICA ALVES DE OLIVEIRA FRANCA;23/04/2026;Viagem 359335
RMI4F24;22/04/2026;359335;São Paulo;370;601.158;84;7342.65;;;;;;;MONICA ALVES DE OLIVEIRA FRANCA;24/04/2026;
RMI4F24;24/04/2026;366693;São Paulo;370;162.768;16;2390.88;;;;;;;MONICA ALVES DE OLIVEIRA FRANCA;25/04/2026;
RMI4F24;25/04/2026;366494;São Paulo;370;150.916;40;3292.18;;;;;;;MONICA ALVES DE OLIVEIRA FRANCA;25/04/2026;
RMI4F24;28/04/2026;371182;São Paulo;370;109.157;21;1314.28;;;;;;;MONICA ALVES DE OLIVEIRA FRANCA;29/04/2026;
RMI4F24;06/05/2026;381311;São Paulo;370;105.478;27;1564.2;;;;;;;MONICA ALVES DE OLIVEIRA FRANCA;07/05/2026;
RMI4F24;11/05/2026;369657;São Paulo;370;466.526;38;3420;;;;;;;MONICA ALVES DE OLIVEIRA FRANCA;12/05/2026;
RMI4F24;18/05/2026;5661097;São Paulo;370;581.318;70;6684.86;;;;;;;MONICA ALVES DE OLIVEIRA FRANCA;18/05/2026;VIAGEM 390518 390551
RMI4F24;18/05/2026;390518;São Paulo;370;581.318;70;6684.86;;;;;;;MONICA ALVES DE OLIVEIRA FRANCA;19/05/2026;
RMI4F24;05/06/2026;5731551;São Paulo;370;510.256;76;3620.92;;;;;;;MONICA ALVES DE OLIVEIRA FRANCA;05/06/2026;Viagem 412399
RMI4F24;13/06/2026;5762222;São Paulo;370;511.221;62;5562.24;;;;;;;MONICA ALVES DE OLIVEIRA FRANCA;13/06/2026;VIAGEM 408810
RMI4F24;19/06/2026;5785084;São Paulo;370;261.3;386;16290.01;;;;;;;MONICA ALVES DE OLIVEIRA FRANCA;19/06/2026;VIAGEM 424640
RMI4F24;22/06/2026;5788840;São Paulo;370;481.17;89;4496.75;;;;;;;MONICA ALVES DE OLIVEIRA FRANCA;20/06/2026;VIAGEM 425927
RMI4F24;25/06/2026;5804384;São Paulo;370;247.326;54;3958.78;;;;;;;MONICA ALVES DE OLIVEIRA FRANCA;24/06/2026;VIAGEM 408800
RMI4F24;01/07/2026;5827095;São Paulo;370;151.066;44;2110.37;;;;;;;MONICA ALVES DE OLIVEIRA FRANCA;30/06/2026;VIAGEM 414838
RMI4F24;08/07/2026;5860364;São Paulo;370;564.309;94;7124.2;;;;;;;MONICA ALVES DE OLIVEIRA FRANCA;08/07/2026;430855
RMI4F24;16/07/2026;5895947;São Paulo;370;479.767;211;10285.98;;;;;;;MONICA ALVES DE OLIVEIRA FRANCA;16/07/2026;435546
RMI4F24;07/08/2026;5981792;São Paulo;370;587.993;93;6567.16;;;;;;;MONICA ALVES DE OLIVEIRA FRANCA;06/08/2026;VIAGEM 439803
RMI4F24;12/08/2026;5998235;São Paulo;370;510.152;56;5624.46;;;;;;;MONICA ALVES DE OLIVEIRA FRANCA;12/08/2026;VIAGEM 440935
RMI4F24;13/08/2026;6008407;São Paulo;370;504;40;3360;;;;;;;MONICA ALVES DE OLIVEIRA FRANCA;13/08/2026;441406
RMI4F24;17/08/2026;6013106;São Paulo;370;654.155;139;9306.4;;;;;;;MONICA ALVES DE OLIVEIRA FRANCA;14/08/2026;VIAGEM 440130
RMI4F24;25/08/2026;6046733;São Paulo;370;379.485;83;7925.71;;;;;;;MONICA ALVES DE OLIVEIRA FRANCA;24/08/2026;VIAGEM - 444249
RMI4F24;26/08/2026;6051860;São Paulo;370;623.535;79;7235.65;;;;;;;MONICA ALVES DE OLIVEIRA FRANCA;25/08/2026;VIAGEM - 444798
RMI4F24;31/08/2026;6065587;São Paulo;370;628.34;85;7605.64;;;;;;;MONICA ALVES DE OLIVEIRA FRANCA;28/08/2026;VIAGEM - 445124
RMI4F24;01/09/2026;6075396;São Paulo;370;374.397;131;6529.88;;;;;;;MONICA ALVES DE OLIVEIRA FRANCA;31/08/2026;VIAGEM - 443201
RMI4F24;08/09/2026;6100421;São Paulo;370;506.061;58;6160.14;;;;;;;MONICA ALVES DE OLIVEIRA FRANCA;08/09/2026;447.124
RMI4F24;10/09/2026;6111047;São Paulo;370;149.192;35;2187.7;;;;;;;MONICA ALVES DE OLIVEIRA FRANCA;09/09/2026;VIAGEM - 447686 / 447687
RMI4F24;11/09/2026;6116939;São Paulo;370;473.841;51;4203.73;;;;;;;MONICA ALVES DE OLIVEIRA FRANCA;10/09/2026;VIAGEM - 446294/446295
RMI4F24;15/09/2026;6129764;São Paulo;370;501.793;72;6629.34;;;;;;;MONICA ALVES DE OLIVEIRA FRANCA;14/09/2026;VIAGEM - 449131
RMI4F24;18/09/2026;6149944;São Paulo;370;;;;;;;;;;MONICA ALVES DE OLIVEIRA FRANCA;18/09/2026;Viagem - 451073
RMI4F24;21/09/2026;6150043;São Paulo;370;535.514;91;6193.85;;;;;;;MONICA ALVES DE OLIVEIRA FRANCA;19/09/2026;VIAGEM - 451333
RMI4F24;23/09/2026;6161982;São Paulo;370;481.34;86;6080.4;;;;;;;MONICA ALVES DE OLIVEIRA FRANCA;23/09/2026;VIAGEM - 452309
RMI4F24;23/04/2026;364647;Sorocaba;620;596.191;69;6438.91;;;;;;;MONICA ALVES DE OLIVEIRA FRANCA;24/04/2026;
RMI4F24;19/05/2026;393291;Sorocaba;500;26.004;2;258;;;;;;;MONICA ALVES DE OLIVEIRA FRANCA;20/05/2026;
RMI4F24;19/05/2026;390952;Sorocaba;620;443.096;58;5850.49;;;;;;;MONICA ALVES DE OLIVEIRA FRANCA;20/05/2026;
RMI4F24;22/07/2026;5914708;Sorocaba;500;402.593;61;6382.29;;;;;;;MONICA ALVES DE OLIVEIRA FRANCA;22/07/2026;VIAGEM 436559
RMI4F24;07/05/2026;381479;Suzano;470;24.303;3;302.4;;;;;;;MONICA ALVES DE OLIVEIRA FRANCA;08/05/2026;
RMI4F24;24/06/2026;5800270;Suzano;450;186;15;1224;;;;;;;MONICA ALVES DE OLIVEIRA FRANCA;23/06/2026;VIAGEM 417908
RMI4F24;02/06/2026;5717789;Vinhedo;450;312.933;40;4290.71;;;;;;;MONICA ALVES DE OLIVEIRA FRANCA;01/06/2026;VIAGEM 407581
MLZ6F49;21/08/2026;6039877;Bragança Paulista;800;1311.357;208;20276.25;;;;;;;65.628.144 NICOLAS GOMES DINIZ;21/08/2026;443.833
MLZ6F49;07/08/2026;5986110;Cajamar;700;746.255;264;25926.58;;;;;;;65.628.144 NICOLAS GOMES DINIZ;07/08/2026;VIAGEM 440744
MLZ6F49;25/07/2026;5929795;Campinas;800;953.832;243;20783.76;;;;;;;65.628.144 NICOLAS GOMES DINIZ;25/07/2026;VIAGEM 437425
MLZ6F49;22/09/2026;6149891;Campo Limpo Paulista;700;1590.254;165;16445.76;;;;;;;65.628.144 NICOLAS GOMES DINIZ;18/09/2026;VIAGEM - 450101
MLZ6F49;19/08/2026;6025136;Carapicuíba;500;711.732;108;10823.27;;;;;;;65.628.144 NICOLAS GOMES DINIZ;18/08/2026;VIAGEM 442534
MLZ6F49;24/04/2026;367754;Diadema;500;1644.067;249;16622.69;;;;;;;65.628.144 NICOLAS GOMES DINIZ;25/04/2026;
MLZ6F49;14/05/2026;388869;Diadema;500;10.056;4;187.2;;;;;;;65.628.144 NICOLAS GOMES DINIZ;15/05/2026;
MLZ6F49;14/05/2026;387618;Diadema;500;1053.951;216;15579.84;;;;;;;65.628.144 NICOLAS GOMES DINIZ;15/05/2026;
MLZ6F49;23/04/2026;364895;Embu das Artes;500;903.955;103;9032.41;;;;;;;65.628.144 NICOLAS GOMES DINIZ;24/04/2026;
MLZ6F49;29/04/2026;372203;Embu das Artes;500;1513.22;135;13782;;;;;;;65.628.144 NICOLAS GOMES DINIZ;30/04/2026;
MLZ6F49;25/05/2026;5688244;Francisco Morato;700;1632.135;133;12178.6;;;;;;;65.628.144 NICOLAS GOMES DINIZ;25/05/2026;VIAGEM 395996
MLZ6F49;28/07/2026;5936892;Franco da Rocha;700;1272.255;158;14652.54;;;;;;;65.628.144 NICOLAS GOMES DINIZ;28/07/2026;437631
MLZ6F49;09/09/2026;6105044;Franco da Rocha;700;1650.541;88;8977.85;;;;;;;65.628.144 NICOLAS GOMES DINIZ;09/09/2026;447318
MLZ6F49;24/09/2026;6166428;Guarujá;700;1101.001;193;17681.95;;;;;;;65.628.144 NICOLAS GOMES DINIZ;23/09/2026;VIAGEM - 452896
MLZ6F49;13/07/2026;5877167;Guarulhos;500;1553.51;128;13643.67;;;;;;;65.628.144 NICOLAS GOMES DINIZ;13/07/2026;434.877
QBN6G98;11/09/2026;6116046;Guarulhos;500;;;;;;;;;;65.628.144 NICOLAS GOMES DINIZ;10/09/2026;Viagem - 447976
MLZ6F49;02/06/2026;5717928;Igaratá;800;715.531;119;9032.09;;;;;;;65.628.144 NICOLAS GOMES DINIZ;01/06/2026;VIAGEM 403322
MLZ6F49;20/04/2026;362073;Indaiatuba;900;1123.703;149;9117.86;;;;;;;65.628.144 NICOLAS GOMES DINIZ;23/04/2026;
MLZ6F49;09/05/2026;379793;Indaiatuba;900;496.834;114;8576;;;;;;;65.628.144 NICOLAS GOMES DINIZ;10/05/2026;
MLZ6F49;23/07/2026;5922224;Indaiatuba;800;926.938;93;11125.52;;;;;;;65.628.144 NICOLAS GOMES DINIZ;23/07/2026;VIAGEM 436521
MLZ6F49;29/04/2026;372303;Itanhaém;900;1194.946;203;14058.6;;;;;;;65.628.144 NICOLAS GOMES DINIZ;30/04/2026;
MLZ6F49;03/09/2026;6085749;Itanhaém;800;1372.387;208;15752.29;;;;;;;65.628.144 NICOLAS GOMES DINIZ;02/09/2026;VIAGEM - 445491
MLZ6F49;16/06/2026;5768846;Itapevi;700;1057.742;149;12393.71;;;;;;;65.628.144 NICOLAS GOMES DINIZ;16/06/2026;VIAGEM 417449
MLZ6F49;06/08/2026;5980173;Itaquaquecetuba;700;1094.18;136;12867.12;;;;;;;65.628.144 NICOLAS GOMES DINIZ;06/08/2026;439.184
MLZ6F49;28/08/2026;6062474;Jacareí;800;1639.429;152;15613.32;;;;;;;65.628.144 NICOLAS GOMES DINIZ;27/08/2026;VIAGEM - 445088
MLZ6F49;13/05/2026;386856;Jandira;500;1481.252;130;13471.85;;;;;;;65.628.144 NICOLAS GOMES DINIZ;14/05/2026;
MLZ6F49;30/06/2026;5821020;Juquiá;1000;1454.171;233;15721.34;;;;;;;65.628.144 NICOLAS GOMES DINIZ;29/06/2026;VIAGEM 431197
MLZ6F49;04/09/2026;6091793;Mauá;500;774.769;248;16666.22;;;;;;;65.628.144 NICOLAS GOMES DINIZ;04/09/2026;VIAGEM - 446257
MLZ6F49;06/07/2026;5843087;Mogi das Cruzes;700;1481.237;156;13428.48;;;;;;;65.628.144 NICOLAS GOMES DINIZ;03/07/2026;VIAGEM 432699
MLZ6F49;25/08/2026;6046731;Mogi das Cruzes;700;1603.093;228;15539.76;;;;;;;65.628.144 NICOLAS GOMES DINIZ;24/08/2026;VIAGEM - 444309
MLZ6F49;03/06/2026;5723380;Osasco;500;876.564;169;11950.67;;;;;;;65.628.144 NICOLAS GOMES DINIZ;02/06/2026;VIAGEM 409726
MLZ6F49;06/08/2026;5977431;Osasco;500;1477.2;120;12240;;;;;;;65.628.144 NICOLAS GOMES DINIZ;06/08/2026;Viagem - 437944
MLZ6F49;26/08/2026;6056692;Osasco;500;1202.902;261;20903.35;;;;;;;65.628.144 NICOLAS GOMES DINIZ;26/08/2026;444.924
MLZ6F49;16/04/2026;359465;Peruíbe;900;592.215;89;7257.6;;;;;;;65.628.144 NICOLAS GOMES DINIZ;17/04/2026;
MLZ6F49;05/08/2026;5971922;Piracicaba;1000;;;;;;;;;;65.628.144 NICOLAS GOMES DINIZ;05/08/2026;NICOLAS GOMES - 438095
MLZ6F49;13/04/2026;355869;Praia Grande;700;82.26;9;1314;;;;;;;65.628.144 NICOLAS GOMES DINIZ;14/04/2026;
MLZ6F49;21/05/2026;5676938;Praia Grande;700;566.636;80;5922;;;;;;;65.628.144 NICOLAS GOMES DINIZ;21/05/2026;VIAGEM 390089
MLZ6F49;21/05/2026;390089;Praia Grande;700;566.636;80;5922;;;;;;;65.628.144 NICOLAS GOMES DINIZ;22/05/2026;
MLZ6F49;22/05/2026;5681585;Praia Grande;700;867.094;72;7670.4;;;;;;;65.628.144 NICOLAS GOMES DINIZ;22/05/2026;VIAGEM 398834
MLZ6F49;01/09/2026;6076686;Salto;800;1358.595;183;15252.56;;;;;;;65.628.144 NICOLAS GOMES DINIZ;01/09/2026;445184
MLZ6F49;07/05/2026;378902;Santos;700;1054.814;154;12399.28;;;;;;;65.628.144 NICOLAS GOMES DINIZ;07/05/2026;NICOLAS GOMES
MLZ6F49;18/08/2026;6020458;Santos;;1725.286;356;21713.4;;;;;;;65.628.144 NICOLAS GOMES DINIZ;17/08/2026;VIAGEM 438490
MLZ6F49;26/05/2026;5692531;São Bernardo do Campo;500;1665.845;295;19209.26;;;;;;;65.628.144 NICOLAS GOMES DINIZ;26/05/2026;VIAGEM 398207
MLZ6F49;19/05/2026;390060;São José dos Campos;800;1589.811;136;13481.6;;;;;;;65.628.144 NICOLAS GOMES DINIZ;20/05/2026;
MLZ6F49;04/06/2026;5729138;São José dos Campos;800;862.304;126;10227.2;;;;;;;65.628.144 NICOLAS GOMES DINIZ;04/06/2026;VIAGEM 411013
MLZ6F49;22/06/2026;5789404;São José dos Campos;800;805.288;73;8032.8;;;;;;;65.628.144 NICOLAS GOMES DINIZ;20/06/2026;VIAGEM 427087
MLZ6F49;14/09/2026;6127564;São José dos Campos;800;1500.14;132;14035.56;;;;;;;65.628.144 NICOLAS GOMES DINIZ;14/09/2026;Viagem - 447295
MLZ6F49;14/04/2026;357882;São Paulo;500;1019.213;159;11772.95;;;;;;;65.628.144 NICOLAS GOMES DINIZ;16/04/2026;
MLZ6F49;18/04/2026;359235;São Paulo;500;190.253;27;2225.2;;;;;;;65.628.144 NICOLAS GOMES DINIZ;18/04/2026;
MLZ6F49;22/04/2026;364712;São Paulo;;1469.981;208;16943.64;;;;;;;65.628.144 NICOLAS GOMES DINIZ;23/04/2026;
MLZ6F49;27/04/2026;5590124;São Paulo;500;801.129;250;18046.41;;;;;;;65.628.144 NICOLAS GOMES DINIZ;28/04/2026;
MLZ6F49;27/04/2026;367517;São Paulo;500;785.101;246;17811.21;;;;;;;65.628.144 NICOLAS GOMES DINIZ;29/04/2026;
MLZ6F49;27/04/2026;367550;São Paulo;500;16.028;4;235.2;;;;;;;65.628.144 NICOLAS GOMES DINIZ;29/04/2026;
MLZ6F49;07/05/2026;380090;São Paulo;500;1255.04;135;13040.6;;;;;;;65.628.144 NICOLAS GOMES DINIZ;08/05/2026;
MLZ6F49;11/05/2026;384750;São Paulo;500;639.482;188;12575.99;;;;;;;65.628.144 NICOLAS GOMES DINIZ;12/05/2026;
MLZ6F49;15/05/2026;385931;São Paulo;500;1026.811;184;15613.16;;;;;;;65.628.144 NICOLAS GOMES DINIZ;16/05/2026;
MLZ6F49;30/05/2026;5710921;São Paulo;500;902.751;146;9536.86;;;;;;;65.628.144 NICOLAS GOMES DINIZ;30/05/2026;VIAGEM 401607
MLZ6F49;09/06/2026;5740718;São Paulo;500;659.263;146;10129.21;;;;;;;65.628.144 NICOLAS GOMES DINIZ;09/06/2026;VIAGEM 413920
MLZ6F49;11/06/2026;5751128;São Paulo;500;1315.774;120;14873.32;;;;;;;65.628.144 NICOLAS GOMES DINIZ;10/06/2026;VIAGEM 417001
MLZ6F49;13/06/2026;5763779;São Paulo;500;1145.697;150;14417.72;;;;;;;65.628.144 NICOLAS GOMES DINIZ;13/06/2026;VIAGEM 417348
MLZ6F49;18/06/2026;5778613;São Paulo;500;1086.525;89;9852;;;;;;;65.628.144 NICOLAS GOMES DINIZ;17/06/2026;VIAGEM 416997
MLZ6F49;25/06/2026;5804445;São Paulo;500;1191.568;119;10307.97;;;;;;;65.628.144 NICOLAS GOMES DINIZ;25/06/2026;VIAGEM 430001
MLZ6F49;29/06/2026;5814743;São Paulo;500;1357.141;127;10951.84;;;;;;;65.628.144 NICOLAS GOMES DINIZ;27/06/2026;VIAGEM 431211
MLZ6F49;06/07/2026;5849853;São Paulo;500;1352.759;167;15042.02;;;;;;;65.628.144 NICOLAS GOMES DINIZ;06/07/2026;433300
MLZ6F49;08/07/2026;5857719;São Paulo;500;1512.905;192;13107.89;;;;;;;65.628.144 NICOLAS GOMES DINIZ;08/07/2026;433812
MLZ6F49;10/07/2026;5869901;São Paulo;500;554.8;220;17600;;;;;;;65.628.144 NICOLAS GOMES DINIZ;10/07/2026;433763
MLZ6F49;14/07/2026;5882664;São Paulo;500;756.062;97;9363.86;;;;;;;65.628.144 NICOLAS GOMES DINIZ;14/07/2026;435310
MLZ6F49;18/07/2026;5902515;São Paulo;500;1307.944;110;10283.52;;;;;;;65.628.144 NICOLAS GOMES DINIZ;18/07/2026;VIAGEM 436161
MLZ6F49;20/07/2026;5908870;São Paulo;500;1396.574;166;15010.79;;;;;;;65.628.144 NICOLAS GOMES DINIZ;20/07/2026;435563
MLZ6F49;11/08/2026;5992219;São Paulo;500;1430.642;197;16013.62;;;;;;;65.628.144 NICOLAS GOMES DINIZ;10/08/2026;VIAGEM 440086
MLZ6F49;11/08/2026;5996138;São Paulo;500;1596.434;174;16219.68;;;;;;;65.628.144 NICOLAS GOMES DINIZ;11/08/2026;440.964
MLZ6F49;17/08/2026;6013608;São Paulo;500;603.084;96;7411.05;;;;;;;65.628.144 NICOLAS GOMES DINIZ;14/08/2026;VIAGEM 442080
MLZ6F49;20/08/2026;6031108;São Paulo;500;1317.858;145;11269;;;;;;;65.628.144 NICOLAS GOMES DINIZ;20/08/2026;VIAGEM 443024
MLZ6F49;20/08/2026;6032373;São Paulo;500;1454.071;222;19427.07;;;;;;;65.628.144 NICOLAS GOMES DINIZ;20/08/2026;443.551
MLZ6F49;08/09/2026;6099750;São Paulo;500;1571.122;162;16024.6;;;;;;;65.628.144 NICOLAS GOMES DINIZ;07/09/2026;VIAGEM - 445702
MLZ6F49;17/09/2026;6139171;São Paulo;500;1117.842;195;15601.24;;;;;;;65.628.144 NICOLAS GOMES DINIZ;16/09/2026;VIAGEM - 450056/450182
MLZ6F49;18/09/2026;6147050;São Paulo;500;1144.266;119;10506.98;;;;;;;65.628.144 NICOLAS GOMES DINIZ;18/09/2026;Nicolas - 450.084
MLZ6F49;23/09/2026;6162206;São Paulo;500;1134.803;255;18776.35;;;;;;;65.628.144 NICOLAS GOMES DINIZ;23/09/2026;VIAGEM - 452228
MLZ6F49;13/04/2026;354615;São Vicente;700;430.628;79;5205.89;;;;;;;65.628.144 NICOLAS GOMES DINIZ;14/04/2026;
MLZ6F49;31/08/2026;6073945;São Vicente;700;1685.09;191;17739.8;;;;;;;65.628.144 NICOLAS GOMES DINIZ;31/08/2026;Viagem - 445178
MLZ6F49;04/05/2026;375569;Sorocaba;900;1443.116;229;15913.02;;;;;;;65.628.144 NICOLAS GOMES DINIZ;06/05/2026;
MLZ6F49;16/09/2026;6135246;Sorocaba;800;1424.976;149;14515.12;;;;;;;65.628.144 NICOLAS GOMES DINIZ;15/09/2026;VIAGEM - 449440
MLZ6F49;10/09/2026;6109874;Sumaré;800;1530.332;165;15185.18;;;;;;;65.628.144 NICOLAS GOMES DINIZ;09/09/2026;VIAGEM - 445547
MLZ6F49;18/05/2026;5662409;Suzano;700;1237.679;208;13419.1;;;;;;;65.628.144 NICOLAS GOMES DINIZ;18/05/2026;VIAGEM 391906
MLZ6F49;18/05/2026;391906;Suzano;700;1237.679;208;13419.1;;;;;;;65.628.144 NICOLAS GOMES DINIZ;19/05/2026;
MLZ6F49;29/05/2026;5698580;Suzano;700;281.297;25;2751.84;;;;;;;65.628.144 NICOLAS GOMES DINIZ;27/05/2026;VIAGEM 396858
DIT0C34;26/05/2026;5688457;Americana;850;2033.85;242;19039.9;;;;;;;RAFAEL OLIVEIRA FELICIANO;26/05/2026;VIAGEM 395534
DIT0C34;20/04/2026;350757;Araras;1050;2073.145;263;22290.89;;;;;;;RAFAEL OLIVEIRA FELICIANO;23/04/2026;
DIT0C34;03/06/2026;5723613;Bragança Paulista;850;1950.692;174;17714.6;;;;;;;RAFAEL OLIVEIRA FELICIANO;03/06/2026;VIAGEM 407679
DIT0C34;17/04/2026;350764;Campinas;950;1853.58;172;17460;;;;;;;RAFAEL OLIVEIRA FELICIANO;18/04/2026;
DIT0C34;27/08/2026;6062130;Campinas;850;1867.776;1824;14956.8;;;;;;;RAFAEL OLIVEIRA FELICIANO;27/08/2026;444.806
DIT0C34;25/06/2026;5804363;Campo Limpo Paulista;750;1385.158;271;15241.1;;;;;;;RAFAEL OLIVEIRA FELICIANO;24/06/2026;VIAGEM 427841
DIT0C34;14/05/2026;387701;Diadema;550;2111.079;292;19892.52;;;;;;;RAFAEL OLIVEIRA FELICIANO;15/05/2026;
DIT0C34;12/06/2026;5762169;Embu-Guaçu;550;1077.245;319;24313.48;;;;;;;RAFAEL OLIVEIRA FELICIANO;13/06/2026;VIAGEM 419031
DIT0C34;23/09/2026;6162103;Guareí;1000;1600.371;277;27075.44;;;;;;;RAFAEL OLIVEIRA FELICIANO;23/09/2026;VIAGEM - 452302
DIT0C34;22/07/2026;5914661;Guarujá;750;1901.313;364;22820.73;;;;;;;RAFAEL OLIVEIRA FELICIANO;22/07/2026;436562
DIT0C34;14/08/2026;6008898;Guarujá;750;1960.685;551;33881.04;;;;;;;RAFAEL OLIVEIRA FELICIANO;13/08/2026;VIAGEM 435887
DIT0C34;12/05/2026;371232;Guarulhos;550;1896.625;383;27852.78;;;;;;;RAFAEL OLIVEIRA FELICIANO;13/05/2026;
DIT0C34;25/08/2026;6046769;Guarulhos;550;1084.954;133;12556.44;;;;;;;RAFAEL OLIVEIRA FELICIANO;24/08/2026;VIAGEM - 444581
DIT0C34;08/05/2026;371217;Hortolândia;850;1696.07;266;20091.65;;;;;;;RAFAEL OLIVEIRA FELICIANO;09/05/2026;
DIT0C34;03/09/2026;6086008;Ibiúna;750;1767.509;234;23182.94;;;;;;;RAFAEL OLIVEIRA FELICIANO;02/09/2026;VIAGEM - 445350
DIT0C34;22/09/2026;6152471;Indaiatuba;850;2110.309;223;20861.02;;;;;;;RAFAEL OLIVEIRA FELICIANO;21/09/2026;VIAGEM 450098
DIT0C34;08/06/2026;5734191;Itanhaém;850;1651.608;266;16267.99;;;;;;;RAFAEL OLIVEIRA FELICIANO;05/06/2026;VIAGEM 407513
DIT0C34;15/07/2026;5888969;Itapecerica da Serra;550;1900.35;162;15825.6;;;;;;;RAFAEL OLIVEIRA FELICIANO;15/07/2026;434516
DIT0C34;27/04/2026;5590084;Itapetininga;1050;1645.845;222;16582.84;;;;;;;RAFAEL OLIVEIRA FELICIANO;28/04/2026;Viagem 368738
DIT0C34;27/04/2026;368738;Itapetininga;1050;1645.845;222;16582.84;;;;;;;RAFAEL OLIVEIRA FELICIANO;29/04/2026;
DIT0C34;16/07/2026;5896294;Itapevi;750;1998.924;217;20690.52;;;;;;;RAFAEL OLIVEIRA FELICIANO;16/07/2026;435587
DIT0C34;25/05/2026;5684014;Itu;850;1985.473;290;23570.32;;;;;;;RAFAEL OLIVEIRA FELICIANO;25/05/2026;Viagem 395469
DIT0C34;04/09/2026;6091749;Itupeva;750;1725.268;270;19311.01;;;;;;;RAFAEL OLIVEIRA FELICIANO;03/09/2026;VIAGEM - 445736
DIT0C34;23/04/2026;365539;Joanópolis;950;706.934;98;10091.64;;;;;;;RAFAEL OLIVEIRA FELICIANO;24/04/2026;
DIT0C34;24/04/2026;341188;Jundiaí;750;1913.006;195;19778.83;;;;;;;RAFAEL OLIVEIRA FELICIANO;25/04/2026;
DIT0C34;09/07/2026;5862621;Jundiaí;750;1738.864;151;16353.6;;;;;;;RAFAEL OLIVEIRA FELICIANO;09/07/2026;430828
DIT0C34;17/09/2026;6140487;Jundiaí;750;1801.316;196;18396.58;;;;;;;RAFAEL OLIVEIRA FELICIANO;16/09/2026;VIAGEM - 445521
DIT0C34;02/09/2026;6077666;Mauá;550;1875.931;306;22660.8;;;;;;;RAFAEL OLIVEIRA FELICIANO;01/09/2026;Viagem - 442973
DIT0C34;01/07/2026;5826597;Miracatu;1000;1691.917;271;18949.42;;;;;;;RAFAEL OLIVEIRA FELICIANO;30/06/2026;VIAGEM 431174
DIT0C34;06/05/2026;369630;Mogi das Cruzes;750;1660.252;170;16920.79;;;;;;;RAFAEL OLIVEIRA FELICIANO;07/05/2026;
DIT0C34;29/07/2026;5941881;Mogi das Cruzes;750;2021.652;407;25104.96;;;;;;;RAFAEL OLIVEIRA FELICIANO;29/07/2026;VIAGEM 437867
DIT0C34;27/05/2026;5693636;Mogi Mirim;1000;1488.165;107;12397.8;;;;;;;RAFAEL OLIVEIRA FELICIANO;27/05/2026;VIAGEM 391148
DIT0C34;17/07/2026;5902480;Nova Odessa;850;1171.58;154;12594.24;;;;;;;RAFAEL OLIVEIRA FELICIANO;17/07/2026;436157
DIT0C34;13/05/2026;384118;Osasco;550;1969.72;170;16272;;;;;;;RAFAEL OLIVEIRA FELICIANO;14/05/2026;
DIT0C34;20/05/2026;395471;Osasco;550;1503.008;165;15090.87;;;;;;;RAFAEL OLIVEIRA FELICIANO;21/05/2026;
DIT0C34;15/04/2026;350798;Piracicaba;1050;738.6;60;6768;;;;;;;RAFAEL OLIVEIRA FELICIANO;17/04/2026;
DIT0C34;21/05/2026;391013;Piracicaba;1000;1848.52;183;21226.19;;;;;;;RAFAEL OLIVEIRA FELICIANO;22/05/2026;
DIT0C34;29/05/2026;5705477;Praia Grande;750;251.866;12;2137.56;;;;;;;RAFAEL OLIVEIRA FELICIANO;29/05/2026;Viagem 403091
DIT0C34;02/06/2026;5718390;Registro;1000;1634.095;200;18402.94;;;;;;;RAFAEL OLIVEIRA FELICIANO;02/06/2026;VIAGEM 407150
DIT0C34;12/06/2026;5756790;Registro;1000;1557.198;226;12252.17;;;;;;;RAFAEL OLIVEIRA FELICIANO;12/06/2026;VIAGEM 415678
DIT0C34;16/05/2026;382732;Salesópolis;;1630.549;266;20709.86;;;;;;;RAFAEL OLIVEIRA FELICIANO;16/05/2026;
DIT0C34;11/08/2026;5988206;Santo André;550;1916.149;142;18657.96;;;;;;;RAFAEL OLIVEIRA FELICIANO;10/08/2026;VIAGEM 440670
DIT0C34;10/08/2026;5987942;Santos;750;1841.165;213;21363.92;;;;;;;RAFAEL OLIVEIRA FELICIANO;10/08/2026;VIAGEM 439776
DIT0C34;26/08/2026;6051913;Santos;750;1711.176;164;14861.41;;;;;;;RAFAEL OLIVEIRA FELICIANO;26/08/2026;RAFAEL - 444011
DIT0C34;09/09/2026;6105045;Santos;750;1402.222;372;28495.8;;;;;;;RAFAEL OLIVEIRA FELICIANO;09/09/2026;443222
DIT0C34;15/04/2026;358422;São Bernardo do Campo;550;1711.253;258;18678.99;;;;;;;RAFAEL OLIVEIRA FELICIANO;16/04/2026;
DIT0C34;17/06/2026;5774065;São Bernardo do Campo;550;496.61;51;4817.24;;;;;;;RAFAEL OLIVEIRA FELICIANO;17/06/2026;VIAGEM 416588
DIT0C34;31/07/2026;5958887;São Bernardo do Campo;550;1993.195;259;15376.75;;;;;;;RAFAEL OLIVEIRA FELICIANO;31/07/2026;438.723
DIT0C34;19/06/2026;5783800;São Caetano do Sul;550;1827.47;274;23785.74;;;;;;;RAFAEL OLIVEIRA FELICIANO;18/06/2026;VIAGEM 423392
DIT0C34;11/05/2026;384645;São José dos Campos;850;2022.389;172;18036;;;;;;;RAFAEL OLIVEIRA FELICIANO;12/05/2026;
DIT0C34;16/06/2026;5768850;São José dos Campos;850;1555.94;263;12573.6;;;;;;;RAFAEL OLIVEIRA FELICIANO;16/06/2026;VIAGEM 408765
DIT0C34;18/09/2026;6145666;São José dos Campos;850;1785.725;199;17017;;;;;;;RAFAEL OLIVEIRA FELICIANO;18/09/2026;VIAGEM - 445553
DIT0C34;24/09/2026;6166946;São José dos Campos;850;1786.044;157;17119.72;;;;;;;RAFAEL OLIVEIRA FELICIANO;23/09/2026;VIAGEM - 452306/452929
DIT0C34;29/04/2026;370652;São Paulo;550;2063.551;278;22225.95;;;;;;;RAFAEL OLIVEIRA FELICIANO;30/04/2026;
DIT0C34;06/05/2026;378308;São Paulo;550;1685.126;264;17651.2;;;;;;;RAFAEL OLIVEIRA FELICIANO;07/05/2026;
DIT0C34;22/06/2026;5789922;São Paulo;550;1784.048;232;20722.43;;;;;;;RAFAEL OLIVEIRA FELICIANO;20/06/2026;VIAGEM 427381
DIT0C34;26/06/2026;5807537;São Paulo;550;1779.13;225;15004.08;;;;;;;RAFAEL OLIVEIRA FELICIANO;25/06/2026;VIAGEM 428006
DIT0C34;29/06/2026;5815276;São Paulo;550;2038.111;464;27939.11;;;;;;;RAFAEL OLIVEIRA FELICIANO;27/06/2026;VIAGEM 430028
DIT0C34;03/07/2026;5838211;São Paulo;550;1888.071;194;17345.2;;;;;;;RAFAEL OLIVEIRA FELICIANO;02/07/2026;VIAGEM 430880
DIT0C34;14/07/2026;5881917;São Paulo;550;1820.004;261;22300.27;;;;;;;RAFAEL OLIVEIRA FELICIANO;14/07/2026;435190
DIT0C34;22/07/2026;5919719;São Paulo;550;2067.59;323;21864.16;;;;;;;RAFAEL OLIVEIRA FELICIANO;22/07/2026;435867
DIT0C34;23/07/2026;5924642;São Paulo;550;1878.08;258;19056.37;;;;;;;RAFAEL OLIVEIRA FELICIANO;23/07/2026;435.870
DIT0C34;30/07/2026;5947517;São Paulo;550;1871.693;164;16670.32;;;;;;;RAFAEL OLIVEIRA FELICIANO;30/07/2026;438311
DIT0C34;31/07/2026;5956368;São Paulo;550;1736.172;267;16291.44;;;;;;;RAFAEL OLIVEIRA FELICIANO;31/07/2026;438.699
DIT0C34;05/08/2026;5970966;São Paulo;550;1753.877;163;17071.56;;;;;;;RAFAEL OLIVEIRA FELICIANO;05/08/2026;VIAGEM 439263
DIT0C34;17/08/2026;6013587;São Paulo;550;2039.235;165;15840;;;;;;;RAFAEL OLIVEIRA FELICIANO;14/08/2026;VIAGEM 442211
DIT0C34;20/08/2026;6030371;São Paulo;550;2009.585;201;14017.27;;;;;;;RAFAEL OLIVEIRA FELICIANO;19/08/2026;VIAGEM 443001
DIT0C34;21/08/2026;6035260;São Paulo;550;2057.335;209;13989.47;;;;;;;RAFAEL OLIVEIRA FELICIANO;21/08/2026;VIAGEM 443023
DIT0C34;16/09/2026;6135353;São Paulo;550;1896.59;215;15728.11;;;;;;;RAFAEL OLIVEIRA FELICIANO;16/09/2026;VIAGEM - 449641
DIT0C34;22/04/2026;360257;Sorocaba;950;1276.977;203;13900.12;;;;;;;RAFAEL OLIVEIRA FELICIANO;23/04/2026;
DIT0C34;30/04/2026;373203;Sorocaba;850;1775.091;260;19771.48;;;;;;;RAFAEL OLIVEIRA FELICIANO;30/04/2026;
DIT0C34;04/05/2026;375636;Sorocaba;850;831.824;72;8287.27;;;;;;;RAFAEL OLIVEIRA FELICIANO;05/05/2026;
DIT0C34;23/06/2026;5795461;Sorocaba;850;1519.491;292;22275.54;;;;;;;RAFAEL OLIVEIRA FELICIANO;22/06/2026;VIAGEM 424376
DIT0C34;07/07/2026;5849962;Sorocaba;850;1411.952;127;13573.68;;;;;;;RAFAEL OLIVEIRA FELICIANO;07/07/2026;VIAGEM 433301
DIT0C34;09/06/2026;5740715;Suzano;750;1739.999;345;24116.54;;;;;;;RAFAEL OLIVEIRA FELICIANO;09/06/2026;VIAGEM 414575
DIT0C34;21/07/2026;5908969;Taubaté;1000;1879.77;332;24338.75;;;;;;;RAFAEL OLIVEIRA FELICIANO;21/07/2026;VIAGEM 435938
DIT0C34;30/04/2026;374815;Tietê;1050;1163.609;136;14504.36;;;;;;;RAFAEL OLIVEIRA FELICIANO;01/05/2026;
FFN9G19;13/08/2026;6002727;Arujá;700;838.828;140;9945.26;;;;;;;RAFAEL BERNARDINO CORAGE;12/08/2026;VIAGEM 441492
FFN9G19;12/06/2026;5756473;Barueri;500;1376.806;114;14165.64;;;;;;;RAFAEL BERNARDINO CORAGE;11/06/2026;VIAGEM 417413
FFN9G19;01/09/2026;6076162;Caçapava;950;1500.274;137;14015.44;;;;;;;RAFAEL BERNARDINO CORAGE;31/08/2026;Rafael - 445192
FFN9G19;02/09/2026;6080088;Campinas;800;1063.462;355;30516.06;;;;;;;RAFAEL BERNARDINO CORAGE;01/09/2026;VIAGEM - 445596
FFN9G19;23/06/2026;5794942;Embu-Guaçu;500;1126.944;193;14181.55;;;;;;;RAFAEL BERNARDINO CORAGE;22/06/2026;VIAGEM 429131
FFN9G19;09/07/2026;5862603;Guarulhos;500;1092.516;131;12480.45;;;;;;;RAFAEL BERNARDINO CORAGE;09/07/2026;434210
FFN9G19;09/09/2026;6104959;Guarulhos;500;1249.515;211;12932.82;;;;;;;RAFAEL BERNARDINO CORAGE;08/09/2026;VIAGEM - 447844 / 447864
FFN9G19;08/06/2026;5733024;Indaiatuba;800;1429.286;210;17485.66;;;;;;;RAFAEL BERNARDINO CORAGE;05/06/2026;RAFAEL CORAGE 411407
FFN9G19;06/08/2026;5977273;Indaiatuba;800;1182.754;161;13840.44;;;;;;;RAFAEL BERNARDINO CORAGE;06/08/2026;Viagem - 439226
FFN9G19;31/08/2026;6072444;Indaiatuba;800;1245.869;117;10609.4;;;;;;;RAFAEL BERNARDINO CORAGE;31/08/2026;Viagem - 445152
FFN9G19;03/09/2026;6085218;Indaiatuba;800;1255.682;113;11074.26;;;;;;;RAFAEL BERNARDINO CORAGE;02/09/2026;VIAGEM - 445500
FFN9G19;18/06/2026;5776523;Itapecerica da Serra;500;1433.521;191;14319.97;;;;;;;RAFAEL BERNARDINO CORAGE;17/06/2026;VIAGEM 422924
FFN9G19;25/06/2026;5803124;Itapetininga;950;1133.412;230;19622.82;;;;;;;RAFAEL BERNARDINO CORAGE;24/06/2026;VIAGEM 430008
FFN9G19;21/08/2026;6039887;Mairinque;700;966.802;124;12135.73;;;;;;;RAFAEL BERNARDINO CORAGE;21/08/2026;443.779
FFN9G19;22/06/2026;5786303;Mauá;500;1149.083;196;14436.46;;;;;;;RAFAEL BERNARDINO CORAGE;19/06/2026;VIAGEM 426191
FFN9G19;28/08/2026;6062282;Mogi das Cruzes;700;1098.804;229;16627.87;;;;;;;RAFAEL BERNARDINO CORAGE;27/08/2026;VIAGEM - 444991
FFN9G19;03/08/2026;5961374;Nova Odessa;800;1471.693;288;25216.65;;;;;;;RAFAEL BERNARDINO CORAGE;03/08/2026;VIAGEM 438865 E 438866
FFN9G19;06/07/2026;5842983;São Bernardo do Campo;500;611.143;137;7547.54;;;;;;;RAFAEL BERNARDINO CORAGE;03/07/2026;VIAGEM 432959
FFN9G19;28/07/2026;5941713;São Bernardo do Campo;500;1240.654;98;11406;;;;;;;RAFAEL BERNARDINO CORAGE;28/07/2026;437750
FFN9G19;07/08/2026;5984190;São Bernardo do Campo;500;632;255;19635;;;;;;;RAFAEL BERNARDINO CORAGE;07/08/2026;VIAGEM 440518
FFN9G19;02/06/2026;5718031;São Paulo;500;766.962;432;22689.74;;;;;;;RAFAEL BERNARDINO CORAGE;01/06/2026;VIAGEM 407843
FFN9G19;03/06/2026;5723324;São Paulo;500;1578.667;252;21998.4;;;;;;;RAFAEL BERNARDINO CORAGE;02/06/2026;VIAGEM 409229
FFN9G19;10/06/2026;5745693;São Paulo;500;1257.781;152;10264.3;;;;;;;RAFAEL BERNARDINO CORAGE;09/06/2026;VIAGEM 414728
FFN9G19;11/06/2026;5749401;São Paulo;500;917.075;99;11461.5;;;;;;;RAFAEL BERNARDINO CORAGE;10/06/2026;VIAGEM 417.120 E 417.149
FFN9G19;16/06/2026;5768414;São Paulo;500;1018.614;168;14964.68;;;;;;;RAFAEL BERNARDINO CORAGE;15/06/2026;VIAGEM 419261
FFN9G19;17/06/2026;5773707;São Paulo;500;1239.818;147;13213.44;;;;;;;RAFAEL BERNARDINO CORAGE;16/06/2026;VIAGEM 422219
FFN9G19;29/06/2026;5817157;São Paulo;500;970.371;169;12666.2;;;;;;;RAFAEL BERNARDINO CORAGE;29/06/2026;VIAGEM 430885
FFN9G19;02/07/2026;5832613;São Paulo;500;1214.351;137;10359.03;;;;;;;RAFAEL BERNARDINO CORAGE;01/07/2026;VIAGEM 432299
FFN9G19;03/07/2026;5836443;São Paulo;500;1045.498;107;8811.54;;;;;;;RAFAEL BERNARDINO CORAGE;02/07/2026;VIAGEM 432300
FFN9G19;06/07/2026;5848997;São Paulo;500;1644.477;173;16412.43;;;;;;;RAFAEL BERNARDINO CORAGE;06/07/2026;433325
FFN9G19;14/07/2026;5880461;São Paulo;500;950.175;81;7912.8;;;;;;;RAFAEL BERNARDINO CORAGE;14/07/2026;434512
FFN9G19;10/08/2026;5989984;São Paulo;500;547.424;222;17134.4;;;;;;;RAFAEL BERNARDINO CORAGE;10/08/2026;440.529
FFN9G19;11/08/2026;5995931;São Paulo;500;1291.07;180;14398.71;;;;;;;RAFAEL BERNARDINO CORAGE;11/08/2026;440.956
FFN9G19;17/08/2026;6015397;São Paulo;500;820.953;99;9010.78;;;;;;;RAFAEL BERNARDINO CORAGE;17/08/2026;VIAGEM 442070  E 442147
FFN9G19;18/08/2026;6020368;São Paulo;500;311.697;37;3681.08;;;;;;;RAFAEL BERNARDINO CORAGE;17/08/2026;VIAGEM 442363
FFN9G19;25/08/2026;6046541;São Paulo;500;1371.429;143;12673.49;;;;;;;RAFAEL BERNARDINO CORAGE;24/08/2026;VIAGEM - 443763
FFN9G19;26/08/2026;6051828;São Paulo;500;1196.058;152;8963.77;;;;;;;RAFAEL BERNARDINO CORAGE;25/08/2026;VIAGEM  - 444756
FFN9G19;27/08/2026;6057284;São Paulo;500;1277.292;218;15946.76;;;;;;;RAFAEL BERNARDINO CORAGE;27/08/2026;VIAGENS: 443682 e 444817
FFN9G19;08/09/2026;6100383;São Paulo;500;958.358;137;12256.95;;;;;;;RAFAEL BERNARDINO CORAGE;08/09/2026;447.133
FFN9G19;17/07/2026;5897131;Sorocaba;800;1402.227;121;12221.1;;;;;;;RAFAEL BERNARDINO CORAGE;17/07/2026;viagem: 435581
FFN9G19;13/07/2026;5875167;Taboão da Serra;500;1357.091;169;9329.71;;;;;;;RAFAEL BERNARDINO CORAGE;13/07/2026;434938
FFN9G19;25/05/2026;5684725;Taubaté;950;1472.327;216;13958.33;;;;;;;RAFAEL BERNARDINO CORAGE;25/05/2026;Viagem 391772
FFN9G19;29/07/2026;5947268;Votorantim;800;1026.089;97;9871.44;;;;;;;RAFAEL BERNARDINO CORAGE;29/07/2026;438.321
APA3B53;11/09/2026;6116934;Bragança Paulista;900;1489.175;190;12731.99;;;;;;;49.829.834 RAFAEL VICENTE DA SILVA;10/09/2026;VIAGEM - 448641
APA3B53;19/08/2026;6025095;Cajamar;700;998.939;142;12503.26;;;;;;;49.829.834 RAFAEL VICENTE DA SILVA;18/08/2026;VIAGEM 442593
APA3B53;11/08/2026;5992606;Campinas;900;998.029;209;15622.63;;;;;;;49.829.834 RAFAEL VICENTE DA SILVA;10/08/2026;VIAGEM 440683
APA3B53;03/09/2026;6085173;Campinas;900;842.472;105;8915.72;;;;;;;49.829.834 RAFAEL VICENTE DA SILVA;02/09/2026;VIAGEM - 445143
APA3B53;14/04/2026;358343;Capela do Alto;900;615.5;50;4800;;;;;;;49.829.834 RAFAEL VICENTE DA SILVA;14/04/2026;
APA3B53;15/04/2026;355044;Cotia;500;881.985;197;14788.85;;;;;;;49.829.834 RAFAEL VICENTE DA SILVA;16/04/2026;
APA3B53;05/06/2026;5728841;Embu das Artes;500;1015.708;217;14330.36;;;;;;;49.829.834 RAFAEL VICENTE DA SILVA;03/06/2026;VIAGEM 409859
APA3B53;23/09/2026;6161833;Embu das Artes;500;1148.159;172;13049.77;;;;;;;49.829.834 RAFAEL VICENTE DA SILVA;22/09/2026;VIAGEM - 452335
APA3B53;29/06/2026;5814252;Ferraz de Vasconcelos;500;685.518;128;6570.56;;;;;;;49.829.834 RAFAEL VICENTE DA SILVA;27/06/2026;VIAGEM 431194
APA3B53;18/06/2026;5779054;Francisco Morato;700;1467.7;147;7897.4;;;;;;;49.829.834 RAFAEL VICENTE DA SILVA;17/06/2026;VIAGEM 423026
APA3B53;02/06/2026;5717689;Franco da Rocha;700;1042.386;179;12815.54;;;;;;;49.829.834 RAFAEL VICENTE DA SILVA;01/06/2026;VIAGEM 407579
APA3B53;12/05/2026;385872;Guarulhos;500;1311.516;135;12720.47;;;;;;;49.829.834 RAFAEL VICENTE DA SILVA;13/05/2026;
APA3B53;19/05/2026;5667200;Guarulhos;500;1392.994;143;12067.87;;;;;;;49.829.834 RAFAEL VICENTE DA SILVA;19/05/2026;VIAGEM 390063
APA3B53;19/05/2026;390063;Guarulhos;500;1392.994;143;12067.87;;;;;;;49.829.834 RAFAEL VICENTE DA SILVA;20/05/2026;
APA3B53;28/05/2026;5704117;Guarulhos;500;1516.404;189;16931.61;;;;;;;49.829.834 RAFAEL VICENTE DA SILVA;28/05/2026;VIAGEM 403850
APA3B53;11/06/2026;5750625;Guarulhos;500;842.767;110;9582.04;;;;;;;49.829.834 RAFAEL VICENTE DA SILVA;10/06/2026;VIAGEM 417447 / 4174478
APA3B53;06/07/2026;5849390;Guarulhos;500;1299.82;146;12721.2;;;;;;;49.829.834 RAFAEL VICENTE DA SILVA;06/07/2026;433352
APA3B53;07/07/2026;5854550;Guarulhos;500;833.699;138;8224.74;;;;;;;49.829.834 RAFAEL VICENTE DA SILVA;07/07/2026;433791 RAFAEL VICENTE
APA3B53;15/07/2026;5886997;Guarulhos;500;1596.741;177;17353.2;;;;;;;49.829.834 RAFAEL VICENTE DA SILVA;15/07/2026;435440
APA3B53;13/08/2026;6002147;Guarulhos;500;1477.2;120;12240;;;;;;;49.829.834 RAFAEL VICENTE DA SILVA;12/08/2026;VIAGEM 437957
APA3B53;20/08/2026;6034995;Guarulhos;500;1103.052;94;8801.45;;;;;;;49.829.834 RAFAEL VICENTE DA SILVA;20/08/2026;443.489
APA3B53;02/09/2026;6080836;Guarulhos;500;1197.825;176;14796.8;;;;;;;49.829.834 RAFAEL VICENTE DA SILVA;01/09/2026;VIAGEM - 445405
APA3B53;14/09/2026;6122075;Guarulhos;500;1325.345;182;15024.88;;;;;;;49.829.834 RAFAEL VICENTE DA SILVA;11/09/2026;VIAGEM 448874
APA3B53;22/09/2026;6155422;Guarulhos;500;1274.356;141;13513.44;;;;;;;49.829.834 RAFAEL VICENTE DA SILVA;21/09/2026;VIAGEM - 451364
APA3B53;27/05/2026;5693725;Itapevi;700;1320.361;166;14939.36;;;;;;;49.829.834 RAFAEL VICENTE DA SILVA;27/05/2026;VIAGEM 400583
APA3B53;22/07/2026;5919251;Itapevi;700;914.584;146;11050.36;;;;;;;49.829.834 RAFAEL VICENTE DA SILVA;22/07/2026;436856
APA3B53;13/08/2026;6008408;Itaquaquecetuba;700;1032.703;192;12981.36;;;;;;;49.829.834 RAFAEL VICENTE DA SILVA;13/08/2026;441945
APA3B53;16/09/2026;6133933;Jundiaí;700;1505.409;134;13330.73;;;;;;;49.829.834 RAFAEL VICENTE DA SILVA;15/09/2026;VIAGEM - 447446
APA3B53;24/09/2026;6165925;Jundiaí;700;904.177;171;15498.84;;;;;;;49.829.834 RAFAEL VICENTE DA SILVA;23/09/2026;VIAGEM - 452311
APA3B53;17/09/2026;6140420;Limeira;1000;1252.884;121;12270.2;;;;;;;49.829.834 RAFAEL VICENTE DA SILVA;16/09/2026;VIAGEM - 445535
APA3B53;08/09/2026;6099822;Mairiporã;700;849.13;186;13410.31;;;;;;;49.829.834 RAFAEL VICENTE DA SILVA;07/09/2026;VIAGEM - 446301
APA3B53;16/07/2026;5894657;Mauá;500;1203.068;140;11973.3;;;;;;;49.829.834 RAFAEL VICENTE DA SILVA;16/07/2026;rafael vicente 435.551
APA3B53;17/06/2026;5770852;Mogi das Cruzes;700;1546.36;223;17693.87;;;;;;;49.829.834 RAFAEL VICENTE DA SILVA;16/06/2026;VIAGEM 412008
APA3B53;21/05/2026;5676073;Mogi Mirim;1000;1617.324;195;18461.73;;;;;;;49.829.834 RAFAEL VICENTE DA SILVA;21/05/2026;VIAGEM 394611
APA3B53;27/08/2026;6055960;Monte Mor;900;1109.026;103;10242.46;;;;;;;49.829.834 RAFAEL VICENTE DA SILVA;26/08/2026;VIAGEM - 444908
APA3B53;13/07/2026;5877358;Osasco;500;873.23;76;10639.8;;;;;;;49.829.834 RAFAEL VICENTE DA SILVA;13/07/2026;434981/434982
APA3B53;25/08/2026;6046470;Osasco;500;788.9;116;11071.5;;;;;;;49.829.834 RAFAEL VICENTE DA SILVA;24/08/2026;VIAGEM - 444276
APA3B53;31/08/2026;6067935;Osasco;500;1300.497;126;11511.54;;;;;;;49.829.834 RAFAEL VICENTE DA SILVA;28/08/2026;VIAGEM - 445292
APA3B53;30/04/2026;374814;Pariquera-Açu;1400;1148.31;166;11815.53;;;;;;;49.829.834 RAFAEL VICENTE DA SILVA;01/05/2026;
APA3B53;07/08/2026;5980907;Piedade;900;687.91;79;7432.95;;;;;;;49.829.834 RAFAEL VICENTE DA SILVA;06/08/2026;VIAGEM 439637
APA3B53;15/04/2026;357585;Piracicaba;1000;877.62;74;8638.2;;;;;;;49.829.834 RAFAEL VICENTE DA SILVA;15/04/2026;
APA3B53;20/07/2026;5908751;Santa Bárbara d'Oeste;1000;1177.749;159;12442.27;;;;;;;49.829.834 RAFAEL VICENTE DA SILVA;20/07/2026;436.335
APA3B53;19/09/2026;6151534;Santo André;500;1479.611;168;12323.26;;;;;;;49.829.834 RAFAEL VICENTE DA SILVA;19/09/2026;Rafael - 451.314
APA3B53;21/05/2026;394611;Santo Antônio de Posse;1000;1617.324;195;18461.73;;;;;;;49.829.834 RAFAEL VICENTE DA SILVA;22/05/2026;
APA3B53;27/04/2026;366991;São Bernardo do Campo;500;944.622;123;8973.74;;;;;;;49.829.834 RAFAEL VICENTE DA SILVA;28/04/2026;
APA3B53;27/04/2026;366992;São Bernardo do Campo;500;453.129;38;5210.16;;;;;;;49.829.834 RAFAEL VICENTE DA SILVA;28/04/2026;
APA3B53;28/07/2026;5937307;São Bernardo do Campo;500;1434.284;146;14505.94;;;;;;;49.829.834 RAFAEL VICENTE DA SILVA;28/07/2026;VIAGEM 437713
APA3B53;29/07/2026;5942135;São Bernardo do Campo;500;1368.792;182;15724.12;;;;;;;49.829.834 RAFAEL VICENTE DA SILVA;29/07/2026;VIAGEM 437618
APA3B53;26/08/2026;6051787;São Bernardo do Campo;500;1360.362;155;9636.19;;;;;;;49.829.834 RAFAEL VICENTE DA SILVA;25/08/2026;VIAGEM - 444755
APA3B53;19/09/2026;6149906;São Bernardo do Campo;500;1381.345;164;10669.74;;;;;;;49.829.834 RAFAEL VICENTE DA SILVA;18/09/2026;VIAGEM - 451308
APA3B53;20/05/2026;5670920;São José dos Campos;900;1252.5;263;17805.59;;;;;;;49.829.834 RAFAEL VICENTE DA SILVA;20/05/2026;VIAGEM 376496
APA3B53;20/05/2026;376496;São José dos Campos;900;1252.5;263;17805.59;;;;;;;49.829.834 RAFAEL VICENTE DA SILVA;21/05/2026;
APA3B53;10/09/2026;6111378;São José dos Campos;900;1266.386;246;17751.93;;;;;;;49.829.834 RAFAEL VICENTE DA SILVA;10/09/2026;VIAGEM - 448182
APA3B53;16/04/2026;359829;São Paulo;500;1560.303;244;19017.4;;;;;;;49.829.834 RAFAEL VICENTE DA SILVA;17/04/2026;
APA3B53;18/04/2026;360820;São Paulo;500;1262.159;238;16965.63;;;;;;;49.829.834 RAFAEL VICENTE DA SILVA;18/04/2026;
APA3B53;16/04/2026;359895;São Paulo;500;84.135;5;681;;;;;;;49.829.834 RAFAEL VICENTE DA SILVA;18/04/2026;
APA3B53;20/04/2026;362106;São Paulo;500;1352.492;157;13867.71;;;;;;;49.829.834 RAFAEL VICENTE DA SILVA;21/04/2026;
APA3B53;22/04/2026;365075;São Paulo;500;12.62;5;463.5;;;;;;;49.829.834 RAFAEL VICENTE DA SILVA;23/04/2026;
APA3B53;23/04/2026;366430;São Paulo;500;684.739;38;6341.28;;;;;;;49.829.834 RAFAEL VICENTE DA SILVA;24/04/2026;
APA3B53;23/04/2026;366428;São Paulo;500;409.448;72;6452.33;;;;;;;49.829.834 RAFAEL VICENTE DA SILVA;24/04/2026;
APA3B53;24/04/2026;366627;São Paulo;500;81.01;10;1062;;;;;;;49.829.834 RAFAEL VICENTE DA SILVA;25/04/2026;
APA3B53;24/04/2026;366269;São Paulo;500;689.66;60;6924;;;;;;;49.829.834 RAFAEL VICENTE DA SILVA;25/04/2026;
APA3B53;28/04/2026;370586;São Paulo;500;959.567;108;7758.36;;;;;;;49.829.834 RAFAEL VICENTE DA SILVA;29/04/2026;
APA3B53;28/04/2026;370619;São Paulo;500;87.194;23;1400.4;;;;;;;49.829.834 RAFAEL VICENTE DA SILVA;29/04/2026;
APA3B53;29/04/2026;373179;São Paulo;500;861.365;85;9509.82;;;;;;;49.829.834 RAFAEL VICENTE DA SILVA;30/04/2026;
APA3B53;29/04/2026;373180;São Paulo;500;503.724;28;4438.44;;;;;;;49.829.834 RAFAEL VICENTE DA SILVA;30/04/2026;
APA3B53;07/05/2026;382532;São Paulo;500;355.376;37;3592.07;;;;;;;49.829.834 RAFAEL VICENTE DA SILVA;08/05/2026;
APA3B53;11/05/2026;379233;São Paulo;500;884.439;217;17716.81;;;;;;;49.829.834 RAFAEL VICENTE DA SILVA;12/05/2026;
APA3B53;11/05/2026;384150;São Paulo;500;628.769;112;8469.87;;;;;;;49.829.834 RAFAEL VICENTE DA SILVA;12/05/2026;
APA3B53;11/05/2026;384152;São Paulo;500;317.004;23;3895.8;;;;;;;49.829.834 RAFAEL VICENTE DA SILVA;12/05/2026;
APA3B53;14/05/2026;388472;São Paulo;500;351.281;113;7228.44;;;;;;;49.829.834 RAFAEL VICENTE DA SILVA;15/05/2026;
APA3B53;14/05/2026;388505;São Paulo;500;458.191;30;4868.4;;;;;;;49.829.834 RAFAEL VICENTE DA SILVA;15/05/2026;
APA3B53;23/05/2026;5681738;São Paulo;500;898.271;150;19436.85;;;;;;;49.829.834 RAFAEL VICENTE DA SILVA;23/05/2026;VIAGEM 397679
APA3B53;25/05/2026;5688079;São Paulo;500;1185.006;103;11007.6;;;;;;;49.829.834 RAFAEL VICENTE DA SILVA;25/05/2026;VIAGEM 397551
APA3B53;01/06/2026;5710564;São Paulo;500;1475.949;210;14997.04;;;;;;;49.829.834 RAFAEL VICENTE DA SILVA;29/05/2026;VIAGEM 400979
APA3B53;03/06/2026;5723608;São Paulo;500;1580.994;200;19604.51;;;;;;;49.829.834 RAFAEL VICENTE DA SILVA;03/06/2026;VIAGEM 399565
APA3B53;09/06/2026;5740185;São Paulo;500;1288.16;278;16404.2;;;;;;;49.829.834 RAFAEL VICENTE DA SILVA;08/06/2026;VIAGEM 408439
APA3B53;10/06/2026;5745573;São Paulo;500;1498.332;177;17143.5;;;;;;;49.829.834 RAFAEL VICENTE DA SILVA;09/06/2026;VIAGEM 414721
APA3B53;12/06/2026;5756735;São Paulo;500;864.389;108;8848.3;;;;;;;49.829.834 RAFAEL VICENTE DA SILVA;12/06/2026;VIAGEM 416275
APA3B53;13/06/2026;5763684;São Paulo;500;1171.53;153;11827.18;;;;;;;49.829.834 RAFAEL VICENTE DA SILVA;13/06/2026;VIAGEM 416271
APA3B53;16/06/2026;5768477;São Paulo;500;1089.206;135;11124.84;;;;;;;49.829.834 RAFAEL VICENTE DA SILVA;15/06/2026;VIAGEM 420252
APA3B53;22/06/2026;5785764;São Paulo;500;999.076;144;8720.4;;;;;;;49.829.834 RAFAEL VICENTE DA SILVA;19/06/2026;VIAGEM 426950
APA3B53;02/07/2026;5831706;São Paulo;500;1378.632;223;15726;;;;;;;49.829.834 RAFAEL VICENTE DA SILVA;01/07/2026;432308
APA3B53;06/07/2026;5842269;São Paulo;500;1097.609;124;9125.72;;;;;;;49.829.834 RAFAEL VICENTE DA SILVA;03/07/2026;VIAGEM 433036
APA3B53;10/07/2026;5868081;São Paulo;500;1129.132;304;19227.98;;;;;;;49.829.834 RAFAEL VICENTE DA SILVA;10/07/2026;430506
APA3B53;14/07/2026;5881291;São Paulo;500;798.369;132;9065.07;;;;;;;49.829.834 RAFAEL VICENTE DA SILVA;14/07/2026;435301
APA3B53;14/07/2026;5881316;São Paulo;500;561.054;39;5623.08;;;;;;;49.829.834 RAFAEL VICENTE DA SILVA;14/07/2026;435302
APA3B53;17/07/2026;5902366;São Paulo;500;644.396;194;11223.36;;;;;;;49.829.834 RAFAEL VICENTE DA SILVA;17/07/2026;435720
APA3B53;20/07/2026;5904448;São Paulo;500;644.396;194;11223.36;;;;;;;49.829.834 RAFAEL VICENTE DA SILVA;20/07/2026;Viagem: 435720
APA3B53;23/07/2026;5923734;São Paulo;500;819.846;102;7576.67;;;;;;;49.829.834 RAFAEL VICENTE DA SILVA;23/07/2026;436986
APA3B53;24/07/2026;5929266;São Paulo;500;1377.08;145;11244.96;;;;;;;49.829.834 RAFAEL VICENTE DA SILVA;24/07/2026;437427
APA3B53;30/07/2026;5947510;São Paulo;500;1146.784;100;9846.6;;;;;;;49.829.834 RAFAEL VICENTE DA SILVA;30/07/2026;438325
APA3B53;31/07/2026;5953849;São Paulo;500;772.758;106;7736.86;;;;;;;49.829.834 RAFAEL VICENTE DA SILVA;31/07/2026;VIAGEM 438356
APA3B53;03/08/2026;5961379;São Paulo;500;1115.519;151;12781.43;;;;;;;49.829.834 RAFAEL VICENTE DA SILVA;03/08/2026;VIAGEM 438670
APA3B53;05/08/2026;5972289;São Paulo;500;812.073;204;14623.4;;;;;;;49.829.834 RAFAEL VICENTE DA SILVA;05/08/2026;Viagem - 438701
APA3B53;06/08/2026;5976701;São Paulo;500;1497.173;148;10740.9;;;;;;;49.829.834 RAFAEL VICENTE DA SILVA;06/08/2026;VIAGEM 439397
APA3B53;07/08/2026;5985830;São Paulo;500;1591.877;243;19441.1;;;;;;;49.829.834 RAFAEL VICENTE DA SILVA;07/08/2026;439.805
APA3B53;12/08/2026;5997907;São Paulo;500;1540.906;226;16387.65;;;;;;;49.829.834 RAFAEL VICENTE DA SILVA;11/08/2026;VIAGEM 440649
APA3B53;17/08/2026;6013207;São Paulo;500;1253.207;244;14809.29;;;;;;;49.829.834 RAFAEL VICENTE DA SILVA;14/08/2026;VIAGEM 439624
APA3B53;24/08/2026;6039966;São Paulo;500;1340.484;142;13236.32;;;;;;;49.829.834 RAFAEL VICENTE DA SILVA;22/08/2026;VIAGEM 443785
APA3B53;28/08/2026;6062309;São Paulo;500;905.569;114;9876.83;;;;;;;49.829.834 RAFAEL VICENTE DA SILVA;27/08/2026;VIAGEM - 444980
APA3B53;09/09/2026;6104940;São Paulo;500;1446.564;223;14462.1;;;;;;;49.829.834 RAFAEL VICENTE DA SILVA;08/09/2026;VIAGEM - 447643
APA3B53;04/09/2026;6166429;São Paulo;500;1273.452;120;13764.62;;;;;;;49.829.834 RAFAEL VICENTE DA SILVA;23/09/2026;Rafael - 445658
APA3B53;06/05/2026;378935;São Vicente;700;762.044;138;9926.7;;;;;;;49.829.834 RAFAEL VICENTE DA SILVA;07/05/2026;
APA3B53;23/06/2026;5795917;Sarapuí;1000;711.887;153;12972.56;;;;;;;49.829.834 RAFAEL VICENTE DA SILVA;23/06/2026;VIAGEM 429169
APA3B53;08/07/2026;5860219;Sorocaba;900;950.175;81;7912.8;;;;;;;49.829.834 RAFAEL VICENTE DA SILVA;08/07/2026;430925
APA3B53;17/08/2026;6020245;Sorocaba;900;1645.963;214;17488.64;;;;;;;49.829.834 RAFAEL VICENTE DA SILVA;17/08/2026;442.413
APA3B53;18/09/2026;6145677;Taboão da Serra;500;928.698;226;14396.68;;;;;;;49.829.834 RAFAEL VICENTE DA SILVA;18/09/2026;VIAGEM - 450124
APA3B53;04/05/2026;377289;Tatuí;1000;380.778;120;8863.1;;;;;;;49.829.834 RAFAEL VICENTE DA SILVA;05/05/2026;
APA3B53;15/05/2026;5655547;Votorantim;900;1553.763;237;16595.45;;;;;;;49.829.834 RAFAEL VICENTE DA SILVA;15/05/2026;VIAGEM 387698
APA3B53;15/05/2026;387698;Votorantim;900;1553.763;237;16595.45;;;;;;;49.829.834 RAFAEL VICENTE DA SILVA;16/05/2026;
MJL6B49;07/07/2026;5849961;Arujá;1500;7918.149;747;52956;;;;;;;RB CAVALCANTI TRANSPORTES LTDA;07/07/2026;VIAGEM 433310
MJL6B49;15/07/2026;5883089;Arujá;1500;5840.08;592;46886.4;;;;;;;RB CAVALCANTI TRANSPORTES LTDA;15/07/2026;VIAGEM 434543
MJL6B49;29/07/2026;5941885;Arujá;1500;9623.16;781;56410.08;;;;;;;RB CAVALCANTI TRANSPORTES LTDA;29/07/2026;VIAGEM 437759
MJL6B49;31/08/2026;6070918;Arujá;1500;4514.8;427;41728;;;;;;;RB CAVALCANTI TRANSPORTES LTDA;31/08/2026;VIAGEM 445336
MJL6B49;14/09/2026;6124882;Arujá;1500;6761.65;918;79836.96;;;;;;;RB CAVALCANTI TRANSPORTES LTDA;14/09/2026;LIONALDO VITORIO 447301
MJL6B49;16/09/2026;6133713;Barueri;1300;6569.914;701;62706.1;;;;;;;RB CAVALCANTI TRANSPORTES LTDA;15/09/2026;VIAGEM - 447495
MJL6B49;09/07/2026;5860534;Bauru;2600;5794.131;565;56916.36;;;;;;;RB CAVALCANTI TRANSPORTES LTDA;09/07/2026;VIAGEM 428699
MJL6B49;21/07/2026;5908971;Bauru;2600;7228.135;712;69900.25;;;;;;;RB CAVALCANTI TRANSPORTES LTDA;21/07/2026;VIAGEM 435962
CYW6342;14/08/2026;6008930;Bertioga;1700;4316.368;514;37741.41;;;;;;;RB CAVALCANTI TRANSPORTES LTDA;13/08/2026;VIAGEM 441814
MJL6B49;18/06/2026;5784069;Cajamar;1500;7522.1;745;70610;;;;;;;RB CAVALCANTI TRANSPORTES LTDA;19/06/2026;VIAGEM 417909
CYW6342;27/06/2026;5813730;Campinas;1700;8106.16;882;61736.61;;;;;;;RB CAVALCANTI TRANSPORTES LTDA;27/06/2026;VIAGEM 430496
MJL6B49;01/07/2026;5827672;Campinas;1700;5325.782;606;53949.6;;;;;;;RB CAVALCANTI TRANSPORTES LTDA;01/07/2026;VIAGEM 430039
MJL6B49;03/07/2026;5838261;Campinas;1700;8316;660;63360;;;;;;;RB CAVALCANTI TRANSPORTES LTDA;03/07/2026;VIAGEM 432689
MJL6B49;23/09/2026;6161992;Campinas;1700;7571.77;788;71923.77;;;;;;;RB CAVALCANTI TRANSPORTES LTDA;23/09/2026;VIAGEM - 445545
MJL6B49;14/05/2026;386162;Campo Limpo Paulista;1500;7106.916;1271;78309.54;;;;;;;RB CAVALCANTI TRANSPORTES LTDA;15/05/2026;
CYW6342;24/04/2026;358847;Franco da Rocha;1500;9040.603;1031;92077.65;;;;;;;RB CAVALCANTI TRANSPORTES LTDA;24/04/2026;
AAA1119;15/05/2026;382106;Guarulhos;1300;5068.427;1046;79832.43;;;;;;;RB CAVALCANTI TRANSPORTES LTDA;16/05/2026;
CYW6342;03/07/2026;5838183;Guarulhos;1300;5610.928;600;57959.15;;;;;;;RB CAVALCANTI TRANSPORTES LTDA;02/07/2026;VIAGEM 430524
MJL6B49;13/08/2026;6002838;Guarulhos;1300;6906.808;809;70397.93;;;;;;;RB CAVALCANTI TRANSPORTES LTDA;12/08/2026;VIAGEM 440685/ LIONALDO VITORIO
CYW6342;01/09/2026;6076597;Guarulhos;1300;8001.5;650;63120;;;;;;;RB CAVALCANTI TRANSPORTES LTDA;01/09/2026;VIAGEM - 444211
MJL6B49;11/09/2026;6118495;Guarulhos;1300;5175.065;597;54785.48;;;;;;;RB CAVALCANTI TRANSPORTES LTDA;11/09/2026;444625 - LIONALDO
CYW6342;19/05/2026;376730;Indaiatuba;1700;8312.405;1478;110705.3;;;;;;;RB CAVALCANTI TRANSPORTES LTDA;20/05/2026;
MJL6B49;12/05/2026;371193;Itanhaém;1700;7971.025;1276;93959.45;;;;;;;RB CAVALCANTI TRANSPORTES LTDA;12/05/2026;WELLINGTON FERREIRA 371193
CYW6342;17/09/2026;6140609;Itanhaém;1700;9125.103;1333;94207.96;;;;;;;RB CAVALCANTI TRANSPORTES LTDA;17/09/2026;VIAGEM - 447485
CYW6342;24/07/2026;5929091;Itapecerica da Serra;1300;6820.055;792;60302.39;;;;;;;RB CAVALCANTI TRANSPORTES LTDA;24/07/2026;437249
CYW6342;11/09/2026;6117054;Itapecerica da Serra;1300;9921.5;800;76800;;;;;;;RB CAVALCANTI TRANSPORTES LTDA;11/09/2026;VIAGEM - 448661
MJL6B49;06/05/2026;371244;Itapevi;1500;4599.14;767;52436.16;;;;;;;RB CAVALCANTI TRANSPORTES LTDA;07/05/2026;
CYW6342;05/08/2026;5970973;Itapevi;1500;7668.098;885;77752.18;;;;;;;RB CAVALCANTI TRANSPORTES LTDA;05/08/2026;VIAGEM 435673
CYW6342;26/08/2026;6052007;Itaquaquecetuba;1500;9093.823;917;82420.87;;;;;;;RB CAVALCANTI TRANSPORTES LTDA;26/08/2026;JUNIOR - 444803
CYW6342;23/06/2026;5795863;Itariri;1700;7242.967;771;55130.59;;;;;;;RB CAVALCANTI TRANSPORTES LTDA;22/06/2026;VIAGEM 429062
CYW6342;13/05/2026;379893;Itu;1700;9198;730;70080;;;;;;;RB CAVALCANTI TRANSPORTES LTDA;14/05/2026;
CYW6342;30/07/2026;5952063;Itu;1700;9733.76;866;73896;;;;;;;RB CAVALCANTI TRANSPORTES LTDA;30/07/2026;438084
CYW6342;18/04/2026;359338;Jaú;2600;9579.37;952;76393;;;;;;;RB CAVALCANTI TRANSPORTES LTDA;19/04/2026;
MJL6B49;27/04/2026;369303;Jaú;2600;6037.924;627;69050.12;;;;;;;RB CAVALCANTI TRANSPORTES LTDA;28/04/2026;
CYW6342;30/06/2026;5821045;Jaú;2600;7852.009;948;61643.93;;;;;;;RB CAVALCANTI TRANSPORTES LTDA;30/06/2026;VIAGEM 429168
MJL6B49;09/05/2026;367157;Jundiaí;1500;7248.477;658;80696.64;;;;;;;RB CAVALCANTI TRANSPORTES LTDA;10/05/2026;
MJL6B49;11/05/2026;385667;Jundiaí;1500;7248.477;658;74023.44;;;;;;;RB CAVALCANTI TRANSPORTES LTDA;12/05/2026;
CYW6342;25/04/2026;366863;Mauá;1300;5338.631;743;42574.82;;;;;;;RB CAVALCANTI TRANSPORTES LTDA;25/04/2026;
CYW6342;09/05/2026;371268;Mauá;1300;6297.665;1028;75708.4;;;;;;;RB CAVALCANTI TRANSPORTES LTDA;10/05/2026;
MJL6B49;13/05/2026;381938;Mongaguá;1500;7340.08;952;63194.21;;;;;;;RB CAVALCANTI TRANSPORTES LTDA;13/05/2026;
CYE6342;15/07/2026;5883092;Peruíbe;1700;6632.262;775;50210.13;;;;;;;RB CAVALCANTI TRANSPORTES LTDA;15/07/2026;VIAGEM 435321
MJL6B49;01/09/2026;6076878;Peruíbe;1700;6158.138;596;49017.53;;;;;;;RB CAVALCANTI TRANSPORTES LTDA;01/09/2026;LIONALDO VITORIO 445304
MJL6B49;30/04/2026;371841;Pilar do Sul;2000;7706.239;1184;102974.9;;;;;;;RB CAVALCANTI TRANSPORTES LTDA;01/05/2026;
CYW6342;24/07/2026;5925079;Pilar do Sul;2000;6161.326;858;77073.66;;;;;;;RB CAVALCANTI TRANSPORTES LTDA;24/07/2026;VIAGEM 437021
MJL6B49;27/04/2026;368210;Praia Grande;1500;6032.5;500;27880;;;;;;;RB CAVALCANTI TRANSPORTES LTDA;28/04/2026;
CYW6342;11/07/2026;5870152;Praia Grande;1500;4557.492;1102;81676.81;;;;;;;RB CAVALCANTI TRANSPORTES LTDA;11/07/2026;VIAGEM 434775
CYW6342;28/07/2026;5937140;Praia Grande;1500;8522.578;1172;96398.95;;;;;;;RB CAVALCANTI TRANSPORTES LTDA;28/07/2026;VIAGEM 435711
CYW6342;10/08/2026;5986248;Praia Grande;1500;6412.245;763;45703.2;;;;;;;RB CAVALCANTI TRANSPORTES LTDA;08/08/2026;VIAGEM 440527
CYW6342;05/05/2026;358873;Ribeirão Pires;1300;6838.855;895;76669.05;;;;;;;RB CAVALCANTI TRANSPORTES LTDA;06/05/2026;
CYW6342;04/07/2026;5843533;Ribeirão Pires;1300;4805.26;624;48364.89;;;;;;;RB CAVALCANTI TRANSPORTES LTDA;04/07/2026;VIAGEM 424834
MJL6B49;22/09/2026;6156319;Santa Bárbara d'Oeste;2000;7029.372;823;73689.61;;;;;;;RB CAVALCANTI TRANSPORTES LTDA;21/09/2026;LIONALDO/450121
CYW6342;13/07/2026;5877419;Santo André;1300;7698.73;1870;113101.2;;;;;;;RB CAVALCANTI TRANSPORTES LTDA;13/07/2026;433261
CYW6342;17/07/2026;5900753;Santo André;1300;4233.92;601;48539.77;;;;;;;RB CAVALCANTI TRANSPORTES LTDA;17/07/2026;435834
CYW6342;07/08/2026;5978239;Santo André;1300;5539.902;1320;64105.72;;;;;;;RB CAVALCANTI TRANSPORTES LTDA;06/08/2026;JOSÉ SILVA RAMOS JUNIOR 437773
CYW6342;15/09/2026;6128266;Santo André;1300;8258.231;858;82032.92;;;;;;;RB CAVALCANTI TRANSPORTES LTDA;14/09/2026;VIAGEM - 444643
MJL6B49;07/05/2026;381872;Santos;1500;6154.398;810;58659.41;;;;;;;RB CAVALCANTI TRANSPORTES LTDA;08/05/2026;
CYW6342;15/04/2026;358184;São Bernardo do Campo;1300;4321.885;708;50342.82;;;;;;;RB CAVALCANTI TRANSPORTES LTDA;16/04/2026;
CYW6342;15/04/2026;358185;São Bernardo do Campo;1300;503.271;94;6648.05;;;;;;;RB CAVALCANTI TRANSPORTES LTDA;16/04/2026;
CYW6342;16/04/2026;358183;São Bernardo do Campo;1300;4011.003;662;48296.9;;;;;;;RB CAVALCANTI TRANSPORTES LTDA;17/04/2026;
MJL6B49;13/05/2026;385502;São Bernardo do Campo;1300;5457.081;665;45375.02;;;;;;;RB CAVALCANTI TRANSPORTES LTDA;14/05/2026;
MJL6B49;14/05/2026;385403;São Bernardo do Campo;1300;527.818;84;5691.13;;;;;;;RB CAVALCANTI TRANSPORTES LTDA;14/05/2026;
CYW6342;29/08/2026;6068308;São Bernardo do Campo;1300;4658.189;617;38704.16;;;;;;;RB CAVALCANTI TRANSPORTES LTDA;29/08/2026;MARCELO 445207
AAA1119;14/05/2026;382400;São José do Rio Preto;3200;3592.655;758;55629.4;;;;;;;RB CAVALCANTI TRANSPORTES LTDA;15/05/2026;
CYW6342;22/07/2026;5919375;São José dos Campos;1700;7219.67;967;75479.51;;;;;;;RB CAVALCANTI TRANSPORTES LTDA;22/07/2026;4359630
CYW6342;14/04/2026;333295;São Paulo;1300;889.26;152;10549.92;;;;;;;RB CAVALCANTI TRANSPORTES LTDA;14/04/2026;
CYW6342;13/04/2026;347520;São Paulo;1300;4285.27;469;47225.46;;;;;;;RB CAVALCANTI TRANSPORTES LTDA;14/04/2026;
CYW6342;21/04/2026;358181;São Paulo;1300;6950.024;1111;79422.01;;;;;;;RB CAVALCANTI TRANSPORTES LTDA;23/04/2026;
MJL6B49;24/04/2026;358846;São Paulo;1300;7315.073;843;75696.15;;;;;;;RB CAVALCANTI TRANSPORTES LTDA;25/04/2026;
MJL6B49;29/04/2026;371148;São Paulo;1300;7258.436;1221;55359.8;;;;;;;RB CAVALCANTI TRANSPORTES LTDA;29/04/2026;
CYW6342;14/05/2026;382104;São Paulo;1300;5000.407;1048;80491.39;;;;;;;RB CAVALCANTI TRANSPORTES LTDA;15/05/2026;
CYW6342;10/06/2026;5745743;São Paulo;1300;5787.166;693;50604.87;;;;;;;RB CAVALCANTI TRANSPORTES LTDA;09/06/2026;VIAGEM 415103
MLJ6B49;17/06/2026;5773954;São Paulo;1300;5247.565;576;51105.83;;;;;;;RB CAVALCANTI TRANSPORTES LTDA;17/06/2026;VIAGEM 412007
MJL6B49;23/06/2026;5795728;São Paulo;1300;6303.29;703;58320.04;;;;;;;RB CAVALCANTI TRANSPORTES LTDA;22/06/2026;VIAGEM 410983
MJL6B49;24/06/2026;5800416;São Paulo;1300;4831.548;617;41304.43;;;;;;;RB CAVALCANTI TRANSPORTES LTDA;24/06/2026;VIAGEM 428996
MJL6B49;25/06/2026;5804504;São Paulo;1300;6187.231;1280;83054.16;;;;;;;RB CAVALCANTI TRANSPORTES LTDA;25/06/2026;VIAGEM 427379
CYW6342;26/06/2026;5808868;São Paulo;1300;6480.115;685;67155.81;;;;;;;RB CAVALCANTI TRANSPORTES LTDA;25/06/2026;VIAGEM 430019
MJL6B49;29/06/2026;5817141;São Paulo;1300;6315.537;1021;91042;;;;;;;RB CAVALCANTI TRANSPORTES LTDA;29/06/2026;LIONALDO VITOR 429983
CYW6342;02/07/2026;5832430;São Paulo;1300;7724.514;788;70228.2;;;;;;;RB CAVALCANTI TRANSPORTES LTDA;01/07/2026;VIAGEM 430836
MJL6B49;08/07/2026;5854903;São Paulo;1300;6490.437;765;50528.81;;;;;;;RB CAVALCANTI TRANSPORTES LTDA;08/07/2026;VIAGEM 433802
MJL6B49;16/07/2026;5889258;São Paulo;1300;6067.693;701;55163.68;;;;;;;RB CAVALCANTI TRANSPORTES LTDA;16/07/2026;VIAGEM 435542
MJL6B49;18/07/2026;5902546;São Paulo;1300;7757.17;1037;80861.28;;;;;;;RB CAVALCANTI TRANSPORTES LTDA;18/07/2026;VIAGEM 435921
MJL6B49;31/07/2026;5953645;São Paulo;1300;5090.253;508;34645.21;;;;;;;RB CAVALCANTI TRANSPORTES LTDA;31/07/2026;VIAGEM 438690
CYW6342;01/08/2026;5959574;São Paulo;1300;7430.1;600;61200;;;;;;;RB CAVALCANTI TRANSPORTES LTDA;01/08/2026;VIAGEM 437924
MJL6B49;04/08/2026;5966184;São Paulo;1300;7635.193;1158;89331.36;;;;;;;RB CAVALCANTI TRANSPORTES LTDA;04/08/2026;VIAGEM 435681
CYW6342;04/08/2026;5966440;São Paulo;1300;9137.145;1428;107961.69;;;;;;;RB CAVALCANTI TRANSPORTES LTDA;04/08/2026;JOSÉ SILVA RAMOS JUNIOR 435684
CYW6342;12/08/2026;5997267;São Paulo;1300;4884.366;519;45941.12;;;;;;;RB CAVALCANTI TRANSPORTES LTDA;11/08/2026;Junior - 441242
CYW6342;18/08/2026;6020732;São Paulo;1300;8062.742;694;68954;;;;;;;RB CAVALCANTI TRANSPORTES LTDA;18/08/2026;442438
CYW6342;20/08/2026;6035002;São Paulo;1300;8270.447;671;52005.6;;;;;;;RB CAVALCANTI TRANSPORTES LTDA;20/08/2026;438.737
CYW6342;21/08/2026;6039867;São Paulo;1300;5641.68;455;38616;;;;;;;RB CAVALCANTI TRANSPORTES LTDA;21/08/2026;443.945
CYW6342;25/08/2026;6046724;São Paulo;1300;8338.48;800;79995.4;;;;;;;RB CAVALCANTI TRANSPORTES LTDA;24/08/2026;VIAGEM - 444212
MJL6B49;26/08/2026;6051989;São Paulo;1300;6826.314;1128;43729.24;;;;;;;RB CAVALCANTI TRANSPORTES LTDA;26/08/2026;LIONALDO - 444785
MJL6B49;10/09/2026;6111243;São Paulo;1300;6276.897;692;63201.24;;;;;;;RB CAVALCANTI TRANSPORTES LTDA;10/09/2026;VIAGEM - 447473
CYW6342;10/09/2026;6111244;São Paulo;1300;8300.561;852;76993.36;;;;;;;RB CAVALCANTI TRANSPORTES LTDA;10/09/2026;VIAGEM - 447481
MJL6B49;18/09/2026;6149912;São Paulo;1300;7079.628;835;64973.94;;;;;;;RB CAVALCANTI TRANSPORTES LTDA;18/09/2026;LIONALDO VITORIO - 447476
CYW6342;21/09/2026;6149963;São Paulo;1300;6416.364;723;64530.03;;;;;;;RB CAVALCANTI TRANSPORTES LTDA;18/09/2026;MARCELO/444650
MJL6B49;21/09/2026;6152083;São Paulo;1300;11079;900;101520;;;;;;;RB CAVALCANTI TRANSPORTES LTDA;21/09/2026;LIONALDO VITORIO 444949
CYW6342;23/09/2026;6156722;São Paulo;1300;6141.925;545;49987.09;;;;;;;RB CAVALCANTI TRANSPORTES LTDA;22/09/2026;VIAGEM - 451872
CYW6342;14/09/2026;6122384;São Roque;1500;7421.28;600;58896;;;;;;;RB CAVALCANTI TRANSPORTES LTDA;11/09/2026;VIAGEM - 445459
CYW6342;25/06/2026;5803523;Sorocaba;1700;4997.55;465;43557.21;;;;;;;RB CAVALCANTI TRANSPORTES LTDA;24/06/2026;VIAGEM 411980
CYW6342;09/07/2026;5860639;Sorocaba;1700;6020.545;743;69726.92;;;;;;;RB CAVALCANTI TRANSPORTES LTDA;09/07/2026;VIAGEM 430839
MJL6B49;24/09/2026;6167164;Sumaré;1700;7688.91;710;49000;;;;;;;RB CAVALCANTI TRANSPORTES LTDA;24/09/2026;VIAGEM - 451356
AAA1119;30/04/2026;371215;Suzano;1500;8836.385;1178;91594.89;;;;;;;RB CAVALCANTI TRANSPORTES LTDA;01/05/2026;
CYW6342;23/04/2026;364890;Taboão da Serra;1300;4470.157;654;50114.71;;;;;;;RB CAVALCANTI TRANSPORTES LTDA;23/04/2026;
FXA8F79;04/05/2026;376514;Campinas;800;852.46;121;19826.4;;;;;;;63.643.638 SILLAS GEORGE DOS SANTOS LEONEL;05/05/2026;
FXA8F79;29/04/2026;372072;Campo Limpo Paulista;700;766.636;64;7471.2;;;;;;;63.643.638 SILLAS GEORGE DOS SANTOS LEONEL;30/04/2026;
FXA8F79;12/05/2026;385733;Diadema;500;241.032;21;3082.68;;;;;;;63.643.638 SILLAS GEORGE DOS SANTOS LEONEL;13/05/2026;
FXA8F79;19/05/2026;5666626;Embu das Artes;500;1583.64;205;18416.07;;;;;;;63.643.638 SILLAS GEORGE DOS SANTOS LEONEL;19/05/2026;VIAGEM 388571
FXA8F79;19/05/2026;388571;Embu das Artes;500;1583.64;205;18416.07;;;;;;;63.643.638 SILLAS GEORGE DOS SANTOS LEONEL;20/05/2026;
FXA8F79;07/05/2026;378276;Franco da Rocha;700;1208.091;68;10281.6;;;;;;;63.643.638 SILLAS GEORGE DOS SANTOS LEONEL;08/05/2026;
FXA8F79;22/04/2026;364382;Guarulhos;500;96.838;11;1194.84;;;;;;;63.643.638 SILLAS GEORGE DOS SANTOS LEONEL;23/04/2026;
FXA8F79;11/05/2026;384749;Guarulhos;500;406.05;29;3997.8;;;;;;;63.643.638 SILLAS GEORGE DOS SANTOS LEONEL;13/05/2026;
FXA8F79;11/06/2026;5750167;Itaquaquecetuba;700;1477.56;291;18283.86;;;;;;;63.643.638 SILLAS GEORGE DOS SANTOS LEONEL;10/06/2026;VIAGEM 414577
FXA8F79;15/04/2026;357354;Itupeva;700;218.585;30;2795.84;;;;;;;63.643.638 SILLAS GEORGE DOS SANTOS LEONEL;16/04/2026;
FXA8F79;17/06/2026;5773617;Mauá;500;780;150;4140;;;;;;;63.643.638 SILLAS GEORGE DOS SANTOS LEONEL;16/06/2026;VIAGEM 423393
FXA8F79;07/05/2026;377683;Mogi das Cruzes;700;1300.104;232;23307.84;;;;;;;63.643.638 SILLAS GEORGE DOS SANTOS LEONEL;08/05/2026;
FXA8F79;19/06/2026;5780216;Santa Bárbara d'Oeste;950;1232.382;257;14594.02;;;;;;;63.643.638 SILLAS GEORGE DOS SANTOS LEONEL;18/06/2026;viagem 421208
FXA8F79;29/04/2026;371510;Santo André;500;1055.878;108;9666.66;;;;;;;63.643.638 SILLAS GEORGE DOS SANTOS LEONEL;01/05/2026;
FXA8F79;26/05/2026;5690200;Santo André;500;1193.01;175;10760.13;;;;;;;63.643.638 SILLAS GEORGE DOS SANTOS LEONEL;26/05/2026;VIAGEM 398174
FXA8F79;27/04/2026;369304;Santos;700;997.149;185;13877.76;;;;;;;63.643.638 SILLAS GEORGE DOS SANTOS LEONEL;28/04/2026;
FXA8F79;22/04/2026;356207;São José dos Campos;900;1221.38;256;20725.69;;;;;;;63.643.638 SILLAS GEORGE DOS SANTOS LEONEL;21/04/2026;
FXA8F79;23/04/2026;363460;São Paulo;500;1160.834;125;9643.52;;;;;;;63.643.638 SILLAS GEORGE DOS SANTOS LEONEL;24/04/2026;
FXA8F79;05/05/2026;377648;São Paulo;500;103.645;5;1030.8;;;;;;;63.643.638 SILLAS GEORGE DOS SANTOS LEONEL;06/05/2026;
FXA8F79;05/05/2026;377617;São Paulo;500;1230.725;139;12383.1;;;;;;;63.643.638 SILLAS GEORGE DOS SANTOS LEONEL;06/05/2026;
FXA8F79;13/05/2026;386000;São Paulo;500;719.932;91;6988.95;;;;;;;63.643.638 SILLAS GEORGE DOS SANTOS LEONEL;14/05/2026;
FXA8F79;18/05/2026;389858;São Paulo;500;974.173;153;10637.96;;;;;;;63.643.638 SILLAS GEORGE DOS SANTOS LEONEL;19/05/2026;
FXA8F79;09/06/2026;5740690;São Paulo;500;1475.125;208;13273.83;;;;;;;63.643.638 SILLAS GEORGE DOS SANTOS LEONEL;09/06/2026;VIAGEM 414723
FXA8F79;16/06/2026;5768626;São Paulo;700;1161.609;227;16869.52;;;;;;;63.643.638 SILLAS GEORGE DOS SANTOS LEONEL;15/06/2026;VIAGEM 418208
FXA8F79;23/06/2026;5795811;São Paulo;500;1383.409;144;12268.73;;;;;;;63.643.638 SILLAS GEORGE DOS SANTOS LEONEL;22/06/2026;VIAGEM 427511
FXA8F79;29/06/2026;5814303;São Paulo;500;1632.93;200;20292;;;;;;;63.643.638 SILLAS GEORGE DOS SANTOS LEONEL;27/06/2026;430616
AAA1113;12/05/2026;384117;Américo Brasiliense;;50;50;1750;;;;;;;DA TERRINHA INDUSTRIA E COMERCIO DE ALIMENTOS LTDA;13/05/2026;Viagem 384117
ABC1236;08/05/2026;383687;Araçatuba;;98.48;8;1046.4;;;;;;;DA TERRINHA INDUSTRIA E COMERCIO DE ALIMENTOS LTDA;09/05/2026;PROPRIO RETIRA
DMN8C09;16/04/2026;359102;Atibaia;;497.773;74;7405.6;;;;;;;DA TERRINHA INDUSTRIA E COMERCIO DE ALIMENTOS LTDA;17/04/2026;Viagem 359102
OCW4J02;20/05/2026;390025;Bragança Paulista;;3034.866;449;37158.32;;;;;;;DA TERRINHA INDUSTRIA E COMERCIO DE ALIMENTOS LTDA;21/05/2026;ELSON ADRIANO 390025
OCW4J02;14/04/2026;357980;Cajamar;;3427.618;294;35412.96;;;;;;;DA TERRINHA INDUSTRIA E COMERCIO DE ALIMENTOS LTDA;16/04/2026;Viagem 357980
DSY5I46;15/04/2026;356728;Campinas;;169.292;33;1311.23;;;;;;;DA TERRINHA INDUSTRIA E COMERCIO DE ALIMENTOS LTDA;16/04/2026;Viagem 356728
EMD1A03;29/04/2026;373165;Campinas;;1067.906;164;7577.32;;;;;;;DA TERRINHA INDUSTRIA E COMERCIO DE ALIMENTOS LTDA;30/04/2026;Viagem 373165
OCW4J02;19/05/2026;390062;Campinas;;3044.208;253;28065.3;;;;;;;DA TERRINHA INDUSTRIA E COMERCIO DE ALIMENTOS LTDA;20/05/2026;Viagem 390062
AAA1110;14/05/2026;381278;Campo Grande;;12213.792;985;97356;;;;;;;DA TERRINHA INDUSTRIA E COMERCIO DE ALIMENTOS LTDA;15/05/2026;Viagem 381278
EQV2265;30/04/2026;374414;Carapicuíba;;575.168;107;7279.13;;;;;;;DA TERRINHA INDUSTRIA E COMERCIO DE ALIMENTOS LTDA;01/05/2026;
RTX7D67;29/04/2026;373132;Cotia;;98.749;11;1215.6;;;;;;;DA TERRINHA INDUSTRIA E COMERCIO DE ALIMENTOS LTDA;01/05/2026;
AAA1119;05/05/2026;370952;Curitiba;;5446.766;543;65220.4;;;;;;;DA TERRINHA INDUSTRIA E COMERCIO DE ALIMENTOS LTDA;06/05/2026;Viagem 370952
AAA1119;20/05/2026;389925;Curitiba;;7455.478;719;87521.6;;;;;;;DA TERRINHA INDUSTRIA E COMERCIO DE ALIMENTOS LTDA;21/05/2026;Viagem 389925
EDC2J45;14/04/2026;350769;Diadema;;1004.24;115;10820.11;;;;;;;DA TERRINHA INDUSTRIA E COMERCIO DE ALIMENTOS LTDA;15/04/2026;Viagem 350769
DMN8C09;08/05/2026;379100;Diadema;;680.084;161;10632.06;;;;;;;DA TERRINHA INDUSTRIA E COMERCIO DE ALIMENTOS LTDA;08/05/2026;Viagem 379100
AAA1119;06/05/2026;377912;Embu das Artes;;7057.02;624;38448;;;;;;;DA TERRINHA INDUSTRIA E COMERCIO DE ALIMENTOS LTDA;07/05/2026;Viagem 377912
ELY3D46;20/05/2026;393521;Embu das Artes;;3303.742;362;24480.08;;;;;;;DA TERRINHA INDUSTRIA E COMERCIO DE ALIMENTOS LTDA;21/05/2026;RADUAN LEMOS 393521
UGI8H53;21/05/2026;392767;Embu das Artes;;7394.82;600;43200;;;;;;;DA TERRINHA INDUSTRIA E COMERCIO DE ALIMENTOS LTDA;22/05/2026;Viagem 392767
ONO8F42;16/06/2026;5768845;Embu das Artes;;1113.734;165;12873.97;;;;;;;DA TERRINHA INDUSTRIA E COMERCIO DE ALIMENTOS LTDA;16/06/2026;VIAGEM 420944
ABC1236;12/05/2026;386393;Ferraz de Vasconcelos;;187.2;36;2764.8;;;;;;;DA TERRINHA INDUSTRIA E COMERCIO DE ALIMENTOS LTDA;13/05/2026;PROPRIO RETIRA
RTX7D67;28/04/2026;371212;Guarulhos;;382.402;67;4619.27;;;;;;;DA TERRINHA INDUSTRIA E COMERCIO DE ALIMENTOS LTDA;29/04/2026;
ABC1236;04/05/2026;377815;Guarulhos;;35.64;10;623.16;;;;;;;DA TERRINHA INDUSTRIA E COMERCIO DE ALIMENTOS LTDA;05/05/2026;
EMD1A03;27/04/2026;368606;Indaiatuba;;1104.684;159;12506.85;;;;;;;DA TERRINHA INDUSTRIA E COMERCIO DE ALIMENTOS LTDA;28/04/2026;Viagem 368606
RTX7D67;21/05/2026;391905;Indaiatuba;;510.292;85;5493.16;;;;;;;DA TERRINHA INDUSTRIA E COMERCIO DE ALIMENTOS LTDA;22/05/2026;Viagem 391905
AAA1110;20/05/2026;395798;Itapecerica da Serra;;17640;1400;174720;;;;;;;DA TERRINHA INDUSTRIA E COMERCIO DE ALIMENTOS LTDA;21/05/2026;Viagem 395798
DTD6G51;28/04/2026;369333;Itaquaquecetuba;;3043.26;250;25224;;;;;;;DA TERRINHA INDUSTRIA E COMERCIO DE ALIMENTOS LTDA;29/04/2026;
QBN6G98;18/06/2026;5779151;Itaquaquecetuba;;955.576;155;11247.83;;;;;;;DA TERRINHA INDUSTRIA E COMERCIO DE ALIMENTOS LTDA;18/06/2026;VIAGEM 422228
AAA1115;07/05/2026;378903;Jacareí;;2445.31;200;21566.4;;;;;;;DA TERRINHA INDUSTRIA E COMERCIO DE ALIMENTOS LTDA;08/05/2026;Viagem 378903
AAA1119;15/04/2026;351413;Jandira;;4976.458;745;58871.44;;;;;;;DA TERRINHA INDUSTRIA E COMERCIO DE ALIMENTOS LTDA;16/04/2026;Viagem 351413
RTX7D67;07/05/2026;380486;Jandira;;172.668;57;3891.45;;;;;;;DA TERRINHA INDUSTRIA E COMERCIO DE ALIMENTOS LTDA;08/05/2026;Viagem 380486
AAA1119;30/04/2026;372632;Jundiaí;;6373.37;690;63330.78;;;;;;;DA TERRINHA INDUSTRIA E COMERCIO DE ALIMENTOS LTDA;01/05/2026;
TZJ0B26;25/08/2026;6051523;Jundiaí;;415.056;28;3708;;;;;;;DA TERRINHA INDUSTRIA E COMERCIO DE ALIMENTOS LTDA;25/08/2026;glaucio 444.791
HLB4408;22/05/2026;396062;Limeira;;74.34;15;1210.18;;;;;;;DA TERRINHA INDUSTRIA E COMERCIO DE ALIMENTOS LTDA;22/05/2026;Viagem 396062
AAA1110;11/05/2026;376512;Mirassol;;13768.185;1213;130900.6;;;;;;;DA TERRINHA INDUSTRIA E COMERCIO DE ALIMENTOS LTDA;12/05/2026;VIAGEM - 376512
DDA4J00;29/04/2026;373177;Mogi das Cruzes;;2144.303;376;29902.64;;;;;;;DA TERRINHA INDUSTRIA E COMERCIO DE ALIMENTOS LTDA;30/04/2026;
OCW4J02;29/04/2026;369653;Mogi das Cruzes;;3135.068;399;35528.98;;;;;;;DA TERRINHA INDUSTRIA E COMERCIO DE ALIMENTOS LTDA;01/05/2026;
ELQ6181;31/07/2026;5957773;Mogi das Cruzes;;8030.763;1500;94747.96;;;;;;;DA TERRINHA INDUSTRIA E COMERCIO DE ALIMENTOS LTDA;31/07/2026;436891 GLAUCIO
FEZ9J52;21/07/2026;5914272;Mogi Mirim;;2388.87;313;23347.97;;;;;;;DA TERRINHA INDUSTRIA E COMERCIO DE ALIMENTOS LTDA;21/07/2026;435908 JAIRO
OCW4J02;20/04/2026;350790;Osasco;;3877.93;385;38023.81;;;;;;;DA TERRINHA INDUSTRIA E COMERCIO DE ALIMENTOS LTDA;23/04/2026;
GWS6926;13/05/2026;384083;Osasco;;5.82;2;112.8;;;;;;;DA TERRINHA INDUSTRIA E COMERCIO DE ALIMENTOS LTDA;14/05/2026;Viagem 384083
OCW4J02;19/05/2026;384248;Osasco;;3549.047;583;55006.55;;;;;;;DA TERRINHA INDUSTRIA E COMERCIO DE ALIMENTOS LTDA;19/05/2026;Viagem 384248
ARY5B23;12/06/2026;5756793;Osasco;;4709.101;440;42453.5;;;;;;;DA TERRINHA INDUSTRIA E COMERCIO DE ALIMENTOS LTDA;12/06/2026;VIAGEM 409860
ARY5B23;13/06/2026;5762221;Osasco;;4648.929;584;46187.47;;;;;;;DA TERRINHA INDUSTRIA E COMERCIO DE ALIMENTOS LTDA;13/06/2026;VIAGEM 416267
AAA1118;05/05/2026;375768;Paraty;;5110.743;427;54397.96;;;;;;;DA TERRINHA INDUSTRIA E COMERCIO DE ALIMENTOS LTDA;06/05/2026;Viagem 375768
OCW4J02;07/05/2026;371246;Piracicaba;;3579.26;586;45680.34;;;;;;;DA TERRINHA INDUSTRIA E COMERCIO DE ALIMENTOS LTDA;08/05/2026;Viagem 371246
AAA1110;20/05/2026;395765;Planaltina do Paraná;;82.28;82;1584.18;;;;;;;DA TERRINHA INDUSTRIA E COMERCIO DE ALIMENTOS LTDA;21/05/2026;Viagem 395765
QKN6I10;21/05/2026;396987;Planaltina do Paraná;;260;260;19360.9;;;;;;;DA TERRINHA INDUSTRIA E COMERCIO DE ALIMENTOS LTDA;22/05/2026;Viagem 396987
EMD1A03;04/05/2026;377747;Praia Grande;;636.947;94;7611.47;;;;;;;DA TERRINHA INDUSTRIA E COMERCIO DE ALIMENTOS LTDA;05/05/2026;
DMN8C09;05/05/2026;377946;Ribeirão Pires;;395.782;95;6439.09;;;;;;;DA TERRINHA INDUSTRIA E COMERCIO DE ALIMENTOS LTDA;07/05/2026;GUILHERME ARAUJO - 377946
AAA1119;14/05/2026;358904;Santo André;;5926.337;714;65643.26;;;;;;;DA TERRINHA INDUSTRIA E COMERCIO DE ALIMENTOS LTDA;15/05/2026;Viagem 358904
ABC1236;07/05/2026;382235;Santos;;35.849;8;448.84;;;;;;;DA TERRINHA INDUSTRIA E COMERCIO DE ALIMENTOS LTDA;08/05/2026;Viagem 382235
EMD1A03;15/04/2026;357816;São Bernardo do Campo;;1042.171;95;10043.24;;;;;;;DA TERRINHA INDUSTRIA E COMERCIO DE ALIMENTOS LTDA;16/04/2026;Viagem 357816
AAA1117;30/04/2026;371972;São Bernardo do Campo;;4108.03;545;45687.38;;;;;;;DA TERRINHA INDUSTRIA E COMERCIO DE ALIMENTOS LTDA;01/05/2026;
CUD1218;20/05/2026;376497;São Bernardo do Campo;;1703.55;329;21968.63;;;;;;;DA TERRINHA INDUSTRIA E COMERCIO DE ALIMENTOS LTDA;21/05/2026;Viagem 376497
RTX7D67;20/04/2026;362105;São Caetano do Sul;;575.521;103;6450.11;;;;;;;DA TERRINHA INDUSTRIA E COMERCIO DE ALIMENTOS LTDA;21/04/2026;Viagem 362105
OCW4J02;30/04/2026;350806;São Carlos;;4078.615;612;46959.67;;;;;;;DA TERRINHA INDUSTRIA E COMERCIO DE ALIMENTOS LTDA;01/05/2026;
EMD1A03;01/05/2026;371207;São José dos Campos;;1516.085;294;19817.87;;;;;;;DA TERRINHA INDUSTRIA E COMERCIO DE ALIMENTOS LTDA;05/05/2026;
ELQ6181;16/04/2026;361709;São Paulo;;3053.559;256;15524.86;;;;;;;DA TERRINHA INDUSTRIA E COMERCIO DE ALIMENTOS LTDA;17/04/2026;Viagem 361709
ABC1236;16/04/2026;361710;São Paulo;;128.152;24;2102.38;;;;;;;DA TERRINHA INDUSTRIA E COMERCIO DE ALIMENTOS LTDA;17/04/2026;Viagem 361710
OCW4J02;20/04/2026;359600;São Paulo;;4744.609;703;47125.88;;;;;;;DA TERRINHA INDUSTRIA E COMERCIO DE ALIMENTOS LTDA;21/04/2026;Viagem 359600
AAA1115;27/04/2026;364943;São Paulo;;2117.69;170;22236;;;;;;;DA TERRINHA INDUSTRIA E COMERCIO DE ALIMENTOS LTDA;23/04/2026;Agenda 27/04
ABC1236;23/04/2026;349070;São Paulo;;3.88;7;192;;;;;;;DA TERRINHA INDUSTRIA E COMERCIO DE ALIMENTOS LTDA;24/04/2026;PROPRIO RETIRA
AAA1110;22/04/2026;365538;São Paulo;;1479.75;150;10260;;;;;;;DA TERRINHA INDUSTRIA E COMERCIO DE ALIMENTOS LTDA;24/04/2026;EXPORTAÇÃO
AAA1110;22/04/2026;365537;São Paulo;;3984.5;400;23320;;;;;;;DA TERRINHA INDUSTRIA E COMERCIO DE ALIMENTOS LTDA;24/04/2026;EXPORTAÇÃO
ABC1236;22/04/2026;365933;São Paulo;;66.884;7;622;;;;;;;DA TERRINHA INDUSTRIA E COMERCIO DE ALIMENTOS LTDA;24/04/2026;PROPRIO RETIRA
AAA1110;22/04/2026;365603;São Paulo;;128.82;10;345.6;;;;;;;DA TERRINHA INDUSTRIA E COMERCIO DE ALIMENTOS LTDA;24/04/2026;
ABC1236;22/04/2026;365768;São Paulo;;136.145;11;1003.2;;;;;;;DA TERRINHA INDUSTRIA E COMERCIO DE ALIMENTOS LTDA;24/04/2026;
ABC1236;27/04/2026;369926;São Paulo;;209.67;73;4037.29;;;;;;;DA TERRINHA INDUSTRIA E COMERCIO DE ALIMENTOS LTDA;28/04/2026;Viagem 369926
ABC1236;27/04/2026;366957;São Paulo;;49.828;4;240;;;;;;;DA TERRINHA INDUSTRIA E COMERCIO DE ALIMENTOS LTDA;28/04/2026;Viagem 366957
ABC1236;27/04/2026;370190;São Paulo;;49.828;4;240;;;;;;;DA TERRINHA INDUSTRIA E COMERCIO DE ALIMENTOS LTDA;28/04/2026;Viagem 370190
AAA1113;28/04/2026;366270;São Paulo;;1510.441;194;17126.04;;;;;;;DA TERRINHA INDUSTRIA E COMERCIO DE ALIMENTOS LTDA;29/04/2026;
AAA1110;28/04/2026;371345;São Paulo;;3479.41;550;19968.19;;;;;;;DA TERRINHA INDUSTRIA E COMERCIO DE ALIMENTOS LTDA;29/04/2026;
DSJ8G34;28/04/2026;371187;São Paulo;;3345.91;369;30929.4;;;;;;;DA TERRINHA INDUSTRIA E COMERCIO DE ALIMENTOS LTDA;29/04/2026;
AAA1116;28/04/2026;369893;São Paulo;;3092.2;250;8250;;;;;;;DA TERRINHA INDUSTRIA E COMERCIO DE ALIMENTOS LTDA;29/04/2026;
AAA1110;27/04/2026;370162;São Paulo;;9143.036;1268;46182.1;;;;;;;DA TERRINHA INDUSTRIA E COMERCIO DE ALIMENTOS LTDA;29/04/2026;
ABC1236;27/04/2026;370322;São Paulo;;378;30;2592;;;;;;;DA TERRINHA INDUSTRIA E COMERCIO DE ALIMENTOS LTDA;29/04/2026;PROPRIO RETIRA
OCW4J02;28/04/2026;368144;São Paulo;;2647.672;268;26397.39;;;;;;;DA TERRINHA INDUSTRIA E COMERCIO DE ALIMENTOS LTDA;29/04/2026;
EMD1A03;29/04/2026;372863;São Paulo;;851.818;91;7965.9;;;;;;;DA TERRINHA INDUSTRIA E COMERCIO DE ALIMENTOS LTDA;30/04/2026;
ABC1236;29/04/2026;360951;São Paulo;;49.828;4;240;;;;;;;DA TERRINHA INDUSTRIA E COMERCIO DE ALIMENTOS LTDA;30/04/2026;Viagem 360951
AAA1110;30/04/2026;375176;São Paulo;;25119.9;1950;70668;;;;;;;DA TERRINHA INDUSTRIA E COMERCIO DE ALIMENTOS LTDA;01/05/2026;
AAA1112;29/04/2026;373293;São Paulo;;252;20;1728;;;;;;;DA TERRINHA INDUSTRIA E COMERCIO DE ALIMENTOS LTDA;01/05/2026;
ABC1236;29/04/2026;341911;São Paulo;;13599.867;1472;142958.18;;;;;;;DA TERRINHA INDUSTRIA E COMERCIO DE ALIMENTOS LTDA;01/05/2026;
ABC1236;30/04/2026;375998;São Paulo;;100;100;750.5;;;;;;;DA TERRINHA INDUSTRIA E COMERCIO DE ALIMENTOS LTDA;01/05/2026;
ABC1236;30/04/2026;374909;São Paulo;;150.842;85;3827.12;;;;;;;DA TERRINHA INDUSTRIA E COMERCIO DE ALIMENTOS LTDA;01/05/2026;
AAA1113;30/04/2026;371715;São Paulo;;1242.928;122;9984.32;;;;;;;DA TERRINHA INDUSTRIA E COMERCIO DE ALIMENTOS LTDA;01/05/2026;
AAA1113;30/04/2026;371576;São Paulo;;1079.865;91;9331.9;;;;;;;DA TERRINHA INDUSTRIA E COMERCIO DE ALIMENTOS LTDA;01/05/2026;
AAA1112;30/04/2026;373163;São Paulo;;503;20;1600;;;;;;;DA TERRINHA INDUSTRIA E COMERCIO DE ALIMENTOS LTDA;01/05/2026;
GWS6926;02/05/2026;374975;São Paulo;;58.464;8;672;;;;;;;DA TERRINHA INDUSTRIA E COMERCIO DE ALIMENTOS LTDA;03/05/2026;
DMN8C09;01/05/2026;374712;São Paulo;;623.085;117;6080.96;;;;;;;DA TERRINHA INDUSTRIA E COMERCIO DE ALIMENTOS LTDA;05/05/2026;
ABC1236;04/05/2026;373954;São Paulo;;56.172;18;1277.56;;;;;;;DA TERRINHA INDUSTRIA E COMERCIO DE ALIMENTOS LTDA;05/05/2026;
ABC1236;05/05/2026;379496;São Paulo;;114.359;11;938;;;;;;;DA TERRINHA INDUSTRIA E COMERCIO DE ALIMENTOS LTDA;06/05/2026;Viagem 379496
ABC1236;04/05/2026;375934;São Paulo;;99.068;8;729.6;;;;;;;DA TERRINHA INDUSTRIA E COMERCIO DE ALIMENTOS LTDA;06/05/2026;Viagem 375934
ABC1236;05/05/2026;379001;São Paulo;;49.534;4;364.8;;;;;;;DA TERRINHA INDUSTRIA E COMERCIO DE ALIMENTOS LTDA;06/05/2026;Viagem 379001
AAA1110;05/05/2026;379331;São Paulo;;257.64;20;686.4;;;;;;;DA TERRINHA INDUSTRIA E COMERCIO DE ALIMENTOS LTDA;06/05/2026;Viagem 379331
ABC1236;06/05/2026;381080;São Paulo;;4.92;2;121.76;;;;;;;DA TERRINHA INDUSTRIA E COMERCIO DE ALIMENTOS LTDA;07/05/2026;Viagem 381080
ABC1236;06/05/2026;379232;São Paulo;;49.828;4;240;;;;;;;DA TERRINHA INDUSTRIA E COMERCIO DE ALIMENTOS LTDA;07/05/2026;Viagem 379232
ABC1236;06/05/2026;382142;São Paulo;;3700.35;300;18000;;;;;;;DA TERRINHA INDUSTRIA E COMERCIO DE ALIMENTOS LTDA;07/05/2026;Viagem 382142
GWS6926;06/05/2026;378176;São Paulo;;95.738;45;1346.65;;;;;;;DA TERRINHA INDUSTRIA E COMERCIO DE ALIMENTOS LTDA;07/05/2026;Viagem 378176
AAA1116;06/05/2026;377685;São Paulo;;3077.5;250;8250;;;;;;;DA TERRINHA INDUSTRIA E COMERCIO DE ALIMENTOS LTDA;07/05/2026;Viagem 377685
ABC1236;06/05/2026;381674;São Paulo;;567;45;3888;;;;;;;DA TERRINHA INDUSTRIA E COMERCIO DE ALIMENTOS LTDA;07/05/2026;Viagem 381674
ABC1236;06/05/2026;381146;São Paulo;;105.238;10;837.6;;;;;;;DA TERRINHA INDUSTRIA E COMERCIO DE ALIMENTOS LTDA;07/05/2026;Viagem 381146
ABC1236;07/05/2026;382367;São Paulo;;95.979;10;848.2;;;;;;;DA TERRINHA INDUSTRIA E COMERCIO DE ALIMENTOS LTDA;08/05/2026;Viagem 382367
AAA1116;07/05/2026;381443;São Paulo;;3084.85;250;8250;;;;;;;DA TERRINHA INDUSTRIA E COMERCIO DE ALIMENTOS LTDA;08/05/2026;Viagem 381443
ABC1236;07/05/2026;373955;São Paulo;;155.124;14;521.6;;;;;;;DA TERRINHA INDUSTRIA E COMERCIO DE ALIMENTOS LTDA;08/05/2026;Viagem 373955
ABC1236;08/05/2026;384380;São Paulo;;56.728;5;408;;;;;;;DA TERRINHA INDUSTRIA E COMERCIO DE ALIMENTOS LTDA;09/05/2026;PROPRIO RETIRA
ABC1236;08/05/2026;379234;São Paulo;;266.022;32;1090.26;;;;;;;DA TERRINHA INDUSTRIA E COMERCIO DE ALIMENTOS LTDA;09/05/2026;PROPRIO RETIRA
ABC1236;11/05/2026;385965;São Paulo;;84.563;10;688.04;;;;;;;DA TERRINHA INDUSTRIA E COMERCIO DE ALIMENTOS LTDA;12/05/2026;VIAGEM - 385965
ABC1236;11/05/2026;383358;São Paulo;;468;90;2755.08;;;;;;;DA TERRINHA INDUSTRIA E COMERCIO DE ALIMENTOS LTDA;12/05/2026;Viagem 383358
LZB8I91;11/05/2026;371278;São Paulo;;11389.183;1442;113911.84;;;;;;;DA TERRINHA INDUSTRIA E COMERCIO DE ALIMENTOS LTDA;12/05/2026;Viagem 371278
AAA1110;11/05/2026;386096;São Paulo;;10843.66;1480;63062.4;;;;;;;DA TERRINHA INDUSTRIA E COMERCIO DE ALIMENTOS LTDA;12/05/2026;Viagem 386096
ABC1236;11/05/2026;383918;São Paulo;;184.941;25;2148.06;;;;;;;DA TERRINHA INDUSTRIA E COMERCIO DE ALIMENTOS LTDA;12/05/2026;Viagem 383918
LZB8I91;11/05/2026;380684;São Paulo;;1415.01;425;24827.41;;;;;;;DA TERRINHA INDUSTRIA E COMERCIO DE ALIMENTOS LTDA;12/05/2026;Viagem 380684
ABC1236;11/05/2026;382665;São Paulo;;313.785;15;1130;;;;;;;DA TERRINHA INDUSTRIA E COMERCIO DE ALIMENTOS LTDA;12/05/2026;Viagem 382665
ABC1236;11/05/2026;385304;São Paulo;;450.066;43;1832.18;;;;;;;DA TERRINHA INDUSTRIA E COMERCIO DE ALIMENTOS LTDA;12/05/2026;Viagem 385304
ABC1236;13/05/2026;388242;São Paulo;;185.679;15;1368;;;;;;;DA TERRINHA INDUSTRIA E COMERCIO DE ALIMENTOS LTDA;14/05/2026;Viagem 388242
AAA1116;13/05/2026;386494;São Paulo;;3084.85;250;8250;;;;;;;DA TERRINHA INDUSTRIA E COMERCIO DE ALIMENTOS LTDA;14/05/2026;Viagem 386494
AAA1119;13/05/2026;386690;São Paulo;;3737.1;300;18000;;;;;;;DA TERRINHA INDUSTRIA E COMERCIO DE ALIMENTOS LTDA;14/05/2026;Viagem 386690
AAA1111;14/05/2026;379200;São Paulo;;323.22;30;1053.96;;;;;;;DA TERRINHA INDUSTRIA E COMERCIO DE ALIMENTOS LTDA;15/05/2026;Viagem 379200
AAA1116;14/05/2026;388805;São Paulo;;3092.2;250;8250;;;;;;;DA TERRINHA INDUSTRIA E COMERCIO DE ALIMENTOS LTDA;15/05/2026;Viagem 388805
AAA1110;14/05/2026;389660;São Paulo;;419.765;90;3930.48;;;;;;;DA TERRINHA INDUSTRIA E COMERCIO DE ALIMENTOS LTDA;15/05/2026;Viagem 389660
EFO3E66;14/05/2026;383193;São Paulo;;2933.733;426;30292.19;;;;;;;DA TERRINHA INDUSTRIA E COMERCIO DE ALIMENTOS LTDA;15/05/2026;LUIZ HENRIQUE 383193
ELQ6181;14/05/2026;388934;São Paulo;;3092.2;250;15000;;;;;;;DA TERRINHA INDUSTRIA E COMERCIO DE ALIMENTOS LTDA;15/05/2026;Viagem 388934
ABC1236;15/05/2026;390585;São Paulo;;73.728;72;429.84;;;;;;;DA TERRINHA INDUSTRIA E COMERCIO DE ALIMENTOS LTDA;16/05/2026;
ELQ6181;16/05/2026;390221;São Paulo;;713.59;144;5533.99;;;;;;;DA TERRINHA INDUSTRIA E COMERCIO DE ALIMENTOS LTDA;17/05/2026;
ABC1236;18/05/2026;389396;São Paulo;;2136.8;509;30490.33;;;;;;;DA TERRINHA INDUSTRIA E COMERCIO DE ALIMENTOS LTDA;19/05/2026;Viagem 389396
ABC1236;18/05/2026;391278;São Paulo;;38.5;11;975.35;;;;;;;DA TERRINHA INDUSTRIA E COMERCIO DE ALIMENTOS LTDA;19/05/2026;Viagem 391278
AAA1112;18/05/2026;392300;São Paulo;;555.988;61;1945.06;;;;;;;DA TERRINHA INDUSTRIA E COMERCIO DE ALIMENTOS LTDA;19/05/2026;Viagem 392300
ABC1236;18/05/2026;391805;São Paulo;;61.844;5;456;;;;;;;DA TERRINHA INDUSTRIA E COMERCIO DE ALIMENTOS LTDA;19/05/2026;Viagem 391805
AAA1110;18/05/2026;392399;São Paulo;;6419.718;557;22985.4;;;;;;;DA TERRINHA INDUSTRIA E COMERCIO DE ALIMENTOS LTDA;19/05/2026;Viagem 392399
ABC1236;19/05/2026;392234;São Paulo;;267.64;38;2788.24;;;;;;;DA TERRINHA INDUSTRIA E COMERCIO DE ALIMENTOS LTDA;20/05/2026;Viagem 392234
AAA1117;19/05/2026;392202;São Paulo;;3077.5;250;8250;;;;;;;DA TERRINHA INDUSTRIA E COMERCIO DE ALIMENTOS LTDA;20/05/2026;Viagem 392202
AAA1110;19/05/2026;394346;São Paulo;;2447.58;190;6566.4;;;;;;;DA TERRINHA INDUSTRIA E COMERCIO DE ALIMENTOS LTDA;20/05/2026;Viagem 394346
ABC1236;19/05/2026;393554;São Paulo;;504;40;3456;;;;;;;DA TERRINHA INDUSTRIA E COMERCIO DE ALIMENTOS LTDA;20/05/2026;Viagem 393554
AAA1116;20/05/2026;392498;São Paulo;;3099.55;250;8250;;;;;;;DA TERRINHA INDUSTRIA E COMERCIO DE ALIMENTOS LTDA;21/05/2026;Viagem 392498
AAA1116;20/05/2026;393390;São Paulo;;3084.85;250;8250;;;;;;;DA TERRINHA INDUSTRIA E COMERCIO DE ALIMENTOS LTDA;21/05/2026;Viagem 393390
ABC1236;20/05/2026;395138;São Paulo;;106.808;26;2076.23;;;;;;;DA TERRINHA INDUSTRIA E COMERCIO DE ALIMENTOS LTDA;21/05/2026;Viagem 395138
ABC1236;20/05/2026;394973;São Paulo;;66.924;7;622;;;;;;;DA TERRINHA INDUSTRIA E COMERCIO DE ALIMENTOS LTDA;21/05/2026;Viagem 394973
ABC1236;21/05/2026;397910;São Paulo;;627.76;55;3754.91;;;;;;;DA TERRINHA INDUSTRIA E COMERCIO DE ALIMENTOS LTDA;22/05/2026;Viagem 397910
ABC1236;21/05/2026;393356;São Paulo;;335.176;92;5067.42;;;;;;;DA TERRINHA INDUSTRIA E COMERCIO DE ALIMENTOS LTDA;22/05/2026;Viagem 393356
OCW4J02;21/05/2026;392765;São Paulo;;4277.268;492;36956.24;;;;;;;DA TERRINHA INDUSTRIA E COMERCIO DE ALIMENTOS LTDA;22/05/2026;Viagem 392765
ABC1236;21/05/2026;385042;São Paulo;;49.828;4;240;;;;;;;DA TERRINHA INDUSTRIA E COMERCIO DE ALIMENTOS LTDA;22/05/2026;Viagem 385042
GWS6926;21/05/2026;393389;São Paulo;;49.828;4;240;;;;;;;DA TERRINHA INDUSTRIA E COMERCIO DE ALIMENTOS LTDA;22/05/2026;Viagem 393389
ABC1236;21/05/2026;392766;São Paulo;;107.681;11;984.2;;;;;;;DA TERRINHA INDUSTRIA E COMERCIO DE ALIMENTOS LTDA;22/05/2026;Viagem 392766
QKN6I10;21/05/2026;369668;São Paulo;;11818.889;1510;134045.63;;;;;;;DA TERRINHA INDUSTRIA E COMERCIO DE ALIMENTOS LTDA;22/05/2026;Viagem 369668
UFL2J02;12/06/2026;5762174;São Paulo;;1962.213;261;16785.02;;;;;;;DA TERRINHA INDUSTRIA E COMERCIO DE ALIMENTOS LTDA;13/06/2026;VIAGEM 416272
ELQ6181;23/07/2026;5923149;São Paulo;;1943.042;187;11126.72;;;;;;;DA TERRINHA INDUSTRIA E COMERCIO DE ALIMENTOS LTDA;23/07/2026;436.354
OCW4J02;16/04/2026;362468;São Sebastião;;40.001;16;1223.95;;;;;;;DA TERRINHA INDUSTRIA E COMERCIO DE ALIMENTOS LTDA;17/04/2026;Viagem 362468
FFN9G19;14/04/2026;357717;Sorocaba;;122.955;49;3046.82;;;;;;;DA TERRINHA INDUSTRIA E COMERCIO DE ALIMENTOS LTDA;15/04/2026;Viagem 357717
AAA1116;06/05/2026;375668;Sorocaba;;2915.549;254;26658.3;;;;;;;DA TERRINHA INDUSTRIA E COMERCIO DE ALIMENTOS LTDA;07/05/2026;Viagem 375668
OCW4J02;27/04/2026;369002;Suzano;;3078.87;255;25740;;;;;;;DA TERRINHA INDUSTRIA E COMERCIO DE ALIMENTOS LTDA;28/04/2026;Viagem 369002
EGV6G29;15/04/2026;359566;Tatuí;;118.545;20;2210;;;;;;;DA TERRINHA INDUSTRIA E COMERCIO DE ALIMENTOS LTDA;16/04/2026;Viagem 359566
OCW4J02;15/04/2026;341193;Taubaté;;3848.178;581;46312.5;;;;;;;DA TERRINHA INDUSTRIA E COMERCIO DE ALIMENTOS LTDA;17/04/2026;Viagem 341193
DMN8C09;29/04/2026;373161;Várzea Paulista;;469.998;78;8005.78;;;;;;;DA TERRINHA INDUSTRIA E COMERCIO DE ALIMENTOS LTDA;30/04/2026;Viagem 373161
AAA1110;11/05/2026;379068;Vitória;;422.5;49;4736.92;;;;;;;DA TERRINHA INDUSTRIA E COMERCIO DE ALIMENTOS LTDA;12/05/2026;VIAGEM - 379068
FPJ3F93;19/09/2026;6150561;Americana;800;792.253;179;18792.14;;;;;;;61.940.341 WASHINGTON DIAS FERREIRA;19/09/2026;VIAGEM 451346
FPJ3F93;29/04/2026;373191;Barueri;;48.606;6;621;;;;;;;61.940.341 WASHINGTON DIAS FERREIRA;30/04/2026;
FPJ3F93;08/09/2026;6099751;Bertioga;800;1132.83;192;16374.13;;;;;;;61.940.341 WASHINGTON DIAS FERREIRA;07/09/2026;VIAGEM - 445741
FPJ3F93;20/04/2026;362110;Bragança Paulista;;1201.068;165;15831.44;;;;;;;61.940.341 WASHINGTON DIAS FERREIRA;21/04/2026;
FPJ3F93;22/05/2026;5681549;Bragança Paulista;800;1494.517;335;15212.17;;;;;;;61.940.341 WASHINGTON DIAS FERREIRA;22/05/2026;VIAGEM 396326
FPJ3F93;25/05/2026;5688180;Bragança Paulista;800;1136.323;256;13558.42;;;;;;;61.940.341 WASHINGTON DIAS FERREIRA;25/05/2026;VIAGEM 396293
FPJ3F93;14/09/2026;6128026;Bragança Paulista;800;1513.707;263;15601.96;;;;;;;61.940.341 WASHINGTON DIAS FERREIRA;14/09/2026;Viagem - 448639
FPJ3F93;01/06/2026;5709652;Cajamar;700;1064.842;330;36312.03;;;;;;;61.940.341 WASHINGTON DIAS FERREIRA;29/05/2026;VIAGEM 401408
FPJ3F93;22/09/2026;6156591;Cajamar;700;1282.107;230;18759.25;;;;;;;61.940.341 WASHINGTON DIAS FERREIRA;21/09/2026;VIAGEM - 451339/452343
FPJ3F93;12/08/2026;5998441;Campinas;800;554.854;160;13005.12;;;;;;;61.940.341 WASHINGTON DIAS FERREIRA;12/08/2026;VIAGEM 441297
FPJ3F93;27/08/2026;6056585;Campinas;800;1140.567;168;14152;;;;;;;61.940.341 WASHINGTON DIAS FERREIRA;26/08/2026;VIAGEM - 444913
FPJ3F93;13/05/2026;385700;Diadema;500;1032.139;146;9183.46;;;;;;;61.940.341 WASHINGTON DIAS FERREIRA;14/05/2026;
FPJ3F93;28/05/2026;5698758;Diadema;500;1563.443;210;13773.19;;;;;;;61.940.341 WASHINGTON DIAS FERREIRA;27/05/2026;VIAGEM 397778
FPJ3F93;31/08/2026;6073267;Diadema;500;1187.286;183;12456.33;;;;;;;61.940.341 WASHINGTON DIAS FERREIRA;31/08/2026;Viagem - 445321
FPJ3F93;14/04/2026;357751;Embu das Artes;;485.19;60;3005;;;;;;;61.940.341 WASHINGTON DIAS FERREIRA;15/04/2026;
FPJ3F93;14/04/2026;357782;Embu das Artes;;73.87;5;1431;;;;;;;61.940.341 WASHINGTON DIAS FERREIRA;15/04/2026;
FPJ3F93;17/08/2026;6013567;Embu das Artes;500;839.816;94;8072.96;;;;;;;61.940.341 WASHINGTON DIAS FERREIRA;14/08/2026;VIAGEM 442064
FPJ3F93;19/05/2026;5667364;Embu-Guaçu;;1558.37;306;22781.07;;;;;;;61.940.341 WASHINGTON DIAS FERREIRA;19/05/2026;VIAGEM 392004
FPJ3F93;28/07/2026;5936887;Embu-Guaçu;;1076.969;149;14266.77;;;;;;;61.940.341 WASHINGTON DIAS FERREIRA;28/07/2026;437451
FPJ3F93;17/09/2026;6140465;Franco da Rocha;700;1353.448;212;16562.67;;;;;;;61.940.341 WASHINGTON DIAS FERREIRA;16/09/2026;VIAGEM - 450090
FPJ3F93;12/05/2026;385874;Guarulhos;;1370.797;122;12490.94;;;;;;;61.940.341 WASHINGTON DIAS FERREIRA;13/05/2026;
FPJ3F93;19/05/2026;392004;Itapecerica da Serra;500;1558.37;306;22781.07;;;;;;;61.940.341 WASHINGTON DIAS FERREIRA;20/05/2026;
FPJ3F93;29/04/2026;373190;Itapevi;;260.858;26;2870.67;;;;;;;61.940.341 WASHINGTON DIAS FERREIRA;30/04/2026;
FPJ3F93;21/07/2026;5914458;Itaquaquecetuba;700;697.734;46;7428.96;;;;;;;61.940.341 WASHINGTON DIAS FERREIRA;21/07/2026;436554
FPJ3F93;11/06/2026;5749800;Juquitiba;700;1131.974;149;9518.52;;;;;;;61.940.341 WASHINGTON DIAS FERREIRA;10/06/2026;VIAGEM 414543
FPJ3F93;07/08/2026;5980681;Mauá;500;496.726;93;6662.96;;;;;;;61.940.341 WASHINGTON DIAS FERREIRA;06/08/2026;VIAGEM 439940 E 439939
FPJ3F93;15/06/2026;5764395;Osasco;500;;;;;;;;;;61.940.341 WASHINGTON DIAS FERREIRA;15/06/2026;LUCAS LUCIO 417347
FPJ3F93;15/06/2026;5764509;Osasco;500;863.172;101;9746.52;;;;;;;61.940.341 WASHINGTON DIAS FERREIRA;15/06/2026;VIAGEM 417314
FPJ3F93;13/08/2026;6002768;Osasco;500;1373.049;262;21273.59;;;;;;;61.940.341 WASHINGTON DIAS FERREIRA;12/08/2026;VIAGEM 441295
FPJ3F93;18/05/2026;5661300;Piracicaba;950;1657.897;178;20165.42;;;;;;;61.940.341 WASHINGTON DIAS FERREIRA;18/05/2026;VIAGEM 391047
FPJ3F93;18/05/2026;391047;Piracicaba;950;1561.012;173;19460.42;;;;;;;61.940.341 WASHINGTON DIAS FERREIRA;19/05/2026;
FPJ3F93;18/06/2026;5779031;Piracicaba;950;1371.698;196;16565.05;;;;;;;61.940.341 WASHINGTON DIAS FERREIRA;17/06/2026;VIAGEM 425234
FPJ3F93;22/07/2026;5919704;Praia Grande;700;711.124;108;7779.93;;;;;;;61.940.341 WASHINGTON DIAS FERREIRA;22/07/2026;436778
FPJ3F93;29/07/2026;5947461;Praia Grande;700;1113.006;169;12913.77;;;;;;;61.940.341 WASHINGTON DIAS FERREIRA;29/07/2026;438308
FPJ3F93;22/06/2026;5789777;Ribeirão Pires;500;1171.779;212;14016.44;;;;;;;61.940.341 WASHINGTON DIAS FERREIRA;20/06/2026;VIAGEM 427049
FPJ3F93;16/05/2026;388742;Santana de Parnaíba;700;1619.934;230;18298.29;;;;;;;61.940.341 WASHINGTON DIAS FERREIRA;17/05/2026;
FPJ3F93;15/09/2026;6127996;Santo André;500;1007.527;216;14338.74;;;;;;;61.940.341 WASHINGTON DIAS FERREIRA;14/09/2026;VIAGEM - 448877
FPJ3F93;18/06/2026;5784071;Santos;700;1199.494;241;16244.69;;;;;;;61.940.341 WASHINGTON DIAS FERREIRA;19/06/2026;VIAGEM 426752
FPJ3F93;13/04/2026;354647;São Bernardo do Campo;;511.22;100;7663.91;;;;;;;61.940.341 WASHINGTON DIAS FERREIRA;14/04/2026;
FPJ3F93;16/04/2026;359896;São Bernardo do Campo;;437.882;57;5240.69;;;;;;;61.940.341 WASHINGTON DIAS FERREIRA;17/04/2026;
FPJ3F93;16/04/2026;360092;São Bernardo do Campo;;294.367;19;2665.32;;;;;;;61.940.341 WASHINGTON DIAS FERREIRA;18/04/2026;
FPJ3F93;24/04/2026;367781;São Bernardo do Campo;;1266.955;222;15503.93;;;;;;;61.940.341 WASHINGTON DIAS FERREIRA;25/04/2026;
FPJ3F93;06/07/2026;5843336;São José dos Campos;800;847.227;69;7844.4;;;;;;;61.940.341 WASHINGTON DIAS FERREIRA;04/07/2026;VIAGEM 433253
FPJ3F93;17/04/2026;360686;São Paulo;;410.485;69;4545.44;;;;;;;61.940.341 WASHINGTON DIAS FERREIRA;18/04/2026;
FPJ3F93;22/04/2026;363461;São Paulo;;133.961;18;1357.44;;;;;;;61.940.341 WASHINGTON DIAS FERREIRA;23/04/2026;
FPJ3F93;23/04/2026;362898;São Paulo;;331.107;61;4068.51;;;;;;;61.940.341 WASHINGTON DIAS FERREIRA;24/04/2026;
FPJ3F93;23/04/2026;363128;São Paulo;;2.514;1;46.8;;;;;;;61.940.341 WASHINGTON DIAS FERREIRA;25/04/2026;
FPJ3F93;06/05/2026;380420;São Paulo;;350.952;68;4300.99;;;;;;;61.940.341 WASHINGTON DIAS FERREIRA;07/05/2026;
FPJ3F93;08/05/2026;5626497;São Paulo;;965.506;171;12524.36;;;;;;;61.940.341 WASHINGTON DIAS FERREIRA;08/05/2026;WASHINGTON DIAS - 377549
FPJ3F93;08/05/2026;379332;São Paulo;500;965.506;171;12524.36;;;;;;;61.940.341 WASHINGTON DIAS FERREIRA;09/05/2026;
FPJ3F93;09/05/2026;382169;São Paulo;;411.547;66;5590.26;;;;;;;61.940.341 WASHINGTON DIAS FERREIRA;10/05/2026;
FPJ3F93;14/05/2026;5650745;São Paulo;500;1196.614;140;11697.6;;;;;;;61.940.341 WASHINGTON DIAS FERREIRA;14/05/2026;VIAGEM 382566
FPJ3F93;14/05/2026;382566;São Paulo;500;646.329;74;5773.56;;;;;;;61.940.341 WASHINGTON DIAS FERREIRA;15/05/2026;
FPJ3F93;14/05/2026;382598;São Paulo;500;550.285;66;5924.04;;;;;;;61.940.341 WASHINGTON DIAS FERREIRA;15/05/2026;
FPJ3F93;20/05/2026;5670521;São Paulo;500;1686.939;280;16064.93;;;;;;;61.940.341 WASHINGTON DIAS FERREIRA;20/05/2026;391706
FPJ3F93;20/05/2026;391706;São Paulo;500;1686.939;280;16064.93;;;;;;;61.940.341 WASHINGTON DIAS FERREIRA;21/05/2026;
FPJ3F93;03/06/2026;5722895;São Paulo;500;1302.582;197;16397.18;;;;;;;61.940.341 WASHINGTON DIAS FERREIRA;02/06/2026;VIAGEM 400319
FPJ3F93;05/06/2026;5728380;São Paulo;500;929.54;115;7795.57;;;;;;;61.940.341 WASHINGTON DIAS FERREIRA;03/06/2026;VIAGEM 410980
FPJ3F93;10/06/2026;5746131;São Paulo;500;1392.979;121;7258;;;;;;;61.940.341 WASHINGTON DIAS FERREIRA;10/06/2026;VIAGEM 418008
FPJ3F93;16/06/2026;5768844;São Paulo;500;1592.42;220;17678.6;;;;;;;61.940.341 WASHINGTON DIAS FERREIRA;16/06/2026;VIAGEM 414810
FPJ3F93;24/06/2026;5799985;São Paulo;500;1509.81;160;16338.72;;;;;;;61.940.341 WASHINGTON DIAS FERREIRA;23/06/2026;VIAGEM 429965
FPJ3F93;25/06/2026;5804178;São Paulo;500;867.798;98;7933.15;;;;;;;61.940.341 WASHINGTON DIAS FERREIRA;24/06/2026;VIAGEM 429999
FPJ3F93;03/07/2026;5838651;São Paulo;500;835.612;224;16933.02;;;;;;;61.940.341 WASHINGTON DIAS FERREIRA;03/07/2026;VIAGEM 424673
FPJ3F93;11/07/2026;5870255;São Paulo;500;679.016;204;15328.96;;;;;;;61.940.341 WASHINGTON DIAS FERREIRA;11/07/2026;VIAGEM 434746
FPJ3F93;13/07/2026;5877450;São Paulo;500;950.175;81;7912.8;;;;;;;61.940.341 WASHINGTON DIAS FERREIRA;13/07/2026;434509
FPJ3F93;15/07/2026;5889028;São Paulo;500;826.993;88;8512.2;;;;;;;61.940.341 WASHINGTON DIAS FERREIRA;15/07/2026;435548
FPJ3F93;17/07/2026;5902349;São Paulo;500;1211.206;182;13968.05;;;;;;;61.940.341 WASHINGTON DIAS FERREIRA;17/07/2026;435656
FPJ3F93;20/07/2026;5908893;São Paulo;500;1509.034;173;13345.8;;;;;;;61.940.341 WASHINGTON DIAS FERREIRA;21/07/2026;436212
FPJ3F93;24/07/2026;5925075;São Paulo;500;967.004;182;14667.17;;;;;;;61.940.341 WASHINGTON DIAS FERREIRA;24/07/2026;VIAGEM 437116
FPJ3F93;24/07/2026;5929717;São Paulo;500;655.661;99;6560.26;;;;;;;61.940.341 WASHINGTON DIAS FERREIRA;24/07/2026;437345
FPJ3F93;31/07/2026;5959127;São Paulo;500;1236.32;157;12903.2;;;;;;;61.940.341 WASHINGTON DIAS FERREIRA;31/07/2026;437009
FPJ3F93;14/08/2026;6006733;São Paulo;500;899.427;146;9609.98;;;;;;;61.940.341 WASHINGTON DIAS FERREIRA;13/08/2026;VIAGEM 441517
FPJ3F93;18/08/2026;6019993;São Paulo;500;306.752;50;4140.21;;;;;;;61.940.341 WASHINGTON DIAS FERREIRA;17/08/2026;VIAGEM 442322
FPJ3F93;19/08/2026;6025150;São Paulo;500;652.752;100;7304.46;;;;;;;61.940.341 WASHINGTON DIAS FERREIRA;18/08/2026;VIAGEM 442540
FPJ3F93;20/08/2026;6029507;São Paulo;500;1013.778;109;10136.37;;;;;;;61.940.341 WASHINGTON DIAS FERREIRA;19/08/2026;VIAGEM 442975
FPJ3F93;20/08/2026;6035060;São Paulo;500;1311.603;108;6316.92;;;;;;;61.940.341 WASHINGTON DIAS FERREIRA;20/08/2026;443.656
FPJ3F93;21/08/2026;6039398;São Paulo;500;1098.554;205;16302.12;;;;;;;61.940.341 WASHINGTON DIAS FERREIRA;21/08/2026;443.754
FPJ3F93;25/08/2026;6046568;São Paulo;500;1036.818;147;16659.55;;;;;;;61.940.341 WASHINGTON DIAS FERREIRA;24/08/2026;VIAGEM - 444251
FPJ3F93;04/09/2026;6091327;São Paulo;500;1542.961;125;16426.92;;;;;;;61.940.341 WASHINGTON DIAS FERREIRA;03/09/2026;VIAGEM 446297 E 446298
FPJ3F93;10/09/2026;6111082;São Paulo;;1209.27;184;15859;;;;;;;61.940.341 WASHINGTON DIAS FERREIRA;09/09/2026;VIAGEM - 447944
FPJ3F93;11/09/2026;6114844;São Paulo;500;1560.45;225;16629.77;;;;;;;61.940.341 WASHINGTON DIAS FERREIRA;10/09/2026;VIAGEM - 448206
FPJ3F93;16/09/2026;6135192;São Paulo;500;909.445;145;11185.5;;;;;;;61.940.341 WASHINGTON DIAS FERREIRA;15/09/2026;VIAGEM - 449493/449819
FPJ3F93;24/09/2026;6166810;São Paulo;500;1608.826;211;16672.71;;;;;;;61.940.341 WASHINGTON DIAS FERREIRA;23/09/2026;VIAGEM - 452901
FPJ3F93;08/06/2026;5733995;São Vicente;700;855.664;147;10002.83;;;;;;;61.940.341 WASHINGTON DIAS FERREIRA;05/06/2026;VIAGEM 412234
FPJ3F93;01/09/2026;6075358;São Vicente;700;853.178;139;12101.55;;;;;;;61.940.341 WASHINGTON DIAS FERREIRA;31/08/2026;Washington - 445357
FPJ3F93;27/04/2026;366131;Sorocaba;;921.322;88;9735.72;;;;;;;61.940.341 WASHINGTON DIAS FERREIRA;28/04/2026;
FPJ3F93;11/05/2026;381348;Sorocaba;;741.012;76;7479.78;;;;;;;61.940.341 WASHINGTON DIAS FERREIRA;12/05/2026;
FPJ3F93;11/08/2026;5990275;Sorocaba;800;1021.392;94;10477.8;;;;;;;61.940.341 WASHINGTON DIAS FERREIRA;10/08/2026;VIAGEM 440157
FPJ3F93;09/09/2026;6104939;Sorocaba;800;1436.669;203;16660.02;;;;;;;61.940.341 WASHINGTON DIAS FERREIRA;08/09/2026;VIAGEM - 447663
FPJ3F93;23/09/2026;6161167;Sorocaba;800;1532.461;180;15129.8;;;;;;;61.940.341 WASHINGTON DIAS FERREIRA;22/09/2026;Washington - 445549
FPJ3F93;09/07/2026;5862534;Sumaré;800;1453.297;164;16745.98;;;;;;;61.940.341 WASHINGTON DIAS FERREIRA;09/07/2026;430848
FPJ3F93;04/05/2026;377517;Taboão da Serra;;473.125;23;4079.52;;;;;;;61.940.341 WASHINGTON DIAS FERREIRA;05/05/2026;
FPJ3F93;05/05/2026;377516;Taboão da Serra;;640.385;173;15415.46;;;;;;;61.940.341 WASHINGTON DIAS FERREIRA;06/05/2026;
FPJ3F93;28/08/2026;6062290;Taubaté;950;1519.144;142;14626.92;;;;;;;61.940.341 WASHINGTON DIAS FERREIRA;27/08/2026;VIAGEM - 445090
EMD1A03;29/04/2026;373166;Campinas;;229.533;11;2009.88;;;;;;;DESCONHECIDO;30/04/2026;Viagem 373166
DJF4E38;29/04/2026;373201;Franco da Rocha;;385.524;34;5652.6;;;;;;;DESCONHECIDO;30/04/2026;Viagem 373201
EVC7C40;11/05/2026;385106;Itaquaquecetuba;;750.225;38;6096.12;;;;;;;DESCONHECIDO;12/05/2026;EDMILSON CARVALHO - 385106
RTX7D67;07/05/2026;380519;Jandira;;275.285;20;3042.96;;;;;;;DESCONHECIDO;08/05/2026;Viagem 380519
RTX7D67;30/04/2026;374447;Osasco;;41.14;11;664.8;;;;;;;DESCONHECIDO;01/05/2026;
EMD1A03;04/05/2026;377748;Praia Grande;;223.914;13;2064.24;;;;;;;DESCONHECIDO;05/05/2026;
RTX7D67;21/05/2026;396656;Salto;;57.297;4;822;;;;;;;DESCONHECIDO;22/05/2026;Viagem 396656
SWS0H40;23/04/2026;365737;Santos;;57.957;6;995.4;;;;;;;DESCONHECIDO;24/04/2026;
ASJ7510;06/05/2026;379199;São Bernardo do Campo;;148.8;8;1296;;;;;;;DESCONHECIDO;07/05/2026;Viagem 379199
FJV6265;20/04/2026;363657;São Paulo;;548.21;160;6573.6;;;;;;;DESCONHECIDO;21/04/2026;Viagem 363657
RMI4F24;28/04/2026;371185;São Paulo;;113.742;29;1740.6;;;;;;;DESCONHECIDO;29/04/2026;Viagem 371185
ASJ7510;27/04/2026;369761;São Paulo;;62.92;20;566;;;;;;;DESCONHECIDO;29/04/2026;
AAA1113;27/04/2026;366296;São Paulo;;193.35;20;2924.16;;;;;;;DESCONHECIDO;29/04/2026;
STO8J09;28/04/2026;372109;São Paulo;;54.654;14;853.2;;;;;;;DESCONHECIDO;29/04/2026;Viagem 372109
DMN8C09;30/04/2026;374881;São Paulo;;7.66;3;189.6;;;;;;;DESCONHECIDO;01/05/2026;
AAA1113;05/05/2026;376131;São Paulo;;268.105;20;3011.4;;;;;;;DESCONHECIDO;05/05/2026;
DUG0A42;01/05/2026;375932;São Paulo;;350.39;20;2956.8;;;;;;;DESCONHECIDO;05/05/2026;
ABC1D23;05/05/2026;379629;São Paulo;;3486.6;545;35000.97;;;;;;;DESCONHECIDO;06/05/2026;Viagem 379629
ABC1236;06/05/2026;381509;São Paulo;;116.937;12;1331.86;;;;;;;DESCONHECIDO;08/05/2026;Viagem 381509
EMD1A03;08/05/2026;382831;São Paulo;;682.435;30;5454;;;;;;;DESCONHECIDO;10/05/2026;THIAGO SOUZA - 382831
AAA1111;11/05/2026;385372;São Paulo;;113.523;5;1020.24;;;;;;;DESCONHECIDO;12/05/2026;Viagem 385372
DJF4E38;12/05/2026;386031;São Paulo;;225.574;22;2806.2;;;;;;;DESCONHECIDO;13/05/2026;Viagem 386031
ETA4132;12/05/2026;386295;São Paulo;;327.006;17;2628.36;;;;;;;DESCONHECIDO;13/05/2026;MARIVALDO CARNEIRO 386295
ABC1D23;19/05/2026;393951;São Paulo;;669;623;3588.34;;;;;;;DESCONHECIDO;20/05/2026;Viagem 393951
ASJ7510;20/05/2026;394875;São Paulo;;103.818;33;933.9;;;;;;;DESCONHECIDO;21/05/2026;Viagem 394875
FDW5C94;18/05/2026;389891;Taboão da Serra;;527.757;35;5097;;;;;;;DESCONHECIDO;19/05/2026;Viagem 389891
BWB5A92;21/09/2026;6149914;Arujá;2106.41;6883.36;571;53637;;;;;;;DRT TRANSPORTE DE CARGA LTDA;18/09/2026;VIAGEM - 450748
BWB5A92;18/05/2026;383984;Barueri;2117.45;8205.45;660;63360;;;;;;;DRT TRANSPORTE DE CARGA LTDA;19/05/2026;
BWB5A92;16/07/2026;5896856;Barueri;2117.45;8316;660;63360;;;;;;;DRT TRANSPORTE DE CARGA LTDA;17/07/2026;VIAGEM 435629
BWB5A92;15/06/2026;5764896;Campinas;2123.13;7389.84;755;68354.29;;;;;;;DRT TRANSPORTE DE CARGA LTDA;15/06/2026;LUCAS LUCIO 412002
BWB5A92;19/05/2026;376519;Carapicuíba;2116.47;6784.772;957;62494.73;;;;;;;DRT TRANSPORTE DE CARGA LTDA;20/05/2026;
BWB5A92;16/07/2026;5889239;Carapicuíba;2054.44;950.175;81;7912.8;;;;;;;DRT TRANSPORTE DE CARGA LTDA;16/07/2026;VIAGEM 435055
BWB5A92;26/08/2026;6051918;Carapicuíba;2148.69;9439.81;877;90845.67;;;;;;;DRT TRANSPORTE DE CARGA LTDA;26/08/2026;444660
BWB5A92;05/05/2026;358864;Cotia;2160.84;9987.557;1081;101544.23;;;;;;;DRT TRANSPORTE DE CARGA LTDA;06/05/2026;
BWB5A92;09/07/2026;5862706;Cotia;2104.27;5176.837;498;51759.36;;;;;;;DRT TRANSPORTE DE CARGA LTDA;09/07/2026;433312 LUCAS LUCIO
BWB5A92;18/09/2026;6145549;Cotia;2113.44;6504.818;742;59827.69;;;;;;;DRT TRANSPORTE DE CARGA LTDA;18/09/2026;VIAGEM - 447223
BWB5A92;21/04/2026;358850;Diadema;2103.8;5410.608;481;51344.95;;;;;;;DRT TRANSPORTE DE CARGA LTDA;23/04/2026;
BWB5A92;09/07/2026;5860522;Diadema;2085.93;4476.355;544;35624.14;;;;;;;DRT TRANSPORTE DE CARGA LTDA;09/07/2026;VIAGEM 433808
BWB5A92;05/08/2026;5970970;Diadema;2095.48;5735.906;743;44020.23;;;;;;;DRT TRANSPORTE DE CARGA LTDA;05/08/2026;VIAGEM 438716
BWB5A92;12/08/2026;5998286;Embu das Artes;2098.61;5479.988;552;46778.45;;;;;;;DRT TRANSPORTE DE CARGA LTDA;12/08/2026;441267
BWB5A92;31/07/2026;5953646;Francisco Morato;2108.1;6579.735;778;55132.45;;;;;;;DRT TRANSPORTE DE CARGA LTDA;31/07/2026;VIAGEM 438697
CZB3H49;31/07/2026;5954194;Francisco Morato;2095.35;5133.827;643;43913.77;;;;;;;DRT TRANSPORTE DE CARGA LTDA;31/07/2026;VIAGEM 438700
CVP8F73;31/07/2026;5954468;Francisco Morato;2098.34;5445.676;640;46537.69;;;;;;;DRT TRANSPORTE DE CARGA LTDA;31/07/2026;MARCIO DA SILVA 438694
BWB5A92;22/05/2026;5679843;Franco da Rocha;2125.47;6040.781;917;70408.76;;;;;;;DRT TRANSPORTE DE CARGA LTDA;22/05/2026;LUCAS LUCIO 384684
BWB5A92;22/06/2026;5788841;Guarujá;2126.5;7835.315;1180;70543.36;;;;;;;DRT TRANSPORTE DE CARGA LTDA;20/06/2026;VIAGEM 414820
BWB5A92;16/09/2026;6135359;Guarujá;2120.69;6057.395;877;66205.3;;;;;;;DRT TRANSPORTE DE CARGA LTDA;16/09/2026;VIAGEM - 447128
BWB5A92;04/08/2026;5966008;Guarulhos;2139.55;8230.939;1012;82796.7;;;;;;;DRT TRANSPORTE DE CARGA LTDA;04/08/2026;VIAGEM 438343
BWB5A92;24/09/2026;6167071;Guarulhos;2182.8;6761.055;1621;120855.19;;;;;;;DRT TRANSPORTE DE CARGA LTDA;24/09/2026;VIAGEM - 446125
BWB5A92;09/06/2026;5741716;Itapecerica da Serra;2082.41;4080.794;450;32523.24;;;;;;;DRT TRANSPORTE DE CARGA LTDA;09/06/2026;LUCAS LUCIO - 414284
BWB5A92;03/09/2026;6086115;Itapecerica da Serra;2133.51;8445.84;1006;77487.08;;;;;;;DRT TRANSPORTE DE CARGA LTDA;03/09/2026;445637
BWB5A92;15/04/2026;341154;Itapevi;;6890.891;739;71817.35;;;;;;;DRT TRANSPORTE DE CARGA LTDA;17/04/2026;
BWB5A92;28/05/2026;5699716;Itapevi;2147.9;8546.586;1031;90077.57;;;;;;;DRT TRANSPORTE DE CARGA LTDA;28/05/2026;LUCAS LUCIO 384689
BWB5A92;17/09/2026;6140611;Jacareí;2119.16;6450.38;867;64857.45;;;;;;;DRT TRANSPORTE DE CARGA LTDA;17/09/2026;VIAGEM - 447474
BWB5A92;24/06/2026;5800421;Mauá;2101.19;5028.175;461;49048.72;;;;;;;DRT TRANSPORTE DE CARGA LTDA;24/06/2026;VIAGEM 414821
BWB5A92;13/07/2026;5873222;Mauá;2127.74;7270.907;881;72413.19;;;;;;;DRT TRANSPORTE DE CARGA LTDA;13/07/2026;LUCAS LUCIO 431207 e 435002
BWB5A92;08/05/2026;381543;Osasco;2146.52;6435.744;1211;88942.04;;;;;;;DRT TRANSPORTE DE CARGA LTDA;08/05/2026;
AAA1119;15/05/2026;369644;Osasco;2126.19;6804.034;761;71047.11;;;;;;;DRT TRANSPORTE DE CARGA LTDA;16/05/2026;
BWB5A92;12/06/2026;5757587;Osasco;2153.82;6701.555;1172;95362.15;;;;;;;DRT TRANSPORTE DE CARGA LTDA;12/06/2026;LUCAS LUCIO 415367
BWB5A92;30/06/2026;5821046;Osasco;2126.34;7405.871;897;71182.15;;;;;;;DRT TRANSPORTE DE CARGA LTDA;30/06/2026;
BWB5A92;02/07/2026;5833203;Osasco;2087.41;5951.394;738;36920.7;;;;;;;DRT TRANSPORTE DE CARGA LTDA;02/07/2026;VIAGEM 431205
BWB5A92;15/07/2026;5883093;Osasco;2142.02;5834.592;976;84980.11;;;;;;;DRT TRANSPORTE DE CARGA LTDA;15/07/2026;VIAGEM 434541
BWB5A92;14/08/2026;6009101;Peruíbe;2099.2;5679.783;639;47303.39;;;;;;;DRT TRANSPORTE DE CARGA LTDA;14/08/2026;441808
BWB5A92;02/06/2026;5718267;Ribeirão Pires;2114.73;5516.075;771;60955.36;;;;;;;DRT TRANSPORTE DE CARGA LTDA;02/06/2026;VIAGEM 397449
CZB3H49;05/08/2026;5970971;Ribeirão Pires;2108;4933.572;679;55037.4;;;;;;;DRT TRANSPORTE DE CARGA LTDA;05/08/2026;VIAGEM 435708
BWB5A92;13/05/2026;384974;Santana de Parnaíba;2117.64;6220.43;612;63524.33;;;;;;;DRT TRANSPORTE DE CARGA LTDA;14/05/2026;
BWB5A92;23/04/2026;350802;Santo André;2098.99;4812.37;507;47113.78;;;;;;;DRT TRANSPORTE DE CARGA LTDA;24/04/2026;
BWB5A92;17/06/2026;5774006;Santo André;2167.15;6012.18;1415;107088;;;;;;;DRT TRANSPORTE DE CARGA LTDA;17/06/2026;VIAGEM 423387
BWB5A92;18/06/2026;5779185;Santo André;2096.64;4759.903;1066;45042.17;;;;;;;DRT TRANSPORTE DE CARGA LTDA;18/06/2026;VIAGEM 421142
BWB5A92;07/05/2026;371266;São Bernardo do Campo;2157.57;8426.17;1312;98657.23;;;;;;;DRT TRANSPORTE DE CARGA LTDA;08/05/2026;
BWB5A92;23/06/2026;5795869;São Bernardo do Campo;2121.61;6824.76;866;67018.46;;;;;;;DRT TRANSPORTE DE CARGA LTDA;23/06/2026;VIAGEM 424837
BWB5A92;13/04/2026;350456;São Paulo;;591.901;47;7154.76;;;;;;;DRT TRANSPORTE DE CARGA LTDA;14/04/2026;
BWB5A92;13/04/2026;341252;São Paulo;;4082.605;559;45656.77;;;;;;;DRT TRANSPORTE DE CARGA LTDA;14/04/2026;
BWB5A92;30/04/2026;373183;São Paulo;1935.03;4307.836;411;38277.99;;;;;;;DRT TRANSPORTE DE CARGA LTDA;01/05/2026;
BWB5A92;09/05/2026;369633;São Paulo;1948.76;5030.744;620;51322.03;;;;;;;DRT TRANSPORTE DE CARGA LTDA;09/05/2026;
BWB5A92;09/05/2026;384512;São Paulo;1897.92;340.428;20;3015.24;;;;;;;DRT TRANSPORTE DE CARGA LTDA;09/05/2026;
BWB5A92;12/05/2026;381905;São Paulo;1947.29;5743.668;655;49932.86;;;;;;;DRT TRANSPORTE DE CARGA LTDA;13/05/2026;
BWB5A92;16/05/2026;387704;São Paulo;1944.99;2961.075;654;47742.51;;;;;;;DRT TRANSPORTE DE CARGA LTDA;16/05/2026;
BWB5A92;15/05/2026;376513;São Paulo;1989.13;9155.433;981;89665.81;;;;;;;DRT TRANSPORTE DE CARGA LTDA;16/05/2026;
BWB5A92;21/05/2026;395007;São Paulo;1975.99;9768.605;809;77192.48;;;;;;;DRT TRANSPORTE DE CARGA LTDA;22/05/2026;
BWB5A92;31/05/2026;5713233;São Paulo;1972.83;8069.12;705;73919.4;;;;;;;DRT TRANSPORTE DE CARGA LTDA;31/05/2026;
BWB5A92;23/06/2026;5792158;São Paulo;1994.06;8744.117;1034;94361.72;;;;;;;DRT TRANSPORTE DE CARGA LTDA;22/06/2026;LUCAS LUCIO 428898 e 397359
BWB5A92;25/06/2026;5804471;São Paulo;1952.73;5975.475;746;55093.7;;;;;;;DRT TRANSPORTE DE CARGA LTDA;25/06/2026;VIAGEM 424832
BWB5A92;26/06/2026;5809070;São Paulo;1954.48;5406.505;789;56763.29;;;;;;;DRT TRANSPORTE DE CARGA LTDA;26/06/2026;VIAGEM 428700
BWB5A92;01/07/2026;5827605;São Paulo;1947.16;5885.001;532;49800.8;;;;;;;DRT TRANSPORTE DE CARGA LTDA;01/07/2026;VIAGEM 431473
BWB5A92;07/07/2026;5849960;São Paulo;1990.29;8916.77;1011;90779.68;;;;;;;DRT TRANSPORTE DE CARGA LTDA;07/07/2026;VIAGEM 433291
BWB5A92;18/07/2026;5903925;São Paulo;1951.46;5758.24;644;53891.08;;;;;;;DRT TRANSPORTE DE CARGA LTDA;18/07/2026;lucas 434.510
BWB5A92;22/07/2026;5914819;São Paulo;1968.75;5541.95;923;70309.13;;;;;;;DRT TRANSPORTE DE CARGA LTDA;22/07/2026;VIAGEM 435875
BWB5A92;24/07/2026;5925230;São Paulo;1936.19;4961.8;605;39382;;;;;;;DRT TRANSPORTE DE CARGA LTDA;24/07/2026;VIAGEM 437192
BWB5A92;10/09/2026;6111245;São Paulo;1954.64;6118.841;614;56913.85;;;;;;;DRT TRANSPORTE DE CARGA LTDA;10/09/2026;VIAGEM - 447114
BWB5A92;11/09/2026;6122156;São Paulo;1955.48;6202.151;530;57707.81;;;;;;;DRT TRANSPORTE DE CARGA LTDA;11/09/2026;Lucas - 444.628
BWB5A92;14/09/2026;6122468;São Paulo;1955.48;;;;;;;;;;DRT TRANSPORTE DE CARGA LTDA;11/09/2026;VIAGEM - 444628
BWB5A92;15/09/2026;6129968;São Paulo;1980.27;8979.559;931;81259.27;;;;;;;DRT TRANSPORTE DE CARGA LTDA;15/09/2026;VIAGEM - 447484
BWB5A92;11/09/2026;6117053;Sumaré;2147.59;7375.72;1230;89883.72;;;;;;;DRT TRANSPORTE DE CARGA LTDA;11/09/2026;VIAGEM - 446783
BWB5A92;09/09/2026;6105201;Suzano;2138.22;7767.656;1059;81632.64;;;;;;;DRT TRANSPORTE DE CARGA LTDA;09/09/2026;447479
MKX4F88;08/05/2026;372896;Araras;4023.46;11543.718;1092;111461.18;;;;;;;TONI TRANSPORTES E LOGISTICA LTDA;09/05/2026;
FKO9E94;30/04/2026;373095;Barueri;2430.16;10172.308;1007;118204.8;;;;;;;TONI TRANSPORTES E LOGISTICA LTDA;01/05/2026;
MKX4F88;05/06/2026;5732453;Bauru;7047.94;13554.505;1285;129706.81;;;;;;;TONI TRANSPORTES E LOGISTICA LTDA;05/06/2026;Viagem 401276
MKX4F88;14/04/2026;344054;Cajamar;;17640;1400;157920;;;;;;;TONI TRANSPORTES E LOGISTICA LTDA;15/04/2026;
LQH9C24;14/04/2026;343790;Cajamar;;17640;1400;157920;;;;;;;TONI TRANSPORTES E LOGISTICA LTDA;15/04/2026;
DBM4A66;24/04/2026;359731;Cajamar;3161;17640;1400;157920;;;;;;;TONI TRANSPORTES E LOGISTICA LTDA;25/04/2026;
MKX4F88;28/04/2026;344087;Cajamar;3123.67;6002.76;892;77936;;;;;;;TONI TRANSPORTES E LOGISTICA LTDA;29/04/2026;
MKX4F88;28/04/2026;359696;Cajamar;3161;6002.76;892;77936;;;;;;;TONI TRANSPORTES E LOGISTICA LTDA;29/04/2026;
LQH9C24;29/06/2026;5820039;Cajamar;3161;20927.76;1680;189504;;;;;;;TONI TRANSPORTES E LOGISTICA LTDA;29/06/2026;Paulo Sergio - 423027
AAA1110;21/04/2026;363755;Campo Limpo Paulista;3123.67;15225.402;1857;135724.86;;;;;;;TONI TRANSPORTES E LOGISTICA LTDA;23/04/2026;
LQH9C24;25/06/2026;5804441;Campo Limpo Paulista;3188.67;12561.9;1531;105525.54;;;;;;;TONI TRANSPORTES E LOGISTICA LTDA;25/06/2026;VIAGEM 429990
LQH9C24;28/04/2026;367088;Guarulhos;2398;13519;1100;69960;;;;;;;TONI TRANSPORTES E LOGISTICA LTDA;29/04/2026;
MKX4F88;11/05/2026;376625;Itapecerica da Serra;2398;17640;1400;174720;;;;;;;TONI TRANSPORTES E LOGISTICA LTDA;12/05/2026;
AAA1110;11/05/2026;376626;Itapecerica da Serra;2398;12162;1400;173520;;;;;;;TONI TRANSPORTES E LOGISTICA LTDA;12/05/2026;
LQH9C24;21/05/2026;395831;Itapecerica da Serra;2398;7307.172;1026;126813.6;;;;;;;TONI TRANSPORTES E LOGISTICA LTDA;22/05/2026;
LQH9C24;21/05/2026;395832;Itapecerica da Serra;2398;9970.8;1400;173040;;;;;;;TONI TRANSPORTES E LOGISTICA LTDA;22/05/2026;
DBM4A66;23/04/2026;366462;Itu;3488;19233.91;1585;164277;;;;;;;TONI TRANSPORTES E LOGISTICA LTDA;25/04/2026;
LQH9C24;05/05/2026;366528;Itu;3391.54;18281.537;1670;169076.4;;;;;;;TONI TRANSPORTES E LOGISTICA LTDA;07/05/2026;
FKO9E94;14/05/2026;369654;Jundiaí;3191;11933.213;2076;154466.02;;;;;;;TONI TRANSPORTES E LOGISTICA LTDA;15/05/2026;
MKX4F88;24/04/2026;367319;Nova Odessa;3488;15846.478;1953;175578.58;;;;;;;TONI TRANSPORTES E LOGISTICA LTDA;25/04/2026;
DBM4A66;25/04/2026;367253;Nova Odessa;3488;15469.423;2341;169763.5;;;;;;;TONI TRANSPORTES E LOGISTICA LTDA;26/04/2026;
ATA3J14;27/05/2026;5693740;Nova Odessa;3488;8305.321;1746;131290.86;;;;;;;TONI TRANSPORTES E LOGISTICA LTDA;27/05/2026;VIAGEM 400880
FKO9E94;23/04/2026;361940;Osasco;2398;14883.76;1357;160488.6;;;;;;;TONI TRANSPORTES E LOGISTICA LTDA;24/04/2026;
LQH9C24;08/05/2026;376661;Osasco;2398;11098.55;1350;136152;;;;;;;TONI TRANSPORTES E LOGISTICA LTDA;10/05/2026;
FKO9E94;08/05/2026;371015;Osasco;2398;10607.862;3814;285990;;;;;;;TONI TRANSPORTES E LOGISTICA LTDA;10/05/2026;
MKX4F88;08/05/2026;376659;Osasco;2398;14547.181;3969;215263.08;;;;;;;TONI TRANSPORTES E LOGISTICA LTDA;10/05/2026;
FKO9E94;21/04/2026;363887;Paraibuna;3366.47;18444.644;1883;176645.46;;;;;;;TONI TRANSPORTES E LOGISTICA LTDA;23/04/2026;
LQH9C24;22/05/2026;5680188;Piracicaba;4251.01;9304.468;1556;118026.83;;;;;;;TONI TRANSPORTES E LOGISTICA LTDA;22/05/2026;PAULO SERGIO 376732
FKO9E94;24/04/2026;368177;Praia Grande;3498.13;16775.7;1404;140299.2;;;;;;;TONI TRANSPORTES E LOGISTICA LTDA;25/04/2026;
DBM4A66;27/04/2026;5590155;Santa Bárbara d'Oeste;3343.58;18591.26;1544;175017.6;;;;;;;TONI TRANSPORTES E LOGISTICA LTDA;28/04/2026;Viagem 369307
DBM4A66;27/04/2026;369307;Santa Bárbara d'Oeste;3556.58;18591.26;1544;175017.6;;;;;;;TONI TRANSPORTES E LOGISTICA LTDA;29/04/2026;
MKX4F88;19/05/2026;369663;Santos;3698.92;10262.083;1504;125979.49;;;;;;;TONI TRANSPORTES E LOGISTICA LTDA;20/05/2026;
MKX4F88;02/06/2026;5718268;Santos;3488.01;15352.585;1349;143755.2;;;;;;;TONI TRANSPORTES E LOGISTICA LTDA;02/06/2026;VIAGEM 399725
DBM4A66;22/04/2026;341645;São Bernardo do Campo;2398;302.013;44;2862.6;;;;;;;TONI TRANSPORTES E LOGISTICA LTDA;23/04/2026;
AAA1110;21/04/2026;363029;São Bernardo do Campo;2398;19252.432;1873;160585.2;;;;;;;TONI TRANSPORTES E LOGISTICA LTDA;23/04/2026;
MKX4F88;23/04/2026;363062;São Bernardo do Campo;2398;13810.243;3259;204631.21;;;;;;;TONI TRANSPORTES E LOGISTICA LTDA;24/04/2026;
ATA3J14;13/05/2026;376526;São Bernardo do Campo;2398;14480.487;2520;164298.05;;;;;;;TONI TRANSPORTES E LOGISTICA LTDA;14/05/2026;
FKO9E94;16/04/2026;358541;São Caetano do Sul;2398;3561.573;726;54373.6;;;;;;;TONI TRANSPORTES E LOGISTICA LTDA;17/04/2026;
LQH9C24;20/05/2026;384578;São Caetano do Sul;2398;382.22;35;3117;;;;;;;TONI TRANSPORTES E LOGISTICA LTDA;20/05/2026;
AAA1110;05/05/2026;373260;São José do Rio Preto;7521;17893.263;1430;139014.4;;;;;;;TONI TRANSPORTES E LOGISTICA LTDA;06/05/2026;
LQH9C24;06/05/2026;370891;São José do Rio Preto;6999.6;1896.545;195;22106.01;;;;;;;TONI TRANSPORTES E LOGISTICA LTDA;06/05/2026;Viagem 370891
MKX4F88;13/04/2026;344648;São Paulo;;18900;1500;129600;;;;;;;TONI TRANSPORTES E LOGISTICA LTDA;14/04/2026;
AAA1110;13/04/2026;344681;São Paulo;;17647.25;1550;128124;;;;;;;TONI TRANSPORTES E LOGISTICA LTDA;14/04/2026;
FKO9E94;15/04/2026;358013;São Paulo;2398;4237.524;506;45890.61;;;;;;;TONI TRANSPORTES E LOGISTICA LTDA;16/04/2026;
LQH9C24;23/04/2026;361248;São Paulo;;16380;1300;162552;;;;;;;TONI TRANSPORTES E LOGISTICA LTDA;24/04/2026;
MKX4F88;23/04/2026;361775;São Paulo;2398;14353.2;1400;164832;;;;;;;TONI TRANSPORTES E LOGISTICA LTDA;24/04/2026;
MKX4F88;17/04/2026;358575;São Paulo;2398;14535.33;1523;150303.14;;;;;;;TONI TRANSPORTES E LOGISTICA LTDA;29/04/2026;
LQH9C24;29/04/2026;370487;São Paulo;2398;10076.78;2541;101273.7;;;;;;;TONI TRANSPORTES E LOGISTICA LTDA;30/04/2026;
DBM4A66;29/04/2026;370959;São Paulo;2398;6863.235;875;57174;;;;;;;TONI TRANSPORTES E LOGISTICA LTDA;30/04/2026;
LQH9C24;29/04/2026;369069;São Paulo;2398;17902.276;1598;189239.2;;;;;;;TONI TRANSPORTES E LOGISTICA LTDA;01/05/2026;
LQH9C24;29/04/2026;361843;São Paulo;2398;17902.276;1598;189239.2;;;;;;;TONI TRANSPORTES E LOGISTICA LTDA;01/05/2026;
FKO9E94;13/05/2026;376520;São Paulo;2398;13807.676;1889;144443.49;;;;;;;TONI TRANSPORTES E LOGISTICA LTDA;14/05/2026;
LQH9C24;15/05/2026;389198;São Paulo;2398;16710.112;1626;183006.4;;;;;;;TONI TRANSPORTES E LOGISTICA LTDA;15/05/2026;
LQH9C24;15/05/2026;379595;São Paulo;2398;16266.7;1400;163480;;;;;;;TONI TRANSPORTES E LOGISTICA LTDA;15/05/2026;
DBM4A66;19/05/2026;384446;São Paulo;2398;273.36;30;2634;;;;;;;TONI TRANSPORTES E LOGISTICA LTDA;19/05/2026;
EIR3E90;18/05/2026;387878;São Paulo;2398;8546.4;1300;110400;;;;;;;TONI TRANSPORTES E LOGISTICA LTDA;19/05/2026;
ATA3J14;20/05/2026;371224;São Paulo;2398;9412.165;1317;101870.74;;;;;;;TONI TRANSPORTES E LOGISTICA LTDA;21/05/2026;
MKX4F88;20/05/2026;369665;São Paulo;2398;16359.996;1960;171976.11;;;;;;;TONI TRANSPORTES E LOGISTICA LTDA;21/05/2026;
DBM4A66;15/04/2026;354845;São Roque;;14339.116;1374;153978.78;;;;;;;TONI TRANSPORTES E LOGISTICA LTDA;16/04/2026;
DBM4A66;05/05/2026;358839;São Vicente;3488;14758.516;1863;161424.75;;;;;;;TONI TRANSPORTES E LOGISTICA LTDA;06/05/2026;
LQH9C24;20/05/2026;369662;Sorocaba;3488.01;11672.441;1161;119735.06;;;;;;;TONI TRANSPORTES E LOGISTICA LTDA;21/05/2026;
LQH9C24;15/04/2026;351347;Sumaré;;10841.94;1256;133306.8;;;;;;;TONI TRANSPORTES E LOGISTICA LTDA;16/04/2026;
MKX4F88;29/04/2026;364118;Sumaré;3488;15814.647;1535;168480;;;;;;;TONI TRANSPORTES E LOGISTICA LTDA;30/04/2026;
FKO9E94;15/05/2026;376559;Sumaré;3488;17851.462;1812;175623.77;;;;;;;TONI TRANSPORTES E LOGISTICA LTDA;16/05/2026;
LQH9C24;13/05/2026;358911;Taboão da Serra;2398;12206.649;1175;118361.48;;;;;;;TONI TRANSPORTES E LOGISTICA LTDA;14/05/2026;
LQH9C24;13/05/2026;384546;Taboão da Serra;2398;57.957;6;995.4;;;;;;;TONI TRANSPORTES E LOGISTICA LTDA;14/05/2026;PAULO SERGIO - 384546
DBM4A66;30/04/2026;370886;Taubaté;3488;15746.89;1270;121920;;;;;;;TONI TRANSPORTES E LOGISTICA LTDA;01/05/2026;
FDJ5G73;14/04/2026;356396;Barueri;;170.635;47;2732.59;;;;;;;JG ALVES TRANSPORTES LTDA;15/04/2026;
FDJ5G73;14/04/2026;356365;Barueri;;478.741;38;6342.96;;;;;;;JG ALVES TRANSPORTES LTDA;15/04/2026;
FOV6H40;18/04/2026;359763;Barueri;;1868.55;150;16200;;;;;;;JG ALVES TRANSPORTES LTDA;19/04/2026;
CBS8D21;18/04/2026;356211;Barueri;;977.735;250;18398.35;;;;;;;JG ALVES TRANSPORTES LTDA;19/04/2026;
BML9A24;22/04/2026;364646;Barueri;1011.36;2355.173;302;23839.89;;;;;;;JG ALVES TRANSPORTES LTDA;23/04/2026;
DTD6G51;21/04/2026;349732;Barueri;1125;2900.275;315;29346.28;;;;;;;JG ALVES TRANSPORTES LTDA;23/04/2026;
DSJ8G34;12/05/2026;371273;Barueri;1250;4483.12;753;55490.48;;;;;;;JG ALVES TRANSPORTES LTDA;13/05/2026;
CBS8D21;11/06/2026;5751494;Barueri;897.73;892.266;78;7095.6;;;;;;;JG ALVES TRANSPORTES LTDA;11/06/2026;VIAGEM 410021
CDV6C82;16/06/2026;5768947;Barueri;909.09;1974.6;293;19271.12;;;;;;;JG ALVES TRANSPORTES LTDA;16/06/2026;VIAGEM 408831
FIT6449;12/08/2026;5998227;Barueri;715.91;855.986;113;8289.44;;;;;;;JG ALVES TRANSPORTES LTDA;12/08/2026;FABIO ALEXANDRE
ETA4132;14/08/2026;6009132;Barueri;884.8;2215.8;180;18360;;;;;;;JG ALVES TRANSPORTES LTDA;14/08/2026;VIAGEM 437946
DTD6G51;28/04/2026;362435;Caieiras;1125;3349.006;532;35440.26;;;;;;;JG ALVES TRANSPORTES LTDA;28/04/2026;
DDA4J00;21/05/2026;390949;Caieiras;1011.36;2293.101;441;29258.28;;;;;;;JG ALVES TRANSPORTES LTDA;22/05/2026;
FCB4J91;11/08/2026;5992953;Caieiras;897.73;1585.261;284;18057.88;;;;;;;JG ALVES TRANSPORTES LTDA;11/08/2026;VIAGEM 440929
MJZ7F25;11/08/2026;5995880;Caieiras;897.73;1570.206;263;18985.95;;;;;;;JG ALVES TRANSPORTES LTDA;11/08/2026;orlando 440.910
DDA4J00;16/04/2026;357089;Cajamar;;2430.688;265;19226.01;;;;;;;JG ALVES TRANSPORTES LTDA;16/04/2026;
ETA4132;30/04/2026;373184;Cajamar;909.09;1941.81;236;20495.08;;;;;;;JG ALVES TRANSPORTES LTDA;01/05/2026;
DJF4E38;12/05/2026;380453;Cajamar;909.09;1682.326;149;17049.3;;;;;;;JG ALVES TRANSPORTES LTDA;12/05/2026;ANDRE GALHARDO 380453
DBK3C56;16/05/2026;5656504;Cajamar;897.73;1034.88;196;11368;;;;;;;JG ALVES TRANSPORTES LTDA;16/05/2026;VIAGEM 379662
DBK3C56;16/05/2026;379662;Cajamar;897.73;1034.88;196;11368;;;;;;;JG ALVES TRANSPORTES LTDA;17/05/2026;
EVC7C40;05/06/2026;5729411;Cajamar;897.73;1358.007;152;13292.6;;;;;;;JG ALVES TRANSPORTES LTDA;04/06/2026;VIAGEM 404774
FLJ4J36;27/04/2026;358866;Campinas;909.09;1853.122;390;22463.59;;;;;;;JG ALVES TRANSPORTES LTDA;28/04/2026;
MJZ7F25;15/05/2026;5652321;Campinas;909.09;1677.729;239;19336.33;;;;;;;JG ALVES TRANSPORTES LTDA;15/05/2026;ORLANDO PINHEIRO 386988
MJZ7F25;15/05/2026;386988;Campinas;909.09;1677.729;239;19336.33;;;;;;;JG ALVES TRANSPORTES LTDA;16/05/2026;
FLJ4J36;21/04/2026;359697;Carapicuíba;909.09;1938.421;283;22458.36;;;;;;;JG ALVES TRANSPORTES LTDA;23/04/2026;
CNV8G32;25/04/2026;364481;Carapicuíba;897.73;906.389;108;9959.69;;;;;;;JG ALVES TRANSPORTES LTDA;26/04/2026;
CDV6C82;09/05/2026;380750;Carapicuíba;897.73;1406.699;174;15376.09;;;;;;;JG ALVES TRANSPORTES LTDA;10/05/2026;
ETA4132;02/06/2026;5718313;Carapicuíba;909.09;1654.7;118;13734.3;;;;;;;JG ALVES TRANSPORTES LTDA;02/06/2026;VIAGEM 387587
DBK3C56;02/06/2026;5718370;Carapicuíba;1011.36;2203.865;402;16346.4;;;;;;;JG ALVES TRANSPORTES LTDA;02/06/2026;VIAGEM 408206
CDV6C82;13/06/2026;5763273;Carapicuíba;1125;2773.883;431;28770.37;;;;;;;JG ALVES TRANSPORTES LTDA;13/06/2026;VIAGEM 414808
FWZ6A59;21/07/2026;5909290;Carapicuíba;;3724.755;520;36675.81;;;;;;;JG ALVES TRANSPORTES LTDA;21/07/2026;VIAGEM 435881
ETA4132;21/07/2026;5909350;Carapicuíba;715.91;1377.528;132;13057.25;;;;;;;JG ALVES TRANSPORTES LTDA;21/07/2026;VIAGEM 436358
CBS8D21;14/04/2026;354746;Cotia;;1303.409;170;14272.76;;;;;;;JG ALVES TRANSPORTES LTDA;14/04/2026;
EFF7J89;24/03/2026;333281;Cotia;;947.16;221;14800.27;;;;;;;JG ALVES TRANSPORTES LTDA;16/04/2026;
FFW4E54;25/03/2026;337722;Cotia;1011.36;2315.765;291;21030.67;;;;;;;JG ALVES TRANSPORTES LTDA;16/04/2026;
MJZ7F25;18/04/2026;355076;Cotia;;1844.91;336;22358.57;;;;;;;JG ALVES TRANSPORTES LTDA;19/04/2026;
BML9A24;23/04/2026;361874;Cotia;1125;2547.671;300;23980.15;;;;;;;JG ALVES TRANSPORTES LTDA;24/04/2026;
CDV6C82;14/05/2026;385634;Cotia;1011.36;2482.954;304;21195.53;;;;;;;JG ALVES TRANSPORTES LTDA;15/05/2026;
EQY4D82;05/06/2026;5729478;Cotia;897.73;1382.078;232;16990.85;;;;;;;JG ALVES TRANSPORTES LTDA;04/06/2026;VIAGEM 410319
CBS8D21;13/06/2026;5762406;Cotia;897.73;740.3;130;8150;;;;;;;JG ALVES TRANSPORTES LTDA;13/06/2026;VIAGEM 421373
EVF4506;23/06/2026;5795929;Cotia;909.09;1873.94;322;19632.88;;;;;;;JG ALVES TRANSPORTES LTDA;23/06/2026;VIAGEM 428303
ETA4132;09/07/2026;5862181;Cotia;897.73;1472.568;243;14493.69;;;;;;;JG ALVES TRANSPORTES LTDA;09/07/2026;marivaldo 433.816
OLZ4D22;16/07/2026;5889418;Cotia;;1661.574;217;15425.59;;;;;;;JG ALVES TRANSPORTES LTDA;16/07/2026;VIAGEM 435534
FCB4J91;24/07/2026;5925232;Cotia;;2528.34;381;26024.99;;;;;;;JG ALVES TRANSPORTES LTDA;24/07/2026;VIAGEM 435882
FCB4J91;14/08/2026;6009129;Cotia;1011.36;2229.98;271;21113.88;;;;;;;JG ALVES TRANSPORTES LTDA;14/08/2026;441835
FDW5C94;30/04/2026;373192;Cubatão;897.73;1117.376;214;14295.3;;;;;;;JG ALVES TRANSPORTES LTDA;01/05/2026;
EFO3E66;15/04/2026;358211;Diadema;;2249.27;372;25754.32;;;;;;;JG ALVES TRANSPORTES LTDA;15/04/2026;
ERE4I93;21/04/2026;350767;Diadema;909.09;1807.055;196;20080.29;;;;;;;JG ALVES TRANSPORTES LTDA;23/04/2026;
EVF4506;25/04/2026;366861;Diadema;909.09;1908.182;378;26734.01;;;;;;;JG ALVES TRANSPORTES LTDA;26/04/2026;
EVF4506;20/05/2026;5667980;Diadema;909.09;1810.896;186;18604.71;;;;;;;JG ALVES TRANSPORTES LTDA;20/05/2026;CHARLES SILVA 393224 E 390684
EVF4506;20/05/2026;390684;Diadema;897.73;767.59;127;8883.87;;;;;;;JG ALVES TRANSPORTES LTDA;21/05/2026;
CFF6379;09/06/2026;5740918;Diadema;1250;3567.003;430;26787.19;;;;;;;JG ALVES TRANSPORTES LTDA;09/06/2026;VIAGEM 414378
EVC7C40;18/06/2026;5779281;Diadema;897.73;1162.63;201;14973.67;;;;;;;JG ALVES TRANSPORTES LTDA;18/06/2026;VIAGEM 422891
EVF4506;25/06/2026;5804537;Diadema;909.09;1688.02;237;15703.73;;;;;;;JG ALVES TRANSPORTES LTDA;25/06/2026;VIAGEM 428897
BWO9D19;22/07/2026;5914957;Diadema;897.73;2331.072;341;30318.83;;;;;;;JG ALVES TRANSPORTES LTDA;22/07/2026;VIAGEM 436658
EGK3464;10/08/2026;5986318;Diadema;715.91;772.5;315;24255;;;;;;;JG ALVES TRANSPORTES LTDA;08/08/2026;VIAGEM 440513
MJZ7F25;14/05/2026;382994;Dourados;;;;;;;;;;;JG ALVES TRANSPORTES LTDA;14/05/2026;ORLANDO PINHEIRO
FAR2I46;18/04/2026;361181;Embu das Artes;;875.538;167;12512.58;;;;;;;JG ALVES TRANSPORTES LTDA;19/04/2026;
DSJ8G34;23/04/2026;364891;Embu das Artes;1125;3438.556;476;37412;;;;;;;JG ALVES TRANSPORTES LTDA;24/04/2026;
GVI7I65;05/05/2026;5611972;Embu das Artes;909.09;1688.11;202;16059.43;;;;;;;JG ALVES TRANSPORTES LTDA;05/05/2026;ADILSON CAETANO
GVI7I65;05/05/2026;375734;Embu das Artes;909.09;1688.11;202;16059.43;;;;;;;JG ALVES TRANSPORTES LTDA;06/05/2026;
EVF4506;14/05/2026;5647518;Embu das Artes;909.09;1956.752;202;20090.02;;;;;;;JG ALVES TRANSPORTES LTDA;14/05/2026;CHARLES SILVA - 386262
EVF4506;14/05/2026;386262;Embu das Artes;909.09;1956.752;202;20090.02;;;;;;;JG ALVES TRANSPORTES LTDA;15/05/2026;
MJZ7F25;16/05/2026;388604;Embu das Artes;909.09;1809.772;222;19077.45;;;;;;;JG ALVES TRANSPORTES LTDA;17/05/2026;
ETA4132;23/05/2026;5683187;Embu das Artes;909.09;1782.31;172;16278.74;;;;;;;JG ALVES TRANSPORTES LTDA;23/05/2026;MARIVALDO 397152
ETA4132;09/06/2026;5742308;Embu das Artes;909.09;1933.377;248;20843.4;;;;;;;JG ALVES TRANSPORTES LTDA;09/06/2026;MARIVALDO CARNEIRO - 412628
EVF4506;30/06/2026;5821073;Embu das Artes;909.09;1824.229;275;22772.34;;;;;;;JG ALVES TRANSPORTES LTDA;30/06/2026;VIAGEM 430888
GVI7I65;11/07/2026;5870153;Embu das Artes;1125;3013.164;427;34176.26;;;;;;;JG ALVES TRANSPORTES LTDA;11/07/2026;VIAGEM 434744
BWO9D19;13/07/2026;5872446;Embu das Artes;1250;3740.651;452;37932.94;;;;;;;JG ALVES TRANSPORTES LTDA;13/07/2026;FRANCO CARLOS 434743
FJP8I37;07/08/2026;5986129;Embu das Artes;715.91;957.444;124;11990;;;;;;;JG ALVES TRANSPORTES LTDA;07/08/2026;VIAGEM 440684
JQA9815;12/08/2026;5998418;Embu das Artes;1125;3749.341;451;18979.92;;;;;;;JG ALVES TRANSPORTES LTDA;12/08/2026;441278
EGK3464;21/04/2026;361017;Embu-Guaçu;1011.36;2270.565;256;21049.92;;;;;;;JG ALVES TRANSPORTES LTDA;23/04/2026;
EGK3464;25/04/2026;368045;Embu-Guaçu;897.73;53.802;12;944.4;;;;;;;JG ALVES TRANSPORTES LTDA;26/04/2026;
EFV7E66;25/04/2026;368013;Embu-Guaçu;1011.36;2352.604;287;22535.45;;;;;;;JG ALVES TRANSPORTES LTDA;26/04/2026;
DJF4E38;28/04/2026;370124;Embu-Guaçu;897.73;798.699;131;4929.66;;;;;;;JG ALVES TRANSPORTES LTDA;28/04/2026;
DBK3C56;09/05/2026;378870;Embu-Guaçu;1125;2682.971;442;23198.43;;;;;;;JG ALVES TRANSPORTES LTDA;10/05/2026;
FDW5C94;22/05/2026;5677689;Embu-Guaçu;909.09;1885.982;238;14602.55;;;;;;;JG ALVES TRANSPORTES LTDA;22/05/2026;TAIRONE ANTUNES 396558
GZV1B42;16/07/2026;5889413;Embu-Guaçu;897.73;2313.908;375;28137.35;;;;;;;JG ALVES TRANSPORTES LTDA;16/07/2026;VIAGEM 435703
CDV6C82;20/07/2026;5903025;Embu-Guaçu;1011.36;2447.681;284;18121.97;;;;;;;JG ALVES TRANSPORTES LTDA;18/07/2026;LUCAS OLIVEIRA 436193
NRH7542;22/04/2026;364316;Ferraz de Vasconcelos;909.09;1785.132;158;14594.4;;;;;;;JG ALVES TRANSPORTES LTDA;23/04/2026;
CBS8D21;23/04/2026;359536;Ferraz de Vasconcelos;897.73;806.267;138;9548.02;;;;;;;JG ALVES TRANSPORTES LTDA;23/04/2026;
ETA4132;21/04/2026;359538;Ferraz de Vasconcelos;909.09;1898.595;250;18501.1;;;;;;;JG ALVES TRANSPORTES LTDA;23/04/2026;
GHF1H01;06/05/2026;377121;Ferraz de Vasconcelos;897.73;605.993;139;11131.06;;;;;;;JG ALVES TRANSPORTES LTDA;06/05/2026;
EUP2I63;18/06/2026;5779497;Ferraz de Vasconcelos;909.09;1647.438;175;15732.66;;;;;;;JG ALVES TRANSPORTES LTDA;18/06/2026;EZEQUIEL DE SOUSA 422958
FDW5C94;29/06/2026;5817159;Ferraz de Vasconcelos;1108.8;3015.896;447;30288.32;;;;;;;JG ALVES TRANSPORTES LTDA;29/06/2026;TAIRONE 429993
EVC7C40;16/07/2026;5889393;Ferraz de Vasconcelos;897.73;720.637;174;10053.87;;;;;;;JG ALVES TRANSPORTES LTDA;16/07/2026;VIAGEM 435483
MJZ7F25;14/04/2026;356133;Francisco Morato;;1146.437;140;8679.68;;;;;;;JG ALVES TRANSPORTES LTDA;14/04/2026;
EVF4506;09/05/2026;379926;Francisco Morato;897.73;1348.896;193;14154.13;;;;;;;JG ALVES TRANSPORTES LTDA;10/05/2026;
BWO9D19;15/05/2026;5652676;Francisco Morato;1250;3514.824;596;35848.09;;;;;;;JG ALVES TRANSPORTES LTDA;15/05/2026;FRANCO CARLOS 387681
BWO9D19;15/05/2026;387681;Francisco Morato;1250;3514.824;596;35848.09;;;;;;;JG ALVES TRANSPORTES LTDA;16/05/2026;
DDA4J00;20/05/2026;5667869;Francisco Morato;1011.36;2187.228;241;20699.21;;;;;;;JG ALVES TRANSPORTES LTDA;20/05/2026;ROGERIO APARECIDO 384778 E 384809
DDA4J00;20/05/2026;384778;Francisco Morato;897.73;1498.19;199;14886.89;;;;;;;JG ALVES TRANSPORTES LTDA;21/05/2026;
DSJ8G34;27/04/2026;365174;Franco da Rocha;1125;3422.046;536;35024.64;;;;;;;JG ALVES TRANSPORTES LTDA;28/04/2026;
ETA4132;28/04/2026;365108;Franco da Rocha;909.09;1697.912;268;18498.69;;;;;;;JG ALVES TRANSPORTES LTDA;29/04/2026;
FDW5C94;06/05/2026;5617251;Franco da Rocha;1125;2513.361;311;24989.97;;;;;;;JG ALVES TRANSPORTES LTDA;06/05/2026;TAIRONE ANTUNES - 378177
FDW5C94;06/05/2026;378177;Franco da Rocha;1125;2513.361;311;24989.97;;;;;;;JG ALVES TRANSPORTES LTDA;07/05/2026;
DDA4J00;20/05/2026;384809;Franco da Rocha;897.73;689.038;42;5812.32;;;;;;;JG ALVES TRANSPORTES LTDA;21/05/2026;
EVF4506;27/05/2026;5693724;Franco da Rocha;909.09;1789.204;169;16881.65;;;;;;;JG ALVES TRANSPORTES LTDA;27/05/2026;399400
CBS8D21;05/06/2026;5729498;Franco da Rocha;897.73;979.897;158;8199.56;;;;;;;JG ALVES TRANSPORTES LTDA;04/06/2026;VIAGEM 412298
MJZ7F25;05/06/2026;5729826;Franco da Rocha;897.73;566.802;143;10819.35;;;;;;;JG ALVES TRANSPORTES LTDA;04/06/2026;VIAGEM 409864
FWZ6A59;12/06/2026;5756852;Franco da Rocha;1125;3496.698;393;32994.42;;;;;;;JG ALVES TRANSPORTES LTDA;12/06/2026;VIAGEM 415698
FDW5C94;04/07/2026;5843535;Franco da Rocha;1011.36;2206.689;295;23668.83;;;;;;;JG ALVES TRANSPORTES LTDA;04/07/2026;VIAGEM 433067
EVF4506;09/07/2026;5861717;Franco da Rocha;1011.36;2030.72;171;18000;;;;;;;JG ALVES TRANSPORTES LTDA;09/07/2026;433330 JEFERSON
FJX6B54;06/08/2026;5976528;Franco da Rocha;996.8;1965.991;246;19304.95;;;;;;;JG ALVES TRANSPORTES LTDA;06/08/2026;VIAGEM 439230
EVF4506;03/06/2026;5724705;Guarujá;897.73;976.68;100;10357.12;;;;;;;JG ALVES TRANSPORTES LTDA;03/06/2026;DENNER 410.617
FWZ6A59;24/06/2026;5800424;Guarujá;1250;4793.314;590;41887.77;;;;;;;JG ALVES TRANSPORTES LTDA;24/06/2026;VIAGEM 429070
FDW5C94;24/06/2026;5800496;Guarujá;1125;2535.248;362;24595.08;;;;;;;JG ALVES TRANSPORTES LTDA;24/06/2026;VIAGEM 429067
EVF4506;08/07/2026;5854904;Guarujá;909.09;1974.114;192;18711.12;;;;;;;JG ALVES TRANSPORTES LTDA;08/07/2026;VIAGEM 433650
FWZ6A59;13/04/2026;350775;Guarulhos;;3303.945;439;34580.89;;;;;;;JG ALVES TRANSPORTES LTDA;14/04/2026;
GHF1H01;15/04/2026;358145;Guarulhos;;592.803;127;8130.52;;;;;;;JG ALVES TRANSPORTES LTDA;16/04/2026;
GHF1H01;15/04/2026;358180;Guarulhos;;10.914;3;164.4;;;;;;;JG ALVES TRANSPORTES LTDA;16/04/2026;
FCB7699;15/04/2026;357518;Guarulhos;;1473.262;168;15227.32;;;;;;;JG ALVES TRANSPORTES LTDA;16/04/2026;
CBS8D21;20/04/2026;361214;Guarulhos;897.73;967.202;119;9071.59;;;;;;;JG ALVES TRANSPORTES LTDA;23/04/2026;
FWZ6A59;24/04/2026;5579710;Guarulhos;1125;2969.306;358;39535.49;;;;;;;JG ALVES TRANSPORTES LTDA;24/04/2026;Viagem 359540
FWZ6A59;11/04/2026;340358;Guarulhos;1125;2969.306;358;39535.49;;;;;;;JG ALVES TRANSPORTES LTDA;25/04/2026;
FLJ4J36;05/05/2026;376264;Guarulhos;1011.36;2388.889;302;27387.74;;;;;;;JG ALVES TRANSPORTES LTDA;05/05/2026;WESLEY LUCAS
DBK3C56;05/05/2026;5611728;Guarulhos;1125;3069.245;594;41212.07;;;;;;;JG ALVES TRANSPORTES LTDA;05/05/2026;Viagem 371219
DBK3C56;05/05/2026;371219;Guarulhos;1125;3069.245;594;41212.07;;;;;;;JG ALVES TRANSPORTES LTDA;06/05/2026;
FLJ4J15;12/05/2026;369102;Guarulhos;1011.36;2282.048;693;45272.73;;;;;;;JG ALVES TRANSPORTES LTDA;12/05/2026;
DDA4J00;13/05/2026;386032;Guarulhos;1011.36;2317.796;203;20844;;;;;;;JG ALVES TRANSPORTES LTDA;13/05/2026;
FWZ6A59;19/05/2026;387944;Guarulhos;909.09;1663.2;315;22050;;;;;;;JG ALVES TRANSPORTES LTDA;19/05/2026;
FAR2I46;19/05/2026;5663051;Guarulhos;897.73;1351.73;235;17737.44;;;;;;;JG ALVES TRANSPORTES LTDA;19/05/2026;ALEXANDRA DA SILVA 376494
FAR2I46;19/05/2026;376494;Guarulhos;897.73;1351.73;235;17737.44;;;;;;;JG ALVES TRANSPORTES LTDA;20/05/2026;
GHF1H01;23/05/2026;5682251;Guarulhos;897.73;1081.269;200;12910.34;;;;;;;JG ALVES TRANSPORTES LTDA;23/05/2026;CLAUDIO 394313 394445
MJZ7F25;08/06/2026;5734232;Guarulhos;897.73;1268.877;214;16829.59;;;;;;;JG ALVES TRANSPORTES LTDA;05/06/2026;VIAGEM 410781
GZV1B42;10/06/2026;5751490;Guarulhos;1125;2800;1000;87454.9;;;;;;;JG ALVES TRANSPORTES LTDA;11/06/2026;VIAGEM 415400
MJZ7F25;12/06/2026;5756854;Guarulhos;909.09;1652.126;282;20086.61;;;;;;;JG ALVES TRANSPORTES LTDA;12/06/2026;VIAGEM 415005
EVF4506;12/06/2026;5757296;Guarulhos;909.09;1756.803;262;17123.52;;;;;;;JG ALVES TRANSPORTES LTDA;12/06/2026;DENNER DA SILVA 416270
FWZ6A59;13/06/2026;5762175;Guarulhos;1125;2555.485;295;26609.26;;;;;;;JG ALVES TRANSPORTES LTDA;13/06/2026;VIAGEM 414822
DDA4J00;18/06/2026;5779561;Guarulhos;1011.36;2254.483;247;20060.28;;;;;;;JG ALVES TRANSPORTES LTDA;18/06/2026;ROGERIO APARECIDO 417743
EZO0559;15/07/2026;5883333;Guarulhos;897.73;1362.046;158;15780.8;;;;;;;JG ALVES TRANSPORTES LTDA;15/07/2026;VIAGEM 435436
ETA4132;15/07/2026;5883334;Guarulhos;897.73;1014.321;88;10363.8;;;;;;;JG ALVES TRANSPORTES LTDA;15/07/2026;VIAGEM 435341
CBS8D21;16/07/2026;5889351;Guarulhos;897.73;668.601;98;7679.25;;;;;;;JG ALVES TRANSPORTES LTDA;16/07/2026;VIAGEM 435473
EVF4506;18/07/2026;5903877;Guarulhos;909.09;1716.834;220;20374.49;;;;;;;JG ALVES TRANSPORTES LTDA;18/07/2026;marivaldo 436.196
ETA4132;22/07/2026;5914859;Guarulhos;909.09;1733.581;144;14654.4;;;;;;;JG ALVES TRANSPORTES LTDA;22/07/2026;VIAGEM 436663
MJZ7F25;30/07/2026;5953508;Guarulhos;790;547;67;5914.8;;;;;;;JG ALVES TRANSPORTES LTDA;30/07/2026;438679 ORLANDO
BWO9D19;07/08/2026;5981763;Guarulhos;1011.36;2215.8;180;18360;;;;;;;JG ALVES TRANSPORTES LTDA;06/08/2026;VIAGEM 437955
ETA4132;07/08/2026;5981791;Guarulhos;1011.36;1866.355;161;16324.8;;;;;;;JG ALVES TRANSPORTES LTDA;06/08/2026;VIAGEM 439742
ETA4132;10/08/2026;5987897;Guarulhos;897.73;1089.535;158;13221.23;;;;;;;JG ALVES TRANSPORTES LTDA;10/08/2026;MARIVALDO CARNEIRO 440648 E 440282
FJX6B54;11/08/2026;5992952;Guarulhos;897.73;752.339;87;7905;;;;;;;JG ALVES TRANSPORTES LTDA;11/08/2026;VIAGEM 439732
GZV1B42;30/04/2026;374216;Itapecerica da Serra;1011.36;2487.681;321;25913.08;;;;;;;JG ALVES TRANSPORTES LTDA;30/04/2026;Viagem 374216
FJT0B81;13/05/2026;385044;Itapecerica da Serra;909.09;1941.088;254;19126.3;;;;;;;JG ALVES TRANSPORTES LTDA;13/05/2026;ISRAEL DA SILVA
DBK3C56;05/06/2026;5729711;Itapecerica da Serra;1125;3094.96;396;30839.71;;;;;;;JG ALVES TRANSPORTES LTDA;04/06/2026;ANTONIO NIZIO 407645
FDJ5G73;12/06/2026;5762171;Itapecerica da Serra;897.73;740.3;130;8150;;;;;;;JG ALVES TRANSPORTES LTDA;13/06/2026;VIAGEM 421374
FDW5C94;22/07/2026;5914832;Itapecerica da Serra;1011.36;2259.789;228;16358.84;;;;;;;JG ALVES TRANSPORTES LTDA;22/07/2026;VIAGEM 436555
FOF1I46;30/07/2026;5947936;Itapecerica da Serra;630;;;;;;;;;;JG ALVES TRANSPORTES LTDA;30/07/2026;VIAGEM 438439
ETA4132;06/08/2026;5976502;Itapecerica da Serra;884.8;2188.917;213;15170.43;;;;;;;JG ALVES TRANSPORTES LTDA;06/08/2026;VIAGEM 439409
DSJ8G34;13/04/2026;349733;Itapevi;;3246.68;415;34611.36;;;;;;;JG ALVES TRANSPORTES LTDA;14/04/2026;
FLJ4J36;23/04/2026;364910;Itapevi;1011.36;2307.187;206;18947.4;;;;;;;JG ALVES TRANSPORTES LTDA;23/04/2026;
FLJ4J15;14/05/2026;5647306;Itapevi;1011.36;2158.548;276;23813.78;;;;;;;JG ALVES TRANSPORTES LTDA;14/05/2026;WESLEY LUCAS - 386888
GHF1H01;14/04/2026;356792;Itaquaquecetuba;;1190.144;119;10742.2;;;;;;;JG ALVES TRANSPORTES LTDA;14/04/2026;
ERE4I93;30/04/2026;373171;Itaquaquecetuba;897.73;964.234;235;15976.8;;;;;;;JG ALVES TRANSPORTES LTDA;30/04/2026;
BML9A24;05/05/2026;358905;Itaquaquecetuba;1125;3433.187;388;33729.71;;;;;;;JG ALVES TRANSPORTES LTDA;05/05/2026;
DJF4E38;05/05/2026;374745;Itaquaquecetuba;909.09;1862.612;233;19947.68;;;;;;;JG ALVES TRANSPORTES LTDA;05/05/2026;ANDRE GALHARDO
EFO3E66;09/05/2026;371184;Itaquaquecetuba;1125;2709.595;461;34323.47;;;;;;;JG ALVES TRANSPORTES LTDA;10/05/2026;
EVC7C40;12/05/2026;5636451;Itaquaquecetuba;897.73;310.682;39;2907.86;;;;;;;JG ALVES TRANSPORTES LTDA;12/05/2026;EDMILSON CARVALHO - 385074
BWO9D19;14/05/2026;5647256;Itaquaquecetuba;1250;4254.023;902;68806.23;;;;;;;JG ALVES TRANSPORTES LTDA;14/05/2026;FRANCO CARLOS - 382108
BWO9D19;14/05/2026;382108;Itaquaquecetuba;1250;4254.023;902;68806.23;;;;;;;JG ALVES TRANSPORTES LTDA;15/05/2026;
EFO3E66;19/05/2026;369635;Itaquaquecetuba;1125;2832.373;292;29276.25;;;;;;;JG ALVES TRANSPORTES LTDA;20/05/2026;
FWZ6A59;10/06/2026;5747040;Itaquaquecetuba;1125;2871.994;418;21165.2;;;;;;;JG ALVES TRANSPORTES LTDA;10/06/2026;ALCIVAN DE MELO - 408825
FWZ6A59;10/06/2026;5747133;Itaquaquecetuba;897.73;354.09;28;4885.2;;;;;;;JG ALVES TRANSPORTES LTDA;10/06/2026;ALCIVAN DE MELO - 415930
FMY7049;16/06/2026;5768861;Itaquaquecetuba;909.09;1893.492;154;15944.76;;;;;;;JG ALVES TRANSPORTES LTDA;16/06/2026;VIAGEM 414576
JQA9815;27/06/2026;5813675;Itaquaquecetuba;1108.8;3180.83;310;29685.6;;;;;;;JG ALVES TRANSPORTES LTDA;27/06/2026;VIAGEM 430021
DTD6G51;03/08/2026;5961331;Itaquaquecetuba;996.8;2292.03;248;20555.15;;;;;;;JG ALVES TRANSPORTES LTDA;03/08/2026;RENE BARBOSA 435899
CBS8D21;08/09/2026;6100452;Itaquaquecetuba;884.8;671.627;56;5604;;;;;;;JG ALVES TRANSPORTES LTDA;08/09/2026;LEONARDO 447.218
EVF4506;02/05/2026;372898;Itupeva;1011.36;2039.881;236;24284.12;;;;;;;JG ALVES TRANSPORTES LTDA;03/05/2026;
FLJ4J15;14/05/2026;386888;Jandira;1011.36;2158.548;276;23813.78;;;;;;;JG ALVES TRANSPORTES LTDA;15/05/2026;
CDV6C82;02/06/2026;5718770;Jandira;909.09;1654.7;118;13734.3;;;;;;;JG ALVES TRANSPORTES LTDA;02/06/2026;LUCAS OLIVEIRA 387604
FDW5C94;12/06/2026;5756857;Jandira;897.73;1505.129;141;12871.77;;;;;;;JG ALVES TRANSPORTES LTDA;12/06/2026;VIAGEM 417479
GGY1H43;16/06/2026;5768946;Jandira;909.09;1618.169;257;18890.24;;;;;;;JG ALVES TRANSPORTES LTDA;16/06/2026;VIAGEM 414836
GHF1H01;28/04/2026;368936;Mairiporã;897.73;1310.768;136;12218.36;;;;;;;JG ALVES TRANSPORTES LTDA;28/04/2026;
GHF1H01;12/08/2026;5998414;Mairiporã;897.73;1041.804;192;12939.16;;;;;;;JG ALVES TRANSPORTES LTDA;12/08/2026;VIAGEM 441292
CBS8D21;14/04/2026;356731;Mauá;;193.409;21;1689.12;;;;;;;JG ALVES TRANSPORTES LTDA;14/04/2026;
EZO0559;25/04/2026;367023;Mauá;897.73;282.366;48;3229.09;;;;;;;JG ALVES TRANSPORTES LTDA;26/04/2026;
EZO0559;25/04/2026;367055;Mauá;897.73;401.1;34;5609.16;;;;;;;JG ALVES TRANSPORTES LTDA;26/04/2026;
EFO3E66;18/05/2026;375371;Mauá;1125;3080.91;589;29887.78;;;;;;;JG ALVES TRANSPORTES LTDA;19/05/2026;
FAR2I46;15/07/2026;5879592;Mauá;909.09;1823.679;259;19918.93;;;;;;;JG ALVES TRANSPORTES LTDA;14/07/2026;ALEXANDRE DA SILVA 435139
DDA4J00;18/07/2026;5902604;Mauá;1011.36;2135.749;353;23719.42;;;;;;;JG ALVES TRANSPORTES LTDA;18/07/2026;VIAGEM 435863
DDA4J00;24/07/2026;5925077;Mauá;1011.36;2232.288;361;25782.98;;;;;;;JG ALVES TRANSPORTES LTDA;24/07/2026;VIAGEM 437189
DDA4J00;13/04/2026;355839;Mogi das Cruzes;;2095.067;344;23034.68;;;;;;;JG ALVES TRANSPORTES LTDA;14/04/2026;
DDA4J00;15/04/2026;355836;Mogi das Cruzes;;2169.172;336;22073.82;;;;;;;JG ALVES TRANSPORTES LTDA;15/04/2026;
EGK3464;15/04/2026;355841;Mogi das Cruzes;;222.206;20;1860;;;;;;;JG ALVES TRANSPORTES LTDA;15/04/2026;
GZV1B42;18/04/2026;362534;Mogi das Cruzes;;3265.475;647;40894.16;;;;;;;JG ALVES TRANSPORTES LTDA;19/04/2026;
GHF1H01;23/04/2026;364580;Mogi das Cruzes;897.73;1502.392;150;12923.56;;;;;;;JG ALVES TRANSPORTES LTDA;23/04/2026;
ETA4132;23/04/2026;364778;Mogi das Cruzes;909.09;1737.9;187;18364.15;;;;;;;JG ALVES TRANSPORTES LTDA;24/04/2026;
DDA4J00;24/04/2026;358856;Mogi das Cruzes;1011.36;2383.635;297;26263.47;;;;;;;JG ALVES TRANSPORTES LTDA;24/04/2026;
DDA4J00;28/04/2026;370887;Mogi das Cruzes;897.73;1306.949;183;13173.75;;;;;;;JG ALVES TRANSPORTES LTDA;28/04/2026;
FWZ6A59;02/05/2026;373174;Mogi das Cruzes;1011.36;2312.911;433;28540.34;;;;;;;JG ALVES TRANSPORTES LTDA;03/05/2026;
DTD6G51;05/05/2026;358907;Mogi das Cruzes;1250;3985.787;443;40761.31;;;;;;;JG ALVES TRANSPORTES LTDA;05/05/2026;
FDW5C94;05/05/2026;5611897;Mogi das Cruzes;1250;3563.354;626;39595.5;;;;;;;JG ALVES TRANSPORTES LTDA;05/05/2026;TAIRONE ANTUNES
FDW5C94;05/05/2026;375110;Mogi das Cruzes;897.73;191.703;11;1698.48;;;;;;;JG ALVES TRANSPORTES LTDA;06/05/2026;
FDW5C94;05/05/2026;375109;Mogi das Cruzes;1125;3371.651;615;37897.02;;;;;;;JG ALVES TRANSPORTES LTDA;06/05/2026;
FDW5C94;20/05/2026;384755;Mogi das Cruzes;1125;2574.103;386;26249.99;;;;;;;JG ALVES TRANSPORTES LTDA;21/05/2026;
FWZ6A59;23/05/2026;5683061;Mogi das Cruzes;1125;3411.338;643;42294.65;;;;;;;JG ALVES TRANSPORTES LTDA;23/05/2026;ALCIVAN 395501
FWZ6A59;30/05/2026;5712685;Mogi das Cruzes;1125;3431.256;577;38343.85;;;;;;;JG ALVES TRANSPORTES LTDA;30/05/2026;ALCIVAN 402695
FWZ6A59;05/06/2026;5731148;Mogi das Cruzes;1125;3319.78;641;40283.94;;;;;;;JG ALVES TRANSPORTES LTDA;05/06/2026;ALCIVAN DE MELO - 407678
EVF4506;16/06/2026;5768910;Mogi das Cruzes;909.09;1087.591;136;12396.75;;;;;;;JG ALVES TRANSPORTES LTDA;16/06/2026;VIAGEM 414831
EKH8B19;16/06/2026;5768921;Mogi das Cruzes;897.73;925.737;115;8918.43;;;;;;;JG ALVES TRANSPORTES LTDA;16/06/2026;VIAGEM 420581
CBS8D21;29/06/2026;5817147;Mogi das Cruzes;897.73;1286.072;102;10673.04;;;;;;;JG ALVES TRANSPORTES LTDA;29/06/2026;LEONARDO 431407
FWZ6A59;09/07/2026;5862314;Mogi das Cruzes;1125;3378.005;411;32285.03;;;;;;;JG ALVES TRANSPORTES LTDA;09/07/2026;424829 ALCIVAN
ELW8278;16/07/2026;5889517;Mogi das Cruzes;897.73;807.014;124;9694.11;;;;;;;JG ALVES TRANSPORTES LTDA;16/07/2026;VIAGEM 435636
EVF4506;22/07/2026;5914831;Mogi das Cruzes;996.8;1772.116;279;19838.62;;;;;;;JG ALVES TRANSPORTES LTDA;22/07/2026;VIAGEM 436730
FZQ9C79;18/08/2026;6020372;Mogi das Cruzes;;;;;;;;;;;JG ALVES TRANSPORTES LTDA;17/08/2026;ROBSON DA SILVA
ETA4132;11/06/2026;5751698;Mongaguá;909.09;1895.728;250;13128.31;;;;;;;JG ALVES TRANSPORTES LTDA;11/06/2026;MARIVALDO CARNEIRO 415675
GVI7I65;13/04/2026;350793;Osasco;;3120.765;354;31627.99;;;;;;;JG ALVES TRANSPORTES LTDA;14/04/2026;
FDJ5G73;18/04/2026;359729;Osasco;;1277.822;113;11655.05;;;;;;;JG ALVES TRANSPORTES LTDA;19/04/2026;
FDJ5G73;18/04/2026;359732;Osasco;;25.668;1;299.4;;;;;;;JG ALVES TRANSPORTES LTDA;19/04/2026;Viagem 359732
FAR2I46;23/04/2026;365438;Osasco;909.09;1905.276;176;18879.73;;;;;;;JG ALVES TRANSPORTES LTDA;24/04/2026;
DTD6G51;24/04/2026;364448;Osasco;1125;2676.427;327;21520.74;;;;;;;JG ALVES TRANSPORTES LTDA;24/04/2026;
FDJ5G73;27/04/2026;368672;Osasco;909.09;1669.865;159;15366.94;;;;;;;JG ALVES TRANSPORTES LTDA;28/04/2026;
DBK3C56;02/05/2026;376031;Osasco;909.09;1944.165;289;17449.64;;;;;;;JG ALVES TRANSPORTES LTDA;03/05/2026;
EVF4506;06/05/2026;373393;Osasco;897.73;1158.716;250;16995.41;;;;;;;JG ALVES TRANSPORTES LTDA;06/05/2026;
DBK3C56;13/05/2026;384413;Osasco;1125;3007.145;369;27763.14;;;;;;;JG ALVES TRANSPORTES LTDA;13/05/2026;
DBK3C56;14/05/2026;5647293;Osasco;1125;3006.289;435;34100.89;;;;;;;JG ALVES TRANSPORTES LTDA;14/05/2026;ANTONIO NIZIO - 381740
DBK3C56;14/05/2026;381740;Osasco;1125;3006.289;435;34100.89;;;;;;;JG ALVES TRANSPORTES LTDA;15/05/2026;
BWO9D19;16/05/2026;5657517;Osasco;1250;3923.949;486;38411.19;;;;;;;JG ALVES TRANSPORTES LTDA;16/05/2026;VIAGEM 387709
DDI9H05;16/05/2026;5657541;Osasco;909.09;1856.461;214;20792.7;;;;;;;JG ALVES TRANSPORTES LTDA;16/05/2026;VIAGEM 387676
DDI9H05;16/05/2026;387676;Osasco;909.09;1856.461;214;20792.7;;;;;;;JG ALVES TRANSPORTES LTDA;17/05/2026;
BWO9D19;16/05/2026;387709;Osasco;1250;3923.949;486;38411.19;;;;;;;JG ALVES TRANSPORTES LTDA;17/05/2026;
FDJ5G73;23/05/2026;5681698;Osasco;897.73;1599.918;189;18228.62;;;;;;;JG ALVES TRANSPORTES LTDA;23/05/2026;VIAGEM 396856
MJZ7F25;30/05/2026;5712060;Osasco;909.09;1822.71;200;19192.7;;;;;;;JG ALVES TRANSPORTES LTDA;30/05/2026;ORLANDO PINHEIRO 400253
MJZ7F25;03/07/2026;5838570;Osasco;1011.36;2039.204;192;18653.78;;;;;;;JG ALVES TRANSPORTES LTDA;03/07/2026;VIAGEM 432313
CST4F83;24/07/2026;5925249;Osasco;;2826.519;402;30810.9;;;;;;;JG ALVES TRANSPORTES LTDA;24/07/2026;VIAGEM 437011
DJE2A73;06/08/2026;5976622;Osasco;705.6;163.38;35;2478.3;;;;;;;JG ALVES TRANSPORTES LTDA;06/08/2026;VIAGEM 439293
EVF4506;07/08/2026;5981917;Osasco;795.45;1670.263;180;17699.64;;;;;;;JG ALVES TRANSPORTES LTDA;07/08/2026;VIAGEM 439923
FWZ6A59;14/08/2026;6008904;Osasco;1011.36;2662.691;286;23794.6;;;;;;;JG ALVES TRANSPORTES LTDA;13/08/2026;VIAGEM 441941
ETA4132;16/05/2026;5656809;Piedade;909.09;1841.905;350;23011.61;;;;;;;JG ALVES TRANSPORTES LTDA;16/05/2026;VIAGEM 386261
ETA4132;16/05/2026;386261;Piedade;909.09;1841.905;350;23011.61;;;;;;;JG ALVES TRANSPORTES LTDA;17/05/2026;
DDA4J00;14/08/2026;6009097;Piracicaba;;5035.475;549;48176.8;;;;;;;JG ALVES TRANSPORTES LTDA;14/08/2026;441935
EVC7C40;12/05/2026;385074;Poá;897.73;310.682;39;2907.86;;;;;;;JG ALVES TRANSPORTES LTDA;13/05/2026;
DDA4J00;12/06/2026;5757604;Poá;909.09;1755.45;301;22450.65;;;;;;;JG ALVES TRANSPORTES LTDA;12/06/2026;ROGERIO APARECIDO 412039
FJX6B54;29/06/2026;5817148;Poá;897.73;1597.214;128;13268.24;;;;;;;JG ALVES TRANSPORTES LTDA;29/06/2026;GERALDO 431200
GVI7I65;09/07/2026;5861328;Poá;1125;3177.93;304;26482.89;;;;;;;JG ALVES TRANSPORTES LTDA;09/07/2026;424833 ADILSON
FMY7049;16/07/2026;5889352;Poá;1125;2592.708;262;23490.56;;;;;;;JG ALVES TRANSPORTES LTDA;16/07/2026;VIAGEM 435637
DDA4J00;11/06/2026;5751376;Praia Grande;1011.36;2190.666;300;17937.91;;;;;;;JG ALVES TRANSPORTES LTDA;11/06/2026;VIAGEM 415670
CBS8D21;15/04/2026;356759;Ribeirão Pires;;814.555;45;6790.2;;;;;;;JG ALVES TRANSPORTES LTDA;15/04/2026;
EVF4506;16/05/2026;5657549;Ribeirão Pires;909.09;1944.458;257;21289.07;;;;;;;JG ALVES TRANSPORTES LTDA;16/05/2026;VIAGEM 387623
EVF4506;16/05/2026;387623;Ribeirão Pires;897.73;1283.358;217;15237.47;;;;;;;JG ALVES TRANSPORTES LTDA;17/05/2026;
EVF4506;16/05/2026;387628;Ribeirão Pires;897.73;661.1;40;6051.6;;;;;;;JG ALVES TRANSPORTES LTDA;17/05/2026;
FDW5C94;01/07/2026;5827673;Ribeirão Pires;1125;3325.91;435;35687.6;;;;;;;JG ALVES TRANSPORTES LTDA;01/07/2026;VIAGEM 430030
EZO0559;16/07/2026;5889412;Ribeirão Pires;;853.882;70;8485.9;;;;;;;JG ALVES TRANSPORTES LTDA;16/07/2026;VIAGEM 435557
JQA9815;24/07/2026;5925231;Ribeirão Pires;;2642.17;454;33681.23;;;;;;;JG ALVES TRANSPORTES LTDA;24/07/2026;VIAGEM 436007
FCB4J91;01/08/2026;5959523;Ribeirão Pires;996.8;2224.62;180;18360;;;;;;;JG ALVES TRANSPORTES LTDA;01/08/2026;VIAGEM 437969
EFK3464;03/07/2026;5838573;Rio Grande da Serra;1011.36;2358.548;416;29120.33;;;;;;;JG ALVES TRANSPORTES LTDA;03/07/2026;VIAGEM 432304
EVF4506;07/05/2026;5620834;Santa Isabel;897.73;970.033;185;16468.09;;;;;;;JG ALVES TRANSPORTES LTDA;07/05/2026;CAICK RENAN - 381444
EVF4506;07/05/2026;381444;Santa Isabel;897.73;970.033;185;16468.09;;;;;;;JG ALVES TRANSPORTES LTDA;08/05/2026;
MJZ7F25;16/07/2026;5889618;Santa Isabel;897.73;686.796;126;10576.66;;;;;;;JG ALVES TRANSPORTES LTDA;16/07/2026;VIAGEM 435477
DSJ8G34;16/04/2026;341190;Santo André;;2116.891;337;25475.74;;;;;;;JG ALVES TRANSPORTES LTDA;16/04/2026;
DSJ8G34;16/04/2026;358844;Santo André;;1400.162;193;16612.86;;;;;;;JG ALVES TRANSPORTES LTDA;16/04/2026;
MJZ7F25;15/04/2026;358245;Santo André;;1439.111;257;18502.48;;;;;;;JG ALVES TRANSPORTES LTDA;16/04/2026;
DTD6G51;23/04/2026;365867;Santo André;897.73;211.365;27;2375.03;;;;;;;JG ALVES TRANSPORTES LTDA;23/04/2026;
DTD6G51;23/04/2026;350803;Santo André;1125;3424.065;340;34161.24;;;;;;;JG ALVES TRANSPORTES LTDA;23/04/2026;
DJF4E38;21/04/2026;361973;Santo André;909.09;1924.595;335;16928.52;;;;;;;JG ALVES TRANSPORTES LTDA;23/04/2026;
EVC7C40;02/05/2026;374613;Santo André;897.73;332.019;91;6763.97;;;;;;;JG ALVES TRANSPORTES LTDA;03/05/2026;
EVC7C40;02/05/2026;374645;Santo André;897.73;540.202;28;4684.68;;;;;;;JG ALVES TRANSPORTES LTDA;03/05/2026;
CBS8D21;02/05/2026;373887;Santo André;897.73;442.367;80;5495.33;;;;;;;JG ALVES TRANSPORTES LTDA;03/05/2026;
EVF4506;14/05/2026;387482;Santo André;909.09;1960.736;322;20366.51;;;;;;;JG ALVES TRANSPORTES LTDA;15/05/2026;
EVF4506;25/05/2026;5683747;Santo André;897.73;503.863;60;4118.29;;;;;;;JG ALVES TRANSPORTES LTDA;25/05/2026;CHARLES SILVA 392828 E 392861
CBS8D21;16/06/2026;5768923;Santo André;897.73;1263.6;153;8419.2;;;;;;;JG ALVES TRANSPORTES LTDA;16/06/2026;VIAGEM 408829
CBS8D21;21/07/2026;5909991;Santo André;897.73;434.057;103;6359.78;;;;;;;JG ALVES TRANSPORTES LTDA;21/07/2026;LEONARDO 436368 e 436421
FWZ6A59;24/07/2026;5925376;Santo André;1125;3447.731;455;37010.32;;;;;;;JG ALVES TRANSPORTES LTDA;24/07/2026;VIAGEM 437232
DDA4J00;10/08/2026;5987902;Santo André;897.73;1353.565;246;16014.54;;;;;;;JG ALVES TRANSPORTES LTDA;10/08/2026;ROGERIO APARECIDO 440149
FAR2I46;27/08/2026;6057057;Santo André;996.8;1721.941;317;22045.62;;;;;;;JG ALVES TRANSPORTES LTDA;27/08/2026;444143
EZO0559;02/09/2026;6080910;Santo André;996.8;1890.834;235;14403.7;;;;;;;JG ALVES TRANSPORTES LTDA;02/09/2026;REGINALDO 445216
EVF4506;30/04/2026;373187;Santos;897.73;1507.01;181;14175.52;;;;;;;JG ALVES TRANSPORTES LTDA;01/05/2026;
FDW5C94;16/06/2026;5768865;Santos;1011.36;2193.341;465;26082.76;;;;;;;JG ALVES TRANSPORTES LTDA;16/06/2026;VIAGEM 414807
EVF4506;27/06/2026;5813775;Santos;;;;;;;;;;;JG ALVES TRANSPORTES LTDA;27/06/2026;VIAGEM 430035
DDA4J00;30/07/2026;5947518;Santos;;2243.206;271;22543.5;;;;;;;JG ALVES TRANSPORTES LTDA;30/07/2026;438314
FAR2I46;14/04/2026;354649;São Bernardo do Campo;;1537.856;212;15792.37;;;;;;;JG ALVES TRANSPORTES LTDA;14/04/2026;
FDW5C94;15/04/2026;358186;São Bernardo do Campo;;1859.814;324;24848.82;;;;;;;JG ALVES TRANSPORTES LTDA;15/04/2026;
GZV1B42;16/04/2026;358411;São Bernardo do Campo;;2442.694;307;20535.76;;;;;;;JG ALVES TRANSPORTES LTDA;16/04/2026;
FDW5C94;15/04/2026;358187;São Bernardo do Campo;;619.874;131;9290.99;;;;;;;JG ALVES TRANSPORTES LTDA;16/04/2026;
BML9A24;25/04/2026;359861;São Bernardo do Campo;909.09;1631.41;196;21447.6;;;;;;;JG ALVES TRANSPORTES LTDA;26/04/2026;
FDW5C94;25/04/2026;367753;São Bernardo do Campo;1011.36;2258.14;308;22852.9;;;;;;;JG ALVES TRANSPORTES LTDA;26/04/2026;
DBK3C56;25/04/2026;367749;São Bernardo do Campo;909.09;1745.055;380;27265.66;;;;;;;JG ALVES TRANSPORTES LTDA;26/04/2026;
AAA1113;27/04/2026;367814;São Bernardo do Campo;909.09;1621.308;296;18753.7;;;;;;;JG ALVES TRANSPORTES LTDA;28/04/2026;
BML9A24;27/04/2026;356205;São Bernardo do Campo;909.09;1666.295;291;23090.48;;;;;;;JG ALVES TRANSPORTES LTDA;28/04/2026;
CBS8D21;29/04/2026;371716;São Bernardo do Campo;897.73;266.153;55;3426.94;;;;;;;JG ALVES TRANSPORTES LTDA;30/04/2026;
DSJ8G34;02/05/2026;375965;São Bernardo do Campo;1125;3042.9;378;28728;;;;;;;JG ALVES TRANSPORTES LTDA;03/05/2026;
FAR2I46;07/05/2026;378210;São Bernardo do Campo;897.73;1448.512;338;27171.69;;;;;;;JG ALVES TRANSPORTES LTDA;08/05/2026;
GHF1H01;12/05/2026;379728;São Bernardo do Campo;897.73;996.611;271;13674.64;;;;;;;JG ALVES TRANSPORTES LTDA;13/05/2026;
CXJ7A56;14/05/2026;384842;São Bernardo do Campo;897.73;640.214;125;7453.9;;;;;;;JG ALVES TRANSPORTES LTDA;15/05/2026;
EVF4506;20/05/2026;393224;São Bernardo do Campo;897.73;1043.306;59;9720.84;;;;;;;JG ALVES TRANSPORTES LTDA;21/05/2026;
EVC7C40;21/05/2026;387702;São Bernardo do Campo;897.73;1500;60;24180;;;;;;;JG ALVES TRANSPORTES LTDA;21/05/2026;
DSJ8G34;27/05/2026;5693638;São Bernardo do Campo;1011.36;2190.75;371;22800.61;;;;;;;JG ALVES TRANSPORTES LTDA;27/05/2026;VIAGEM 399065
FMY7049;05/06/2026;5729783;São Bernardo do Campo;897.73;423.301;91;6454.53;;;;;;;JG ALVES TRANSPORTES LTDA;04/06/2026;VIAGEM 411869
CDV6C82;10/06/2026;5747066;São Bernardo do Campo;1011.36;2500;100;40288;;;;;;;JG ALVES TRANSPORTES LTDA;10/06/2026;LUCAS OLIVEIRA - 408932
DSJ8G34;11/06/2026;5752119;São Bernardo do Campo;1125;2646.24;338;22572.79;;;;;;;JG ALVES TRANSPORTES LTDA;11/06/2026;HEBER MANOEL 414608
MJZ7F25;26/06/2026;5809186;São Bernardo do Campo;909.09;1783.374;271;17212.06;;;;;;;JG ALVES TRANSPORTES LTDA;26/06/2026;VIAGEM 428171
FAR2I46;09/07/2026;5862080;São Bernardo do Campo;909.09;1689.526;301;18183.56;;;;;;;JG ALVES TRANSPORTES LTDA;09/07/2026;434129 ALEXANDRE
HKN4F92;01/08/2026;5959438;São Bernardo do Campo;1011.36;2954.4;240;24480;;;;;;;JG ALVES TRANSPORTES LTDA;01/08/2026;VIAGEM 437972
DDA4J00;07/08/2026;5981819;São Bernardo do Campo;996.8;2601.06;375;30601.07;;;;;;;JG ALVES TRANSPORTES LTDA;06/08/2026;VIAGEM 439179
FJP8I37;11/08/2026;5992676;São Bernardo do Campo;715.91;841.059;155;11598.91;;;;;;;JG ALVES TRANSPORTES LTDA;10/08/2026;VIAGEM 440914
FAR2I46;11/08/2026;5992681;São Bernardo do Campo;715.91;992.001;169;13643.2;;;;;;;JG ALVES TRANSPORTES LTDA;10/08/2026;VIAGEM 440662
OLZ4D22;13/04/2026;345771;São Paulo;;2849.003;447;38606.65;;;;;;;JG ALVES TRANSPORTES LTDA;14/04/2026;
FDW5C94;13/04/2026;355868;São Paulo;;2622.542;270;22791.1;;;;;;;JG ALVES TRANSPORTES LTDA;14/04/2026;
GZV1B42;13/04/2026;356232;São Paulo;;2155.095;183;18910.71;;;;;;;JG ALVES TRANSPORTES LTDA;14/04/2026;
DYB5G84;14/04/2026;356397;São Paulo;;1249.948;218;13487.51;;;;;;;JG ALVES TRANSPORTES LTDA;14/04/2026;
GVI7I65;15/04/2026;358079;São Paulo;;1997.423;381;28158.85;;;;;;;JG ALVES TRANSPORTES LTDA;15/04/2026;
MID0442;14/04/2026;357650;São Paulo;;1494.102;282;20721.73;;;;;;;JG ALVES TRANSPORTES LTDA;15/04/2026;
FWZ6A59;15/04/2026;357618;São Paulo;;3125.498;399;29049.54;;;;;;;JG ALVES TRANSPORTES LTDA;15/04/2026;
EVF4506;15/04/2026;358376;São Paulo;;1575.756;187;15125.56;;;;;;;JG ALVES TRANSPORTES LTDA;16/04/2026;
ETA4132;16/04/2026;350721;São Paulo;;1437.145;166;15195.77;;;;;;;JG ALVES TRANSPORTES LTDA;16/04/2026;
MJZ7F25;16/04/2026;359038;São Paulo;;1865.773;197;16054.69;;;;;;;JG ALVES TRANSPORTES LTDA;16/04/2026;
FWZ6A59;16/04/2026;358409;São Paulo;;822.943;149;10564.25;;;;;;;JG ALVES TRANSPORTES LTDA;16/04/2026;
FWZ6A59;16/04/2026;358410;São Paulo;;3973.306;560;41004.72;;;;;;;JG ALVES TRANSPORTES LTDA;16/04/2026;
FAR2I46;15/04/2026;358445;São Paulo;;1356.955;259;17723.58;;;;;;;JG ALVES TRANSPORTES LTDA;16/04/2026;
FDW5C94;16/04/2026;358740;São Paulo;;140.321;27;2167.11;;;;;;;JG ALVES TRANSPORTES LTDA;17/04/2026;
EGK3464;17/04/2026;360753;São Paulo;;357.06;50;1980;;;;;;;JG ALVES TRANSPORTES LTDA;18/04/2026;
FWZ6A59;17/04/2026;356200;São Paulo;;2628.095;575;39811.18;;;;;;;JG ALVES TRANSPORTES LTDA;18/04/2026;
EGK3464;17/04/2026;357750;São Paulo;;2619.636;275;20547.22;;;;;;;JG ALVES TRANSPORTES LTDA;18/04/2026;
FDW5C94;17/04/2026;355175;São Paulo;;1755.185;286;22020.95;;;;;;;JG ALVES TRANSPORTES LTDA;18/04/2026;
FWZ6A59;18/04/2026;359203;São Paulo;;2513.003;229;19616.03;;;;;;;JG ALVES TRANSPORTES LTDA;19/04/2026;
FDW5C94;18/04/2026;358970;São Paulo;1042.11;2541.421;406;28444.44;;;;;;;JG ALVES TRANSPORTES LTDA;19/04/2026;
EJZ3E19;18/04/2026;358870;São Paulo;;1720.295;180;18006.69;;;;;;;JG ALVES TRANSPORTES LTDA;19/04/2026;
DBK3C56;18/04/2026;359300;São Paulo;;2123.841;191;17436.88;;;;;;;JG ALVES TRANSPORTES LTDA;19/04/2026;
DTD6G51;18/04/2026;360521;São Paulo;;2498.307;466;31366.55;;;;;;;JG ALVES TRANSPORTES LTDA;19/04/2026;
DDA4J00;23/04/2026;364283;São Paulo;936.84;2411.995;521;30783.56;;;;;;;JG ALVES TRANSPORTES LTDA;23/04/2026;
FAR2I46;22/04/2026;362237;São Paulo;842.11;1942.225;222;21147.84;;;;;;;JG ALVES TRANSPORTES LTDA;23/04/2026;
FJX6B54;23/04/2026;362865;São Paulo;936.84;2084.608;235;19211.84;;;;;;;JG ALVES TRANSPORTES LTDA;23/04/2026;
GZV1B42;23/04/2026;362006;São Paulo;1042.11;2636.638;318;26833.18;;;;;;;JG ALVES TRANSPORTES LTDA;23/04/2026;
DDA4J00;21/04/2026;360620;São Paulo;936.84;2418.451;349;26392.43;;;;;;;JG ALVES TRANSPORTES LTDA;23/04/2026;
DJF4E38;23/04/2026;358875;São Paulo;936.84;2000.878;219;21004.62;;;;;;;JG ALVES TRANSPORTES LTDA;23/04/2026;
DDA4J00;21/04/2026;360653;São Paulo;831.58;11.994;4;223.8;;;;;;;JG ALVES TRANSPORTES LTDA;23/04/2026;
DSJ8G34;21/04/2026;362039;São Paulo;1042.11;3196.942;346;30148.03;;;;;;;JG ALVES TRANSPORTES LTDA;23/04/2026;
FAR2I46;20/04/2026;359399;São Paulo;842.11;1813.375;186;17161.88;;;;;;;JG ALVES TRANSPORTES LTDA;23/04/2026;
GVI7I65;21/04/2026;358851;São Paulo;936.84;2322.961;443;33840.67;;;;;;;JG ALVES TRANSPORTES LTDA;23/04/2026;
DBK3C56;21/04/2026;360884;São Paulo;936.84;2290.788;331;27104.58;;;;;;;JG ALVES TRANSPORTES LTDA;23/04/2026;
FDW5C94;21/04/2026;360587;São Paulo;1042.11;2767.614;297;24188.82;;;;;;;JG ALVES TRANSPORTES LTDA;23/04/2026;
EUC5B18;21/04/2026;362766;São Paulo;831.58;725.76;96;7777.21;;;;;;;JG ALVES TRANSPORTES LTDA;23/04/2026;
BML9A24;21/04/2026;350688;São Paulo;831.58;1272.6;249;21474.59;;;;;;;JG ALVES TRANSPORTES LTDA;23/04/2026;
MJZ7F25;22/04/2026;362114;São Paulo;831.58;19.377;1;215.7;;;;;;;JG ALVES TRANSPORTES LTDA;23/04/2026;
EFO3E66;21/04/2026;362303;São Paulo;936.84;2306.112;399;23722.16;;;;;;;JG ALVES TRANSPORTES LTDA;23/04/2026;
EVC7C40;21/04/2026;356631;São Paulo;831.58;1180.808;109;11458.19;;;;;;;JG ALVES TRANSPORTES LTDA;23/04/2026;
MJZ7F25;22/04/2026;362113;São Paulo;842.11;1920.878;157;15135.6;;;;;;;JG ALVES TRANSPORTES LTDA;23/04/2026;
EGK3464;24/04/2026;364253;São Paulo;1042.11;3090.045;603;35488;;;;;;;JG ALVES TRANSPORTES LTDA;24/04/2026;
FDW5C94;24/04/2026;364911;São Paulo;936.84;2241.994;205;22177.72;;;;;;;JG ALVES TRANSPORTES LTDA;24/04/2026;
GVI7I65;24/04/2026;364912;São Paulo;936.84;2140.905;186;18363.6;;;;;;;JG ALVES TRANSPORTES LTDA;24/04/2026;
FWZ6A59;23/04/2026;364894;São Paulo;1157.89;4376.13;646;50531.94;;;;;;;JG ALVES TRANSPORTES LTDA;24/04/2026;
GVI7I65;23/04/2026;364650;São Paulo;1042.11;2640.438;331;29465.04;;;;;;;JG ALVES TRANSPORTES LTDA;24/04/2026;
EFO3E66;23/04/2026;362833;São Paulo;1042.11;2735.793;521;28769.11;;;;;;;JG ALVES TRANSPORTES LTDA;24/04/2026;
EVC7C40;23/04/2026;362832;São Paulo;842.11;1922.021;221;21164.06;;;;;;;JG ALVES TRANSPORTES LTDA;24/04/2026;
EGK3464;23/04/2026;359630;São Paulo;936.84;2480.644;359;25695.33;;;;;;;JG ALVES TRANSPORTES LTDA;24/04/2026;
DDA4J00;24/04/2026;366267;São Paulo;831.58;278.878;28;4362;;;;;;;JG ALVES TRANSPORTES LTDA;25/04/2026;
FAR2I46;24/04/2026;366793;São Paulo;831.58;857.512;92;9568.88;;;;;;;JG ALVES TRANSPORTES LTDA;25/04/2026;
FWZ6A59;25/04/2026;366859;São Paulo;1042.11;2651.388;294;21882.27;;;;;;;JG ALVES TRANSPORTES LTDA;25/04/2026;
DDA4J00;25/04/2026;366201;São Paulo;831.58;686.108;117;9211.46;;;;;;;JG ALVES TRANSPORTES LTDA;26/04/2026;
ETA4132;25/04/2026;367684;São Paulo;842.11;1885.569;324;22516.27;;;;;;;JG ALVES TRANSPORTES LTDA;26/04/2026;
DTB2G00;25/04/2026;368903;São Paulo;831.58;399.305;89;7253.7;;;;;;;JG ALVES TRANSPORTES LTDA;26/04/2026;
ERE4I93;25/04/2026;366862;São Paulo;831.58;1390.526;145;10531.2;;;;;;;JG ALVES TRANSPORTES LTDA;26/04/2026;
EVC7C40;25/04/2026;367484;São Paulo;831.58;1316.95;162;14547.52;;;;;;;JG ALVES TRANSPORTES LTDA;26/04/2026;
DJF4E38;25/04/2026;365966;São Paulo;831.58;1366.466;124;13135.5;;;;;;;JG ALVES TRANSPORTES LTDA;26/04/2026;
MJZ7F25;25/04/2026;366958;São Paulo;831.58;1231.65;166;12006.82;;;;;;;JG ALVES TRANSPORTES LTDA;26/04/2026;
MJZ7F25;25/04/2026;366989;São Paulo;831.58;138.967;16;2003.4;;;;;;;JG ALVES TRANSPORTES LTDA;26/04/2026;
CBS8D21;25/04/2026;367649;São Paulo;831.58;1314.914;128;13994.05;;;;;;;JG ALVES TRANSPORTES LTDA;26/04/2026;
AKB8C94;25/04/2026;366824;São Paulo;831.58;711.53;109;7816.06;;;;;;;JG ALVES TRANSPORTES LTDA;26/04/2026;
AKB8C94;25/04/2026;366857;São Paulo;831.58;137.376;7;1365.96;;;;;;;JG ALVES TRANSPORTES LTDA;26/04/2026;
FLJ4J36;27/04/2026;368540;São Paulo;936.84;2084.828;287;23782.55;;;;;;;JG ALVES TRANSPORTES LTDA;28/04/2026;
DTB2G00;27/04/2026;369299;São Paulo;831.58;1470.983;204;17035.95;;;;;;;JG ALVES TRANSPORTES LTDA;28/04/2026;
CNV8G32;27/04/2026;368838;São Paulo;831.58;998.9;63;6445.82;;;;;;;JG ALVES TRANSPORTES LTDA;28/04/2026;
AAA1110;28/04/2026;369070;São Paulo;842.11;1863.163;262;20052.36;;;;;;;JG ALVES TRANSPORTES LTDA;28/04/2026;Mundança de motorista
DSJ8G34;25/04/2026;367750;São Paulo;1042.11;2844.548;474;28481.62;;;;;;;JG ALVES TRANSPORTES LTDA;28/04/2026;
CBS8D21;28/04/2026;365439;São Paulo;831.58;1417.564;117;13320;;;;;;;JG ALVES TRANSPORTES LTDA;28/04/2026;
EFV7E66;27/04/2026;368642;São Paulo;842.11;1914.279;235;20053.56;;;;;;;JG ALVES TRANSPORTES LTDA;28/04/2026;
MJZ7F25;28/04/2026;5590256;São Paulo;831.58;1540.382;227;17582;;;;;;;JG ALVES TRANSPORTES LTDA;28/04/2026;Viagem 368743
FWZ6A59;28/04/2026;5591046;São Paulo;1042.11;3078.87;255;25740;;;;;;;JG ALVES TRANSPORTES LTDA;28/04/2026;Viagem 368508
EVC7C40;29/04/2026;366692;São Paulo;831.58;1372.922;149;14083.92;;;;;;;JG ALVES TRANSPORTES LTDA;29/04/2026;
EFO3E66;29/04/2026;369398;São Paulo;1042.11;3260.698;280;27522.24;;;;;;;JG ALVES TRANSPORTES LTDA;29/04/2026;
EFO3E66;28/04/2026;366264;São Paulo;1042.11;2814.09;257;24771.24;;;;;;;JG ALVES TRANSPORTES LTDA;29/04/2026;
FDW5C94;28/04/2026;367418;São Paulo;831.58;1573.882;309;18644.39;;;;;;;JG ALVES TRANSPORTES LTDA;29/04/2026;
MJZ7F25;28/04/2026;369134;São Paulo;831.58;17.494;5;294.6;;;;;;;JG ALVES TRANSPORTES LTDA;29/04/2026;
MJZ7F25;28/04/2026;368743;São Paulo;831.58;1540.382;227;17582;;;;;;;JG ALVES TRANSPORTES LTDA;29/04/2026;
FAR2I46;28/04/2026;372071;São Paulo;831.58;760.59;114;9441;;;;;;;JG ALVES TRANSPORTES LTDA;29/04/2026;
EJK5H81;29/04/2026;371711;São Paulo;1042.11;2936.34;243;23118.8;;;;;;;JG ALVES TRANSPORTES LTDA;29/04/2026;
FWZ6A59;29/04/2026;370554;São Paulo;1157.89;3505.561;321;30715.2;;;;;;;JG ALVES TRANSPORTES LTDA;29/04/2026;
EZO0559;29/04/2026;371190;São Paulo;831.58;1196.457;186;13401.98;;;;;;;JG ALVES TRANSPORTES LTDA;29/04/2026;
FWZ6A59;28/04/2026;368474;São Paulo;1042.11;3078.87;255;25740;;;;;;;JG ALVES TRANSPORTES LTDA;29/04/2026;
FAR2I46;29/04/2026;373162;São Paulo;831.58;300.84;60;5136;;;;;;;JG ALVES TRANSPORTES LTDA;30/04/2026;
FJX6B54;30/04/2026;372995;São Paulo;842.11;1695.087;241;16719.24;;;;;;;JG ALVES TRANSPORTES LTDA;30/04/2026;
BML9A24;29/04/2026;373130;São Paulo;1042.11;2676.525;297;29161.25;;;;;;;JG ALVES TRANSPORTES LTDA;30/04/2026;
CNV8G32;02/05/2026;374381;São Paulo;831.58;1466.552;183;15087.92;;;;;;;JG ALVES TRANSPORTES LTDA;03/05/2026;
DTB2G00;02/05/2026;374777;São Paulo;831.58;378.465;77;4029.66;;;;;;;JG ALVES TRANSPORTES LTDA;03/05/2026;
DTB2G00;02/05/2026;374810;São Paulo;831.58;727.917;42;7405.56;;;;;;;JG ALVES TRANSPORTES LTDA;03/05/2026;
FAR2I46;02/05/2026;372798;São Paulo;831.58;1413.362;280;22144.16;;;;;;;JG ALVES TRANSPORTES LTDA;03/05/2026;
AKB8C94;02/05/2026;374811;São Paulo;831.58;346.655;58;4195.06;;;;;;;JG ALVES TRANSPORTES LTDA;03/05/2026;
ERE4I93;05/05/2026;377186;São Paulo;831.58;1025.621;138;11058.27;;;;;;;JG ALVES TRANSPORTES LTDA;05/05/2026;JEFFERSON RODRIGUES
CBS8D21;04/05/2026;378573;São Paulo;831.58;743.688;51;6882.12;;;;;;;JG ALVES TRANSPORTES LTDA;05/05/2026;
FWZ6A59;05/05/2026;376330;São Paulo;831.58;613.95;185;10803.83;;;;;;;JG ALVES TRANSPORTES LTDA;05/05/2026;
CBS8D21;05/05/2026;374382;São Paulo;831.58;295.612;52;3927.58;;;;;;;JG ALVES TRANSPORTES LTDA;05/05/2026;
DSJ8G34;04/05/2026;375503;São Paulo;1157.89;3832.161;309;36375.48;;;;;;;JG ALVES TRANSPORTES LTDA;05/05/2026;
EFO3E66;05/05/2026;5611884;São Paulo;1042.11;3385.438;292;30968.4;;;;;;;JG ALVES TRANSPORTES LTDA;05/05/2026;LUIZ HENRIQUE
FAR2I46;05/05/2026;377450;São Paulo;831.58;752.228;106;6843.79;;;;;;;JG ALVES TRANSPORTES LTDA;06/05/2026;
EFO3E66;05/05/2026;358872;São Paulo;1042.11;3385.438;292;30968.4;;;;;;;JG ALVES TRANSPORTES LTDA;06/05/2026;
CBS8D21;06/05/2026;377750;São Paulo;831.58;1146.032;207;15267.43;;;;;;;JG ALVES TRANSPORTES LTDA;07/05/2026;
MJZ7F25;06/05/2026;377287;São Paulo;831.58;1267.664;241;16504.26;;;;;;;JG ALVES TRANSPORTES LTDA;07/05/2026;
CBS8D21;06/05/2026;377451;São Paulo;831.58;861.048;190;12748.53;;;;;;;JG ALVES TRANSPORTES LTDA;07/05/2026;
EFO3E66;06/05/2026;377386;São Paulo;1042.11;2781.695;410;28838.6;;;;;;;JG ALVES TRANSPORTES LTDA;07/05/2026;
FWZ6A59;06/05/2026;377319;São Paulo;1042.11;3003.738;388;27426.35;;;;;;;JG ALVES TRANSPORTES LTDA;07/05/2026;
DSJ8G34;08/05/2026;371222;São Paulo;1042.11;3223.335;529;40139.62;;;;;;;JG ALVES TRANSPORTES LTDA;08/05/2026;
DBK3C56;08/05/2026;377681;São Paulo;1157.89;3534.55;327;30662.14;;;;;;;JG ALVES TRANSPORTES LTDA;08/05/2026;
CBS8D21;09/05/2026;383225;São Paulo;831.58;1356.35;122;11984.55;;;;;;;JG ALVES TRANSPORTES LTDA;10/05/2026;
DDA4J00;09/05/2026;382170;São Paulo;842.11;1656.729;275;19899.05;;;;;;;JG ALVES TRANSPORTES LTDA;10/05/2026;
FAR2I46;09/05/2026;383391;São Paulo;831.58;1327.15;243;16579.59;;;;;;;JG ALVES TRANSPORTES LTDA;10/05/2026;
AKB8C94;09/05/2026;380156;São Paulo;831.58;1053.115;149;12408.04;;;;;;;JG ALVES TRANSPORTES LTDA;10/05/2026;
FLJ4J36;09/05/2026;379897;São Paulo;842.11;1723.41;137;13719.36;;;;;;;JG ALVES TRANSPORTES LTDA;10/05/2026;
EVC7C40;09/05/2026;382144;São Paulo;831.58;1087.326;177;12882.07;;;;;;;JG ALVES TRANSPORTES LTDA;10/05/2026;
FDW5C94;09/05/2026;382797;São Paulo;831.58;868.054;114;8537.36;;;;;;;JG ALVES TRANSPORTES LTDA;10/05/2026;
ETA4132;09/05/2026;381411;São Paulo;831.58;1462.897;156;15054.8;;;;;;;JG ALVES TRANSPORTES LTDA;10/05/2026;
FDW5C94;09/05/2026;382796;São Paulo;831.58;689.515;50;7707.48;;;;;;;JG ALVES TRANSPORTES LTDA;10/05/2026;
GHF1H01;09/05/2026;383095;São Paulo;831.58;946.134;159;11685.56;;;;;;;JG ALVES TRANSPORTES LTDA;10/05/2026;
DJF4E38;09/05/2026;382798;São Paulo;831.58;597.093;96;7448.57;;;;;;;JG ALVES TRANSPORTES LTDA;10/05/2026;
GHF1H01;09/05/2026;383126;São Paulo;831.58;170.99;13;3396.6;;;;;;;JG ALVES TRANSPORTES LTDA;10/05/2026;
DJF4E38;09/05/2026;382829;São Paulo;831.58;372.303;20;3075.24;;;;;;;JG ALVES TRANSPORTES LTDA;10/05/2026;
CZZ7C46;09/05/2026;382895;São Paulo;831.58;428.924;47;3930.42;;;;;;;JG ALVES TRANSPORTES LTDA;10/05/2026;
CZZ7C46;09/05/2026;382896;São Paulo;831.58;351.279;21;3231.96;;;;;;;JG ALVES TRANSPORTES LTDA;10/05/2026;
DSJ8G34;11/05/2026;379992;São Paulo;1157.89;3844.492;340;33800.38;;;;;;;JG ALVES TRANSPORTES LTDA;12/05/2026;
DSJ8G34;11/05/2026;382175;São Paulo;1157.89;3579.541;549;39290.47;;;;;;;JG ALVES TRANSPORTES LTDA;12/05/2026;
FAR2I46;12/05/2026;383361;São Paulo;831.58;1142.094;284;24358.02;;;;;;;JG ALVES TRANSPORTES LTDA;12/05/2026;
CBS8D21;12/05/2026;5636332;São Paulo;831.58;8.282;2;356.4;;;;;;;JG ALVES TRANSPORTES LTDA;12/05/2026;LEONARDO -  384182
FAR2I46;12/05/2026;381345;São Paulo;842.11;1778.294;290;19916.43;;;;;;;JG ALVES TRANSPORTES LTDA;13/05/2026;
CBS8D21;12/05/2026;384153;São Paulo;831.58;911.2;126;10585.2;;;;;;;JG ALVES TRANSPORTES LTDA;13/05/2026;
FCB7699;13/05/2026;385568;São Paulo;831.58;1509.39;130;13287.32;;;;;;;JG ALVES TRANSPORTES LTDA;13/05/2026;
CBS8D21;12/05/2026;384182;São Paulo;831.58;8.282;2;356.4;;;;;;;JG ALVES TRANSPORTES LTDA;13/05/2026;
CBS8D21;12/05/2026;385107;São Paulo;842.11;1661.105;240;18667.78;;;;;;;JG ALVES TRANSPORTES LTDA;13/05/2026;
EFO3E66;12/05/2026;371247;São Paulo;1042.11;2955.534;475;36949.59;;;;;;;JG ALVES TRANSPORTES LTDA;13/05/2026;
MJZ7F25;13/05/2026;386360;São Paulo;831.58;594.362;93;7110.57;;;;;;;JG ALVES TRANSPORTES LTDA;13/05/2026;
FDW5C94;13/05/2026;385536;São Paulo;1042.11;2781.813;331;22168.66;;;;;;;JG ALVES TRANSPORTES LTDA;13/05/2026;
FOV6H40;12/05/2026;380024;São Paulo;1157.89;3715.909;355;30869.08;;;;;;;JG ALVES TRANSPORTES LTDA;13/05/2026;
BWO9D19;13/05/2026;5644982;São Paulo;1157.89;3870.096;579;46213.64;;;;;;;JG ALVES TRANSPORTES LTDA;13/05/2026;FRANCO CARLOS - 386625
BWO9D19;13/05/2026;386625;São Paulo;1157.89;3870.096;579;46213.64;;;;;;;JG ALVES TRANSPORTES LTDA;14/05/2026;
ETA4132;13/05/2026;386294;São Paulo;831.58;;;;;;;;;;JG ALVES TRANSPORTES LTDA;14/05/2026;
CDV6C82;13/05/2026;376515;São Paulo;1042.11;2740.736;381;27111.83;;;;;;;JG ALVES TRANSPORTES LTDA;14/05/2026;
MJZ7F25;14/05/2026;384545;São Paulo;842.11;1636.476;198;17077.13;;;;;;;JG ALVES TRANSPORTES LTDA;14/05/2026;ORLANDO PINHEIRO
FAR2I46;14/05/2026;385766;São Paulo;831.58;1205.737;260;16487.19;;;;;;;JG ALVES TRANSPORTES LTDA;14/05/2026;
CDV6C82;14/05/2026;5647247;São Paulo;831.58;1456.224;151;13745.09;;;;;;;JG ALVES TRANSPORTES LTDA;14/05/2026;LUCAS OLIVEIRA - 383423
DSJ8G34;14/05/2026;5647326;São Paulo;1042.11;3143.432;485;39113.97;;;;;;;JG ALVES TRANSPORTES LTDA;14/05/2026;HEBER MANOEL - 384644
ETA4132;13/05/2026;5650401;São Paulo;831.58;;;;;;;;;;JG ALVES TRANSPORTES LTDA;14/05/2026;MARIVALDO CARNEIRO - 386294
ETA4132;13/05/2026;5650444;São Paulo;831.58;994.986;89;8963.2;;;;;;;JG ALVES TRANSPORTES LTDA;14/05/2026;MARIVALDO CARNEIRO - 386294
FAR2I46;14/05/2026;5650905;São Paulo;842.11;1612.414;230;15168.71;;;;;;;JG ALVES TRANSPORTES LTDA;14/05/2026;VIAGEM 387218
FDW5C94;15/05/2026;388935;São Paulo;831.58;418.069;23;3788.04;;;;;;;JG ALVES TRANSPORTES LTDA;15/05/2026;
DDA4J00;15/05/2026;383393;São Paulo;842.11;1985.125;277;22364;;;;;;;JG ALVES TRANSPORTES LTDA;15/05/2026;
DSJ8G34;14/05/2026;384644;São Paulo;1042.11;3143.432;485;39113.97;;;;;;;JG ALVES TRANSPORTES LTDA;15/05/2026;
FDW5C94;15/05/2026;387660;São Paulo;936.84;2307.836;373;22071.9;;;;;;;JG ALVES TRANSPORTES LTDA;15/05/2026;
DDA4J00;14/05/2026;387977;São Paulo;842.11;1681.652;144;13863.18;;;;;;;JG ALVES TRANSPORTES LTDA;15/05/2026;
BWO9D19;14/05/2026;387483;São Paulo;1157.89;4123.896;482;33194.27;;;;;;;JG ALVES TRANSPORTES LTDA;15/05/2026;
FAR2I46;14/05/2026;387218;São Paulo;842.11;1612.414;230;15168.71;;;;;;;JG ALVES TRANSPORTES LTDA;15/05/2026;
DBK3C56;14/05/2026;371238;São Paulo;1042.11;2646.185;561;38852.56;;;;;;;JG ALVES TRANSPORTES LTDA;15/05/2026;
CDV6C82;14/05/2026;383423;São Paulo;831.58;1456.224;151;13745.09;;;;;;;JG ALVES TRANSPORTES LTDA;15/05/2026;
FJT0B81;15/05/2026;5651676;São Paulo;831.58;1579.125;113;13974.3;;;;;;;JG ALVES TRANSPORTES LTDA;15/05/2026;ISRAEL DA SILVA 387516
CXJ7A56;15/05/2026;5652403;São Paulo;831.58;626.45;45;5243.25;;;;;;;JG ALVES TRANSPORTES LTDA;15/05/2026;JEFFERSON 387550
CBS8D21;15/05/2026;387659;São Paulo;831.58;111.951;7;1348.2;;;;;;;JG ALVES TRANSPORTES LTDA;16/05/2026;
CBS8D21;15/05/2026;387658;São Paulo;831.58;554.117;53;4131.36;;;;;;;JG ALVES TRANSPORTES LTDA;16/05/2026;
FJT0B81;15/05/2026;387516;São Paulo;831.58;1579.125;113;13974.3;;;;;;;JG ALVES TRANSPORTES LTDA;16/05/2026;
FJT0B81;15/05/2026;388807;São Paulo;1042.11;2532.26;245;30096;;;;;;;JG ALVES TRANSPORTES LTDA;16/05/2026;
CXJ7A56;15/05/2026;387550;São Paulo;831.58;626.45;45;5243.25;;;;;;;JG ALVES TRANSPORTES LTDA;16/05/2026;
FLJ4J15;16/05/2026;5656401;São Paulo;1042.11;2591.688;249;26471.52;;;;;;;JG ALVES TRANSPORTES LTDA;16/05/2026;VIAGEM 387631
EVC7C40;16/05/2026;5656474;São Paulo;831.58;1267.404;124;12459.9;;;;;;;JG ALVES TRANSPORTES LTDA;16/05/2026;VIAGEM 387615
CDV6C82;16/05/2026;5656765;São Paulo;936.84;2013.664;446;29068.37;;;;;;;JG ALVES TRANSPORTES LTDA;16/05/2026;viagem 387416
CBS8D21;16/05/2026;5656992;São Paulo;831.58;1264.185;171;13917.17;;;;;;;JG ALVES TRANSPORTES LTDA;16/05/2026;VIAGEM 386296
DDA4J00;16/05/2026;5657099;São Paulo;936.84;2228.76;226;20619.93;;;;;;;JG ALVES TRANSPORTES LTDA;16/05/2026;
FAR2I46;16/05/2026;5657176;São Paulo;831.58;1395.246;342;19480.99;;;;;;;JG ALVES TRANSPORTES LTDA;16/05/2026;VIAGEM 387657
DSJ8G34;16/05/2026;5657507;São Paulo;1157.89;4655.193;507;45233.33;;;;;;;JG ALVES TRANSPORTES LTDA;16/05/2026;VIAGEM 383458
FOV6H40;16/05/2026;5657611;São Paulo;1157.89;3556.675;513;41407.46;;;;;;;JG ALVES TRANSPORTES LTDA;16/05/2026;VIAGEM 376460
GHF1H01;16/05/2026;385932;São Paulo;831.58;1487.721;194;16858.53;;;;;;;JG ALVES TRANSPORTES LTDA;17/05/2026;
CBS8D21;16/05/2026;386297;São Paulo;831.58;221.259;11;1941.96;;;;;;;JG ALVES TRANSPORTES LTDA;17/05/2026;
ETA4132;16/05/2026;384943;São Paulo;909.09;1872.383;407;25195.54;;;;;;;JG ALVES TRANSPORTES LTDA;17/05/2026;
CBS8D21;16/05/2026;386296;São Paulo;831.58;1042.926;160;11975.21;;;;;;;JG ALVES TRANSPORTES LTDA;17/05/2026;
FAR2I46;16/05/2026;387657;São Paulo;831.58;1395.246;342;19480.99;;;;;;;JG ALVES TRANSPORTES LTDA;17/05/2026;
DDA4J00;16/05/2026;385040;São Paulo;936.84;2168.106;204;19637.13;;;;;;;JG ALVES TRANSPORTES LTDA;17/05/2026;
DDA4J00;16/05/2026;385041;São Paulo;831.58;60.654;22;982.8;;;;;;;JG ALVES TRANSPORTES LTDA;17/05/2026;
DSJ8G34;16/05/2026;383458;São Paulo;1157.89;4655.193;507;45233.33;;;;;;;JG ALVES TRANSPORTES LTDA;17/05/2026;
FLJ4J15;16/05/2026;387631;São Paulo;1042.11;2591.688;249;26471.52;;;;;;;JG ALVES TRANSPORTES LTDA;17/05/2026;
FOV6H40;16/05/2026;376460;São Paulo;1157.89;3556.675;513;41407.46;;;;;;;JG ALVES TRANSPORTES LTDA;17/05/2026;
CDV6C82;16/05/2026;387416;São Paulo;936.84;2013.664;446;29068.37;;;;;;;JG ALVES TRANSPORTES LTDA;17/05/2026;
FDW5C94;18/05/2026;5658790;São Paulo;1042.11;2630.485;328;30581.94;;;;;;;JG ALVES TRANSPORTES LTDA;18/05/2026;TAIRONE ANTUNES 376502
DBK3C56;19/05/2026;387671;São Paulo;831.58;1080.515;60;8931.6;;;;;;;JG ALVES TRANSPORTES LTDA;19/05/2026;
GZV1B42;19/05/2026;387705;São Paulo;1157.89;3638.191;710;50153.17;;;;;;;JG ALVES TRANSPORTES LTDA;19/05/2026;
DBK3C56;19/05/2026;387669;São Paulo;842.11;1618.814;155;14553.12;;;;;;;JG ALVES TRANSPORTES LTDA;19/05/2026;
FDW5C94;18/05/2026;376502;São Paulo;1042.11;2630.485;328;30581.94;;;;;;;JG ALVES TRANSPORTES LTDA;19/05/2026;
DSJ8G34;19/05/2026;5663076;São Paulo;1042.11;3181.568;321;26989.28;;;;;;;JG ALVES TRANSPORTES LTDA;19/05/2026;HEBER MANOEL 387633
EVC7C40;20/05/2026;388340;São Paulo;831.58;371.055;25;3556.8;;;;;;;JG ALVES TRANSPORTES LTDA;20/05/2026;
EVC7C40;20/05/2026;387707;São Paulo;831.58;1292.733;242;17157.48;;;;;;;JG ALVES TRANSPORTES LTDA;20/05/2026;
FWZ6A59;20/05/2026;376518;São Paulo;1157.89;3840.507;548;38343.33;;;;;;;JG ALVES TRANSPORTES LTDA;20/05/2026;
MJZ7F25;20/05/2026;393258;São Paulo;842.11;1853.177;276;22550.95;;;;;;;JG ALVES TRANSPORTES LTDA;20/05/2026;
GZV1B42;20/05/2026;376493;São Paulo;1042.11;3194.56;556;39684.95;;;;;;;JG ALVES TRANSPORTES LTDA;20/05/2026;
DSJ8G34;19/05/2026;387633;São Paulo;1042.11;3181.568;321;26989.28;;;;;;;JG ALVES TRANSPORTES LTDA;20/05/2026;
DSJ8G34;20/05/2026;5668039;São Paulo;1042.11;3226.259;468;37841.93;;;;;;;JG ALVES TRANSPORTES LTDA;20/05/2026;HEBER MANOEL 387706 E 388835
KYB0C21;20/05/2026;5672359;São Paulo;842.11;1719.766;212;17532.74;;;;;;;JG ALVES TRANSPORTES LTDA;21/05/2026;VIAGEM 388813
KYB0C21;21/05/2026;388813;São Paulo;842.11;1719.766;212;17532.74;;;;;;;JG ALVES TRANSPORTES LTDA;21/05/2026;
EVF4506;20/05/2026;392037;São Paulo;831.58;437.242;75;4840.21;;;;;;;JG ALVES TRANSPORTES LTDA;21/05/2026;
FDW5C94;20/05/2026;387667;São Paulo;1042.11;2568.843;249;26025.6;;;;;;;JG ALVES TRANSPORTES LTDA;21/05/2026;
FAR2I46;20/05/2026;387663;São Paulo;831.58;1060.637;228;14085.44;;;;;;;JG ALVES TRANSPORTES LTDA;21/05/2026;
DSJ8G34;20/05/2026;388835;São Paulo;831.58;851.891;56;8810.4;;;;;;;JG ALVES TRANSPORTES LTDA;21/05/2026;
DSJ8G34;20/05/2026;387706;São Paulo;936.84;2374.368;412;29031.53;;;;;;;JG ALVES TRANSPORTES LTDA;21/05/2026;
CBS8D21;21/05/2026;5672953;São Paulo;831.58;1073.33;164;11670.83;;;;;;;JG ALVES TRANSPORTES LTDA;21/05/2026;LEONARDO 390749
FAR2L46;21/05/2026;5673241;São Paulo;831.58;1528.308;253;18893.7;;;;;;;JG ALVES TRANSPORTES LTDA;21/05/2026;alexandre 389958
EVF4506;21/05/2026;393953;São Paulo;831.58;351.574;19;2869.08;;;;;;;JG ALVES TRANSPORTES LTDA;22/05/2026;
DBK3C56;21/05/2026;388808;São Paulo;936.84;2256.348;383;27248.31;;;;;;;JG ALVES TRANSPORTES LTDA;22/05/2026;
FAR2L46;21/05/2026;389958;São Paulo;831.58;1528.308;253;18893.7;;;;;;;JG ALVES TRANSPORTES LTDA;22/05/2026;
CBS8D21;21/05/2026;390749;São Paulo;831.58;1073.33;164;11670.83;;;;;;;JG ALVES TRANSPORTES LTDA;22/05/2026;
CBS8D21;22/05/2026;5681686;São Paulo;831.58;773.076;207;13336.88;;;;;;;JG ALVES TRANSPORTES LTDA;23/05/2026;VIAGEM 392927
CDV6C82;23/05/2026;5681868;São Paulo;936.84;2366.186;418;25729.98;;;;;;;JG ALVES TRANSPORTES LTDA;23/05/2026;VIAGEM 397745
AKB8C94;23/05/2026;5682018;São Paulo;831.58;989.505;226;14812.32;;;;;;;JG ALVES TRANSPORTES LTDA;23/05/2026;GUSTAVO MENEZES 392960
FLJ4J15;23/05/2026;5682087;São Paulo;936.84;2286.703;363;23129.47;;;;;;;JG ALVES TRANSPORTES LTDA;23/05/2026;WESLEY LUCAS 397553
FDW5C94;23/05/2026;5682356;São Paulo;936.84;2302.124;467;30326.66;;;;;;;JG ALVES TRANSPORTES LTDA;23/05/2026;TAIRONE 392135
DSJ8G34;23/05/2026;5682579;São Paulo;936.84;2251.245;244;19872.9;;;;;;;JG ALVES TRANSPORTES LTDA;23/05/2026;HEBER 398405
MJZ7F25;23/05/2026;5682646;São Paulo;831.58;1542.648;288;16434.3;;;;;;;JG ALVES TRANSPORTES LTDA;23/05/2026;ORLANDO 398504
BWO9D19;23/05/2026;5682681;São Paulo;936.84;2202.255;307;19776.29;;;;;;;JG ALVES TRANSPORTES LTDA;23/05/2026;FRANCO CARLOS 391773
EQY4D82;23/05/2026;5683130;São Paulo;831.58;1418.884;225;16047.95;;;;;;;JG ALVES TRANSPORTES LTDA;23/05/2026;EZEQUIEL 390914
FLJ4J15;25/05/2026;5688395;São Paulo;842.11;1789.13;154;16334.6;;;;;;;JG ALVES TRANSPORTES LTDA;25/05/2026;VIAGEM 397552
EFO3E66;26/05/2026;5688601;São Paulo;936.84;2094.901;321;23726.57;;;;;;;JG ALVES TRANSPORTES LTDA;26/05/2026;VIAGEM 391574
MJZ7F25;26/05/2026;5688603;São Paulo;842.11;1877.278;326;23386.53;;;;;;;JG ALVES TRANSPORTES LTDA;26/05/2026;VIAGEM 398042
DDA4J00;29/05/2026;5706984;São Paulo;1042.11;2543.822;353;27475.96;;;;;;;JG ALVES TRANSPORTES LTDA;29/05/2026;VIAGEM 403526
FDW5C94;29/05/2026;5707026;São Paulo;936.84;2305.177;320;25195.36;;;;;;;JG ALVES TRANSPORTES LTDA;29/05/2026;VIAGEM 403527
DBK3C56;30/05/2026;5711252;São Paulo;1042.11;3229.196;276;24410.4;;;;;;;JG ALVES TRANSPORTES LTDA;30/05/2026;ANTONIO NIZIO 406358
EQY4D82;30/05/2026;5711349;São Paulo;831.58;1046.138;161;12212.72;;;;;;;JG ALVES TRANSPORTES LTDA;30/05/2026;EZEQUIEL 403523
CBS8D21;30/05/2026;5711466;São Paulo;831.58;1274.31;228;12817.48;;;;;;;JG ALVES TRANSPORTES LTDA;30/05/2026;LEONARDO 406527
EVC7C40;30/05/2026;5711528;São Paulo;831.58;965.247;117;10747.89;;;;;;;JG ALVES TRANSPORTES LTDA;30/05/2026;EDMILSON CARVALHO 401576
DSJ8G34;30/05/2026;5712206;São Paulo;1157.89;3605.236;299;29169.6;;;;;;;JG ALVES TRANSPORTES LTDA;30/05/2026;HEBER 406259
FLJ4J15;31/05/2026;5713237;São Paulo;936.84;2168.314;344;26422.98;;;;;;;JG ALVES TRANSPORTES LTDA;31/05/2026;VIAGEM 402827
FJX6B54;01/06/2026;5713883;São Paulo;831.58;1324.454;389;28592.97;;;;;;;JG ALVES TRANSPORTES LTDA;01/06/2026;GERALDO LUIS 397811
FAR2I46;01/06/2026;5713979;São Paulo;831.58;479.782;114;6911.97;;;;;;;JG ALVES TRANSPORTES LTDA;01/06/2026;ALEXANDRE DA SILVA - 405731
DJF9C59;01/06/2026;5714022;São Paulo;831.58;864.644;113;9932.8;;;;;;;JG ALVES TRANSPORTES LTDA;01/06/2026;IVANILDON - 403522
FAR2I46;01/06/2026;5714137;São Paulo;831.58;1145.747;74;10827.24;;;;;;;JG ALVES TRANSPORTES LTDA;01/06/2026;ALEXANDRE DA SILVA - 405764
CDV6C82;01/06/2026;5714213;São Paulo;842.11;1764.653;203;16633.31;;;;;;;JG ALVES TRANSPORTES LTDA;01/06/2026;LUCAS OLIVEIRA - 401012
EVC7C40;02/06/2026;5718270;São Paulo;831.58;136.23;18;1142.57;;;;;;;JG ALVES TRANSPORTES LTDA;02/06/2026;VIAGEM 407779
FCB4J91;02/06/2026;5718314;São Paulo;936.84;2017.772;394;29339.07;;;;;;;JG ALVES TRANSPORTES LTDA;02/06/2026;VIAGEM 399626
CDV6C82;02/06/2026;5718401;São Paulo;1157.89;3534.81;437;39022.16;;;;;;;JG ALVES TRANSPORTES LTDA;02/06/2026;VIAGEM 399595
DSJ8G34;02/06/2026;5718579;São Paulo;1157.89;3513.904;599;27600.62;;;;;;;JG ALVES TRANSPORTES LTDA;02/06/2026;HEBER MANOEL 407811
EFV7E66;03/06/2026;5723791;São Paulo;936.84;2466.905;374;23326.51;;;;;;;JG ALVES TRANSPORTES LTDA;03/06/2026;VIAGEM 409097
FCB4J91;03/06/2026;5723792;São Paulo;936.84;2145.86;292;23558.65;;;;;;;JG ALVES TRANSPORTES LTDA;03/06/2026;VIAGEM 409658
DSJ8G34;05/06/2026;5729500;São Paulo;1157.89;3518.606;458;37551.41;;;;;;;JG ALVES TRANSPORTES LTDA;04/06/2026;VIAGEM 409361
CDV6C82;05/06/2026;5729579;São Paulo;936.84;2089.975;318;25553.71;;;;;;;JG ALVES TRANSPORTES LTDA;04/06/2026;VIAGEM 407942
BWO9D19;05/06/2026;5729659;São Paulo;1157.89;4881.889;769;57887.86;;;;;;;JG ALVES TRANSPORTES LTDA;04/06/2026;VIAGEM 397317
FAR2L46;04/06/2026;5729662;São Paulo;842.11;1785.422;289;27937.6;;;;;;;JG ALVES TRANSPORTES LTDA;04/06/2026;ALEXANDRE DA SILVA 408440
GVI7I65;05/06/2026;5729747;São Paulo;936.84;2365.993;474;36436.28;;;;;;;JG ALVES TRANSPORTES LTDA;04/06/2026;VIAGEM 409724
ETA4132;05/06/2026;5729777;São Paulo;842.11;1893.665;196;20224.2;;;;;;;JG ALVES TRANSPORTES LTDA;04/06/2026;VIAGEM 407778
AKB8C94;05/06/2026;5729817;São Paulo;831.58;825.688;91;9453.2;;;;;;;JG ALVES TRANSPORTES LTDA;04/06/2026;VIAGEM 407878
GZV1B42;05/06/2026;5729842;São Paulo;1042.11;2944.877;334;29687.62;;;;;;;JG ALVES TRANSPORTES LTDA;04/06/2026;VIAGEM 407880
GHF1H01;05/06/2026;5729877;São Paulo;897.73;1068.945;209;13795.17;;;;;;;JG ALVES TRANSPORTES LTDA;04/06/2026;VIAGEM 409163
BWO9D19;09/06/2026;5740716;São Paulo;1157.89;4610.7;493;42901.23;;;;;;;JG ALVES TRANSPORTES LTDA;09/06/2026;VIAGEM 412331
FLJ4J15;09/06/2026;5740722;São Paulo;831.58;1454.947;326;25904.97;;;;;;;JG ALVES TRANSPORTES LTDA;09/06/2026;VIAGEM 413884
DSJ8G34;09/06/2026;5741306;São Paulo;1157.89;4301.08;518;33863.16;;;;;;;JG ALVES TRANSPORTES LTDA;09/06/2026;HEBER MANOEL - 414443
GHF1H01;09/06/2026;5742463;São Paulo;831.58;986.234;110;9911.46;;;;;;;JG ALVES TRANSPORTES LTDA;09/06/2026;CLAUDIO CARNEIRO - 413951
CDV6C82;09/06/2026;5742579;São Paulo;1042.11;2583.577;323;25378.95;;;;;;;JG ALVES TRANSPORTES LTDA;09/06/2026;LUCAS OLIVEIRA - 410880
BWO9D19;10/06/2026;5745791;São Paulo;1042.11;3317.373;448;30014.45;;;;;;;JG ALVES TRANSPORTES LTDA;09/06/2026;FRANCO CARLOS - 414016
MJZ7F25;10/06/2026;5745913;São Paulo;842.11;1892.596;316;20637.47;;;;;;;JG ALVES TRANSPORTES LTDA;09/06/2026;ORLANDO PINHEIRO - 413921
DSJ8G34;10/06/2026;5745921;São Paulo;1042.11;3113.997;304;29087.83;;;;;;;JG ALVES TRANSPORTES LTDA;09/06/2026;HEBER MANOEL - 409196
FMY7049;10/06/2026;5746144;São Paulo;831.58;;;;;;;;;;JG ALVES TRANSPORTES LTDA;10/06/2026;ERIK BARBOSA - 414835
JQA9815;10/06/2026;5746938;São Paulo;1042.11;3305.275;291;29652.84;;;;;;;JG ALVES TRANSPORTES LTDA;10/06/2026;FLAVIO JOSÉ - 412047
CBS8D21;10/06/2026;5747002;São Paulo;831.58;1023.779;192;11659.19;;;;;;;JG ALVES TRANSPORTES LTDA;10/06/2026;LEONARDO - 414281
DBK3C56;10/06/2026;5747050;São Paulo;1042.11;2982.046;518;27270.97;;;;;;;JG ALVES TRANSPORTES LTDA;10/06/2026;ANTONIO NIZIO - 414720
FMY7049;10/06/2026;5747124;São Paulo;1042.11;2795.91;522;28828;;;;;;;JG ALVES TRANSPORTES LTDA;10/06/2026;ERIK BARBOSA - 414835
JQA9815;11/06/2026;5751491;São Paulo;842.11;1841.652;301;16569.62;;;;;;;JG ALVES TRANSPORTES LTDA;11/06/2026;VIAGEM 414212
EVC7C40;11/06/2026;5751492;São Paulo;831.58;1405.875;249;16744.89;;;;;;;JG ALVES TRANSPORTES LTDA;11/06/2026;viagem 414149
SWZ6A59;11/06/2026;5751562;São Paulo;936.84;2399.461;331;27668.89;;;;;;;JG ALVES TRANSPORTES LTDA;11/06/2026;Viagem 408830
BWO9D19;11/06/2026;5751564;São Paulo;1157.89;3796.676;491;25493.66;;;;;;;JG ALVES TRANSPORTES LTDA;11/06/2026;VIAGEM 415666
FAR2I46;11/06/2026;5751566;São Paulo;842.11;1827.198;236;20215.33;;;;;;;JG ALVES TRANSPORTES LTDA;11/06/2026;VIAGEM 414730
EVF4506;11/06/2026;5752202;São Paulo;831.58;636.093;103;10642.78;;;;;;;JG ALVES TRANSPORTES LTDA;11/06/2026;DENNER  416261 / 417842
CDV6C82;11/06/2026;5753022;São Paulo;936.84;2159.707;334;25475.12;;;;;;;JG ALVES TRANSPORTES LTDA;11/06/2026;LUCAS OLIVEIRA 414181
MJZ7F25;12/06/2026;5753200;São Paulo;842.11;1783.887;260;14294.51;;;;;;;JG ALVES TRANSPORTES LTDA;11/06/2026;VIAGEM 415667
FAR2I46;12/06/2026;5756429;São Paulo;842.11;1696.845;138;15386.4;;;;;;;JG ALVES TRANSPORTES LTDA;11/06/2026;VIAGEM 412762
BWO9D19;12/06/2026;5756779;São Paulo;1157.89;4719.707;439;47649.74;;;;;;;JG ALVES TRANSPORTES LTDA;12/06/2026;VIAGEM 416993
FMY7049;12/06/2026;5756792;São Paulo;842.11;1971.803;229;17665.81;;;;;;;JG ALVES TRANSPORTES LTDA;12/06/2026;VIAGEM 414707
DBK3C56;12/06/2026;5756795;São Paulo;1042.11;2736.28;580;35064.4;;;;;;;JG ALVES TRANSPORTES LTDA;12/06/2026;VIAGEM 408441
JQA9815;12/06/2026;5756851;São Paulo;1042.11;2732.535;249;27907.08;;;;;;;JG ALVES TRANSPORTES LTDA;12/06/2026;VIAGEM 416985
FCB4J91;12/06/2026;5756855;São Paulo;936.84;2314.47;200;21475.2;;;;;;;JG ALVES TRANSPORTES LTDA;12/06/2026;VIAGEM 408503
CDV6C82;12/06/2026;5757882;São Paulo;1042.11;2567.432;348;23809.29;;;;;;;JG ALVES TRANSPORTES LTDA;12/06/2026;LUCAS OLIVEIRA 414708
DDA4J00;13/06/2026;5762670;São Paulo;831.58;1384.056;158;13311.85;;;;;;;JG ALVES TRANSPORTES LTDA;13/06/2026;VIAGEM 414818
FAR2I46;13/06/2026;5762942;São Paulo;831.58;610.199;92;7229.34;;;;;;;JG ALVES TRANSPORTES LTDA;13/06/2026;VIAGEM 420053
BWO9D19;13/06/2026;5763604;São Paulo;1042.11;2715.55;220;21120;;;;;;;JG ALVES TRANSPORTES LTDA;13/06/2026;VIAGEM 417316
MJZ7F25;13/06/2026;5763620;São Paulo;842.11;1656.239;187;18138.46;;;;;;;JG ALVES TRANSPORTES LTDA;13/06/2026;VIAGEM 416996
DBK3C56;16/06/2026;5768944;São Paulo;936.84;2441.691;371;21985.92;;;;;;;JG ALVES TRANSPORTES LTDA;16/06/2026;VIAGEM 414938
FDW5C94;17/06/2026;5774025;São Paulo;936.84;2257.034;395;22899.04;;;;;;;JG ALVES TRANSPORTES LTDA;17/06/2026;VIAGEM 418997
DSJ8G34;17/06/2026;5774026;São Paulo;1042.11;3201.74;535;33561.74;;;;;;;JG ALVES TRANSPORTES LTDA;17/06/2026;VIAGEM 418536
EVD4506;17/06/2026;5774027;São Paulo;831.58;1197.791;192;14185.39;;;;;;;JG ALVES TRANSPORTES LTDA;17/06/2026;VIAGEM 414811
CDV6C82;17/06/2026;5774029;São Paulo;936.84;2337;600;31680;;;;;;;JG ALVES TRANSPORTES LTDA;17/06/2026;VIAGEM 422962
JQA9815;18/06/2026;5779239;São Paulo;1042.11;3082.425;522;32703.37;;;;;;;JG ALVES TRANSPORTES LTDA;18/06/2026;VIAGEM 420350
CGG6379;18/06/2026;5779240;São Paulo;1157.89;3598.318;441;31079.63;;;;;;;JG ALVES TRANSPORTES LTDA;18/06/2026;VIAGEM 422217
DBK3C56;18/06/2026;5779280;São Paulo;936.84;2309.299;308;21866.39;;;;;;;JG ALVES TRANSPORTES LTDA;18/06/2026;VIAGEM 417150
GZV1B42;18/06/2026;5779284;São Paulo;1042.11;2563.516;246;23802.5;;;;;;;JG ALVES TRANSPORTES LTDA;18/06/2026;VIAGEM 412696
DSJ8G34;18/06/2026;5779285;São Paulo;1042.11;3475.832;374;28094.54;;;;;;;JG ALVES TRANSPORTES LTDA;18/06/2026;VIAGEM 422036
FDW5C94;18/06/2026;5779286;São Paulo;831.58;1595.483;148;12189.54;;;;;;;JG ALVES TRANSPORTES LTDA;18/06/2026;VIAGEM 419164
ETA4132;18/06/2026;5779287;São Paulo;936.84;2184;420;14868;;;;;;;JG ALVES TRANSPORTES LTDA;18/06/2026;VIAGEM 419921
EVF4506;18/06/2026;5779322;São Paulo;842.11;1845.335;325;20439.28;;;;;;;JG ALVES TRANSPORTES LTDA;18/06/2026;VIAGEM 418568
MJZ7F25;18/06/2026;5779323;São Paulo;842.11;1724.361;162;13887.29;;;;;;;JG ALVES TRANSPORTES LTDA;18/06/2026;VIAGEM 422208
CDV6C82;18/06/2026;5779326;São Paulo;1042.11;2581.631;288;24505.14;;;;;;;JG ALVES TRANSPORTES LTDA;18/06/2026;VIAGEM 417281
FAR2I46;18/06/2026;5779459;São Paulo;842.11;1947.325;224;17435.74;;;;;;;JG ALVES TRANSPORTES LTDA;18/06/2026;ALEXANDRE DA SILVA 423190
CBS8D21;19/06/2026;5780399;São Paulo;831.58;1037.244;130;10552.93;;;;;;;JG ALVES TRANSPORTES LTDA;18/06/2026;LEONARDO 424937
MJZ7F25;22/06/2026;5791411;São Paulo;831.58;1519.539;283;17695.27;;;;;;;JG ALVES TRANSPORTES LTDA;22/06/2026;ORLANDO PINHEIRO 425499
DDA4J00;23/06/2026;5795895;São Paulo;936.84;2292.469;190;20481.6;;;;;;;JG ALVES TRANSPORTES LTDA;23/06/2026;VIAGEM 427709
FQH1332;23/06/2026;5795896;São Paulo;1157.89;3891.946;488;33072;;;;;;;JG ALVES TRANSPORTES LTDA;23/06/2026;VIAGEM 426917
DBK3C56;23/06/2026;5795914;São Paulo;936.84;2046.742;195;15139.65;;;;;;;JG ALVES TRANSPORTES LTDA;23/06/2026;VIAGEM 427610
ETA4132;23/06/2026;5795927;São Paulo;842.11;1815.939;201;12829.87;;;;;;;JG ALVES TRANSPORTES LTDA;23/06/2026;VIAGEM 427643
BWO9D19;23/06/2026;5795928;São Paulo;936.84;2125.695;495;32735.09;;;;;;;JG ALVES TRANSPORTES LTDA;23/06/2026;VIAGEM 427478
FAR2J46;23/06/2026;5795943;São Paulo;842.11;1807.889;233;18979.43;;;;;;;JG ALVES TRANSPORTES LTDA;23/06/2026;VIAGEM 426025
MJZ7F25;23/06/2026;5795951;São Paulo;842.11;1622.172;390;22789.06;;;;;;;JG ALVES TRANSPORTES LTDA;23/06/2026;VIAGEM 426125
EGK3464;23/06/2026;5796434;São Paulo;936.84;2030.267;254;18257.76;;;;;;;JG ALVES TRANSPORTES LTDA;23/06/2026;DIEGO JONATHAN 425960
CBS8D21;24/06/2026;5797812;São Paulo;897.73;1362.884;205;13686.28;;;;;;;JG ALVES TRANSPORTES LTDA;23/06/2026;VIAGEM 428369
CDV6C82;27/06/2026;5813742;São Paulo;936.84;2404.453;523;29645.39;;;;;;;JG ALVES TRANSPORTES LTDA;27/06/2026;VIAGEM 414839
GVI7I65;29/06/2026;5814260;São Paulo;1042.11;2535.049;335;22316.76;;;;;;;JG ALVES TRANSPORTES LTDA;27/06/2026;VIAGEM 429000
GZV1B42;29/06/2026;5817143;São Paulo;842.11;1729.308;335;26091.27;;;;;;;JG ALVES TRANSPORTES LTDA;29/06/2026;MARCIO 430000
FWZ6A59;29/06/2026;5817153;São Paulo;1157.89;4724.43;595;39120.04;;;;;;;JG ALVES TRANSPORTES LTDA;29/06/2026;ALCIVAN 430847
DBK3C56;29/06/2026;5817161;São Paulo;1042.11;2655.13;226;24691.9;;;;;;;JG ALVES TRANSPORTES LTDA;29/06/2026;ANTONIO NIZIO 431412
EVC7C40;29/06/2026;5817163;São Paulo;831.58;1417.204;252;15390.38;;;;;;;JG ALVES TRANSPORTES LTDA;29/06/2026;EDMILSON 430923
DDA4J00;29/06/2026;5817167;São Paulo;831.58;577.278;55;5528.8;;;;;;;JG ALVES TRANSPORTES LTDA;29/06/2026;VIAGEM 431184 E 431182
FWZ6A59;01/07/2026;5827602;São Paulo;1042.11;4481.366;371;34507.2;;;;;;;JG ALVES TRANSPORTES LTDA;01/07/2026;VIAGEM 432000
DSJ8G34;01/07/2026;5827671;São Paulo;1042.11;4193.393;505;42223.97;;;;;;;JG ALVES TRANSPORTES LTDA;01/07/2026;VIAGEM 431900
EVF4506;01/07/2026;5827783;São Paulo;936.84;2037.81;202;19904.91;;;;;;;JG ALVES TRANSPORTES LTDA;01/07/2026;VIAGEM 429920
CDV6C82;01/07/2026;5827803;São Paulo;936.84;2214.226;208;20204;;;;;;;JG ALVES TRANSPORTES LTDA;01/07/2026;VIAGEM 431411
FOV6H40;01/07/2026;5827961;São Paulo;1157.89;3995.714;466;44600.24;;;;;;;JG ALVES TRANSPORTES LTDA;01/07/2026;VIAGEM 430831
FAR2U46;02/07/2026;5833285;São Paulo;842.11;1914.664;250;18018.41;;;;;;;JG ALVES TRANSPORTES LTDA;02/07/2026;VIAGEM 432305
DBK3C56;02/07/2026;5833303;São Paulo;1042.11;2622.33;274;25440.58;;;;;;;JG ALVES TRANSPORTES LTDA;02/07/2026;
FOV6H40;02/07/2026;5833308;São Paulo;831.58;803.565;66;5759.85;;;;;;;JG ALVES TRANSPORTES LTDA;02/07/2026;VIAGEM 429459
FAR2I46;03/07/2026;5838152;São Paulo;831.58;1164.076;290;23784.24;;;;;;;JG ALVES TRANSPORTES LTDA;02/07/2026;VIAGEM 433024
FDW5C94;03/07/2026;5838556;São Paulo;831.58;365.332;37;3980.4;;;;;;;JG ALVES TRANSPORTES LTDA;03/07/2026;VIAGEM 432695
EVC7C40;03/07/2026;5838576;São Paulo;831.58;672.688;248;20004.73;;;;;;;JG ALVES TRANSPORTES LTDA;03/07/2026;VIAGEM 433025
FAR2I46;04/07/2026;5843494;São Paulo;842.11;1817.838;301;21356.25;;;;;;;JG ALVES TRANSPORTES LTDA;04/07/2026;VIAGEM 433037
CDV6C82;04/07/2026;5843499;São Paulo;936.84;2391.053;356;23121.63;;;;;;;JG ALVES TRANSPORTES LTDA;04/07/2026;VIAGEM 433058
DBK3C56;04/07/2026;5843532;São Paulo;831.58;529.74;270;23328;;;;;;;JG ALVES TRANSPORTES LTDA;04/07/2026;viagem 432659
MJZ7F25;04/07/2026;5843585;São Paulo;842.11;1746.352;234;18549.58;;;;;;;JG ALVES TRANSPORTES LTDA;04/07/2026;VIAGEM 433033
EVF4506;04/07/2026;5843586;São Paulo;936.84;2095.533;246;21568.99;;;;;;;JG ALVES TRANSPORTES LTDA;04/07/2026;VIAGEM 433035
DDA4J00;07/07/2026;5849963;São Paulo;936.84;2360.177;191;20436;;;;;;;JG ALVES TRANSPORTES LTDA;07/07/2026;
EVF4506;07/07/2026;5849979;São Paulo;842.11;1975.48;160;17088;;;;;;;JG ALVES TRANSPORTES LTDA;07/07/2026;VIAGEM 433295
FCB4J91;07/07/2026;5850076;São Paulo;842.11;1953.33;166;17584.8;;;;;;;JG ALVES TRANSPORTES LTDA;07/07/2026;VIAGEM 433313
BWO9D19;07/07/2026;5850092;São Paulo;1042.11;3390.22;398;38361.93;;;;;;;JG ALVES TRANSPORTES LTDA;07/07/2026;VIAGEM 433287
CDV6C82;07/07/2026;5850165;São Paulo;936.84;2315.797;297;25462.88;;;;;;;JG ALVES TRANSPORTES LTDA;07/07/2026;VIAGEM 433305
GVI7I65;07/07/2026;5850175;São Paulo;1042.11;3361.874;1140;60813.56;;;;;;;JG ALVES TRANSPORTES LTDA;07/07/2026;VIAGEM 429977
DDA4J00;09/07/2026;5860625;São Paulo;936.84;2156.031;192;16213.07;;;;;;;JG ALVES TRANSPORTES LTDA;09/07/2026;VIAGEM 433764
MJZ7F25;09/07/2026;5860836;São Paulo;831.58;1452.695;309;22258.77;;;;;;;JG ALVES TRANSPORTES LTDA;09/07/2026;viagem 434383
FDW5C94;09/07/2026;5860883;São Paulo;831.58;1087.787;203;17177;;;;;;;JG ALVES TRANSPORTES LTDA;09/07/2026;VIAGEM 433789
CDV6C82;09/07/2026;5861465;São Paulo;842.11;1780.54;173;16745.85;;;;;;;JG ALVES TRANSPORTES LTDA;09/07/2026;434116 LUCAS OLIVEIRA
EVC7C40;09/07/2026;5861679;São Paulo;842.11;1748.152;338;19194.12;;;;;;;JG ALVES TRANSPORTES LTDA;09/07/2026;433821 EDMILSON
FCB4J91;09/07/2026;5862015;São Paulo;936.84;2073.377;343;20085.75;;;;;;;JG ALVES TRANSPORTES LTDA;09/07/2026;433818 CRISTIANO
DBK3C56;10/07/2026;5865330;São Paulo;1042.11;3182.28;335;31819.39;;;;;;;JG ALVES TRANSPORTES LTDA;10/07/2026;ANTONIO NIZIO 430012
DBK3C56;10/07/2026;5870051;São Paulo;1042.11;3470.517;484;39506.54;;;;;;;JG ALVES TRANSPORTES LTDA;10/07/2026;434745
FAR2I46;11/07/2026;5870168;São Paulo;936.84;2042.893;381;24610.23;;;;;;;JG ALVES TRANSPORTES LTDA;11/07/2026;VIAGEM 434535
CDV6C82;11/07/2026;5870254;São Paulo;1042.11;2607.072;393;30937.56;;;;;;;JG ALVES TRANSPORTES LTDA;11/07/2026;VIAGEM 434536
CBS8D21;11/07/2026;5870300;São Paulo;831.58;897.21;140;11807.2;;;;;;;JG ALVES TRANSPORTES LTDA;11/07/2026;VIAGEM 434837
MJZ7F25;11/07/2026;5870323;São Paulo;842.11;1802.354;214;18624.62;;;;;;;JG ALVES TRANSPORTES LTDA;11/07/2026;VIAGEM 434119
EVC7C40;14/07/2026;5877699;São Paulo;831.58;1407.621;169;14693.96;;;;;;;JG ALVES TRANSPORTES LTDA;14/07/2026;VIAGEM 435199
MJZ7F25;14/07/2026;5877937;São Paulo;831.58;633.486;74;6004.84;;;;;;;JG ALVES TRANSPORTES LTDA;14/07/2026;VIAGEM 435184
DDA4J00;15/07/2026;5883160;São Paulo;936.84;2181.477;300;18859.02;;;;;;;JG ALVES TRANSPORTES LTDA;15/07/2026;VIAGEM 435328
FDW5C94;15/07/2026;5883284;São Paulo;1042.11;3225.27;436;29670.31;;;;;;;JG ALVES TRANSPORTES LTDA;15/07/2026;VIAGEM 435327
FCB4J91;15/07/2026;5883285;São Paulo;936.84;2066.082;265;20933.61;;;;;;;JG ALVES TRANSPORTES LTDA;15/07/2026;VIAGEM 434544
MJZ7F25;15/07/2026;5883335;São Paulo;842.11;1848.76;250;14052;;;;;;;JG ALVES TRANSPORTES LTDA;15/07/2026;VIAGEM 435335
FAR2I46;15/07/2026;5883338;São Paulo;842.11;1650.634;267;22028.9;;;;;;;JG ALVES TRANSPORTES LTDA;15/07/2026;VIAGEM 435314
CDV6C82;15/07/2026;5883639;São Paulo;831.58;1510.227;181;15838.52;;;;;;;JG ALVES TRANSPORTES LTDA;15/07/2026;VIAGEM 435367
DDA4J00;16/07/2026;5889257;São Paulo;842.11;1696.737;260;15993.56;;;;;;;JG ALVES TRANSPORTES LTDA;16/07/2026;435567
FDW5C94;16/07/2026;5889499;São Paulo;1042.11;2774.477;307;25418.63;;;;;;;JG ALVES TRANSPORTES LTDA;16/07/2026;VIAGEM 435558
FWZ6A59;16/07/2026;5889610;São Paulo;;3334.53;327;28922.43;;;;;;;JG ALVES TRANSPORTES LTDA;16/07/2026;VIAGEM 435596
FCB4J91;16/07/2026;5889628;São Paulo;831.58;1486.734;193;13401.37;;;;;;;JG ALVES TRANSPORTES LTDA;16/07/2026;VIAGEM 435559
DDA4J00;17/07/2026;5896946;São Paulo;936.84;2018.114;186;18630.01;;;;;;;JG ALVES TRANSPORTES LTDA;17/07/2026;VIAGEM 435725
BWO9D19;18/07/2026;5902613;São Paulo;;3955.935;320;30792;;;;;;;JG ALVES TRANSPORTES LTDA;18/07/2026;VIAGEM 436163
FAR2I46;18/07/2026;5902624;São Paulo;;1778.234;162;12379.38;;;;;;;JG ALVES TRANSPORTES LTDA;18/07/2026;VIAGEM 436192
MJZ7F25;20/07/2026;5903100;São Paulo;;1670.599;144;12209.94;;;;;;;JG ALVES TRANSPORTES LTDA;18/07/2026;ORLANDO PINHEIRO 436218 E 436219
DDA4J00;21/07/2026;5909056;São Paulo;936.84;2109.54;289;22028.8;;;;;;;JG ALVES TRANSPORTES LTDA;21/07/2026;VIAGEM 435561
EVC7C40;21/07/2026;5909224;São Paulo;842.11;1681.84;185;18560.88;;;;;;;JG ALVES TRANSPORTES LTDA;21/07/2026;VIAGEM 436389
MJZ7F25;21/07/2026;5909229;São Paulo;936.84;2035.208;1088;40937.51;;;;;;;JG ALVES TRANSPORTES LTDA;21/07/2026;VIAGEM 436200
BWO9D19;21/07/2026;5909232;São Paulo;1042.11;3430.554;373;27362.37;;;;;;;JG ALVES TRANSPORTES LTDA;21/07/2026;VIAGEM 436201
FCB4J91;21/07/2026;5909234;São Paulo;;2435.1;215;22548;;;;;;;JG ALVES TRANSPORTES LTDA;21/07/2026;VIAGEM 436028
FAR2I46;21/07/2026;5909292;São Paulo;831.58;1434.332;388;22758.07;;;;;;;JG ALVES TRANSPORTES LTDA;21/07/2026;VIAGEM 436341
DJE2A73;22/07/2026;5914821;São Paulo;1042.11;2578.225;549;38027.18;;;;;;;JG ALVES TRANSPORTES LTDA;22/07/2026;VIAGEM 436351
CBS8D21;22/07/2026;5914833;São Paulo;;1047.654;156;11328.52;;;;;;;JG ALVES TRANSPORTES LTDA;22/07/2026;VIAGEM 436727
EVC7C40;22/07/2026;5914852;São Paulo;663.16;1432.512;160;13595.82;;;;;;;JG ALVES TRANSPORTES LTDA;22/07/2026;VIAGEM 436753
FWZ6A59;22/07/2026;5914857;São Paulo;936.84;2332.935;203;20370.96;;;;;;;JG ALVES TRANSPORTES LTDA;22/07/2026;VIAGEM 436655
FCB4J91;22/07/2026;5914955;São Paulo;;2374.158;213;20951.88;;;;;;;JG ALVES TRANSPORTES LTDA;22/07/2026;VIAGEM 436664
CST4F83;22/07/2026;5915100;São Paulo;831.58;234.275;15;1941;;;;;;;JG ALVES TRANSPORTES LTDA;22/07/2026;VIAGEM 436366
MJZ7F25;22/07/2026;5915111;São Paulo;842.11;1925.228;294;24659.76;;;;;;;JG ALVES TRANSPORTES LTDA;22/07/2026;VIAGEM 436723
FAR2I46;24/07/2026;5925080;São Paulo;;2296.7;195;19541.52;;;;;;;JG ALVES TRANSPORTES LTDA;24/07/2026;VIAGEM 435578
BWO9D19;24/07/2026;5925250;São Paulo;;4617.375;654;50876;;;;;;;JG ALVES TRANSPORTES LTDA;24/07/2026;VIAGEM 434574
MJZ7F25;24/07/2026;5925253;São Paulo;936.84;2049.881;178;14290.07;;;;;;;JG ALVES TRANSPORTES LTDA;24/07/2026;VIAGEM 437207
GCV7G90;24/07/2026;5925310;São Paulo;842.11;1739.131;325;21382.78;;;;;;;JG ALVES TRANSPORTES LTDA;24/07/2026;VIAGEM 436862
FCB4J91;29/07/2026;5942119;São Paulo;831.58;2023.564;274;18785.86;;;;;;;JG ALVES TRANSPORTES LTDA;29/07/2026;VIAGEM 438076
BWO9D19;29/07/2026;5942130;São Paulo;1042.11;2528.305;209;19977.22;;;;;;;JG ALVES TRANSPORTES LTDA;29/07/2026;VIAGEM 437912
ETA4132;30/07/2026;5947540;São Paulo;700;1900.216;164;16797.78;;;;;;;JG ALVES TRANSPORTES LTDA;30/07/2026;438477
FWZ6A59;31/07/2026;5957556;São Paulo;663.16;;;;;;;;;;JG ALVES TRANSPORTES LTDA;31/07/2026;
FAR2I46;06/08/2026;5976503;São Paulo;663.16;1454.168;169;13704.97;;;;;;;JG ALVES TRANSPORTES LTDA;06/08/2026;VIAGEM 439420
FOV6H40;06/08/2026;5976505;São Paulo;936.84;3055.012;246;23460.24;;;;;;;JG ALVES TRANSPORTES LTDA;06/08/2026;VIAGEM 439094
FCB4J91;06/08/2026;5976626;São Paulo;663.16;1448.167;277;14145.99;;;;;;;JG ALVES TRANSPORTES LTDA;06/08/2026;VIAGEM 438729
EVC7C40;06/08/2026;5976627;São Paulo;;1710.111;163;14280.12;;;;;;;JG ALVES TRANSPORTES LTDA;06/08/2026;VIAGEM 439407
JQA9815;06/08/2026;5976761;São Paulo;936.84;2897.115;317;21310.14;;;;;;;JG ALVES TRANSPORTES LTDA;06/08/2026;VIAGEM 439394
DBK3C56;06/08/2026;5976779;São Paulo;;2650.296;262;25623.33;;;;;;;JG ALVES TRANSPORTES LTDA;06/08/2026;VIAGEM 439163
DJE2A73;06/08/2026;5981494;São Paulo;;2570.05;329;31343.2;;;;;;;JG ALVES TRANSPORTES LTDA;06/08/2026;antonio francisco 440.447
FJP8I37;06/08/2026;5981496;São Paulo;663.16;1343.096;175;9491.58;;;;;;;JG ALVES TRANSPORTES LTDA;06/08/2026;439.801
DJF4E38;06/08/2026;5981718;São Paulo;;1778.495;178;14568.85;;;;;;;JG ALVES TRANSPORTES LTDA;06/08/2026;439.417
FFA4D47;07/08/2026;5981844;São Paulo;;1256.585;175;11999.4;;;;;;;JG ALVES TRANSPORTES LTDA;07/08/2026;VIAGEM 439768
FOV6H40;07/08/2026;5981898;São Paulo;831.58;2266.16;202;19069.6;;;;;;;JG ALVES TRANSPORTES LTDA;07/08/2026;VIAGEM 440123
JQA9815;07/08/2026;5981914;São Paulo;;3238.559;402;33611.79;;;;;;;JG ALVES TRANSPORTES LTDA;07/08/2026;VIAGEM  439799
FCB4J91;07/08/2026;5981915;São Paulo;;882.395;80;8055.59;;;;;;;JG ALVES TRANSPORTES LTDA;07/08/2026;VIAGEM 439737
EZO0559;07/08/2026;5981916;São Paulo;;1463.376;183;16478.46;;;;;;;JG ALVES TRANSPORTES LTDA;07/08/2026;VIAGEM 439960
EGK3464;07/08/2026;5981978;São Paulo;;2258.513;264;20932.6;;;;;;;JG ALVES TRANSPORTES LTDA;07/08/2026;VIAGEM 439753
GVI7I65;07/08/2026;5981980;São Paulo;;2244.118;302;21807.94;;;;;;;JG ALVES TRANSPORTES LTDA;07/08/2026;VIAGEM 439785
FJX6B54;07/08/2026;5981994;São Paulo;;2436.29;312;24772.2;;;;;;;JG ALVES TRANSPORTES LTDA;07/08/2026;VIAGEM 439752
FAR2I46;07/08/2026;5986012;São Paulo;;1518.774;210;19611.2;;;;;;;JG ALVES TRANSPORTES LTDA;07/08/2026;VIAGEM 439168
DBK3C56;07/08/2026;5986163;São Paulo;;2064.344;365;24283.06;;;;;;;JG ALVES TRANSPORTES LTDA;07/08/2026;VIAGEM 440381
FJX6B54;10/08/2026;5986234;São Paulo;;1990.608;287;24652.97;;;;;;;JG ALVES TRANSPORTES LTDA;08/08/2026;VIAGEM 439770
FFA4D47;10/08/2026;5986240;São Paulo;;1646.842;151;13459.44;;;;;;;JG ALVES TRANSPORTES LTDA;08/08/2026;VIAGEM 440665
CBS8D21;10/08/2026;5986245;São Paulo;;826.023;243;18724.28;;;;;;;JG ALVES TRANSPORTES LTDA;08/08/2026;VIAGEM 440661
DJE2A73;10/08/2026;5986246;São Paulo;;2536.383;281;23156.56;;;;;;;JG ALVES TRANSPORTES LTDA;08/08/2026;VIAGEM 440652
CQL9F71;10/08/2026;5986311;São Paulo;;110.476;27;1340.69;;;;;;;JG ALVES TRANSPORTES LTDA;08/08/2026;VIAGEM 440484
EVC7C40;10/08/2026;5986314;São Paulo;;1006.328;115;9054.41;;;;;;;JG ALVES TRANSPORTES LTDA;08/08/2026;VIAGEM 440124
FFA4D47;10/08/2026;5987891;São Paulo;;1895.19;277;21865.62;;;;;;;JG ALVES TRANSPORTES LTDA;10/08/2026;LUCAS JOSE DA SILVA 439798
EVC7C40;10/08/2026;5987908;São Paulo;;1003.136;117;9865.24;;;;;;;JG ALVES TRANSPORTES LTDA;10/08/2026;EDMILSON CARVALHO 440163
FJX6B54;10/08/2026;5987909;São Paulo;;1838.108;294;21799.03;;;;;;;JG ALVES TRANSPORTES LTDA;10/08/2026;GERALDO LUIS 440052
GVI7I65;10/08/2026;5987926;São Paulo;;1692.407;144;14765.56;;;;;;;JG ALVES TRANSPORTES LTDA;10/08/2026;ADILSON CAETANO 440657 E 440658
MJZ7F25;10/08/2026;5988239;São Paulo;;1089.614;133;11019.46;;;;;;;JG ALVES TRANSPORTES LTDA;10/08/2026;ORLANDO PINHEIRO 440164
FDJ5G73;11/08/2026;5992695;São Paulo;;1266.152;177;13316.83;;;;;;;JG ALVES TRANSPORTES LTDA;10/08/2026;VIAGEM 440911
DDA4J00;11/08/2026;5992879;São Paulo;;1644.614;162;15010.42;;;;;;;JG ALVES TRANSPORTES LTDA;11/08/2026;VIAGEM 440530
EVC7C40;11/08/2026;5993053;São Paulo;;733.991;110;8244.68;;;;;;;JG ALVES TRANSPORTES LTDA;11/08/2026;VIAGEM 440926
EGK3464;11/08/2026;5993055;São Paulo;;1252.933;161;14423;;;;;;;JG ALVES TRANSPORTES LTDA;11/08/2026;VIAGEM 440796
DDA4J00;12/08/2026;5998285;São Paulo;;972.387;139;9627.86;;;;;;;JG ALVES TRANSPORTES LTDA;12/08/2026;441249
FDW5C94;12/08/2026;5998422;São Paulo;;2789.315;241;21490;;;;;;;JG ALVES TRANSPORTES LTDA;12/08/2026;VIAGEM 441253
EGK3464;12/08/2026;5998423;São Paulo;;970.605;204;14894.09;;;;;;;JG ALVES TRANSPORTES LTDA;12/08/2026;441300
FAR2I46;14/08/2026;6008929;São Paulo;831.58;2075.959;369;28606.61;;;;;;;JG ALVES TRANSPORTES LTDA;13/08/2026;VIAGEM 441822
FAR2I46;01/09/2026;6076675;São Paulo;663.16;1489.568;170;16912.29;;;;;;;JG ALVES TRANSPORTES LTDA;01/09/2026;ALEXANDRE 445348
FJP8I37;02/09/2026;6080907;São Paulo;663.16;1423.613;176;18207.69;;;;;;;JG ALVES TRANSPORTES LTDA;02/09/2026;FABIO 445442
GHF1H01;04/09/2026;6092061;São Paulo;663.16;251.933;37;3099.2;;;;;;;JG ALVES TRANSPORTES LTDA;04/09/2026;446751
FPJ3F93;11/09/2026;6117005;São Paulo;663.16;1534.313;269;18895.32;;;;;;;JG ALVES TRANSPORTES LTDA;11/09/2026;VIAGEM - 448202
MID0442;31/05/2026;5713238;Sumaré;1125;2537.5;250;16250;;;;;;;JG ALVES TRANSPORTES LTDA;31/05/2026;
EFO3E66;02/05/2026;373173;Suzano;1125;2623.394;400;29914.31;;;;;;;JG ALVES TRANSPORTES LTDA;03/05/2026;
FJX6B54;18/05/2026;5658703;Suzano;897.73;1543.234;236;17275.86;;;;;;;JG ALVES TRANSPORTES LTDA;18/05/2026;GERALDO LUIZ 388809 E 388810
FJX6B54;18/05/2026;388809;Suzano;897.73;1543.234;236;17275.86;;;;;;;JG ALVES TRANSPORTES LTDA;19/05/2026;
GHF1H01;01/06/2026;5714165;Suzano;897.73;975.621;161;9366;;;;;;;JG ALVES TRANSPORTES LTDA;01/06/2026;CLAUDIO CARNEIRO - 406490
JQA9815;22/07/2026;5914912;Suzano;996.8;1602.135;135;13629.88;;;;;;;JG ALVES TRANSPORTES LTDA;22/07/2026;VIAGEM 436661
EVC7C40;12/08/2026;5998416;Suzano;897.73;1170.969;182;13743.18;;;;;;;JG ALVES TRANSPORTES LTDA;12/08/2026;441269
CBS8D21;11/09/2026;6117004;Suzano;884.8;978.613;89;9776.16;;;;;;;JG ALVES TRANSPORTES LTDA;11/09/2026;VIAGEM - 448494
EVF4506;14/04/2026;355804;Taboão da Serra;;337.963;33;5076.6;;;;;;;JG ALVES TRANSPORTES LTDA;14/04/2026;
EVF4506;14/04/2026;355802;Taboão da Serra;;846.24;180;9789.82;;;;;;;JG ALVES TRANSPORTES LTDA;14/04/2026;
GVI7I65;24/04/2026;367022;Taboão da Serra;897.73;48.606;6;637.2;;;;;;;JG ALVES TRANSPORTES LTDA;25/04/2026;
GVI7I65;25/04/2026;366994;Taboão da Serra;897.73;488.153;64;4250.45;;;;;;;JG ALVES TRANSPORTES LTDA;26/04/2026;
DBK3C56;28/04/2026;5590592;Taboão da Serra;1125;3190.935;459;36407.03;;;;;;;JG ALVES TRANSPORTES LTDA;28/04/2026;Viagem 356209
GPE1J17;29/04/2026;370687;Taboão da Serra;1125;3443.822;345;32096.9;;;;;;;JG ALVES TRANSPORTES LTDA;29/04/2026;
DBK3C56;28/04/2026;356209;Taboão da Serra;1125;3190.935;459;36407.03;;;;;;;JG ALVES TRANSPORTES LTDA;29/04/2026;
FWZ6A59;07/05/2026;350810;Taboão da Serra;1250;4152.6;503;44067.86;;;;;;;JG ALVES TRANSPORTES LTDA;08/05/2026;
MJZ7F25;16/05/2026;5656423;Taboão da Serra;909.09;1809.772;222;19077.45;;;;;;;JG ALVES TRANSPORTES LTDA;16/05/2026;VIAGEM 388604
GZV1B42;18/05/2026;5659169;Taboão da Serra;1125;3419.042;418;31216.21;;;;;;;JG ALVES TRANSPORTES LTDA;18/05/2026;FLAVIO 385007
FJT0B81;18/05/2026;387682;Taboão da Serra;1125;2718.277;361;25989.42;;;;;;;JG ALVES TRANSPORTES LTDA;19/05/2026;
FDW5C94;19/05/2026;389860;Taboão da Serra;897.73;1084.188;165;11665.69;;;;;;;JG ALVES TRANSPORTES LTDA;19/05/2026;
GZV1B42;18/05/2026;385007;Taboão da Serra;1125;3419.042;418;31216.21;;;;;;;JG ALVES TRANSPORTES LTDA;19/05/2026;
EJZ3E19;13/06/2026;5762335;Taboão da Serra;897.73;961.48;160;11618;;;;;;;JG ALVES TRANSPORTES LTDA;13/06/2026;VIAGEM 421407
ETA4132;13/06/2026;5762767;Taboão da Serra;1011.36;2009.09;240;21926.99;;;;;;;JG ALVES TRANSPORTES LTDA;13/06/2026;VIAGEM 414833
DSJ8G34;18/06/2026;5784131;Taboão da Serra;1250;3759.223;484;39309.79;;;;;;;JG ALVES TRANSPORTES LTDA;19/06/2026;VIAGEM 424871
CDV6C82;03/07/2026;5838633;Taboão da Serra;1011.36;2162.329;342;20433.17;;;;;;;JG ALVES TRANSPORTES LTDA;03/07/2026;VIAGEM 430921
EVF4506;03/07/2026;5838878;Taboão da Serra;897.73;803.565;66;5759.85;;;;;;;JG ALVES TRANSPORTES LTDA;03/07/2026;VIAGEM 430862
FAR2I46;12/08/2026;5998228;Taboão da Serra;715.91;888.111;189;10835.25;;;;;;;JG ALVES TRANSPORTES LTDA;12/08/2026;ALEXANDRE DA SILVA
DDA4J00;17/04/2026;354812;Várzea Grande;;284.053;51;5534.16;;;;;;;JG ALVES TRANSPORTES LTDA;17/04/2026;
NRH7542;02/06/2026;5718121;Bertioga;;1721.02;202;18282.93;;;;;;;JOSE ANTONIO DA SILVA;01/06/2026;VIAGEM 407220
ELQ1J17;15/04/2026;343922;Campinas;;1822.62;269;24326.4;;;;;;;JOSE ANTONIO DA SILVA;16/04/2026;
ELQ1J17;14/05/2026;387687;Campinas;;2066.698;541;31745.61;;;;;;;JOSE ANTONIO DA SILVA;15/05/2026;
ELQ1J17;25/05/2026;5688391;Campo Limpo Paulista;;1442.941;243;14498.67;;;;;;;JOSE ANTONIO DA SILVA;25/05/2026;VIAGEM 396129
NRH7542;30/04/2026;373182;Capela do Alto;;849.954;92;7348.3;;;;;;;JOSE ANTONIO DA SILVA;01/05/2026;
ELQ1J17;27/07/2026;5936595;Diadema;;2041.82;196;19470.95;;;;;;;JOSE ANTONIO DA SILVA;27/07/2026;jose antonio 435.835
ELQ1J17;19/09/2026;6150094;Diadema;;2590.03;570;40329.77;;;;;;;JOSE ANTONIO DA SILVA;19/09/2026;VIAGEM - 451304
ELQ1J17;13/05/2026;386990;Ferraz de Vasconcelos;;2175.212;298;22485.82;;;;;;;JOSE ANTONIO DA SILVA;14/05/2026;
ELQ1J17;14/04/2026;353361;Guarujá;;88.744;17;1580.57;;;;;;;JOSE ANTONIO DA SILVA;14/04/2026;
DMN8C09;13/05/2026;385877;Guarulhos;;748.192;85;7705.16;;;;;;;JOSE ANTONIO DA SILVA;13/05/2026;GUILHERME ARAUJO 385877
ELQ1J17;23/04/2026;364882;Ibiúna;;2654.889;332;34734.83;;;;;;;JOSE ANTONIO DA SILVA;24/04/2026;
ELQ1J17;21/05/2026;395864;Itapecerica da Serra;;1904.244;152;18967.2;;;;;;;JOSE ANTONIO DA SILVA;22/05/2026;
ELQ1J17;19/08/2026;6024025;Itatiba;;1951.579;171;16186.34;;;;;;;JOSE ANTONIO DA SILVA;18/08/2026;VIAGEM 442200
ELQ1J17;07/05/2026;371250;Itu;;2032.83;497;32357.98;;;;;;;JOSE ANTONIO DA SILVA;08/05/2026;
ELQ1J17;24/04/2026;350785;Jacareí;;2260.29;325;27047.42;;;;;;;JOSE ANTONIO DA SILVA;25/04/2026;
ELQ1J17;17/09/2026;6139182;Limeira;;2510.12;226;20698.47;;;;;;;JOSE ANTONIO DA SILVA;16/09/2026;VIAGEM - 447449
ELQ1J17;04/05/2026;374183;Mauá;;474.54;91;5696.53;;;;;;;JOSE ANTONIO DA SILVA;05/05/2026;
ELQ1J17;28/04/2026;372110;Mogi das Cruzes;;1187.589;213;12988.25;;;;;;;JOSE ANTONIO DA SILVA;29/04/2026;
ELQ1J17;27/05/2026;5698577;Osasco;;;;;;;;;;;JOSE ANTONIO DA SILVA;27/05/2026;VIAGEM 387612
ELQ1J17;29/05/2026;5705700;Osasco;;908.1;60;7335;;;;;;;JOSE ANTONIO DA SILVA;29/05/2026;Viagem 387612
ELQ1J17;14/09/2026;6122386;Peruíbe;;1525.435;236;20699.41;;;;;;;JOSE ANTONIO DA SILVA;11/09/2026;VIAGEM - 448906
ELQ1J17;20/05/2026;5671386;Piracicaba;;1792.346;173;19451.43;;;;;;;JOSE ANTONIO DA SILVA;20/05/2026;VIAGEM 392036
ELQ1J17;20/05/2026;392036;Piracicaba;;1792.346;173;19451.43;;;;;;;JOSE ANTONIO DA SILVA;21/05/2026;
ELQ1J17;16/09/2026;6135360;Praia Grande;;2780.165;297;25410.35;;;;;;;JOSE ANTONIO DA SILVA;16/09/2026;VIAGEM - 448079
ELQ1J17;25/06/2026;5804081;Santana de Parnaíba;;2288.903;299;27532.72;;;;;;;JOSE ANTONIO DA SILVA;24/06/2026;VIAGEM 429961
ELQ1J17;15/05/2026;5655830;São Bernardo do Campo;600;2322.651;286;18567.51;;;;;;;JOSE ANTONIO DA SILVA;15/05/2026;VIAGEM 387693
ELQ1J17;15/05/2026;387693;São Bernardo do Campo;;2322.651;286;18567.51;;;;;;;JOSE ANTONIO DA SILVA;16/05/2026;
ELQ1J17;24/09/2026;6166800;São Bernardo do Campo;;1543.123;321;23307.63;;;;;;;JOSE ANTONIO DA SILVA;23/09/2026;VIAGEM -  452323
ELQ1J17;09/06/2026;5740501;São José dos Campos;;;;;;;;;;;JOSE ANTONIO DA SILVA;08/06/2026;VIAGEM 410221
ELQ1J17;07/07/2026;5854210;São José dos Campos;1000;22.25;10;462;;;;;;;JOSE ANTONIO DA SILVA;07/07/2026;408826
ELQ1J17;07/07/2026;5854227;São José dos Campos;;11.125;5;231;;;;;;;JOSE ANTONIO DA SILVA;07/07/2026;434013
ELQ1J17;07/07/2026;5854230;São José dos Campos;;58.131;3;423;;;;;;;JOSE ANTONIO DA SILVA;07/07/2026;434020
ELQ1J17;23/09/2026;6162095;São Miguel Arcanjo;;2261.932;306;28125.43;;;;;;;JOSE ANTONIO DA SILVA;23/09/2026;VIAGEM - 452240
ELQ1J17;14/04/2026;333367;São Paulo;;2384.642;350;28848.82;;;;;;;JOSE ANTONIO DA SILVA;15/04/2026;
ELQ1J17;17/04/2026;358416;São Paulo;;2551.806;280;19087.9;;;;;;;JOSE ANTONIO DA SILVA;18/04/2026;
ELQ1J17;27/04/2026;368573;São Paulo;;2680.494;301;28807.67;;;;;;;JOSE ANTONIO DA SILVA;28/04/2026;
ELQ1J17;29/04/2026;372797;São Paulo;;399.774;49;4553.28;;;;;;;JOSE ANTONIO DA SILVA;30/04/2026;
ELQ1J17;05/05/2026;366993;São Paulo;;2440;200;21360;;;;;;;JOSE ANTONIO DA SILVA;06/05/2026;
ELQ1J17;07/05/2026;5621115;São Paulo;600;2607.22;233;24176.43;;;;;;;JOSE ANTONIO DA SILVA;07/05/2026;Viagem 380585
ELQ1J17;06/05/2026;380553;São Paulo;;2565.309;229;23040.03;;;;;;;JOSE ANTONIO DA SILVA;08/05/2026;
ELQ1J17;11/05/2026;382171;São Paulo;;2500.457;469;29795.41;;;;;;;JOSE ANTONIO DA SILVA;12/05/2026;
ELQ1J17;16/05/2026;388814;São Paulo;;1518.155;223;22095.34;;;;;;;JOSE ANTONIO DA SILVA;17/05/2026;
ELQ1J17;19/05/2026;5664479;São Paulo;;1518.155;223;22095.34;;;;;;;JOSE ANTONIO DA SILVA;19/05/2026;Viagem 388814
ELQ1J17;22/05/2026;5681685;São Paulo;;2224.3;200;15360;;;;;;;JOSE ANTONIO DA SILVA;23/05/2026;VIAGEM 397184
ELQ1J17;26/05/2026;5693210;São Paulo;;1863.073;276;14785.07;;;;;;;JOSE ANTONIO DA SILVA;26/05/2026;VIAGEM 398805
ELQ1J17;20/08/2026;6035012;São Paulo;;2191.152;286;23615.15;;;;;;;JOSE ANTONIO DA SILVA;20/08/2026;443.497
ELQ1J17;11/09/2026;6114880;São Paulo;;2559.653;368;24170.36;;;;;;;JOSE ANTONIO DA SILVA;10/09/2026;VIAGEM - 448176
ELQ1J17;15/09/2026;6129994;São Paulo;;2441.994;303;26436.85;;;;;;;JOSE ANTONIO DA SILVA;15/09/2026;VIAGEM - 448963
ELQ1J17;18/09/2026;6144324;São Paulo;;2731.279;282;19007.36;;;;;;;JOSE ANTONIO DA SILVA;17/09/2026;VIAGEM - 450578
ELQ1J17;19/09/2026;6151631;São Paulo;;2491.32;254;22573.2;;;;;;;JOSE ANTONIO DA SILVA;19/09/2026;Jose - 450.734
ELQ1J17;22/09/2026;6156378;São Paulo;;2243;315;21570.91;;;;;;;JOSE ANTONIO DA SILVA;21/09/2026;VIAGEM - 451106
ELQ1J17;20/08/2026;6030361;Taboão da Serra;;1983.136;255;19943.05;;;;;;;JOSE ANTONIO DA SILVA;19/08/2026;VIAGEM 443055
AAA1110;13/05/2026;387602;Arujá;;463.854;66;5109.72;;;;;;;L.P.R SERVICOS LOGISTICOS LTDA;14/05/2026;
AAA1110;13/05/2026;383258;Goiânia;;15475.456;2534;187687.36;;;;;;;L.P.R SERVICOS LOGISTICOS LTDA;14/05/2026;
AAA1110;14/04/2026;357420;Guarulhos;;5477.121;1082;66903.07;;;;;;;L.P.R SERVICOS LOGISTICOS LTDA;15/04/2026;
AAA1110;15/04/2026;358080;Guarulhos;;5893.175;508;51029.6;;;;;;;L.P.R SERVICOS LOGISTICOS LTDA;15/04/2026;
AAA1110;06/05/2026;377483;Guarulhos;;12902.065;2209;172865.73;;;;;;;L.P.R SERVICOS LOGISTICOS LTDA;07/05/2026;
AAA1110;21/04/2026;364085;Jacareí;;15183.415;1430;145520.25;;;;;;;L.P.R SERVICOS LOGISTICOS LTDA;23/04/2026;
AAA1110;29/04/2026;372237;Poá;;16879.599;2422;170181.4;;;;;;;L.P.R SERVICOS LOGISTICOS LTDA;01/05/2026;
AAA1110;27/04/2026;366594;São Paulo;;13683.885;1764;142659.81;;;;;;;L.P.R SERVICOS LOGISTICOS LTDA;28/04/2026;
AAA1110;28/04/2026;367979;São Paulo;;5.028;2;93.6;;;;;;;L.P.R SERVICOS LOGISTICOS LTDA;28/04/2026;
AAA1110;28/04/2026;370885;São Paulo;;19.62;10;672.47;;;;;;;L.P.R SERVICOS LOGISTICOS LTDA;28/04/2026;
AAA1110;30/04/2026;373259;São Paulo;;466.2;37;3880.56;;;;;;;L.P.R SERVICOS LOGISTICOS LTDA;01/05/2026;
AAA1110;11/05/2026;383659;São Paulo;;10.528;3;164.4;;;;;;;L.P.R SERVICOS LOGISTICOS LTDA;12/05/2026;
AAA1110;14/05/2026;387713;São Paulo;;10.914;3;164.4;;;;;;;L.P.R SERVICOS LOGISTICOS LTDA;15/05/2026;
AAA1110;18/05/2026;389529;São Paulo;;12969.466;2048;153006.63;;;;;;;L.P.R SERVICOS LOGISTICOS LTDA;19/05/2026;
AAA1110;20/05/2026;392993;São Paulo;;15102.414;2535;170338.76;;;;;;;L.P.R SERVICOS LOGISTICOS LTDA;21/05/2026;
AAA1110;21/05/2026;391938;Suzano;;16321.262;2251;164981.56;;;;;;;L.P.R SERVICOS LOGISTICOS LTDA;22/05/2026;
EIX6H78;20/04/2026;362112;Bragança Paulista;;1494.924;177;16844.88;;;;;;;65.221.984 CASSIO ANTONIO DOS SANTOS;21/04/2026;
EIX6H78;15/04/2026;357485;Embu-Guaçu;;205.992;109;8015.63;;;;;;;65.221.984 CASSIO ANTONIO DOS SANTOS;15/04/2026;
EIX6H78;17/04/2026;359202;Itaquaquecetuba;;686.506;65;6334.4;;;;;;;65.221.984 CASSIO ANTONIO DOS SANTOS;18/04/2026;
EIX6H78;05/05/2026;377978;Jarinu;;125;50;4890;;;;;;;65.221.984 CASSIO ANTONIO DOS SANTOS;06/05/2026;
EIX6H78;05/05/2026;376988;Jarinu;;1126.244;122;12898.48;;;;;;;65.221.984 CASSIO ANTONIO DOS SANTOS;06/05/2026;
EIX6H78;30/04/2026;373181;Laranjal Paulista;;1611.118;238;24535.83;;;;;;;65.221.984 CASSIO ANTONIO DOS SANTOS;01/05/2026;
EIX6H78;02/05/2026;374580;Mauá;;668.28;103;7098.42;;;;;;;65.221.984 CASSIO ANTONIO DOS SANTOS;03/05/2026;
EIX6H78;25/04/2026;367748;São Bernardo do Campo;;1686.247;350;23998.3;;;;;;;65.221.984 CASSIO ANTONIO DOS SANTOS;26/04/2026;
EIX6H78;20/04/2026;358937;São Paulo;;1444.999;161;11536.67;;;;;;;65.221.984 CASSIO ANTONIO DOS SANTOS;21/04/2026;
EIX6H78;24/04/2026;366432;São Paulo;;308.947;28;2297.2;;;;;;;65.221.984 CASSIO ANTONIO DOS SANTOS;24/04/2026;
EIX6H78;28/04/2026;369241;São Paulo;;1617.434;310;22316.97;;;;;;;65.221.984 CASSIO ANTONIO DOS SANTOS;29/04/2026;
EIX6H78;06/05/2026;377549;São Paulo;;1448.442;87;13661.04;;;;;;;65.221.984 CASSIO ANTONIO DOS SANTOS;08/05/2026;
EIX6H78;28/04/2026;370685;Votorantim;;1346.738;118;12781.76;;;;;;;65.221.984 CASSIO ANTONIO DOS SANTOS;29/04/2026;
AAA1110;07/05/2026;376525;Arujá;;14112;1120;117465.6;;;;;;;AVJS TRANSPORTES LTDA;08/05/2026;
CDM6D22;27/05/2026;5693639;Barueri;;11975.392;1664;139220.43;;;;;;;AVJS TRANSPORTES LTDA;27/05/2026;VIAGEM 369643
FQH1332;17/07/2026;5902333;Barueri;;4320.925;561;45055.94;;;;;;;AVJS TRANSPORTES LTDA;17/07/2026;435873
AAA1119;28/04/2026;359734;Cajamar;;18771.3;1500;169200;;;;;;;AVJS TRANSPORTES LTDA;29/04/2026;
MAA7J13;28/04/2026;359733;Cajamar;;20927.76;1680;189504;;;;;;;AVJS TRANSPORTES LTDA;29/04/2026;
MAA7J13;06/05/2026;370850;Cajamar;;18900;1500;169200;;;;;;;AVJS TRANSPORTES LTDA;07/05/2026;
AAA1110;06/05/2026;370851;Cajamar;;20927.76;1680;189504;;;;;;;AVJS TRANSPORTES LTDA;07/05/2026;
EFV3J22;07/05/2026;370852;Cajamar;;16059.48;1390;156072;;;;;;;AVJS TRANSPORTES LTDA;08/05/2026;Viagem 370852
AAA1119;28/04/2026;368079;Campinas;;11741.343;1630;85966.74;;;;;;;AVJS TRANSPORTES LTDA;29/04/2026;
EGK0F31;07/05/2026;374019;Campinas;;17770.56;24720;145140;;;;;;;AVJS TRANSPORTES LTDA;08/05/2026;
RVV3H37;18/04/2026;358912;Carapicuíba;;11078.372;1136;108821.35;;;;;;;AVJS TRANSPORTES LTDA;18/04/2026;
BXA3A32;20/05/2026;384751;Carapicuíba;;13723.422;1603;140381.35;;;;;;;AVJS TRANSPORTES LTDA;21/05/2026;
GEK1G16;08/05/2026;381839;Cotia;;5036.092;592;42333.41;;;;;;;AVJS TRANSPORTES LTDA;09/05/2026;
CGR0919;09/05/2026;376427;Diadema;;1479.54;375;23746.56;;;;;;;AVJS TRANSPORTES LTDA;09/05/2026;
CPG5793;19/05/2026;371277;Diadema;;13361.97;1507;128168.39;;;;;;;AVJS TRANSPORTES LTDA;20/05/2026;
JMF6600;27/05/2026;5693616;Diadema;;13548.525;1881;148988.3;;;;;;;AVJS TRANSPORTES LTDA;27/05/2026;VIAGEM 400289
FTZ7705;25/06/2026;5804538;Diadema;;6129.625;564;51257.94;;;;;;;AVJS TRANSPORTES LTDA;25/06/2026;VIAGEM 412001
FTZ7705;24/07/2026;5929690;Diadema;;5623.479;1050;62001.27;;;;;;;AVJS TRANSPORTES LTDA;24/07/2026;joel 437.238
CPO6D70;14/05/2026;382140;Guarujá;;6496.574;876;61506.54;;;;;;;AVJS TRANSPORTES LTDA;15/05/2026;
FDC7B81;27/04/2026;371201;Guarulhos;;18900;1500;156420;;;;;;;AVJS TRANSPORTES LTDA;28/04/2026;
MAA7J13;08/05/2026;373755;Guarulhos;;17292.8;1400;147840;;;;;;;AVJS TRANSPORTES LTDA;09/05/2026;
EXF2E68;12/05/2026;379597;Guarulhos;;16078.18;1882;128510.4;;;;;;;AVJS TRANSPORTES LTDA;13/05/2026;
CUD7C94;19/05/2026;371233;Guarulhos;;8126.685;1178;94086.53;;;;;;;AVJS TRANSPORTES LTDA;20/05/2026;
MAA7J13;20/05/2026;392894;Guarulhos;;15045.244;1247;118233.53;;;;;;;AVJS TRANSPORTES LTDA;21/05/2026;
AAA1110;02/07/2026;5833083;Guarulhos;2585;16518.6;1300;147540;;;;;;;AVJS TRANSPORTES LTDA;02/07/2026;VIAGEM 419954
GPE1J17;03/07/2026;5838018;Guarulhos;;6993.974;681;75323.07;;;;;;;AVJS TRANSPORTES LTDA;02/07/2026;VIAGEM 418174
CBS4E68;12/05/2026;371204;Itapecerica da Serra;;10783.94;1524;119212.93;;;;;;;AVJS TRANSPORTES LTDA;12/05/2026;IVANILDO - 371204
BXA3A32;21/05/2026;5676688;Itapecerica da Serra;;17640;1400;174720;;;;;;;AVJS TRANSPORTES LTDA;21/05/2026;DONIZETE 395800
KHK7A54;21/05/2026;5676692;Itapecerica da Serra;;17640;1400;174720;;;;;;;AVJS TRANSPORTES LTDA;21/05/2026;IAGO 394841
BXA3A32;21/05/2026;395800;Itapecerica da Serra;;17640;1400;174720;;;;;;;AVJS TRANSPORTES LTDA;22/05/2026;
LYD2I40;21/05/2026;395802;Itapecerica da Serra;;15065.4;1500;186360;;;;;;;AVJS TRANSPORTES LTDA;22/05/2026;
KHK7A54;21/05/2026;394841;Itapecerica da Serra;;17640;1400;174720;;;;;;;AVJS TRANSPORTES LTDA;22/05/2026;
FDC7B81;30/06/2026;5821062;Itapevi;;5316.122;773;52109.63;;;;;;;AVJS TRANSPORTES LTDA;30/06/2026;VIAGEM 431421
GJA5C87;14/07/2026;5878939;Jandira;;13293.485;1375;118928.1;;;;;;;AVJS TRANSPORTES LTDA;14/07/2026;VIAGEM VAGNER SOARES 411977 E 435233
HJN3I47;03/08/2026;5961997;Jandira;1100;5140.5;605;50620.41;;;;;;;AVJS TRANSPORTES LTDA;03/08/2026;ADRIANO NASCIMENTO 435903
EGK0F31;06/05/2026;358913;Mauá;;12547.947;1388;128968.14;;;;;;;AVJS TRANSPORTES LTDA;07/05/2026;
CPO6D70;19/05/2026;389462;Mogi das Cruzes;;85.037;20;1439.72;;;;;;;AVJS TRANSPORTES LTDA;20/05/2026;
CPO6D70;27/05/2026;5695094;Mogi das Cruzes;;4334.708;478;42106.18;;;;;;;AVJS TRANSPORTES LTDA;27/05/2026;GUSTAVO AQUINO 384686
CPO6D70;27/04/2026;5590312;Osasco;;6259.251;1393;76768.8;;;;;;;AVJS TRANSPORTES LTDA;28/04/2026;Viagem 368012
CPO6D70;27/04/2026;368012;Osasco;;6259.251;1393;76768.8;;;;;;;AVJS TRANSPORTES LTDA;29/04/2026;
FTZ7705;06/05/2026;371239;Osasco;;6980.71;1045;78968.23;;;;;;;AVJS TRANSPORTES LTDA;07/05/2026;
GPE1J17;30/05/2026;5711582;Osasco;;3817.52;840;67476;;;;;;;AVJS TRANSPORTES LTDA;30/05/2026;FLAIO RODRIGUES 384116
AMF1H74;01/07/2026;5827604;Osasco;;4348.595;465;38161.17;;;;;;;AVJS TRANSPORTES LTDA;01/07/2026;VIAGEM 424830
GPE1J17;07/05/2026;371267;Ribeirão Pires;;4756.385;857;59983.52;;;;;;;AVJS TRANSPORTES LTDA;08/05/2026;
AAA1110;30/04/2026;358852;Santo André;;12722.574;1709;144975.16;;;;;;;AVJS TRANSPORTES LTDA;01/05/2026;
FTZ7705;07/05/2026;371223;Santo André;;5419.25;901;63988.29;;;;;;;AVJS TRANSPORTES LTDA;08/05/2026;
AAA1118;14/05/2026;371240;Santo André;;3694.56;717;49959.66;;;;;;;AVJS TRANSPORTES LTDA;15/05/2026;
GJA5C87;19/05/2026;384381;Santo André;;60.02;20;1203.6;;;;;;;AVJS TRANSPORTES LTDA;20/05/2026;
GJA5C87;16/05/2026;371279;Santos;;11485.11;1724;132966.21;;;;;;;AVJS TRANSPORTES LTDA;16/05/2026;
CUD7C94;16/04/2026;358444;São Bernardo do Campo;;6149.738;738;51963.32;;;;;;;AVJS TRANSPORTES LTDA;17/04/2026;
GJA5C87;15/04/2026;341259;São Bernardo do Campo;;4723.74;596;52163.4;;;;;;;AVJS TRANSPORTES LTDA;17/04/2026;
RVV3H37;17/04/2026;358182;São Bernardo do Campo;;1632.551;190;14626.23;;;;;;;AVJS TRANSPORTES LTDA;18/04/2026;
FTZ7705;05/05/2026;358840;São Bernardo do Campo;;9867.11;1105;101990.55;;;;;;;AVJS TRANSPORTES LTDA;06/05/2026;
CPO6D70;16/05/2026;387673;São Bernardo do Campo;;5633.659;807;51857.34;;;;;;;AVJS TRANSPORTES LTDA;16/05/2026;
FDC7B81;15/05/2026;369666;São Bernardo do Campo;;5664.604;708;63498.21;;;;;;;AVJS TRANSPORTES LTDA;16/05/2026;
MAA7J13;25/05/2026;5688415;São Bernardo do Campo;;10953.093;1622;118126.81;;;;;;;AVJS TRANSPORTES LTDA;25/05/2026;VIAGEM 393752
LYD2I40;25/05/2026;5688464;São Bernardo do Campo;;10948.094;1351;116020.73;;;;;;;AVJS TRANSPORTES LTDA;26/05/2026;VIAGEM 369631
BQX1C02;08/07/2026;5857654;São Bernardo do Campo;1100;4928.349;645;45474.33;;;;;;;AVJS TRANSPORTES LTDA;08/07/2026;joao brtio 433.800
CUD7C94;31/07/2026;5953854;São Bernardo do Campo;1408;6621.693;739;48940.72;;;;;;;AVJS TRANSPORTES LTDA;31/07/2026;VIAGEM 438708
FRE0656;31/07/2026;5954804;São Bernardo do Campo;1100;3037.291;307;20217.79;;;;;;;AVJS TRANSPORTES LTDA;31/07/2026;RAUL LEONEL 438724
CDL6947;31/07/2026;5954913;São Bernardo do Campo;1100;3207.951;443;28396.68;;;;;;;AVJS TRANSPORTES LTDA;31/07/2026;GUSTAVO AQUINO 438726
EFV3J22;25/08/2026;6046766;São Bernardo do Campo;2420;16833.36;1646;133681.2;;;;;;;AVJS TRANSPORTES LTDA;24/08/2026;ADRINO - VIAGEM - 442890
FTZ7705;16/04/2026;350812;São Paulo;;8006.28;812;79471.22;;;;;;;AVJS TRANSPORTES LTDA;17/04/2026;
CPO6D70;05/05/2026;369035;São Paulo;;4476.4;640;49536;;;;;;;AVJS TRANSPORTES LTDA;06/05/2026;
FDC7B81;06/05/2026;358865;São Paulo;;11403.718;1328;121935.42;;;;;;;AVJS TRANSPORTES LTDA;07/05/2026;
MAA7J13;06/05/2026;358857;São Paulo;;15746.735;1577;155343.99;;;;;;;AVJS TRANSPORTES LTDA;07/05/2026;
KHK7A54;07/05/2026;371774;São Paulo;;16520;1400;162920;;;;;;;AVJS TRANSPORTES LTDA;08/05/2026;
GPE1J17;08/05/2026;377351;São Paulo;;8120.269;950;69466.14;;;;;;;AVJS TRANSPORTES LTDA;09/05/2026;
CPO6D70;11/05/2026;381806;São Paulo;;4515.881;928;71644.83;;;;;;;AVJS TRANSPORTES LTDA;12/05/2026;
FTZ7705;11/05/2026;377682;São Paulo;;3748.989;353;32073.16;;;;;;;AVJS TRANSPORTES LTDA;12/05/2026;
CPO6D70;12/05/2026;383392;São Paulo;;5838.52;497;48275.57;;;;;;;AVJS TRANSPORTES LTDA;13/05/2026;
CDM6D22;13/05/2026;385537;São Paulo;;16043.334;1873;125251.07;;;;;;;AVJS TRANSPORTES LTDA;14/05/2026;
LYD2I40;15/05/2026;371237;São Paulo;;11031.22;1445;116114.01;;;;;;;AVJS TRANSPORTES LTDA;16/05/2026;
FDC7B81;16/05/2026;5656893;São Paulo;;5223.02;572;46319.04;;;;;;;AVJS TRANSPORTES LTDA;16/05/2026;VIAGEM 369666
AAA1110;16/05/2026;387640;São Paulo;;5223.02;572;46319.04;;;;;;;AVJS TRANSPORTES LTDA;17/05/2026;
CUD7C94;19/05/2026;376516;São Paulo;;7109.01;1015;71639.71;;;;;;;AVJS TRANSPORTES LTDA;20/05/2026;
AAA1110;20/05/2026;371230;São Paulo;;9107.48;1325;103321.58;;;;;;;AVJS TRANSPORTES LTDA;21/05/2026;
BXG8G10;21/05/2026;5676682;São Paulo;;15709.2;1400;163640;;;;;;;AVJS TRANSPORTES LTDA;21/05/2026;MARCOS VINICIUS 389137
BXG8G10;21/05/2026;389137;São Paulo;;15709.2;1400;163640;;;;;;;AVJS TRANSPORTES LTDA;22/05/2026;
FTZ7705;21/05/2026;371225;São Paulo;;7840.45;1093;83820.86;;;;;;;AVJS TRANSPORTES LTDA;22/05/2026;
GPE1J17;30/06/2026;5821075;São Paulo;;7999.313;1012;83478.34;;;;;;;AVJS TRANSPORTES LTDA;30/06/2026;VIAGEM 430010
RVV3H37;10/08/2026;5987946;São Paulo;2241.68;13362;1300;108000;;;;;;;AVJS TRANSPORTES LTDA;10/08/2026;EMERSON BERNALDO 440771
CDL6947;14/08/2026;6009214;São Paulo;1018.95;2744.769;322;22543.2;;;;;;;AVJS TRANSPORTES LTDA;14/08/2026;441939
AAA1119;14/05/2026;371191;São Vicente;;7107.625;1007;79373.98;;;;;;;AVJS TRANSPORTES LTDA;15/05/2026;
FPE1J17;09/06/2026;5740916;Suzano;;5098.786;728;43204.66;;;;;;;AVJS TRANSPORTES LTDA;09/06/2026;
CPO6D70;12/05/2026;382109;Taboão da Serra;;4292.077;907;68422.23;;;;;;;AVJS TRANSPORTES LTDA;13/05/2026;
AAA1119;21/05/2026;387651;Taboão da Serra;;9164.12;740;75072;;;;;;;AVJS TRANSPORTES LTDA;22/05/2026;
CDM6D22;16/09/2026;6135240;Itapecerica da Serra;2420;15066.894;1813;139518.09;;;;;;;AVJS TRANSPORTES LTDA;15/09/2026;VIAGEM - 447988/JOSE ALBERTO
UOL1C81;21/09/2026;6152078;Itaquaquecetuba;;5062.092;477;42744.54;;;;;;;AVJS TRANSPORTES LTDA;21/09/2026;FLAVIO RODRIGUES 447469
CUD7C94;14/09/2026;6129477;Santo André;1408;7001.702;851;64820.72;;;;;;;AVJS TRANSPORTES LTDA;14/09/2026;Rosalvo - 447.475
JMF6600;01/09/2026;6076615;São Paulo;2241.68;17010;1350;168174;;;;;;;AVJS TRANSPORTES LTDA;01/09/2026;VIAGEM - 445413
CUD7C94;01/09/2026;6076616;São Paulo;1018.95;3932;400;40464;;;;;;;AVJS TRANSPORTES LTDA;01/09/2026;VIAGEM - 445415
HJN3I47;16/09/2026;6136887;São Paulo;1018.95;4575.708;449;38783.26;;;;;;;AVJS TRANSPORTES LTDA;16/09/2026;Adriano - 448.084
EGV6G29;27/04/2026;5590011;Araçoiaba da Serra;;955.374;83;9347.49;;;;;;;65.633.818 ALEX ALVES DA SILVA;28/04/2026;Viagem 367056
DMN8C09;13/06/2026;5763682;Araçoiaba da Serra;800;689.219;127;10197.87;;;;;;;65.633.818 ALEX ALVES DA SILVA;13/06/2026;VIAGEM 407881
EDC2J45;02/09/2026;6080825;Araçoiaba da Serra;800;1050.267;104;11250.22;;;;;;;65.633.818 ALEX ALVES DA SILVA;01/09/2026;VIAGEM - 445351
DMN8C09;20/05/2026;5672178;Atibaia;520;796.056;141;9850.5;;;;;;;65.633.818 ALEX ALVES DA SILVA;20/05/2026;Viagem 389924
EDC2J45;04/05/2026;374480;Bragança Paulista;;189.322;26;2592.64;;;;;;;65.633.818 ALEX ALVES DA SILVA;05/05/2026;
EDC2J45;09/05/2026;379826;Cabreúva;;216.435;42;3616.69;;;;;;;65.633.818 ALEX ALVES DA SILVA;09/05/2026;
EGV6G29;05/06/2026;5728647;Caieiras;700;383.21;159;11031.15;;;;;;;65.633.818 ALEX ALVES DA SILVA;03/06/2026;VIAGEM 409863
EGV6G29;25/04/2026;364086;Cajamar;;498.926;144;18583.87;;;;;;;65.633.818 ALEX ALVES DA SILVA;25/04/2026;
EDC2J45;14/07/2026;5882845;Cajamar;700;676.447;171;23112.94;;;;;;;65.633.818 ALEX ALVES DA SILVA;14/07/2026;433776
EGV6G29;26/06/2026;5809093;Cajati;1500;979.119;181;11686.98;;;;;;;65.633.818 ALEX ALVES DA SILVA;26/06/2026;VIAGEM 430502
EDC2J45;27/05/2026;5693935;Carapicuíba;500;1593.894;248;15993.45;;;;;;;65.633.818 ALEX ALVES DA SILVA;27/05/2026;Viagem 399401
EGV6G29;16/06/2026;5768942;Cotia;500;282.066;61;3746.46;;;;;;;65.633.818 ALEX ALVES DA SILVA;16/06/2026;VIAGEM 408813
EGV6G29;09/09/2026;6105042;Cotia;500;685.068;59;5705.4;;;;;;;65.633.818 ALEX ALVES DA SILVA;09/09/2026;447684
EDC2J45;18/05/2026;384681;Cubatão;700;1033.457;154;10530.93;;;;;;;65.633.818 ALEX ALVES DA SILVA;19/05/2026;
EDC2J45;16/04/2026;360095;Diadema;;433.216;57;4492.56;;;;;;;65.633.818 ALEX ALVES DA SILVA;17/04/2026;
EDC2J45;16/04/2026;360159;Diadema;;387.54;20;2820;;;;;;;65.633.818 ALEX ALVES DA SILVA;18/04/2026;
EGV6G29;05/05/2026;378341;Embu das Artes;;540.651;102;5753.21;;;;;;;65.633.818 ALEX ALVES DA SILVA;06/05/2026;
EDC2J45;23/07/2026;5924954;Embu das Artes;500;962.241;230;16989.02;;;;;;;65.633.818 ALEX ALVES DA SILVA;23/07/2026;437200
EDC2J45;13/05/2026;386989;Ferraz de Vasconcelos;420;917.236;156;11370.08;;;;;;;65.633.818 ALEX ALVES DA SILVA;14/05/2026;
FCM6A65;06/08/2026;5981055;Ferraz de Vasconcelos;500;1323.694;143;13348.92;;;;;;;65.633.818 ALEX ALVES DA SILVA;06/08/2026;GUILHERME ARAUJO - 438910
EDC2J45;07/08/2026;5979812;Francisco Morato;700;1629.878;209;16057.58;;;;;;;65.633.818 ALEX ALVES DA SILVA;06/08/2026;VIAGEM 439195
EDC2J45;20/05/2026;5669396;Franco da Rocha;700;1619.613;276;22286.04;;;;;;;65.633.818 ALEX ALVES DA SILVA;20/05/2026;
EDC2J45;20/05/2026;390947;Franco da Rocha;700;1619.613;276;22286.04;;;;;;;65.633.818 ALEX ALVES DA SILVA;21/05/2026;
EDC2J45;13/07/2026;5877207;Franco da Rocha;700;1614.059;261;17440.81;;;;;;;65.633.818 ALEX ALVES DA SILVA;13/07/2026;435048
EGV6G29;21/05/2026;5675836;Guarulhos;420;756.909;106;8458.61;;;;;;;65.633.818 ALEX ALVES DA SILVA;21/05/2026;VIAGEM 388815
EGV6G29;21/05/2026;391477;Guarulhos;420;120.18;12;1749;;;;;;;65.633.818 ALEX ALVES DA SILVA;22/05/2026;
EGV6G29;21/05/2026;388815;Guarulhos;420;636.729;94;6709.61;;;;;;;65.633.818 ALEX ALVES DA SILVA;22/05/2026;
EPZ9A04;05/08/2026;5970968;Guarulhos;500;610.098;105;7960;;;;;;;65.633.818 ALEX ALVES DA SILVA;05/08/2026;VIAGEM 439128
EGV6G29;12/08/2026;5998214;Guarulhos;500;768.802;137;9729.86;;;;;;;65.633.818 ALEX ALVES DA SILVA;12/08/2026;WILLIAN LUKA
EDC2J45;22/09/2026;6156674;Guarulhos;500;1628.068;156;14844.43;;;;;;;65.633.818 ALEX ALVES DA SILVA;22/09/2026;VIAGEM - 451329
DMN8C09;02/06/2026;5718117;Hortolândia;800;759.834;78;8034.94;;;;;;;65.633.818 ALEX ALVES DA SILVA;01/06/2026;VIAGEM 403553
EDC2J45;01/09/2026;6074980;Indaiatuba;800;1119.78;204;12158.72;;;;;;;65.633.818 ALEX ALVES DA SILVA;31/08/2026;Alex - 443235
EDC2J45;08/07/2026;5855585;Itapecerica da Serra;500;315.3;125;10000;;;;;;;65.633.818 ALEX ALVES DA SILVA;08/07/2026;VIAGEM 433771
EDC2J45;05/08/2026;5971216;Itapevi;700;1234.687;180;14594.54;;;;;;;65.633.818 ALEX ALVES DA SILVA;05/08/2026;VIAGEM 438927
EGV6G29;17/04/2026;361314;Itaquaquecetuba;520;793.003;132;8305.54;;;;;;;65.633.818 ALEX ALVES DA SILVA;18/04/2026;
FCM6A65;18/06/2026;5779163;Itaquaquecetuba;700;992.698;92;9525;;;;;;;65.633.818 ALEX ALVES DA SILVA;18/06/2026;
EGV6G29;14/09/2026;6122378;Itaquaquecetuba;700;815.247;70;7863.84;;;;;;;65.633.818 ALEX ALVES DA SILVA;11/09/2026;VIAGEM - 448501
EGV6G29;02/06/2026;5716525;Itupeva;700;492.801;90;7071.75;;;;;;;65.633.818 ALEX ALVES DA SILVA;01/06/2026;ISMAEL ALVES 405897
EDC2J45;11/05/2026;385375;Jarinu;;125;50;4890;;;;;;;65.633.818 ALEX ALVES DA SILVA;12/05/2026;
EDC2J45;11/05/2026;5631812;Jundiaí;;980.607;87;8915.52;;;;;;;65.633.818 ALEX ALVES DA SILVA;11/05/2026;ALEX ALVES - 379826
DMN8C09;30/05/2026;5710926;Jundiaí;700;211.433;32;2524.58;;;;;;;65.633.818 ALEX ALVES DA SILVA;30/05/2026;VIAGEM 405995
EGV6G29;11/06/2026;5749950;Jundiaí;700;805.03;62;6103.5;;;;;;;65.633.818 ALEX ALVES DA SILVA;10/06/2026;VIAGEM 411986
EDC2J45;21/04/2026;359337;Mauá;;1286.536;233;13869.76;;;;;;;65.633.818 ALEX ALVES DA SILVA;23/04/2026;
EDC2J45;04/05/2026;5607267;Mauá;;1490.117;224;16355.1;;;;;;;65.633.818 ALEX ALVES DA SILVA;04/05/2026;Viagem 374546
EDC2J45;01/05/2026;374546;Mauá;500;1252.169;184;13100.04;;;;;;;65.633.818 ALEX ALVES DA SILVA;05/05/2026;
EGV6G29;12/05/2026;385832;Mogi das Cruzes;;933.552;102;9068.29;;;;;;;65.633.818 ALEX ALVES DA SILVA;13/05/2026;
EGV6G29;07/05/2026;381347;Osasco;;599.159;120;9189.28;;;;;;;65.633.818 ALEX ALVES DA SILVA;08/05/2026;
EDC2J45;12/05/2026;384017;Osasco;;1619.222;158;14687.93;;;;;;;65.633.818 ALEX ALVES DA SILVA;13/05/2026;
EDC2J45;29/05/2026;5705416;Osasco;420;630.706;159;16162.56;;;;;;;65.633.818 ALEX ALVES DA SILVA;29/05/2026;Alex Alves Viagem 400649
EGV6G29;22/09/2026;6156703;Osasco;500;613.968;90;7229.28;;;;;;;65.633.818 ALEX ALVES DA SILVA;22/09/2026;VIAGEM - 451335
EDC2J45;13/05/2026;385866;Poá;520;318.986;40;3333.55;;;;;;;65.633.818 ALEX ALVES DA SILVA;14/05/2026;
EGV6G29;23/09/2026;6161980;Poá;700;894.868;156;10190.69;;;;;;;65.633.818 ALEX ALVES DA SILVA;23/09/2026;VIAGEM - 452244
EGV6G29;15/05/2026;387697;Praia Grande;520;474.455;63;4588.8;;;;;;;65.633.818 ALEX ALVES DA SILVA;16/05/2026;
EGV6G29;15/05/2026;388870;Praia Grande;520;103.645;5;1030.8;;;;;;;65.633.818 ALEX ALVES DA SILVA;16/05/2026;
EDC2J45;18/05/2026;5660892;Praia Grande;700;1033.457;154;10530.93;;;;;;;65.633.818 ALEX ALVES DA SILVA;18/05/2026;VIAGEM 384681 E 389561
EDC2J45;18/05/2026;389561;Praia Grande;520;177.941;15;2970.72;;;;;;;65.633.818 ALEX ALVES DA SILVA;19/05/2026;
EGV6G29;19/05/2026;384756;Praia Grande;520;756.761;154;9473.89;;;;;;;65.633.818 ALEX ALVES DA SILVA;19/05/2026;
EGV6G29;18/06/2026;5776977;Praia Grande;700;506.749;106;7688.81;;;;;;;65.633.818 ALEX ALVES DA SILVA;17/06/2026;ISMAEL ALVES  408818 e 420155
DMN8C09;10/06/2026;5746352;São Bernardo do Campo;500;876.972;144;10006.53;;;;;;;65.633.818 ALEX ALVES DA SILVA;10/06/2026;VIAGEM 415006
EDC2J45;14/09/2026;6121123;São José dos Campos;800;1452.96;129;13555.44;;;;;;;65.633.818 ALEX ALVES DA SILVA;11/09/2026;VIAGEM - 448742
EDC2J45;17/04/2026;359993;São Paulo;;1068.617;170;13081.77;;;;;;;65.633.818 ALEX ALVES DA SILVA;18/04/2026;
EDC2J45;22/04/2026;364745;São Paulo;;1043.419;112;10590.46;;;;;;;65.633.818 ALEX ALVES DA SILVA;23/04/2026;
EGV6G29;22/04/2026;363458;São Paulo;;408.801;74;4850.11;;;;;;;65.633.818 ALEX ALVES DA SILVA;24/04/2026;
EGV6G29;28/04/2026;370953;São Paulo;;402.969;62;4302.96;;;;;;;65.633.818 ALEX ALVES DA SILVA;29/04/2026;
EGV6G29;28/04/2026;370955;São Paulo;;42.46;10;629.4;;;;;;;65.633.818 ALEX ALVES DA SILVA;29/04/2026;Viagem 370955
EDC2J45;30/04/2026;373167;São Paulo;;492.519;53;3376.14;;;;;;;65.633.818 ALEX ALVES DA SILVA;30/04/2026;
EGV6G29;30/04/2026;374878;São Paulo;;464.628;24;3623.4;;;;;;;65.633.818 ALEX ALVES DA SILVA;01/05/2026;
EGV6G29;30/04/2026;374877;São Paulo;;217.509;52;3170.81;;;;;;;65.633.818 ALEX ALVES DA SILVA;01/05/2026;
EDC2J45;30/04/2026;373168;São Paulo;;47.979;3;577.8;;;;;;;65.633.818 ALEX ALVES DA SILVA;01/05/2026;
EGV6G29;04/05/2026;375701;São Paulo;;505.157;138;6705.51;;;;;;;65.633.818 ALEX ALVES DA SILVA;05/05/2026;
EGV6G29;04/05/2026;375767;São Paulo;500;408.697;20;3369.36;;;;;;;65.633.818 ALEX ALVES DA SILVA;06/05/2026;
EDC2J45;06/05/2026;377749;São Paulo;;865.028;122;9675.36;;;;;;;65.633.818 ALEX ALVES DA SILVA;07/05/2026;
EGV6G29;06/05/2026;380123;São Paulo;;852.841;106;9491.76;;;;;;;65.633.818 ALEX ALVES DA SILVA;08/05/2026;
EDC2J45;07/05/2026;380520;São Paulo;;865.255;201;12250.25;;;;;;;65.633.818 ALEX ALVES DA SILVA;08/05/2026;
EGV6G29;08/05/2026;379167;São Paulo;;749.641;118;9772.31;;;;;;;65.633.818 ALEX ALVES DA SILVA;09/05/2026;
EDC2J45;15/05/2026;5655334;São Paulo;420;550.376;62;6104.64;;;;;;;65.633.818 ALEX ALVES DA SILVA;15/05/2026;VIAGEM 388209
EGV6G29;19/05/2026;5666400;São Paulo;420;890.863;91;8954.19;;;;;;;65.633.818 ALEX ALVES DA SILVA;19/05/2026;VIAGEM 389759
EGV6G29;19/05/2026;389726;São Paulo;420;692.975;40;6111.6;;;;;;;65.633.818 ALEX ALVES DA SILVA;20/05/2026;
EGV6G29;19/05/2026;389759;São Paulo;420;197.888;51;2842.59;;;;;;;65.633.818 ALEX ALVES DA SILVA;20/05/2026;
EDC2J45;21/05/2026;5675841;São Paulo;500;1221.247;220;13680.83;;;;;;;65.633.818 ALEX ALVES DA SILVA;21/05/2026;389990
EGV6G29;21/05/2026;395105;São Paulo;420;39.6;11;598.2;;;;;;;65.633.818 ALEX ALVES DA SILVA;22/05/2026;
EDC2J45;21/05/2026;389990;São Paulo;500;1221.247;220;13680.83;;;;;;;65.633.818 ALEX ALVES DA SILVA;22/05/2026;
EGV6G29;21/05/2026;392663;São Paulo;420;784.424;77;7906.02;;;;;;;65.633.818 ALEX ALVES DA SILVA;22/05/2026;
EDC2J45;21/05/2026;390023;São Paulo;420;16.414;4;235.2;;;;;;;65.633.818 ALEX ALVES DA SILVA;22/05/2026;
EGV6G29;22/05/2026;5679454;São Paulo;420;593.204;170;10189.3;;;;;;;65.633.818 ALEX ALVES DA SILVA;22/05/2026;VIAGEM 392863
DMN8C09;23/05/2026;5681707;São Paulo;420;22.175;2;209.88;;;;;;;65.633.818 ALEX ALVES DA SILVA;23/05/2026;VIAGEM 399363
EGV6G29;27/05/2026;5693609;São Paulo;420;500.127;87;6621.73;;;;;;;65.633.818 ALEX ALVES DA SILVA;27/05/2026;VIAGEM 400815
DMN8C09;27/05/2026;5693637;São Paulo;420;908.936;107;7912.03;;;;;;;65.633.818 ALEX ALVES DA SILVA;27/05/2026;VIAGEM 400913
EGV6G29;06/06/2026;5734125;São Paulo;500;780;150;4740;;;;;;;65.633.818 ALEX ALVES DA SILVA;05/06/2026;VIAGEM 414726
DMN8C09;08/06/2026;5734385;São Paulo;500;513.21;90;7284.73;;;;;;;65.633.818 ALEX ALVES DA SILVA;06/06/2026;VIAGEM 413984
EDC2J45;11/06/2026;5751377;São Paulo;500;1572.99;145;10163.88;;;;;;;65.633.818 ALEX ALVES DA SILVA;11/06/2026;VIAGEM 418832
EGV6G29;15/06/2026;5761553;São Paulo;500;643.197;103;8475.72;;;;;;;65.633.818 ALEX ALVES DA SILVA;12/06/2026;VIAGEM 416192
EGV6G29;22/06/2026;5785851;São Paulo;500;685.561;119;7006.19;;;;;;;65.633.818 ALEX ALVES DA SILVA;19/06/2026;VIAGEM 408803
EDC2J45;22/06/2026;5788491;São Paulo;500;689.221;118;7548.78;;;;;;;65.633.818 ALEX ALVES DA SILVA;19/06/2026;VIAGEM 426033
EGV6G29;23/06/2026;5794740;São Paulo;500;672.389;110;7704.29;;;;;;;65.633.818 ALEX ALVES DA SILVA;22/06/2026;VIAGEM 423947
EGV6G29;24/06/2026;5800480;São Paulo;500;671.918;108;7164.51;;;;;;;65.633.818 ALEX ALVES DA SILVA;24/06/2026;VIAGEM 429638
EDC2J45;03/07/2026;5837821;São Paulo;500;1397.143;223;17908.68;;;;;;;65.633.818 ALEX ALVES DA SILVA;02/07/2026;VIAGEM 430449
EGV6G29;09/07/2026;5862679;São Paulo;500;967.772;136;13301;;;;;;;65.633.818 ALEX ALVES DA SILVA;09/07/2026;433756
EDC2J45;15/07/2026;5888804;São Paulo;500;1034.441;222;14505.99;;;;;;;65.633.818 ALEX ALVES DA SILVA;15/07/2026;435481
EGV6G29;18/07/2026;5902615;São Paulo;500;301.881;67;4687.82;;;;;;;65.633.818 ALEX ALVES DA SILVA;18/07/2026;VIAGEM 436064
EGV6G29;05/08/2026;5973221;São Paulo;500;760.763;145;11011.18;;;;;;;65.633.818 ALEX ALVES DA SILVA;05/08/2026;439.401 willian luka
EDC2J45;10/08/2026;5983613;São Paulo;500;814.432;257;18659.76;;;;;;;65.633.818 ALEX ALVES DA SILVA;07/08/2026;VIAGEM 440524
EGV6G29;07/08/2026;5985848;São Paulo;500;754.541;101;8329.37;;;;;;;65.633.818 ALEX ALVES DA SILVA;07/08/2026;VIAGEM 439419
EGV6G29;11/08/2026;5992742;São Paulo;500;357.971;58;4670.7;;;;;;;65.633.818 ALEX ALVES DA SILVA;10/08/2026;VIAGEM 440153
EGV6G29;14/08/2026;6013970;São Paulo;500;708.029;161;15326.46;;;;;;;65.633.818 ALEX ALVES DA SILVA;15/08/2026;442213
EDC2J45;29/08/2026;6068306;São Paulo;500;1546.527;175;15725.04;;;;;;;65.633.818 ALEX ALVES DA SILVA;29/08/2026;ALEX 445162
EGV6G29;02/09/2026;6080657;São Paulo;500;483.764;54;5306.58;;;;;;;65.633.818 ALEX ALVES DA SILVA;01/09/2026;VIAGEM - 445444
EDC2J45;04/09/2026;6091822;São Paulo;500;1127.719;125;11368.9;;;;;;;65.633.818 ALEX ALVES DA SILVA;04/09/2026;VIAGEM - 446097
EDC2J45;08/09/2026;6101541;São Paulo;500;1486.689;181;15116.31;;;;;;;65.633.818 ALEX ALVES DA SILVA;08/09/2026;Viagem - 447245
EDC2J45;10/09/2026;6111211;São Paulo;500;981.474;151;12757.76;;;;;;;65.633.818 ALEX ALVES DA SILVA;10/09/2026;VIAGEM - 447982
EDC2J45;11/09/2026;6116970;São Paulo;500;1535.222;181;15213.52;;;;;;;65.633.818 ALEX ALVES DA SILVA;10/09/2026;VIAGEM - 448636
EGV6G29;15/09/2026;6129965;São Paulo;500;696.844;104;8900.86;;;;;;;65.633.818 ALEX ALVES DA SILVA;15/09/2026;VIAGEM - 445270
EGV6G29;16/09/2026;6135144;São Paulo;500;898.586;99;9659.98;;;;;;;65.633.818 ALEX ALVES DA SILVA;15/09/2026;VIAGEM - 449364
EDC2J45;16/09/2026;6135145;São Paulo;500;1491.221;191;15756.16;;;;;;;65.633.818 ALEX ALVES DA SILVA;15/09/2026;VIAGEM - 449362/450053
DMN8C09;09/06/2026;5740794;São Vicente;700;899.971;215;14378.89;;;;;;;65.633.818 ALEX ALVES DA SILVA;09/06/2026;VIAGEM 408817
EGV6G29;01/08/2026;5959440;São Vicente;700;747.42;60;6120;;;;;;;65.633.818 ALEX ALVES DA SILVA;01/08/2026;VIAGEM 437976
EDC2J45;03/09/2026;6086095;São Vicente;700;1180.623;155;12522.45;;;;;;;65.633.818 ALEX ALVES DA SILVA;03/09/2026;Alex - 445655 / 445656
DMN8C09;21/05/2026;5676998;Sorocaba;650;721.741;125;9031.08;;;;;;;65.633.818 ALEX ALVES DA SILVA;21/05/2026;VIAGEM 389528
EGV6G29;08/09/2026;6099721;Suzano;700;104.183;13;1479.12;;;;;;;65.633.818 ALEX ALVES DA SILVA;07/09/2026;VIAGEM - 447216
EGV6G29;19/06/2026;5781601;Taboão da Serra;500;701.421;99;6768.94;;;;;;;65.633.818 ALEX ALVES DA SILVA;18/06/2026;VIAGEM 424904
EGV6G29;27/04/2026;367056;Tatuí;;955.374;83;9347.49;;;;;;;65.633.818 ALEX ALVES DA SILVA;29/04/2026;
EGV6G29;30/05/2026;5710922;Várzea Paulista;700;477.441;75;4981.38;;;;;;;65.633.818 ALEX ALVES DA SILVA;30/05/2026;VIAGEM 406365
DMN8C09;11/06/2026;5751379;Várzea Paulista;700;670.005;93;6178.85;;;;;;;65.633.818 ALEX ALVES DA SILVA;11/06/2026;VIAGEM 415301
EGV6G29;29/04/2026;373189;Votorantim;;88.554;45;2866.9;;;;;;;65.633.818 ALEX ALVES DA SILVA;30/04/2026;
EDC2J45;09/09/2026;6104963;Votorantim;800;1307.061;129;12525.21;;;;;;;65.633.818 ALEX ALVES DA SILVA;09/09/2026;VIAGEM - 447664
CZC5B64;29/05/2026;5705635;Cajamar;;17640;1400;157920;;;;;;;ANDERSON FERREIRA RIBEIRO TRANSPORTES;29/05/2026;Paulo Viagem 399365
CZC5B64;02/09/2026;6077689;Diadema;2045.45;12154.51;1521;128379.08;;;;;;;ANDERSON FERREIRA RIBEIRO TRANSPORTES;01/09/2026;Paulo - 445175
CZC5B64;28/07/2026;5937582;Embu das Artes;2045.45;15090;600;58800;;;;;;;ANDERSON FERREIRA RIBEIRO TRANSPORTES;28/07/2026;Paulo - 437497
CZC5B64;02/06/2026;5718269;Guarujá;;9950.289;1455;115803.53;;;;;;;ANDERSON FERREIRA RIBEIRO TRANSPORTES;02/06/2026;VIAGEM 397362
CZC5B64;07/05/2026;373756;Guarulhos;;12448.328;1257;115963.88;;;;;;;ANDERSON FERREIRA RIBEIRO TRANSPORTES;08/05/2026;
CZC5B64;11/08/2026;5993366;Guarulhos;2045.45;19203.6;1560;168480;;;;;;;ANDERSON FERREIRA RIBEIRO TRANSPORTES;11/08/2026;Paulo - 440541
CZC5B64;18/07/2026;5903885;Itapecerica da Serra;2045.45;12825.58;1391;118151.47;;;;;;;ANDERSON FERREIRA RIBEIRO TRANSPORTES;18/07/2026;435.874
CZC5B64;10/09/2026;6115889;Itapecerica da Serra;2045.45;19203.6;1560;159120;;;;;;;ANDERSON FERREIRA RIBEIRO TRANSPORTES;10/09/2026;
CZC5B64;14/09/2026;6121100;Itapevi;2045.45;13098.6;1170;147420;;;;;;;ANDERSON FERREIRA RIBEIRO TRANSPORTES;11/09/2026;VIAGEM - 442449
CZC5B64;06/05/2026;5616085;Jundiaí;;17640;1400;134400;;;;;;;ANDERSON FERREIRA RIBEIRO TRANSPORTES;06/05/2026;PAULO 366230
CZC5B64;05/05/2026;366230;Jundiaí;;17640;1400;134400;;;;;;;ANDERSON FERREIRA RIBEIRO TRANSPORTES;07/05/2026;
CZC5B64;23/04/2026;361846;Osasco;;18154.92;1420;168576;;;;;;;ANDERSON FERREIRA RIBEIRO TRANSPORTES;24/04/2026;
CZC5B64;11/05/2026;5631968;Osasco;;14094.1;1959;114192.6;;;;;;;ANDERSON FERREIRA RIBEIRO TRANSPORTES;11/05/2026;PAULO - 376660
CZC5B64;08/05/2026;376660;Osasco;;14094.1;1959;114192.6;;;;;;;ANDERSON FERREIRA RIBEIRO TRANSPORTES;12/05/2026;
CZC5B64;05/08/2026;5973031;Santo André;2045.45;12640.192;1879;139947.66;;;;;;;ANDERSON FERREIRA RIBEIRO TRANSPORTES;05/08/2026;PAULO  - 435670
CZC5B64;17/04/2026;333323;São Paulo;;9290.755;1284;110723.8;;;;;;;ANDERSON FERREIRA RIBEIRO TRANSPORTES;17/04/2026;
CZC5B64;19/04/2026;363260;São Paulo;;16380;1300;146640;;;;;;;ANDERSON FERREIRA RIBEIRO TRANSPORTES;21/04/2026;
CZC5B64;28/04/2026;341158;São Paulo;;1539.918;359;23582.43;;;;;;;ANDERSON FERREIRA RIBEIRO TRANSPORTES;29/04/2026;
CZC5B64;15/05/2026;369661;São Paulo;;14547.923;1624;148848.55;;;;;;;ANDERSON FERREIRA RIBEIRO TRANSPORTES;16/05/2026;
CZC5B64;10/07/2026;5870055;São Paulo;1894.74;10367.519;1391;97520.4;;;;;;;ANDERSON FERREIRA RIBEIRO TRANSPORTES;11/07/2026;430042
CZC5B64;24/08/2026;6042497;Sumaré;3068.18;11673.4;1000;74000;;;;;;;ANDERSON FERREIRA RIBEIRO TRANSPORTES;24/08/2026;Paulo - 440782
CZC5B64;09/09/2026;6106790;Sumaré;3068.18;16300.624;1546;135797.23;;;;;;;ANDERSON FERREIRA RIBEIRO TRANSPORTES;09/09/2026;Paulo - 444970
CZC5B64;30/04/2026;358772;Suzano;;8550.834;1006;90940.12;;;;;;;ANDERSON FERREIRA RIBEIRO TRANSPORTES;01/05/2026;
CZC5B64;30/04/2026;371712;Suzano;;307.293;15;2430.24;;;;;;;ANDERSON FERREIRA RIBEIRO TRANSPORTES;01/05/2026;
CZC5B64;30/04/2026;358842;Taboão da Serra;;18344.808;1644;173269.9;;;;;;;ANDERSON FERREIRA RIBEIRO TRANSPORTES;01/05/2026;
CZC5B64;11/09/2026;6117738;Vargem Grande Paulista;2045.45;19432.92;1560;140025.6;;;;;;;ANDERSON FERREIRA RIBEIRO TRANSPORTES;11/09/2026;Paulo - 440532
AAA1120;08/09/2026;6100429;Bragança Paulista;;830.565;146;11773.1;;;;;;;EMERSON DA SILVA MOURA;08/09/2026;JAIRO 445.738
ELQ6181;12/05/2026;385173;Cajati;;676.659;192;10491.38;;;;;;;EMERSON DA SILVA MOURA;12/05/2026;
ELQ6181;25/04/2026;363392;Capão Bonito;;1085.992;138;9200.67;;;;;;;EMERSON DA SILVA MOURA;26/04/2026;
ELQ6181;25/04/2026;368577;Capão Bonito;;419.122;64;4973;;;;;;;EMERSON DA SILVA MOURA;26/04/2026;
ELQ6181;04/08/2026;5969102;Capão Bonito;;5156.62;615;61183.03;;;;;;;EMERSON DA SILVA MOURA;04/08/2026;438.306
ELQ6181;24/08/2026;6041928;Capão Bonito;;7203.156;1079;79240.76;;;;;;;EMERSON DA SILVA MOURA;24/08/2026;VIAGEM
TZJ0B26;08/09/2026;6100387;Diadema;;522.644;82;5240.12;;;;;;;EMERSON DA SILVA MOURA;08/09/2026;glaucio 446.686
ELQ6181;17/09/2026;6163708;Diadema;;9035.645;758;67861.2;;;;;;;EMERSON DA SILVA MOURA;23/09/2026;VIAGEM 447228
TZJ0B26;11/09/2026;6166762;Dracena;;319.555;57;3227.77;;;;;;;EMERSON DA SILVA MOURA;23/09/2026;Glaucio - 448473
HLB4408;29/05/2026;5699399;Embu-Guaçu;;622.202;107;6268.01;;;;;;;EMERSON DA SILVA MOURA;28/05/2026;JAIRO 404543
ELQ6181;18/04/2026;350771;Ferraz de Vasconcelos;;5331.285;598;55612.53;;;;;;;EMERSON DA SILVA MOURA;19/04/2026;
ELQ6181;22/06/2026;5791596;Guarulhos;;11573.47;1015;90663.6;;;;;;;EMERSON DA SILVA MOURA;22/06/2026;VIAGEM 420119
FEZ9J52;10/07/2026;5865441;Guarulhos;;2127.45;177;16721.85;;;;;;;EMERSON DA SILVA MOURA;10/07/2026;JAIRO LEONARDO 429491
HLB4408;17/08/2026;6015394;Hortolândia;;544.348;82;7716.36;;;;;;;EMERSON DA SILVA MOURA;17/08/2026;GLAUCIO 442073
HLB4408;22/09/2026;6158296;Igaratá;;506.131;45;5136.74;;;;;;;EMERSON DA SILVA MOURA;22/09/2026;Jairo - 452.103
SKQ1C54;29/04/2026;372799;Itaberaba;;37526.1;3000;205860;;;;;;;EMERSON DA SILVA MOURA;30/04/2026;Viagem 372799
ELQ6181;17/04/2026;361742;Itapecerica da Serra;;8652.024;857;70334.67;;;;;;;EMERSON DA SILVA MOURA;18/04/2026;
HLB4408;18/09/2026;6147028;Itapetininga;;665.611;125;10994.87;;;;;;;EMERSON DA SILVA MOURA;18/09/2026;Jairo - 450.744
ELQ6181;25/04/2026;368804;Itapeva;;415.3;65;5283.27;;;;;;;EMERSON DA SILVA MOURA;26/04/2026;
ELQ6181;25/04/2026;363393;Itapeva;;2685.288;483;29034.31;;;;;;;EMERSON DA SILVA MOURA;26/04/2026;
TZJ0B26;27/08/2026;6057572;Itapevi;;105;50;4205.75;;;;;;;EMERSON DA SILVA MOURA;27/08/2026;GLAUCIO LIMA DE BRITO 444507
FTX7509;03/09/2026;6166057;Itapevi;;1098.89;190;13831.67;;;;;;;EMERSON DA SILVA MOURA;23/09/2026;Jairo - 445502
ELQ6181;18/06/2026;5779630;Jacareí;;3742.26;365;31732.81;;;;;;;EMERSON DA SILVA MOURA;18/06/2026;VIAGEM 410618 E 387601
FEZ9J52;20/07/2026;5904931;Jarinu;;1997.512;259;20584.3;;;;;;;EMERSON DA SILVA MOURA;20/07/2026;JAIRO LEONARDO 435575
HLB4408;01/09/2026;6165466;Jarinu;;237.06;81;7712.65;;;;;;;EMERSON DA SILVA MOURA;23/09/2026;Jairo - 445425
ELQ6181;01/06/2026;5713794;Jaú;;6542.704;588;68616.36;;;;;;;EMERSON DA SILVA MOURA;01/06/2026;EMERSON 403390
AAA1118;17/09/2026;6163740;Mogi das Cruzes;;4897.311;935;57120.79;;;;;;;EMERSON DA SILVA MOURA;23/09/2026;GLAUCIO LIMA DE BRITO 448928
ELQ6181;23/04/2026;365636;Mogi Mirim;;5231.94;420;46771.2;;;;;;;EMERSON DA SILVA MOURA;24/04/2026;
ELQ6181;25/04/2026;364087;Pilar do Sul;;31.528;13;874.8;;;;;;;EMERSON DA SILVA MOURA;26/04/2026;
ELQ6181;25/04/2026;363359;Pilar do Sul;;1937.405;267;18763.56;;;;;;;EMERSON DA SILVA MOURA;26/04/2026;
ELQ6181;22/09/2026;6160699;Pilar do Sul;;4347.976;459;43921.94;;;;;;;EMERSON DA SILVA MOURA;22/09/2026;VIAGEM 451327, 451328 E 451330
ELQ6181;12/05/2026;385172;Registro;;5031.808;742;51882.34;;;;;;;EMERSON DA SILVA MOURA;12/05/2026;EMERSON 385172
ELQ6181;10/09/2026;6166695;Santana de Parnaíba;;9346.287;1523;45550.55;;;;;;;EMERSON DA SILVA MOURA;23/09/2026;Emerson - 446095
FJV6265;24/08/2026;6042182;Santo André;;1068.667;255;11612.2;;;;;;;EMERSON DA SILVA MOURA;24/08/2026;JAIRO LEONARDO LOPES 443702 e 443703
HLB4408;16/09/2026;6139686;Santo André;;594.674;43;7437.6;;;;;;;EMERSON DA SILVA MOURA;16/09/2026;JAIRO- 447997
HLB4408;12/09/2026;6166525;Santo André;;330.027;23;3207.17;;;;;;;EMERSON DA SILVA MOURA;23/09/2026;JAIRO 448662 E 448599
HLB4408;10/09/2026;6166661;Santo André;;481.063;97;7348.29;;;;;;;EMERSON DA SILVA MOURA;23/09/2026;Jairo - 447987
TZJ0B26;13/09/2026;6166519;São José dos Campos;;281.163;21;2697.72;;;;;;;EMERSON DA SILVA MOURA;23/09/2026;JAIRO 446299
ELQ6181;17/04/2026;362930;São Paulo;;251.412;33;3340.4;;;;;;;EMERSON DA SILVA MOURA;18/04/2026;
ELQ6181;25/04/2026;363161;São Paulo;;1865.094;286;17976.7;;;;;;;EMERSON DA SILVA MOURA;26/04/2026;
ELQ6181;13/05/2026;382105;São Paulo;;6622.633;1291;102104.59;;;;;;;EMERSON DA SILVA MOURA;14/05/2026;
AAA1119;16/05/2026;387643;São Paulo;;10798.618;1718;109128.26;;;;;;;EMERSON DA SILVA MOURA;17/05/2026;
HLB4408;29/05/2026;5696865;São Paulo;;570.341;52;5398.44;;;;;;;EMERSON DA SILVA MOURA;27/05/2026;Jairo - 404147
LZB8I91;29/05/2026;5705501;São Paulo;;12628.182;1717;141104.21;;;;;;;EMERSON DA SILVA MOURA;29/05/2026;VALDEMIR JOSE - 384712
HLB4408;01/06/2026;5713667;São Paulo;;483.566;58;4325.17;;;;;;;EMERSON DA SILVA MOURA;01/06/2026;JAIRO 399197
HLB4408;10/06/2026;5747902;São Paulo;;200.18;24;1574.4;;;;;;;EMERSON DA SILVA MOURA;10/06/2026;Jairo Leonardo - 418436
ELQ6181;13/07/2026;5872250;São Paulo;;5631.303;633;59561.83;;;;;;;EMERSON DA SILVA MOURA;13/07/2026;GLAUCIO 430520
ELQ6181;27/07/2026;5932115;São Paulo;;4779.845;578;42080.96;;;;;;;EMERSON DA SILVA MOURA;27/07/2026;GLAUCIO LIMA DE BRITO 437004
ELQ6181;03/08/2026;5961413;São Paulo;;7430.1;600;61200;;;;;;;EMERSON DA SILVA MOURA;03/08/2026;GLAUCIO LIMA  437921
ELQ6181;04/08/2026;5969172;São Paulo;;6166.571;1096;66845.17;;;;;;;EMERSON DA SILVA MOURA;04/08/2026;glaucio 438.900
HLB4408;06/08/2026;5977463;São Paulo;;466.068;57;5169.72;;;;;;;EMERSON DA SILVA MOURA;06/08/2026;JAIRO LEONARDO LOPES 440220
TZJ0B26;24/08/2026;6042505;São Paulo;;396.534;54;5062.98;;;;;;;EMERSON DA SILVA MOURA;24/08/2026;GLAUCIO LIMA DE BRITO 444053 E 444051
ABC1236;25/08/2026;6051520;São Paulo;;2476.7;200;12000;;;;;;;EMERSON DA SILVA MOURA;25/08/2026;jairo 444.789
TZJ0B26;28/08/2026;6064992;São Paulo;;440.44;418;16064.4;;;;;;;EMERSON DA SILVA MOURA;28/08/2026;glaucio 444.835
ELQ6181;31/08/2026;6071002;São Paulo;;4155.756;484;40712.52;;;;;;;EMERSON DA SILVA MOURA;31/08/2026;VIAGEM 445114
TZJ0B26;14/09/2026;6125317;São Paulo;;759.129;211;12488.09;;;;;;;EMERSON DA SILVA MOURA;14/09/2026;Jairo 448.433 / 448.184
ELQ6181;18/09/2026;6147045;São Paulo;;5875.921;1065;62424.74;;;;;;;EMERSON DA SILVA MOURA;18/09/2026;Emerson - 447.992
ELQ6181;21/09/2026;6152520;São Paulo;;5973.551;680;58460.53;;;;;;;EMERSON DA SILVA MOURA;21/09/2026;VIAGEM 451008
CLH0028;22/09/2026;6156395;São Paulo;;5641.448;484;49506.04;;;;;;;EMERSON DA SILVA MOURA;21/09/2026;GLAUCIO/448890
CLH0028;17/09/2026;6163734;São Paulo;;3099.003;276;16882.19;;;;;;;EMERSON DA SILVA MOURA;23/09/2026;GLAUCIO 449457
ELQ6181;01/09/2026;6165278;São Paulo;;5505.457;998;68323.44;;;;;;;EMERSON DA SILVA MOURA;23/09/2026;Emerson - 442926
ELQ6181;14/09/2026;6166416;São Paulo;;6060.407;919;64263.45;;;;;;;EMERSON DA SILVA MOURA;23/09/2026;VIAGEM 448731, 448139, 448732 E 448730
FEZ9J52;04/09/2026;6166500;São Paulo;;3109.699;264;15953.32;;;;;;;EMERSON DA SILVA MOURA;23/09/2026;Glaucio - 446519
ELQ6181;06/05/2026;377715;Sorocaba;;;;;;;;;;;EMERSON DA SILVA MOURA;07/05/2026;
ELQ6181;06/05/2026;377688;Sorocaba;;4784.865;546;56974.25;;;;;;;EMERSON DA SILVA MOURA;07/05/2026;EMERSON - 377715 / 377688
ELQ6181;08/09/2026;6166533;Sumaré;;6090;600;39000;;;;;;;EMERSON DA SILVA MOURA;23/09/2026;Emerson - 445469
CLH0028;23/09/2026;6161857;Taguaí;;2380.582;417;35387.85;;;;;;;EMERSON DA SILVA MOURA;22/09/2026;GLAUCIO - 452297/451832/452296
FFN9G19;20/05/2026;387549;Americana;;642.71;100;7682.86;;;;;;;RAFAEL BERNARDINO CORAGE;21/05/2026;
FFN9G19;08/05/2026;5626303;Cajamar;700;765.356;205;28292.46;;;;;;;RAFAEL BERNARDINO CORAGE;08/05/2026;Viagem 376561
FFN9G19;29/05/2026;5705456;Campinas;;1226.451;168;13360.3;;;;;;;RAFAEL BERNARDINO CORAGE;29/05/2026;Viagem 399760
FFN9G19;04/09/2026;6166492;Campinas;;1071.783;155;12534.1;;;;;;;RAFAEL BERNARDINO CORAGE;23/09/2026;Rafael - 446190
FFN9G19;22/07/2026;5916262;Cotia;;918.964;118;10508;;;;;;;RAFAEL BERNARDINO CORAGE;22/07/2026;436.489
FFN9G19;24/09/2026;6166801;Cotia;;1381.078;204;15650.8;;;;;;;RAFAEL BERNARDINO CORAGE;23/09/2026;VIAGEM - 452904
FFN9G19;18/09/2026;6145383;Diadema;;1533.912;213;13591.84;;;;;;;RAFAEL BERNARDINO CORAGE;17/09/2026;VIAGEM - 450846
FFN9G19;16/07/2026;5889804;Embu das Artes;;1085.291;110;11933.52;;;;;;;RAFAEL BERNARDINO CORAGE;16/07/2026;435336
FFN9G19;15/05/2026;5655864;Guarujá;700;1381.674;210;18426.6;;;;;;;RAFAEL BERNARDINO CORAGE;15/05/2026;VIAGEM 388812
FFN9G19;15/05/2026;388812;Guarujá;;957.658;184;14472.48;;;;;;;RAFAEL BERNARDINO CORAGE;16/05/2026;
FFN9G19;18/07/2026;5903886;Guarulhos;;986.532;171;13911.06;;;;;;;RAFAEL BERNARDINO CORAGE;18/07/2026;460.092
FFN9G19;12/05/2026;5636415;Indaiatuba;800;537.021;32;4451.76;;;;;;;RAFAEL BERNARDINO CORAGE;12/05/2026;Viagem 383457
FFN9G19;13/05/2026;386921;Itapevi;;950.951;89;9435.03;;;;;;;RAFAEL BERNARDINO CORAGE;14/05/2026;RAFAEL CORAGE
FFN9G19;13/05/2026;387251;Itapevi;;;;;;;;;;;RAFAEL BERNARDINO CORAGE;14/05/2026;
FFN9G19;19/05/2026;5666527;Itatiba;800;1328.677;197;13488.96;;;;;;;RAFAEL BERNARDINO CORAGE;19/05/2026;VIAGEM 388817
FFN9G19;19/05/2026;388817;Itatiba;;1328.677;197;13488.96;;;;;;;RAFAEL BERNARDINO CORAGE;20/05/2026;Viagem 388817
FFN9G19;22/07/2026;5919647;Mauá;;73.476;17;1093.65;;;;;;;RAFAEL BERNARDINO CORAGE;22/07/2026;437018
FFN9G19;20/08/2026;6032962;Mogi das Cruzes;;1013.225;151;12631.8;;;;;;;RAFAEL BERNARDINO CORAGE;20/08/2026;438.496
FFN9G19;11/05/2026;383456;Salto;;612.471;97;5936.53;;;;;;;RAFAEL BERNARDINO CORAGE;12/05/2026;
FFN9G19;17/09/2026;6140447;Santa Bárbara d'Oeste;;1458.372;278;20017.37;;;;;;;RAFAEL BERNARDINO CORAGE;16/09/2026;VIAGEM - 447445
FFN9G19;20/04/2026;360985;São Bernardo do Campo;;1562.347;312;20509.31;;;;;;;RAFAEL BERNARDINO CORAGE;21/04/2026;
FFN9G19;11/09/2026;6114393;São José dos Campos;;1128.184;176;14684.26;;;;;;;RAFAEL BERNARDINO CORAGE;10/09/2026;Rafael - 448210
FFN9G19;18/04/2026;360851;São Paulo;;531.974;103;7168.4;;;;;;;RAFAEL BERNARDINO CORAGE;18/04/2026;
FFN9G19;09/05/2026;381377;São Paulo;;771.087;140;10607.16;;;;;;;RAFAEL BERNARDINO CORAGE;09/05/2026;
FFN9G19;11/05/2026;5631533;São Paulo;;421.842;29;4522.56;;;;;;;RAFAEL BERNARDINO CORAGE;11/05/2026;Viagem 381410
FFN9G19;09/05/2026;381410;São Paulo;;421.842;29;4522.56;;;;;;;RAFAEL BERNARDINO CORAGE;12/05/2026;
FFN9G19;12/05/2026;383465;São Paulo;;1453.367;134;13317.74;;;;;;;RAFAEL BERNARDINO CORAGE;13/05/2026;
FFN9G19;25/05/2026;5687929;São Paulo;;1082.871;121;8797.29;;;;;;;RAFAEL BERNARDINO CORAGE;25/05/2026;VIAGEM 397120
FFN9G19;01/06/2026;5709190;São Paulo;;1228.211;112;12494.94;;;;;;;RAFAEL BERNARDINO CORAGE;29/05/2026;VIAGEM 406127
FFN9G19;28/07/2026;5937344;São Paulo;;1010.59;129;11398.16;;;;;;;RAFAEL BERNARDINO CORAGE;28/07/2026;VIAGEM 437609
FFN9G19;30/07/2026;5953374;São Paulo;;1376.371;157;12478.07;;;;;;;RAFAEL BERNARDINO CORAGE;30/07/2026;438332
FFN9G19;26/08/2026;6053901;São Paulo;500;1277.292;218;15946.76;;;;;;;RAFAEL BERNARDINO CORAGE;26/08/2026;443.682
FFN9G19;15/09/2026;6129740;São Paulo;;1267.78;167;14066.68;;;;;;;RAFAEL BERNARDINO CORAGE;14/09/2026;VIAGEM - 448929
FFN9G19;16/09/2026;6134050;São Paulo;;800.376;86;7816.35;;;;;;;RAFAEL BERNARDINO CORAGE;15/09/2026;VIAGEM - 448909
FFN9G19;19/09/2026;6151282;São Paulo;;531.24;210;16884;;;;;;;RAFAEL BERNARDINO CORAGE;19/09/2026;Rafael - 446.622
FFN9G19;22/09/2026;6154584;São Paulo;;1545.404;189;17274.92;;;;;;;RAFAEL BERNARDINO CORAGE;21/09/2026;VIAGEM - 451753
FFN9G19;21/05/2026;396889;Sorocaba;;204.595;26;2183.72;;;;;;;RAFAEL BERNARDINO CORAGE;22/05/2026;
FFN9G19;14/08/2026;6008799;Sorocaba;;1008.135;116;10800.01;;;;;;;RAFAEL BERNARDINO CORAGE;13/08/2026;VIAGEM 441933
FFN9G19;06/08/2026;5980168;Sumaré;;1029.378;125;9895.8;;;;;;;RAFAEL BERNARDINO CORAGE;06/08/2026;440.160
FFN9G19;14/09/2026;6121817;Sumaré;;1299.214;190;12675.41;;;;;;;RAFAEL BERNARDINO CORAGE;11/09/2026;VIAGEM - 448746
FFN9G19;22/05/2026;5680971;Taubaté;;1472.327;216;13958.33;;;;;;;RAFAEL BERNARDINO CORAGE;22/05/2026;VIAGEM 391772
FFN9G19;23/09/2026;6159172;Votorantim;;1434.129;143;12906.83;;;;;;;RAFAEL BERNARDINO CORAGE;22/09/2026;VIAGEM - 448914
BWY7B30;28/04/2026;365176;Caieiras;;3657.852;602;38985.08;;;;;;;A.M.Z TRANSPORTE LTDA.;28/04/2026;
DWL3436;16/05/2026;5657499;Francisco Morato;;3829.349;655;38079.84;;;;;;;A.M.Z TRANSPORTE LTDA.;16/05/2026;viagem 387678
DWL3436;16/05/2026;387678;Francisco Morato;;3829.349;655;38079.84;;;;;;;A.M.Z TRANSPORTE LTDA.;17/05/2026;
BWY7B30;22/04/2026;359433;Franco da Rocha;;3079.775;406;31998.18;;;;;;;A.M.Z TRANSPORTE LTDA.;23/04/2026;
AAK8832;21/04/2026;358908;Guarulhos;;3385.962;385;35815.19;;;;;;;A.M.Z TRANSPORTE LTDA.;23/04/2026;
GND9D75;12/05/2026;5636370;Santo André;;192.207;13;1908.48;;;;;;;A.M.Z TRANSPORTE LTDA.;12/05/2026;EMERSON GOMES - 384753
GND9D75;12/05/2026;369645;Santo André;;4437.006;603;51886.24;;;;;;;A.M.Z TRANSPORTE LTDA.;13/05/2026;
GND9D75;12/05/2026;384753;Santo André;;192.207;13;1908.48;;;;;;;A.M.Z TRANSPORTE LTDA.;13/05/2026;
SFS2H01;11/06/2026;5751493;Santo André;;3451.3;446;36269.77;;;;;;;A.M.Z TRANSPORTE LTDA.;11/06/2026;VIAGEM 412043
BWY7B30;14/05/2026;387689;São Bernardo do Campo;;3677.417;471;30511.23;;;;;;;A.M.Z TRANSPORTE LTDA.;15/05/2026;
GND9D75;14/05/2026;387690;São Bernardo do Campo;;4261.723;652;41523.69;;;;;;;A.M.Z TRANSPORTE LTDA.;15/05/2026;
FYY8430;15/05/2026;384844;São Bernardo do Campo;;1092.399;156;10914.28;;;;;;;A.M.Z TRANSPORTE LTDA.;16/05/2026;
FYY8430;15/05/2026;384843;São Bernardo do Campo;;1500.951;265;18096.89;;;;;;;A.M.Z TRANSPORTE LTDA.;16/05/2026;
AAK8832;10/06/2026;5746299;São Bernardo do Campo;;3742.623;471;33462.4;;;;;;;A.M.Z TRANSPORTE LTDA.;10/06/2026;VIAGEM 414311
DVS2802;12/06/2026;5756796;São Bernardo do Campo;;3271.512;491;29076.24;;;;;;;A.M.Z TRANSPORTE LTDA.;12/06/2026;VIAGEM 414675
DWL3436;18/04/2026;350777;São Paulo;;3876.85;473;45036.6;;;;;;;A.M.Z TRANSPORTE LTDA.;19/04/2026;
BWY7B30;23/04/2026;363954;São Paulo;;134.52;24;1480.07;;;;;;;A.M.Z TRANSPORTE LTDA.;23/04/2026;
AAK8832;23/04/2026;364449;São Paulo;;3570.222;568;33741.6;;;;;;;A.M.Z TRANSPORTE LTDA.;24/04/2026;
AAK8832;24/04/2026;367584;São Paulo;;3094.642;330;23831.91;;;;;;;A.M.Z TRANSPORTE LTDA.;25/04/2026;
BWY7B30;30/04/2026;375175;São Paulo;;2343.26;510;28952.18;;;;;;;A.M.Z TRANSPORTE LTDA.;01/05/2026;
CZX5C20;05/05/2026;378638;São Paulo;;708.534;78;7261.89;;;;;;;A.M.Z TRANSPORTE LTDA.;06/05/2026;
CZX5C20;05/05/2026;377288;São Paulo;;3820.497;448;31604.42;;;;;;;A.M.Z TRANSPORTE LTDA.;06/05/2026;
DWL3436;12/05/2026;5636575;São Paulo;;4346.545;713;55626.13;;;;;;;A.M.Z TRANSPORTE LTDA.;12/05/2026;Viagem 371263
DWL3436;12/05/2026;371263;São Paulo;;4346.545;713;55626.13;;;;;;;A.M.Z TRANSPORTE LTDA.;13/05/2026;
AAK8832;15/05/2026;384875;São Paulo;;1318.407;237;14563.73;;;;;;;A.M.Z TRANSPORTE LTDA.;15/05/2026;
AAK8832;14/05/2026;384845;São Paulo;;1411.333;247;16642.42;;;;;;;A.M.Z TRANSPORTE LTDA.;15/05/2026;
AAK8832;16/05/2026;5657519;São Paulo;;3417.431;584;34379.77;;;;;;;A.M.Z TRANSPORTE LTDA.;16/05/2026;VIAGEM 387484
AAK8832;16/05/2026;387484;São Paulo;;3417.431;584;34379.77;;;;;;;A.M.Z TRANSPORTE LTDA.;17/05/2026;
FYY8430;10/06/2026;5746295;São Paulo;;3392.75;686;25770.95;;;;;;;A.M.Z TRANSPORTE LTDA.;10/06/2026;VIAGEM 414724
CST4F83;10/06/2026;5746349;São Paulo;;2978.525;288;26553;;;;;;;A.M.Z TRANSPORTE LTDA.;10/06/2026;VIAGEM 411981
FYY8430;11/06/2026;5751532;São Paulo;;2743.415;225;23455.93;;;;;;;A.M.Z TRANSPORTE LTDA.;11/06/2026;VIAGEM 412003
FYY8430;12/06/2026;5756794;São Paulo;;3502.085;337;32536.46;;;;;;;A.M.Z TRANSPORTE LTDA.;12/06/2026;VIAGEM 411995
BTS8501;16/05/2026;5657548;Suzano;;3271.382;728;53328.79;;;;;;;A.M.Z TRANSPORTE LTDA.;16/05/2026;VIAGEM 382111
BTS8501;16/05/2026;382111;Suzano;;3271.382;728;53328.79;;;;;;;A.M.Z TRANSPORTE LTDA.;17/05/2026;
AAA1110;27/04/2026;369137;São Bernardo do Campo;;17726.4;1440;158388.48;;;;;;;TRANSPORTES SONDA LTDA;28/04/2026;
AAA1110;27/04/2026;369167;São Bernardo do Campo;;17938.08;1440;158388.48;;;;;;;TRANSPORTES SONDA LTDA;28/04/2026;
AAA1110;28/04/2026;369235;São Bernardo do Campo;;17938.08;1440;158388.48;;;;;;;TRANSPORTES SONDA LTDA;29/04/2026;
AAA1110;28/04/2026;369233;São Bernardo do Campo;;17726.4;1440;158388.48;;;;;;;TRANSPORTES SONDA LTDA;29/04/2026;
AAA1110;29/04/2026;369135;São Bernardo do Campo;;13691.64;1340;82037.28;;;;;;;TRANSPORTES SONDA LTDA;30/04/2026;
AAA1110;16/09/2026;6136874;São Bernardo do Campo;;1011.288;1247;79484.16;;;;;;;TRANSPORTES SONDA LTDA;16/09/2026;Sonda - 448.659
ABC1236;07/05/2026;382301;São Paulo;;20.739;2;119.5;;;;;;;TRANSPORTES SONDA LTDA;08/05/2026;
HCQ5I98;20/04/2026;359597;São Paulo;;1253.364;176;14255.39;;;;;;;24.279.394 FILIPPE SOUZA DA SILVA;23/04/2026;
HCQ5I98;08/06/2026;5772980;São Paulo;500;1263.409;160;11271.18;;;;;;;24.279.394 FILIPPE SOUZA DA SILVA;16/06/2026;VIAGEM 412566
RHI2B44;25/04/2026;368507;Davinópolis;;37581.138;3243;226854;;;;;;;DRUGOVICH TRANSPORTES LTDA;28/04/2026;Viagem 368507
DEM1F62;22/04/2026;363623;São Paulo;;72.358;23;662.9;;;;;;;REINALDO ROBERTO ACHILA;23/04/2026;
DEM1F62;30/04/2026;375010;São Paulo;;62.92;20;566;;;;;;;REINALDO ROBERTO ACHILA;01/05/2026;
PRW3I26;21/08/2026;6035354;Araçoiaba da Serra;800;1128.263;215;10678.45;;;;;;;46.367.336 LOURIVALDO CAVALCANTE;21/08/2026;VIAGEM 443505
PRW3I26;15/08/2026;6013973;Campinas;800;907.34;304;23677.06;;;;;;;46.367.336 LOURIVALDO CAVALCANTE;15/08/2026;442084
PRW3I26;27/08/2026;6057055;Campinas;800;1035.295;120;10132.84;;;;;;;46.367.336 LOURIVALDO CAVALCANTE;27/08/2026;LOURIVALDO - 444972
PRW3I26;10/09/2026;6111129;Campinas;800;1134.502;191;12411.28;;;;;;;46.367.336 LOURIVALDO CAVALCANTE;10/09/2026;VIAGEM - 447941 / 447942
PRW3I26;11/09/2026;6166748;Capela do Alto;;1164.739;160;13272.72;;;;;;;46.367.336 LOURIVALDO CAVALCANTE;23/09/2026;Lourivaldo 448651
PRW3I26;18/05/2026;5658184;Carapicuíba;500;1636.626;164;14652.42;;;;;;;46.367.336 LOURIVALDO CAVALCANTE;18/05/2026;VIAGEM 387317
PRW3I26;18/05/2026;387317;Carapicuíba;500;1636.626;164;14652.42;;;;;;;46.367.336 LOURIVALDO CAVALCANTE;19/05/2026;
PRW3I26;24/09/2026;6166817;Carapicuíba;500;1582.077;154;14764.93;;;;;;;46.367.336 LOURIVALDO CAVALCANTE;23/09/2026;VIAGEM - 452341
PRW3I26;18/07/2026;5903884;Diadema;500;920.209;172;12434.62;;;;;;;46.367.336 LOURIVALDO CAVALCANTE;18/07/2026;436.027
PRW3I26;18/08/2026;6020771;Francisco Morato;700;1312.33;166;15082.49;;;;;;;46.367.336 LOURIVALDO CAVALCANTE;18/08/2026;442302
PRW3I26;03/09/2026;6086345;Franco da Rocha;700;1328.536;93;12032.26;;;;;;;46.367.336 LOURIVALDO CAVALCANTE;03/09/2026;445489
PRW3I26;02/09/2026;6077670;Guarujá;700;1058.173;179;13210.98;;;;;;;46.367.336 LOURIVALDO CAVALCANTE;01/09/2026;Lourivaldo - 445439
PRW3I26;19/08/2026;6025850;Guarulhos;500;976.743;190;11592.26;;;;;;;46.367.336 LOURIVALDO CAVALCANTE;19/08/2026;442537
PRW3I26;09/09/2026;6105301;Guarulhos;500;1260.092;250;15182.79;;;;;;;46.367.336 LOURIVALDO CAVALCANTE;09/09/2026;447843
PRW3I26;19/09/2026;6149905;Itatiba;800;1449.232;187;17377.1;;;;;;;46.367.336 LOURIVALDO CAVALCANTE;18/09/2026;VIAGEM - 445543
PRW3I26;01/08/2026;5959561;Jundiaí;700;1477.2;120;12240;;;;;;;46.367.336 LOURIVALDO CAVALCANTE;01/08/2026;VIAGEM 437984
PRW3I26;27/07/2026;5936837;Mauá;500;1362.439;263;16727.54;;;;;;;46.367.336 LOURIVALDO CAVALCANTE;27/07/2026;437440
PRW3I26;01/07/2026;5825263;Mogi das Cruzes;700;1509.312;134;11386.2;;;;;;;46.367.336 LOURIVALDO CAVALCANTE;30/06/2026;VIAGEM 431474
PRW3I26;15/07/2026;5889144;Mogi das Cruzes;700;883.296;236;12534.07;;;;;;;46.367.336 LOURIVALDO CAVALCANTE;15/07/2026;435588
PRW3I26;17/09/2026;6140668;Mogi Mirim;950;1284.896;148;14169.58;;;;;;;46.367.336 LOURIVALDO CAVALCANTE;17/09/2026;VIAGEM - 450512
PRW3I26;29/07/2026;5942133;Osasco;500;1732.292;217;21519.54;;;;;;;46.367.336 LOURIVALDO CAVALCANTE;29/07/2026;VIAGEM 437876
PRW3I26;21/09/2026;6152190;Osasco;500;1549.215;205;16514.66;;;;;;;46.367.336 LOURIVALDO CAVALCANTE;21/09/2026;VIAGEM 449985
PRW3I26;24/07/2026;5925308;Rio Grande da Serra;500;1115.104;148;11228.21;;;;;;;46.367.336 LOURIVALDO CAVALCANTE;24/07/2026;VIAGEM 437187
PRW3I26;23/07/2026;5920054;Santa Bárbara d'Oeste;950;1502.997;234;11415.96;;;;;;;46.367.336 LOURIVALDO CAVALCANTE;23/07/2026;VIAGEM 436877
PRW3I26;15/09/2026;6129767;Santa Bárbara d'Oeste;950;1531.436;209;14304.22;;;;;;;46.367.336 LOURIVALDO CAVALCANTE;14/09/2026;VIAGEM - 448646
PRW3I26;18/07/2026;5903881;Santo André;500;97.292;25;2222.53;;;;;;;46.367.336 LOURIVALDO CAVALCANTE;18/07/2026;lourivaldo 436.062
PRW3I26;22/07/2026;5914707;Santo André;500;404.628;87;6076.88;;;;;;;46.367.336 LOURIVALDO CAVALCANTE;22/07/2026;VIAGEM 436423
PRW3I26;22/09/2026;6158319;Santo André;500;1420.593;211;18058.18;;;;;;;46.367.336 LOURIVALDO CAVALCANTE;22/09/2026;Lourivaldo 451.348
PRW3I26;23/04/2026;366263;São Paulo;;937.039;138;11409.39;;;;;;;46.367.336 LOURIVALDO CAVALCANTE;24/04/2026;
PRW3I26;27/04/2026;368641;São Paulo;;1045.448;105;10769.89;;;;;;;46.367.336 LOURIVALDO CAVALCANTE;28/04/2026;
PRW3I26;01/05/2026;375273;São Paulo;;57.582;12;912.02;;;;;;;46.367.336 LOURIVALDO CAVALCANTE;01/05/2026;
PRW3I26;30/04/2026;375338;São Paulo;;137.334;10;1651.68;;;;;;;46.367.336 LOURIVALDO CAVALCANTE;01/05/2026;
PRW3I26;05/05/2026;377417;São Paulo;;67.405;10;526.93;;;;;;;46.367.336 LOURIVALDO CAVALCANTE;05/05/2026;Viagem 377417
PRW3I26;08/05/2026;382499;São Paulo;;595.969;108;8463.24;;;;;;;46.367.336 LOURIVALDO CAVALCANTE;08/05/2026;
PRW3I26;12/05/2026;383324;São Paulo;;757.385;116;11461.39;;;;;;;46.367.336 LOURIVALDO CAVALCANTE;12/05/2026;LOURIVALDO CAVALCANTI 383324
PRW3I26;12/05/2026;5636499;São Paulo;;51.336;2;401.76;;;;;;;46.367.336 LOURIVALDO CAVALCANTE;12/05/2026;LOURIVALDO CAVALCANTI - 383357
PRW3I26;12/05/2026;383357;São Paulo;;51.336;2;401.76;;;;;;;46.367.336 LOURIVALDO CAVALCANTE;13/05/2026;
PRW3I26;21/05/2026;390485;São Paulo;500;6.594;3;153;;;;;;;46.367.336 LOURIVALDO CAVALCANTE;22/05/2026;
PRW3I26;22/05/2026;390321;São Paulo;500;431.185;76;5058.28;;;;;;;46.367.336 LOURIVALDO CAVALCANTE;22/05/2026;
PRW3I26;28/05/2026;5700861;São Paulo;500;842.745;139;11750.6;;;;;;;46.367.336 LOURIVALDO CAVALCANTE;28/05/2026;VIAGEM 401639
PRW3I26;30/07/2026;5947814;São Paulo;500;1539.821;131;13701.99;;;;;;;46.367.336 LOURIVALDO CAVALCANTE;30/07/2026;VIAGEM 437948
PRW3I26;05/08/2026;5971256;São Paulo;500;1432.594;166;14620.25;;;;;;;46.367.336 LOURIVALDO CAVALCANTE;05/08/2026;VIAGEM 439174
PRW3I26;07/08/2026;5980674;São Paulo;500;1636.747;162;15534.03;;;;;;;46.367.336 LOURIVALDO CAVALCANTE;06/08/2026;VIAGEM 439425
PRW3I26;11/08/2026;5992741;São Paulo;500;1027.552;145;13381.01;;;;;;;46.367.336 LOURIVALDO CAVALCANTE;10/08/2026;VIAGEM 440654
PRW3I26;12/08/2026;5998215;São Paulo;500;1380.898;210;12761.12;;;;;;;46.367.336 LOURIVALDO CAVALCANTE;12/08/2026;VIAGEM 441313
PRW3I26;14/08/2026;6009168;São Paulo;500;1187.467;179;14283.5;;;;;;;46.367.336 LOURIVALDO CAVALCANTE;14/08/2026;441871
PRW3I26;21/08/2026;6039396;São Paulo;500;1307.056;124;10812.8;;;;;;;46.367.336 LOURIVALDO CAVALCANTE;21/08/2026;443.769
PRW3I26;25/08/2026;6046540;São Paulo;500;915.996;246;17889.96;;;;;;;46.367.336 LOURIVALDO CAVALCANTE;24/08/2026;VIAGEM - 444210
PRW3I26;08/09/2026;6102230;São Paulo;500;143.259;30;2467.34;;;;;;;46.367.336 LOURIVALDO CAVALCANTE;08/09/2026;VIAGEM - 447303
PRW3I26;16/09/2026;6135492;São Paulo;500;1064.717;230;16367.47;;;;;;;46.367.336 LOURIVALDO CAVALCANTE;16/09/2026;VIAGEM - 449464
PRW3I26;23/09/2026;6162200;São Roque;700;930.095;116;11794.04;;;;;;;46.367.336 LOURIVALDO CAVALCANTE;23/09/2026;VIAGEM - 452313
PRW3I26;26/05/2026;5688532;Sorocaba;800;1168.347;193;12817.68;;;;;;;46.367.336 LOURIVALDO CAVALCANTE;26/05/2026;VIAGEM 392598
PRW3I26;26/06/2026;5809141;Sorocaba;800;1705.383;166;18244.47;;;;;;;46.367.336 LOURIVALDO CAVALCANTE;26/06/2026;VIAGEM 430507
PRW3I26;17/07/2026;5896981;Sorocaba;800;567.988;130;9428.08;;;;;;;46.367.336 LOURIVALDO CAVALCANTE;17/07/2026;VIAGEM 435639
PRW3I26;13/08/2026;6003764;Sorocaba;800;941.257;85;8652.72;;;;;;;46.367.336 LOURIVALDO CAVALCANTE;13/08/2026;441573
PRW3I26;14/09/2026;6122440;Sorocaba;800;1395.496;181;12934.68;;;;;;;46.367.336 LOURIVALDO CAVALCANTE;11/09/2026;VIAGEM - 448901/448902
PRW3I26;30/04/2026;373196;Taboão da Serra;;95.411;17;1038.4;;;;;;;46.367.336 LOURIVALDO CAVALCANTE;30/04/2026;
PRW3I26;30/04/2026;373197;Taboão da Serra;;367.7;21;3137.64;;;;;;;46.367.336 LOURIVALDO CAVALCANTE;30/04/2026;
PRW3I26;04/09/2026;6091820;Taboão da Serra;500;838.959;142;10329;;;;;;;46.367.336 LOURIVALDO CAVALCANTE;04/09/2026;VIAGEM - 438500
PRW3I26;14/07/2026;5877949;Vargem Grande Paulista;700;1475.522;162;15820.38;;;;;;;46.367.336 LOURIVALDO CAVALCANTE;14/07/2026;VIAGEM 435195
RXT7D67;06/07/2026;5843319;Cubatão;450;227.435;47;4234.8;;;;;;;S.D. COMERCIO DE CESTAS BASICAS E TRANSPORTES;04/07/2026;VIAGEM 433056
RTX7D67;26/05/2026;5693388;Diadema;;495.438;119;6420.95;;;;;;;S.D. COMERCIO DE CESTAS BASICAS E TRANSPORTES;26/05/2026;VIAGEM 402002
RTX7D67;05/05/2026;373200;Francisco Morato;;295.42;36;3100.6;;;;;;;S.D. COMERCIO DE CESTAS BASICAS E TRANSPORTES;05/05/2026;Viagem 373200
RTX7D67;11/08/2026;5992501;Francisco Morato;450;522.069;91;6787.2;;;;;;;S.D. COMERCIO DE CESTAS BASICAS E TRANSPORTES;10/08/2026;VIAGEM 439966
RTX7D67;26/08/2026;6051824;Francisco Morato;450;629.578;109;8172.65;;;;;;;S.D. COMERCIO DE CESTAS BASICAS E TRANSPORTES;25/08/2026;VIAGEM - 444728
RTX7D67;09/09/2026;6101962;Guarulhos;370;556.751;56;4889.82;;;;;;;S.D. COMERCIO DE CESTAS BASICAS E TRANSPORTES;08/09/2026;VIAGEM 447326 E 447327
RTX7D67;11/05/2026;377058;Itapecerica da Serra;;399.063;80;5307.78;;;;;;;S.D. COMERCIO DE CESTAS BASICAS E TRANSPORTES;12/05/2026;Viagem 377058
RTX7D67;13/08/2026;6003385;Itu;500;599;100;7866.87;;;;;;;S.D. COMERCIO DE CESTAS BASICAS E TRANSPORTES;12/08/2026;VIAGEM 441439
RTX7D67;20/08/2026;6031097;Jundiaí;450;394.522;34;3820.8;;;;;;;S.D. COMERCIO DE CESTAS BASICAS E TRANSPORTES;20/08/2026;Viagem:  436897
RTX7D67;21/07/2026;5914298;Mauá;370;243.251;51;3622.86;;;;;;;S.D. COMERCIO DE CESTAS BASICAS E TRANSPORTES;21/07/2026;stenio 436.763
RTX7D67;18/05/2026;5661349;Mogi das Cruzes;;246.87;35;2234.4;;;;;;;S.D. COMERCIO DE CESTAS BASICAS E TRANSPORTES;18/05/2026;VIAGEM 390056
RTX7D67;19/06/2026;5781896;Mogi das Cruzes;450;548.303;54;5482.2;;;;;;;S.D. COMERCIO DE CESTAS BASICAS E TRANSPORTES;18/06/2026;JOSE STENIO GOMES  424178
RTX7D67;14/09/2026;6166213;Mogi das Cruzes;450;434.018;39;4105.2;;;;;;;S.D. COMERCIO DE CESTAS BASICAS E TRANSPORTES;23/09/2026;VIAGEM 448497
RTX7D67;15/06/2026;5761648;Osasco;370;489.648;85;5967.61;;;;;;;S.D. COMERCIO DE CESTAS BASICAS E TRANSPORTES;12/06/2026;VIAGEM 419196
RTX7D67;07/07/2026;5853815;Osasco;370;455.233;94;7226.85;;;;;;;S.D. COMERCIO DE CESTAS BASICAS E TRANSPORTES;07/07/2026;433769 JOSE STENIO
RTX7D67;14/07/2026;5881655;Osasco;370;430.411;71;5086.68;;;;;;;S.D. COMERCIO DE CESTAS BASICAS E TRANSPORTES;14/07/2026;430858
RTX7D67;28/08/2026;6062572;Osasco;370;437.08;62;6598.32;;;;;;;S.D. COMERCIO DE CESTAS BASICAS E TRANSPORTES;27/08/2026;VIAGEM - 445094
RTX7D67;16/09/2026;6135695;Osasco;370;453.742;90;6653.61;;;;;;;S.D. COMERCIO DE CESTAS BASICAS E TRANSPORTES;16/09/2026;JOSE STENIO 449432
RTX7D67;21/05/2026;5674500;Ribeirão Pires;;532.054;102;5144.56;;;;;;;S.D. COMERCIO DE CESTAS BASICAS E TRANSPORTES;21/05/2026;Viagem 392795
RTX7D67;23/09/2026;6161827;Ribeirão Pires;370;488.786;94;6988.11;;;;;;;S.D. COMERCIO DE CESTAS BASICAS E TRANSPORTES;22/09/2026;VIAGEM - 452317
RTX7D67;03/06/2026;5722123;Santo André;370;436.175;92;6076.5;;;;;;;S.D. COMERCIO DE CESTAS BASICAS E TRANSPORTES;02/06/2026;VIAGEM 410122
RTX7D67;08/06/2026;5734262;Santo André;370;475.403;97;5521.91;;;;;;;S.D. COMERCIO DE CESTAS BASICAS E TRANSPORTES;05/06/2026;VIAGEM 413486
RTX7D67;15/07/2026;5889074;Santo André;370;517.57;115;6439.62;;;;;;;S.D. COMERCIO DE CESTAS BASICAS E TRANSPORTES;15/07/2026;435486
RTX7D67;24/08/2026;6039970;Santos;450;305.76;67;4172.65;;;;;;;S.D. COMERCIO DE CESTAS BASICAS E TRANSPORTES;22/08/2026;VIAGEM 443825
RTX7D67;30/06/2026;5821015;São Bernardo do Campo;370;460.199;173;10985.34;;;;;;;S.D. COMERCIO DE CESTAS BASICAS E TRANSPORTES;29/06/2026;VIAGEM 430034
RTX7D67;03/09/2026;6085835;São Bernardo do Campo;370;652.884;178;11124.73;;;;;;;S.D. COMERCIO DE CESTAS BASICAS E TRANSPORTES;02/09/2026;VIAGEM - 443260
RTX7D67;15/05/2026;5652822;São Paulo;;591.563;78;6960.34;;;;;;;S.D. COMERCIO DE CESTAS BASICAS E TRANSPORTES;15/05/2026;JOSE STENIO GOMES 387979
ABC1236;27/05/2026;5696903;São Paulo;;432.361;97;6663.15;;;;;;;S.D. COMERCIO DE CESTAS BASICAS E TRANSPORTES;27/05/2026;VIAGEM 402003
EMD1A03;28/05/2026;5704097;São Paulo;;523.838;79;7151.95;;;;;;;S.D. COMERCIO DE CESTAS BASICAS E TRANSPORTES;28/05/2026;VIAGEM 402266
RXT7D67;18/06/2026;5778933;São Paulo;;378.106;75;6280.39;;;;;;;S.D. COMERCIO DE CESTAS BASICAS E TRANSPORTES;17/06/2026;VIAGEM 423980
RTX7D67;22/06/2026;5789813;São Paulo;370;352.248;68;3663.88;;;;;;;S.D. COMERCIO DE CESTAS BASICAS E TRANSPORTES;20/06/2026;
RTX7D67;23/06/2026;5795452;São Paulo;370;292.85;52;3219.95;;;;;;;S.D. COMERCIO DE CESTAS BASICAS E TRANSPORTES;22/06/2026;VIAGEM 408827
RTX7D67;26/06/2026;5808742;São Paulo;370;649.546;104;7243.22;;;;;;;S.D. COMERCIO DE CESTAS BASICAS E TRANSPORTES;25/06/2026;VIAGEM 430481
RTX7D67;03/07/2026;5838180;São Paulo;370;171.785;44;2779.74;;;;;;;S.D. COMERCIO DE CESTAS BASICAS E TRANSPORTES;02/07/2026;VIAGEM 432682
RTX7D67;08/07/2026;5858255;São Paulo;370;491.7;97;6529.14;;;;;;;S.D. COMERCIO DE CESTAS BASICAS E TRANSPORTES;08/07/2026;433750
RTX7D67;08/07/2026;5858279;São Paulo;370;73.86;6;706.32;;;;;;;S.D. COMERCIO DE CESTAS BASICAS E TRANSPORTES;08/07/2026;433749
RTX7D67;10/07/2026;5869154;São Paulo;370;330.857;78;5786.09;;;;;;;S.D. COMERCIO DE CESTAS BASICAS E TRANSPORTES;10/07/2026;434130
RTX7D67;13/07/2026;5876267;São Paulo;370;284.304;42;2858.75;;;;;;;S.D. COMERCIO DE CESTAS BASICAS E TRANSPORTES;13/07/2026;408824
RTX7D67;16/07/2026;5895861;São Paulo;370;534.54;164;10843.56;;;;;;;S.D. COMERCIO DE CESTAS BASICAS E TRANSPORTES;16/07/2026;435466
RTX7D67;20/07/2026;5908836;São Paulo;370;659.976;105;6992.69;;;;;;;S.D. COMERCIO DE CESTAS BASICAS E TRANSPORTES;20/07/2026;436033
ABC1236;22/07/2026;5919744;São Paulo;370;597.783;93;9153.42;;;;;;;S.D. COMERCIO DE CESTAS BASICAS E TRANSPORTES;22/07/2026;436872
RTX7D67;23/07/2026;5923674;São Paulo;370;571.27;106;7066.01;;;;;;;S.D. COMERCIO DE CESTAS BASICAS E TRANSPORTES;23/07/2026;437000
RTX7D67;28/07/2026;5941799;São Paulo;370;637.345;38;5014.44;;;;;;;S.D. COMERCIO DE CESTAS BASICAS E TRANSPORTES;28/07/2026;437858
RTX7D67;14/08/2026;6008879;São Paulo;370;402.885;76;6272.93;;;;;;;S.D. COMERCIO DE CESTAS BASICAS E TRANSPORTES;13/08/2026;VIAGEM 441940
RTX7D67;17/08/2026;6017725;São Paulo;370;485.292;81;6422.16;;;;;;;S.D. COMERCIO DE CESTAS BASICAS E TRANSPORTES;17/08/2026;438.566
RTX7D67;18/08/2026;6022962;São Paulo;370;403.933;37;4477.97;;;;;;;S.D. COMERCIO DE CESTAS BASICAS E TRANSPORTES;18/08/2026;442.309
RTX7D67;25/08/2026;6046476;São Paulo;370;532.812;94;8949.2;;;;;;;S.D. COMERCIO DE CESTAS BASICAS E TRANSPORTES;24/08/2026;VIAGEM - 444441
RTX7D67;27/08/2026;6056113;São Paulo;370;429.412;75;5771.16;;;;;;;S.D. COMERCIO DE CESTAS BASICAS E TRANSPORTES;26/08/2026;VIAGEM - 441872
RTX7D67;31/08/2026;6068193;São Paulo;370;418.9;91;6347.99;;;;;;;S.D. COMERCIO DE CESTAS BASICAS E TRANSPORTES;28/08/2026;VIAGEM - 445172
RTX7D67;01/09/2026;6075419;São Paulo;370;546.249;106;8396.71;;;;;;;S.D. COMERCIO DE CESTAS BASICAS E TRANSPORTES;31/08/2026;VIAGEM - 445277
RTX7D67;02/09/2026;6080074;São Paulo;370;262.616;66;4416.6;;;;;;;S.D. COMERCIO DE CESTAS BASICAS E TRANSPORTES;01/09/2026;VIAGEM - 443199
RTX7D67;04/09/2026;6091744;São Paulo;370;390.013;90;7726.15;;;;;;;S.D. COMERCIO DE CESTAS BASICAS E TRANSPORTES;03/09/2026;VIAGEM - 445729
RTX7D67;08/09/2026;6099812;São Paulo;370;597.245;99;7590.31;;;;;;;S.D. COMERCIO DE CESTAS BASICAS E TRANSPORTES;07/09/2026;VIAGEM - 447221
RTX7D67;11/09/2026;6115591;São Paulo;370;559.05;100;7128.32;;;;;;;S.D. COMERCIO DE CESTAS BASICAS E TRANSPORTES;10/09/2026;VIAGEM - 447278
RTX7D67;15/09/2026;6129157;São Paulo;370;473.071;62;5604.62;;;;;;;S.D. COMERCIO DE CESTAS BASICAS E TRANSPORTES;14/09/2026;VIAGEM - 449426
RTX7D67;22/09/2026;6156396;São Paulo;370;568.955;125;7195;;;;;;;S.D. COMERCIO DE CESTAS BASICAS E TRANSPORTES;21/09/2026;VIAGEM - 445554
RTX7D67;12/05/2026;384612;Sorocaba;;543.901;57;6086.15;;;;;;;S.D. COMERCIO DE CESTAS BASICAS E TRANSPORTES;13/05/2026;Viagem 384612
RTX7D67;19/05/2026;5667222;Sorocaba;;581.002;80;7489.8;;;;;;;S.D. COMERCIO DE CESTAS BASICAS E TRANSPORTES;19/05/2026;VIAGEM 387699
RTX7D67;20/08/2026;6034666;Sorocaba;500;676.461;67;6096.48;;;;;;;S.D. COMERCIO DE CESTAS BASICAS E TRANSPORTES;20/08/2026;443.498
RTX7D67;30/07/2026;5952923;Suzano;450;548.272;47;5238.44;;;;;;;S.D. COMERCIO DE CESTAS BASICAS E TRANSPORTES;30/07/2026;437768
RTX7D67;21/09/2026;6149943;Taubaté;600;354.472;35;3362.94;;;;;;;S.D. COMERCIO DE CESTAS BASICAS E TRANSPORTES;18/09/2026;VIAGEM - 451367/451368
OCW4J02;01/07/2026;5827501;Araraquara;;4718.994;610;52235.55;;;;;;;WE COMERCIO E TRANSPORTES LTDA;30/06/2026;VIAGEM 430219
OCW4J02;15/09/2026;6129772;Araras;1550;4121.46;495;40699.12;;;;;;;WE COMERCIO E TRANSPORTES LTDA;14/09/2026;VIAGEM - 447179
OCW4J02;09/09/2026;6105200;Botucatu;1900;4186.725;426;38779.5;;;;;;;WE COMERCIO E TRANSPORTES LTDA;09/09/2026;447180
OCW4J02;17/06/2026;5773618;Bragança Paulista;1400;3368.541;816;34576.14;;;;;;;WE COMERCIO E TRANSPORTES LTDA;16/06/2026;VIAGEM 421109
OCW4J02;18/08/2026;6020329;Bragança Paulista;1400;2780.118;386;29588.36;;;;;;;WE COMERCIO E TRANSPORTES LTDA;17/08/2026;VIAGEM 442399
OCW4J02;07/08/2026;5985984;Cajamar;1200;2814.375;285;15663.6;;;;;;;WE COMERCIO E TRANSPORTES LTDA;07/08/2026;VIAGEM 437218
OCW4J02;15/08/2026;6013969;Cajamar;1200;565.056;288;17280;;;;;;;WE COMERCIO E TRANSPORTES LTDA;15/08/2026;439391
OCW4J02;06/08/2026;5977742;Cotia;800;4826.616;736;58362.19;;;;;;;WE COMERCIO E TRANSPORTES LTDA;06/08/2026;ELSON ADRIANO - 435688 /  437671
OCW4J02;17/09/2026;6140586;Diadema;800;4300.533;378;36282.05;;;;;;;WE COMERCIO E TRANSPORTES LTDA;17/09/2026;VIAGEM - 447224
OCW4J02;12/06/2026;5756365;Guarujá;1200;2697.562;361;19882.67;;;;;;;WE COMERCIO E TRANSPORTES LTDA;11/06/2026;VIAGEM 415665
OCW4J02;16/07/2026;5896298;Guarujá;1200;3852.952;476;34540.26;;;;;;;WE COMERCIO E TRANSPORTES LTDA;16/07/2026;435537
OCW4J02;29/07/2026;5942429;Guarujá;1200;3831.003;462;35534.07;;;;;;;WE COMERCIO E TRANSPORTES LTDA;29/07/2026;VIAGEM 438151
OCW4J02;13/06/2026;5762333;Guarulhos;800;3442.885;349;26803.2;;;;;;;WE COMERCIO E TRANSPORTES LTDA;13/06/2026;VIAGEM 399296
OCW4J02;22/07/2026;5919660;Guarulhos;800;4037.875;373;31980.92;;;;;;;WE COMERCIO E TRANSPORTES LTDA;22/07/2026;436875
OCW4J02;08/09/2026;6101300;Guarulhos;800;3810.531;695;39151.55;;;;;;;WE COMERCIO E TRANSPORTES LTDA;08/09/2026;ELSON ADRIANO -  447325/447324
OCW4J02;05/06/2026;5729882;Indaiatuba;1400;3042.435;347;27667.23;;;;;;;WE COMERCIO E TRANSPORTES LTDA;04/06/2026;ELSON ADRIANO - 410747
OCW4J02;14/07/2026;5882839;Itanhaém;1400;3914.056;539;36377.37;;;;;;;WE COMERCIO E TRANSPORTES LTDA;14/07/2026;435320
OCW4J02;01/09/2026;6076599;Itanhaém;1400;3787.684;403;34691.45;;;;;;;WE COMERCIO E TRANSPORTES LTDA;01/09/2026;VIAGEM - 445314
OCW4J02;14/05/2026;383657;Itapecerica da Serra;800;4172.94;459;35268.98;;;;;;;WE COMERCIO E TRANSPORTES LTDA;15/05/2026;ELSON ADRIANO - 385469 / 383657
OCW4J02;19/09/2026;6149965;Itapeva;2300;3383.833;524;31039.79;;;;;;;WE COMERCIO E TRANSPORTES LTDA;18/09/2026;VIAGEM - 451469
OCW4J02;12/05/2026;382699;Itariri;;3058.249;470;33909.66;;;;;;;WE COMERCIO E TRANSPORTES LTDA;13/05/2026;Viagem 382699
OCW4J02;03/06/2026;5723965;Itariri;1400;3693.667;457;38330.92;;;;;;;WE COMERCIO E TRANSPORTES LTDA;03/06/2026;ELSON  407222
OCW4J02;22/07/2026;5914663;Jacareí;1400;3970.345;539;39375.96;;;;;;;WE COMERCIO E TRANSPORTES LTDA;22/07/2026;435902
OCW4J02;25/08/2026;6046720;Jaú;2300;3722.4;300;36120;;;;;;;WE COMERCIO E TRANSPORTES LTDA;24/08/2026;VIAGEM - 444594
OCW4J02;07/07/2026;5854611;Jundiaí;1200;4321.082;553;39249.23;;;;;;;WE COMERCIO E TRANSPORTES LTDA;07/07/2026;433307 ELSON
OCW4J02;12/08/2026;5998238;Jundiaí;1200;4067.646;432;44581.56;;;;;;;WE COMERCIO E TRANSPORTES LTDA;12/08/2026;VIAGEM 440930
OCW4J02;03/07/2026;5838181;Mairiporã;1200;3235.35;577;37521.31;;;;;;;WE COMERCIO E TRANSPORTES LTDA;02/07/2026;VIAGEM 432692
OCW4J02;25/07/2026;5929799;Mogi das Cruzes;1200;3025.101;332;29030.63;;;;;;;WE COMERCIO E TRANSPORTES LTDA;25/07/2026;VIAGEM 435666
OCW4J02;14/08/2026;6009100;Mongaguá;1200;2980.047;407;29802.13;;;;;;;WE COMERCIO E TRANSPORTES LTDA;14/08/2026;
OCW4J02;03/09/2026;6086113;Pariquera-Açu;2100;3905.281;487;42345.36;;;;;;;WE COMERCIO E TRANSPORTES LTDA;03/09/2026;445727
OCW4J02;07/05/2026;5620801;Piracicaba;;2937.21;493;35181.8;;;;;;;WE COMERCIO E TRANSPORTES LTDA;07/05/2026;ELSON ADRIANO - 371249
OCW4J02;10/07/2026;5865526;Piracicaba;1550;4381.667;386;39950.4;;;;;;;WE COMERCIO E TRANSPORTES LTDA;10/07/2026;431219
OCW4J02;11/09/2026;6116971;Piracicaba;1550;3108.496;464;33763.26;;;;;;;WE COMERCIO E TRANSPORTES LTDA;10/09/2026;VIAGEM - 448642/448648
OCW4J02;18/09/2026;6145181;Ribeirão Preto;2300;4396.111;396;43298.36;;;;;;;WE COMERCIO E TRANSPORTES LTDA;17/09/2026;Elson - 448937
OCW4J02;09/06/2026;5739058;Santana de Parnaíba;1200;3177.749;459;30184.8;;;;;;;WE COMERCIO E TRANSPORTES LTDA;08/06/2026;ELSON ADRIANO 412695
OCW4J02;16/09/2026;6135689;Santos;1200;3672.961;452;35834.41;;;;;;;WE COMERCIO E TRANSPORTES LTDA;16/09/2026;Elson - 448.076
OCW4J02;10/06/2026;5746085;São Bernardo do Campo;800;4286.018;599;38678;;;;;;;WE COMERCIO E TRANSPORTES LTDA;10/06/2026;
OCW4J02;22/05/2026;5681553;São Paulo;800;3706.647;498;34101.22;;;;;;;WE COMERCIO E TRANSPORTES LTDA;22/05/2026;VIAGEM 391640
OCW4J02;26/05/2026;5688530;São Paulo;800;4079.634;358;35080.86;;;;;;;WE COMERCIO E TRANSPORTES LTDA;26/05/2026;VIAGEM 391112
OCW4J02;27/05/2026;5693631;São Paulo;800;4358.329;578;45889.29;;;;;;;WE COMERCIO E TRANSPORTES LTDA;27/05/2026;VIAGEM 397482
OCW4J02;29/05/2026;5705585;São Paulo;800;4322.741;528;44484.19;;;;;;;WE COMERCIO E TRANSPORTES LTDA;29/05/2026;ELSON ADRIANO - 397514
OCW4J02;11/06/2026;5751007;São Paulo;800;4393.742;432;44599.73;;;;;;;WE COMERCIO E TRANSPORTES LTDA;10/06/2026;VIAGEM 414827
OCW4J02;16/06/2026;5768860;São Paulo;800;4551.64;461;41167.57;;;;;;;WE COMERCIO E TRANSPORTES LTDA;16/06/2026;VIAGEM 412004
OCW4J02;18/06/2026;5784073;São Paulo;800;4497.615;573;48314.81;;;;;;;WE COMERCIO E TRANSPORTES LTDA;19/06/2026;VIAGEM 424739
OCW4J02;22/06/2026;5789819;São Paulo;800;2897.312;244;22738.32;;;;;;;WE COMERCIO E TRANSPORTES LTDA;20/06/2026;ELSON 426027
OCW4J02;23/06/2026;5795805;São Paulo;800;3819.323;390;28798.48;;;;;;;WE COMERCIO E TRANSPORTES LTDA;22/06/2026;VIAGEM 427676
OCW4J02;30/06/2026;5820929;São Paulo;800;3069.62;253;25502.4;;;;;;;WE COMERCIO E TRANSPORTES LTDA;29/06/2026;VIAGEM 431178
OCW4J02;07/07/2026;5849972;São Paulo;800;2321.022;265;22044.57;;;;;;;WE COMERCIO E TRANSPORTES LTDA;07/07/2026;VIAGEM 433034
OCW4J02;27/07/2026;5932459;São Paulo;800;3223.086;554;46386.03;;;;;;;WE COMERCIO E TRANSPORTES LTDA;27/07/2026;EMERSON OLIVEIRA 437209 E 437220
OCW4J02;03/08/2026;5957093;São Paulo;800;4640.76;554;47833.89;;;;;;;WE COMERCIO E TRANSPORTES LTDA;31/07/2026;ELSON ADRIANO - 437658 / 435704
OCW4J02;11/08/2026;5992651;São Paulo;800;2692.527;592;45865.29;;;;;;;WE COMERCIO E TRANSPORTES LTDA;10/08/2026;VIAGEM 440787
OCW4J02;13/08/2026;6003578;São Paulo;800;2797.69;472;21096;;;;;;;WE COMERCIO E TRANSPORTES LTDA;12/08/2026;VIAGEM 441722
OCW4J02;21/08/2026;6039871;São Paulo;800;1159.979;191;13693.8;;;;;;;WE COMERCIO E TRANSPORTES LTDA;21/08/2026;443.753
OCW4J02;21/08/2026;6039884;São Paulo;800;1247.395;244;19638.48;;;;;;;WE COMERCIO E TRANSPORTES LTDA;21/08/2026;443.759
OCW4J02;27/08/2026;6057097;São Paulo;800;4062.868;645;48229.13;;;;;;;WE COMERCIO E TRANSPORTES LTDA;27/08/2026;444943
OCW4J02;28/08/2026;6062659;São Paulo;800;2984.832;303;24550;;;;;;;WE COMERCIO E TRANSPORTES LTDA;28/08/2026;ELSON 445115
OCW4J02;02/09/2026;6080555;São Paulo;800;3677.717;296;28416;;;;;;;WE COMERCIO E TRANSPORTES LTDA;01/09/2026;VIAGEM - 445381
OCW4J02;08/05/2026;383426;Sorocaba;;3299.989;578;39601.67;;;;;;;WE COMERCIO E TRANSPORTES LTDA;09/05/2026;Elson Adriano - 383426
OCW4J02;13/07/2026;5872298;Sorocaba;1400;3098.903;552;38531.49;;;;;;;WE COMERCIO E TRANSPORTES LTDA;13/07/2026;Viagem: 433778
OCW4J02;24/07/2026;5925081;Sorocaba;1400;3125.217;285;26181.8;;;;;;;WE COMERCIO E TRANSPORTES LTDA;24/07/2026;VIAGEM 435584
OCW4J02;03/08/2026;5965924;Sorocaba;1400;;;;;;;;;;WE COMERCIO E TRANSPORTES LTDA;03/08/2026;437810
OCW4J02;04/08/2026;5966885;Sorocaba;1400;738.6;60;6120;;;;;;;WE COMERCIO E TRANSPORTES LTDA;04/08/2026;ELSON ADRIANO - 438739
OCW4J02;29/06/2026;5813446;Suzano;1200;3845.686;434;39957.41;;;;;;;WE COMERCIO E TRANSPORTES LTDA;26/06/2026;VIAGEM 430025
OCW4J02;04/08/2026;5970805;Taboão da Serra;800;4075.604;546;45333.8;;;;;;;WE COMERCIO E TRANSPORTES LTDA;04/08/2026;438909
OCW4J02;02/07/2026;5833009;Tietê;1550;4644.268;570;60148.88;;;;;;;WE COMERCIO E TRANSPORTES LTDA;02/07/2026;VIAGEM 430861
OCW4J02;19/08/2026;6030318;Vargem Grande Paulista;1200;3654;290;28536;;;;;;;WE COMERCIO E TRANSPORTES LTDA;19/08/2026;442.134
OCW4J02;10/09/2026;6110749;Várzea Grande;;3918.99;420;56203.82;;;;;;;WE COMERCIO E TRANSPORTES LTDA;09/09/2026;Elson 446.256
OCW4J02;10/08/2026;5988284;Vinhedo;1200;2728.694;415;34081.04;;;;;;;WE COMERCIO E TRANSPORTES LTDA;10/08/2026;ELSON ADRIANO 440659
DMN8C09;06/05/2026;379760;Nova Odessa;;297.537;56;4842.6;;;;;;;DESCONHECIDO;07/05/2026;Viagem 379760
ABC1236;06/05/2026;373294;São Paulo;;271.754;24;2499.36;;;;;;;DESCONHECIDO;07/05/2026;PROPRIO RETIRA
DMN8C09;06/05/2026;377947;Ribeirão Pires;;271.497;25;4417.2;;;;;;;DESCONHECIDO;06/05/2026;Viagem 377947
ORC8C66;25/08/2026;6051527;Barueri;500;1063.687;126;13638.7;;;;;;;MAURICIO DOS SANTOS 33729094882;25/08/2026;MAURICIO 444.720
ORC8C66;12/06/2026;5762173;Bragança Paulista;800;1115.648;192;16324.23;;;;;;;MAURICIO DOS SANTOS 33729094882;13/06/2026;VIAGEM 419327
ORC8C66;11/09/2026;6114382;Bragança Paulista;800;867.779;143;13232.16;;;;;;;MAURICIO DOS SANTOS 33729094882;10/09/2026;Mauricio - 448196
ORC8C66;01/09/2026;6076610;Cajamar;700;1512.371;165;18319.92;;;;;;;MAURICIO DOS SANTOS 33729094882;01/09/2026;VIAGEM - 445113
ORC8C66;08/06/2026;5733360;Campinas;800;1539.675;271;23174.7;;;;;;;MAURICIO DOS SANTOS 33729094882;05/06/2026;VIAGEM 409856
ORC8C66;20/08/2026;6035006;Cotia;500;1295.04;186;15656.26;;;;;;;MAURICIO DOS SANTOS 33729094882;20/08/2026;443.247
ORC8C66;18/06/2026;5779148;Diadema;500;1084.535;139;9862.28;;;;;;;MAURICIO DOS SANTOS 33729094882;18/06/2026;VIAGEM 422825
ORC8C66;22/07/2026;5919314;Ferraz de Vasconcelos;500;1316.915;238;16904.99;;;;;;;MAURICIO DOS SANTOS 33729094882;22/07/2026;435886
ORC8C66;20/05/2026;389627;Franco da Rocha;;940.171;150;11312.63;;;;;;;MAURICIO DOS SANTOS 33729094882;21/05/2026;
ORC8C66;05/06/2026;5728638;Guarulhos;500;1292.346;190;10688.02;;;;;;;MAURICIO DOS SANTOS 33729094882;03/06/2026;VIAGEM 410648
ORC8C66;13/07/2026;5876446;Guarulhos;500;1683.142;145;15075.66;;;;;;;MAURICIO DOS SANTOS 33729094882;13/07/2026;434779
ORC8C66;15/07/2026;5887397;Guarulhos;500;1419.798;146;15096.8;;;;;;;MAURICIO DOS SANTOS 33729094882;15/07/2026;435343
ORC8C66;21/07/2026;5914491;Guarulhos;500;1277.758;199;15066.77;;;;;;;MAURICIO DOS SANTOS 33729094882;21/07/2026;436522
ORC8C66;31/08/2026;6067929;Guarulhos;500;1360.119;173;15674;;;;;;;MAURICIO DOS SANTOS 33729094882;28/08/2026;VIAGEM - 445298
ORC8C66;14/09/2026;6122443;Ilhabela;1300;1437.532;232;18023.03;;;;;;;MAURICIO DOS SANTOS 33729094882;11/09/2026;VIAGEM - 448748
ORC8C66;21/09/2026;6151305;Itu;800;1024.353;164;13256.28;;;;;;;MAURICIO DOS SANTOS 33729094882;19/09/2026;Mauricio - 450756
ORC8C66;11/08/2026;5992674;Jundiaí;700;854.877;82;8659.82;;;;;;;MAURICIO DOS SANTOS 33729094882;10/08/2026;VIAGEM 440748
ORC8C66;26/05/2026;5690876;Mauá;;1159.186;163;12367.15;;;;;;;MAURICIO DOS SANTOS 33729094882;26/05/2026;VIAGEM 400220
ORC8C66;27/05/2026;5697515;Mogi das Cruzes;;1193.29;211;11817.69;;;;;;;MAURICIO DOS SANTOS 33729094882;27/05/2026;VIAGEM 395567
ORC8C66;18/09/2026;6145384;Osasco;500;935.024;119;9980.24;;;;;;;MAURICIO DOS SANTOS 33729094882;17/09/2026;VIAGEM - 450679/450680
ORC8C66;04/09/2026;6166520;Osasco;500;1113.071;123;10280.77;;;;;;;MAURICIO DOS SANTOS 33729094882;23/09/2026;Mauricio - 442985
ORC8C66;24/08/2026;6039955;Salto;800;1023.35;85;8232;;;;;;;MAURICIO DOS SANTOS 33729094882;22/08/2026;VIAGEM 443834
ORC8C66;22/06/2026;5786317;Santo André;500;993.679;187;13025.3;;;;;;;MAURICIO DOS SANTOS 33729094882;19/06/2026;VIAGEM 426133
ORC8C66;23/09/2026;6161837;Santos;700;1409.424;265;21582.31;;;;;;;MAURICIO DOS SANTOS 33729094882;22/09/2026;VIAGEM - 452319/452345
ORC8C66;28/05/2026;5704451;São Bernardo do Campo;;725.3;155;10031.94;;;;;;;MAURICIO DOS SANTOS 33729094882;28/05/2026;VIAGEM 400386
ORC8C66;10/08/2026;5983572;São Bernardo do Campo;500;480.945;200;13443.06;;;;;;;MAURICIO DOS SANTOS 33729094882;07/08/2026;VIAGEM 440520
ORC8C66;08/09/2026;6100413;São Bernardo do Campo;500;1191.973;169;13544.22;;;;;;;MAURICIO DOS SANTOS 33729094882;08/09/2026;447.302
ORC8C66;17/09/2026;6140518;São José dos Campos;800;1580.891;157;14645.12;;;;;;;MAURICIO DOS SANTOS 33729094882;16/09/2026;VIAGEM - 450116
ORC8C66;13/05/2026;383362;São Paulo;;901.477;144;12224.19;;;;;;;MAURICIO DOS SANTOS 33729094882;14/05/2026;
ORC8C66;13/05/2026;383390;São Paulo;;106.468;7;1057.32;;;;;;;MAURICIO DOS SANTOS 33729094882;14/05/2026;
ORC8C66;16/05/2026;5656874;São Paulo;;1440.154;271;18348.05;;;;;;;MAURICIO DOS SANTOS 33729094882;16/05/2026;VIAGEM 387664
ORC8C66;16/05/2026;387664;São Paulo;;1437.64;270;18301.25;;;;;;;MAURICIO DOS SANTOS 33729094882;17/05/2026;
ORC8C66;16/05/2026;387672;São Paulo;;2.514;1;46.8;;;;;;;MAURICIO DOS SANTOS 33729094882;17/05/2026;
ORC8C66;21/05/2026;391774;São Paulo;;1417.677;226;13387.13;;;;;;;MAURICIO DOS SANTOS 33729094882;22/05/2026;
ORC8C66;27/05/2026;5697045;São Paulo;;378.4;25;3018.75;;;;;;;MAURICIO DOS SANTOS 33729094882;27/05/2026;VIAGEM 387654
ORC8C66;30/05/2026;5710920;São Paulo;;822.708;118;8785.22;;;;;;;MAURICIO DOS SANTOS 33729094882;30/05/2026;VIAGEM 402829
ORC8C66;02/06/2026;5717911;São Paulo;500;1222.744;225;14526.28;;;;;;;MAURICIO DOS SANTOS 33729094882;01/06/2026;VIAGEM 404741
ORC8C66;03/06/2026;5722407;São Paulo;500;1163.95;174;13593.37;;;;;;;MAURICIO DOS SANTOS 33729094882;02/06/2026;VIAGEM 409725
ORC8C66;09/06/2026;5740723;São Paulo;500;432.692;147;14082.45;;;;;;;MAURICIO DOS SANTOS 33729094882;09/06/2026;VIAGEM 414179
ORC8C66;10/06/2026;5746332;São Paulo;500;1356.906;344;20482.78;;;;;;;MAURICIO DOS SANTOS 33729094882;10/06/2026;VIAGEM 414719
ORC8C66;11/06/2026;5751495;São Paulo;500;1457.683;138;11507.73;;;;;;;MAURICIO DOS SANTOS 33729094882;11/06/2026;VIAGEM 419492
ORC8C66;12/06/2026;5755393;São Paulo;500;1597.34;127;12192;;;;;;;MAURICIO DOS SANTOS 33729094882;11/06/2026;VIAGEM 418077
ORC8C66;17/06/2026;5770954;São Paulo;500;845.196;135;10718.51;;;;;;;MAURICIO DOS SANTOS 33729094882;16/06/2026;VIAGEM 419624
ORC8C66;23/06/2026;5795880;São Paulo;500;1133.597;206;15389.5;;;;;;;MAURICIO DOS SANTOS 33729094882;23/06/2026;VIAGEM 419162
ORC8C66;29/06/2026;5814041;São Paulo;500;1010.03;155;13494.41;;;;;;;MAURICIO DOS SANTOS 33729094882;27/06/2026;VIAGEM 431195
ORC8C66;02/07/2026;5832150;São Paulo;500;853.565;125;9668.13;;;;;;;MAURICIO DOS SANTOS 33729094882;01/07/2026;VIAGEM 432267
ORC8C66;06/07/2026;5842904;São Paulo;500;894.742;185;14981.58;;;;;;;MAURICIO DOS SANTOS 33729094882;03/07/2026;VIAGEM 432314
ORC8C66;10/07/2026;5869083;São Paulo;500;724.619;83;8609.32;;;;;;;MAURICIO DOS SANTOS 33729094882;10/07/2026;434133
ORC8C66;17/07/2026;5901399;São Paulo;500;1020.147;130;12049.12;;;;;;;MAURICIO DOS SANTOS 33729094882;17/07/2026;435560
ORC8C66;27/07/2026;5936771;São Paulo;500;1320.756;195;10210.3;;;;;;;MAURICIO DOS SANTOS 33729094882;27/07/2026;437437
ORC8C66;03/08/2026;5961377;São Paulo;500;1494.84;120;12240;;;;;;;MAURICIO DOS SANTOS 33729094882;03/08/2026;VIAGEM 437922
ORC8C66;07/08/2026;5978308;São Paulo;500;1477.2;120;12240;;;;;;;MAURICIO DOS SANTOS 33729094882;06/08/2026;VIAGEM 437931
ORC8C66;13/08/2026;6002743;São Paulo;500;1149.043;115;10129.78;;;;;;;MAURICIO DOS SANTOS 33729094882;12/08/2026;VIAGEM 441508
ORC8C66;17/08/2026;6013090;São Paulo;500;794.803;163;10890.86;;;;;;;MAURICIO DOS SANTOS 33729094882;14/08/2026;VIAGEM 441999
ORC8C66;18/08/2026;6020379;São Paulo;500;767.15;87;8507.03;;;;;;;MAURICIO DOS SANTOS 33729094882;17/08/2026;VIAGEM 441506
ORC8C66;26/08/2026;6054021;São Paulo;500;1158.929;97;9224.04;;;;;;;MAURICIO DOS SANTOS 33729094882;26/08/2026;444.824
ORC8C66;28/08/2026;6062317;São Paulo;500;900.007;157;13974.62;;;;;;;MAURICIO DOS SANTOS 33729094882;27/08/2026;VIAGEM - 444934
ORC8C66;02/09/2026;6080797;São Paulo;500;1177.506;197;23232.38;;;;;;;MAURICIO DOS SANTOS 33729094882;01/09/2026;VIAGEM - 445463
ORC8C66;03/09/2026;6085158;São Paulo;500;1597.878;270;19020.51;;;;;;;MAURICIO DOS SANTOS 33729094882;02/09/2026;VIAGEM - 443244
ORC8C66;22/09/2026;6156666;São Paulo;500;1481.425;142;13349.74;;;;;;;MAURICIO DOS SANTOS 33729094882;22/09/2026;VIAGEM - 451871
ORC8C66;24/09/2026;6167065;São Paulo;500;989.837;175;13368.77;;;;;;;MAURICIO DOS SANTOS 33729094882;24/09/2026;VIAGEM - 452888
ORC8C66;23/07/2026;5924960;Sorocaba;800;1615.422;167;18003.36;;;;;;;MAURICIO DOS SANTOS 33729094882;23/07/2026;437193
ORC8C66;28/07/2026;5941711;Sorocaba;800;1559.14;253;20004.07;;;;;;;MAURICIO DOS SANTOS 33729094882;28/07/2026;437.878
ORC8C66;18/08/2026;6022956;Sorocaba;800;1026.208;85;8927.14;;;;;;;MAURICIO DOS SANTOS 33729094882;18/08/2026;442.414
ORC8C66;09/09/2026;6104942;Sorocaba;800;1211.928;192;14485.18;;;;;;;MAURICIO DOS SANTOS 33729094882;08/09/2026;VIAGEM - 447665
ORC8C66;16/09/2026;6133992;Sorocaba;800;711.775;106;11343.28;;;;;;;MAURICIO DOS SANTOS 33729094882;15/09/2026;VIAGEM - 449472/449492
ORC8C66;12/08/2026;5998089;Sumaré;800;806.764;84;8226.18;;;;;;;MAURICIO DOS SANTOS 33729094882;11/08/2026;VIAGEM 440753
ORC8C66;20/05/2026;5672121;Taboão da Serra;;978.903;137;8914.01;;;;;;;MAURICIO DOS SANTOS 33729094882;20/05/2026;VIAGEM 395369
ORC8C66;20/05/2026;395369;Taboão da Serra;;978.903;137;8914.01;;;;;;;MAURICIO DOS SANTOS 33729094882;21/05/2026;
ORC8C66;17/07/2026;5896038;Taboão da Serra;500;771.693;124;9901.16;;;;;;;MAURICIO DOS SANTOS 33729094882;16/07/2026;435829
ORC8C66;01/07/2026;5827157;Taubaté;950;1291.703;129;10408.5;;;;;;;MAURICIO DOS SANTOS 33729094882;30/06/2026;VIAGEM 431413
AOV2G02;14/05/2026;384909;Barueri;;1608.618;167;17173.11;;;;;;;27.851.921 ALLYSON NEVES DA SILVA;15/05/2026;
AOV2G02;12/06/2026;5762168;Campo Limpo Paulista;700;1261.782;274;24763.54;;;;;;;27.851.921 ALLYSON NEVES DA SILVA;13/06/2026;VIAGEM 421010
AOV2G02;01/06/2026;5710232;Carapicuíba;;1071.844;87;12492.84;;;;;;;27.851.921 ALLYSON NEVES DA SILVA;29/05/2026;VIAGEM 405930
AOV2G02;16/09/2026;6135245;Franco da Rocha;700;763.16;158;12915.64;;;;;;;27.851.921 ALLYSON NEVES DA SILVA;15/09/2026;VIAGEM - 449635
AOV2G02;24/09/2026;6166321;Guarulhos;500;1471.558;173;14798.84;;;;;;;27.851.921 ALLYSON NEVES DA SILVA;23/09/2026;VIAGEM - 452931
AOV2G02;24/07/2026;5929718;Itaquaquecetuba;700;1173.292;178;9307.33;;;;;;;27.851.921 ALLYSON NEVES DA SILVA;24/07/2026;437482
AOV2G02;10/09/2026;6111126;Limeira;950;1008.129;114;9022.2;;;;;;;27.851.921 ALLYSON NEVES DA SILVA;10/09/2026;VIAGEM - 447444
AOV2G02;22/07/2026;5919720;Mairiporã;700;897.476;149;12098.64;;;;;;;27.851.921 ALLYSON NEVES DA SILVA;22/07/2026;436865
AOV2G02;22/07/2026;5919721;Mairiporã;700;39.995;5;389.82;;;;;;;27.851.921 ALLYSON NEVES DA SILVA;22/07/2026;436896
AOV2G02;16/05/2026;387694;Mauá;;1421.925;246;15503.72;;;;;;;27.851.921 ALLYSON NEVES DA SILVA;17/05/2026;
AOV2G02;19/09/2026;6150963;Mauá;500;1023.104;96;9039.48;;;;;;;27.851.921 ALLYSON NEVES DA SILVA;19/09/2026;Allyson - 450.859
AOV2G02;27/05/2026;5693632;Osasco;500;938.805;175;13751.12;;;;;;;27.851.921 ALLYSON NEVES DA SILVA;27/05/2026;VIAGEM 400617
AOV2G02;17/09/2026;6140584;Poá;700;1320.081;129;12681.68;;;;;;;27.851.921 ALLYSON NEVES DA SILVA;17/09/2026;VIAGEM - 449951
AOV2G02;19/05/2026;389825;São Paulo;;1027.951;166;13051.85;;;;;;;27.851.921 ALLYSON NEVES DA SILVA;20/05/2026;
AOV2G02;08/06/2026;5734188;São Paulo;500;1182.692;222;17388.48;;;;;;;27.851.921 ALLYSON NEVES DA SILVA;05/06/2026;VIAGEM 413028
AAA1113;16/06/2026;5768849;São Paulo;500;301.01;33;3572.75;;;;;;;27.851.921 ALLYSON NEVES DA SILVA;16/06/2026;VIAGEM 422066
AOV2G02;22/06/2026;5789337;São Paulo;500;1137.387;110;8572.26;;;;;;;27.851.921 ALLYSON NEVES DA SILVA;20/06/2026;VIAGEM 427577
AOV2G02;23/06/2026;5794060;São Paulo;500;1358.478;181;12747.43;;;;;;;27.851.921 ALLYSON NEVES DA SILVA;22/06/2026;VIAGEM  427313
AOV2G02;28/07/2026;5941842;São Paulo;500;633.167;107;8094.91;;;;;;;27.851.921 ALLYSON NEVES DA SILVA;28/07/2026;438071
AOV2G02;29/07/2026;5947487;São Paulo;500;1303.668;195;14200.97;;;;;;;27.851.921 ALLYSON NEVES DA SILVA;29/07/2026;438146
AOV2G02;05/08/2026;5971253;São Paulo;500;1086.736;190;14120.82;;;;;;;27.851.921 ALLYSON NEVES DA SILVA;05/08/2026;VIAGEM 438925
AOV2G02;07/08/2026;5985987;São Paulo;500;444;180;13860;;;;;;;27.851.921 ALLYSON NEVES DA SILVA;07/08/2026;VIAGEM 439361
AOV2G02;11/08/2026;5997836;São Paulo;500;1397.414;190;17430.64;;;;;;;27.851.921 ALLYSON NEVES DA SILVA;11/08/2026;441.243
AOV2G02;13/08/2026;6003604;São Paulo;500;951.686;159;11286.98;;;;;;;27.851.921 ALLYSON NEVES DA SILVA;12/08/2026;VIAGEM 441720
AOV2G02;17/08/2026;6013661;São Paulo;500;1637.23;133;10054.8;;;;;;;27.851.921 ALLYSON NEVES DA SILVA;14/08/2026;VIAGEM 442094
AOV2G02;24/08/2026;6039952;São Paulo;500;1463.723;157;14899.07;;;;;;;27.851.921 ALLYSON NEVES DA SILVA;22/08/2026;VIAGEM 443750
AOV2G02;27/08/2026;6054931;São Paulo;500;1452.973;250;18836.06;;;;;;;27.851.921 ALLYSON NEVES DA SILVA;26/08/2026;VIAGEM - 444735
AOV2G02;31/08/2026;6068023;São Paulo;500;1448.141;200;19151.94;;;;;;;27.851.921 ALLYSON NEVES DA SILVA;28/08/2026;VIAGEM - 445168
AOV2G02;02/09/2026;6080537;São Paulo;500;980.248;91;8639.89;;;;;;;27.851.921 ALLYSON NEVES DA SILVA;01/09/2026;VIAGEM - 445379
AOV2G02;03/09/2026;6085793;São Paulo;500;1051.408;224;15689.39;;;;;;;27.851.921 ALLYSON NEVES DA SILVA;02/09/2026;VIAGEM - 445506
AOV2G02;09/09/2026;6102029;São Paulo;500;871.958;142;12476.07;;;;;;;27.851.921 ALLYSON NEVES DA SILVA;08/09/2026;VIAGEM 447283
AOV2G02;23/09/2026;6162111;São Paulo;500;1364.054;139;10742.64;;;;;;;27.851.921 ALLYSON NEVES DA SILVA;23/09/2026;VIAGEM - 452525
AOV2G02;20/05/2026;390951;São Roque;;1253.814;120;13467.31;;;;;;;27.851.921 ALLYSON NEVES DA SILVA;21/05/2026;
AOV2G02;26/05/2026;5688450;Sorocaba;;1015.712;90;9466.47;;;;;;;27.851.921 ALLYSON NEVES DA SILVA;26/05/2026;VIAGEM 400748
AOV2G02;17/06/2026;5773615;Suzano;700;623.017;65;6130.01;;;;;;;27.851.921 ALLYSON NEVES DA SILVA;16/06/2026;VIAGEM 422227
AOV2G02;19/08/2026;6025599;Suzano;700;1313.172;188;15789.24;;;;;;;27.851.921 ALLYSON NEVES DA SILVA;18/08/2026;VIAGEM 442443
AOV2G02;21/07/2026;5914354;Taboão da Serra;500;1472.786;214;15487.73;;;;;;;27.851.921 ALLYSON NEVES DA SILVA;21/07/2026;436556
AOV2G02;01/08/2026;5959421;Tatuí;950;1078.725;134;11678.5;;;;;;;27.851.921 ALLYSON NEVES DA SILVA;01/08/2026;VIAGEM 438734
AOV2G02;14/09/2026;6121775;Taubaté;950;1531.688;128;14619.36;;;;;;;27.851.921 ALLYSON NEVES DA SILVA;11/09/2026;VIAGEM - 448499
FIB1I00;15/05/2026;5655826;Araras;750;969.879;175;10236.9;;;;;;;66.193.146 JOSE DIMAS CARDOSO;15/05/2026;VIAGEM 388210
FIB1I00;15/05/2026;388210;Araras;;969.879;175;10236.9;;;;;;;66.193.146 JOSE DIMAS CARDOSO;16/05/2026;
FIB1I00;27/05/2026;5693601;Campinas;;730.95;210;11825.95;;;;;;;66.193.146 JOSE DIMAS CARDOSO;27/05/2026;VIAGEM 400419
FIB1I00;28/07/2026;5937231;Campinas;;1065.965;148;12541.04;;;;;;;66.193.146 JOSE DIMAS CARDOSO;28/07/2026;VIAGEM 437782
OQF9J01;28/08/2026;6062291;Campinas;;;;;;;;;;;66.193.146 JOSE DIMAS CARDOSO;27/08/2026;VIAGEM - 445001
OQF9J01;28/08/2026;6063129;Campinas;650;672.179;98;11249.96;;;;;;;66.193.146 JOSE DIMAS CARDOSO;28/08/2026;
FIB1I00;14/09/2026;6122154;Campinas;;1503.409;140;12765.12;;;;;;;66.193.146 JOSE DIMAS CARDOSO;11/09/2026;Oseias - 448908
FIB1I00;19/09/2026;6149907;Diadema;;1523.253;204;14573.47;;;;;;;66.193.146 JOSE DIMAS CARDOSO;18/09/2026;VIAGEM - 451306
OQF9J01;16/09/2026;6135129;Guarulhos;;933.612;97;8736.06;;;;;;;66.193.146 JOSE DIMAS CARDOSO;15/09/2026;VIAGEM - 449429/449430
OQF9J01;22/09/2026;6156711;Hortolândia;;484.972;85;9443.58;;;;;;;66.193.146 JOSE DIMAS CARDOSO;22/09/2026;VIAGEM - 452315
FIB1I00;19/09/2026;6151528;Indaiatuba;;1535.238;263;17580.09;;;;;;;66.193.146 JOSE DIMAS CARDOSO;19/09/2026;Oseias - 450.749
OQF9J01;24/09/2026;6167273;Itapecerica da Serra;;855.811;155;11292.87;;;;;;;66.193.146 JOSE DIMAS CARDOSO;24/09/2026;VIAGEM - 452912
FIB1I00;23/09/2026;6161824;Itaquaquecetuba;;1577.869;204;18852.43;;;;;;;66.193.146 JOSE DIMAS CARDOSO;22/09/2026;OSEIAS/452322
OQF9J01;26/05/2026;5693465;Jandira;;677.676;59;6372;;;;;;;66.193.146 JOSE DIMAS CARDOSO;26/05/2026;VIAGEM 400616
FIB1I00;21/08/2026;6039128;Jundiaí;;1346.289;116;11008.87;;;;;;;66.193.146 JOSE DIMAS CARDOSO;21/08/2026;443.698
FIB1I00;24/07/2026;5925307;Mauá;;1752.418;255;18786.14;;;;;;;66.193.146 JOSE DIMAS CARDOSO;24/07/2026;VIAGEM 437184
OQF9J01;19/08/2026;6024224;Mogi das Cruzes;;752.25;64;7307.28;;;;;;;66.193.146 JOSE DIMAS CARDOSO;18/08/2026;DIMAS
OQF9J01;10/09/2026;6110950;Mogi das Cruzes;;784.077;148;9498.15;;;;;;;66.193.146 JOSE DIMAS CARDOSO;09/09/2026;VIAGEM -  447688
FIB1I00;18/06/2026;5779146;Praia Grande;;726.352;120;6598.9;;;;;;;66.193.146 JOSE DIMAS CARDOSO;17/06/2026;VIAGEM 422222
FIB1I00;17/09/2026;6140422;Praia Grande;;1010.094;143;12339.46;;;;;;;66.193.146 JOSE DIMAS CARDOSO;16/09/2026;OSEIAS 449435/449436
OQF9J01;22/05/2026;5680623;Salto de Pirapora;;844.077;91;8034.99;;;;;;;66.193.146 JOSE DIMAS CARDOSO;22/05/2026;VIAGEM 395568
FIB1I00;22/09/2026;6156339;Santo André;;604.8;104;9364.66;;;;;;;66.193.146 JOSE DIMAS CARDOSO;21/09/2026;OSEIAS- 448490/448493/448492
FIB1I00;27/05/2026;5698405;Santo Antônio de Posse;;633.52;88;8926.25;;;;;;;66.193.146 JOSE DIMAS CARDOSO;27/05/2026;OSEIAS CARDOSO - 402662 / 402101
OQF9J01;18/07/2026;5902609;Santos;;702.382;86;7129.1;;;;;;;66.193.146 JOSE DIMAS CARDOSO;18/07/2026;VIAGEM 436035
OQF9J01;02/06/2026;5716912;São Caetano do Sul;;39.723;31;1186.28;;;;;;;66.193.146 JOSE DIMAS CARDOSO;01/06/2026;VIAGEM 403124
FIB1I00;14/08/2026;6008791;São José dos Campos;;1045.65;132;9232.12;;;;;;;66.193.146 JOSE DIMAS CARDOSO;13/08/2026;OSEIAS
FIB1I00;24/09/2026;6166477;São José dos Campos;;1466.6;135;13316.52;;;;;;;66.193.146 JOSE DIMAS CARDOSO;23/09/2026;OSEIAS/452946
OQF9J01;14/05/2026;386822;São Paulo;;405.038;101;7139.39;;;;;;;66.193.146 JOSE DIMAS CARDOSO;15/05/2026;
OQF9J01;14/05/2026;388406;São Paulo;;275.564;21;3289.8;;;;;;;66.193.146 JOSE DIMAS CARDOSO;15/05/2026;
OQF9J01;18/05/2026;5662327;São Paulo;;729.596;144;8381.8;;;;;;;66.193.146 JOSE DIMAS CARDOSO;18/05/2026;VIAGEM 384748
OQF9J01;18/05/2026;384748;São Paulo;;729.596;144;8381.8;;;;;;;66.193.146 JOSE DIMAS CARDOSO;19/05/2026;
FIB1I00;18/05/2026;387655;São Paulo;;984.339;123;11042.67;;;;;;;66.193.146 JOSE DIMAS CARDOSO;19/05/2026;
OQF9J01;19/05/2026;390068;São Paulo;;707.466;90;8188.96;;;;;;;66.193.146 JOSE DIMAS CARDOSO;20/05/2026;
OQF9J01;20/05/2026;5671259;São Paulo;;787.94;73;8578.76;;;;;;;66.193.146 JOSE DIMAS CARDOSO;20/05/2026;VIAGEM 389892
FIB1I00;20/05/2026;5672080;São Paulo;;1166.983;155;12380.95;;;;;;;66.193.146 JOSE DIMAS CARDOSO;20/05/2026;VIAGEM 386756
OQF9J01;20/05/2026;391543;São Paulo;;113.586;9;1596;;;;;;;66.193.146 JOSE DIMAS CARDOSO;21/05/2026;
OQF9J01;20/05/2026;389892;São Paulo;;674.354;64;6982.76;;;;;;;66.193.146 JOSE DIMAS CARDOSO;21/05/2026;
FIB1I00;20/05/2026;386756;São Paulo;;1005.354;146;10307.35;;;;;;;66.193.146 JOSE DIMAS CARDOSO;21/05/2026;
FIB1I00;20/05/2026;394711;São Paulo;;161.629;9;2073.6;;;;;;;66.193.146 JOSE DIMAS CARDOSO;21/05/2026;
FIB1I00;25/05/2026;5688417;São Paulo;;1465.898;212;13130.19;;;;;;;66.193.146 JOSE DIMAS CARDOSO;25/05/2026;VIAGEM 398244
OQF9J01;28/05/2026;5704208;São Paulo;;380.342;59;5023.62;;;;;;;66.193.146 JOSE DIMAS CARDOSO;28/05/2026;VIAGEM 401608
FIB1I00;29/06/2026;5813500;São Paulo;;1273.39;231;13591.53;;;;;;;66.193.146 JOSE DIMAS CARDOSO;26/06/2026;VIAGEM 429981
OQF9J01;21/07/2026;5909561;São Paulo;;230.97;77;5764.53;;;;;;;66.193.146 JOSE DIMAS CARDOSO;21/07/2026;Viagem: 436006
OQF9J01;22/07/2026;5919260;São Paulo;;1007.819;201;14990.04;;;;;;;66.193.146 JOSE DIMAS CARDOSO;22/07/2026;436755
OQF9J01;27/08/2026;6056040;São Paulo;;809.281;141;10797.27;;;;;;;66.193.146 JOSE DIMAS CARDOSO;26/08/2026;VIAGEM - 444844
FIB1I00;10/09/2026;6116537;São Paulo;;625.228;70;5969.67;;;;;;;66.193.146 JOSE DIMAS CARDOSO;10/09/2026;Oseias - 448.506
OQF9J01;14/09/2026;6122552;São Paulo;;724.597;79;6188.64;;;;;;;66.193.146 JOSE DIMAS CARDOSO;12/09/2026;viagem - 448907
OQF9J01;17/09/2026;6140484;São Paulo;;688.496;128;10829.12;;;;;;;66.193.146 JOSE DIMAS CARDOSO;16/09/2026;VIAGEM - 450682/450681
OQF9J01;18/09/2026;6145387;São Paulo;;572.004;66;6827.34;;;;;;;66.193.146 JOSE DIMAS CARDOSO;17/09/2026;VIAGEM - 451309
FIB1I00;19/09/2026;6149908;São Paulo;;7079.628;835;64973.94;;;;;;;66.193.146 JOSE DIMAS CARDOSO;18/09/2026;VIAGEM - 451306
OQF9J01;23/09/2026;6161978;São Paulo;;905.662;158;9536.24;;;;;;;66.193.146 JOSE DIMAS CARDOSO;23/09/2026;VIAGEM - 452231
FIB1I00;25/08/2026;6046484;Socorro;;1377.78;193;19342.72;;;;;;;66.193.146 JOSE DIMAS CARDOSO;24/08/2026;VIAGEM - 443881
OQF9J01;01/06/2026;5709098;Sumaré;;891.411;104;8859.71;;;;;;;66.193.146 JOSE DIMAS CARDOSO;29/05/2026;VIAGEM 404609
FIB1I00;22/07/2026;5919554;Taboão da Serra;;823.16;140;9406;;;;;;;66.193.146 JOSE DIMAS CARDOSO;22/07/2026;436784
OQF9J01;20/08/2026;6030438;Taubaté;;778.462;85;7660.92;;;;;;;66.193.146 JOSE DIMAS CARDOSO;19/08/2026;VIAGEM 442439
FIB1I00;15/09/2026;6128291;Valinhos;;1420.214;118;11289.6;;;;;;;66.193.146 JOSE DIMAS CARDOSO;14/09/2026;VIAGEM - 448903
FIB1I00;19/08/2026;6023941;Vargem Grande Paulista;;765.365;180;13474.66;;;;;;;66.193.146 JOSE DIMAS CARDOSO;18/08/2026;OSEIAS
EGI6E50;07/08/2026;5985898;Alumínio;1000;2242.994;195;20388.04;;;;;;;JUAREZ DE CARVALHO SANTOS;07/08/2026;VIAGEM 439763
EGI6E50;12/08/2026;5997442;Atibaia;850;2224.62;180;18360;;;;;;;JUAREZ DE CARVALHO SANTOS;11/08/2026;VIAGEM 437980
EGI6E50;31/08/2026;6070964;Atibaia;850;1944.587;212;18328.31;;;;;;;JUAREZ DE CARVALHO SANTOS;31/08/2026;VIAGEM 445137
EGI6E50;16/07/2026;5894602;Bertioga;1000;2388.556;336;23736;;;;;;;JUAREZ DE CARVALHO SANTOS;16/07/2026;435533
EGI6E50;14/07/2026;5882983;Campinas;1000;1864.755;185;17038.55;;;;;;;JUAREZ DE CARVALHO SANTOS;14/07/2026;433311
EGI6E50;04/08/2026;5970790;Campinas;1000;2415.836;244;20970.2;;;;;;;JUAREZ DE CARVALHO SANTOS;04/08/2026;436901
EGI6E50;07/08/2026;5979684;Campinas;1000;2233.44;180;18360;;;;;;;JUAREZ DE CARVALHO SANTOS;06/08/2026;VIAGEM 437929
EGI6E50;26/08/2026;6056687;Campinas;1000;2736.942;293;23317.76;;;;;;;JUAREZ DE CARVALHO SANTOS;26/08/2026;444.825
EGI6E50;15/09/2026;6129735;Caraguatatuba;1500;2608.048;312;26594.49;;;;;;;JUAREZ DE CARVALHO SANTOS;14/09/2026;VIAGEM - 445552
EGI6E50;30/07/2026;5952466;Cotia;600;2318.904;287;19361.01;;;;;;;JUAREZ DE CARVALHO SANTOS;30/07/2026;438692
EGI6E50;19/09/2026;6151630;Cotia;600;1720.29;207;14681.44;;;;;;;JUAREZ DE CARVALHO SANTOS;19/09/2026;Juarez - 450.545
EGI6E50;11/09/2026;6114889;Embu das Artes;600;2088.605;313;16358.31;;;;;;;JUAREZ DE CARVALHO SANTOS;10/09/2026;VIAGEM - 447991
EGI6E50;24/08/2026;6039961;Embu-Guaçu;600;2594.2;211;20312;;;;;;;JUAREZ DE CARVALHO SANTOS;22/08/2026;VIAGEM 443832
EGI6E50;16/06/2026;5768078;Guarujá;850;2525.108;361;25810.31;;;;;;;JUAREZ DE CARVALHO SANTOS;15/06/2026;VIAGEM 418601
EGI6E50;28/05/2026;5704498;Guarulhos;;1778.186;190;16648.2;;;;;;;JUAREZ DE CARVALHO SANTOS;28/05/2026;VIAGEM 400421
EGI6E50;03/06/2026;5723336;Guarulhos;600;2033.025;143;17866.8;;;;;;;JUAREZ DE CARVALHO SANTOS;02/06/2026;VIAGEM 387589
EGI6E50;05/06/2026;5729503;Indaiatuba;1000;2180.682;358;26340.56;;;;;;;JUAREZ DE CARVALHO SANTOS;04/06/2026;VIAGEM 406193
EGI6E50;09/09/2026;6104573;Itapecerica da Serra;600;1872.513;217;17949.41;;;;;;;JUAREZ DE CARVALHO SANTOS;08/09/2026;VIAGEM - 447315
EGI6E50;11/06/2026;5751073;Itariri;1000;2728.042;359;19198.31;;;;;;;JUAREZ DE CARVALHO SANTOS;10/06/2026;VIAGEM 415673
EGI6E50;17/07/2026;5902335;Itu;1000;1737.085;212;20671.2;;;;;;;JUAREZ DE CARVALHO SANTOS;17/07/2026;435634
EGI6E50;08/07/2026;5854902;Jundiaí;850;1685.185;189;15704.82;;;;;;;JUAREZ DE CARVALHO SANTOS;08/07/2026;VIAGEM 433316
EGI6E50;02/09/2026;6080583;Jundiaí;850;1528.126;208;18769.16;;;;;;;JUAREZ DE CARVALHO SANTOS;01/09/2026;VIAGEM - 445157
EGI6E50;22/09/2026;6156562;Jundiaí;850;2026.678;182;16484.59;;;;;;;JUAREZ DE CARVALHO SANTOS;21/09/2026;VIAGEM - 450757
EGI6E50;30/06/2026;5820772;Limeira;1200;1991.576;213;20531.8;;;;;;;JUAREZ DE CARVALHO SANTOS;29/06/2026;VIAGEM 430840
EGI6E50;13/07/2026;5876959;Mairinque;850;2425.361;333;30977.14;;;;;;;JUAREZ DE CARVALHO SANTOS;13/07/2026;434872
EGI6E50;04/08/2026;5966006;Mauá;600;2215.8;180;18360;;;;;;;JUAREZ DE CARVALHO SANTOS;04/08/2026;VIAGEM 437967
EGI6E50;28/07/2026;5941705;Mogi das Cruzes;850;2572.496;416;30325.06;;;;;;;JUAREZ DE CARVALHO SANTOS;28/07/2026;437.863
EGI6E50;25/08/2026;6046738;Mogi das Cruzes;850;1700.525;255;17537.34;;;;;;;JUAREZ DE CARVALHO SANTOS;24/08/2026;VIAGEM - 444310
EGI6E50;27/05/2026;5698576;Osasco;;908.1;60;7335;;;;;;;JUAREZ DE CARVALHO SANTOS;27/05/2026;VIAGEM 387611
EGI6E50;25/06/2026;5803897;Osasco;600;2242.548;279;18695.23;;;;;;;JUAREZ DE CARVALHO SANTOS;24/06/2026;VIAGEM 429001
EGI6E50;11/08/2026;5992738;Piedade;1000;2604.466;362;35707.4;;;;;;;JUAREZ DE CARVALHO SANTOS;10/08/2026;VIAGEM 440954
EGI6E50;06/07/2026;5841481;Praia Grande;850;1487.219;262;18020.91;;;;;;;JUAREZ DE CARVALHO SANTOS;03/07/2026;VIAGEM 432673
EGI6E50;04/09/2026;6091821;Ribeirão Pires;600;1764.735;314;23079.39;;;;;;;JUAREZ DE CARVALHO SANTOS;04/09/2026;VIAGEM - 443253
EGI6E50;02/07/2026;5832962;Santa Bárbara d'Oeste;1200;2608.67;443;34709.25;;;;;;;JUAREZ DE CARVALHO SANTOS;01/07/2026;VIAGEM 430837
EGI6E50;20/07/2026;5908871;Santana de Parnaíba;850;2157.411;244;22156.6;;;;;;;JUAREZ DE CARVALHO SANTOS;20/07/2026;436362
EGI6E50;28/07/2026;5936907;Santo André;600;1840.538;264;20389;;;;;;;JUAREZ DE CARVALHO SANTOS;28/07/2026;435709
EGI6E50;01/08/2026;5959422;São Bernardo do Campo;600;2609.791;519;33139.67;;;;;;;JUAREZ DE CARVALHO SANTOS;01/08/2026;VIAGEM 435540
EGI6E50;23/09/2026;6161836;São Bernardo do Campo;600;2345.329;259;23071.48;;;;;;;JUAREZ DE CARVALHO SANTOS;22/09/2026;VIAGEM - 451868
EGI6E50;19/05/2026;376503;São José dos Campos;;1535.14;268;18010.19;;;;;;;JUAREZ DE CARVALHO SANTOS;20/05/2026;
EGI6E50;18/05/2026;390067;São Paulo;;1891.225;155;16484.4;;;;;;;JUAREZ DE CARVALHO SANTOS;19/05/2026;
EGI6E50;20/05/2026;5671777;São Paulo;;1911.421;303;18937.89;;;;;;;JUAREZ DE CARVALHO SANTOS;20/05/2026;VIAGEM 391608
EGI6E50;20/05/2026;391608;São Paulo;;1911.421;303;18937.89;;;;;;;JUAREZ DE CARVALHO SANTOS;21/05/2026;
EGI6E50;22/05/2026;387595;São Paulo;;1049.4;78;7359.3;;;;;;;JUAREZ DE CARVALHO SANTOS;22/05/2026;
EGI6E50;23/05/2026;5681739;São Paulo;;2075.167;284;22133.45;;;;;;;JUAREZ DE CARVALHO SANTOS;23/05/2026;VIAGEM 395436
EGI6E50;26/05/2026;5688524;São Paulo;;2200.175;251;14917.4;;;;;;;JUAREZ DE CARVALHO SANTOS;26/05/2026;VIAGEM 398804
EGI6E50;30/05/2026;5710943;São Paulo;;1956.541;211;16806.07;;;;;;;JUAREZ DE CARVALHO SANTOS;30/05/2026;VIAGEM 400782
EGI6E50;08/06/2026;5734382;São Paulo;600;1865.395;319;26841.6;;;;;;;JUAREZ DE CARVALHO SANTOS;06/06/2026;VIAGEM 411341
EGI6E50;10/06/2026;5746142;São Paulo;600;2369.193;365;26466.02;;;;;;;JUAREZ DE CARVALHO SANTOS;10/06/2026;VIAGEM 414674
EGI6E50;12/06/2026;5756778;São Paulo;600;2314.089;212;20548.56;;;;;;;JUAREZ DE CARVALHO SANTOS;12/06/2026;VIAGEM 416423
EGI6E50;15/06/2026;5764325;São Paulo;600;2633.338;649;35189.6;;;;;;;JUAREZ DE CARVALHO SANTOS;15/06/2026;VIAGEM 420648
EGI6E50;17/06/2026;5774064;São Paulo;600;1954.63;505;28763.14;;;;;;;JUAREZ DE CARVALHO SANTOS;17/06/2026;VIAGEM 422039
EGI6E50;18/06/2026;5778779;São Paulo;600;2234.9;340;21429;;;;;;;JUAREZ DE CARVALHO SANTOS;17/06/2026;VIAGEM 419591
EGI6E50;18/06/2026;5784070;São Paulo;600;2700.035;283;25906.88;;;;;;;JUAREZ DE CARVALHO SANTOS;19/06/2026;VIAGEM 421294
EGI6E50;23/06/2026;5793768;São Paulo;600;2236.251;185;20044.8;;;;;;;JUAREZ DE CARVALHO SANTOS;22/06/2026;VIAGEM 427346
EGI6E50;25/06/2026;5808519;São Paulo;;4144.883;608;40028.26;;;;;;;JUAREZ DE CARVALHO SANTOS;25/06/2026;Viagem 426028 / 428272
EGI6E50;29/06/2026;5812578;São Paulo;600;1889.46;155;16572;;;;;;;JUAREZ DE CARVALHO SANTOS;26/06/2026;VIAGEM 430615
EGI6E50;01/07/2026;5825386;São Paulo;600;2370.183;385;26806.36;;;;;;;JUAREZ DE CARVALHO SANTOS;30/06/2026;VIAGEM 430920
EGI6E50;06/07/2026;5849928;São Paulo;600;2674;220;23644.8;;;;;;;JUAREZ DE CARVALHO SANTOS;06/07/2026;431204
EGI6E50;10/07/2026;5869910;São Paulo;600;2772;220;21120;;;;;;;JUAREZ DE CARVALHO SANTOS;10/07/2026;434528
EGI6E50;21/07/2026;5914127;São Paulo;600;2386.2;443;31336.74;;;;;;;JUAREZ DE CARVALHO SANTOS;21/07/2026;435665
EGI6E50;23/07/2026;5923645;São Paulo;600;2470.66;349;30775.88;;;;;;;JUAREZ DE CARVALHO SANTOS;23/07/2026;435894
EGI6E50;24/07/2026;5929233;São Paulo;600;1988.327;233;15325.89;;;;;;;JUAREZ DE CARVALHO SANTOS;24/07/2026;437002
EGI6E50;21/08/2026;6035266;São Paulo;600;2062.673;295;24625.81;;;;;;;JUAREZ DE CARVALHO SANTOS;21/08/2026;VIAGEM 443666
EGI6E50;26/08/2026;6051846;São Paulo;600;2113.631;590;37145.79;;;;;;;JUAREZ DE CARVALHO SANTOS;25/08/2026;VIAGEM - 444617
EGI6E50;08/09/2026;6100464;São Paulo;600;2072.825;285;23159.4;;;;;;;JUAREZ DE CARVALHO SANTOS;08/09/2026;447.288
EGI6E50;01/09/2026;6165523;São Paulo;600;2470.343;211;22161.8;;;;;;;JUAREZ DE CARVALHO SANTOS;23/09/2026;Juarez - 442333 / 445007
EGI6E50;09/06/2026;5740531;Sorocaba;1000;2040.038;169;18779;;;;;;;JUAREZ DE CARVALHO SANTOS;08/06/2026;VIAGEM 411245
EGI6E50;29/07/2026;5947267;Sorocaba;1000;2432.631;202;20249.07;;;;;;;JUAREZ DE CARVALHO SANTOS;29/07/2026;438.145
EGI6E50;24/09/2026;6166949;Sorocaba;1000;1922.291;166;17807.2;;;;;;;JUAREZ DE CARVALHO SANTOS;23/09/2026;VIAGEM - 445540
EGI6E50;14/09/2026;6121185;Valinhos;1000;2061.575;300;18493.32;;;;;;;JUAREZ DE CARVALHO SANTOS;11/09/2026;VIAGEM - 448734
FCM6A65;31/07/2026;5949237;Itaquaquecetuba;;1396.52;128;12013.2;;;;;;;62.212.408 GUILHERME AMARAL DO MONTE;30/07/2026;GUILHERME ARAUJO 438444
FCM6A65;27/07/2026;5927149;São Paulo;;1264.97;256;18974.94;;;;;;;62.212.408 GUILHERME AMARAL DO MONTE;24/07/2026;VIAGEM 436888 E 436859
EPJ1G83;08/07/2026;5860182;Embu-Guaçu;500;1466.26;204;15549.21;;;;;;;66.854.164 DOMINGOS LAERCIO PINTO DE OLIVEIRA;08/07/2026;
EPJ1G83;10/07/2026;5869919;Guarulhos;500;1636.005;141;15060;;;;;;;66.854.164 DOMINGOS LAERCIO PINTO DE OLIVEIRA;10/07/2026;434774
EPJ1G83;13/07/2026;5877349;Mogi das Cruzes;700;950.175;81;7912.8;;;;;;;66.854.164 DOMINGOS LAERCIO PINTO DE OLIVEIRA;13/07/2026;434573
EPJ1G83;06/07/2026;5849874;São Bernardo do Campo;500;1226.112;144;12175.49;;;;;;;66.854.164 DOMINGOS LAERCIO PINTO DE OLIVEIRA;06/07/2026;433327
EPJ1G83;15/07/2026;5888129;São Bernardo do Campo;500;1162.768;138;12793.46;;;;;;;66.854.164 DOMINGOS LAERCIO PINTO DE OLIVEIRA;15/07/2026;435344 / 435345
EPJ1G83;03/07/2026;5837818;São Paulo;500;1488.319;167;13196.46;;;;;;;66.854.164 DOMINGOS LAERCIO PINTO DE OLIVEIRA;02/07/2026;VIAGEM 432263
GAZ1I69;23/09/2026;6161854;Arujá;1200;4271.4;339;32544;;;;;;;HERINS TRANSPORTES LTDA;22/09/2026;BRUNO- 452344/452660
ONO8F42;13/07/2026;5877503;Caieiras;700;1892.52;291;22111.13;;;;;;;HERINS TRANSPORTES LTDA;14/07/2026;435050
GAZ1I69;18/08/2026;6020459;Campinas;;3267.345;277;30205.92;;;;;;;HERINS TRANSPORTES LTDA;17/08/2026;BRUNO PEREIRA
ONO8F42;27/08/2026;6057002;Caraguatatuba;1300;1662.697;327;21458.63;;;;;;;HERINS TRANSPORTES LTDA;26/08/2026;VIAGEM - 443212
GAZ1I69;09/09/2026;6105303;Embu das Artes;800;2233.376;188;21495.54;;;;;;;HERINS TRANSPORTES LTDA;09/09/2026;447853
ONO8F42;16/09/2026;6135237;Embu das Artes;500;1593.414;151;17247.48;;;;;;;HERINS TRANSPORTES LTDA;15/09/2026;VIAGEM - 448643
ONO8F42;14/08/2026;6008901;Embu-Guaçu;;912.044;138;9741.98;;;;;;;HERINS TRANSPORTES LTDA;13/08/2026;EVERTON JUNIO
GAZ1I69;24/09/2026;6167066;Francisco Morato;700;1176.873;193;14639.65;;;;;;;HERINS TRANSPORTES LTDA;24/09/2026;VIAGEM - 452461
FAZ1I69;14/08/2026;6009098;Guarujá;;3452.409;389;31366.48;;;;;;;HERINS TRANSPORTES LTDA;14/08/2026;441816
ONO8F42;29/06/2026;5815277;Guarulhos;500;1175.656;100;9913.6;;;;;;;HERINS TRANSPORTES LTDA;27/06/2026;VIAGEM 431198
ONO8F42;10/07/2026;5869955;Guarulhos;500;1272.855;258;15711.8;;;;;;;HERINS TRANSPORTES LTDA;10/07/2026;433786
ONO8F42;14/07/2026;5882982;Guarulhos;500;1658.886;171;11493.2;;;;;;;HERINS TRANSPORTES LTDA;14/07/2026;435339
GAZ1I69;21/08/2026;6035268;Guarulhos;;3442.885;349;26803.2;;;;;;;HERINS TRANSPORTES LTDA;21/08/2026;BRUNO
ONO8F42;11/08/2026;5992883;Indaiatuba;800;1164.043;219;12339.78;;;;;;;HERINS TRANSPORTES LTDA;11/08/2026;VIAGEM 440647
ODG4D77;07/07/2026;5854756;Itapecerica da Serra;500;1392.6;153;11268.3;;;;;;;HERINS TRANSPORTES LTDA;07/07/2026;432716 MARCUS VINICIUS
GAZ1I69;04/09/2026;6091818;Itapecerica da Serra;800;2124.762;236;19125.56;;;;;;;HERINS TRANSPORTES LTDA;04/09/2026;VIAGEM - 446302
GAZ1I69;14/09/2026;6122469;Itapecerica da Serra;800;2985.891;473;34858.97;;;;;;;HERINS TRANSPORTES LTDA;11/09/2026;VIAGEM - 448743
GAZ1I69;08/09/2026;6100441;Itaquaquecetuba;1200;2475.959;354;26816.06;;;;;;;HERINS TRANSPORTES LTDA;08/09/2026;BRUNO PEREIRA 444642 / 445484
ONO8F42;22/09/2026;6156418;Itaquaquecetuba;700;1700.575;195;15479;;;;;;;HERINS TRANSPORTES LTDA;21/09/2026;EVERTON/444654
ONO8F42;23/06/2026;5795859;Jarinu;700;660;264;25819.2;;;;;;;HERINS TRANSPORTES LTDA;22/06/2026;VIAGEM 422430
GAZ1I69;25/08/2026;6046726;Mogi das Cruzes;1200;3038.42;368;29430.85;;;;;;;HERINS TRANSPORTES LTDA;24/08/2026;BRUNO - VIAGEM - 444.311
GAZ1I69;27/08/2026;6056998;Mogi das Cruzes;700;1648.492;425;32576.65;;;;;;;HERINS TRANSPORTES LTDA;26/08/2026;VIAGEM - 444827
ONO8F42;04/09/2026;6091819;Mogi das Cruzes;700;1012.469;264;19348.95;;;;;;;HERINS TRANSPORTES LTDA;04/09/2026;VIAGEM - 444990
ONO8F42;23/09/2026;6161844;Mogi das Cruzes;700;1502.086;308;21879.34;;;;;;;HERINS TRANSPORTES LTDA;22/09/2026;EVERTON/444655
GAZ1I69;15/09/2026;6129763;Mogi Guaçu;1550;3888.157;451;36370.56;;;;;;;HERINS TRANSPORTES LTDA;14/09/2026;VAGEM - 447459
GAZ1I69;01/09/2026;6076611;Mongaguá;1200;4252.67;453;35905.3;;;;;;;HERINS TRANSPORTES LTDA;01/09/2026;VIAGEM - 445317
ONO8F42;22/07/2026;5914706;Osasco;500;1507.53;347;25362.32;;;;;;;HERINS TRANSPORTES LTDA;22/07/2026;VIAGEM 435911
GAZ1I69;17/09/2026;6140585;Osasco;800;3483.078;369;32735.75;;;;;;;HERINS TRANSPORTES LTDA;17/09/2026;VIAGEM - 447454
ONO8F42;18/08/2026;6020435;Peruíbe;800;967.413;119;10338.09;;;;;;;HERINS TRANSPORTES LTDA;17/08/2026;EVERTON JUNIO
ONO8F42;10/09/2026;6111238;Pinhalzinho;800;1450.5;271;17292.02;;;;;;;HERINS TRANSPORTES LTDA;10/09/2026;VIAGEM - 447668
GAZ1I69;10/09/2026;6111239;Poá;1200;4095.657;401;35025.53;;;;;;;HERINS TRANSPORTES LTDA;10/09/2026;VIAGEM - 447461
ONO8F42;17/08/2026;6013886;Praia Grande;700;1306.423;205;17308.98;;;;;;;HERINS TRANSPORTES LTDA;14/08/2026;EVERTON JUNIO
GAZ1I69;26/08/2026;6051917;Ribeirão Pires;800;2549.329;496;32431.18;;;;;;;HERINS TRANSPORTES LTDA;26/08/2026;444833
ONO8F42;18/09/2026;6145546;Salto;800;1512.424;180;15172.79;;;;;;;HERINS TRANSPORTES LTDA;18/09/2026;VIAGEM - 450109
ONO8F42;03/09/2026;6085982;Santo André;500;1594.964;343;26260.35;;;;;;;HERINS TRANSPORTES LTDA;02/09/2026;Everton - 442978
GAZ1I69;18/09/2026;6145545;Santo André;800;3619.369;355;29904.96;;;;;;;HERINS TRANSPORTES LTDA;18/09/2026;VIAGEM - 450119
GAZ1I69;19/09/2026;6150040;São Bernardo do Campo;800;3495.005;399;27338.7;;;;;;;HERINS TRANSPORTES LTDA;19/09/2026;viagem - 451311
ONO8F42;19/09/2026;6150042;São Bernardo do Campo;500;1348.087;231;18090.62;;;;;;;HERINS TRANSPORTES LTDA;19/09/2026;viagem - 450108
GAZ1I69;22/09/2026;6156601;São Caetano do Sul;800;3842.832;587;39869.38;;;;;;;HERINS TRANSPORTES LTDA;21/09/2026;BRUNO/447458
ONO8F42;20/08/2026;6030437;São José dos Campos;800;1496.426;154;12936.8;;;;;;;HERINS TRANSPORTES LTDA;19/08/2026;EVERTON
ODG4D77;08/07/2026;5858366;São Paulo;500;1784.858;252;17721.3;;;;;;;HERINS TRANSPORTES LTDA;08/07/2026;433751 MARCUS VINICIUS
ONO8F42;16/07/2026;5896295;São Paulo;500;1125.051;75;10718.64;;;;;;;HERINS TRANSPORTES LTDA;16/07/2026;435762
ONO8F42;18/07/2026;5902516;São Paulo;500;1162.575;233;14880.68;;;;;;;HERINS TRANSPORTES LTDA;18/07/2026;VIAGEM 435833
ONO8F42;23/07/2026;5924939;São Paulo;500;1173.68;224;16791.46;;;;;;;HERINS TRANSPORTES LTDA;23/07/2026;437227
ONO8F42;25/07/2026;5929798;São Paulo;500;1105.496;163;13592.2;;;;;;;HERINS TRANSPORTES LTDA;25/07/2026;VIAGEM 437212
ONO8F42;28/07/2026;5936893;São Paulo;500;1046.183;223;16120.82;;;;;;;HERINS TRANSPORTES LTDA;28/07/2026;437630
ONO8F42;28/07/2026;5941821;São Paulo;500;437.706;43;4802.16;;;;;;;HERINS TRANSPORTES LTDA;28/07/2026;438073
ONO8F42;30/07/2026;5947928;São Paulo;500;1748.903;166;15143.12;;;;;;;HERINS TRANSPORTES LTDA;30/07/2026;VIAGEM 438443
ONO8F42;30/07/2026;5953471;São Paulo;500;1624.359;225;16240.12;;;;;;;HERINS TRANSPORTES LTDA;30/07/2026;438435
AAA1110;31/07/2026;5959175;São Paulo;500;1474.698;193;14049.32;;;;;;;HERINS TRANSPORTES LTDA;31/07/2026;437204
ONO8F42;12/08/2026;5998230;São Paulo;500;979.418;187;13616.9;;;;;;;HERINS TRANSPORTES LTDA;12/08/2026;EVERTON
GAZ1I69;12/08/2026;5998234;São Paulo;;3149.893;355;29132.73;;;;;;;HERINS TRANSPORTES LTDA;12/08/2026;BRUNO
GAZ1I69;17/08/2026;6013732;São Paulo;;2298.718;321;22034.3;;;;;;;HERINS TRANSPORTES LTDA;14/08/2026;BRUNO
ONO8F42;19/08/2026;6025566;São Paulo;500;1153.825;185;15188.86;;;;;;;HERINS TRANSPORTES LTDA;18/08/2026;EVERTON
GAZ1I69;20/08/2026;6030372;São Paulo;;2893.091;335;22809;;;;;;;HERINS TRANSPORTES LTDA;19/08/2026;BRUNO
ONO8F42;20/08/2026;6035059;São Paulo;500;1823.401;266;23610.43;;;;;;;HERINS TRANSPORTES LTDA;20/08/2026;443.549
GAZ1I69;24/08/2026;6039962;São Paulo;800;4169.993;642;45724.7;;;;;;;HERINS TRANSPORTES LTDA;22/08/2026;BRUNO
ONO8F42;25/08/2026;6046735;São Paulo;500;1292.245;142;13577.63;;;;;;;HERINS TRANSPORTES LTDA;24/08/2026;EVERTON - VIAGEM - 444178
ONO8F42;28/08/2026;6062657;São Paulo;500;658.965;102;8524.91;;;;;;;HERINS TRANSPORTES LTDA;28/08/2026;EVERTON 445179
GAZ1I69;29/08/2026;6068310;São Paulo;800;3231.056;374;24724.5;;;;;;;HERINS TRANSPORTES LTDA;29/08/2026;BRUNO 445203
ONO8F42;02/09/2026;6080835;São Paulo;500;1325.011;298;22254.29;;;;;;;HERINS TRANSPORTES LTDA;01/09/2026;VIAGEM - 445145
GAZ1I69;02/09/2026;6080906;São Paulo;800;3171.154;453;31839.41;;;;;;;HERINS TRANSPORTES LTDA;02/09/2026;BRUNO 445504
GAZ1I69;03/09/2026;6085985;São Paulo;800;2991.482;386;26912.28;;;;;;;HERINS TRANSPORTES LTDA;02/09/2026;VIAGEM - 445505
ONO8F42;08/09/2026;6102146;São Paulo;500;1627.275;169;16191.16;;;;;;;HERINS TRANSPORTES LTDA;08/09/2026;VIAGEM - 446320
ONO8F42;11/09/2026;6116990;São Paulo;500;1623.65;286;19694.73;;;;;;;HERINS TRANSPORTES LTDA;11/09/2026;viagem - 448194
ONO8F42;15/09/2026;6129766;São Paulo;500;458.032;141;12000.68;;;;;;;HERINS TRANSPORTES LTDA;14/09/2026;VIAGEM - 449462
GAZ1I69;19/09/2026;6151675;São Paulo;800;3298.587;360;30588.68;;;;;;;HERINS TRANSPORTES LTDA;19/09/2026;Bruno - 450.083
GAZ1I69;16/09/2026;6163802;São Paulo;800;3623.858;577;43369.73;;;;;;;HERINS TRANSPORTES LTDA;23/09/2026;BRUNO PEREIRA 447456
ONO8F42;03/07/2026;5838178;São Vicente;700;690.487;125;4933.92;;;;;;;HERINS TRANSPORTES LTDA;02/07/2026;VIAGEM 432660
ONO8F42;22/06/2026;5788415;Sorocaba;800;1549.886;169;16372.02;;;;;;;HERINS TRANSPORTES LTDA;19/06/2026;VIAGEM 423155
ONO8F42;04/07/2026;5843358;Sorocaba;800;1210.247;311;20181.11;;;;;;;HERINS TRANSPORTES LTDA;04/07/2026;VIAGEM 432684
GAZ1I69;19/08/2026;6025673;Sorocaba;;2088.909;183;18846.9;;;;;;;HERINS TRANSPORTES LTDA;18/08/2026;VIAGEM 442897
ONO8F42;09/09/2026;6104914;Suzano;700;1143.239;227;13703.83;;;;;;;HERINS TRANSPORTES LTDA;08/09/2026;VIAGEM - 447680
ONO8F42;23/07/2026;5919924;Taboão da Serra;500;678.871;194;15354.81;;;;;;;HERINS TRANSPORTES LTDA;23/07/2026;VIAGEM 436726
ONO8F42;25/06/2026;5804470;Tatuí;950;1499.182;224;14744.41;;;;;;;HERINS TRANSPORTES LTDA;25/06/2026;VIAGEM 429966
ONO8F42;24/09/2026;6167068;Tatuí;950;1499.888;227;18188.22;;;;;;;HERINS TRANSPORTES LTDA;24/09/2026;VIAGEM - 452903
QBN6G98;13/07/2026;5877162;Araçoiaba da Serra;800;400.633;116;12938.5;;;;;;;66.478.653 NEI JOSE DINIZ;13/07/2026;434519
QBN6G98;22/06/2026;5789412;Bragança Paulista;800;1291.98;180;6787.2;;;;;;;66.478.653 NEI JOSE DINIZ;20/06/2026;VIAGEM 427085
QBN6G98;31/07/2026;5954083;Bragança Paulista;800;1709.286;171;16473.3;;;;;;;66.478.653 NEI JOSE DINIZ;31/07/2026;NEI - VIAGEM:438324
QBN6G98;20/07/2026;5908914;Campinas;;1713.859;213;15358.24;;;;;;;66.478.653 NEI JOSE DINIZ;21/07/2026;436332
QBN6G29;20/08/2026;6030685;Campinas;800;1388.166;204;15716.77;;;;;;;66.478.653 NEI JOSE DINIZ;20/08/2026;443153
QBN6G98;24/09/2026;6167072;Campinas;800;1268.37;197;12818.65;;;;;;;66.478.653 NEI JOSE DINIZ;24/09/2026;VIAGEM - 452950
QBN6G98;16/07/2026;5895166;Carapicuíba;500;1370.3;175;15176.6;;;;;;;66.478.653 NEI JOSE DINIZ;16/07/2026;435569
QBN6G98;10/08/2026;5989867;Diadema;500;593.5;240;18480;;;;;;;66.478.653 NEI JOSE DINIZ;10/08/2026;nei 440.515
QBN6G98;18/08/2026;6025378;Embu das Artes;500;1763.424;164;18009.6;;;;;;;66.478.653 NEI JOSE DINIZ;18/08/2026;442.891
QBN6G98;19/06/2026;5783420;Guarulhos;500;1597.633;158;12905.97;;;;;;;66.478.653 NEI JOSE DINIZ;18/06/2026;VIAGEM 424970
QBN6G98;25/07/2026;5930008;Guarulhos;500;1374.817;175;9190.89;;;;;;;66.478.653 NEI JOSE DINIZ;25/07/2026;VIAGEM 437475
QBN6G98;01/08/2026;5959437;Guarulhos;500;1209.168;116;11667.92;;;;;;;66.478.653 NEI JOSE DINIZ;01/08/2026;VIAGEM 438680
QBN6G98;08/09/2026;6102358;Guarulhos;500;475.648;68;5592.88;;;;;;;66.478.653 NEI JOSE DINIZ;08/09/2026;VIAGEM - 446156
QBN6G98;10/09/2026;6111130;Guarulhos;500;932.013;124;10531.46;;;;;;;66.478.653 NEI JOSE DINIZ;10/09/2026;VIAGEM - 447976
QBN6G98;22/07/2026;5916303;Indaiatuba;800;1454.24;252;18247.11;;;;;;;66.478.653 NEI JOSE DINIZ;22/07/2026;435.895
QBN6G98;06/08/2026;5981497;Indaiatuba;800;1759.76;150;16458.16;;;;;;;66.478.653 NEI JOSE DINIZ;06/08/2026;439.942
QBN6G98;26/06/2026;5808957;Mogi das Cruzes;700;1324.101;256;15126.76;;;;;;;66.478.653 NEI JOSE DINIZ;25/06/2026;VIAGEM 430015
QBN6G98;22/07/2026;5919735;Osasco;500;1606.792;362;31258.09;;;;;;;66.478.653 NEI JOSE DINIZ;22/07/2026;436874
QBN6G98;06/08/2026;5977588;Paulínia;800;993.851;124;10459.29;;;;;;;66.478.653 NEI JOSE DINIZ;06/08/2026;Viagem - 439182
QBN6G98;18/09/2026;6145505;Piracaia;800;1223.123;201;16278.18;;;;;;;66.478.653 NEI JOSE DINIZ;17/09/2026;VIAGEM - 450747
QBN6G98;17/09/2026;6140444;Santo André;500;1143.676;146;11857.2;;;;;;;66.478.653 NEI JOSE DINIZ;16/09/2026;VIAGEM -  450071/450183
QBN6G98;21/09/2026;6149947;Santos;700;1645.377;178;16001.36;;;;;;;66.478.653 NEI JOSE DINIZ;18/09/2026;VIAGEM - 450107
QBN6G98;14/07/2026;5882681;São Bernardo do Campo;500;1564.525;230;19006.79;;;;;;;66.478.653 NEI JOSE DINIZ;14/07/2026;435175
QBN6G98;07/08/2026;5985982;São Bernardo do Campo;500;389;160;12320;;;;;;;66.478.653 NEI JOSE DINIZ;07/08/2026;VIAGEM 440519
QBN6G98;17/08/2026;6013740;São Bernardo do Campo;500;603.768;177;17232.13;;;;;;;66.478.653 NEI JOSE DINIZ;14/08/2026;VIAGEM 442090
QBN6G98;29/06/2026;5814745;São Paulo;500;1487.661;136;12542.4;;;;;;;66.478.653 NEI JOSE DINIZ;27/06/2026;VIAGEM 431196
QBN6G98;02/07/2026;5832966;São Paulo;500;922.34;79;7931.6;;;;;;;66.478.653 NEI JOSE DINIZ;01/07/2026;VIAGEM 431416
QBN6G98;03/07/2026;5837841;São Paulo;500;1614.558;319;22369.88;;;;;;;66.478.653 NEI JOSE DINIZ;02/07/2026;VIAGEM 432264
QBN6G98;13/07/2026;5872174;São Paulo;500;1269.356;130;15592.44;;;;;;;66.478.653 NEI JOSE DINIZ;13/07/2026;VIAGEM 434778
QBN6G98;18/07/2026;5902517;São Paulo;500;773.468;46;6947.88;;;;;;;66.478.653 NEI JOSE DINIZ;18/07/2026;VIAGEM 435185
QBN6G98;23/07/2026;5924930;São Paulo;500;1662.175;293;21224.79;;;;;;;66.478.653 NEI JOSE DINIZ;23/07/2026;435900
QBN6G98;28/07/2026;5941841;São Paulo;500;253.442;37;2649.72;;;;;;;66.478.653 NEI JOSE DINIZ;28/07/2026;438103
QBN6G98;29/07/2026;5947269;São Paulo;500;1692.795;155;11346;;;;;;;66.478.653 NEI JOSE DINIZ;29/07/2026;436.529
QBN6G98;18/08/2026;6020331;São Paulo;500;725.144;62;6604;;;;;;;66.478.653 NEI JOSE DINIZ;17/08/2026;VIAGEM 442396
QBN6G98;21/08/2026;6035264;São Paulo;500;1648.049;266;23432.16;;;;;;;66.478.653 NEI JOSE DINIZ;21/08/2026;VIAGEM 443496
QBN6G98;21/08/2026;6039857;São Paulo;500;1757.466;333;26861.98;;;;;;;66.478.653 NEI JOSE DINIZ;21/08/2026;443.752
QBN6G98;21/08/2026;6039861;São Paulo;500;5.28;1;56.7;;;;;;;66.478.653 NEI JOSE DINIZ;21/08/2026;443.846
QBN6G98;26/08/2026;6051861;São Paulo;500;1658.431;170;14589.56;;;;;;;66.478.653 NEI JOSE DINIZ;25/08/2026;VIAGEM - 444799
QBN6G98;26/08/2026;6056689;São Paulo;500;346.155;52;4957.98;;;;;;;66.478.653 NEI JOSE DINIZ;26/08/2026;444.916
QBN6G98;28/08/2026;6062489;São Paulo;500;1680.627;229;15668.42;;;;;;;66.478.653 NEI JOSE DINIZ;27/08/2026;VIAGEM - 445071
QBN6G98;03/09/2026;6085768;São Paulo;500;1351.845;146;14145.91;;;;;;;66.478.653 NEI JOSE DINIZ;02/09/2026;VIAGEM - 445509
QBN6G98;09/09/2026;6105024;São Paulo;500;1270.474;172;14729.34;;;;;;;66.478.653 NEI JOSE DINIZ;09/09/2026;447648
QBN6G98;16/09/2026;6135181;São Paulo;500;1251.815;184;16660.45;;;;;;;66.478.653 NEI JOSE DINIZ;15/09/2026;VIAGEM - 449522
QBN6G98;23/09/2026;6161989;São Paulo;500;513.524;321;15272.75;;;;;;;66.478.653 NEI JOSE DINIZ;23/09/2026;VIAGEM - 452162
QBN6G98;05/08/2026;5971249;Sorocaba;800;1450.775;218;18295.44;;;;;;;66.478.653 NEI JOSE DINIZ;05/08/2026;VIAGEM 438672
QBN6G98;01/09/2026;6076679;Sorocaba;800;1200.61;141;12179.48;;;;;;;66.478.653 NEI JOSE DINIZ;01/09/2026;Nei - 445266
QBN6G98;25/08/2026;6046590;Sumaré;800;1668.54;200;15876;;;;;;;66.478.653 NEI JOSE DINIZ;24/08/2026;VIAGEM - 444110
QBN6G98;11/08/2026;5996121;Taboão da Serra;500;861.747;130;8658.78;;;;;;;66.478.653 NEI JOSE DINIZ;11/08/2026;440.979
QBN6G98;06/07/2026;5843090;Valinhos;800;896.02;111;9935.11;;;;;;;66.478.653 NEI JOSE DINIZ;03/07/2026;VIAGEM 433046
DBL9A06;06/07/2026;5842976;Araçariguama;850;2117.386;181;18553.72;;;;;;;48.816.841 VALTER FLORENCIO DOS SANTOS;03/07/2026;VIAGEM 433187
DBL9A06;22/07/2026;5919645;Cajamar;850;1293.6;245;14210;;;;;;;48.816.841 VALTER FLORENCIO DOS SANTOS;22/07/2026;435493
DBL9A06;16/09/2026;6135182;Campinas;1000;2323.206;291;24314.93;;;;;;;48.816.841 VALTER FLORENCIO DOS SANTOS;15/09/2026;VIAGEM - 445528
DBL9A06;28/08/2026;6065083;Campo Limpo Paulista;850;2526.271;304;22601.94;;;;;;;48.816.841 VALTER FLORENCIO DOS SANTOS;28/08/2026;445.086
DBL9A06;02/07/2026;5832716;Carapicuíba;600;2375.34;350;26724.42;;;;;;;48.816.841 VALTER FLORENCIO DOS SANTOS;01/07/2026;VIAGEM 428798
DBL9A06;08/07/2026;5860147;Diadema;600;2325.045;356;23025.09;;;;;;;48.816.841 VALTER FLORENCIO DOS SANTOS;08/07/2026;433807
DBL9A06;11/09/2026;6116938;Franco da Rocha;850;2474.281;339;26422;;;;;;;48.816.841 VALTER FLORENCIO DOS SANTOS;10/09/2026;VIAGEM - 448177
DBL9A06;17/09/2026;6140468;Franco da Rocha;850;2092.231;314;23545.82;;;;;;;48.816.841 VALTER FLORENCIO DOS SANTOS;16/09/2026;VIAGEM - 450091
DBL9A06;15/09/2026;6129771;Guarujá;850;2661.308;271;23664.9;;;;;;;48.816.841 VALTER FLORENCIO DOS SANTOS;14/09/2026;VIAGEM - 448075
DBL9A06;04/08/2026;5966134;Guarulhos;600;2606.376;497;33437.1;;;;;;;48.816.841 VALTER FLORENCIO DOS SANTOS;04/08/2026;VIAGEM 435672
DBL9A06;30/07/2026;5948194;Itanhaém;1000;2342.34;324;21807.49;;;;;;;48.816.841 VALTER FLORENCIO DOS SANTOS;30/07/2026;VIAGEM 438319
DBL9A06;24/06/2026;5804439;Itapeva;1900;2095.858;371;17979.27;;;;;;;48.816.841 VALTER FLORENCIO DOS SANTOS;25/06/2026;VIAGEM 430005
DBL9A06;26/06/2026;5809157;Itapevi;850;2151.147;416;31192.92;;;;;;;48.816.841 VALTER FLORENCIO DOS SANTOS;26/06/2026;VIAGEM 430778
DBL9A06;02/09/2026;6081090;Jundiaí;850;1700.094;215;19606.02;;;;;;;48.816.841 VALTER FLORENCIO DOS SANTOS;02/09/2026;445159
DBL9A06;09/09/2026;6103519;Mauá;600;1963.5;200;17652.62;;;;;;;48.816.841 VALTER FLORENCIO DOS SANTOS;08/09/2026;VIAGEM - 447673
DBL9A06;21/08/2026;6039885;Osasco;600;2474.032;548;37112.31;;;;;;;48.816.841 VALTER FLORENCIO DOS SANTOS;21/08/2026;442.970
DBL9A06;01/09/2026;6076594;Osasco;600;2484.698;488;32741.47;;;;;;;48.816.841 VALTER FLORENCIO DOS SANTOS;01/09/2026;VIAGEM - 442967
DBL9A06;10/09/2026;6107745;Osasco;600;2376.325;331;26739.64;;;;;;;48.816.841 VALTER FLORENCIO DOS SANTOS;09/09/2026;Valter - 445271
DBL9A06;12/08/2026;6000676;Pilar do Sul;1200;1817.541;222;22523.38;;;;;;;48.816.841 VALTER FLORENCIO DOS SANTOS;12/08/2026;441.262
DBL9A06;24/06/2026;5800177;Praia Grande;850;2404.27;312;19673.3;;;;;;;48.816.841 VALTER FLORENCIO DOS SANTOS;23/06/2026;VIAGEM 429066
DBL9A06;16/07/2026;5889414;Praia Grande;850;2196.176;340;22590.94;;;;;;;48.816.841 VALTER FLORENCIO DOS SANTOS;16/07/2026;VIAGEM 435535
DBL9A06;14/08/2026;6008874;Registro;1200;2188.963;331;24536.99;;;;;;;48.816.841 VALTER FLORENCIO DOS SANTOS;13/08/2026;VIAGEM 441834
DBL9A06;21/07/2026;5914516;Ribeirão Pires;600;1969.959;237;19343.2;;;;;;;48.816.841 VALTER FLORENCIO DOS SANTOS;21/07/2026;436525
DBL9A06;18/09/2026;6145609;Rio das Pedras;1200;1003.273;157;11719.79;;;;;;;48.816.841 VALTER FLORENCIO DOS SANTOS;18/09/2026;VIAGEM - 450266
DBL9A06;23/06/2026;5795812;Salto;1000;1993.828;389;27835.74;;;;;;;48.816.841 VALTER FLORENCIO DOS SANTOS;22/06/2026;VIAGEM 423650
DBL9A06;26/08/2026;6051858;São Bernardo do Campo;600;2058.783;250;15196.04;;;;;;;48.816.841 VALTER FLORENCIO DOS SANTOS;25/08/2026;VIAGEM - 444754
DBL9A06;30/06/2026;5821013;São José dos Campos;1000;2678.136;233;21214.8;;;;;;;48.816.841 VALTER FLORENCIO DOS SANTOS;29/06/2026;VIAGEM 431206
DBL9A06;10/07/2026;5869726;São Lourenço da Serra;600;2116.806;311;23983.14;;;;;;;48.816.841 VALTER FLORENCIO DOS SANTOS;10/07/2026;434538
DBL9A06;18/06/2026;5784110;São Paulo;600;1933.538;260;16264.2;;;;;;;48.816.841 VALTER FLORENCIO DOS SANTOS;19/06/2026;VIAGEM 414828
DBL9A06;03/07/2026;5837829;São Paulo;600;2449.306;258;21543.41;;;;;;;48.816.841 VALTER FLORENCIO DOS SANTOS;02/07/2026;VIAGEM 432265
DBL9A06;06/07/2026;5848432;São Paulo;600;2527.634;369;31872.87;;;;;;;48.816.841 VALTER FLORENCIO DOS SANTOS;06/07/2026;432693
DBL9A06;16/07/2026;5895727;São Paulo;600;1981.2;408;23404.4;;;;;;;48.816.841 VALTER FLORENCIO DOS SANTOS;16/07/2026;valter 431.422
DBL9A06;17/07/2026;5901641;São Paulo;600;2538.952;630;42321.6;;;;;;;48.816.841 VALTER FLORENCIO DOS SANTOS;17/07/2026;435660
DBL9A06;23/07/2026;5923780;São Paulo;600;2136.16;393;25326.91;;;;;;;48.816.841 VALTER FLORENCIO DOS SANTOS;23/07/2026;435869
DBL9A06;07/08/2026;5978697;São Paulo;600;2215.8;180;18360;;;;;;;48.816.841 VALTER FLORENCIO DOS SANTOS;06/08/2026;VIAGEM 437938
DBL9A06;10/08/2026;5983494;São Paulo;600;2555.695;370;19202.9;;;;;;;48.816.841 VALTER FLORENCIO DOS SANTOS;07/08/2026;VIAGEM 439793
DBL9A06;11/08/2026;5992267;São Paulo;600;2529.665;549;32150.4;;;;;;;48.816.841 VALTER FLORENCIO DOS SANTOS;10/08/2026;VIAGEM 439392
DBL9A06;19/08/2026;6025444;São Paulo;600;1964.229;174;16258.94;;;;;;;48.816.841 VALTER FLORENCIO DOS SANTOS;18/08/2026;VIAGEM 442263
DBL9A06;20/08/2026;6030160;São Paulo;600;2150.314;264;20417.66;;;;;;;48.816.841 VALTER FLORENCIO DOS SANTOS;19/08/2026;VIAGEM 442976
DBL9A06;20/08/2026;6034991;São Paulo;600;2556.877;297;19023.63;;;;;;;48.816.841 VALTER FLORENCIO DOS SANTOS;20/08/2026;442.996
DBL9A06;27/08/2026;6054510;São Paulo;600;2466.865;262;21675.88;;;;;;;48.816.841 VALTER FLORENCIO DOS SANTOS;26/08/2026;VIAGEM - 442963
DBL9A06;03/09/2026;6085807;São Paulo;600;2134.767;270;21714.38;;;;;;;48.816.841 VALTER FLORENCIO DOS SANTOS;02/09/2026;VIAGEM - 443196
DBL9A06;08/09/2026;6101927;São Paulo;600;2059.058;307;28071.13;;;;;;;48.816.841 VALTER FLORENCIO DOS SANTOS;08/09/2026;VIAGEM - 446949
DBL9A06;14/09/2026;6122436;São Paulo;600;2196;180;21384;;;;;;;48.816.841 VALTER FLORENCIO DOS SANTOS;11/09/2026;VIAGEM - 446293
DBL9A06;23/09/2026;6161839;São Paulo;600;1723.55;155;14733.6;;;;;;;48.816.841 VALTER FLORENCIO DOS SANTOS;22/09/2026;VIAGEM - 451041
DBL9A06;24/09/2026;6166095;São Paulo;600;2063.795;193;18479.7;;;;;;;48.816.841 VALTER FLORENCIO DOS SANTOS;23/09/2026;VIAGEM - 452893
DBL9A06;01/07/2026;5826281;Sorocaba;1000;1870.358;232;20272.7;;;;;;;48.816.841 VALTER FLORENCIO DOS SANTOS;30/06/2026;VIAGEM 431408
DBL9A06;01/08/2026;5959436;Sorocaba;1000;2224.62;180;18360;;;;;;;48.816.841 VALTER FLORENCIO DOS SANTOS;01/08/2026;VIAGEM 437989
DBL9A06;12/08/2026;5997911;Sorocaba;1000;1765.74;210;19078.98;;;;;;;48.816.841 VALTER FLORENCIO DOS SANTOS;11/08/2026;VIAGEM 436915
DBL9A06;21/09/2026;6152073;Sorocaba;1000;2320.965;281;26515.76;;;;;;;48.816.841 VALTER FLORENCIO DOS SANTOS;21/09/2026;VIAGEM 450854 E 450855
DBL9A06;21/07/2026;5909230;Sumaré;1000;2541.786;398;24212.4;;;;;;;48.816.841 VALTER FLORENCIO DOS SANTOS;21/07/2026;VIAGEM 436333
DBL9A06;04/08/2026;5970313;Taboão da Serra;600;2620.1;368;29450.92;;;;;;;48.816.841 VALTER FLORENCIO DOS SANTOS;04/08/2026;438914
DBL9A06;04/09/2026;6091742;Taubaté;1200;2297.128;350;26290.54;;;;;;;48.816.841 VALTER FLORENCIO DOS SANTOS;03/09/2026;VIAGEM - 442972
ARY5B23;06/08/2026;5977263;São Paulo;;;;;;;;;;;60.111.525 MICHELE SUENIA ARAUJO LISBOA;06/08/2026;ENIO SILVEIRA - 439749
ARY5B23;10/09/2026;6166651;Altinópolis;;3624.542;416;38834.66;;;;;;;60.111.525 MICHELE SUENIA ARAUJO LISBOA;23/09/2026;Enio - 447292
ARY5B23;30/07/2026;5951954;Barueri;900;4608.109;512;57488.8;;;;;;;60.111.525 MICHELE SUENIA ARAUJO LISBOA;30/07/2026;436728 ENIO
ARY5B23;29/07/2026;5942164;Campinas;1550;4245.66;350;34987.2;;;;;;;60.111.525 MICHELE SUENIA ARAUJO LISBOA;29/07/2026;VIAGEM 438137
ARY5B23;04/08/2026;5967733;Diadema;900;3600.43;338;32566.06;;;;;;;60.111.525 MICHELE SUENIA ARAUJO LISBOA;04/08/2026;ENIO SILVEIRA - 435907
ARY5B23;22/09/2026;6156401;Embu-Guaçu;;3133.315;345;30145;;;;;;;60.111.525 MICHELE SUENIA ARAUJO LISBOA;21/09/2026;VIAGEM - 451340
ARY5B23;11/09/2026;6114820;Guaratinguetá;2100;5264.26;743;54215.53;;;;;;;60.111.525 MICHELE SUENIA ARAUJO LISBOA;10/09/2026;VIAGEM - 447231
ARY5B23;04/08/2026;5970398;Guarujá;1400;4621.196;948;65336.11;;;;;;;60.111.525 MICHELE SUENIA ARAUJO LISBOA;04/08/2026;435.657
ARY5B23;15/09/2026;6129058;Guarulhos;900;4497.91;493;41701.49;;;;;;;60.111.525 MICHELE SUENIA ARAUJO LISBOA;14/09/2026;VIAGEM - 447234
ARY5B63;29/08/2026;6068304;Itaquaquecetuba;1400;3959.789;501;44116.32;;;;;;;60.111.525 MICHELE SUENIA ARAUJO LISBOA;29/08/2026;ENIO 445120
ARY5B23;10/08/2026;5986241;Itu;1550;4400.803;448;43191.18;;;;;;;60.111.525 MICHELE SUENIA ARAUJO LISBOA;08/08/2026;VIAGEM 440772
ARY5B23;02/09/2026;6080231;Jandira;900;4834.399;636;49197.78;;;;;;;60.111.525 MICHELE SUENIA ARAUJO LISBOA;01/09/2026;VIAGEM - 442922
ARY5B23;28/08/2026;6062654;Jundiaí;1400;3547.29;395;35670.84;;;;;;;60.111.525 MICHELE SUENIA ARAUJO LISBOA;28/08/2026;Viagem - 444907
ARY5B23;18/09/2026;6145393;Limeira;1750;4663.266;479;43871.38;;;;;;;60.111.525 MICHELE SUENIA ARAUJO LISBOA;17/09/2026;VAGEM - 445539
ARY5B23;23/06/2026;5795862;Mongaguá;1400;4544.859;559;38956.75;;;;;;;60.111.525 MICHELE SUENIA ARAUJO LISBOA;22/06/2026;VIAGEM 429065
ARY5B23;17/09/2026;6138802;Mongaguá;1400;4736.262;516;43396.48;;;;;;;60.111.525 MICHELE SUENIA ARAUJO LISBOA;16/09/2026;VIAGEM - 448081
ARY5B23;21/07/2026;5914346;Osasco;900;4853.945;429;41649.22;;;;;;;60.111.525 MICHELE SUENIA ARAUJO LISBOA;21/07/2026;436656
ARY5B23;09/07/2026;5860521;Piracicaba;1750;5503.929;754;64900.71;;;;;;;60.111.525 MICHELE SUENIA ARAUJO LISBOA;09/07/2026;VIAGEM 430516
ARY5B23;21/09/2026;6151311;Piracicaba;1750;5087.295;550;50470.54;;;;;;;60.111.525 MICHELE SUENIA ARAUJO LISBOA;19/09/2026;Enio - 445538
ARY5B23;27/08/2026;6056505;Praia Grande;1400;5014.32;408;22032;;;;;;;60.111.525 MICHELE SUENIA ARAUJO LISBOA;26/08/2026;VIAGEM - 444804
ARY5B23;15/07/2026;5889026;Registro;1750;3791.91;522;35765.74;;;;;;;60.111.525 MICHELE SUENIA ARAUJO LISBOA;15/07/2026;435530
ARY5B23;14/09/2026;6166383;Ribeirão Pires;900;5260.885;851;63680.91;;;;;;;60.111.525 MICHELE SUENIA ARAUJO LISBOA;23/09/2026;VIAGEM 444647
ARY5B23;01/09/2026;6076688;Santo André;900;3590.009;525;45567.96;;;;;;;60.111.525 MICHELE SUENIA ARAUJO LISBOA;01/09/2026;Enio - 445344
ARY5B23;24/07/2026;5924997;Santos;1400;4401.5;613;49729.43;;;;;;;60.111.525 MICHELE SUENIA ARAUJO LISBOA;24/07/2026;435936
HKO3C03;10/09/2026;6111213;São Bernardo do Campo;900;582.977;119;7575.91;;;;;;;60.111.525 MICHELE SUENIA ARAUJO LISBOA;10/09/2026;447995
ARY5B63;19/09/2026;6150045;São Bernardo do Campo;900;3997.599;486;35142.29;;;;;;;60.111.525 MICHELE SUENIA ARAUJO LISBOA;19/09/2026;VIAGEM - 451305
ARY5B23;01/07/2026;5823913;São José dos Campos;1550;3941.544;421;41467.55;;;;;;;60.111.525 MICHELE SUENIA ARAUJO LISBOA;30/06/2026;VIAGEM 430040
ARY5B23;07/07/2026;5854586;São José dos Campos;1550;4936.986;575;54633.47;;;;;;;60.111.525 MICHELE SUENIA ARAUJO LISBOA;07/07/2026;430523 ENIO
ARY5B23;07/07/2026;5854587;São José dos Campos;1550;305.399;20;3462.72;;;;;;;60.111.525 MICHELE SUENIA ARAUJO LISBOA;07/07/2026;434019 ENIO
ARY5B23;19/06/2026;5783898;São Paulo;900;5437.737;668;53953.03;;;;;;;60.111.525 MICHELE SUENIA ARAUJO LISBOA;18/06/2026;VIAGEM 408832
ARY5B23;14/07/2026;5877780;São Paulo;900;781.531;171;12652.47;;;;;;;60.111.525 MICHELE SUENIA ARAUJO LISBOA;14/07/2026;VIAGEM 434643
ARY5B63;15/07/2026;5883364;São Paulo;900;3464.368;428;31024.72;;;;;;;60.111.525 MICHELE SUENIA ARAUJO LISBOA;15/07/2026;VIAGEM 435319
ARY5B23;16/07/2026;5895983;São Paulo;900;4778.943;415;42172.38;;;;;;;60.111.525 MICHELE SUENIA ARAUJO LISBOA;16/07/2026;435576
ARY5B23;20/07/2026;5908892;São Paulo;900;4741.11;538;45122.34;;;;;;;60.111.525 MICHELE SUENIA ARAUJO LISBOA;21/07/2026;435868
ARY5B23;22/07/2026;5919685;São Paulo;900;4900.868;676;51441.15;;;;;;;60.111.525 MICHELE SUENIA ARAUJO LISBOA;22/07/2026;435712
ARY5B23;24/07/2026;5929300;São Paulo;900;4001.083;668;49957.5;;;;;;;60.111.525 MICHELE SUENIA ARAUJO LISBOA;24/07/2026;435678
ARY5B23;28/07/2026;5936902;São Paulo;900;4216.381;429;34611.24;;;;;;;60.111.525 MICHELE SUENIA ARAUJO LISBOA;28/07/2026;437626
ARY5B23;31/07/2026;5958425;São Paulo;900;821.608;173;11314.92;;;;;;;60.111.525 MICHELE SUENIA ARAUJO LISBOA;31/07/2026;437669
ARY5B23;07/08/2026;5978548;São Paulo;900;4449.24;360;36720;;;;;;;60.111.525 MICHELE SUENIA ARAUJO LISBOA;06/08/2026;MICHELE SUENIA ARAUJO 437919
ARY5B23;12/08/2026;5997934;São Paulo;900;4172.556;515;43782.55;;;;;;;60.111.525 MICHELE SUENIA ARAUJO LISBOA;11/08/2026;VIAGEM 441244
ARY5B23;13/08/2026;6005411;São Paulo;900;5159.835;583;47488.86;;;;;;;60.111.525 MICHELE SUENIA ARAUJO LISBOA;13/08/2026;441.715
ARY5B23;24/08/2026;6039976;São Paulo;900;3707.7;300;28800;;;;;;;60.111.525 MICHELE SUENIA ARAUJO LISBOA;22/08/2026;VIAGEM 443826
ARY5B23;26/08/2026;6051862;São Paulo;900;5380.542;471;39988.46;;;;;;;60.111.525 MICHELE SUENIA ARAUJO LISBOA;25/08/2026;VIAGEM - 444719
ARY5B23;08/09/2026;6099720;São Paulo;900;5943.616;688;62289.38;;;;;;;60.111.525 MICHELE SUENIA ARAUJO LISBOA;07/09/2026;VIAGEM - 444627
ARY5B23;09/09/2026;6104317;São Paulo;900;5708.395;746;60832.05;;;;;;;60.111.525 MICHELE SUENIA ARAUJO LISBOA;08/09/2026;VIAGEM - 443249
ARY5B23;23/09/2026;6162097;São Paulo;900;5060.051;605;51298.44;;;;;;;60.111.525 MICHELE SUENIA ARAUJO LISBOA;23/09/2026;VIAGEM - 451331
CPJ1F95;14/08/2026;6009096;Campinas;1700;4986.92;657;51651.52;;;;;;;31.900.469 MARIA GOIS TEIXEIRA;14/08/2026;VIAGEM 442002
CPJ1F95;21/07/2026;5908967;Carapicuíba;1300;6692.06;713;63863.94;;;;;;;31.900.469 MARIA GOIS TEIXEIRA;21/07/2026;VIAGEM 435880
CPJ1F95;01/09/2026;6076690;Carapicuíba;1300;9392.45;746;71616;;;;;;;31.900.469 MARIA GOIS TEIXEIRA;01/09/2026;444788
CPJ1F95;10/07/2026;5870052;Embu das Artes;1300;5236.821;636;53941.92;;;;;;;31.900.469 MARIA GOIS TEIXEIRA;10/07/2026;434738 DEROALDO
CPJ1F95;10/08/2026;5986244;Franco da Rocha;1500;241.524;47;2579.4;;;;;;;31.900.469 MARIA GOIS TEIXEIRA;08/08/2026;VIAGEM 440764
CPJ1F95;16/07/2026;5896422;Guarulhos;1300;10463.5;850;76500;;;;;;;31.900.469 MARIA GOIS TEIXEIRA;16/07/2026;433782
CPJ1F95;02/07/2026;5833283;Hortolândia;1700;5126.545;581;50128.77;;;;;;;31.900.469 MARIA GOIS TEIXEIRA;02/07/2026;VIAGEM 430834
CPJ1F95;11/08/2026;5992882;Itapecerica da Serra;1300;6077.075;540;50948.8;;;;;;;31.900.469 MARIA GOIS TEIXEIRA;11/08/2026;VIAGEM 440925
CPJ1F95;04/09/2026;6092058;Itapevi;1500;5046.102;527;65420.4;;;;;;;31.900.469 MARIA GOIS TEIXEIRA;04/09/2026;446123
CPJ1F95;14/07/2026;5877534;Itaquaquecetuba;1500;7332.865;665;60810.33;;;;;;;31.900.469 MARIA GOIS TEIXEIRA;14/07/2026;VIAGEM 410054
CPJ1F95;28/08/2026;6062656;Itu;1700;4992.46;841;61219.89;;;;;;;31.900.469 MARIA GOIS TEIXEIRA;28/08/2026;DEROALDO 445083
CPJ1F95;03/09/2026;6086114;Jacareí;1700;6810.9;670;60994.48;;;;;;;31.900.469 MARIA GOIS TEIXEIRA;03/09/2026;445462
CPJ1F95;06/08/2026;5976481;Jundiaí;1500;5293.477;479;54120;;;;;;;31.900.469 MARIA GOIS TEIXEIRA;06/08/2026;viagem 436997
CPJ1F95;05/08/2026;5970964;Piracicaba;2000;2976.261;331;27905.95;;;;;;;31.900.469 MARIA GOIS TEIXEIRA;05/08/2026;VIAGEM 437674
CPJ1F95;06/07/2026;5849908;Santo André;1300;7089.2;580;49776;;;;;;;31.900.469 MARIA GOIS TEIXEIRA;06/07/2026;433258 DEROALDO
CPJ1F95;24/08/2026;6039967;Santo André;1300;7080.051;638;53540.02;;;;;;;31.900.469 MARIA GOIS TEIXEIRA;22/08/2026;VIAGEM 443773
CPJ1F95;09/09/2026;6105046;Santo André;1300;9713.105;1144;103043.23;;;;;;;31.900.469 MARIA GOIS TEIXEIRA;09/09/2026;444620
CPJ1F95;08/09/2026;6099763;São Bernardo do Campo;1300;6698.715;755;70187.51;;;;;;;31.900.469 MARIA GOIS TEIXEIRA;07/09/2026;VIAGEM - 444619
CPJ1F95;08/07/2026;5860442;São Caetano do Sul;1300;6222.3;620;54303.47;;;;;;;31.900.469 MARIA GOIS TEIXEIRA;08/07/2026;424838 DEROALDO
CPJ1F95;28/07/2026;5937055;São Caetano do Sul;1300;8152.772;1183;92830.08;;;;;;;31.900.469 MARIA GOIS TEIXEIRA;28/07/2026;VIAGEM 437488
CPJ1F95;01/07/2026;5827601;São Paulo;1300;8004.49;835;69166.37;;;;;;;31.900.469 MARIA GOIS TEIXEIRA;01/07/2026;VIAGEM 424816
CPJ1F95;15/07/2026;5883368;São Paulo;1300;6592.002;541;45463.68;;;;;;;31.900.469 MARIA GOIS TEIXEIRA;15/07/2026;VIAGEM 435431
CPF1F95;18/07/2026;5902545;São Paulo;1300;5091.515;558;48966.01;;;;;;;31.900.469 MARIA GOIS TEIXEIRA;18/07/2026;VIAGEM 435931
CPJ1F95;23/07/2026;5920048;São Paulo;1300;5380.841;715;51601.33;;;;;;;31.900.469 MARIA GOIS TEIXEIRA;23/07/2026;VIAGEM 436985
CPJ1F95;24/07/2026;5929719;São Paulo;1300;5062.769;623;52829.79;;;;;;;31.900.469 MARIA GOIS TEIXEIRA;24/07/2026;435662
CPJ1F95;01/08/2026;5959434;São Paulo;1300;10722.935;1262;111999.63;;;;;;;31.900.469 MARIA GOIS TEIXEIRA;01/08/2026;VIAGEM 435692
CPJ1F95;07/08/2026;5981876;São Paulo;1300;5994.391;802;53104.95;;;;;;;31.900.469 MARIA GOIS TEIXEIRA;07/08/2026;VIAGEM 440219
CPJ1F95;25/08/2026;6046845;São Paulo;1300;8220.708;844;83315.21;;;;;;;31.900.469 MARIA GOIS TEIXEIRA;25/08/2026;444602
CPJ1F95;29/08/2026;6068416;São Paulo;1300;10582.646;1083;86626.5;;;;;;;31.900.469 MARIA GOIS TEIXEIRA;29/08/2026;DEROALDO 445341
CPJ1F95;10/09/2026;6111241;São Paulo;1300;7956.243;841;80282;;;;;;;31.900.469 MARIA GOIS TEIXEIRA;10/09/2026;VIAGEM - 444621
CPJ1F95;12/08/2026;5998283;Taboão da Serra;1300;4725.665;480;39504.72;;;;;;;31.900.469 MARIA GOIS TEIXEIRA;12/08/2026;441281
CPJ1F95;03/07/2026;5838565;Taubaté;2000;5098.98;518;47092.68;;;;;;;31.900.469 MARIA GOIS TEIXEIRA;03/07/2026;VIAGEM 424843
MWC9G09;08/07/2026;5859661;Campinas;650;899.4;145;6648;;;;;;;CAIQUE BASTOS VALERIO 33558753844;08/07/2026;431414
MWC9G09;19/09/2026;6151288;Campinas;650;710.994;86;7814.74;;;;;;;CAIQUE BASTOS VALERIO 33558753844;19/09/2026;Caique - 451.370
MWC9G09;16/07/2026;5895990;Cotia;420;527.048;66;6468.26;;;;;;;CAIQUE BASTOS VALERIO 33558753844;16/07/2026;435941
MWC9G09;07/08/2026;5980899;Cotia;420;738.6;60;6120;;;;;;;CAIQUE BASTOS VALERIO 33558753844;06/08/2026;VIAGEM 437950
MWC9G09;16/09/2026;6135464;Ferraz de Vasconcelos;420;622.69;100;7323.14;;;;;;;CAIQUE BASTOS VALERIO 33558753844;16/09/2026;VIAGEM - 449363
MWC9G09;09/09/2026;6104890;Francisco Morato;520;490.26;90;7966.91;;;;;;;CAIQUE BASTOS VALERIO 33558753844;08/09/2026;VIAGEM - 447651
MWC9G09;06/07/2026;5847955;Guarujá;520;498.235;60;5396.62;;;;;;;CAIQUE BASTOS VALERIO 33558753844;06/07/2026;432715
MWC9G09;15/07/2026;5888955;Guarujá;520;825.095;123;9162.67;;;;;;;CAIQUE BASTOS VALERIO 33558753844;15/07/2026;435487
MWC9G09;28/07/2026;5941819;Guarulhos;420;676.692;97;7079.47;;;;;;;CAIQUE BASTOS VALERIO 33558753844;28/07/2026;437844
MWC9G09;26/08/2026;6051835;Guarulhos;420;612.205;91;7482.52;;;;;;;CAIQUE BASTOS VALERIO 33558753844;25/08/2026;VIAGEM - 444738
MWC9G09;10/09/2026;6110951;Jandira;420;627.82;126;10712.04;;;;;;;CAIQUE BASTOS VALERIO 33558753844;09/09/2026;VIAGEM - 446101
MWC9G09;12/08/2026;6000689;Mogi das Cruzes;520;849.878;132;7568.94;;;;;;;CAIQUE BASTOS VALERIO 33558753844;12/08/2026;441.310
MWC9G09;19/08/2026;6025212;Mogi das Cruzes;520;626.544;113;7788.68;;;;;;;CAIQUE BASTOS VALERIO 33558753844;18/08/2026;VIAGEM 442542
MWC9G09;11/09/2026;6117002;Piracicaba;750;873.082;116;7657.56;;;;;;;CAIQUE BASTOS VALERIO 33558753844;11/09/2026;VIAGEM - 443251
MWC9G09;04/09/2026;6091325;Praia Grande;520;465.759;59;5481.78;;;;;;;CAIQUE BASTOS VALERIO 33558753844;03/09/2026;VIAGEM 446985, 445746 E 445745
MWC9G09;28/08/2026;6062515;Salto;650;770.136;117;10368.37;;;;;;;CAIQUE BASTOS VALERIO 33558753844;27/08/2026;VIAGEM - 445082
MWC9G09;24/08/2026;6042232;Santana de Parnaíba;520;699.711;63;5955.84;;;;;;;CAIQUE BASTOS VALERIO 33558753844;24/08/2026;VIAGEM 443772
MWC9G09;02/07/2026;5832190;Santo André;420;814.778;164;11218.16;;;;;;;CAIQUE BASTOS VALERIO 33558753844;01/07/2026;VIAGEM 432302
MWC9G09;10/07/2026;5868654;São Bernardo do Campo;420;526.162;111;7224.71;;;;;;;CAIQUE BASTOS VALERIO 33558753844;10/07/2026;433780
MWC9G09;28/07/2026;5936906;São Bernardo do Campo;420;767.607;110;8422.49;;;;;;;CAIQUE BASTOS VALERIO 33558753844;28/07/2026;437614
MWC9G09;15/09/2026;6130099;São José dos Campos;650;613.916;62;5192.06;;;;;;;CAIQUE BASTOS VALERIO 33558753844;15/09/2026;VIAGEM - 448896
MWC9G09;08/07/2026;5855043;São Paulo;420;373.954;72;4997.87;;;;;;;CAIQUE BASTOS VALERIO 33558753844;08/07/2026;VIAGEM 433753
AAA1112;15/07/2026;5883499;São Paulo;420;587.717;97;7709.23;;;;;;;CAIQUE BASTOS VALERIO 33558753844;15/07/2026;VIAGEM 435452
MWC9G09;22/07/2026;5919533;São Paulo;420;594.823;153;10562.38;;;;;;;CAIQUE BASTOS VALERIO 33558753844;22/07/2026;436.523
MWC9G09;24/07/2026;5929290;São Paulo;420;846.582;143;11785.16;;;;;;;CAIQUE BASTOS VALERIO 33558753844;24/07/2026;435715
MWC9G09;30/07/2026;5947515;São Paulo;420;542.086;948;23752.98;;;;;;;CAIQUE BASTOS VALERIO 33558753844;30/07/2026;438353
MWC9G09;30/07/2026;5951995;São Paulo;420;793.687;93;7607.36;;;;;;;CAIQUE BASTOS VALERIO 33558753844;30/07/2026;437770
MWC9G09;03/08/2026;5961326;São Paulo;420;738.6;60;6120;;;;;;;CAIQUE BASTOS VALERIO 33558753844;03/08/2026;VIAGEM 437934
MWC9G09;07/08/2026;5986162;São Paulo;420;744.889;160;12060.88;;;;;;;CAIQUE BASTOS VALERIO 33558753844;07/08/2026;VIAGEM 438493
MWC9G09;11/08/2026;5992653;São Paulo;420;612.396;90;8611.96;;;;;;;CAIQUE BASTOS VALERIO 33558753844;10/08/2026;VIAGEM 440971
MWC9G09;11/08/2026;5996050;São Paulo;420;600.789;62;5955.04;;;;;;;CAIQUE BASTOS VALERIO 33558753844;11/08/2026;440.932
MWC9G09;14/08/2026;6008866;São Paulo;420;839.154;113;10785.32;;;;;;;CAIQUE BASTOS VALERIO 33558753844;13/08/2026;VIAGEM 441869
MWC9G09;18/08/2026;6020311;São Paulo;420;341.624;101;9806.56;;;;;;;CAIQUE BASTOS VALERIO 33558753844;17/08/2026;VIAGEM  442093
MWC9G09;19/08/2026;6030319;São Paulo;420;506.64;78;7518.08;;;;;;;CAIQUE BASTOS VALERIO 33558753844;19/08/2026;442.910
MWC9G09;20/08/2026;6034997;São Paulo;420;865.707;83;7888.37;;;;;;;CAIQUE BASTOS VALERIO 33558753844;20/08/2026;443.584
MWC9G09;25/08/2026;6046599;São Paulo;420;885.04;127;11314.68;;;;;;;CAIQUE BASTOS VALERIO 33558753844;24/08/2026;VIAGEM - 444243
MWC9G09;26/08/2026;6056684;São Paulo;420;842.685;134;10781.4;;;;;;;CAIQUE BASTOS VALERIO 33558753844;26/08/2026;443.815
MWC9G09;28/08/2026;6067544;São Paulo;420;486.47;69;6184.14;;;;;;;CAIQUE BASTOS VALERIO 33558753844;28/08/2026;445.169
MWC9G09;01/09/2026;6067938;São Paulo;420;641.849;102;8780.4;;;;;;;CAIQUE BASTOS VALERIO 33558753844;28/08/2026;Caique - 445117
MWC9G09;02/09/2026;6080533;São Paulo;420;671.843;111;7268.7;;;;;;;CAIQUE BASTOS VALERIO 33558753844;01/09/2026;VIAGEM - 443241
MWC9G09;03/09/2026;6085981;São Paulo;420;911.317;80;9694.99;;;;;;;CAIQUE BASTOS VALERIO 33558753844;02/09/2026;VIAGEM - 445427
MWC9G09;18/09/2026;6145389;São Paulo;420;767.661;115;8149.63;;;;;;;CAIQUE BASTOS VALERIO 33558753844;17/09/2026;VIAGEM - 449626
MWC9G09;22/09/2026;6156280;São Paulo;420;644.487;112;9836.6;;;;;;;CAIQUE BASTOS VALERIO 33558753844;21/09/2026;Caique - 451323
MWC9G09;23/09/2026;6162160;São Paulo;420;787.708;107;9989.64;;;;;;;CAIQUE BASTOS VALERIO 33558753844;23/09/2026;VIAGEM - 452261
MWC9G09;08/09/2026;6099814;Tatuí;750;828.576;138;10822.63;;;;;;;CAIQUE BASTOS VALERIO 33558753844;07/09/2026;VIAGEM - 446984
MWC9G09;04/08/2026;5970789;Várzea Paulista;520;738.6;60;6120;;;;;;;CAIQUE BASTOS VALERIO 33558753844;04/08/2026;437985
MWC9G09;21/07/2026;5914353;Vinhedo;520;364.649;46;4222.92;;;;;;;CAIQUE BASTOS VALERIO 33558753844;21/07/2026;436491
CZX7A45;14/08/2026;6013316;Santo André;;964.3;85;7868.51;;;;;;;PROPRIO;14/08/2026;rafael henrique 442.097
DUD9F86;05/08/2026;5973252;Biritiba-Mirim;650;859.689;98;9680.4;;;;;;;WASHINGTON BATISTA DA SILVA 06323732610;05/08/2026;438.907
DUD9F86;25/08/2026;6046583;Campinas;650;408.715;122;7854.23;;;;;;;WASHINGTON BATISTA DA SILVA 06323732610;24/08/2026;VIAGEM - 444583
DUD9F86;13/08/2026;6008405;Cotia;420;756.389;95;7571.22;;;;;;;WASHINGTON BATISTA DA SILVA 06323732610;13/08/2026;441807
DUD9F86;06/08/2026;5981501;Cubatão;520;872.514;86;8634.29;;;;;;;WASHINGTON BATISTA DA SILVA 06323732610;06/08/2026;439.780
DUD9F86;10/08/2026;5992478;Diadema;420;667.1;105;7640;;;;;;;WASHINGTON BATISTA DA SILVA 06323732610;10/08/2026;439.403
DUD9F86;13/08/2026;6002716;Franco da Rocha;520;587.372;125;8186.49;;;;;;;WASHINGTON BATISTA DA SILVA 06323732610;12/08/2026;VIAGEM 441475
DUD9F86;28/07/2026;5941529;Guarulhos;420;730.56;109;8708.66;;;;;;;WASHINGTON BATISTA DA SILVA 06323732610;28/07/2026;437.778
DUD9F86;08/09/2026;6102042;Guarulhos;420;781.157;105;9597.42;;;;;;;WASHINGTON BATISTA DA SILVA 06323732610;08/09/2026;VIAGEM - 447323
DUD9F86;22/09/2026;6156713;Guarulhos;420;912.667;77;7565.4;;;;;;;WASHINGTON BATISTA DA SILVA 06323732610;22/09/2026;VIAGEM - 448889
DUD9F86;09/09/2026;6104611;Jundiaí;520;395.68;49;5184.8;;;;;;;WASHINGTON BATISTA DA SILVA 06323732610;08/09/2026;VIAGEM - 443819
DUD9F86;18/07/2026;5903893;Mairiporã;520;883.498;172;10820.28;;;;;;;WASHINGTON BATISTA DA SILVA 06323732610;18/07/2026;435.735
DUG0A42;06/07/2026;5843338;Mogi das Cruzes;520;687.041;88;7931.04;;;;;;;WASHINGTON BATISTA DA SILVA 06323732610;04/07/2026;VIAGEM 430852
DUD9F86;04/08/2026;5962924;Mogi das Cruzes;520;785.502;97;9281.84;;;;;;;WASHINGTON BATISTA DA SILVA 06323732610;03/08/2026;VIAGEM 438911
DUD9F86;20/07/2026;5908896;Pilar do Sul;750;487.586;102;7432;;;;;;;WASHINGTON BATISTA DA SILVA 06323732610;21/07/2026;436352
DUD9F86;24/07/2026;5929602;Rio Claro;750;772.056;124;9510.43;;;;;;;WASHINGTON BATISTA DA SILVA 06323732610;24/07/2026;436910
DUD9F86;11/08/2026;5995941;Santo André;420;738.6;60;6120;;;;;;;WASHINGTON BATISTA DA SILVA 06323732610;11/08/2026;437.965
DUD9F86;09/07/2026;5862550;São Paulo;420;752.336;102;7172.56;;;;;;;WASHINGTON BATISTA DA SILVA 06323732610;09/07/2026;433754
DUD9F86;10/07/2026;5869903;São Paulo;420;647.629;128;8922.41;;;;;;;WASHINGTON BATISTA DA SILVA 06323732610;10/07/2026;433768
ABC1236;30/07/2026;5952936;São Paulo;420;652.08;90;5448;;;;;;;WASHINGTON BATISTA DA SILVA 06323732610;30/07/2026;438499
DUD9F86;07/08/2026;5986007;São Paulo;420;645.592;83;6167.2;;;;;;;WASHINGTON BATISTA DA SILVA 06323732610;07/08/2026;VIAGEM 440131
DUD9F86;19/08/2026;6025071;São Paulo;420;614.02;80;7598.17;;;;;;;WASHINGTON BATISTA DA SILVA 06323732610;18/08/2026;VIAGEM 442529
DUD9F86;20/08/2026;6030106;São Paulo;420;741.609;86;7792.72;;;;;;;WASHINGTON BATISTA DA SILVA 06323732610;19/08/2026;VIAGEM 442981
DUD9F86;20/08/2026;6034671;São Paulo;420;797.224;97;7516.59;;;;;;;WASHINGTON BATISTA DA SILVA 06323732610;20/08/2026;Viagem 443506
DUD9F86;21/08/2026;6039394;São Paulo;420;471.889;52;4053.17;;;;;;;WASHINGTON BATISTA DA SILVA 06323732610;21/08/2026;443.821
DUD9F86;10/09/2026;6111046;São Paulo;420;555.529;99;8238.95;;;;;;;WASHINGTON BATISTA DA SILVA 06323732610;09/09/2026;VIAGEM - 447906
DUD9F86;11/09/2026;6114824;São Paulo;;597.535;69;7086.79;;;;;;;WASHINGTON BATISTA DA SILVA 06323732610;10/09/2026;VIAGEM - 448204
DUD9F86;15/09/2026;6129966;São Paulo;420;708.807;124;10331.58;;;;;;;WASHINGTON BATISTA DA SILVA 06323732610;15/09/2026;VIAGEM - 448744
DUD9F86;16/09/2026;6135241;São Paulo;420;849.809;87;8823.06;;;;;;;WASHINGTON BATISTA DA SILVA 06323732610;15/09/2026;VIAGEM - 449428
DUD9F86;18/09/2026;6144213;São Paulo;420;;;;;;;;;;WASHINGTON BATISTA DA SILVA 06323732610;17/09/2026;VIAGEM - 450682/450681
DUD9F86;19/09/2026;6151310;São Paulo;420;748.451;115;8853.72;;;;;;;WASHINGTON BATISTA DA SILVA 06323732610;19/09/2026;Washington - 451.320
DUD9F86;29/07/2026;5947462;São Vicente;520;694.618;118;10090.95;;;;;;;WASHINGTON BATISTA DA SILVA 06323732610;29/07/2026;437448
DUD9F86;23/09/2026;6160982;Sorocaba;650;722.577;98;6909.7;;;;;;;WASHINGTON BATISTA DA SILVA 06323732610;22/09/2026;VIAGEM - 448912
DUD9F86;17/08/2026;6017735;Suzano;520;664.884;109;10353.44;;;;;;;WASHINGTON BATISTA DA SILVA 06323732610;17/08/2026;442.065
DUD9F86;14/09/2026;6121229;Tietê;750;715.373;82;6826.89;;;;;;;WASHINGTON BATISTA DA SILVA 06323732610;11/09/2026;VIAGEM - 448866
DUD9F86;06/07/2026;5848542;Votorantim;;378;30;3236.4;;;;;;;WASHINGTON BATISTA DA SILVA 06323732610;06/07/2026;433308
DUD9F86;13/07/2026;5877485;Votorantim;650;325.437;48;3812.19;;;;;;;WASHINGTON BATISTA DA SILVA 06323732610;13/07/2026;434946
FQC6I85;11/09/2026;6117172;Cotia;706.52;724.792;109;6521.63;;;;;;;TRYGG CARGO TRANSPORTE E LOGISTICA LTDA;11/09/2026;VIAGEM - 446189
FYR1F56;09/07/2026;5861969;Diadema;;1114.323;225;14683.47;;;;;;;TRYGG CARGO TRANSPORTE E LOGISTICA LTDA;09/07/2026;434122 GABRIEL
QOF9F56;24/08/2026;6040186;Diadema;;1233.51;207;16253.9;;;;;;;TRYGG CARGO TRANSPORTE E LOGISTICA LTDA;22/08/2026;GABRIEL MENDES DOS SANTOS 443912
FAA8736;02/09/2026;6081073;Diadema;716.23;1005.402;179;16231.14;;;;;;;TRYGG CARGO TRANSPORTE E LOGISTICA LTDA;02/09/2026;445455
FJZ3H25;06/08/2026;5976508;Embu das Artes;;1550.31;143;15657.64;;;;;;;TRYGG CARGO TRANSPORTE E LOGISTICA LTDA;06/08/2026;VIAGEM 439296
DBC6G20;16/09/2026;6135357;Embu das Artes;1126.01;3025.461;309;26012.14;;;;;;;TRYGG CARGO TRANSPORTE E LOGISTICA LTDA;16/09/2026;VIAGEM - 450073
QOF9F56;21/07/2026;5909304;Francisco Morato;;1644.052;238;13325.58;;;;;;;TRYGG CARGO TRANSPORTE E LOGISTICA LTDA;21/07/2026;VIAGEM 436369
DBC6G20;14/08/2026;6009170;Franco da Rocha;;3324.721;425;35093.21;;;;;;;TRYGG CARGO TRANSPORTE E LOGISTICA LTDA;14/08/2026;441938
QOF9F56;25/07/2026;5930044;Guarulhos;;957.714;135;7546.92;;;;;;;TRYGG CARGO TRANSPORTE E LOGISTICA LTDA;25/07/2026;VIAGEM 437418
CFY1A12;17/08/2026;6013729;Guarulhos;;558.968;107;7720.29;;;;;;;TRYGG CARGO TRANSPORTE E LOGISTICA LTDA;14/08/2026;CICERO DAILAN
DBC6G20;18/08/2026;6020733;Guarulhos;;2694.697;347;24549.54;;;;;;;TRYGG CARGO TRANSPORTE E LOGISTICA LTDA;18/08/2026;442405
FAA8736;19/08/2026;6025849;Guarulhos;;1345.011;412;20725.51;;;;;;;TRYGG CARGO TRANSPORTE E LOGISTICA LTDA;19/08/2026;442911
FYR1F56;25/07/2026;5930039;Mauá;;821.249;173;14370.56;;;;;;;TRYGG CARGO TRANSPORTE E LOGISTICA LTDA;25/07/2026;VIAGEM 437454
FAA8736;03/09/2026;6086341;Mauá;713.67;1152.52;232;13674.47;;;;;;;TRYGG CARGO TRANSPORTE E LOGISTICA LTDA;03/09/2026;445731
FYR1F56;18/07/2026;5902607;Mogi das Cruzes;;1473.61;257;17538.7;;;;;;;TRYGG CARGO TRANSPORTE E LOGISTICA LTDA;18/07/2026;VIAGEM 435890
BZI1A43;29/07/2026;5942163;Mogi das Cruzes;;2202.795;295;22312.87;;;;;;;TRYGG CARGO TRANSPORTE E LOGISTICA LTDA;29/07/2026;VIAGEM 437860
QOF9F56;31/07/2026;5954473;Mogi das Cruzes;;784.845;90;9133.68;;;;;;;TRYGG CARGO TRANSPORTE E LOGISTICA LTDA;31/07/2026;VANDERLEI FERREIRA 438704
BZI1A43;04/08/2026;5966111;Mogi das Cruzes;;3333.42;423;33961.08;;;;;;;TRYGG CARGO TRANSPORTE E LOGISTICA LTDA;04/08/2026;VIAGEM 435713
BZI1A43;06/08/2026;5976770;Mogi das Cruzes;;2943.501;542;20219.28;;;;;;;TRYGG CARGO TRANSPORTE E LOGISTICA LTDA;06/08/2026;VIAGEM 438918
AAA1116;23/07/2026;5920055;Osasco;1127.28;2931.808;337;27283.28;;;;;;;TRYGG CARGO TRANSPORTE E LOGISTICA LTDA;23/07/2026;VIAGEM 437015
FQC6I85;08/09/2026;6099765;Osasco;708.76;1080.807;91;8756.98;;;;;;;TRYGG CARGO TRANSPORTE E LOGISTICA LTDA;07/09/2026;VIAGEM - 447328
QOF9F56;27/08/2026;6057132;Poá;;1690.128;285;21473.5;;;;;;;TRYGG CARGO TRANSPORTE E LOGISTICA LTDA;27/08/2026;444979
CFY1A12;29/07/2026;5942295;Rio Grande da Serra;;1144.499;251;15111.91;;;;;;;TRYGG CARGO TRANSPORTE E LOGISTICA LTDA;29/07/2026;VIAGEM 438105
JAP6J15;03/08/2026;5961825;Santo André;;2972.04;240;24480;;;;;;;TRYGG CARGO TRANSPORTE E LOGISTICA LTDA;03/08/2026;RAFAEL DE CARVALHO 437963
QOF9F56;05/08/2026;5971523;Santo André;;222.867;34;2164.29;;;;;;;TRYGG CARGO TRANSPORTE E LOGISTICA LTDA;05/08/2026;VANDERLEI FERREIRA 439073
BZI1A43;22/07/2026;5915745;São Bernardo do Campo;;2558.111;338;25028.99;;;;;;;TRYGG CARGO TRANSPORTE E LOGISTICA LTDA;22/07/2026;RAFAEL DE CARVALHO 436731
FYR1F56;28/08/2026;6065073;São Bernardo do Campo;;1316.964;222;17804.72;;;;;;;TRYGG CARGO TRANSPORTE E LOGISTICA LTDA;28/08/2026;gabriel 44.185
EQK7G07;07/07/2026;5850077;São Paulo;;1900.35;162;15825.6;;;;;;;TRYGG CARGO TRANSPORTE E LOGISTICA LTDA;07/07/2026;VIAGEM 430878
OYC6I50;08/07/2026;5855303;São Paulo;;591.333;117;7613.06;;;;;;;TRYGG CARGO TRANSPORTE E LOGISTICA LTDA;08/07/2026;VIAGEM 434045
OYC6I50;11/07/2026;5870325;São Paulo;;1533.799;211;14081.84;;;;;;;TRYGG CARGO TRANSPORTE E LOGISTICA LTDA;11/07/2026;VIAGEM 433787
AAA1113;23/07/2026;5920112;São Paulo;;252.542;90;8041.64;;;;;;;TRYGG CARGO TRANSPORTE E LOGISTICA LTDA;23/07/2026;VIAGEM 437014
QOF9F56;24/07/2026;5925228;São Paulo;;1133.131;187;14861.18;;;;;;;TRYGG CARGO TRANSPORTE E LOGISTICA LTDA;24/07/2026;VIAGEM 437006
QOF9F56;29/07/2026;5942310;São Paulo;;952.008;154;11654.2;;;;;;;TRYGG CARGO TRANSPORTE E LOGISTICA LTDA;29/07/2026;VIAGEM 438170
BZI1A43;30/07/2026;5952975;São Paulo;;73.35;15;956;;;;;;;TRYGG CARGO TRANSPORTE E LOGISTICA LTDA;30/07/2026;437.913 e 438.479
DBA0C36;05/08/2026;5971241;São Paulo;;1559.138;211;17122.42;;;;;;;TRYGG CARGO TRANSPORTE E LOGISTICA LTDA;05/08/2026;VIAGEM 438928
HKN4F92;06/08/2026;5976737;São Paulo;;3693;300;30600;;;;;;;TRYGG CARGO TRANSPORTE E LOGISTICA LTDA;06/08/2026;VIAGEM 437930
QOF9F56;06/08/2026;5976739;São Paulo;;530.44;89;6100.9;;;;;;;TRYGG CARGO TRANSPORTE E LOGISTICA LTDA;06/08/2026;VIAGEM 439327
FAA8736;06/08/2026;5976752;São Paulo;;1357.23;176;15054.26;;;;;;;TRYGG CARGO TRANSPORTE E LOGISTICA LTDA;06/08/2026;VIAGEM 439267
QOF9F56;07/08/2026;5981995;São Paulo;;818.434;183;13900.2;;;;;;;TRYGG CARGO TRANSPORTE E LOGISTICA LTDA;07/08/2026;VIAGEM 439756
FAA8736;07/08/2026;5982007;São Paulo;;1234.877;137;11730.99;;;;;;;TRYGG CARGO TRANSPORTE E LOGISTICA LTDA;07/08/2026;VIAGEM 439757
HKN4F92;10/08/2026;5986332;São Paulo;;2215.8;180;18360;;;;;;;TRYGG CARGO TRANSPORTE E LOGISTICA LTDA;08/08/2026;VIAGEM 437958
FAA8736;11/08/2026;5993069;São Paulo;;1024.459;121;11178.78;;;;;;;TRYGG CARGO TRANSPORTE E LOGISTICA LTDA;11/08/2026;VIAGEM 440933
FAA8736;12/08/2026;5998435;São Paulo;;829.767;161;11781.99;;;;;;;TRYGG CARGO TRANSPORTE E LOGISTICA LTDA;12/08/2026;VIAGEM 441287
HKN4F92;12/08/2026;5998475;São Paulo;;3118.512;497;20510.94;;;;;;;TRYGG CARGO TRANSPORTE E LOGISTICA LTDA;12/08/2026;441299
CFY1A12;12/08/2026;5998479;São Paulo;;1177.198;186;11772.28;;;;;;;TRYGG CARGO TRANSPORTE E LOGISTICA LTDA;12/08/2026;441252
CFY1A12;13/08/2026;6003413;São Paulo;;936.4;188;13647.58;;;;;;;TRYGG CARGO TRANSPORTE E LOGISTICA LTDA;12/08/2026;CICERO DAILAN
FAA8736;13/08/2026;6003714;São Paulo;;1276.126;149;13764.24;;;;;;;TRYGG CARGO TRANSPORTE E LOGISTICA LTDA;13/08/2026;VIAGEM 441511
HKN4F92;14/08/2026;6009215;São Paulo;;2777.441;327;24031.4;;;;;;;TRYGG CARGO TRANSPORTE E LOGISTICA LTDA;14/08/2026;441810
FAA8736;18/08/2026;6020770;São Paulo;;1423.422;177;15264.12;;;;;;;TRYGG CARGO TRANSPORTE E LOGISTICA LTDA;18/08/2026;442431
FAA8736;21/08/2026;6035352;São Paulo;;712.99;115;10675.41;;;;;;;TRYGG CARGO TRANSPORTE E LOGISTICA LTDA;21/08/2026;ALEX PEDRO GONÇALVES
QOF9F56;21/08/2026;6035474;São Paulo;;1753.831;295;25208.6;;;;;;;TRYGG CARGO TRANSPORTE E LOGISTICA LTDA;21/08/2026;VANDERLEI FERREIRA 443495 e 443521
FAA8736;31/08/2026;6071299;São Paulo;;1180.328;306;23595.7;;;;;;;TRYGG CARGO TRANSPORTE E LOGISTICA LTDA;31/08/2026;ALEX PEDRO GONÇALVES 445290
QOF9F56;02/09/2026;6081089;São Paulo;707.01;584.166;99;7010.43;;;;;;;TRYGG CARGO TRANSPORTE E LOGISTICA LTDA;02/09/2026;445426
DBC6G20;03/09/2026;6085975;São Paulo;1130.45;2789.751;319;30446.79;;;;;;;TRYGG CARGO TRANSPORTE E LOGISTICA LTDA;02/09/2026;VIAGEM - 445507
DBC6G20;04/09/2026;6092063;São Paulo;1132.74;3431.327;319;32739.8;;;;;;;TRYGG CARGO TRANSPORTE E LOGISTICA LTDA;04/09/2026;446948
DBC6G20;15/09/2026;6129993;São Paulo;1245.61;3571.098;531;45611.2;;;;;;;TRYGG CARGO TRANSPORTE E LOGISTICA LTDA;15/09/2026;VIAGEM - 449391
DBC6G20;18/09/2026;6145608;São Paulo;1137.04;3043.795;493;37042.16;;;;;;;TRYGG CARGO TRANSPORTE E LOGISTICA LTDA;18/09/2026;VIAGEM - 447983
DBC6G20;18/09/2026;6149740;São Paulo;1137.41;3337.381;603;37411.6;;;;;;;TRYGG CARGO TRANSPORTE E LOGISTICA LTDA;18/09/2026;Delcique - 450.735
DBC6G20;24/09/2026;6167166;São Paulo;830.16;1965.64;689;30161.25;;;;;;;TRYGG CARGO TRANSPORTE E LOGISTICA LTDA;24/09/2026;VIAGEM - 452096
CFY1A12;30/07/2026;5947813;Taboão da Serra;;1370.248;161;12879.53;;;;;;;TRYGG CARGO TRANSPORTE E LOGISTICA LTDA;30/07/2026;VIAGEM 438401
EFF7J89;16/09/2026;6135358;Arujá;700;1008.344;172;14334.68;;;;;;;67.690.874 FELIPE PEREIRA LEMES;16/09/2026;VIAGEM - 449489
EFF7J89;27/08/2026;6054524;Campinas;800;850.045;190;14350.78;;;;;;;67.690.874 FELIPE PEREIRA LEMES;26/08/2026;VIAGEM - 443210
EFF7J89;11/09/2026;6114375;Campinas;800;1196.776;162;11416.04;;;;;;;67.690.874 FELIPE PEREIRA LEMES;10/09/2026;Felipe - 448203
EFF7J89;24/09/2026;6166423;Carapicuíba;500;1269.785;178;16070.16;;;;;;;67.690.874 FELIPE PEREIRA LEMES;23/09/2026;VIAGEM - 452337
EFF7J89;02/09/2026;6081058;Cotia;500;1130.014;204;15486.64;;;;;;;67.690.874 FELIPE PEREIRA LEMES;02/09/2026;445393
EFF7J89;18/09/2026;6145670;Diadema;500;1500.624;180;11853.12;;;;;;;67.690.874 FELIPE PEREIRA LEMES;18/09/2026;VIAGEM - 450844
EFF7J89;20/08/2026;6030634;Ferraz de Vasconcelos;500;771.446;101;8102.6;;;;;;;67.690.874 FELIPE PEREIRA LEMES;20/08/2026;443022
EFF7J89;07/08/2026;5981977;Guarulhos;500;659.522;67;6227.7;;;;;;;67.690.874 FELIPE PEREIRA LEMES;07/08/2026;VIAGEM 439735
EFF7J89;25/08/2026;6046870;Guarulhos;500;1243.793;117;12278;;;;;;;67.690.874 FELIPE PEREIRA LEMES;25/08/2026;444508
EFF7J89;21/08/2026;6035337;Itapecerica da Serra;500;968.36;90;7884.24;;;;;;;67.690.874 FELIPE PEREIRA LEMES;21/08/2026;VIAGEM 443662
EFF7J89;09/09/2026;6105221;Itupeva;700;1029.316;218;15647.36;;;;;;;67.690.874 FELIPE PEREIRA LEMES;09/09/2026;447660
EFF7J89;14/09/2026;6124877;Osasco;500;876.215;115;10764.29;;;;;;;67.690.874 FELIPE PEREIRA LEMES;14/09/2026;VIAGEM 448892
EFF7J89;15/09/2026;6130161;Praia Grande;700;294.057;57;4556.34;;;;;;;67.690.874 FELIPE PEREIRA LEMES;15/09/2026;VIAGEM - 449434
EFF7J89;18/08/2026;6020735;São Bernardo do Campo;500;838.66;212;19438.19;;;;;;;67.690.874 FELIPE PEREIRA LEMES;18/08/2026;442318
EFF7J89;19/09/2026;6150041;São Bernardo do Campo;500;1483.862;275;15392.84;;;;;;;67.690.874 FELIPE PEREIRA LEMES;19/09/2026;viagem - 451313
EFF7J89;10/07/2026;5870054;São Paulo;;800.876;144;9963.89;;;;;;;67.690.874 FELIPE PEREIRA LEMES;10/07/2026;434412
EFF7J89;15/07/2026;5883286;São Paulo;;1191.41;161;12271.94;;;;;;;67.690.874 FELIPE PEREIRA LEMES;15/07/2026;VIAGEM 435307
EFF7J89;16/07/2026;5889417;São Paulo;;323.594;71;5665.88;;;;;;;67.690.874 FELIPE PEREIRA LEMES;16/07/2026;VIAGEM 435482
EFF7J89;18/07/2026;5902569;São Paulo;;1472.043;144;10218;;;;;;;67.690.874 FELIPE PEREIRA LEMES;18/07/2026;VIAGEM 436164
EFF7J89;21/07/2026;5909233;São Paulo;;1289.42;182;14245.82;;;;;;;67.690.874 FELIPE PEREIRA LEMES;21/07/2026;VIAGEM 436422
EFF7J89;21/07/2026;5914092;São Paulo;;1161.88;190;15173.7;;;;;;;67.690.874 FELIPE PEREIRA LEMES;21/07/2026;436570
EFF7J89;24/07/2026;5925229;São Paulo;;987.861;135;9106.46;;;;;;;67.690.874 FELIPE PEREIRA LEMES;24/07/2026;VIAGEM 436998
EFF7J89;25/07/2026;5929887;São Paulo;500;565.412;92;5722.9;;;;;;;67.690.874 FELIPE PEREIRA LEMES;25/07/2026;viagem 437420
EFF7J89;28/07/2026;5937240;São Paulo;500;1417.645;181;15954.84;;;;;;;67.690.874 FELIPE PEREIRA LEMES;28/07/2026;VIAGEM 437635
EFF7J89;30/07/2026;5942964;São Paulo;500;753.053;138;10392.74;;;;;;;67.690.874 FELIPE PEREIRA LEMES;29/07/2026;VIAGEM 438138
EFF7J89;31/07/2026;5953785;São Paulo;500;1461.508;169;15098.04;;;;;;;67.690.874 FELIPE PEREIRA LEMES;31/07/2026;VIAGEM 438669
EFF7J89;01/08/2026;5959562;São Paulo;;192.581;23;2154.64;;;;;;;67.690.874 FELIPE PEREIRA LEMES;01/08/2026;VIAGEM 438767
EFF7J89;10/08/2026;5988666;São Paulo;500;1276.288;105;11318.4;;;;;;;67.690.874 FELIPE PEREIRA LEMES;10/08/2026;439164
EFF7J89;10/08/2026;5989882;São Paulo;500;337.195;55;4643.92;;;;;;;67.690.874 FELIPE PEREIRA LEMES;10/08/2026;440.150
EFF7J89;11/08/2026;5995907;São Paulo;500;1128.375;171;12030.56;;;;;;;67.690.874 FELIPE PEREIRA LEMES;11/08/2026;440.981
EFF7J89;13/08/2026;6003703;São Paulo;500;934.592;140;12897.2;;;;;;;67.690.874 FELIPE PEREIRA LEMES;13/08/2026;441672
EFF7J89;17/08/2026;6015413;São Paulo;500;710.265;121;9041.43;;;;;;;67.690.874 FELIPE PEREIRA LEMES;17/08/2026;VIAGEM 442069
EFF7J89;19/08/2026;6025848;São Paulo;500;571.234;144;9725.73;;;;;;;67.690.874 FELIPE PEREIRA LEMES;19/08/2026;442597
EFF7J89;03/09/2026;6085268;São Paulo;500;1516.702;156;14515.52;;;;;;;67.690.874 FELIPE PEREIRA LEMES;02/09/2026;VIAGEM - 445160
EFF7J89;04/09/2026;6091476;São Paulo;500;1616.817;141;14904.63;;;;;;;67.690.874 FELIPE PEREIRA LEMES;03/09/2026;VIAGEM - 446296
EFF7J89;08/09/2026;6099813;São Paulo;500;368.58;30;3132;;;;;;;67.690.874 FELIPE PEREIRA LEMES;07/09/2026;VIAGEM - 447150
EFF7J89;10/09/2026;6111429;São Paulo;500;966.495;55;8058.6;;;;;;;67.690.874 FELIPE PEREIRA LEMES;10/09/2026;VIAGEM - 445518 / 447996
EFF7J89;17/09/2026;6140615;São Paulo;500;1303.017;154;14673.09;;;;;;;67.690.874 FELIPE PEREIRA LEMES;17/09/2026;VIAGEM - 450067
EFF7J89;19/09/2026;6151633;São Paulo;500;1523.591;157;16317.76;;;;;;;67.690.874 FELIPE PEREIRA LEMES;19/09/2026;Felipe - 451.535
EFF7J89;23/09/2026;6161840;São Paulo;500;928.061;199;13313.99;;;;;;;67.690.874 FELIPE PEREIRA LEMES;22/09/2026;VIAGEM - 451869
EFF7J89;16/07/2026;5895908;Sorocaba;;691.14;180;15786.01;;;;;;;67.690.874 FELIPE PEREIRA LEMES;16/07/2026;434408
EFF7J89;22/07/2026;5919246;Sorocaba;;972.862;193;12509.56;;;;;;;67.690.874 FELIPE PEREIRA LEMES;22/07/2026;436855
EFF7J89;28/08/2026;6063296;Taubaté;950;962.709;100;9743.36;;;;;;;67.690.874 FELIPE PEREIRA LEMES;28/08/2026;
DWO8918;17/07/2026;5902290;São Paulo;;763.114;140;10116.25;;;;;;;MICHEL CADETE SOARES DA SILVA;17/07/2026;435.677
DWO8918;20/07/2026;5908915;São Paulo;;179.92;340;7992;;;;;;;MICHEL CADETE SOARES DA SILVA;21/07/2026;436348
DWO8918;24/07/2026;5929083;São Paulo;;829.22;218;13933.68;;;;;;;MICHEL CADETE SOARES DA SILVA;24/07/2026;435939
EPZ9A04;22/07/2026;5919638;Barueri;;331.137;30;2913.36;;;;;;;ALEX ALVES DA SILVA;22/07/2026;436764
EGV6G29;24/07/2026;5929696;Cotia;370;489.124;76;5205.21;;;;;;;ALEX ALVES DA SILVA;24/07/2026;437423 WILLIAN LUKA
EGV6G29;28/08/2026;6065111;Guarujá;450;687.843;121;7843.03;;;;;;;ALEX ALVES DA SILVA;28/08/2026;willian luka 443.229
EDC2J45;21/07/2026;5908965;Guarulhos;;1086.303;161;14073.13;;;;;;;ALEX ALVES DA SILVA;21/07/2026;VIAGEM 436363
EPZ9A04;18/08/2026;6020460;Guarulhos;370;547.643;74;4663.6;;;;;;;ALEX ALVES DA SILVA;17/08/2026;VIAGEM 442411
EDC2J45;28/07/2026;5936908;Indaiatuba;;1507.276;155;16374.38;;;;;;;ALEX ALVES DA SILVA;28/07/2026;437640
EPZ9A04;20/07/2026;5908867;Itapevi;;342.6;76;5721.51;;;;;;;ALEX ALVES DA SILVA;20/07/2026;435878
EDC2J45;29/07/2026;5947485;Itupeva;;1255.055;229;18642.22;;;;;;;ALEX ALVES DA SILVA;29/07/2026;437764
FCM6A65;21/07/2026;5908970;Jandira;;1273.175;100;11433.58;;;;;;;ALEX ALVES DA SILVA;21/07/2026;VIAGEM 436357
EPZ9A04;17/07/2026;5902469;Jundiaí;;657.569;89;7950.32;;;;;;;ALEX ALVES DA SILVA;17/07/2026;436013
FCM6A65;18/07/2026;5903891;Mauá;500;520.632;145;10627.42;;;;;;;ALEX ALVES DA SILVA;18/07/2026;436.168
EPZ9A04;28/07/2026;5941840;Mogi das Cruzes;450;165.845;19;1434.78;;;;;;;ALEX ALVES DA SILVA;28/07/2026;437510
EPZ9A04;11/08/2026;5997832;Osasco;370;243.984;47;3720.7;;;;;;;ALEX ALVES DA SILVA;11/08/2026;440.383
EDC2J45;21/07/2026;5914494;São Bernardo do Campo;;798.985;195;12700.25;;;;;;;ALEX ALVES DA SILVA;21/07/2026;436566
FCM6A65;07/08/2026;5985819;São Bernardo do Campo;370;435.7;178;13706;;;;;;;ALEX ALVES DA SILVA;07/08/2026;alex araujo 440.517
EDC2J45;17/07/2026;5902468;São Paulo;;1195.125;156;13595.74;;;;;;;ALEX ALVES DA SILVA;17/07/2026;
ABC1236;21/07/2026;5908966;São Paulo;;247.8;517;11817.8;;;;;;;ALEX ALVES DA SILVA;21/07/2026;VIAGEM 435729
EDC2J45;22/07/2026;5919642;São Paulo;;1157.951;268;18092.03;;;;;;;ALEX ALVES DA SILVA;22/07/2026;436880
ABC1236;24/07/2026;5929692;São Paulo;370;255.803;77;5743.64;;;;;;;ALEX ALVES DA SILVA;24/07/2026;alex 437.114
EDC2J45;24/07/2026;5929693;São Paulo;;1254.571;148;11160.34;;;;;;;ALEX ALVES DA SILVA;24/07/2026;437426
EPZ9A04;30/07/2026;5952935;São Paulo;370;469.808;77;5459.19;;;;;;;ALEX ALVES DA SILVA;30/07/2026;438481
EDC2J45;30/07/2026;5953474;São Paulo;;1350.282;203;12525.3;;;;;;;ALEX ALVES DA SILVA;30/07/2026;438682
EGV6G29;24/08/2026;6046442;São Paulo;370;680.842;144;11069.64;;;;;;;ALEX ALVES DA SILVA;24/08/2026;willian luka 444.012
EDC2J45;15/09/2026;6130429;São Paulo;;1776.964;437;27773.8;;;;;;;ALEX ALVES DA SILVA;15/09/2026;VIAGEM 445524
EGV6G29;28/07/2026;5936888;Sorocaba;;762.25;85;8273.81;;;;;;;ALEX ALVES DA SILVA;28/07/2026;437676 WILLIAN LUKA
FCM6A65;28/07/2026;5941714;Sorocaba;;897.496;138;9935.92;;;;;;;ALEX ALVES DA SILVA;28/07/2026;437.877
EDC2J45;29/07/2026;5941856;Vargem Grande Paulista;;1260;100;9840;;;;;;;ALEX ALVES DA SILVA;29/07/2026;437239
RNN5I94;01/09/2026;6076612;Americana;800;1341.142;128;10091.34;;;;;;;59.092.797 CRYSTIAN ALVES CONSTANTINO;01/09/2026;VIAGEM - 443197
RNN5I94;20/08/2026;6035001;Cajamar;700;952.92;98;9351.9;;;;;;;59.092.797 CRYSTIAN ALVES CONSTANTINO;20/08/2026;443.509
RNN5I94;05/08/2026;5971220;Cotia;500;1222.648;180;14185.33;;;;;;;59.092.797 CRYSTIAN ALVES CONSTANTINO;05/08/2026;VIAGEM 438922
RNN5I94;09/09/2026;6104964;Francisco Morato;700;1300.241;172;16102.53;;;;;;;59.092.797 CRYSTIAN ALVES CONSTANTINO;09/09/2026;VIAGEM - 447652
RNN5I94;14/09/2026;6119637;Franco da Rocha;700;1282.647;217;14761.81;;;;;;;59.092.797 CRYSTIAN ALVES CONSTANTINO;11/09/2026;Crystian - 448747
RNN5I94;14/08/2026;6008812;Guarulhos;500;434.926;147;13351.2;;;;;;;59.092.797 CRYSTIAN ALVES CONSTANTINO;13/08/2026;VIAGEM 441833
RNN5I94;31/08/2026;6070986;Guarulhos;500;1391.438;151;14073.29;;;;;;;59.092.797 CRYSTIAN ALVES CONSTANTINO;31/08/2026;WESLEY ALVES CONSTANTINO 445151
RNN5I94;16/09/2026;6135361;Jundiaí;700;1001.916;110;9373.78;;;;;;;59.092.797 CRYSTIAN ALVES CONSTANTINO;16/09/2026;VIAGEM - 449691
RNN5I94;24/07/2026;5929123;Mauá;;1222.39;180;13381.35;;;;;;;59.092.797 CRYSTIAN ALVES CONSTANTINO;24/07/2026;437223
RNN5I94;04/09/2026;6091480;Mauá;500;949.049;158;8554.68;;;;;;;59.092.797 CRYSTIAN ALVES CONSTANTINO;03/09/2026;VIAGEM - 445747
RNN5I94;22/09/2026;6156630;Mauá;500;874.101;150;11809.1;;;;;;;59.092.797 CRYSTIAN ALVES CONSTANTINO;21/09/2026;VIAGEM - 451749/451835/452324
RNN5I94;12/08/2026;5998160;Mogi das Cruzes;700;863.436;81;8236.95;;;;;;;59.092.797 CRYSTIAN ALVES CONSTANTINO;11/08/2026;VIAGEM 440919
RNN5I94;24/08/2026;6044070;Mogi das Cruzes;700;1534.973;218;16423.73;;;;;;;59.092.797 CRYSTIAN ALVES CONSTANTINO;24/08/2026;444.308
RNN5I94;26/08/2026;6052797;Santos;700;1478.945;154;13699;;;;;;;59.092.797 CRYSTIAN ALVES CONSTANTINO;26/08/2026;WESLEY ALVES CONSTANTINO 444792
RNN5I94;28/08/2026;6062565;São Bernardo do Campo;500;1296.587;230;15741.7;;;;;;;59.092.797 CRYSTIAN ALVES CONSTANTINO;27/08/2026;VIAGEM - 445096
RNN5I94;17/07/2026;5902466;São Paulo;;1124.655;167;11907.78;;;;;;;59.092.797 CRYSTIAN ALVES CONSTANTINO;17/07/2026;434581
RBB5I94;23/07/2026;5919925;São Paulo;;1441.11;229;18264.12;;;;;;;59.092.797 CRYSTIAN ALVES CONSTANTINO;23/07/2026;VIAGEM 436777
RNN5I94;30/07/2026;5947488;São Paulo;500;1243.527;242;17965.91;;;;;;;59.092.797 CRYSTIAN ALVES CONSTANTINO;30/07/2026;438108
RNN5I94;06/08/2026;5981492;São Paulo;500;1623.31;154;15936.6;;;;;;;59.092.797 CRYSTIAN ALVES CONSTANTINO;06/08/2026;439.806
RNN5I94;11/08/2026;5991924;São Paulo;500;1049.644;173;14257.47;;;;;;;59.092.797 CRYSTIAN ALVES CONSTANTINO;10/08/2026;VIAGEM 440655
RNN5I94;13/08/2026;6002940;São Paulo;500;1472.881;149;14221.38;;;;;;;59.092.797 CRYSTIAN ALVES CONSTANTINO;12/08/2026;WESLEY ALVES
RNN5I94;18/08/2026;6019101;São Paulo;500;1208.987;174;12520;;;;;;;59.092.797 CRYSTIAN ALVES CONSTANTINO;17/08/2026;WESLEY ALVES
RNN5I94;02/09/2026;6081060;São Paulo;500;1585.403;189;19245.36;;;;;;;59.092.797 CRYSTIAN ALVES CONSTANTINO;02/09/2026;445493
RNN5I94;11/09/2026;6117171;São Paulo;500;1065.372;158;11685.46;;;;;;;59.092.797 CRYSTIAN ALVES CONSTANTINO;11/09/2026;VIAGEM - 448474
RNN5I94;18/09/2026;6144270;São Paulo;500;1601.2;130;13598;;;;;;;59.092.797 CRYSTIAN ALVES CONSTANTINO;17/09/2026;VIAGEM - 450479
RNN5I94;24/09/2026;6165637;São Paulo;500;1415.506;213;15030.04;;;;;;;59.092.797 CRYSTIAN ALVES CONSTANTINO;23/09/2026;VIAGEM - 452889
RNN5I94;24/08/2026;6039960;São Vicente;700;1169.286;98;9523.2;;;;;;;59.092.797 CRYSTIAN ALVES CONSTANTINO;22/08/2026;VIAGEM 443836
RNN5I94;08/09/2026;6102120;Sorocaba;800;1092.082;172;12604.98;;;;;;;59.092.797 CRYSTIAN ALVES CONSTANTINO;08/09/2026;VIAGEM - 446224
RNN5I94;28/07/2026;5941822;Valinhos;800;1327.769;217;17626.42;;;;;;;59.092.797 CRYSTIAN ALVES CONSTANTINO;28/07/2026;438099
EME5E42;11/08/2026;5992287;Atibaia;520;752.405;125;8403.6;;;;;;;37.712.034 FLAVIO DOS SANTOS VIDAL;10/08/2026;VIAGEM 439405
EME5E42;09/09/2026;6104895;Campinas;650;511.289;75;7126.48;;;;;;;37.712.034 FLAVIO DOS SANTOS VIDAL;08/09/2026;VIAGEM - 447666
EME5E42;18/09/2026;6145493;Cotia;420;972.76;140;10178.44;;;;;;;37.712.034 FLAVIO DOS SANTOS VIDAL;17/09/2026;VIAGEM - 449499
EME5E42;07/08/2026;5980042;Ferraz de Vasconcelos;420;747.42;60;6120;;;;;;;37.712.034 FLAVIO DOS SANTOS VIDAL;06/08/2026;VIAGEM 437959
EME5E42;03/09/2026;6085810;Guarulhos;420;843.532;124;9443.07;;;;;;;37.712.034 FLAVIO DOS SANTOS VIDAL;02/09/2026;VIAGEM - 443233
EME5E42;23/09/2026;6161961;Guarulhos;420;839.164;83;6928.4;;;;;;;37.712.034 FLAVIO DOS SANTOS VIDAL;23/09/2026;VIAGEM - 452299
EME5E42;10/09/2026;6111125;Itanhaém;650;640.034;105;8177.85;;;;;;;37.712.034 FLAVIO DOS SANTOS VIDAL;09/09/2026;VIAGEM - 448141 / 447297 / 447296
EME5E42;13/08/2026;6002702;Itapevi;520;768.722;115;8922.84;;;;;;;37.712.034 FLAVIO DOS SANTOS VIDAL;12/08/2026;VIAGEM 441305
EME5E42;19/08/2026;6030317;Jundiaí;520;511.423;102;8637.55;;;;;;;37.712.034 FLAVIO DOS SANTOS VIDAL;19/08/2026;442.986
EME5E42;08/09/2026;6102055;Jundiaí;520;803.98;83;7799.99;;;;;;;37.712.034 FLAVIO DOS SANTOS VIDAL;08/09/2026;VIAGEM - 446272
EME5E42;22/07/2026;5914665;Lorena;;342.656;49;4290.36;;;;;;;37.712.034 FLAVIO DOS SANTOS VIDAL;22/07/2026;436760
EME5E42;17/08/2026;6013606;Mauá;420;411.729;88;5097.07;;;;;;;37.712.034 FLAVIO DOS SANTOS VIDAL;14/08/2026;VIAGEM 442141
EME5E42;31/07/2026;5958886;Mogi das Cruzes;520;763.624;55;7161;;;;;;;37.712.034 FLAVIO DOS SANTOS VIDAL;31/07/2026;438302
EME5E42;21/07/2026;5908968;Osasco;;770.431;67;7265.07;;;;;;;37.712.034 FLAVIO DOS SANTOS VIDAL;21/07/2026;VIAGEM 436370
EME5E42;26/08/2026;6051823;Osasco;420;821.596;125;10731.19;;;;;;;37.712.034 FLAVIO DOS SANTOS VIDAL;25/08/2026;VIAGEM - 444734
EME5E42;24/09/2026;6167069;Osasco;420;871.85;123;9613.65;;;;;;;37.712.034 FLAVIO DOS SANTOS VIDAL;24/09/2026;VIAGEM - 452916
EME5E42;10/08/2026;5983606;Santo André;420;496.58;155;11296.2;;;;;;;37.712.034 FLAVIO DOS SANTOS VIDAL;07/08/2026;VIAGEM 440516
EME5E42;12/08/2026;5997970;Santos;520;493.138;31;4792.16;;;;;;;37.712.034 FLAVIO DOS SANTOS VIDAL;11/08/2026;VIAGEM 441294
EME5E42;14/08/2026;6008638;São Bernardo do Campo;420;794.773;122;9500.26;;;;;;;37.712.034 FLAVIO DOS SANTOS VIDAL;13/08/2026;VIAGEM  441825
EME5E42;24/08/2026;6040039;São Bernardo do Campo;420;746.071;114;8411.89;;;;;;;37.712.034 FLAVIO DOS SANTOS VIDAL;22/08/2026;VIAGEM 443782
EME5E42;17/07/2026;5902475;São Paulo;;573.433;106;8280.46;;;;;;;37.712.034 FLAVIO DOS SANTOS VIDAL;17/07/2026;436000
EME5E42;23/07/2026;5920104;São Paulo;;858.161;117;10481.79;;;;;;;37.712.034 FLAVIO DOS SANTOS VIDAL;23/07/2026;VIAGEM 436781
EME5E42;24/07/2026;5925076;São Paulo;;545.363;139;12829.94;;;;;;;37.712.034 FLAVIO DOS SANTOS VIDAL;24/07/2026;VIAGEM 437206
EME5E42;28/07/2026;5936909;São Paulo;420;558.122;133;9368.21;;;;;;;37.712.034 FLAVIO DOS SANTOS VIDAL;28/07/2026;437766
EME5E42;28/07/2026;5941820;São Paulo;420;796.499;130;10113.85;;;;;;;37.712.034 FLAVIO DOS SANTOS VIDAL;28/07/2026;437872
AAA1112;30/07/2026;5947990;São Paulo;420;549.561;96;7573.07;;;;;;;37.712.034 FLAVIO DOS SANTOS VIDAL;30/07/2026;VIAGEM 438476
EME5E42;18/08/2026;6019014;São Paulo;420;279.093;59;4455.91;;;;;;;37.712.034 FLAVIO DOS SANTOS VIDAL;17/08/2026;VIAGEM 442001
EME5E42;19/08/2026;6025674;São Paulo;420;504.404;121;10373.51;;;;;;;37.712.034 FLAVIO DOS SANTOS VIDAL;18/08/2026;VIAGEM 442528
EME5E42;21/08/2026;6035250;São Paulo;420;807.471;85;7186.13;;;;;;;37.712.034 FLAVIO DOS SANTOS VIDAL;21/08/2026;VIAGEM 443511
EME5E42;25/08/2026;6046477;São Paulo;420;472.194;73;5953.28;;;;;;;37.712.034 FLAVIO DOS SANTOS VIDAL;24/08/2026;VIAGEM - 444244
EME5E42;27/08/2026;6054494;São Paulo;420;705.84;114;10253.78;;;;;;;37.712.034 FLAVIO DOS SANTOS VIDAL;26/08/2026;VIAGEM - 443818
EME5E42;28/08/2026;6063680;São Paulo;420;822.389;140;10462.64;;;;;;;37.712.034 FLAVIO DOS SANTOS VIDAL;28/08/2026;
EME5E42;04/09/2026;6091789;São Paulo;420;827.143;121;8162.78;;;;;;;37.712.034 FLAVIO DOS SANTOS VIDAL;04/09/2026;VIAGEM - 446094
EME5E42;11/09/2026;6116733;São Paulo;420;682.613;145;11633.86;;;;;;;37.712.034 FLAVIO DOS SANTOS VIDAL;10/09/2026;VIAGEM - 448217
EME5E42;19/09/2026;6151628;São Paulo;420;978.272;117;9345.86;;;;;;;37.712.034 FLAVIO DOS SANTOS VIDAL;19/09/2026;Flavio - 450.752
EME5E42;02/09/2026;6080575;Sorocaba;650;814.586;123;11961.34;;;;;;;37.712.034 FLAVIO DOS SANTOS VIDAL;01/09/2026;VIAGEM - 445450
EME5E42;28/08/2026;6067539;Sumaré;650;761.785;117;11829.01;;;;;;;37.712.034 FLAVIO DOS SANTOS VIDAL;28/08/2026;445.310
EME5E42;22/09/2026;6156393;Suzano;520;714.819;111;9156.44;;;;;;;37.712.034 FLAVIO DOS SANTOS VIDAL;21/09/2026;VIAGEM - 451837
EME5E42;05/08/2026;5971194;Taboão da Serra;420;214.453;11;1831.8;;;;;;;37.712.034 FLAVIO DOS SANTOS VIDAL;05/08/2026;
EME5E42;17/09/2026;6140414;Votorantim;650;737.062;124;10133.38;;;;;;;37.712.034 FLAVIO DOS SANTOS VIDAL;16/09/2026;VIAGEM - 450094/450096
UEJ6E99;30/07/2026;5947541;Arujá;520;929.771;81;8234.84;;;;;;;RAIMUNDO DJALMA CHAVES;30/07/2026;438327
PQU2C91;03/08/2026;5965579;Campinas;650;747.42;60;6120;;;;;;;RAIMUNDO DJALMA CHAVES;03/08/2026;437.981
UEJ6E99;20/07/2026;5908891;Cotia;;376.103;61;4836.7;;;;;;;RAIMUNDO DJALMA CHAVES;20/07/2026;436361
UEJ6E99;21/08/2026;6035259;Cotia;420;851.047;70;5613.12;;;;;;;RAIMUNDO DJALMA CHAVES;21/08/2026;VIAGEM 443660
UEJ6E99;22/07/2026;5919655;Diadema;;708.935;125;9069.94;;;;;;;RAIMUNDO DJALMA CHAVES;22/07/2026;436869
UEJ6E99;04/09/2026;6091782;Embu das Artes;420;822.205;127;12012.5;;;;;;;RAIMUNDO DJALMA CHAVES;03/09/2026;VIAGEM - 445098
UEJ6E99;30/07/2026;5952471;Ferraz de Vasconcelos;420;478.562;105;8361.2;;;;;;;RAIMUNDO DJALMA CHAVES;30/07/2026;437869
UEJ6E99;04/08/2026;5970311;Guarulhos;420;903.473;71;8387.04;;;;;;;RAIMUNDO DJALMA CHAVES;04/08/2026;439260
UEJ6E99;10/09/2026;6111084;Guarulhos;420;718.974;137;11085;;;;;;;RAIMUNDO DJALMA CHAVES;09/09/2026;VIAGEM - 447977
UEJ6E99;23/09/2026;6161852;Guarulhos;420;743.325;85;7164.54;;;;;;;RAIMUNDO DJALMA CHAVES;22/09/2026;VIAGEM - 452300
UEJ6E99;11/08/2026;5997834;Itaquaquecetuba;520;735.275;90;7154.16;;;;;;;RAIMUNDO DJALMA CHAVES;11/08/2026;440.977
UEJ6E99;08/09/2026;6102137;Jarinu;520;150;60;5868;;;;;;;RAIMUNDO DJALMA CHAVES;08/09/2026;VIAGEM - 435995
UEJ6E99;06/08/2026;5980498;Jundiaí;520;636.378;95;8068.79;;;;;;;RAIMUNDO DJALMA CHAVES;06/08/2026;
UEJ6E99;18/08/2026;6019121;Limeira;750;832.405;103;11174.7;;;;;;;RAIMUNDO DJALMA CHAVES;17/08/2026;VIAGEM 441491
UEJ6E99;19/08/2026;6025412;Mairinque;520;623.637;126;8212.96;;;;;;;RAIMUNDO DJALMA CHAVES;18/08/2026;VIAGEM 442696
UEJ6E99;24/09/2026;6166944;Mauá;420;272.423;52;3608.1;;;;;;;RAIMUNDO DJALMA CHAVES;23/09/2026;VIAGEM - 452940
UEJ6E99;14/08/2026;6008810;Mogi das Cruzes;520;662.058;136;9077.32;;;;;;;RAIMUNDO DJALMA CHAVES;13/08/2026;VIAGEM  41946
UEJ6E99;27/08/2026;6056504;Mogi das Cruzes;520;945.97;90;9804;;;;;;;RAIMUNDO DJALMA CHAVES;26/08/2026;VIAGEM - 444616
UEJ6E99;28/08/2026;6062526;Mogi das Cruzes;520;852.55;94;9282.36;;;;;;;RAIMUNDO DJALMA CHAVES;27/08/2026;VIAGEM - 445133
UEJ6E99;07/08/2026;5980500;Poá;520;926.345;80;7892.6;;;;;;;RAIMUNDO DJALMA CHAVES;06/08/2026;RAIMUNDO 437960
UEJ6E99;25/08/2026;6046523;Ribeirão Pires;420;735.834;82;7674.75;;;;;;;RAIMUNDO DJALMA CHAVES;24/08/2026;VIAGEM - 443830
UEJ6E99;23/07/2026;5924908;Santo André;;563.502;114;7436.88;;;;;;;RAIMUNDO DJALMA CHAVES;23/07/2026;437186
UEJ6E99;19/08/2026;6030285;São Bernardo do Campo;420;674.106;104;8510.7;;;;;;;RAIMUNDO DJALMA CHAVES;19/08/2026;442.990
UEJ6E99;01/09/2026;6076595;São José dos Campos;650;817.81;173;10671.27;;;;;;;RAIMUNDO DJALMA CHAVES;01/09/2026;VIAGEM - 443215
UEJ6E99;17/07/2026;5902478;São Paulo;;771.038;198;11047.32;;;;;;;RAIMUNDO DJALMA CHAVES;17/07/2026;435716
UEJ6E99;27/07/2026;5936835;São Paulo;420;664.21;106;9532.39;;;;;;;RAIMUNDO DJALMA CHAVES;27/07/2026;437612
UEJ6E99;11/08/2026;5992547;São Paulo;420;535.665;106;7822.37;;;;;;;RAIMUNDO DJALMA CHAVES;10/08/2026;VIAGEM 440146
UEJ6E99;12/08/2026;6003136;São Paulo;420;686.385;101;9135.07;;;;;;;RAIMUNDO DJALMA CHAVES;12/08/2026;441.477
UEJ6E99;26/08/2026;6051775;São Paulo;420;778.219;126;8901.86;;;;;;;RAIMUNDO DJALMA CHAVES;25/08/2026;VIAGEM  - 444737
UEJ6E99;02/09/2026;6080097;São Paulo;420;904.729;103;8600.64;;;;;;;RAIMUNDO DJALMA CHAVES;01/09/2026;VIAGEM 443238
UEJ6E99;09/09/2026;6102901;São Paulo;420;621.336;93;7952.48;;;;;;;RAIMUNDO DJALMA CHAVES;08/09/2026;VIAGEM - 447220
UEJ6E99;11/09/2026;6116976;São Paulo;420;95.53;21;1352.15;;;;;;;RAIMUNDO DJALMA CHAVES;11/09/2026;VIAGEM - 447644/448400
UEJ6E99;14/09/2026;6124869;São Paulo;420;434.26;138;11089.64;;;;;;;RAIMUNDO DJALMA CHAVES;14/09/2026;RAIMUNDO 448763
UEJ6E99;18/09/2026;6145544;São Paulo;420;943.515;128;8781.91;;;;;;;RAIMUNDO DJALMA CHAVES;18/09/2026;VIAGEM - 450908
UEJ6E99;28/07/2026;5941710;Sorocaba;650;778.18;165;9422.16;;;;;;;RAIMUNDO DJALMA CHAVES;28/07/2026;437.417
UEJ6E99;15/09/2026;6129733;Sorocaba;650;913.364;91;9487.84;;;;;;;RAIMUNDO DJALMA CHAVES;14/09/2026;VIAGEM - 449129
UEJ6E99;03/09/2026;6085516;Sumaré;650;728.393;127;7762.79;;;;;;;RAIMUNDO DJALMA CHAVES;02/09/2026;DJALMA 443207
UEJ6E99;22/09/2026;6156604;Valinhos;650;816.792;88;8364.36;;;;;;;RAIMUNDO DJALMA CHAVES;21/09/2026;VIAGEM - 451833
UEJ6E99;17/09/2026;6138817;Votorantim;650;587.721;108;8959.57;;;;;;;RAIMUNDO DJALMA CHAVES;16/09/2026;VIAGEM - 450126/450127
FUH1E21;18/08/2026;6020370;Americana;;1030.604;102;9955.92;;;;;;;68.439.253 THIAGO GALDINO FERREIRA;17/08/2026;VIAGEM 442421
FUH1E21;14/08/2026;6007381;Guarulhos;;1085.502;212;16063.49;;;;;;;68.439.253 THIAGO GALDINO FERREIRA;13/08/2026;VIAGEM 441769
FUH1E21;25/08/2026;6046486;Guarulhos;500;1404.535;123;11592.8;;;;;;;68.439.253 THIAGO GALDINO FERREIRA;24/08/2026;VIAGEM - 444572
FUH1E21;02/09/2026;6080909;Guarulhos;500;1445.925;232;19963.24;;;;;;;68.439.253 THIAGO GALDINO FERREIRA;02/09/2026;445399
FUH1E21;23/09/2026;6161990;Itaquaquecetuba;700;1329.134;233;15990.95;;;;;;;68.439.253 THIAGO GALDINO FERREIRA;23/09/2026;VIAGEM - 452245
FUH1E21;01/09/2026;6076606;Jacareí;800;1166.196;267;17173.11;;;;;;;68.439.253 THIAGO GALDINO FERREIRA;01/09/2026;VIAGEM - 443242
FUH1E21;20/08/2026;6035027;Osasco;500;1070.857;90;8196.41;;;;;;;68.439.253 THIAGO GALDINO FERREIRA;20/08/2026;443.582
FUH1E21;21/08/2026;6039869;Osasco;500;1125.091;101;9268.54;;;;;;;68.439.253 THIAGO GALDINO FERREIRA;21/08/2026;443.786
FUH1E21;21/09/2026;6152247;Osasco;;1741.791;184;15481.1;;;;;;;68.439.253 THIAGO GALDINO FERREIRA;21/09/2026;VIAGEM 450446
FUH1E21;24/09/2026;6167067;Osasco;500;1478.115;209;16211.58;;;;;;;68.439.253 THIAGO GALDINO FERREIRA;24/09/2026;VIAGEM - 452915
FUH1E21;03/09/2026;6085552;Piedade;800;1341.281;236;18468.83;;;;;;;68.439.253 THIAGO GALDINO FERREIRA;02/09/2026;Thiago - 445511
FUH1E21;15/09/2026;6130097;Santana de Parnaíba;700;1094.152;222;14134.74;;;;;;;68.439.253 THIAGO GALDINO FERREIRA;15/09/2026;VIAGEM - 449456
FUH1E21;22/09/2026;6156588;Santo André;500;1577.793;136;12857.68;;;;;;;68.439.253 THIAGO GALDINO FERREIRA;21/09/2026;VIAGEM - 448904
FUH1E21;11/08/2026;5997838;Santos;;1369.492;291;17981.47;;;;;;;68.439.253 THIAGO GALDINO FERREIRA;11/08/2026;441.483
FUH1E21;20/08/2026;6030327;São Paulo;500;865.68;137;10795.1;;;;;;;68.439.253 THIAGO GALDINO FERREIRA;19/08/2026;VIAGEM 443159
FUH1E21;27/08/2026;6056003;São Paulo;500;935.036;92;8041.12;;;;;;;68.439.253 THIAGO GALDINO FERREIRA;26/08/2026;VIAGEM - 444838
FUH1E21;31/08/2026;6068194;São Paulo;500;1184.58;170;17635.2;;;;;;;68.439.253 THIAGO GALDINO FERREIRA;28/08/2026;VIAGEM - 444711
FUH1E21;04/09/2026;6091295;São Paulo;500;1362.131;149;13275.22;;;;;;;68.439.253 THIAGO GALDINO FERREIRA;03/09/2026;VIAGEM 446323
FUH1E21;08/09/2026;6101462;São Paulo;500;1553.524;207;15802.17;;;;;;;68.439.253 THIAGO GALDINO FERREIRA;08/09/2026;Viagem - 447280
FUH1E21;09/09/2026;6104897;São Paulo;500;589.795;125;8781;;;;;;;68.439.253 THIAGO GALDINO FERREIRA;08/09/2026;VIAGEM - 445407
FUH1E21;10/09/2026;6109833;São Paulo;500;722.465;181;14555.2;;;;;;;68.439.253 THIAGO GALDINO FERREIRA;09/09/2026;VIAGEM - 447850 / 447851
FUH1E21;11/09/2026;6116735;São Paulo;500;1069.93;139;15163.41;;;;;;;68.439.253 THIAGO GALDINO FERREIRA;10/09/2026;VIAGEM - 448476/448477
FUH1E21;14/09/2026;6127021;São Paulo;500;1493.135;126;8943;;;;;;;68.439.253 THIAGO GALDINO FERREIRA;14/09/2026;Thiago - 449.060
FUH1E21;18/09/2026;6145498;São Paulo;500;1341.471;187;16067.12;;;;;;;68.439.253 THIAGO GALDINO FERREIRA;17/09/2026;VIAGEM - 450733/450863
FUH1E21;17/08/2026;6013609;Sorocaba;;1260;600;34743.03;;;;;;;68.439.253 THIAGO GALDINO FERREIRA;14/08/2026;VIAGEM 442095
FUH1E21;14/09/2026;6125301;Sorocaba;800;90.5;11;681.6;;;;;;;68.439.253 THIAGO GALDINO FERREIRA;14/09/2026;Thiago - 444.590 / 447.080
FUH1E21;19/08/2026;6025436;Suzano;;82.882;14;1101.86;;;;;;;68.439.253 THIAGO GALDINO FERREIRA;18/08/2026;VIAGEM 442559
CZX7A45;28/08/2026;6062507;Cotia;500;1202.277;141;11254.92;;;;;;;RAFAEL HENRIQUE AUGUSTO;27/08/2026;VIAGEM - 445080
CZX7A45;04/09/2026;6091751;Guarulhos;500;812.628;58;6807.2;;;;;;;RAFAEL HENRIQUE AUGUSTO;03/09/2026;VIAGEM - 446329
CZX7A45;19/08/2026;6025207;Jundiaí;;803.422;72;6424.66;;;;;;;RAFAEL HENRIQUE AUGUSTO;18/08/2026;VIAGEM 442543
CZX7A45;23/09/2026;6159155;Praia Grande;700;1538.352;164;14518.99;;;;;;;RAFAEL HENRIQUE AUGUSTO;22/09/2026;VIAGEM - 451350
CZX7A45;18/08/2026;6019064;Santa Isabel;;1400.266;231;19652.15;;;;;;;RAFAEL HENRIQUE AUGUSTO;17/08/2026;VIAGEM 442300
CZX7A45;31/08/2026;6067876;São Bernardo do Campo;500;1636.473;192;12317.94;;;;;;;RAFAEL HENRIQUE AUGUSTO;28/08/2026;VIAGEM - 445223
CZX7A45;20/08/2026;6029550;São Paulo;500;1263.251;152;14169.22;;;;;;;RAFAEL HENRIQUE AUGUSTO;19/08/2026;VIAGEM 442995
CZX7A45;20/08/2026;6035021;São Paulo;500;958.104;132;11087.46;;;;;;;RAFAEL HENRIQUE AUGUSTO;20/08/2026;442.903
CZX7A45;25/08/2026;6046589;São Paulo;500;87.7;41;3394.11;;;;;;;RAFAEL HENRIQUE AUGUSTO;24/08/2026;VIAGEM - 444589 / 444440
CZX7A45;27/08/2026;6057034;São Paulo;500;1084.296;118;10107.82;;;;;;;RAFAEL HENRIQUE AUGUSTO;26/08/2026;VIAGEM - 444906
CZX7A45;03/09/2026;6085804;São Paulo;500;902.555;129;11641.38;;;;;;;RAFAEL HENRIQUE AUGUSTO;02/09/2026;VIAGEM - 445503
CZX7A45;08/09/2026;6099749;São Paulo;500;917.539;122;9920.14;;;;;;;RAFAEL HENRIQUE AUGUSTO;07/09/2026;VIAGEM - 446314
CZX7A45;24/09/2026;6166815;São Paulo;500;1550.787;216;15378.24;;;;;;;RAFAEL HENRIQUE AUGUSTO;23/09/2026;VIAGEM - 452909
EUO8D84;19/09/2026;6151638;Embu das Artes;;415.352;35;4830.84;;;;;;;53.910.056 MARIA SILENE DA SILVA;19/09/2026;Joao - 451.601
EUO8D84;14/09/2026;6122470;Franco da Rocha;;495.879;98;5411.92;;;;;;;53.910.056 MARIA SILENE DA SILVA;11/09/2026;VIAGEM - 447984
BML9A24;26/08/2026;6051908;Mogi das Cruzes;;2679.874;345;25199.35;;;;;;;53.910.056 MARIA SILENE DA SILVA;26/08/2026;João vitor - 444746
EUO8D84;22/09/2026;6156673;Osasco;;542.718;99;6683.27;;;;;;;53.910.056 MARIA SILENE DA SILVA;22/09/2026;VIAGEM - 451877
BML9A24;19/08/2026;6025399;São Paulo;;2258.794;562;41332.75;;;;;;;53.910.056 MARIA SILENE DA SILVA;18/08/2026;JOAO VITOR
EUO8D84;03/09/2026;6085795;São Paulo;;418.261;44;4009.55;;;;;;;53.910.056 MARIA SILENE DA SILVA;02/09/2026;VIAGEM - 445651
EUO8D84;04/09/2026;6091484;São Paulo;;439.978;82;5744.58;;;;;;;53.910.056 MARIA SILENE DA SILVA;03/09/2026;VIAGEM - 445701
EUO8D84;10/09/2026;6111122;São Paulo;;587.679;77;6896.71;;;;;;;53.910.056 MARIA SILENE DA SILVA;09/09/2026;VIAGEM - 447858
EUO8D84;18/09/2026;6145448;São Paulo;;490.559;85;5733.7;;;;;;;53.910.056 MARIA SILENE DA SILVA;17/09/2026;VIAGEM - 450842/450861
EUO8D84;02/09/2026;6165955;São Paulo;;120.356;45;2791.47;;;;;;;53.910.056 MARIA SILENE DA SILVA;23/09/2026;Joao - 443257
EUO8D84;24/09/2026;6166058;São Paulo;;642.948;97;8834.65;;;;;;;53.910.056 MARIA SILENE DA SILVA;23/09/2026;VIAGEM - 452330
EUO8D84;08/09/2026;6100025;São Vicente;;486.844;92;7185.4;;;;;;;53.910.056 MARIA SILENE DA SILVA;08/09/2026;Joao Victor - 446306 / 446307
FFA4D47;15/09/2026;6129394;Guarujá;700;1546.028;137;15508.44;;;;;;;LUCAS JOSE DA SILVA;14/09/2026;VIAGEM - 448864
OFV4B64;11/09/2026;6116940;Jacareí;800;1128.376;193;13774.14;;;;;;;LUCAS JOSE DA SILVA;10/09/2026;VIAGEM - 447993
FFA4D47;08/09/2026;6101961;Jandira;500;693.352;61;6065.52;;;;;;;LUCAS JOSE DA SILVA;08/09/2026;VIAGEM - 447313
FFA4D47;19/09/2026;6151535;Jarinu;700;1067.71;127;13388.55;;;;;;;LUCAS JOSE DA SILVA;19/09/2026;Lucas - 451.362
FFA4D47;24/09/2026;6166387;Jundiaí;700;1035.777;171;16364.63;;;;;;;LUCAS JOSE DA SILVA;23/09/2026;VIAGEM - 452310
FFA4D47;10/09/2026;6111048;Salto;800;1545.556;168;15171.19;;;;;;;LUCAS JOSE DA SILVA;09/09/2026;VIAGEM - 447659
FFA4D47;09/09/2026;6105043;Santo André;500;1146.77;170;14991.58;;;;;;;LUCAS JOSE DA SILVA;09/09/2026;447845
FFA4D47;03/09/2026;6085215;São Bernardo do Campo;500;1308.756;195;15542.59;;;;;;;LUCAS JOSE DA SILVA;02/09/2026;VIAGEM - 445460
FFA4D47;27/08/2026;6062132;São Paulo;500;1397.928;183;15014.89;;;;;;;LUCAS JOSE DA SILVA;27/08/2026;445.081
FFA4D47;03/09/2026;6091778;São Paulo;500;247.212;126;10886.4;;;;;;;LUCAS JOSE DA SILVA;03/09/2026;VIAGEM - 445640
FFA4D47;04/09/2026;6092062;São Paulo;500;1061.613;130;11444.62;;;;;;;LUCAS JOSE DA SILVA;04/09/2026;446269
FFA4D47;19/09/2026;6149811;São Paulo;500;1649.212;193;12578.83;;;;;;;LUCAS JOSE DA SILVA;18/09/2026;VIAGEM - 450711
FFA4D47;22/09/2026;6156665;São Paulo;500;1504.617;164;14285.32;;;;;;;LUCAS JOSE DA SILVA;22/09/2026;VIAGEM - 449621
OZQ2A23;01/09/2026;6076687;Itapecerica da Serra;500;975.416;109;10288.57;;;;;;;CLAUDIO CARVALHO TEODORO;01/09/2026;444634
OZQ2A23;02/09/2026;6080652;Poá;700;1093.673;142;10158.36;;;;;;;CLAUDIO CARVALHO TEODORO;01/09/2026;VIAGEM - 443252
OZQ2A23;19/09/2026;6150936;Santo André;500;1325.167;174;13425.93;;;;;;;CLAUDIO CARVALHO TEODORO;19/09/2026;Claudio - 451.315
OZQ2A23;18/09/2026;6145687;São Bernardo do Campo;500;1201.644;191;12763.14;;;;;;;CLAUDIO CARVALHO TEODORO;18/09/2026;VIAGEM - 450848
OZQ2A23;27/08/2026;6062143;São Paulo;500;1283.745;176;14442.27;;;;;;;CLAUDIO CARVALHO TEODORO;27/08/2026;445.078
OZQ2A23;31/08/2026;6068192;São Paulo;500;932.02;100;8204.96;;;;;;;CLAUDIO CARVALHO TEODORO;28/08/2026;VIAGEM - 442324
OZQ2A23;03/09/2026;6085766;São Paulo;500;1335.309;141;13299.92;;;;;;;CLAUDIO CARVALHO TEODORO;02/09/2026;VIAGEM - 445142
OZQ2A23;04/09/2026;6091743;São Paulo;500;816.176;85;7476.04;;;;;;;CLAUDIO CARVALHO TEODORO;03/09/2026;VIAGEM - 445699
OZQ2A23;09/09/2026;6105328;São Paulo;500;955.886;125;10356.75;;;;;;;CLAUDIO CARVALHO TEODORO;09/09/2026;447866
OZQ2A23;08/09/2026;6102037;Sorocaba;800;630;50;5244;;;;;;;CLAUDIO CARVALHO TEODORO;08/09/2026;VIAGEM - 447227
APQ0G07;28/08/2026;6062525;Barueri;600;1917.099;157;16904.16;;;;;;;CARLOS ANTONIO HONORIO SA SILVA;27/08/2026;VIAGEM - 444962
APQ0G07;16/09/2026;6135352;Cotia;600;2360.396;245;21751.64;;;;;;;CARLOS ANTONIO HONORIO SA SILVA;16/09/2026;VIAGEM - 448077
APQ0G07;17/09/2026;6140608;Iracemápolis;;2097.131;332;21333.88;;;;;;;CARLOS ANTONIO HONORIO SA SILVA;17/09/2026;VIAGEM - 448645
APQ0G07;14/09/2026;6127027;Itupeva;850;1884.645;297;17867.56;;;;;;;CARLOS ANTONIO HONORIO SA SILVA;14/09/2026;Carlos - 448.647
APQ0G07;11/09/2026;6116935;Joanópolis;1000;1219.459;267;23230.22;;;;;;;CARLOS ANTONIO HONORIO SA SILVA;10/09/2026;VIAGEM - 448072
APQ0G07;02/09/2026;6080901;Mairiporã;850;1759.952;279;20299.79;;;;;;;CARLOS ANTONIO HONORIO SA SILVA;02/09/2026;445416
APQ0G07;31/08/2026;6076158;São José dos Campos;1000;2073.547;338;23853;;;;;;;CARLOS ANTONIO HONORIO SA SILVA;31/08/2026;443.216
APQ0G07;03/09/2026;6085745;São Paulo;600;1598.339;183;15131.28;;;;;;;CARLOS ANTONIO HONORIO SA SILVA;02/09/2026;VIAGEM - 445186
APQ0G07;09/09/2026;6104550;São Paulo;600;1771.04;301;17293.05;;;;;;;CARLOS ANTONIO HONORIO SA SILVA;08/09/2026;VIAGEM - 447669
APQ0G07;10/09/2026;6111118;São Paulo;600;765.539;218;19633.21;;;;;;;CARLOS ANTONIO HONORIO SA SILVA;09/09/2026;VIAGEM - 447979
APQ0G07;23/09/2026;6160399;São Paulo;600;2348.489;325;24515.91;;;;;;;CARLOS ANTONIO HONORIO SA SILVA;22/09/2026;VIAGEM - 450723
APQ0G07;24/09/2026;6165876;São Paulo;600;2052.313;242;21632.05;;;;;;;CARLOS ANTONIO HONORIO SA SILVA;23/09/2026;VIAGEM - 452339
APQ0G07;18/09/2026;6145684;São Vicente;850;1976.916;281;21845.23;;;;;;;CARLOS ANTONIO HONORIO SA SILVA;18/09/2026;VIAGEM - 450117
APQ0G07;08/09/2026;6102003;Sorocaba;600;2277.978;288;23566.54;;;;;;;CARLOS ANTONIO HONORIO SA SILVA;08/09/2026;VIAGEM - 447308
APQ0G07;22/09/2026;6155618;Sorocaba;1000;2235.294;262;22352.74;;;;;;;CARLOS ANTONIO HONORIO SA SILVA;21/09/2026;VIAGEM - 447448
APQ0G07;21/09/2026;6149966;Valinhos;1000;2459.619;286;25444.91;;;;;;;CARLOS ANTONIO HONORIO SA SILVA;18/09/2026;VIAGEM - 449692
KWX3I45;10/09/2026;6111086;Caieiras;520;728.724;150;8125.92;;;;;;;CLEOMIR DOS SANTOS FONTES;09/09/2026;VIAGEM - 447985
KWX3I45;03/09/2026;6086007;Carapicuíba;420;940.339;158;14627.82;;;;;;;CLEOMIR DOS SANTOS FONTES;02/09/2026;VIAGEM - 445457
KWX3I45;09/09/2026;6104941;Diadema;420;605.336;129;9815.89;;;;;;;CLEOMIR DOS SANTOS FONTES;08/09/2026;VIAGEM - 447672
KWX3I45;01/09/2026;6076596;Guarulhos;420;214.35;19;1812;;;;;;;CLEOMIR DOS SANTOS FONTES;01/09/2026;VIAGEM - 445299
KWX3I45;10/09/2026;6116534;Guarulhos;420;478.562;102;8229.94;;;;;;;CLEOMIR DOS SANTOS FONTES;10/09/2026;Cleomir - 448193
KWX3I45;02/09/2026;6080803;Itaquaquecetuba;520;1011.554;149;10092.94;;;;;;;CLEOMIR DOS SANTOS FONTES;01/09/2026;VIAGEM - 445662
KWX3I45;31/08/2026;6065597;Mauá;420;732.482;122;8961.59;;;;;;;CLEOMIR DOS SANTOS FONTES;28/08/2026;VIAGEM - 445176
KWX3I45;08/09/2026;6099817;Mauá;420;586.022;122;7896.62;;;;;;;CLEOMIR DOS SANTOS FONTES;07/09/2026;VIAGEM - 446852
KWX3I45;22/09/2026;6156587;Osasco;420;912.586;125;11906.45;;;;;;;CLEOMIR DOS SANTOS FONTES;21/09/2026;VIAGEM - 451324
KWX3I45;28/08/2026;6062527;Santo André;420;740.41;144;9960.61;;;;;;;CLEOMIR DOS SANTOS FONTES;27/08/2026;VIAGEM - 444925
KWX3I45;04/09/2026;6091212;São Paulo;420;714.954;74;8277.16;;;;;;;CLEOMIR DOS SANTOS FONTES;03/09/2026;VIAGEM 446313, 446311 E 446312
KWX3I45;19/09/2026;6151629;São Paulo;420;895.222;162;10970.35;;;;;;;CLEOMIR DOS SANTOS FONTES;19/09/2026;Cleomir - 451.371
KWX3I45;16/09/2026;6135235;São Roque;520;799.246;126;11093.86;;;;;;;CLEOMIR DOS SANTOS FONTES;15/09/2026;VIAGEM - 449473
KWX3I45;15/09/2026;6129947;Taubaté;750;975.6;89;8048.52;;;;;;;CLEOMIR DOS SANTOS FONTES;15/09/2026;VIAGEM - 448915
UOS9D26;01/09/2026;6076677;Atibaia;700;838.291;174;11757.36;;;;;;;67.525.697 SIMONE DO NASCIMENTO;01/09/2026;443202
UOS9D26;28/08/2026;6062546;Embu-Guaçu;500;771.804;162;14490.26;;;;;;;67.525.697 SIMONE DO NASCIMENTO;27/08/2026;VIAGEM - 445076
UOS9D26;03/09/2026;6084976;Guarulhos;500;943.314;158;13061.41;;;;;;;67.525.697 SIMONE DO NASCIMENTO;02/09/2026;VIAGEM - 445402
UOS9D26;15/09/2026;6129749;Jandira;500;1015.477;161;10958.44;;;;;;;67.525.697 SIMONE DO NASCIMENTO;14/09/2026;VIAGEM - 448862/448863
UOS9D26;04/09/2026;6091786;Mauá;500;886.438;156;9643.52;;;;;;;67.525.697 SIMONE DO NASCIMENTO;03/09/2026;VIAGEM - 446271
UOS9D26;11/09/2026;6116744;Osasco;500;552.938;125;11654.77;;;;;;;67.525.697 SIMONE DO NASCIMENTO;10/09/2026;VIAGEM - 447872
UOS9D26;02/09/2026;6080572;Santa Bárbara d'Oeste;950;877.923;246;15339.51;;;;;;;67.525.697 SIMONE DO NASCIMENTO;01/09/2026;VIAGEM - 445369
UOS9D26;17/09/2026;6138348;Santos;700;1138.723;233;17499.83;;;;;;;67.525.697 SIMONE DO NASCIMENTO;16/09/2026;VIAGEM - 448749/449786
UOS9D26;28/08/2026;6067526;São Paulo;500;1247.22;168;10082.75;;;;;;;67.525.697 SIMONE DO NASCIMENTO;28/08/2026;445.197
UOS9D26;08/09/2026;6102103;São Paulo;500;1007.868;139;10847.76;;;;;;;67.525.697 SIMONE DO NASCIMENTO;08/09/2026;VIAGEM - 447307
UOS9D26;14/09/2026;6121135;São Paulo;500;799.209;186;12770.14;;;;;;;67.525.697 SIMONE DO NASCIMENTO;11/09/2026;VIAGEM - 448745
UOS9D26;19/09/2026;6149808;São Paulo;500;1329.517;172;12139.39;;;;;;;67.525.697 SIMONE DO NASCIMENTO;18/09/2026;VIAGEM - 450685
UOS9D26;21/09/2026;6151173;São Paulo;500;700.11;135;11506.89;;;;;;;67.525.697 SIMONE DO NASCIMENTO;19/09/2026;LUIZ MARQUES DOS SANTOS JUNIOR 451318
UOS9D26;22/09/2026;6156675;São Paulo;500;977.122;183;13173.83;;;;;;;67.525.697 SIMONE DO NASCIMENTO;22/09/2026;VIAGEM - 451876
UOS9D26;24/09/2026;6165792;São Paulo;500;954.309;151;11947.84;;;;;;;67.525.697 SIMONE DO NASCIMENTO;23/09/2026;VIAGEM - 452332/452334
DTE3A20;03/09/2026;6086343;Araçoiaba da Serra;;1494.02;203;17387.73;;;;;;;FABIO EDUARDO DA SILVA;03/09/2026;445512
DTE3A20;31/08/2026;6070948;Campinas;;1025.415;172;14406.47;;;;;;;FABIO EDUARDO DA SILVA;31/08/2026;VIAGEM 444989
DTE3A20;04/09/2026;6091815;Carapicuíba;;1141.201;348;21149.93;;;;;;;FABIO EDUARDO DA SILVA;04/09/2026;VIAGEM - 443214
DTE3A20;28/08/2026;6062529;Embu-Guaçu;;1573.691;222;20644.69;;;;;;;FABIO EDUARDO DA SILVA;27/08/2026;VIAGEM - 445079
DTE3A20;23/09/2026;6161964;Guarulhos;;1404.741;250;17290.32;;;;;;;FABIO EDUARDO DA SILVA;23/09/2026;VIAGEM - 452267
DTE3A20;14/09/2026;6124828;Itirapina;;889.449;195;17620.39;;;;;;;FABIO EDUARDO DA SILVA;14/09/2026;VIAGEM 448367
DTE3A20;02/09/2026;6080903;Mogi das Cruzes;;1059.446;278;16257.95;;;;;;;FABIO EDUARDO DA SILVA;02/09/2026;443246
DTE3A20;18/09/2026;6145669;Mogi Mirim;;1631.867;131;14588.16;;;;;;;FABIO EDUARDO DA SILVA;18/09/2026;VIAGEM - 449441
DTE3A20;22/09/2026;6156596;Paulínia;;1596.174;177;16010.19;;;;;;;FABIO EDUARDO DA SILVA;21/09/2026;VIAGEM - 451836
DTE3A20;08/09/2026;6100180;São Paulo;;992.075;92;8578.5;;;;;;;FABIO EDUARDO DA SILVA;08/09/2026;447.309
DTE3A20;09/09/2026;6105296;São Paulo;;1620.716;201;18074.94;;;;;;;FABIO EDUARDO DA SILVA;09/09/2026;447855
DTE3A20;09/09/2026;6110728;São Paulo;;1527.114;173;15977.38;;;;;;;FABIO EDUARDO DA SILVA;09/09/2026;447.973
DTE3A20;24/09/2026;6167028;São Paulo;;1477.88;230;17473.13;;;;;;;FABIO EDUARDO DA SILVA;23/09/2026;VIAGEM - 452908
DTE3A20;16/09/2026;6135472;Suzano;;1534.209;217;20269.46;;;;;;;FABIO EDUARDO DA SILVA;16/09/2026;VIAGEM - 449491
DTE3A20;17/09/2026;6140498;Taboão da Serra;;1636.392;155;14817.05;;;;;;;FABIO EDUARDO DA SILVA;16/09/2026;VIAGEM - 447443
EFW5G37;15/09/2026;6134946;Embu das Artes;2513.78;7443.7;1330;98350;;;;;;;TRANS GONCALVES TRANSPORTES LTDA;15/09/2026;Paulo - 449.465
URA6D79;24/09/2026;6166855;Itapecerica da Serra;;1324.731;189;15605.27;;;;;;;67.864.123 ANDRE LUIZ DE ARAUJO;23/09/2026;VIAGEM - 452936/452937
URA6D79;22/09/2026;6156420;São Paulo;;1509.423;134;13343;;;;;;;67.864.123 ANDRE LUIZ DE ARAUJO;21/09/2026;VIAGEM - 451879
APA3B53;08/06/2026;5734366;Caieiras;;1018.348;214;9923.95;;;;;;;;06/06/2026;VIAGEM 412266
OCW4J02;25/06/2026;5804444;Cajamar;1200;1620.012;488;45134.38;;;;;;;;25/06/2026;VIAGEM 426131
OCW4J02;20/07/2026;5908890;Cajamar;1200;4591.767;447;56795.72;;;;;;;;20/07/2026;436343
ELQ1J17;16/05/2026;5657159;Campinas;1000;2230.61;343;22016.34;;;;;;;;16/05/2026;VIAGEM 387680
FSQ9D53;29/05/2026;5706546;Cotia;;906.249;181;13162.25;;;;;;;;29/05/2026;403.685
HGG0J44;01/09/2026;6076607;Cubatão;700;915.603;163;13587.6;;;;;;;;01/09/2026;VIAGEM - 445356
STO8J09;12/06/2026;5762172;Ferraz de Vasconcelos;370;569.487;126;9187.7;;;;;;;;13/06/2026;VIAGEM 419427
DBL9A06;17/06/2026;5775262;Franco da Rocha;;2354.272;426;27609.38;;;;;;;;17/06/2026;valter 419.294
FIR7I69;14/05/2026;5650938;Guarujá;;5048.67;699;50494.17;;;;;;;;14/05/2026;VIAGEM 382138
MJZ7F25;02/06/2026;5718380;Guarulhos;897.73;1272.019;148;14347.28;;;;;;;;02/06/2026;VIAGEM 408833
EGV6G29;29/07/2026;5941858;Guarulhos;;922.068;172;9064.72;;;;;;;;29/07/2026;437856
RTX7D67;29/06/2026;5812969;Indaiatuba;500;526.145;103;8607.25;;;;;;;;26/06/2026;VIAGEM 431075
FAR2L46;23/05/2026;5683266;Itapecerica da Serra;;1049.4;78;7359.3;;;;;;;;23/05/2026;ALEXANDRE 387597
MWC9G09;18/07/2026;5903889;Itaquaquecetuba;;700.62;43;6661.32;;;;;;;;18/07/2026;400.055
CFY1G51;06/08/2026;5981710;Mairiporã;;1064.956;161;15385.68;;;;;;;;06/08/2026;
DMN8C09;17/06/2026;5773953;Mauá;500;781.044;117;8705.31;;;;;;;;17/06/2026;VIAGEM 423394
QBN6G98;02/06/2026;5718118;Poá;;777.75;55;6540.75;;;;;;;;01/06/2026;VIAGEM 387617
DSJ8G34;23/06/2026;5796126;Salto;;2483.839;411;33959.97;;;;;;;;23/06/2026;HEBER 427808 e 427742
RTX7D67;27/04/2026;369266;Santo André;;636.59;91;6693.53;;;;;;;;28/04/2026;Viagem 369266
OCW4J02;30/05/2026;5710939;Santo André;800;4410.064;533;39042.72;;;;;;;;30/05/2026;VIAGEM 405929
EFO3E66;02/06/2026;5718386;Santos;;454.44;70;6000.46;;;;;;;;02/06/2026;VIAGEM 407217
AAA1119;25/04/2026;369200;São Bernardo do Campo;;7585.2;1491;78131.76;;;;;;;;26/04/2026;
AAA1119;29/04/2026;370853;São Bernardo do Campo;;6422.044;1309;129003.52;;;;;;;;30/04/2026;
AAA1119;29/04/2026;369236;São Bernardo do Campo;;7446.926;1074;72860.04;;;;;;;;30/04/2026;
AAA1110;30/04/2026;369237;São Bernardo do Campo;;10268.4;1400;174148.8;;;;;;;;01/05/2026;
AAA1119;30/04/2026;367155;São Bernardo do Campo;;1316.774;1247;82359.59;;;;;;;;01/05/2026;
HLB4408;05/05/2026;376923;São Bernardo do Campo;;66.603;8;721.98;;;;;;;;05/05/2026;Viagem 376923
HLB4408;05/05/2026;376955;São Bernardo do Campo;;5.514;2;93.6;;;;;;;;06/05/2026;Viagem 376955
DYB5G84;23/05/2026;5683229;São Bernardo do Campo;;34.098;10;540;;;;;;;;23/05/2026;IVANILDO 398901
AAA1113;27/04/2026;5590417;São Paulo;;193.35;20;2924.16;;;;;;;;28/04/2026;Viagem 366296
AAA1110;04/05/2026;377384;São Paulo;;24424.75;2200;74056;;;;;;;;06/05/2026;EXPORTACAO - 377384
BJB2020;05/05/2026;379298;São Paulo;;312.165;55;1429.86;;;;;;;;06/05/2026;Viagem 379298
DMN8C09;04/05/2026;376098;São Paulo;;288.968;57;4334.56;;;;;;;;06/05/2026;Viagem 376098
ABC1236;05/05/2026;373953;São Paulo;;94.299;9;313.77;;;;;;;;06/05/2026;Viagem 373953
AAA1116;05/05/2026;378376;São Paulo;;3084.85;250;8250;;;;;;;;06/05/2026;Viagem 378376
LZB8I91;06/05/2026;375770;São Paulo;;9964.962;1247;92891.85;;;;;;;;07/05/2026;VALDEMIR JOSE 375770
FRR8J62;15/05/2026;387661;São Paulo;370;456.291;51;4500.48;;;;;;;;16/05/2026;
EVC7C40;16/05/2026;387615;São Paulo;831.58;1267.404;124;12459.9;;;;;;;;17/05/2026;
EFV6E08;19/05/2026;389000;São Paulo;500;739.586;144;9176.03;;;;;;;;20/05/2026;
AAA1110;21/05/2026;394742;São Paulo;;23.616;9;470.4;;;;;;;;21/05/2026;
UFL2J02;03/06/2026;5723595;São Paulo;;2303.781;256;26263.15;;;;;;;;03/06/2026;VIAGEM 407943
RTX7D67;05/06/2026;5728297;São Paulo;370;552.856;111;6378.62;;;;;;;;03/06/2026;VIAGEM 412067
EPJ1G83;04/06/2026;5729015;São Paulo;;688.719;163;10790.94;;;;;;;;04/06/2026;VIAGEM 411309
QBN6G98;04/06/2026;5729139;São Paulo;;757.932;104;8048.96;;;;;;;;04/06/2026;VIAGEM 409231
UFL2J02;04/06/2026;5729140;São Paulo;;2616.6;336;28798.2;;;;;;;;04/06/2026;VIAGEM 409691
FOF1I46;09/06/2026;5739975;São Paulo;102;1461.863;159;13635.9;;;;;;;;08/06/2026;VIAGEM 412563
RTX7D67;09/06/2026;5740122;São Paulo;370;412.752;80;4866.22;;;;;;;;08/06/2026;VIAGEM 411308
UFL2J02;09/06/2026;5740808;São Paulo;;2093.542;326;23782.05;;;;;;;;09/06/2026;VIAGEM 413983
QKN6L10;15/06/2026;5765171;São Paulo;;14544.22;1390;132279.04;;;;;;;;15/06/2026;ozeas alves 387613
QBN6G98;17/06/2026;5773952;São Paulo;;591.193;68;6015.73;;;;;;;;17/06/2026;VIAGEM 422209
MWC9G09;22/06/2026;5789653;São Paulo;;;;;;;;;;;;20/06/2026;CAIQUE VALERIO 426031
FIB1I00;23/06/2026;5795598;São Paulo;500;1571.154;244;19835.35;;;;;;;;22/06/2026;VIAGEM 427181
ORC8C66;25/06/2026;5804339;São Paulo;500;1404.903;215;16246.39;;;;;;;;24/06/2026;VIAGEM 429954
HLB4408;30/06/2026;5823126;São Paulo;;306.255;33;2800.8;;;;;;;;30/06/2026;jairo 430.860
SWS0H40;23/07/2026;5924914;São Paulo;;425.366;65;5400.51;;;;;;;;23/07/2026;437081
CZX7A45;06/08/2026;5981679;São Paulo;;1332.885;132;11259.25;;;;;;;;06/08/2026;
DMN8C09;04/06/2026;5729046;São Vicente;;645.331;136;9487.64;;;;;;;;04/06/2026;VIAGEM 409862
FOF1I46;02/06/2026;5717946;Sorocaba;32;1099.66;113;9699.72;;;;;;;;01/06/2026;VIAGEM 407447
MLZ6F49;08/06/2026;5734380;Suzano;;1255.814;221;14344.2;;;;;;;;06/06/2026;VIAGEM 411671
AAA1118;05/05/2026;377321;Taboão da Serra;;5817.12;471;33912;;;;;;;;06/05/2026;Viagem 377321