NF;Data Faturamento
140433;19/01/2026
38745;29/01/2026
39002;17/02/2026
148189;23/02/2026
39361;26/03/2026
159284;13/04/2026
39656;16/04/2026
40017;18/05/2026
168531;25/05/2026
40309;11/06/2026
180951;13/07/2026
40507;11/07/2026
40563;05/08/2026
38514;16/01/2026
38747;29/01/2026
39004;17/02/2026
39362;26/03/2026
39653;16/04/2026
40015;18/05/2026
40310;11/06/2026
40509;11/07/2026
40561;05/08/2026
38517;16/01/2026
140431;19/01/2026
38746;29/01/2026
39000;17/02/2026
148191;23/02/2026
39363;26/03/2026
159287;13/04/2026
39654;16/04/2026
40019;18/05/2026
168534;25/05/2026
40311;11/06/2026
180953;13/07/2026
40505;11/07/2026
40566;05/08/2026
38518;16/01/2026
140429;19/01/2026
38749;29/01/2026
38998;17/02/2026
148190;23/02/2026
39365;26/03/2026
159288;13/04/2026
39604;13/04/2026
40021;18/05/2026
168537;25/05/2026
40312;11/06/2026
180955;13/07/2026
40503;11/07/2026
40568;05/08/2026
140959;21/01/2026
140958;21/01/2026
151534;10/03/2026
151535;10/03/2026
161512;23/04/2026
161511;23/04/2026
165760;13/05/2026
165759;13/05/2026
183176;22/07/2026
183168;22/07/2026
38513;16/01/2026
140434;19/01/2026
38743;29/01/2026
39005;17/02/2026
148187;23/02/2026
39366;26/03/2026
159283;13/04/2026
39605;13/04/2026
40014;18/05/2026
168533;25/05/2026
40315;11/06/2026
40510;11/07/2026
40560;05/08/2026
38511;15/01/2026
140430;19/01/2026
38744;29/01/2026
38999;17/02/2026
148192;23/02/2026
39367;26/03/2026
159286;13/04/2026
39606;13/04/2026
40020;18/05/2026
168535;25/05/2026
40317;11/06/2026
180954;13/07/2026
40504;11/07/2026
40567;05/08/2026
38516;16/01/2026
140432;19/01/2026
38751;29/01/2026
39001;17/02/2026
148193;23/02/2026
39369;26/03/2026
159285;13/04/2026
39608;13/04/2026
40098;21/05/2026
168532;25/05/2026
40318;11/06/2026
180952;13/07/2026
40565;05/08/2026
303442;15/01/2026
303497;22/01/2026
303514;23/01/2026
303611;02/02/2026
303612;02/02/2026
303657;06/02/2026
303738;12/02/2026
303768;16/02/2026
303838;24/02/2026
303855;26/02/2026
150075;04/03/2026
303930;04/03/2026
303978;07/03/2026
304036;12/03/2026
304100;18/03/2026
155815;27/03/2026
157339;06/04/2026
304281;07/04/2026
304375;15/04/2026
304465;24/04/2026
304555;06/05/2026
304649;14/05/2026
167501;20/05/2026
167846;21/05/2026
304723;21/05/2026
304816;30/05/2026
304822;01/06/2026
304916;10/06/2026
173220;12/06/2026
304931;11/06/2026
304989;18/06/2026
305121;01/07/2026
305131;02/07/2026
305135;02/07/2026
180468;10/07/2026
305206;10/07/2026
182587;18/07/2026
182499;17/07/2026
305402;31/07/2026
305442;05/08/2026
305505;12/08/2026
139399;13/01/2026
139400;13/01/2026
139401;13/01/2026
140627;20/01/2026
140575;20/01/2026
140574;20/01/2026
140628;20/01/2026
142495;28/01/2026
143101;30/01/2026
143383;31/01/2026
143385;31/01/2026
143386;31/01/2026
143384;31/01/2026
148706;25/02/2026
149349;28/02/2026
149348;28/02/2026
148707;25/02/2026
148705;25/02/2026
153825;20/03/2026
153824;20/03/2026
153823;20/03/2026
154037;21/03/2026
154903;25/03/2026
154522;24/03/2026
154524;24/03/2026
154523;24/03/2026
154525;24/03/2026
155911;28/03/2026
156291;31/03/2026
158714;09/04/2026
155910;28/03/2026
156292;31/03/2026
160273;17/04/2026
155909;28/03/2026
156293;31/03/2026
156929;02/04/2026
156929;02/04/2026
160851;21/04/2026
160853;21/04/2026
160852;21/04/2026
168038;22/05/2026
168039;22/05/2026
168041;22/05/2026
168036;22/05/2026
40101;22/05/2026
168037;22/05/2026
168042;22/05/2026
168040;22/05/2026
170950;03/06/2026
170191;30/05/2026
170192;30/05/2026
170949;03/06/2026
172077;08/06/2026
172382;09/06/2026
172079;08/06/2026
172078;08/06/2026
172080;08/06/2026
172081;08/06/2026
174485;17/06/2026
174792;17/06/2026
174488;17/06/2026
40396;17/06/2026
174487;17/06/2026
174486;17/06/2026
177147;25/06/2026
177144;25/06/2026
40492;06/07/2026
177145;25/06/2026
181534;15/07/2026
40491;06/07/2026
181533;15/07/2026
180672;11/07/2026
180088;08/07/2026
181087;13/07/2026
179698;06/07/2026
181546;15/07/2026
181610;15/07/2026
184415;28/07/2026
187027;07/08/2026
186268;05/08/2026
184521;28/07/2026
186654;06/08/2026
186269;05/08/2026
186270;05/08/2026
184416;28/07/2026
187028;07/08/2026
143720;02/02/2026
143721;02/02/2026
151923;11/03/2026
151924;11/03/2026
157779;07/04/2026
173117;11/06/2026
173113;11/06/2026
173112;11/06/2026
180796;11/07/2026
187125;07/08/2026
187124;07/08/2026
187126;07/08/2026
138262;05/01/2026
138191;05/01/2026
138192;05/01/2026
138194;05/01/2026
138333;05/01/2026
138332;05/01/2026
138263;05/01/2026
138280;05/01/2026
138281;05/01/2026
138247;05/01/2026
138311;05/01/2026
138199;05/01/2026
138368;05/01/2026
138307;05/01/2026
138308;05/01/2026
138402;06/01/2026
138402;06/01/2026
138400;06/01/2026
138400;06/01/2026
138398;06/01/2026
138398;06/01/2026
138522;06/01/2026
138422;06/01/2026
138423;06/01/2026
138424;06/01/2026
38341;06/01/2026
38342;06/01/2026
138485;06/01/2026
38343;06/01/2026
38344;06/01/2026
138455;06/01/2026
138454;06/01/2026
138453;06/01/2026
38339;06/01/2026
38340;06/01/2026
138503;06/01/2026
138504;06/01/2026
138418;06/01/2026
138420;06/01/2026
138419;06/01/2026
138491;06/01/2026
138490;06/01/2026
138489;06/01/2026
138442;06/01/2026
138461;06/01/2026
38349;06/01/2026
138484;06/01/2026
138445;06/01/2026
138448;06/01/2026
303369;06/01/2026
303368;06/01/2026
138475;06/01/2026
138425;06/01/2026
138497;06/01/2026
138500;06/01/2026
138469;06/01/2026
138463;06/01/2026
138506;06/01/2026
138505;06/01/2026
138451;06/01/2026
138456;06/01/2026
138399;06/01/2026
138401;06/01/2026
138479;06/01/2026
138483;06/01/2026
138396;06/01/2026
138395;06/01/2026
138507;06/01/2026
138507;06/01/2026
138513;06/01/2026
138512;06/01/2026
138512;06/01/2026
138449;06/01/2026
138446;06/01/2026
138470;06/01/2026
38348;06/01/2026
138458;06/01/2026
138493;06/01/2026
138492;06/01/2026
138421;06/01/2026
138459;06/01/2026
138462;06/01/2026
138403;06/01/2026
138471;06/01/2026
138496;06/01/2026
38353;06/01/2026
138516;06/01/2026
38355;06/01/2026
138518;06/01/2026
38358;06/01/2026
38358;06/01/2026
138520;06/01/2026
138520;06/01/2026
38359;06/01/2026
38360;06/01/2026
138524;06/01/2026
38364;06/01/2026
138523;06/01/2026
138523;06/01/2026
138523;06/01/2026
138523;06/01/2026
38350;06/01/2026
138517;06/01/2026
38351;06/01/2026
38352;06/01/2026
138519;06/01/2026
38354;06/01/2026
138521;06/01/2026
38356;06/01/2026
38363;06/01/2026
38361;06/01/2026
38362;06/01/2026
38357;06/01/2026
138465;06/01/2026
38345;06/01/2026
138437;06/01/2026
138438;06/01/2026
138494;06/01/2026
138495;06/01/2026
138501;06/01/2026
138457;06/01/2026
138476;06/01/2026
138509;06/01/2026
38346;06/01/2026
38347;06/01/2026
138502;06/01/2026
138468;06/01/2026
138467;06/01/2026
138412;06/01/2026
138415;06/01/2026
138413;06/01/2026
138409;06/01/2026
138408;06/01/2026
138411;06/01/2026
138407;06/01/2026
138414;06/01/2026
138410;06/01/2026
138464;06/01/2026
138466;06/01/2026
138514;06/01/2026
138515;06/01/2026
138444;06/01/2026
138443;06/01/2026
138440;06/01/2026
138441;06/01/2026
138450;06/01/2026
138404;06/01/2026
138397;06/01/2026
138460;06/01/2026
138406;06/01/2026
138498;06/01/2026
138499;06/01/2026
138510;06/01/2026
138428;06/01/2026
138429;06/01/2026
138431;06/01/2026
138482;06/01/2026
138430;06/01/2026
138434;06/01/2026
138436;06/01/2026
138508;06/01/2026
138473;06/01/2026
138472;06/01/2026
138511;06/01/2026
138439;06/01/2026
138474;06/01/2026
138452;06/01/2026
138435;06/01/2026
138433;06/01/2026
138488;06/01/2026
138432;06/01/2026
138481;06/01/2026
138480;06/01/2026
138405;06/01/2026
138447;06/01/2026
15044;06/01/2026
138486;06/01/2026
138487;06/01/2026
138675;07/01/2026
138592;07/01/2026
138557;07/01/2026
138555;07/01/2026
138647;07/01/2026
138663;07/01/2026
138663;07/01/2026
138664;07/01/2026
138664;07/01/2026
138662;07/01/2026
138662;07/01/2026
138661;07/01/2026
138661;07/01/2026
138673;07/01/2026
138672;07/01/2026
138672;07/01/2026
138671;07/01/2026
138669;07/01/2026
138689;07/01/2026
138692;07/01/2026
138690;07/01/2026
138691;07/01/2026
138649;07/01/2026
138649;07/01/2026
138650;07/01/2026
138650;07/01/2026
138574;07/01/2026
138573;07/01/2026
138595;07/01/2026
138593;07/01/2026
138542;07/01/2026
138545;07/01/2026
138570;07/01/2026
138569;07/01/2026
138544;07/01/2026
138547;07/01/2026
138571;07/01/2026
138572;07/01/2026
138651;07/01/2026
138651;07/01/2026
138602;07/01/2026
138601;07/01/2026
138617;07/01/2026
138616;07/01/2026
138659;07/01/2026
138659;07/01/2026
138660;07/01/2026
138660;07/01/2026
138596;07/01/2026
138597;07/01/2026
138646;07/01/2026
138648;07/01/2026
138644;07/01/2026
138614;07/01/2026
138613;07/01/2026
138618;07/01/2026
138637;07/01/2026
138639;07/01/2026
138641;07/01/2026
138627;07/01/2026
138626;07/01/2026
138628;07/01/2026
138657;07/01/2026
138658;07/01/2026
138598;07/01/2026
138599;07/01/2026
138678;07/01/2026
138679;07/01/2026
38374;07/01/2026
138623;07/01/2026
138589;07/01/2026
138577;07/01/2026
138611;07/01/2026
138610;07/01/2026
138612;07/01/2026
15045;07/01/2026
138579;07/01/2026
138554;07/01/2026
138552;07/01/2026
138553;07/01/2026
138591;07/01/2026
138590;07/01/2026
138559;07/01/2026
138539;07/01/2026
138532;07/01/2026
138580;07/01/2026
138686;07/01/2026
138665;07/01/2026
138666;07/01/2026
138540;07/01/2026
138551;07/01/2026
138550;07/01/2026
138549;07/01/2026
138556;07/01/2026
138541;07/01/2026
138576;07/01/2026
138578;07/01/2026
138588;07/01/2026
138587;07/01/2026
138701;07/01/2026
138702;07/01/2026
138706;07/01/2026
138707;07/01/2026
138548;07/01/2026
138680;07/01/2026
138582;07/01/2026
138682;07/01/2026
138683;07/01/2026
138584;07/01/2026
138642;07/01/2026
138674;07/01/2026
138583;07/01/2026
138630;07/01/2026
138631;07/01/2026
138700;07/01/2026
138629;07/01/2026
138681;07/01/2026
15046;07/01/2026
138652;07/01/2026
138594;07/01/2026
138525;07/01/2026
138526;07/01/2026
138698;07/01/2026
138699;07/01/2026
138600;07/01/2026
138677;07/01/2026
138676;07/01/2026
138575;07/01/2026
138568;07/01/2026
138567;07/01/2026
138566;07/01/2026
138565;07/01/2026
138564;07/01/2026
138563;07/01/2026
138643;07/01/2026
138645;07/01/2026
138562;07/01/2026
138561;07/01/2026
138640;07/01/2026
138632;07/01/2026
138633;07/01/2026
138694;07/01/2026
138693;07/01/2026
138695;07/01/2026
138638;07/01/2026
138634;07/01/2026
138670;07/01/2026
138667;07/01/2026
138604;07/01/2026
138603;07/01/2026
138697;07/01/2026
138696;07/01/2026
138654;07/01/2026
138653;07/01/2026
138655;07/01/2026
138656;07/01/2026
138622;07/01/2026
138621;07/01/2026
138709;07/01/2026
138620;07/01/2026
138619;07/01/2026
138560;07/01/2026
138606;07/01/2026
138605;07/01/2026
138585;07/01/2026
138586;07/01/2026
138684;07/01/2026
138685;07/01/2026
138688;07/01/2026
138687;07/01/2026
138607;07/01/2026
138608;07/01/2026
138609;07/01/2026
138581;07/01/2026
138703;07/01/2026
138704;07/01/2026
138705;07/01/2026
138708;07/01/2026
138625;07/01/2026
138624;07/01/2026
138615;07/01/2026
138543;07/01/2026
138558;07/01/2026
138635;07/01/2026
138636;07/01/2026
138668;07/01/2026
138756;08/01/2026
138759;08/01/2026
138757;08/01/2026
138761;08/01/2026
138769;08/01/2026
138768;08/01/2026
138770;08/01/2026
38375;08/01/2026
38379;08/01/2026
38381;08/01/2026
38382;08/01/2026
38383;08/01/2026
38384;08/01/2026
38378;08/01/2026
38380;08/01/2026
138720;08/01/2026
138719;08/01/2026
138833;08/01/2026
138832;08/01/2026
138722;08/01/2026
138721;08/01/2026
138831;08/01/2026
138830;08/01/2026
138806;08/01/2026
138805;08/01/2026
138837;08/01/2026
138836;08/01/2026
138823;08/01/2026
138825;08/01/2026
138822;08/01/2026
138824;08/01/2026
138835;08/01/2026
138834;08/01/2026
138840;08/01/2026
138839;08/01/2026
138724;08/01/2026
138723;08/01/2026
138844;08/01/2026
138843;08/01/2026
138749;08/01/2026
138748;08/01/2026
138845;08/01/2026
138846;08/01/2026
138858;08/01/2026
138725;08/01/2026
138750;08/01/2026
138730;08/01/2026
138713;08/01/2026
138714;08/01/2026
38376;08/01/2026
38377;08/01/2026
138848;08/01/2026
138784;08/01/2026
138785;08/01/2026
138738;08/01/2026
138884;08/01/2026
138888;08/01/2026
138886;08/01/2026
138885;08/01/2026
138887;08/01/2026
138807;08/01/2026
138808;08/01/2026
138841;08/01/2026
138842;08/01/2026
138838;08/01/2026
138783;08/01/2026
138775;08/01/2026
138872;08/01/2026
138882;08/01/2026
138851;08/01/2026
138849;08/01/2026
138853;08/01/2026
138852;08/01/2026
138733;08/01/2026
138717;08/01/2026
138734;08/01/2026
138857;08/01/2026
138856;08/01/2026
138854;08/01/2026
138855;08/01/2026
138850;08/01/2026
138767;08/01/2026
138774;08/01/2026
138773;08/01/2026
138718;08/01/2026
138815;08/01/2026
138816;08/01/2026
138817;08/01/2026
138818;08/01/2026
138791;08/01/2026
138792;08/01/2026
138801;08/01/2026
15049;08/01/2026
138731;08/01/2026
138771;08/01/2026
138772;08/01/2026
138732;08/01/2026
138883;08/01/2026
138760;08/01/2026
138874;08/01/2026
138879;08/01/2026
138877;08/01/2026
138878;08/01/2026
138873;08/01/2026
138880;08/01/2026
15047;08/01/2026
138742;08/01/2026
138847;08/01/2026
138735;08/01/2026
138746;08/01/2026
138747;08/01/2026
138864;08/01/2026
138863;08/01/2026
138790;08/01/2026
138758;08/01/2026
138753;08/01/2026
138794;08/01/2026
138796;08/01/2026
138802;08/01/2026
138752;08/01/2026
138804;08/01/2026
138800;08/01/2026
38385;08/01/2026
38386;08/01/2026
138870;08/01/2026
138871;08/01/2026
138827;08/01/2026
138826;08/01/2026
138745;08/01/2026
138809;08/01/2026
138809;08/01/2026
138809;08/01/2026
138810;08/01/2026
138810;08/01/2026
138810;08/01/2026
138813;08/01/2026
138811;08/01/2026
138812;08/01/2026
138789;08/01/2026
138788;08/01/2026
138787;08/01/2026
138736;08/01/2026
138737;08/01/2026
138820;08/01/2026
138821;08/01/2026
138869;08/01/2026
138890;08/01/2026
138889;08/01/2026
138819;08/01/2026
138875;08/01/2026
138876;08/01/2026
138798;08/01/2026
138799;08/01/2026
138795;08/01/2026
138729;08/01/2026
138728;08/01/2026
138828;08/01/2026
138829;08/01/2026
138868;08/01/2026
138797;08/01/2026
138766;08/01/2026
138765;08/01/2026
138762;08/01/2026
138710;08/01/2026
138755;08/01/2026
138754;08/01/2026
138711;08/01/2026
138712;08/01/2026
138786;08/01/2026
138881;08/01/2026
138751;08/01/2026
138739;08/01/2026
138859;08/01/2026
138860;08/01/2026
138740;08/01/2026
138727;08/01/2026
138861;08/01/2026
138803;08/01/2026
138814;08/01/2026
138763;08/01/2026
138764;08/01/2026
138862;08/01/2026
138865;08/01/2026
138867;08/01/2026
138866;08/01/2026
138715;08/01/2026
138716;08/01/2026
138726;08/01/2026
138990;09/01/2026
138913;09/01/2026
138940;09/01/2026
138941;09/01/2026
138942;09/01/2026
138980;09/01/2026
139037;09/01/2026
139036;09/01/2026
139035;09/01/2026
139049;09/01/2026
138981;09/01/2026
138982;09/01/2026
138983;09/01/2026
138983;09/01/2026
138983;09/01/2026
138984;09/01/2026
138984;09/01/2026
138984;09/01/2026
138987;09/01/2026
138985;09/01/2026
138936;09/01/2026
138943;09/01/2026
139047;09/01/2026
139048;09/01/2026
38387;09/01/2026
138953;09/01/2026
139046;09/01/2026
138919;09/01/2026
138963;09/01/2026
138963;09/01/2026
138902;09/01/2026
138901;09/01/2026
138932;09/01/2026
139034;09/01/2026
139033;09/01/2026
138978;09/01/2026
138988;09/01/2026
138989;09/01/2026
138899;09/01/2026
138897;09/01/2026
139001;09/01/2026
139038;09/01/2026
15051;09/01/2026
138917;09/01/2026
138945;09/01/2026
139042;09/01/2026
138979;09/01/2026
139014;09/01/2026
138954;09/01/2026
139013;09/01/2026
138947;09/01/2026
138904;09/01/2026
138896;09/01/2026
138946;09/01/2026
138948;09/01/2026
138951;09/01/2026
138952;09/01/2026
138998;09/01/2026
138997;09/01/2026
138991;09/01/2026
138992;09/01/2026
138929;09/01/2026
138930;09/01/2026
139045;09/01/2026
139043;09/01/2026
139044;09/01/2026
138969;09/01/2026
138971;09/01/2026
38388;09/01/2026
138937;09/01/2026
138938;09/01/2026
139019;09/01/2026
139016;09/01/2026
139020;09/01/2026
139018;09/01/2026
139017;09/01/2026
139041;09/01/2026
138916;09/01/2026
138912;09/01/2026
138914;09/01/2026
138915;09/01/2026
138893;09/01/2026
138892;09/01/2026
138891;09/01/2026
138895;09/01/2026
138894;09/01/2026
138923;09/01/2026
138921;09/01/2026
138920;09/01/2026
138918;09/01/2026
138909;09/01/2026
138911;09/01/2026
138922;09/01/2026
138924;09/01/2026
138960;09/01/2026
138972;09/01/2026
138957;09/01/2026
139015;09/01/2026
139006;09/01/2026
138999;09/01/2026
139004;09/01/2026
139000;09/01/2026
138967;09/01/2026
138965;09/01/2026
139029;09/01/2026
139026;09/01/2026
139027;09/01/2026
139027;09/01/2026
139025;09/01/2026
139025;09/01/2026
139028;09/01/2026
139030;09/01/2026
139040;09/01/2026
139039;09/01/2026
138995;09/01/2026
138996;09/01/2026
140410;09/01/2026
138927;09/01/2026
138925;09/01/2026
138977;09/01/2026
138977;09/01/2026
138976;09/01/2026
138976;09/01/2026
138975;09/01/2026
138975;09/01/2026
138955;09/01/2026
138956;09/01/2026
138974;09/01/2026
138973;09/01/2026
139009;09/01/2026
139011;09/01/2026
139005;09/01/2026
139012;09/01/2026
138900;09/01/2026
138898;09/01/2026
139031;09/01/2026
139032;09/01/2026
140983;09/01/2026
139002;09/01/2026
138944;09/01/2026
138950;09/01/2026
138994;09/01/2026
138993;09/01/2026
138934;09/01/2026
138935;09/01/2026
138933;09/01/2026
139003;09/01/2026
139010;09/01/2026
139008;09/01/2026
139007;09/01/2026
138970;09/01/2026
138962;09/01/2026
138961;09/01/2026
138958;09/01/2026
138928;09/01/2026
138931;09/01/2026
138926;09/01/2026
139024;09/01/2026
139023;09/01/2026
139022;09/01/2026
139021;09/01/2026
138986;09/01/2026
138949;09/01/2026
138968;09/01/2026
138968;09/01/2026
138966;09/01/2026
138966;09/01/2026
138964;09/01/2026
138964;09/01/2026
138959;09/01/2026
138959;09/01/2026
138903;09/01/2026
138905;09/01/2026
138907;09/01/2026
138939;09/01/2026
138906;09/01/2026
138908;09/01/2026
138910;09/01/2026
139158;12/01/2026
139159;12/01/2026
139160;12/01/2026
139105;12/01/2026
139106;12/01/2026
139183;12/01/2026
139181;12/01/2026
38409;12/01/2026
38408;12/01/2026
38442;12/01/2026
38443;12/01/2026
38406;12/01/2026
38407;12/01/2026
38398;12/01/2026
38399;12/01/2026
38436;12/01/2026
38437;12/01/2026
38396;12/01/2026
38397;12/01/2026
38422;12/01/2026
38423;12/01/2026
38426;12/01/2026
38425;12/01/2026
38412;12/01/2026
38413;12/01/2026
38411;12/01/2026
38411;12/01/2026
38410;12/01/2026
38410;12/01/2026
38445;12/01/2026
38445;12/01/2026
38447;12/01/2026
38447;12/01/2026
38418;12/01/2026
38420;12/01/2026
38403;12/01/2026
38402;12/01/2026
38435;12/01/2026
38434;12/01/2026
38427;12/01/2026
38428;12/01/2026
38405;12/01/2026
38404;12/01/2026
38419;12/01/2026
38421;12/01/2026
38440;12/01/2026
38441;12/01/2026
139170;12/01/2026
139171;12/01/2026
38446;12/01/2026
38444;12/01/2026
38416;12/01/2026
38414;12/01/2026
139198;12/01/2026
139199;12/01/2026
139192;12/01/2026
38424;12/01/2026
139167;12/01/2026
38431;12/01/2026
139182;12/01/2026
139101;12/01/2026
139100;12/01/2026
139092;12/01/2026
139096;12/01/2026
139095;12/01/2026
139093;12/01/2026
139094;12/01/2026
139062;12/01/2026
139062;12/01/2026
139061;12/01/2026
139061;12/01/2026
139190;12/01/2026
139191;12/01/2026
139173;12/01/2026
139172;12/01/2026
139177;12/01/2026
139175;12/01/2026
139178;12/01/2026
139176;12/01/2026
38400;12/01/2026
139180;12/01/2026
139197;12/01/2026
139179;12/01/2026
139084;12/01/2026
139134;12/01/2026
139132;12/01/2026
139082;12/01/2026
139110;12/01/2026
139150;12/01/2026
139149;12/01/2026
139151;12/01/2026
139148;12/01/2026
139152;12/01/2026
139147;12/01/2026
139147;12/01/2026
139146;12/01/2026
139142;12/01/2026
139141;12/01/2026
139144;12/01/2026
139145;12/01/2026
139143;12/01/2026
139140;12/01/2026
139138;12/01/2026
139138;12/01/2026
139139;12/01/2026
139139;12/01/2026
139137;12/01/2026
139137;12/01/2026
139136;12/01/2026
139136;12/01/2026
139089;12/01/2026
38401;12/01/2026
139081;12/01/2026
139080;12/01/2026
139115;12/01/2026
139116;12/01/2026
139200;12/01/2026
139078;12/01/2026
139090;12/01/2026
139079;12/01/2026
139086;12/01/2026
139189;12/01/2026
139185;12/01/2026
139193;12/01/2026
139201;12/01/2026
139203;12/01/2026
139202;12/01/2026
139196;12/01/2026
139120;12/01/2026
139121;12/01/2026
139108;12/01/2026
139107;12/01/2026
139154;12/01/2026
139156;12/01/2026
139155;12/01/2026
139153;12/01/2026
139162;12/01/2026
139161;12/01/2026
139097;12/01/2026
139098;12/01/2026
139099;12/01/2026
139119;12/01/2026
139118;12/01/2026
139117;12/01/2026
139125;12/01/2026
139127;12/01/2026
38417;12/01/2026
139174;12/01/2026
139122;12/01/2026
139085;12/01/2026
139083;12/01/2026
139124;12/01/2026
139195;12/01/2026
139126;12/01/2026
139123;12/01/2026
139194;12/01/2026
139168;12/01/2026
38448;12/01/2026
139135;12/01/2026
139133;12/01/2026
139130;12/01/2026
139131;12/01/2026
139128;12/01/2026
139129;12/01/2026
38395;12/01/2026
38438;12/01/2026
38439;12/01/2026
139186;12/01/2026
139187;12/01/2026
139184;12/01/2026
38430;12/01/2026
38429;12/01/2026
38432;12/01/2026
38433;12/01/2026
139113;12/01/2026
139114;12/01/2026
139164;12/01/2026
139163;12/01/2026
139166;12/01/2026
139165;12/01/2026
139073;12/01/2026
139074;12/01/2026
139112;12/01/2026
139111;12/01/2026
139076;12/01/2026
139075;12/01/2026
139103;12/01/2026
139104;12/01/2026
139102;12/01/2026
139188;12/01/2026
139091;12/01/2026
139109;12/01/2026
38415;12/01/2026
139399;13/01/2026
139400;13/01/2026
139401;13/01/2026
139442;13/01/2026
139442;13/01/2026
139441;13/01/2026
139441;13/01/2026
139276;13/01/2026
139277;13/01/2026
139444;13/01/2026
139444;13/01/2026
139443;13/01/2026
139443;13/01/2026
139234;13/01/2026
139249;13/01/2026
139257;13/01/2026
139392;13/01/2026
139390;13/01/2026
139393;13/01/2026
139391;13/01/2026
139204;13/01/2026
139419;13/01/2026
139420;13/01/2026
139383;13/01/2026
139380;13/01/2026
139307;13/01/2026
139314;13/01/2026
38457;13/01/2026
38456;13/01/2026
38483;13/01/2026
38482;13/01/2026
38461;13/01/2026
38462;13/01/2026
38459;13/01/2026
38459;13/01/2026
38458;13/01/2026
38458;13/01/2026
38474;13/01/2026
38473;13/01/2026
38485;13/01/2026
38467;13/01/2026
38468;13/01/2026
139421;13/01/2026
139422;13/01/2026
38466;13/01/2026
38481;13/01/2026
38480;13/01/2026
38460;13/01/2026
38463;13/01/2026
38487;13/01/2026
38486;13/01/2026
38455;13/01/2026
38454;13/01/2026
38453;13/01/2026
38453;13/01/2026
38452;13/01/2026
38452;13/01/2026
38452;13/01/2026
38490;13/01/2026
38489;13/01/2026
38488;13/01/2026
38470;13/01/2026
38469;13/01/2026
38484;13/01/2026
38472;13/01/2026
38471;13/01/2026
38450;13/01/2026
38451;13/01/2026
38464;13/01/2026
139342;13/01/2026
38465;13/01/2026
139341;13/01/2026
139315;13/01/2026
139404;13/01/2026
139316;13/01/2026
139311;13/01/2026
139446;13/01/2026
139325;13/01/2026
139369;13/01/2026
139370;13/01/2026
139371;13/01/2026
139414;13/01/2026
139416;13/01/2026
139372;13/01/2026
139397;13/01/2026
139351;13/01/2026
139358;13/01/2026
139310;13/01/2026
139376;13/01/2026
139374;13/01/2026
139377;13/01/2026
139467;13/01/2026
139469;13/01/2026
139284;13/01/2026
139285;13/01/2026
139396;13/01/2026
139395;13/01/2026
139238;13/01/2026
139252;13/01/2026
139247;13/01/2026
139258;13/01/2026
139229;13/01/2026
139255;13/01/2026
139245;13/01/2026
139261;13/01/2026
139246;13/01/2026
139262;13/01/2026
139260;13/01/2026
139230;13/01/2026
139264;13/01/2026
139239;13/01/2026
139256;13/01/2026
139240;13/01/2026
139263;13/01/2026
139231;13/01/2026
139265;13/01/2026
139241;13/01/2026
139268;13/01/2026
139273;13/01/2026
139267;13/01/2026
139269;13/01/2026
139364;13/01/2026
139363;13/01/2026
139382;13/01/2026
139381;13/01/2026
139356;13/01/2026
139355;13/01/2026
139473;13/01/2026
139278;13/01/2026
139413;13/01/2026
139418;13/01/2026
139313;13/01/2026
139274;13/01/2026
139275;13/01/2026
139244;13/01/2026
139271;13/01/2026
139272;13/01/2026
139227;13/01/2026
139253;13/01/2026
139266;13/01/2026
139432;13/01/2026
139434;13/01/2026
139435;13/01/2026
139433;13/01/2026
139330;13/01/2026
139328;13/01/2026
139436;13/01/2026
139437;13/01/2026
139438;13/01/2026
139329;13/01/2026
139327;13/01/2026
139326;13/01/2026
139331;13/01/2026
139288;13/01/2026
139291;13/01/2026
139292;13/01/2026
139293;13/01/2026
139462;13/01/2026
139461;13/01/2026
139354;13/01/2026
139353;13/01/2026
139460;13/01/2026
139476;13/01/2026
139463;13/01/2026
139406;13/01/2026
139405;13/01/2026
139407;13/01/2026
139309;13/01/2026
139221;13/01/2026
139450;13/01/2026
139452;13/01/2026
139212;13/01/2026
139211;13/01/2026
139213;13/01/2026
139210;13/01/2026
139208;13/01/2026
139207;13/01/2026
139209;13/01/2026
139335;13/01/2026
139336;13/01/2026
139324;13/01/2026
139323;13/01/2026
139448;13/01/2026
139447;13/01/2026
139445;13/01/2026
139214;13/01/2026
139279;13/01/2026
139398;13/01/2026
139394;13/01/2026
139378;13/01/2026
139408;13/01/2026
139338;13/01/2026
139219;13/01/2026
139361;13/01/2026
139360;13/01/2026
139280;13/01/2026
139281;13/01/2026
139430;13/01/2026
139428;13/01/2026
139429;13/01/2026
139411;13/01/2026
139410;13/01/2026
139479;13/01/2026
139482;13/01/2026
139481;13/01/2026
139480;13/01/2026
139352;13/01/2026
139248;13/01/2026
139312;13/01/2026
139346;13/01/2026
139347;13/01/2026
139218;13/01/2026
139215;13/01/2026
139333;13/01/2026
139349;13/01/2026
139348;13/01/2026
139216;13/01/2026
139217;13/01/2026
139431;13/01/2026
139295;13/01/2026
139294;13/01/2026
139472;13/01/2026
139366;13/01/2026
139367;13/01/2026
139368;13/01/2026
139270;13/01/2026
139299;13/01/2026
139299;13/01/2026
139226;13/01/2026
139440;13/01/2026
139439;13/01/2026
139225;13/01/2026
38477;13/01/2026
139283;13/01/2026
139282;13/01/2026
139222;13/01/2026
139223;13/01/2026
139306;13/01/2026
139306;13/01/2026
139475;13/01/2026
139474;13/01/2026
139458;13/01/2026
139459;13/01/2026
139478;13/01/2026
139477;13/01/2026
139415;13/01/2026
139389;13/01/2026
139357;13/01/2026
139359;13/01/2026
139373;13/01/2026
139379;13/01/2026
139412;13/01/2026
139417;13/01/2026
139362;13/01/2026
139365;13/01/2026
139339;13/01/2026
139337;13/01/2026
139451;13/01/2026
139454;13/01/2026
139403;13/01/2026
139457;13/01/2026
139423;13/01/2026
139375;13/01/2026
139318;13/01/2026
139321;13/01/2026
139320;13/01/2026
139319;13/01/2026
139296;13/01/2026
139297;13/01/2026
139449;13/01/2026
139453;13/01/2026
139387;13/01/2026
139386;13/01/2026
139388;13/01/2026
139385;13/01/2026
139289;13/01/2026
139290;13/01/2026
139455;13/01/2026
139456;13/01/2026
139424;13/01/2026
139426;13/01/2026
139425;13/01/2026
139340;13/01/2026
139236;13/01/2026
139250;13/01/2026
139232;13/01/2026
139254;13/01/2026
139242;13/01/2026
139237;13/01/2026
139233;13/01/2026
139228;13/01/2026
139251;13/01/2026
139259;13/01/2026
139235;13/01/2026
139350;13/01/2026
139468;13/01/2026
139466;13/01/2026
139287;13/01/2026
139286;13/01/2026
38475;13/01/2026
139344;13/01/2026
139345;13/01/2026
139464;13/01/2026
139465;13/01/2026
139470;13/01/2026
139471;13/01/2026
139427;13/01/2026
38479;13/01/2026
38478;13/01/2026
139224;13/01/2026
38476;13/01/2026
139308;13/01/2026
139402;13/01/2026
139384;13/01/2026
139243;13/01/2026
139205;13/01/2026
139206;13/01/2026
303424;13/01/2026
303425;13/01/2026
139220;13/01/2026
139343;13/01/2026
139322;13/01/2026
139300;13/01/2026
139334;13/01/2026
139332;13/01/2026
139409;13/01/2026
139761;14/01/2026
139760;14/01/2026
139562;14/01/2026
139573;14/01/2026
139585;14/01/2026
139588;14/01/2026
38502;14/01/2026
38498;14/01/2026
38499;14/01/2026
38500;14/01/2026
139483;14/01/2026
139484;14/01/2026
139485;14/01/2026
139486;14/01/2026
38494;14/01/2026
38495;14/01/2026
38496;14/01/2026
38497;14/01/2026
139586;14/01/2026
139587;14/01/2026
139591;14/01/2026
139590;14/01/2026
38492;14/01/2026
38493;14/01/2026
139571;14/01/2026
139574;14/01/2026
139536;14/01/2026
139487;14/01/2026
139650;14/01/2026
139535;14/01/2026
139488;14/01/2026
139669;14/01/2026
139548;14/01/2026
139685;14/01/2026
139686;14/01/2026
139687;14/01/2026
139690;14/01/2026
139691;14/01/2026
139726;14/01/2026
139725;14/01/2026
15052;14/01/2026
139517;14/01/2026
139513;14/01/2026
139625;14/01/2026
139626;14/01/2026
139530;14/01/2026
139529;14/01/2026
139633;14/01/2026
139632;14/01/2026
139492;14/01/2026
139491;14/01/2026
139753;14/01/2026
139755;14/01/2026
139630;14/01/2026
139630;14/01/2026
139630;14/01/2026
139629;14/01/2026
139629;14/01/2026
139629;14/01/2026
139531;14/01/2026
139583;14/01/2026
139567;14/01/2026
139568;14/01/2026
139569;14/01/2026
139501;14/01/2026
139498;14/01/2026
139525;14/01/2026
139524;14/01/2026
139544;14/01/2026
139549;14/01/2026
139534;14/01/2026
139533;14/01/2026
139543;14/01/2026
139546;14/01/2026
139506;14/01/2026
139506;14/01/2026
139506;14/01/2026
139505;14/01/2026
139505;14/01/2026
139505;14/01/2026
139727;14/01/2026
139731;14/01/2026
139734;14/01/2026
139729;14/01/2026
139739;14/01/2026
139608;14/01/2026
139572;14/01/2026
139532;14/01/2026
139577;14/01/2026
139528;14/01/2026
139764;14/01/2026
139732;14/01/2026
139733;14/01/2026
139557;14/01/2026
139493;14/01/2026
139579;14/01/2026
139578;14/01/2026
139519;14/01/2026
139516;14/01/2026
139502;14/01/2026
139499;14/01/2026
139663;14/01/2026
139658;14/01/2026
139699;14/01/2026
139700;14/01/2026
139671;14/01/2026
139674;14/01/2026
139672;14/01/2026
139675;14/01/2026
139673;14/01/2026
139676;14/01/2026
139662;14/01/2026
139683;14/01/2026
139684;14/01/2026
139508;14/01/2026
139580;14/01/2026
139736;14/01/2026
139737;14/01/2026
139556;14/01/2026
139688;14/01/2026
139689;14/01/2026
139595;14/01/2026
139644;14/01/2026
139641;14/01/2026
139490;14/01/2026
139576;14/01/2026
139575;14/01/2026
139515;14/01/2026
139510;14/01/2026
139664;14/01/2026
139657;14/01/2026
139660;14/01/2026
139659;14/01/2026
139545;14/01/2026
139721;14/01/2026
139717;14/01/2026
139718;14/01/2026
139494;14/01/2026
139495;14/01/2026
139743;14/01/2026
139745;14/01/2026
139746;14/01/2026
139741;14/01/2026
139742;14/01/2026
139716;14/01/2026
139713;14/01/2026
139710;14/01/2026
139712;14/01/2026
139711;14/01/2026
139747;14/01/2026
139747;14/01/2026
139748;14/01/2026
139748;14/01/2026
139744;14/01/2026
139744;14/01/2026
139692;14/01/2026
139693;14/01/2026
139694;14/01/2026
139697;14/01/2026
139698;14/01/2026
139611;14/01/2026
139611;14/01/2026
139613;14/01/2026
139613;14/01/2026
139612;14/01/2026
139612;14/01/2026
139719;14/01/2026
139723;14/01/2026
139722;14/01/2026
139496;14/01/2026
139497;14/01/2026
139512;14/01/2026
139514;14/01/2026
139667;14/01/2026
139668;14/01/2026
139665;14/01/2026
139666;14/01/2026
139670;14/01/2026
139640;14/01/2026
139637;14/01/2026
139527;14/01/2026
139714;14/01/2026
139511;14/01/2026
139614;14/01/2026
139614;14/01/2026
139615;14/01/2026
139615;14/01/2026
139526;14/01/2026
139638;14/01/2026
139636;14/01/2026
139752;14/01/2026
139763;14/01/2026
139617;14/01/2026
139620;14/01/2026
139750;14/01/2026
139639;14/01/2026
139597;14/01/2026
139600;14/01/2026
139601;14/01/2026
139704;14/01/2026
139706;14/01/2026
139559;14/01/2026
139558;14/01/2026
139647;14/01/2026
139762;14/01/2026
139594;14/01/2026
139593;14/01/2026
139537;14/01/2026
139538;14/01/2026
139551;14/01/2026
139553;14/01/2026
139503;14/01/2026
139500;14/01/2026
139547;14/01/2026
139541;14/01/2026
139709;14/01/2026
139709;14/01/2026
139715;14/01/2026
139715;14/01/2026
139735;14/01/2026
139730;14/01/2026
139677;14/01/2026
139489;14/01/2026
139539;14/01/2026
139682;14/01/2026
139598;14/01/2026
139627;14/01/2026
139751;14/01/2026
139507;14/01/2026
139552;14/01/2026
139695;14/01/2026
139695;14/01/2026
139696;14/01/2026
139696;14/01/2026
139678;14/01/2026
139679;14/01/2026
139651;14/01/2026
139653;14/01/2026
139754;14/01/2026
139758;14/01/2026
139756;14/01/2026
139757;14/01/2026
139624;14/01/2026
139628;14/01/2026
139566;14/01/2026
139565;14/01/2026
139560;14/01/2026
139561;14/01/2026
139509;14/01/2026
139523;14/01/2026
139523;14/01/2026
139521;14/01/2026
139522;14/01/2026
139635;14/01/2026
139634;14/01/2026
139708;14/01/2026
139707;14/01/2026
139701;14/01/2026
139702;14/01/2026
139703;14/01/2026
139705;14/01/2026
139518;14/01/2026
139616;14/01/2026
139720;14/01/2026
139619;14/01/2026
139724;14/01/2026
139724;14/01/2026
139724;14/01/2026
139589;14/01/2026
139749;14/01/2026
139656;14/01/2026
139648;14/01/2026
139655;14/01/2026
139652;14/01/2026
139649;14/01/2026
139654;14/01/2026
139581;14/01/2026
139621;14/01/2026
139622;14/01/2026
139618;14/01/2026
139605;14/01/2026
139604;14/01/2026
139643;14/01/2026
139582;14/01/2026
139584;14/01/2026
139631;14/01/2026
139623;14/01/2026
139646;14/01/2026
139645;14/01/2026
139520;14/01/2026
139642;14/01/2026
139759;14/01/2026
139681;14/01/2026
139680;14/01/2026
139540;14/01/2026
139542;14/01/2026
139603;14/01/2026
139740;14/01/2026
139738;14/01/2026
139728;14/01/2026
139610;14/01/2026
139609;14/01/2026
139504;14/01/2026
139550;14/01/2026
139661;14/01/2026
139570;14/01/2026
139592;14/01/2026
139596;14/01/2026
38511;15/01/2026
303442;15/01/2026
140006;15/01/2026
140005;15/01/2026
139834;15/01/2026
139833;15/01/2026
139832;15/01/2026
140004;15/01/2026
38505;15/01/2026
38507;15/01/2026
140008;15/01/2026
38506;15/01/2026
140009;15/01/2026
38509;15/01/2026
38510;15/01/2026
139869;15/01/2026
139870;15/01/2026
139872;15/01/2026
139871;15/01/2026
139873;15/01/2026
139786;15/01/2026
139787;15/01/2026
139788;15/01/2026
139906;15/01/2026
139907;15/01/2026
139908;15/01/2026
38504;15/01/2026
38508;15/01/2026
139847;15/01/2026
139845;15/01/2026
139902;15/01/2026
139939;15/01/2026
139904;15/01/2026
139802;15/01/2026
139938;15/01/2026
139915;15/01/2026
139986;15/01/2026
139992;15/01/2026
139994;15/01/2026
139946;15/01/2026
139947;15/01/2026
139806;15/01/2026
139807;15/01/2026
139920;15/01/2026
139817;15/01/2026
139820;15/01/2026
139912;15/01/2026
139910;15/01/2026
139911;15/01/2026
139813;15/01/2026
139815;15/01/2026
139881;15/01/2026
139898;15/01/2026
139811;15/01/2026
139810;15/01/2026
140014;15/01/2026
140015;15/01/2026
139929;15/01/2026
139839;15/01/2026
139839;15/01/2026
139838;15/01/2026
139838;15/01/2026
139855;15/01/2026
139851;15/01/2026
139848;15/01/2026
139848;15/01/2026
139849;15/01/2026
139849;15/01/2026
139854;15/01/2026
139850;15/01/2026
139875;15/01/2026
139876;15/01/2026
139909;15/01/2026
139996;15/01/2026
139942;15/01/2026
139957;15/01/2026
139816;15/01/2026
139805;15/01/2026
139785;15/01/2026
139952;15/01/2026
139953;15/01/2026
139954;15/01/2026
139955;15/01/2026
139769;15/01/2026
139842;15/01/2026
139879;15/01/2026
139840;15/01/2026
139878;15/01/2026
139951;15/01/2026
139874;15/01/2026
139814;15/01/2026
139861;15/01/2026
139858;15/01/2026
139792;15/01/2026
139883;15/01/2026
140010;15/01/2026
139948;15/01/2026
139830;15/01/2026
139831;15/01/2026
139829;15/01/2026
139828;15/01/2026
139826;15/01/2026
139827;15/01/2026
139993;15/01/2026
139993;15/01/2026
139995;15/01/2026
139995;15/01/2026
139934;15/01/2026
139932;15/01/2026
139950;15/01/2026
139818;15/01/2026
139819;15/01/2026
139926;15/01/2026
139803;15/01/2026
139804;15/01/2026
139888;15/01/2026
139888;15/01/2026
139922;15/01/2026
139923;15/01/2026
139924;15/01/2026
139925;15/01/2026
139768;15/01/2026
140003;15/01/2026
139782;15/01/2026
139905;15/01/2026
140013;15/01/2026
139860;15/01/2026
140000;15/01/2026
139885;15/01/2026
139886;15/01/2026
139887;15/01/2026
139884;15/01/2026
139983;15/01/2026
139982;15/01/2026
139981;15/01/2026
139864;15/01/2026
139863;15/01/2026
139867;15/01/2026
139794;15/01/2026
139796;15/01/2026
139795;15/01/2026
139793;15/01/2026
139971;15/01/2026
139972;15/01/2026
139973;15/01/2026
139822;15/01/2026
139823;15/01/2026
139821;15/01/2026
140011;15/01/2026
140012;15/01/2026
139935;15/01/2026
139931;15/01/2026
139933;15/01/2026
139866;15/01/2026
139862;15/01/2026
139868;15/01/2026
139897;15/01/2026
139765;15/01/2026
139766;15/01/2026
139801;15/01/2026
139800;15/01/2026
139809;15/01/2026
139880;15/01/2026
139944;15/01/2026
139949;15/01/2026
139943;15/01/2026
139767;15/01/2026
139857;15/01/2026
139976;15/01/2026
139975;15/01/2026
139945;15/01/2026
139835;15/01/2026
139836;15/01/2026
139837;15/01/2026
139812;15/01/2026
139896;15/01/2026
139895;15/01/2026
139899;15/01/2026
139913;15/01/2026
139914;15/01/2026
139956;15/01/2026
139852;15/01/2026
139852;15/01/2026
139853;15/01/2026
139853;15/01/2026
139841;15/01/2026
139901;15/01/2026
139903;15/01/2026
139978;15/01/2026
139980;15/01/2026
139783;15/01/2026
139784;15/01/2026
139825;15/01/2026
139824;15/01/2026
139977;15/01/2026
139979;15/01/2026
139916;15/01/2026
139917;15/01/2026
139781;15/01/2026
139780;15/01/2026
140007;15/01/2026
139882;15/01/2026
139937;15/01/2026
139856;15/01/2026
139865;15/01/2026
139969;15/01/2026
139921;15/01/2026
139999;15/01/2026
139778;15/01/2026
139941;15/01/2026
139808;15/01/2026
139965;15/01/2026
139844;15/01/2026
139974;15/01/2026
140002;15/01/2026
139877;15/01/2026
139961;15/01/2026
139962;15/01/2026
139936;15/01/2026
139859;15/01/2026
139770;15/01/2026
139777;15/01/2026
139928;15/01/2026
139927;15/01/2026
139789;15/01/2026
139791;15/01/2026
139790;15/01/2026
139997;15/01/2026
139960;15/01/2026
139959;15/01/2026
139958;15/01/2026
139889;15/01/2026
139843;15/01/2026
139772;15/01/2026
139771;15/01/2026
139771;15/01/2026
139774;15/01/2026
139774;15/01/2026
139779;15/01/2026
139779;15/01/2026
139776;15/01/2026
139776;15/01/2026
139775;15/01/2026
139775;15/01/2026
139990;15/01/2026
139988;15/01/2026
139991;15/01/2026
139989;15/01/2026
139846;15/01/2026
139797;15/01/2026
139798;15/01/2026
139799;15/01/2026
139919;15/01/2026
140001;15/01/2026
139998;15/01/2026
139963;15/01/2026
139968;15/01/2026
139970;15/01/2026
139987;15/01/2026
139984;15/01/2026
139985;15/01/2026
139967;15/01/2026
139966;15/01/2026
139773;15/01/2026
139918;15/01/2026
139940;15/01/2026
139964;15/01/2026
139930;15/01/2026
38514;16/01/2026
38517;16/01/2026
38518;16/01/2026
38513;16/01/2026
38516;16/01/2026
140194;16/01/2026
140195;16/01/2026
140122;16/01/2026
38521;16/01/2026
38522;16/01/2026
38524;16/01/2026
38525;16/01/2026
38526;16/01/2026
140124;16/01/2026
140125;16/01/2026
140126;16/01/2026
38530;16/01/2026
38531;16/01/2026
38532;16/01/2026
38533;16/01/2026
38523;16/01/2026
140209;16/01/2026
140210;16/01/2026
140211;16/01/2026
38527;16/01/2026
38528;16/01/2026
38529;16/01/2026
38515;16/01/2026
140168;16/01/2026
140167;16/01/2026
140072;16/01/2026
140070;16/01/2026
140071;16/01/2026
140073;16/01/2026
140069;16/01/2026
140112;16/01/2026
140037;16/01/2026
140171;16/01/2026
140170;16/01/2026
140090;16/01/2026
140091;16/01/2026
140093;16/01/2026
140092;16/01/2026
140077;16/01/2026
140078;16/01/2026
140114;16/01/2026
140081;16/01/2026
140079;16/01/2026
140080;16/01/2026
140086;16/01/2026
140086;16/01/2026
140085;16/01/2026
140085;16/01/2026
140031;16/01/2026
140030;16/01/2026
140121;16/01/2026
140119;16/01/2026
140139;16/01/2026
140140;16/01/2026
140135;16/01/2026
140135;16/01/2026
140134;16/01/2026
140134;16/01/2026
140106;16/01/2026
140107;16/01/2026
140128;16/01/2026
140129;16/01/2026
140141;16/01/2026
140117;16/01/2026
140116;16/01/2026
38520;16/01/2026
140087;16/01/2026
140136;16/01/2026
140136;16/01/2026
140082;16/01/2026
140016;16/01/2026
140127;16/01/2026
140169;16/01/2026
140023;16/01/2026
140055;16/01/2026
140048;16/01/2026
140108;16/01/2026
140098;16/01/2026
140109;16/01/2026
38512;16/01/2026
140066;16/01/2026
140156;16/01/2026
140155;16/01/2026
140158;16/01/2026
140157;16/01/2026
140162;16/01/2026
140161;16/01/2026
140022;16/01/2026
140019;16/01/2026
140025;16/01/2026
140024;16/01/2026
140017;16/01/2026
140018;16/01/2026
140032;16/01/2026
140033;16/01/2026
140159;16/01/2026
140160;16/01/2026
140035;16/01/2026
140036;16/01/2026
140034;16/01/2026
140154;16/01/2026
140149;16/01/2026
140152;16/01/2026
140148;16/01/2026
140153;16/01/2026
140150;16/01/2026
140020;16/01/2026
140021;16/01/2026
140131;16/01/2026
140130;16/01/2026
140062;16/01/2026
140056;16/01/2026
140028;16/01/2026
140200;16/01/2026
140201;16/01/2026
140202;16/01/2026
140029;16/01/2026
140027;16/01/2026
140203;16/01/2026
140204;16/01/2026
140100;16/01/2026
140113;16/01/2026
140026;16/01/2026
140183;16/01/2026
140184;16/01/2026
140058;16/01/2026
140063;16/01/2026
140143;16/01/2026
140075;16/01/2026
140074;16/01/2026
140076;16/01/2026
140177;16/01/2026
140176;16/01/2026
140175;16/01/2026
140174;16/01/2026
140180;16/01/2026
140179;16/01/2026
140178;16/01/2026
140138;16/01/2026
140103;16/01/2026
140040;16/01/2026
140039;16/01/2026
140038;16/01/2026
140041;16/01/2026
140042;16/01/2026
140089;16/01/2026
140181;16/01/2026
140060;16/01/2026
140192;16/01/2026
140193;16/01/2026
140057;16/01/2026
140105;16/01/2026
140104;16/01/2026
140065;16/01/2026
140064;16/01/2026
140084;16/01/2026
140083;16/01/2026
140142;16/01/2026
140205;16/01/2026
140206;16/01/2026
140207;16/01/2026
140208;16/01/2026
140110;16/01/2026
140059;16/01/2026
140061;16/01/2026
140044;16/01/2026
140043;16/01/2026
140067;16/01/2026
140068;16/01/2026
140046;16/01/2026
140045;16/01/2026
140137;16/01/2026
140051;16/01/2026
140053;16/01/2026
140054;16/01/2026
140115;16/01/2026
140118;16/01/2026
140190;16/01/2026
140191;16/01/2026
140165;16/01/2026
140166;16/01/2026
140198;16/01/2026
140199;16/01/2026
140196;16/01/2026
140196;16/01/2026
140196;16/01/2026
140197;16/01/2026
140145;16/01/2026
140144;16/01/2026
140147;16/01/2026
140146;16/01/2026
140097;16/01/2026
140164;16/01/2026
140186;16/01/2026
140187;16/01/2026
140185;16/01/2026
140185;16/01/2026
140188;16/01/2026
140188;16/01/2026
140095;16/01/2026
140111;16/01/2026
140182;16/01/2026
140120;16/01/2026
140102;16/01/2026
140101;16/01/2026
140096;16/01/2026
140099;16/01/2026
140052;16/01/2026
140047;16/01/2026
140132;16/01/2026
140133;16/01/2026
140049;16/01/2026
140050;16/01/2026
140088;16/01/2026
140151;16/01/2026
140163;16/01/2026
140094;16/01/2026
140258;17/01/2026
140259;17/01/2026
140261;17/01/2026
140260;17/01/2026
140234;17/01/2026
140235;17/01/2026
140236;17/01/2026
140304;17/01/2026
140305;17/01/2026
140307;17/01/2026
140306;17/01/2026
140223;17/01/2026
140224;17/01/2026
140225;17/01/2026
140226;17/01/2026
140227;17/01/2026
140262;17/01/2026
140263;17/01/2026
140237;17/01/2026
140238;17/01/2026
140239;17/01/2026
140212;17/01/2026
140213;17/01/2026
140220;17/01/2026
140221;17/01/2026
140222;17/01/2026
140252;17/01/2026
140253;17/01/2026
140254;17/01/2026
140277;17/01/2026
140276;17/01/2026
140279;17/01/2026
140278;17/01/2026
140273;17/01/2026
140272;17/01/2026
140275;17/01/2026
140280;17/01/2026
140274;17/01/2026
140271;17/01/2026
140219;17/01/2026
140246;17/01/2026
140232;17/01/2026
140283;17/01/2026
140214;17/01/2026
140215;17/01/2026
140216;17/01/2026
140217;17/01/2026
140257;17/01/2026
140282;17/01/2026
140281;17/01/2026
140284;17/01/2026
140285;17/01/2026
140288;17/01/2026
140287;17/01/2026
140293;17/01/2026
140290;17/01/2026
140298;17/01/2026
140295;17/01/2026
140250;17/01/2026
140249;17/01/2026
140251;17/01/2026
140228;17/01/2026
140229;17/01/2026
140231;17/01/2026
140230;17/01/2026
140233;17/01/2026
140265;17/01/2026
140267;17/01/2026
140266;17/01/2026
140268;17/01/2026
140269;17/01/2026
140270;17/01/2026
140264;17/01/2026
140296;17/01/2026
140292;17/01/2026
140289;17/01/2026
140294;17/01/2026
140291;17/01/2026
140243;17/01/2026
140255;17/01/2026
140242;17/01/2026
140244;17/01/2026
140256;17/01/2026
140256;17/01/2026
140245;17/01/2026
140218;17/01/2026
140300;17/01/2026
140286;17/01/2026
140240;17/01/2026
140248;17/01/2026
140303;17/01/2026
140302;17/01/2026
140301;17/01/2026
140297;17/01/2026
140299;17/01/2026
140247;17/01/2026
140241;17/01/2026
140433;19/01/2026
140431;19/01/2026
140429;19/01/2026
140434;19/01/2026
140430;19/01/2026
140432;19/01/2026
140375;19/01/2026
140375;19/01/2026
38535;19/01/2026
38534;19/01/2026
38546;19/01/2026
38546;19/01/2026
38539;19/01/2026
38538;19/01/2026
38540;19/01/2026
38541;19/01/2026
38542;19/01/2026
38543;19/01/2026
38555;19/01/2026
140497;19/01/2026
38551;19/01/2026
38551;19/01/2026
38552;19/01/2026
38552;19/01/2026
38553;19/01/2026
38553;19/01/2026
38554;19/01/2026
38554;19/01/2026
38544;19/01/2026
38545;19/01/2026
38547;19/01/2026
38548;19/01/2026
140491;19/01/2026
140492;19/01/2026
38549;19/01/2026
140552;19/01/2026
140553;19/01/2026
140554;19/01/2026
140555;19/01/2026
38550;19/01/2026
38556;19/01/2026
38557;19/01/2026
38558;19/01/2026
140428;19/01/2026
140440;19/01/2026
140439;19/01/2026
140436;19/01/2026
140437;19/01/2026
140438;19/01/2026
140441;19/01/2026
140442;19/01/2026
140444;19/01/2026
140443;19/01/2026
140445;19/01/2026
140372;19/01/2026
140371;19/01/2026
140370;19/01/2026
140369;19/01/2026
140368;19/01/2026
140339;19/01/2026
140333;19/01/2026
140328;19/01/2026
140327;19/01/2026
140334;19/01/2026
140379;19/01/2026
140380;19/01/2026
140383;19/01/2026
140384;19/01/2026
140378;19/01/2026
140337;19/01/2026
140338;19/01/2026
140331;19/01/2026
140332;19/01/2026
140336;19/01/2026
140481;19/01/2026
140490;19/01/2026
140468;19/01/2026
140467;19/01/2026
140348;19/01/2026
140367;19/01/2026
140366;19/01/2026
140355;19/01/2026
140355;19/01/2026
140340;19/01/2026
140356;19/01/2026
140357;19/01/2026
140357;19/01/2026
140529;19/01/2026
140528;19/01/2026
140350;19/01/2026
140354;19/01/2026
140365;19/01/2026
140450;19/01/2026
140461;19/01/2026
140504;19/01/2026
140466;19/01/2026
140465;19/01/2026
140411;19/01/2026
140408;19/01/2026
140540;19/01/2026
140543;19/01/2026
140548;19/01/2026
140518;19/01/2026
140523;19/01/2026
140522;19/01/2026
140519;19/01/2026
140520;19/01/2026
140521;19/01/2026
140469;19/01/2026
140547;19/01/2026
140544;19/01/2026
140541;19/01/2026
140542;19/01/2026
140435;19/01/2026
140512;19/01/2026
140527;19/01/2026
140506;19/01/2026
140505;19/01/2026
140503;19/01/2026
140424;19/01/2026
140423;19/01/2026
140535;19/01/2026
140501;19/01/2026
140539;19/01/2026
140452;19/01/2026
140393;19/01/2026
140392;19/01/2026
140346;19/01/2026
140502;19/01/2026
140386;19/01/2026
140387;19/01/2026
140385;19/01/2026
140493;19/01/2026
140494;19/01/2026
140495;19/01/2026
140374;19/01/2026
140373;19/01/2026
140377;19/01/2026
140376;19/01/2026
140321;19/01/2026
140322;19/01/2026
140324;19/01/2026
140349;19/01/2026
140349;19/01/2026
140526;19/01/2026
140449;19/01/2026
140448;19/01/2026
140308;19/01/2026
140316;19/01/2026
140310;19/01/2026
140312;19/01/2026
140315;19/01/2026
140317;19/01/2026
140311;19/01/2026
140509;19/01/2026
140507;19/01/2026
140511;19/01/2026
140508;19/01/2026
140351;19/01/2026
140514;19/01/2026
140516;19/01/2026
140363;19/01/2026
140550;19/01/2026
140545;19/01/2026
140309;19/01/2026
140318;19/01/2026
140314;19/01/2026
140319;19/01/2026
140313;19/01/2026
140320;19/01/2026
140323;19/01/2026
140326;19/01/2026
140362;19/01/2026
140359;19/01/2026
140360;19/01/2026
140477;19/01/2026
140454;19/01/2026
140456;19/01/2026
140459;19/01/2026
140458;19/01/2026
140447;19/01/2026
140460;19/01/2026
140455;19/01/2026
140453;19/01/2026
140361;19/01/2026
140342;19/01/2026
140341;19/01/2026
140358;19/01/2026
140364;19/01/2026
140537;19/01/2026
140533;19/01/2026
140531;19/01/2026
140532;19/01/2026
140536;19/01/2026
140534;19/01/2026
140451;19/01/2026
140530;19/01/2026
140538;19/01/2026
140478;19/01/2026
140479;19/01/2026
140470;19/01/2026
140471;19/01/2026
140474;19/01/2026
140475;19/01/2026
140551;19/01/2026
140546;19/01/2026
140325;19/01/2026
140343;19/01/2026
140510;19/01/2026
140381;19/01/2026
140381;19/01/2026
140382;19/01/2026
140412;19/01/2026
140409;19/01/2026
140407;19/01/2026
140517;19/01/2026
140515;19/01/2026
140480;19/01/2026
140344;19/01/2026
140345;19/01/2026
140335;19/01/2026
140330;19/01/2026
140329;19/01/2026
140500;19/01/2026
140498;19/01/2026
140499;19/01/2026
140352;19/01/2026
140353;19/01/2026
140488;19/01/2026
140485;19/01/2026
140489;19/01/2026
140486;19/01/2026
140446;19/01/2026
140457;19/01/2026
140524;19/01/2026
140525;19/01/2026
140462;19/01/2026
140476;19/01/2026
140483;19/01/2026
140464;19/01/2026
140463;19/01/2026
140484;19/01/2026
140487;19/01/2026
140427;19/01/2026
140426;19/01/2026
140425;19/01/2026
140549;19/01/2026
140549;19/01/2026
140473;19/01/2026
140472;19/01/2026
140627;20/01/2026
140575;20/01/2026
140574;20/01/2026
140628;20/01/2026
140626;20/01/2026
140828;20/01/2026
140831;20/01/2026
140838;20/01/2026
140837;20/01/2026
140824;20/01/2026
140825;20/01/2026
140637;20/01/2026
140638;20/01/2026
140697;20/01/2026
140743;20/01/2026
38560;20/01/2026
38561;20/01/2026
38562;20/01/2026
140562;20/01/2026
140562;20/01/2026
38565;20/01/2026
38565;20/01/2026
140788;20/01/2026
140788;20/01/2026
140789;20/01/2026
140789;20/01/2026
140790;20/01/2026
140790;20/01/2026
38566;20/01/2026
38566;20/01/2026
140791;20/01/2026
140791;20/01/2026
38567;20/01/2026
140805;20/01/2026
140806;20/01/2026
140886;20/01/2026
140887;20/01/2026
140888;20/01/2026
38569;20/01/2026
140889;20/01/2026
140579;20/01/2026
140580;20/01/2026
140581;20/01/2026
140584;20/01/2026
140582;20/01/2026
140583;20/01/2026
38568;20/01/2026
140804;20/01/2026
140593;20/01/2026
140594;20/01/2026
140595;20/01/2026
140606;20/01/2026
140607;20/01/2026
140608;20/01/2026
140609;20/01/2026
140728;20/01/2026
140729;20/01/2026
140730;20/01/2026
38563;20/01/2026
38564;20/01/2026
140625;20/01/2026
140624;20/01/2026
140623;20/01/2026
140703;20/01/2026
140707;20/01/2026
140705;20/01/2026
140704;20/01/2026
140702;20/01/2026
140598;20/01/2026
140599;20/01/2026
140601;20/01/2026
140597;20/01/2026
140600;20/01/2026
140752;20/01/2026
140753;20/01/2026
140750;20/01/2026
140751;20/01/2026
140755;20/01/2026
140604;20/01/2026
140603;20/01/2026
140596;20/01/2026
140605;20/01/2026
140602;20/01/2026
140820;20/01/2026
140660;20/01/2026
140677;20/01/2026
140760;20/01/2026
140619;20/01/2026
140762;20/01/2026
140759;20/01/2026
140758;20/01/2026
140798;20/01/2026
140797;20/01/2026
140821;20/01/2026
140881;20/01/2026
140876;20/01/2026
140879;20/01/2026
140878;20/01/2026
140877;20/01/2026
140880;20/01/2026
140670;20/01/2026
140591;20/01/2026
140592;20/01/2026
140699;20/01/2026
140644;20/01/2026
140635;20/01/2026
140631;20/01/2026
140633;20/01/2026
140632;20/01/2026
140673;20/01/2026
140671;20/01/2026
140674;20/01/2026
140675;20/01/2026
140672;20/01/2026
140676;20/01/2026
140676;20/01/2026
140678;20/01/2026
140678;20/01/2026
140680;20/01/2026
140680;20/01/2026
140572;20/01/2026
140573;20/01/2026
140771;20/01/2026
140773;20/01/2026
140774;20/01/2026
140768;20/01/2026
140769;20/01/2026
140770;20/01/2026
140767;20/01/2026
140766;20/01/2026
140621;20/01/2026
140822;20/01/2026
140822;20/01/2026
140611;20/01/2026
140630;20/01/2026
140646;20/01/2026
303476;20/01/2026
303477;20/01/2026
303478;20/01/2026
140808;20/01/2026
140653;20/01/2026
140654;20/01/2026
140733;20/01/2026
140734;20/01/2026
140650;20/01/2026
140586;20/01/2026
140735;20/01/2026
140568;20/01/2026
140569;20/01/2026
140570;20/01/2026
140571;20/01/2026
140875;20/01/2026
140840;20/01/2026
140561;20/01/2026
140615;20/01/2026
140613;20/01/2026
140612;20/01/2026
140616;20/01/2026
140701;20/01/2026
140696;20/01/2026
140721;20/01/2026
140649;20/01/2026
140647;20/01/2026
140658;20/01/2026
140659;20/01/2026
140567;20/01/2026
140709;20/01/2026
140711;20/01/2026
140560;20/01/2026
140556;20/01/2026
140559;20/01/2026
140620;20/01/2026
140781;20/01/2026
140782;20/01/2026
140793;20/01/2026
140783;20/01/2026
140792;20/01/2026
140799;20/01/2026
140874;20/01/2026
140873;20/01/2026
140871;20/01/2026
140856;20/01/2026
140861;20/01/2026
140857;20/01/2026
140872;20/01/2026
140870;20/01/2026
140869;20/01/2026
140713;20/01/2026
140717;20/01/2026
140712;20/01/2026
140714;20/01/2026
140716;20/01/2026
140720;20/01/2026
140718;20/01/2026
140719;20/01/2026
140736;20/01/2026
140738;20/01/2026
140737;20/01/2026
140656;20/01/2026
140656;20/01/2026
140657;20/01/2026
140657;20/01/2026
140722;20/01/2026
140722;20/01/2026
140723;20/01/2026
140723;20/01/2026
140853;20/01/2026
140855;20/01/2026
140747;20/01/2026
140749;20/01/2026
140746;20/01/2026
140748;20/01/2026
140754;20/01/2026
140833;20/01/2026
140836;20/01/2026
140835;20/01/2026
140834;20/01/2026
140830;20/01/2026
140832;20/01/2026
140642;20/01/2026
140776;20/01/2026
140775;20/01/2026
140585;20/01/2026
140863;20/01/2026
140557;20/01/2026
140558;20/01/2026
140862;20/01/2026
140865;20/01/2026
140864;20/01/2026
140829;20/01/2026
140645;20/01/2026
140610;20/01/2026
140588;20/01/2026
140655;20/01/2026
140796;20/01/2026
140731;20/01/2026
140732;20/01/2026
140868;20/01/2026
140867;20/01/2026
140682;20/01/2026
140812;20/01/2026
140576;20/01/2026
140622;20/01/2026
140841;20/01/2026
140843;20/01/2026
140842;20/01/2026
140795;20/01/2026
140794;20/01/2026
140587;20/01/2026
140706;20/01/2026
140844;20/01/2026
140669;20/01/2026
140665;20/01/2026
140725;20/01/2026
140726;20/01/2026
140727;20/01/2026
140589;20/01/2026
140590;20/01/2026
140634;20/01/2026
140772;20/01/2026
140636;20/01/2026
140636;20/01/2026
140578;20/01/2026
140577;20/01/2026
140807;20/01/2026
140866;20/01/2026
140763;20/01/2026
140819;20/01/2026
140813;20/01/2026
140818;20/01/2026
140816;20/01/2026
140814;20/01/2026
140817;20/01/2026
140815;20/01/2026
140651;20/01/2026
140740;20/01/2026
140739;20/01/2026
140823;20/01/2026
140823;20/01/2026
140827;20/01/2026
140827;20/01/2026
140666;20/01/2026
140667;20/01/2026
140668;20/01/2026
140662;20/01/2026
140891;20/01/2026
140639;20/01/2026
140641;20/01/2026
140764;20/01/2026
140648;20/01/2026
140779;20/01/2026
140780;20/01/2026
140802;20/01/2026
140803;20/01/2026
140566;20/01/2026
140565;20/01/2026
140700;20/01/2026
140784;20/01/2026
140786;20/01/2026
140785;20/01/2026
140787;20/01/2026
140860;20/01/2026
140858;20/01/2026
140801;20/01/2026
140800;20/01/2026
140563;20/01/2026
140564;20/01/2026
140652;20/01/2026
140698;20/01/2026
140741;20/01/2026
140742;20/01/2026
140777;20/01/2026
140778;20/01/2026
140811;20/01/2026
140810;20/01/2026
140809;20/01/2026
140663;20/01/2026
140664;20/01/2026
140708;20/01/2026
140710;20/01/2026
140679;20/01/2026
140765;20/01/2026
140847;20/01/2026
140847;20/01/2026
140848;20/01/2026
140848;20/01/2026
140859;20/01/2026
140681;20/01/2026
140640;20/01/2026
140894;20/01/2026
140643;20/01/2026
140618;20/01/2026
140661;20/01/2026
140882;20/01/2026
140883;20/01/2026
140884;20/01/2026
140885;20/01/2026
140846;20/01/2026
140845;20/01/2026
140691;20/01/2026
140690;20/01/2026
140692;20/01/2026
140693;20/01/2026
140685;20/01/2026
140684;20/01/2026
140686;20/01/2026
140695;20/01/2026
140687;20/01/2026
140688;20/01/2026
140689;20/01/2026
140694;20/01/2026
140629;20/01/2026
140850;20/01/2026
140614;20/01/2026
140849;20/01/2026
140851;20/01/2026
140617;20/01/2026
140854;20/01/2026
140852;20/01/2026
140744;20/01/2026
140895;20/01/2026
140893;20/01/2026
140745;20/01/2026
140890;20/01/2026
140892;20/01/2026
140839;20/01/2026
140959;21/01/2026
140958;21/01/2026
140901;21/01/2026
141082;21/01/2026
38573;21/01/2026
140942;21/01/2026
38574;21/01/2026
38571;21/01/2026
140905;21/01/2026
140904;21/01/2026
140906;21/01/2026
140994;21/01/2026
140989;21/01/2026
141024;21/01/2026
140964;21/01/2026
140973;21/01/2026
140933;21/01/2026
140934;21/01/2026
140935;21/01/2026
140936;21/01/2026
140907;21/01/2026
140908;21/01/2026
140909;21/01/2026
38578;21/01/2026
38579;21/01/2026
38580;21/01/2026
38581;21/01/2026
38576;21/01/2026
38577;21/01/2026
140966;21/01/2026
38582;21/01/2026
38583;21/01/2026
141122;21/01/2026
38584;21/01/2026
141123;21/01/2026
141124;21/01/2026
38575;21/01/2026
140972;21/01/2026
140970;21/01/2026
140969;21/01/2026
140976;21/01/2026
140975;21/01/2026
140977;21/01/2026
141113;21/01/2026
141112;21/01/2026
140948;21/01/2026
38585;21/01/2026
141152;21/01/2026
141153;21/01/2026
141154;21/01/2026
38586;21/01/2026
141155;21/01/2026
140944;21/01/2026
140945;21/01/2026
140946;21/01/2026
140896;21/01/2026
140897;21/01/2026
140898;21/01/2026
140952;21/01/2026
140954;21/01/2026
140956;21/01/2026
140957;21/01/2026
140968;21/01/2026
140927;21/01/2026
140931;21/01/2026
140990;21/01/2026
140940;21/01/2026
140937;21/01/2026
140938;21/01/2026
140939;21/01/2026
140941;21/01/2026
140971;21/01/2026
141061;21/01/2026
140919;21/01/2026
140918;21/01/2026
141101;21/01/2026
141102;21/01/2026
141052;21/01/2026
141051;21/01/2026
140981;21/01/2026
141120;21/01/2026
141060;21/01/2026
141091;21/01/2026
141092;21/01/2026
141033;21/01/2026
141036;21/01/2026
141037;21/01/2026
141032;21/01/2026
141042;21/01/2026
141038;21/01/2026
141039;21/01/2026
141039;21/01/2026
141040;21/01/2026
140995;21/01/2026
141126;21/01/2026
141001;21/01/2026
141119;21/01/2026
140925;21/01/2026
140929;21/01/2026
140974;21/01/2026
141136;21/01/2026
141130;21/01/2026
141129;21/01/2026
141128;21/01/2026
141132;21/01/2026
141133;21/01/2026
141131;21/01/2026
141074;21/01/2026
141018;21/01/2026
141017;21/01/2026
141020;21/01/2026
140900;21/01/2026
38570;21/01/2026
141015;21/01/2026
141023;21/01/2026
141085;21/01/2026
141077;21/01/2026
141114;21/01/2026
140930;21/01/2026
140932;21/01/2026
140951;21/01/2026
140953;21/01/2026
140955;21/01/2026
141097;21/01/2026
141094;21/01/2026
141099;21/01/2026
141022;21/01/2026
141021;21/01/2026
141096;21/01/2026
141098;21/01/2026
141095;21/01/2026
141100;21/01/2026
141045;21/01/2026
141043;21/01/2026
141044;21/01/2026
141073;21/01/2026
141072;21/01/2026
141071;21/01/2026
141088;21/01/2026
141089;21/01/2026
141090;21/01/2026
141087;21/01/2026
141062;21/01/2026
141059;21/01/2026
141058;21/01/2026
141069;21/01/2026
141067;21/01/2026
141070;21/01/2026
141068;21/01/2026
140916;21/01/2026
140914;21/01/2026
140926;21/01/2026
140923;21/01/2026
140928;21/01/2026
140924;21/01/2026
141075;21/01/2026
141041;21/01/2026
140911;21/01/2026
141147;21/01/2026
140979;21/01/2026
140912;21/01/2026
140910;21/01/2026
141063;21/01/2026
141064;21/01/2026
141083;21/01/2026
141057;21/01/2026
141056;21/01/2026
141054;21/01/2026
141054;21/01/2026
140899;21/01/2026
140996;21/01/2026
141110;21/01/2026
143592;21/01/2026
141111;21/01/2026
140985;21/01/2026
140984;21/01/2026
141121;21/01/2026
140915;21/01/2026
140913;21/01/2026
141084;21/01/2026
141076;21/01/2026
141009;21/01/2026
141003;21/01/2026
141014;21/01/2026
141115;21/01/2026
141107;21/01/2026
141104;21/01/2026
140963;21/01/2026
140962;21/01/2026
141116;21/01/2026
141143;21/01/2026
141108;21/01/2026
141106;21/01/2026
141027;21/01/2026
141025;21/01/2026
140997;21/01/2026
141125;21/01/2026
141026;21/01/2026
141080;21/01/2026
140998;21/01/2026
141066;21/01/2026
141127;21/01/2026
141065;21/01/2026
141078;21/01/2026
141105;21/01/2026
141000;21/01/2026
141109;21/01/2026
140950;21/01/2026
140949;21/01/2026
140978;21/01/2026
140967;21/01/2026
141117;21/01/2026
141118;21/01/2026
141028;21/01/2026
141007;21/01/2026
141006;21/01/2026
141008;21/01/2026
141005;21/01/2026
141047;21/01/2026
141079;21/01/2026
141135;21/01/2026
141035;21/01/2026
141034;21/01/2026
140988;21/01/2026
140987;21/01/2026
141048;21/01/2026
141046;21/01/2026
141049;21/01/2026
141134;21/01/2026
141081;21/01/2026
141086;21/01/2026
141002;21/01/2026
141050;21/01/2026
141030;21/01/2026
140920;21/01/2026
140921;21/01/2026
140922;21/01/2026
140947;21/01/2026
140980;21/01/2026
141055;21/01/2026
141019;21/01/2026
140903;21/01/2026
140902;21/01/2026
141150;21/01/2026
141142;21/01/2026
141151;21/01/2026
141146;21/01/2026
141138;21/01/2026
141145;21/01/2026
141144;21/01/2026
141012;21/01/2026
141011;21/01/2026
141013;21/01/2026
141010;21/01/2026
141140;21/01/2026
141141;21/01/2026
141139;21/01/2026
141137;21/01/2026
141031;21/01/2026
140917;21/01/2026
141149;21/01/2026
141148;21/01/2026
141016;21/01/2026
141029;21/01/2026
140943;21/01/2026
303497;22/01/2026
38587;22/01/2026
38591;22/01/2026
38592;22/01/2026
38588;22/01/2026
141189;22/01/2026
141233;22/01/2026
141298;22/01/2026
141303;22/01/2026
141229;22/01/2026
38627;22/01/2026
38627;22/01/2026
38589;22/01/2026
141195;22/01/2026
141196;22/01/2026
141197;22/01/2026
141198;22/01/2026
141214;22/01/2026
141215;22/01/2026
141216;22/01/2026
141217;22/01/2026
38615;22/01/2026
38617;22/01/2026
141191;22/01/2026
141192;22/01/2026
141193;22/01/2026
141194;22/01/2026
38603;22/01/2026
38604;22/01/2026
38605;22/01/2026
38623;22/01/2026
38600;22/01/2026
38601;22/01/2026
38602;22/01/2026
38612;22/01/2026
38613;22/01/2026
38614;22/01/2026
38593;22/01/2026
38594;22/01/2026
38595;22/01/2026
38610;22/01/2026
38610;22/01/2026
38611;22/01/2026
38611;22/01/2026
141181;22/01/2026
141182;22/01/2026
141183;22/01/2026
38607;22/01/2026
38608;22/01/2026
38609;22/01/2026
38616;22/01/2026
38618;22/01/2026
141213;22/01/2026
38619;22/01/2026
38620;22/01/2026
141295;22/01/2026
141296;22/01/2026
141297;22/01/2026
38629;22/01/2026
38621;22/01/2026
38621;22/01/2026
38622;22/01/2026
38622;22/01/2026
141190;22/01/2026
38599;22/01/2026
38624;22/01/2026
38625;22/01/2026
38596;22/01/2026
38597;22/01/2026
141319;22/01/2026
141320;22/01/2026
38598;22/01/2026
141321;22/01/2026
38606;22/01/2026
141347;22/01/2026
141346;22/01/2026
141343;22/01/2026
141342;22/01/2026
141344;22/01/2026
141341;22/01/2026
141248;22/01/2026
141249;22/01/2026
141366;22/01/2026
141365;22/01/2026
141336;22/01/2026
141335;22/01/2026
141337;22/01/2026
141301;22/01/2026
141302;22/01/2026
141300;22/01/2026
141304;22/01/2026
141306;22/01/2026
141309;22/01/2026
141356;22/01/2026
141357;22/01/2026
141355;22/01/2026
141369;22/01/2026
141368;22/01/2026
141367;22/01/2026
141251;22/01/2026
141250;22/01/2026
141235;22/01/2026
141241;22/01/2026
141324;22/01/2026
141322;22/01/2026
141323;22/01/2026
141257;22/01/2026
141258;22/01/2026
141256;22/01/2026
141359;22/01/2026
141358;22/01/2026
141274;22/01/2026
141275;22/01/2026
141259;22/01/2026
141262;22/01/2026
141261;22/01/2026
141260;22/01/2026
141199;22/01/2026
303490;22/01/2026
141364;22/01/2026
141364;22/01/2026
141363;22/01/2026
141363;22/01/2026
141345;22/01/2026
141348;22/01/2026
141373;22/01/2026
141219;22/01/2026
141219;22/01/2026
141371;22/01/2026
141253;22/01/2026
141252;22/01/2026
141255;22/01/2026
141254;22/01/2026
141268;22/01/2026
141272;22/01/2026
141173;22/01/2026
141174;22/01/2026
141283;22/01/2026
141286;22/01/2026
141285;22/01/2026
141284;22/01/2026
141289;22/01/2026
141288;22/01/2026
141287;22/01/2026
141290;22/01/2026
141280;22/01/2026
141281;22/01/2026
141282;22/01/2026
141370;22/01/2026
141204;22/01/2026
141204;22/01/2026
141203;22/01/2026
141203;22/01/2026
141203;22/01/2026
141269;22/01/2026
141210;22/01/2026
141211;22/01/2026
141169;22/01/2026
141164;22/01/2026
141207;22/01/2026
141208;22/01/2026
141205;22/01/2026
141206;22/01/2026
141167;22/01/2026
141163;22/01/2026
141277;22/01/2026
141328;22/01/2026
141329;22/01/2026
141330;22/01/2026
141294;22/01/2026
141292;22/01/2026
141293;22/01/2026
141360;22/01/2026
141361;22/01/2026
141362;22/01/2026
141270;22/01/2026
141267;22/01/2026
141224;22/01/2026
141160;22/01/2026
141162;22/01/2026
141156;22/01/2026
141184;22/01/2026
141168;22/01/2026
141240;22/01/2026
141238;22/01/2026
141237;22/01/2026
141340;22/01/2026
141339;22/01/2026
141338;22/01/2026
141264;22/01/2026
141166;22/01/2026
141170;22/01/2026
141318;22/01/2026
141212;22/01/2026
141209;22/01/2026
141271;22/01/2026
141307;22/01/2026
141236;22/01/2026
141317;22/01/2026
141315;22/01/2026
38628;22/01/2026
38628;22/01/2026
141230;22/01/2026
141231;22/01/2026
141227;22/01/2026
141220;22/01/2026
141239;22/01/2026
141326;22/01/2026
141331;22/01/2026
141331;22/01/2026
141171;22/01/2026
141172;22/01/2026
141232;22/01/2026
141266;22/01/2026
141316;22/01/2026
141352;22/01/2026
141351;22/01/2026
141225;22/01/2026
141299;22/01/2026
141354;22/01/2026
141353;22/01/2026
141221;22/01/2026
141222;22/01/2026
141263;22/01/2026
38626;22/01/2026
38626;22/01/2026
141200;22/01/2026
141242;22/01/2026
141310;22/01/2026
141247;22/01/2026
141244;22/01/2026
141244;22/01/2026
141246;22/01/2026
141311;22/01/2026
141243;22/01/2026
141186;22/01/2026
141185;22/01/2026
141176;22/01/2026
141312;22/01/2026
141180;22/01/2026
141179;22/01/2026
141177;22/01/2026
141175;22/01/2026
141178;22/01/2026
141223;22/01/2026
141226;22/01/2026
141372;22/01/2026
141350;22/01/2026
141349;22/01/2026
141161;22/01/2026
141157;22/01/2026
141158;22/01/2026
141159;22/01/2026
141305;22/01/2026
141308;22/01/2026
141165;22/01/2026
141313;22/01/2026
141276;22/01/2026
141327;22/01/2026
141327;22/01/2026
141202;22/01/2026
141201;22/01/2026
141234;22/01/2026
141265;22/01/2026
141314;22/01/2026
141187;22/01/2026
141188;22/01/2026
303514;23/01/2026
141395;23/01/2026
141399;23/01/2026
141612;23/01/2026
141436;23/01/2026
141437;23/01/2026
141475;23/01/2026
38651;23/01/2026
38652;23/01/2026
38652;23/01/2026
38649;23/01/2026
38649;23/01/2026
38650;23/01/2026
38650;23/01/2026
38653;23/01/2026
38653;23/01/2026
38653;23/01/2026
141409;23/01/2026
141410;23/01/2026
141411;23/01/2026
38668;23/01/2026
38662;23/01/2026
38661;23/01/2026
141422;23/01/2026
141423;23/01/2026
141424;23/01/2026
141463;23/01/2026
141463;23/01/2026
141464;23/01/2026
141464;23/01/2026
141465;23/01/2026
141465;23/01/2026
141460;23/01/2026
141461;23/01/2026
141462;23/01/2026
38638;23/01/2026
38639;23/01/2026
141598;23/01/2026
141599;23/01/2026
38640;23/01/2026
141600;23/01/2026
38641;23/01/2026
38642;23/01/2026
38643;23/01/2026
38670;23/01/2026
38672;23/01/2026
38669;23/01/2026
38665;23/01/2026
38663;23/01/2026
38646;23/01/2026
38647;23/01/2026
38655;23/01/2026
141425;23/01/2026
141426;23/01/2026
141427;23/01/2026
38671;23/01/2026
38666;23/01/2026
38673;23/01/2026
38644;23/01/2026
38645;23/01/2026
38667;23/01/2026
38664;23/01/2026
38634;23/01/2026
38635;23/01/2026
141546;23/01/2026
141547;23/01/2026
141548;23/01/2026
38636;23/01/2026
141549;23/01/2026
38637;23/01/2026
38658;23/01/2026
38657;23/01/2026
141417;23/01/2026
141418;23/01/2026
141419;23/01/2026
38659;23/01/2026
38660;23/01/2026
38654;23/01/2026
38654;23/01/2026
141552;23/01/2026
141555;23/01/2026
141640;23/01/2026
141641;23/01/2026
141382;23/01/2026
141384;23/01/2026
141383;23/01/2026
141381;23/01/2026
141431;23/01/2026
141433;23/01/2026
141529;23/01/2026
141530;23/01/2026
141504;23/01/2026
141501;23/01/2026
141434;23/01/2026
141432;23/01/2026
141503;23/01/2026
141502;23/01/2026
141597;23/01/2026
141593;23/01/2026
141639;23/01/2026
141638;23/01/2026
141615;23/01/2026
141611;23/01/2026
141509;23/01/2026
141510;23/01/2026
141561;23/01/2026
141560;23/01/2026
141511;23/01/2026
141512;23/01/2026
141396;23/01/2026
141397;23/01/2026
141398;23/01/2026
141456;23/01/2026
141454;23/01/2026
141455;23/01/2026
141453;23/01/2026
141452;23/01/2026
141451;23/01/2026
141408;23/01/2026
141406;23/01/2026
141407;23/01/2026
141458;23/01/2026
141459;23/01/2026
141457;23/01/2026
141505;23/01/2026
141387;23/01/2026
141392;23/01/2026
141391;23/01/2026
141393;23/01/2026
141450;23/01/2026
141448;23/01/2026
141449;23/01/2026
141428;23/01/2026
141430;23/01/2026
141429;23/01/2026
141389;23/01/2026
141388;23/01/2026
141390;23/01/2026
141566;23/01/2026
141567;23/01/2026
141569;23/01/2026
141570;23/01/2026
141514;23/01/2026
141500;23/01/2026
141646;23/01/2026
141551;23/01/2026
141518;23/01/2026
141524;23/01/2026
141521;23/01/2026
141667;23/01/2026
141666;23/01/2026
141665;23/01/2026
141661;23/01/2026
141663;23/01/2026
141571;23/01/2026
141572;23/01/2026
141573;23/01/2026
141523;23/01/2026
141520;23/01/2026
141527;23/01/2026
141522;23/01/2026
141591;23/01/2026
141588;23/01/2026
141590;23/01/2026
141589;23/01/2026
141488;23/01/2026
141486;23/01/2026
141485;23/01/2026
141489;23/01/2026
141495;23/01/2026
141491;23/01/2026
141492;23/01/2026
141494;23/01/2026
141483;23/01/2026
141484;23/01/2026
141642;23/01/2026
141647;23/01/2026
141648;23/01/2026
141543;23/01/2026
141535;23/01/2026
141538;23/01/2026
141490;23/01/2026
141487;23/01/2026
141496;23/01/2026
141539;23/01/2026
141544;23/01/2026
141536;23/01/2026
141537;23/01/2026
141643;23/01/2026
141644;23/01/2026
141645;23/01/2026
141540;23/01/2026
141541;23/01/2026
141545;23/01/2026
141402;23/01/2026
141616;23/01/2026
141415;23/01/2026
141400;23/01/2026
141439;23/01/2026
141482;23/01/2026
141476;23/01/2026
141657;23/01/2026
141557;23/01/2026
141582;23/01/2026
141623;23/01/2026
141414;23/01/2026
141607;23/01/2026
141531;23/01/2026
141528;23/01/2026
141403;23/01/2026
141574;23/01/2026
141575;23/01/2026
141649;23/01/2026
141559;23/01/2026
141577;23/01/2026
141576;23/01/2026
141664;23/01/2026
141664;23/01/2026
141614;23/01/2026
141517;23/01/2026
141515;23/01/2026
141653;23/01/2026
141652;23/01/2026
141651;23/01/2026
38656;23/01/2026
38656;23/01/2026
141377;23/01/2026
141375;23/01/2026
141380;23/01/2026
141385;23/01/2026
141386;23/01/2026
141579;23/01/2026
141481;23/01/2026
141613;23/01/2026
141558;23/01/2026
141438;23/01/2026
141413;23/01/2026
141604;23/01/2026
141662;23/01/2026
141498;23/01/2026
141499;23/01/2026
141564;23/01/2026
141565;23/01/2026
141585;23/01/2026
141584;23/01/2026
141404;23/01/2026
141578;23/01/2026
141563;23/01/2026
141401;23/01/2026
141568;23/01/2026
141379;23/01/2026
141374;23/01/2026
141378;23/01/2026
141376;23/01/2026
141650;23/01/2026
141581;23/01/2026
141583;23/01/2026
141445;23/01/2026
141444;23/01/2026
141447;23/01/2026
141474;23/01/2026
141405;23/01/2026
141525;23/01/2026
141592;23/01/2026
141595;23/01/2026
141658;23/01/2026
141659;23/01/2026
141619;23/01/2026
141620;23/01/2026
141534;23/01/2026
141435;23/01/2026
141440;23/01/2026
141636;23/01/2026
141634;23/01/2026
141622;23/01/2026
141621;23/01/2026
141420;23/01/2026
141421;23/01/2026
141497;23/01/2026
141493;23/01/2026
141654;23/01/2026
141655;23/01/2026
141412;23/01/2026
141416;23/01/2026
141627;23/01/2026
141627;23/01/2026
141660;23/01/2026
141394;23/01/2026
141532;23/01/2026
141516;23/01/2026
141533;23/01/2026
141617;23/01/2026
141618;23/01/2026
141635;23/01/2026
141596;23/01/2026
141594;23/01/2026
141629;23/01/2026
141629;23/01/2026
141629;23/01/2026
141629;23/01/2026
141633;23/01/2026
141633;23/01/2026
141633;23/01/2026
141633;23/01/2026
141632;23/01/2026
141632;23/01/2026
141632;23/01/2026
141632;23/01/2026
141628;23/01/2026
141631;23/01/2026
141630;23/01/2026
141610;23/01/2026
141609;23/01/2026
141608;23/01/2026
141605;23/01/2026
141624;23/01/2026
141625;23/01/2026
141626;23/01/2026
141602;23/01/2026
141603;23/01/2026
141601;23/01/2026
141606;23/01/2026
141586;23/01/2026
141587;23/01/2026
38648;23/01/2026
141477;23/01/2026
141479;23/01/2026
141478;23/01/2026
141480;23/01/2026
141637;23/01/2026
141553;23/01/2026
141554;23/01/2026
141656;23/01/2026
141519;23/01/2026
141526;23/01/2026
141443;23/01/2026
141446;23/01/2026
141441;23/01/2026
141442;23/01/2026
141768;24/01/2026
141751;24/01/2026
141682;24/01/2026
141673;24/01/2026
141668;24/01/2026
141669;24/01/2026
141670;24/01/2026
141780;24/01/2026
141782;24/01/2026
141781;24/01/2026
141671;24/01/2026
141672;24/01/2026
141702;24/01/2026
141701;24/01/2026
141674;24/01/2026
141675;24/01/2026
141686;24/01/2026
141685;24/01/2026
141713;24/01/2026
141708;24/01/2026
141709;24/01/2026
141704;24/01/2026
141705;24/01/2026
141700;24/01/2026
141740;24/01/2026
141741;24/01/2026
141764;24/01/2026
141758;24/01/2026
141765;24/01/2026
141761;24/01/2026
141763;24/01/2026
141760;24/01/2026
141767;24/01/2026
141769;24/01/2026
141766;24/01/2026
141714;24/01/2026
141723;24/01/2026
141753;24/01/2026
141752;24/01/2026
141688;24/01/2026
141687;24/01/2026
141746;24/01/2026
141748;24/01/2026
141747;24/01/2026
141699;24/01/2026
141697;24/01/2026
141698;24/01/2026
141726;24/01/2026
141728;24/01/2026
141727;24/01/2026
141739;24/01/2026
141703;24/01/2026
141742;24/01/2026
141743;24/01/2026
141707;24/01/2026
141707;24/01/2026
141706;24/01/2026
141706;24/01/2026
141696;24/01/2026
141695;24/01/2026
141715;24/01/2026
141684;24/01/2026
141711;24/01/2026
141712;24/01/2026
141710;24/01/2026
141676;24/01/2026
141676;24/01/2026
141691;24/01/2026
141692;24/01/2026
141681;24/01/2026
141725;24/01/2026
141689;24/01/2026
141690;24/01/2026
141736;24/01/2026
141737;24/01/2026
141717;24/01/2026
141680;24/01/2026
141679;24/01/2026
141735;24/01/2026
141749;24/01/2026
141745;24/01/2026
146371;24/01/2026
141738;24/01/2026
141731;24/01/2026
141724;24/01/2026
141730;24/01/2026
141733;24/01/2026
141677;24/01/2026
141678;24/01/2026
141750;24/01/2026
141732;24/01/2026
141734;24/01/2026
141719;24/01/2026
141719;24/01/2026
141720;24/01/2026
141721;24/01/2026
141722;24/01/2026
141755;24/01/2026
141776;24/01/2026
141770;24/01/2026
141773;24/01/2026
141777;24/01/2026
141779;24/01/2026
141775;24/01/2026
141784;24/01/2026
141783;24/01/2026
141778;24/01/2026
141771;24/01/2026
141774;24/01/2026
141772;24/01/2026
141744;24/01/2026
141757;24/01/2026
141683;24/01/2026
141693;24/01/2026
141694;24/01/2026
141729;24/01/2026
141756;24/01/2026
141754;24/01/2026
141716;24/01/2026
141762;24/01/2026
141759;24/01/2026
141718;24/01/2026
141977;26/01/2026
141976;26/01/2026
38690;26/01/2026
38675;26/01/2026
38676;26/01/2026
38677;26/01/2026
38678;26/01/2026
38679;26/01/2026
38684;26/01/2026
38680;26/01/2026
38681;26/01/2026
141935;26/01/2026
141936;26/01/2026
38682;26/01/2026
38683;26/01/2026
38688;26/01/2026
141793;26/01/2026
141815;26/01/2026
141816;26/01/2026
141817;26/01/2026
141818;26/01/2026
141812;26/01/2026
141811;26/01/2026
141814;26/01/2026
141813;26/01/2026
141908;26/01/2026
141903;26/01/2026
141822;26/01/2026
141819;26/01/2026
141797;26/01/2026
141798;26/01/2026
141838;26/01/2026
141839;26/01/2026
141841;26/01/2026
141840;26/01/2026
141820;26/01/2026
141821;26/01/2026
38674;26/01/2026
141901;26/01/2026
141900;26/01/2026
141941;26/01/2026
141942;26/01/2026
141902;26/01/2026
141907;26/01/2026
141981;26/01/2026
141978;26/01/2026
141861;26/01/2026
141859;26/01/2026
141862;26/01/2026
141860;26/01/2026
141986;26/01/2026
142000;26/01/2026
141995;26/01/2026
141999;26/01/2026
141997;26/01/2026
141998;26/01/2026
142001;26/01/2026
141996;26/01/2026
141955;26/01/2026
141956;26/01/2026
141990;26/01/2026
141863;26/01/2026
141864;26/01/2026
141865;26/01/2026
141911;26/01/2026
141824;26/01/2026
141919;26/01/2026
141918;26/01/2026
141917;26/01/2026
141845;26/01/2026
141850;26/01/2026
141950;26/01/2026
141949;26/01/2026
141924;26/01/2026
141923;26/01/2026
141974;26/01/2026
141984;26/01/2026
141985;26/01/2026
141879;26/01/2026
141878;26/01/2026
141947;26/01/2026
141945;26/01/2026
141946;26/01/2026
141943;26/01/2026
141944;26/01/2026
141836;26/01/2026
141837;26/01/2026
141914;26/01/2026
141952;26/01/2026
38685;26/01/2026
141948;26/01/2026
38687;26/01/2026
141916;26/01/2026
38686;26/01/2026
141993;26/01/2026
141890;26/01/2026
141964;26/01/2026
141960;26/01/2026
141831;26/01/2026
141832;26/01/2026
141846;26/01/2026
38689;26/01/2026
141826;26/01/2026
141982;26/01/2026
141920;26/01/2026
141922;26/01/2026
141921;26/01/2026
141869;26/01/2026
141961;26/01/2026
141872;26/01/2026
141873;26/01/2026
141849;26/01/2026
141848;26/01/2026
141828;26/01/2026
141823;26/01/2026
141951;26/01/2026
141802;26/01/2026
141810;26/01/2026
141980;26/01/2026
141829;26/01/2026
141833;26/01/2026
141787;26/01/2026
141790;26/01/2026
141892;26/01/2026
141894;26/01/2026
141893;26/01/2026
141895;26/01/2026
141899;26/01/2026
141896;26/01/2026
141898;26/01/2026
141897;26/01/2026
141906;26/01/2026
141973;26/01/2026
141968;26/01/2026
141877;26/01/2026
141876;26/01/2026
141875;26/01/2026
141874;26/01/2026
141972;26/01/2026
141969;26/01/2026
141971;26/01/2026
141885;26/01/2026
141884;26/01/2026
141883;26/01/2026
141882;26/01/2026
141881;26/01/2026
141880;26/01/2026
141930;26/01/2026
141930;26/01/2026
141934;26/01/2026
141913;26/01/2026
141931;26/01/2026
141929;26/01/2026
141929;26/01/2026
141963;26/01/2026
141963;26/01/2026
141959;26/01/2026
141959;26/01/2026
141932;26/01/2026
141834;26/01/2026
141835;26/01/2026
141791;26/01/2026
141786;26/01/2026
141912;26/01/2026
141933;26/01/2026
141928;26/01/2026
141966;26/01/2026
141965;26/01/2026
141957;26/01/2026
141958;26/01/2026
141926;26/01/2026
141927;26/01/2026
141910;26/01/2026
141975;26/01/2026
141904;26/01/2026
141905;26/01/2026
141909;26/01/2026
141962;26/01/2026
141847;26/01/2026
141843;26/01/2026
141979;26/01/2026
141979;26/01/2026
141983;26/01/2026
141792;26/01/2026
141827;26/01/2026
141825;26/01/2026
141925;26/01/2026
141855;26/01/2026
141852;26/01/2026
141809;26/01/2026
141801;26/01/2026
141800;26/01/2026
141795;26/01/2026
147089;26/01/2026
141796;26/01/2026
141953;26/01/2026
141954;26/01/2026
141967;26/01/2026
141970;26/01/2026
141889;26/01/2026
141830;26/01/2026
141794;26/01/2026
141938;26/01/2026
141937;26/01/2026
141887;26/01/2026
141888;26/01/2026
141939;26/01/2026
141788;26/01/2026
141868;26/01/2026
141789;26/01/2026
141987;26/01/2026
141842;26/01/2026
141844;26/01/2026
141991;26/01/2026
141992;26/01/2026
141988;26/01/2026
141989;26/01/2026
141994;26/01/2026
141886;26/01/2026
141871;26/01/2026
141870;26/01/2026
141866;26/01/2026
141867;26/01/2026
141851;26/01/2026
141856;26/01/2026
141854;26/01/2026
141853;26/01/2026
141891;26/01/2026
141799;26/01/2026
142110;27/01/2026
142042;27/01/2026
142085;27/01/2026
142266;27/01/2026
142265;27/01/2026
142219;27/01/2026
142114;27/01/2026
142106;27/01/2026
142227;27/01/2026
142226;27/01/2026
142122;27/01/2026
38706;27/01/2026
38692;27/01/2026
142123;27/01/2026
142157;27/01/2026
142158;27/01/2026
142017;27/01/2026
142018;27/01/2026
142019;27/01/2026
142033;27/01/2026
142034;27/01/2026
142035;27/01/2026
38704;27/01/2026
38705;27/01/2026
142290;27/01/2026
142291;27/01/2026
142292;27/01/2026
38701;27/01/2026
38702;27/01/2026
38703;27/01/2026
38693;27/01/2026
142120;27/01/2026
38696;27/01/2026
38697;27/01/2026
38698;27/01/2026
38700;27/01/2026
142188;27/01/2026
142189;27/01/2026
38699;27/01/2026
142191;27/01/2026
142121;27/01/2026
142165;27/01/2026
142130;27/01/2026
142129;27/01/2026
38708;27/01/2026
38707;27/01/2026
38709;27/01/2026
142119;27/01/2026
142166;27/01/2026
142093;27/01/2026
142092;27/01/2026
142014;27/01/2026
142230;27/01/2026
142094;27/01/2026
142225;27/01/2026
142041;27/01/2026
142341;27/01/2026
142338;27/01/2026
142333;27/01/2026
142331;27/01/2026
142328;27/01/2026
142329;27/01/2026
142332;27/01/2026
142285;27/01/2026
142287;27/01/2026
142327;27/01/2026
142330;27/01/2026
142049;27/01/2026
142131;27/01/2026
142187;27/01/2026
142185;27/01/2026
142186;27/01/2026
38694;27/01/2026
142100;27/01/2026
142104;27/01/2026
142242;27/01/2026
142112;27/01/2026
142111;27/01/2026
142107;27/01/2026
142260;27/01/2026
142261;27/01/2026
142090;27/01/2026
142103;27/01/2026
142212;27/01/2026
142306;27/01/2026
142305;27/01/2026
142308;27/01/2026
142307;27/01/2026
142020;27/01/2026
142021;27/01/2026
142105;27/01/2026
142301;27/01/2026
142302;27/01/2026
142161;27/01/2026
142005;27/01/2026
142298;27/01/2026
142299;27/01/2026
142296;27/01/2026
142117;27/01/2026
142170;27/01/2026
142169;27/01/2026
142167;27/01/2026
142168;27/01/2026
142223;27/01/2026
142275;27/01/2026
142274;27/01/2026
142254;27/01/2026
142253;27/01/2026
142252;27/01/2026
142251;27/01/2026
142055;27/01/2026
142048;27/01/2026
38691;27/01/2026
142146;27/01/2026
142195;27/01/2026
142192;27/01/2026
142043;27/01/2026
142176;27/01/2026
142177;27/01/2026
142136;27/01/2026
142135;27/01/2026
142214;27/01/2026
142213;27/01/2026
142237;27/01/2026
142236;27/01/2026
142235;27/01/2026
142238;27/01/2026
142228;27/01/2026
142210;27/01/2026
142208;27/01/2026
142322;27/01/2026
142315;27/01/2026
142321;27/01/2026
142325;27/01/2026
142326;27/01/2026
142323;27/01/2026
142324;27/01/2026
142096;27/01/2026
142066;27/01/2026
142224;27/01/2026
142073;27/01/2026
142073;27/01/2026
142026;27/01/2026
142095;27/01/2026
142207;27/01/2026
142138;27/01/2026
142137;27/01/2026
142229;27/01/2026
142181;27/01/2026
142181;27/01/2026
142175;27/01/2026
142040;27/01/2026
142215;27/01/2026
142272;27/01/2026
142270;27/01/2026
142222;27/01/2026
142039;27/01/2026
142056;27/01/2026
142059;27/01/2026
142109;27/01/2026
142038;27/01/2026
142036;27/01/2026
142037;27/01/2026
142190;27/01/2026
142279;27/01/2026
142277;27/01/2026
142184;27/01/2026
142183;27/01/2026
142116;27/01/2026
142076;27/01/2026
142076;27/01/2026
142072;27/01/2026
142072;27/01/2026
142216;27/01/2026
142030;27/01/2026
142031;27/01/2026
142032;27/01/2026
142173;27/01/2026
142174;27/01/2026
142140;27/01/2026
142141;27/01/2026
142218;27/01/2026
142060;27/01/2026
142063;27/01/2026
142337;27/01/2026
142336;27/01/2026
142145;27/01/2026
142271;27/01/2026
142269;27/01/2026
142147;27/01/2026
142259;27/01/2026
142263;27/01/2026
142276;27/01/2026
142282;27/01/2026
142280;27/01/2026
142024;27/01/2026
142008;27/01/2026
142009;27/01/2026
142012;27/01/2026
142015;27/01/2026
142007;27/01/2026
142202;27/01/2026
142196;27/01/2026
142198;27/01/2026
142262;27/01/2026
142074;27/01/2026
142074;27/01/2026
142023;27/01/2026
142022;27/01/2026
142199;27/01/2026
142200;27/01/2026
142264;27/01/2026
142268;27/01/2026
142047;27/01/2026
142335;27/01/2026
142162;27/01/2026
142273;27/01/2026
142273;27/01/2026
142304;27/01/2026
142108;27/01/2026
142133;27/01/2026
142132;27/01/2026
142134;27/01/2026
142293;27/01/2026
142294;27/01/2026
142286;27/01/2026
142267;27/01/2026
142182;27/01/2026
142211;27/01/2026
142221;27/01/2026
142171;27/01/2026
152201;27/01/2026
142240;27/01/2026
142239;27/01/2026
142241;27/01/2026
142258;27/01/2026
142257;27/01/2026
142256;27/01/2026
142255;27/01/2026
142006;27/01/2026
142011;27/01/2026
142313;27/01/2026
142231;27/01/2026
142303;27/01/2026
142217;27/01/2026
142172;27/01/2026
142197;27/01/2026
142220;27/01/2026
142057;27/01/2026
142061;27/01/2026
142045;27/01/2026
142044;27/01/2026
142288;27/01/2026
142289;27/01/2026
142089;27/01/2026
142088;27/01/2026
142284;27/01/2026
142284;27/01/2026
142283;27/01/2026
142283;27/01/2026
142086;27/01/2026
142087;27/01/2026
142340;27/01/2026
142295;27/01/2026
142016;27/01/2026
142025;27/01/2026
142028;27/01/2026
142027;27/01/2026
142029;27/01/2026
142194;27/01/2026
142193;27/01/2026
142278;27/01/2026
142118;27/01/2026
142281;27/01/2026
142281;27/01/2026
142233;27/01/2026
142232;27/01/2026
142234;27/01/2026
142010;27/01/2026
142013;27/01/2026
142248;27/01/2026
142243;27/01/2026
142247;27/01/2026
142249;27/01/2026
142204;27/01/2026
142204;27/01/2026
142127;27/01/2026
142004;27/01/2026
142003;27/01/2026
142002;27/01/2026
142115;27/01/2026
142113;27/01/2026
142201;27/01/2026
142126;27/01/2026
142319;27/01/2026
142311;27/01/2026
142316;27/01/2026
142317;27/01/2026
142309;27/01/2026
142310;27/01/2026
142312;27/01/2026
38695;27/01/2026
142178;27/01/2026
142180;27/01/2026
142179;27/01/2026
142125;27/01/2026
142091;27/01/2026
142097;27/01/2026
142143;27/01/2026
142099;27/01/2026
142101;27/01/2026
142342;27/01/2026
142203;27/01/2026
142203;27/01/2026
142149;27/01/2026
142148;27/01/2026
142246;27/01/2026
142245;27/01/2026
142244;27/01/2026
142250;27/01/2026
142320;27/01/2026
142318;27/01/2026
142314;27/01/2026
142154;27/01/2026
142151;27/01/2026
142152;27/01/2026
142155;27/01/2026
142156;27/01/2026
142164;27/01/2026
142163;27/01/2026
142153;27/01/2026
142150;27/01/2026
142160;27/01/2026
142159;27/01/2026
142050;27/01/2026
142051;27/01/2026
142052;27/01/2026
142046;27/01/2026
142053;27/01/2026
142054;27/01/2026
142058;27/01/2026
142062;27/01/2026
142334;27/01/2026
142144;27/01/2026
142142;27/01/2026
142206;27/01/2026
142209;27/01/2026
142205;27/01/2026
142300;27/01/2026
142297;27/01/2026
142339;27/01/2026
142343;27/01/2026
142495;28/01/2026
142485;28/01/2026
142484;28/01/2026
142473;28/01/2026
142474;28/01/2026
38730;28/01/2026
38731;28/01/2026
38724;28/01/2026
38734;28/01/2026
38717;28/01/2026
142345;28/01/2026
38718;28/01/2026
38719;28/01/2026
142528;28/01/2026
142529;28/01/2026
38720;28/01/2026
142530;28/01/2026
142481;28/01/2026
142482;28/01/2026
38721;28/01/2026
142483;28/01/2026
38729;28/01/2026
142518;28/01/2026
38728;28/01/2026
142541;28/01/2026
142540;28/01/2026
142517;28/01/2026
142358;28/01/2026
142359;28/01/2026
142360;28/01/2026
142380;28/01/2026
142381;28/01/2026
142382;28/01/2026
142383;28/01/2026
38714;28/01/2026
38715;28/01/2026
38716;28/01/2026
38732;28/01/2026
38711;28/01/2026
38733;28/01/2026
38725;28/01/2026
38727;28/01/2026
142434;28/01/2026
142435;28/01/2026
142436;28/01/2026
142438;28/01/2026
142437;28/01/2026
38723;28/01/2026
38723;28/01/2026
38723;28/01/2026
142410;28/01/2026
142412;28/01/2026
142440;28/01/2026
142443;28/01/2026
38722;28/01/2026
303554;28/01/2026
142407;28/01/2026
142464;28/01/2026
142465;28/01/2026
142448;28/01/2026
142448;28/01/2026
142447;28/01/2026
142447;28/01/2026
142421;28/01/2026
142415;28/01/2026
142449;28/01/2026
142450;28/01/2026
142537;28/01/2026
142377;28/01/2026
142379;28/01/2026
142378;28/01/2026
142486;28/01/2026
142487;28/01/2026
142488;28/01/2026
142457;28/01/2026
142458;28/01/2026
142456;28/01/2026
142523;28/01/2026
142519;28/01/2026
142502;28/01/2026
142501;28/01/2026
142475;28/01/2026
142446;28/01/2026
142522;28/01/2026
142461;28/01/2026
142420;28/01/2026
142419;28/01/2026
142368;28/01/2026
142369;28/01/2026
142370;28/01/2026
142371;28/01/2026
142373;28/01/2026
142466;28/01/2026
142467;28/01/2026
142468;28/01/2026
142400;28/01/2026
142399;28/01/2026
143594;28/01/2026
142398;28/01/2026
142375;28/01/2026
142497;28/01/2026
142344;28/01/2026
142520;28/01/2026
142384;28/01/2026
142385;28/01/2026
142355;28/01/2026
142351;28/01/2026
142390;28/01/2026
142388;28/01/2026
142356;28/01/2026
142357;28/01/2026
142346;28/01/2026
142347;28/01/2026
142376;28/01/2026
142455;28/01/2026
142505;28/01/2026
142503;28/01/2026
142500;28/01/2026
142504;28/01/2026
142353;28/01/2026
142352;28/01/2026
142536;28/01/2026
142406;28/01/2026
142401;28/01/2026
142361;28/01/2026
142476;28/01/2026
142452;28/01/2026
142454;28/01/2026
142453;28/01/2026
142451;28/01/2026
142409;28/01/2026
142408;28/01/2026
142408;28/01/2026
142511;28/01/2026
142489;28/01/2026
142490;28/01/2026
142491;28/01/2026
142492;28/01/2026
142521;28/01/2026
142387;28/01/2026
142480;28/01/2026
142479;28/01/2026
142477;28/01/2026
142478;28/01/2026
142404;28/01/2026
142417;28/01/2026
142413;28/01/2026
142413;28/01/2026
142413;28/01/2026
142411;28/01/2026
142411;28/01/2026
142403;28/01/2026
142393;28/01/2026
142392;28/01/2026
142391;28/01/2026
142535;28/01/2026
142499;28/01/2026
142499;28/01/2026
142498;28/01/2026
142498;28/01/2026
142526;28/01/2026
142526;28/01/2026
142527;28/01/2026
142527;28/01/2026
142525;28/01/2026
142525;28/01/2026
142531;28/01/2026
142531;28/01/2026
142534;28/01/2026
142534;28/01/2026
142471;28/01/2026
142470;28/01/2026
142469;28/01/2026
142472;28/01/2026
142354;28/01/2026
142354;28/01/2026
142386;28/01/2026
142524;28/01/2026
142389;28/01/2026
142414;28/01/2026
142348;28/01/2026
142374;28/01/2026
142372;28/01/2026
142397;28/01/2026
142395;28/01/2026
142394;28/01/2026
142396;28/01/2026
142364;28/01/2026
142363;28/01/2026
142494;28/01/2026
142493;28/01/2026
142365;28/01/2026
142366;28/01/2026
142367;28/01/2026
142424;28/01/2026
142424;28/01/2026
142496;28/01/2026
38726;28/01/2026
38726;28/01/2026
142539;28/01/2026
142538;28/01/2026
142439;28/01/2026
142441;28/01/2026
142442;28/01/2026
142349;28/01/2026
142350;28/01/2026
142416;28/01/2026
142418;28/01/2026
142533;28/01/2026
142532;28/01/2026
142362;28/01/2026
142510;28/01/2026
142405;28/01/2026
142402;28/01/2026
142509;28/01/2026
142513;28/01/2026
142512;28/01/2026
142508;28/01/2026
142507;28/01/2026
142506;28/01/2026
142516;28/01/2026
142515;28/01/2026
142514;28/01/2026
38745;29/01/2026
38747;29/01/2026
38746;29/01/2026
38749;29/01/2026
38743;29/01/2026
38744;29/01/2026
38751;29/01/2026
142838;29/01/2026
142566;29/01/2026
142565;29/01/2026
142948;29/01/2026
142972;29/01/2026
142727;29/01/2026
142621;29/01/2026
142564;29/01/2026
142841;29/01/2026
142863;29/01/2026
142942;29/01/2026
142942;29/01/2026
142943;29/01/2026
142943;29/01/2026
142839;29/01/2026
142542;29/01/2026
142543;29/01/2026
142544;29/01/2026
142545;29/01/2026
38741;29/01/2026
38748;29/01/2026
142811;29/01/2026
142826;29/01/2026
142827;29/01/2026
38740;29/01/2026
142577;29/01/2026
142578;29/01/2026
142579;29/01/2026
142573;29/01/2026
142574;29/01/2026
142575;29/01/2026
142576;29/01/2026
38739;29/01/2026
38752;29/01/2026
38750;29/01/2026
142705;29/01/2026
142973;29/01/2026
142974;29/01/2026
142884;29/01/2026
142885;29/01/2026
142883;29/01/2026
142555;29/01/2026
142550;29/01/2026
142637;29/01/2026
142629;29/01/2026
142713;29/01/2026
142852;29/01/2026
142853;29/01/2026
142596;29/01/2026
142597;29/01/2026
142820;29/01/2026
142817;29/01/2026
142983;29/01/2026
142624;29/01/2026
142622;29/01/2026
142620;29/01/2026
142562;29/01/2026
142561;29/01/2026
142563;29/01/2026
142563;29/01/2026
142560;29/01/2026
142560;29/01/2026
142821;29/01/2026
142734;29/01/2026
142735;29/01/2026
142851;29/01/2026
142744;29/01/2026
142642;29/01/2026
142640;29/01/2026
142730;29/01/2026
142854;29/01/2026
38742;29/01/2026
142862;29/01/2026
38737;29/01/2026
142919;29/01/2026
142792;29/01/2026
142794;29/01/2026
142793;29/01/2026
38735;29/01/2026
142568;29/01/2026
142569;29/01/2026
142858;29/01/2026
142856;29/01/2026
142598;29/01/2026
142688;29/01/2026
142977;29/01/2026
142645;29/01/2026
142644;29/01/2026
142736;29/01/2026
142592;29/01/2026
142588;29/01/2026
142982;29/01/2026
142824;29/01/2026
142823;29/01/2026
142849;29/01/2026
142850;29/01/2026
142703;29/01/2026
142695;29/01/2026
142694;29/01/2026
142699;29/01/2026
142696;29/01/2026
142700;29/01/2026
142697;29/01/2026
142701;29/01/2026
142702;29/01/2026
142721;29/01/2026
142816;29/01/2026
142711;29/01/2026
142711;29/01/2026
142712;29/01/2026
142654;29/01/2026
142661;29/01/2026
142692;29/01/2026
142693;29/01/2026
142861;29/01/2026
142857;29/01/2026
142859;29/01/2026
142812;29/01/2026
142814;29/01/2026
142631;29/01/2026
142633;29/01/2026
142635;29/01/2026
142627;29/01/2026
142685;29/01/2026
142684;29/01/2026
142606;29/01/2026
142607;29/01/2026
142774;29/01/2026
142775;29/01/2026
142779;29/01/2026
142784;29/01/2026
142776;29/01/2026
142739;29/01/2026
142738;29/01/2026
142740;29/01/2026
142741;29/01/2026
142742;29/01/2026
142785;29/01/2026
142746;29/01/2026
142786;29/01/2026
142787;29/01/2026
142789;29/01/2026
142747;29/01/2026
142748;29/01/2026
142749;29/01/2026
142750;29/01/2026
142751;29/01/2026
142752;29/01/2026
142755;29/01/2026
142753;29/01/2026
142754;29/01/2026
142756;29/01/2026
142757;29/01/2026
142758;29/01/2026
142759;29/01/2026
142760;29/01/2026
142761;29/01/2026
142763;29/01/2026
142762;29/01/2026
142764;29/01/2026
142765;29/01/2026
142766;29/01/2026
142767;29/01/2026
142768;29/01/2026
142769;29/01/2026
142772;29/01/2026
142770;29/01/2026
142773;29/01/2026
142771;29/01/2026
142743;29/01/2026
142724;29/01/2026
142725;29/01/2026
142860;29/01/2026
142623;29/01/2026
142864;29/01/2026
142865;29/01/2026
142632;29/01/2026
142866;29/01/2026
154179;29/01/2026
142867;29/01/2026
154927;29/01/2026
142868;29/01/2026
142869;29/01/2026
142589;29/01/2026
142585;29/01/2026
142989;29/01/2026
142990;29/01/2026
142662;29/01/2026
142657;29/01/2026
142663;29/01/2026
142664;29/01/2026
142870;29/01/2026
142871;29/01/2026
142872;29/01/2026
142731;29/01/2026
142732;29/01/2026
142733;29/01/2026
142807;29/01/2026
142809;29/01/2026
142808;29/01/2026
142810;29/01/2026
142655;29/01/2026
142608;29/01/2026
142609;29/01/2026
142718;29/01/2026
142719;29/01/2026
142720;29/01/2026
142714;29/01/2026
142715;29/01/2026
142707;29/01/2026
142708;29/01/2026
142709;29/01/2026
142706;29/01/2026
142966;29/01/2026
142967;29/01/2026
142968;29/01/2026
142610;29/01/2026
142611;29/01/2026
142837;29/01/2026
142840;29/01/2026
142980;29/01/2026
142980;29/01/2026
142985;29/01/2026
142985;29/01/2026
142797;29/01/2026
142796;29/01/2026
142586;29/01/2026
142584;29/01/2026
142876;29/01/2026
142882;29/01/2026
142878;29/01/2026
142879;29/01/2026
142590;29/01/2026
142587;29/01/2026
142874;29/01/2026
142875;29/01/2026
142628;29/01/2026
142634;29/01/2026
142877;29/01/2026
142591;29/01/2026
142582;29/01/2026
142881;29/01/2026
142880;29/01/2026
142846;29/01/2026
142678;29/01/2026
142689;29/01/2026
142690;29/01/2026
142979;29/01/2026
142886;29/01/2026
142969;29/01/2026
142969;29/01/2026
142976;29/01/2026
142975;29/01/2026
142659;29/01/2026
142660;29/01/2026
142619;29/01/2026
142639;29/01/2026
142583;29/01/2026
142778;29/01/2026
142889;29/01/2026
142890;29/01/2026
142559;29/01/2026
142558;29/01/2026
142665;29/01/2026
142704;29/01/2026
142666;29/01/2026
142873;29/01/2026
142647;29/01/2026
142646;29/01/2026
142616;29/01/2026
142616;29/01/2026
142615;29/01/2026
142615;29/01/2026
142893;29/01/2026
142894;29/01/2026
142892;29/01/2026
142652;29/01/2026
142653;29/01/2026
142918;29/01/2026
142918;29/01/2026
142845;29/01/2026
142844;29/01/2026
142834;29/01/2026
142829;29/01/2026
142891;29/01/2026
142828;29/01/2026
142836;29/01/2026
142831;29/01/2026
142833;29/01/2026
142830;29/01/2026
142835;29/01/2026
142832;29/01/2026
142813;29/01/2026
142815;29/01/2026
142801;29/01/2026
142643;29/01/2026
142803;29/01/2026
142641;29/01/2026
142570;29/01/2026
142698;29/01/2026
142554;29/01/2026
142613;29/01/2026
142614;29/01/2026
142648;29/01/2026
142650;29/01/2026
142649;29/01/2026
142651;29/01/2026
142571;29/01/2026
142572;29/01/2026
142618;29/01/2026
142617;29/01/2026
142847;29/01/2026
142848;29/01/2026
142895;29/01/2026
142896;29/01/2026
142903;29/01/2026
142898;29/01/2026
142901;29/01/2026
142897;29/01/2026
142899;29/01/2026
142902;29/01/2026
142900;29/01/2026
142904;29/01/2026
142905;29/01/2026
142906;29/01/2026
142910;29/01/2026
142915;29/01/2026
142909;29/01/2026
142911;29/01/2026
142908;29/01/2026
142913;29/01/2026
142907;29/01/2026
142819;29/01/2026
142818;29/01/2026
142924;29/01/2026
142822;29/01/2026
142927;29/01/2026
142925;29/01/2026
142825;29/01/2026
142920;29/01/2026
142603;29/01/2026
142602;29/01/2026
142599;29/01/2026
142928;29/01/2026
142638;29/01/2026
142710;29/01/2026
142965;29/01/2026
142723;29/01/2026
142926;29/01/2026
142923;29/01/2026
142922;29/01/2026
142921;29/01/2026
142567;29/01/2026
142722;29/01/2026
142726;29/01/2026
142806;29/01/2026
142557;29/01/2026
142842;29/01/2026
142843;29/01/2026
142929;29/01/2026
142930;29/01/2026
142626;29/01/2026
142625;29/01/2026
142600;29/01/2026
142605;29/01/2026
142601;29/01/2026
142604;29/01/2026
142552;29/01/2026
142556;29/01/2026
142887;29/01/2026
142888;29/01/2026
142935;29/01/2026
142936;29/01/2026
142939;29/01/2026
142938;29/01/2026
142937;29/01/2026
142934;29/01/2026
142798;29/01/2026
142932;29/01/2026
142931;29/01/2026
142917;29/01/2026
142916;29/01/2026
142716;29/01/2026
142717;29/01/2026
142729;29/01/2026
142728;29/01/2026
142940;29/01/2026
142941;29/01/2026
38738;29/01/2026
142551;29/01/2026
142933;29/01/2026
142595;29/01/2026
142593;29/01/2026
142594;29/01/2026
142944;29/01/2026
142946;29/01/2026
142855;29/01/2026
142630;29/01/2026
142636;29/01/2026
142800;29/01/2026
142799;29/01/2026
142912;29/01/2026
142914;29/01/2026
142676;29/01/2026
142667;29/01/2026
142677;29/01/2026
142581;29/01/2026
142580;29/01/2026
142683;29/01/2026
142984;29/01/2026
142986;29/01/2026
142987;29/01/2026
142978;29/01/2026
142988;29/01/2026
142802;29/01/2026
142612;29/01/2026
142805;29/01/2026
142795;29/01/2026
142680;29/01/2026
142681;29/01/2026
142682;29/01/2026
142949;29/01/2026
142951;29/01/2026
142950;29/01/2026
142953;29/01/2026
142952;29/01/2026
142549;29/01/2026
142548;29/01/2026
142656;29/01/2026
142658;29/01/2026
142804;29/01/2026
142970;29/01/2026
142971;29/01/2026
142745;29/01/2026
142777;29/01/2026
142781;29/01/2026
142782;29/01/2026
142783;29/01/2026
142780;29/01/2026
142691;29/01/2026
142687;29/01/2026
142686;29/01/2026
142553;29/01/2026
142981;29/01/2026
142945;29/01/2026
142947;29/01/2026
142670;29/01/2026
142670;29/01/2026
142671;29/01/2026
142671;29/01/2026
142668;29/01/2026
142669;29/01/2026
142672;29/01/2026
142957;29/01/2026
142961;29/01/2026
142958;29/01/2026
142960;29/01/2026
142956;29/01/2026
142963;29/01/2026
142964;29/01/2026
142959;29/01/2026
142962;29/01/2026
142675;29/01/2026
142673;29/01/2026
142674;29/01/2026
142546;29/01/2026
142547;29/01/2026
142790;29/01/2026
142954;29/01/2026
142955;29/01/2026
143101;30/01/2026
143002;30/01/2026
143003;30/01/2026
143010;30/01/2026
143272;30/01/2026
143271;30/01/2026
38767;30/01/2026
38769;30/01/2026
38763;30/01/2026
38763;30/01/2026
38759;30/01/2026
38759;30/01/2026
38757;30/01/2026
143160;30/01/2026
38761;30/01/2026
38761;30/01/2026
38760;30/01/2026
38760;30/01/2026
38758;30/01/2026
143201;30/01/2026
143018;30/01/2026
143019;30/01/2026
143319;30/01/2026
38756;30/01/2026
143203;30/01/2026
38764;30/01/2026
38765;30/01/2026
143336;30/01/2026
143222;30/01/2026
38762;30/01/2026
143217;30/01/2026
143232;30/01/2026
143230;30/01/2026
143231;30/01/2026
143233;30/01/2026
38766;30/01/2026
38770;30/01/2026
143335;30/01/2026
143334;30/01/2026
38768;30/01/2026
143318;30/01/2026
143289;30/01/2026
143296;30/01/2026
143288;30/01/2026
143291;30/01/2026
143281;30/01/2026
143295;30/01/2026
143284;30/01/2026
143287;30/01/2026
143283;30/01/2026
143286;30/01/2026
143292;30/01/2026
143282;30/01/2026
143279;30/01/2026
143293;30/01/2026
143280;30/01/2026
143294;30/01/2026
143285;30/01/2026
143298;30/01/2026
143278;30/01/2026
143290;30/01/2026
143277;30/01/2026
143224;30/01/2026
143202;30/01/2026
143095;30/01/2026
143120;30/01/2026
143118;30/01/2026
143026;30/01/2026
143338;30/01/2026
143337;30/01/2026
143339;30/01/2026
143305;30/01/2026
143306;30/01/2026
143303;30/01/2026
143304;30/01/2026
143066;30/01/2026
143062;30/01/2026
143327;30/01/2026
303576;30/01/2026
303577;30/01/2026
143297;30/01/2026
143025;30/01/2026
143020;30/01/2026
143033;30/01/2026
143032;30/01/2026
143006;30/01/2026
143007;30/01/2026
143045;30/01/2026
143046;30/01/2026
143138;30/01/2026
143059;30/01/2026
143060;30/01/2026
143061;30/01/2026
143056;30/01/2026
143054;30/01/2026
143052;30/01/2026
143053;30/01/2026
143055;30/01/2026
143342;30/01/2026
143343;30/01/2026
143322;30/01/2026
143326;30/01/2026
143325;30/01/2026
143094;30/01/2026
143035;30/01/2026
143031;30/01/2026
143030;30/01/2026
143096;30/01/2026
143097;30/01/2026
143261;30/01/2026
143268;30/01/2026
143262;30/01/2026
143264;30/01/2026
303585;30/01/2026
143070;30/01/2026
143069;30/01/2026
143067;30/01/2026
143191;30/01/2026
143333;30/01/2026
143154;30/01/2026
143151;30/01/2026
143155;30/01/2026
143156;30/01/2026
143110;30/01/2026
143106;30/01/2026
143113;30/01/2026
143114;30/01/2026
143104;30/01/2026
143109;30/01/2026
143108;30/01/2026
143107;30/01/2026
143105;30/01/2026
143103;30/01/2026
143021;30/01/2026
143071;30/01/2026
143072;30/01/2026
143077;30/01/2026
143078;30/01/2026
143075;30/01/2026
143076;30/01/2026
143220;30/01/2026
143213;30/01/2026
143218;30/01/2026
143215;30/01/2026
143211;30/01/2026
143211;30/01/2026
143219;30/01/2026
143219;30/01/2026
143210;30/01/2026
143208;30/01/2026
143205;30/01/2026
143209;30/01/2026
143302;30/01/2026
143099;30/01/2026
38753;30/01/2026
143023;30/01/2026
142999;30/01/2026
143057;30/01/2026
143058;30/01/2026
143051;30/01/2026
143136;30/01/2026
143241;30/01/2026
143162;30/01/2026
143047;30/01/2026
143047;30/01/2026
143048;30/01/2026
143048;30/01/2026
143255;30/01/2026
143254;30/01/2026
143022;30/01/2026
143049;30/01/2026
143050;30/01/2026
143190;30/01/2026
143332;30/01/2026
143332;30/01/2026
143185;30/01/2026
143183;30/01/2026
143223;30/01/2026
143192;30/01/2026
143090;30/01/2026
143089;30/01/2026
143171;30/01/2026
143172;30/01/2026
143168;30/01/2026
143169;30/01/2026
143170;30/01/2026
143239;30/01/2026
143240;30/01/2026
143238;30/01/2026
143237;30/01/2026
143100;30/01/2026
143039;30/01/2026
143038;30/01/2026
143037;30/01/2026
143043;30/01/2026
143041;30/01/2026
143042;30/01/2026
143036;30/01/2026
142996;30/01/2026
143001;30/01/2026
142994;30/01/2026
142997;30/01/2026
142998;30/01/2026
143073;30/01/2026
143074;30/01/2026
143083;30/01/2026
143079;30/01/2026
143251;30/01/2026
143250;30/01/2026
143098;30/01/2026
143121;30/01/2026
147090;30/01/2026
143122;30/01/2026
143351;30/01/2026
143344;30/01/2026
143028;30/01/2026
143276;30/01/2026
143188;30/01/2026
143188;30/01/2026
143189;30/01/2026
143189;30/01/2026
143228;30/01/2026
143348;30/01/2026
143349;30/01/2026
143346;30/01/2026
143029;30/01/2026
143040;30/01/2026
143034;30/01/2026
143093;30/01/2026
143063;30/01/2026
142993;30/01/2026
143139;30/01/2026
143087;30/01/2026
143088;30/01/2026
143125;30/01/2026
143124;30/01/2026
143320;30/01/2026
143324;30/01/2026
143161;30/01/2026
143119;30/01/2026
143123;30/01/2026
143153;30/01/2026
143158;30/01/2026
143252;30/01/2026
143016;30/01/2026
143017;30/01/2026
143011;30/01/2026
143012;30/01/2026
143015;30/01/2026
143014;30/01/2026
143013;30/01/2026
143229;30/01/2026
143111;30/01/2026
143111;30/01/2026
143112;30/01/2026
143112;30/01/2026
143085;30/01/2026
143084;30/01/2026
143091;30/01/2026
143092;30/01/2026
143080;30/01/2026
143086;30/01/2026
143117;30/01/2026
143102;30/01/2026
143221;30/01/2026
143206;30/01/2026
15054;30/01/2026
143198;30/01/2026
143024;30/01/2026
143027;30/01/2026
142995;30/01/2026
143068;30/01/2026
143065;30/01/2026
143328;30/01/2026
143330;30/01/2026
143329;30/01/2026
143329;30/01/2026
143331;30/01/2026
143331;30/01/2026
143174;30/01/2026
143214;30/01/2026
143044;30/01/2026
143309;30/01/2026
143309;30/01/2026
143309;30/01/2026
143308;30/01/2026
143308;30/01/2026
143308;30/01/2026
143307;30/01/2026
143307;30/01/2026
143307;30/01/2026
143247;30/01/2026
143310;30/01/2026
143311;30/01/2026
143176;30/01/2026
143253;30/01/2026
143116;30/01/2026
143115;30/01/2026
143347;30/01/2026
143345;30/01/2026
143350;30/01/2026
143175;30/01/2026
143177;30/01/2026
143178;30/01/2026
143179;30/01/2026
143193;30/01/2026
143312;30/01/2026
143313;30/01/2026
143314;30/01/2026
143321;30/01/2026
143186;30/01/2026
143184;30/01/2026
143200;30/01/2026
143267;30/01/2026
143266;30/01/2026
143265;30/01/2026
143000;30/01/2026
143212;30/01/2026
143207;30/01/2026
143181;30/01/2026
143180;30/01/2026
143182;30/01/2026
143082;30/01/2026
143064;30/01/2026
143152;30/01/2026
143081;30/01/2026
143135;30/01/2026
143009;30/01/2026
143008;30/01/2026
143340;30/01/2026
143341;30/01/2026
142991;30/01/2026
142992;30/01/2026
143269;30/01/2026
143263;30/01/2026
143004;30/01/2026
143005;30/01/2026
143249;30/01/2026
143248;30/01/2026
143383;31/01/2026
143385;31/01/2026
143386;31/01/2026
143384;31/01/2026
143466;31/01/2026
143465;31/01/2026
143464;31/01/2026
143467;31/01/2026
143536;31/01/2026
143531;31/01/2026
143405;31/01/2026
143407;31/01/2026
143406;31/01/2026
143561;31/01/2026
143462;31/01/2026
143461;31/01/2026
143415;31/01/2026
143554;31/01/2026
143413;31/01/2026
143431;31/01/2026
143485;31/01/2026
143484;31/01/2026
143374;31/01/2026
143425;31/01/2026
143425;31/01/2026
143429;31/01/2026
143429;31/01/2026
143504;31/01/2026
143501;31/01/2026
143389;31/01/2026
143508;31/01/2026
143502;31/01/2026
143566;31/01/2026
143519;31/01/2026
143473;31/01/2026
143472;31/01/2026
143521;31/01/2026
143520;31/01/2026
143499;31/01/2026
143512;31/01/2026
303596;31/01/2026
303595;31/01/2026
143417;31/01/2026
143416;31/01/2026
143479;31/01/2026
143478;31/01/2026
143511;31/01/2026
143493;31/01/2026
143378;31/01/2026
143418;31/01/2026
143397;31/01/2026
143398;31/01/2026
143398;31/01/2026
143398;31/01/2026
143495;31/01/2026
143526;31/01/2026
143527;31/01/2026
143445;31/01/2026
143444;31/01/2026
143446;31/01/2026
143435;31/01/2026
143436;31/01/2026
143433;31/01/2026
143434;31/01/2026
143400;31/01/2026
143400;31/01/2026
143399;31/01/2026
143399;31/01/2026
143365;31/01/2026
143401;31/01/2026
143402;31/01/2026
143403;31/01/2026
143480;31/01/2026
143507;31/01/2026
143489;31/01/2026
143506;31/01/2026
143500;31/01/2026
143352;31/01/2026
143565;31/01/2026
143377;31/01/2026
143509;31/01/2026
143359;31/01/2026
143360;31/01/2026
143358;31/01/2026
143535;31/01/2026
143539;31/01/2026
143534;31/01/2026
143353;31/01/2026
143355;31/01/2026
143357;31/01/2026
143532;31/01/2026
143529;31/01/2026
143538;31/01/2026
143356;31/01/2026
143528;31/01/2026
154923;31/01/2026
143562;31/01/2026
143419;31/01/2026
143419;31/01/2026
143419;31/01/2026
143530;31/01/2026
154925;31/01/2026
143533;31/01/2026
143517;31/01/2026
143441;31/01/2026
143440;31/01/2026
143439;31/01/2026
143438;31/01/2026
143443;31/01/2026
143442;31/01/2026
143373;31/01/2026
143537;31/01/2026
143540;31/01/2026
143447;31/01/2026
143574;31/01/2026
143575;31/01/2026
143430;31/01/2026
143432;31/01/2026
143471;31/01/2026
143468;31/01/2026
143563;31/01/2026
143414;31/01/2026
143364;31/01/2026
143567;31/01/2026
143388;31/01/2026
143391;31/01/2026
143525;31/01/2026
143522;31/01/2026
143576;31/01/2026
143577;31/01/2026
143578;31/01/2026
143569;31/01/2026
143568;31/01/2026
143570;31/01/2026
143572;31/01/2026
143573;31/01/2026
143571;31/01/2026
143450;31/01/2026
143449;31/01/2026
143448;31/01/2026
143455;31/01/2026
143460;31/01/2026
143541;31/01/2026
143487;31/01/2026
143490;31/01/2026
143518;31/01/2026
143516;31/01/2026
143474;31/01/2026
143475;31/01/2026
143392;31/01/2026
143387;31/01/2026
143486;31/01/2026
143481;31/01/2026
143542;31/01/2026
143543;31/01/2026
143544;31/01/2026
143545;31/01/2026
143494;31/01/2026
143482;31/01/2026
143483;31/01/2026
143469;31/01/2026
143477;31/01/2026
143476;31/01/2026
143470;31/01/2026
143505;31/01/2026
143515;31/01/2026
143514;31/01/2026
143491;31/01/2026
143488;31/01/2026
143510;31/01/2026
143513;31/01/2026
143498;31/01/2026
143381;31/01/2026
143379;31/01/2026
143380;31/01/2026
143382;31/01/2026
143524;31/01/2026
143523;31/01/2026
143371;31/01/2026
143367;31/01/2026
143363;31/01/2026
143366;31/01/2026
143354;31/01/2026
143559;31/01/2026
143560;31/01/2026
143376;31/01/2026
143375;31/01/2026
143497;31/01/2026
143546;31/01/2026
143547;31/01/2026
143454;31/01/2026
143548;31/01/2026
143549;31/01/2026
143550;31/01/2026
143496;31/01/2026
143492;31/01/2026
143551;31/01/2026
143558;31/01/2026
143557;31/01/2026
143556;31/01/2026
143555;31/01/2026
143410;31/01/2026
143409;31/01/2026
143408;31/01/2026
143437;31/01/2026
143564;31/01/2026
143412;31/01/2026
143411;31/01/2026
143428;31/01/2026
143420;31/01/2026
143427;31/01/2026
143421;31/01/2026
143424;31/01/2026
143423;31/01/2026
143458;31/01/2026
143451;31/01/2026
143453;31/01/2026
143457;31/01/2026
143459;31/01/2026
143452;31/01/2026
143456;31/01/2026
143553;31/01/2026
143552;31/01/2026
143370;31/01/2026
143372;31/01/2026
143368;31/01/2026
143369;31/01/2026
143396;31/01/2026
143395;31/01/2026
143503;31/01/2026
143394;31/01/2026
143393;31/01/2026
143390;31/01/2026
143422;31/01/2026
143426;31/01/2026
143361;31/01/2026
143362;31/01/2026
303611;02/02/2026
303612;02/02/2026
143720;02/02/2026
143721;02/02/2026
38773;02/02/2026
143714;02/02/2026
143732;02/02/2026
143733;02/02/2026
143734;02/02/2026
143735;02/02/2026
143736;02/02/2026
143608;02/02/2026
143670;02/02/2026
143687;02/02/2026
143727;02/02/2026
143726;02/02/2026
143648;02/02/2026
143718;02/02/2026
143716;02/02/2026
143715;02/02/2026
143719;02/02/2026
143702;02/02/2026
143701;02/02/2026
143729;02/02/2026
143728;02/02/2026
143730;02/02/2026
143731;02/02/2026
143600;02/02/2026
143599;02/02/2026
143603;02/02/2026
143602;02/02/2026
143601;02/02/2026
143598;02/02/2026
143597;02/02/2026
143641;02/02/2026
143640;02/02/2026
143639;02/02/2026
143645;02/02/2026
143646;02/02/2026
143647;02/02/2026
143708;02/02/2026
143707;02/02/2026
143699;02/02/2026
143700;02/02/2026
143737;02/02/2026
143738;02/02/2026
143644;02/02/2026
143642;02/02/2026
143643;02/02/2026
143649;02/02/2026
143743;02/02/2026
143741;02/02/2026
143742;02/02/2026
143723;02/02/2026
143630;02/02/2026
143627;02/02/2026
143629;02/02/2026
143637;02/02/2026
143628;02/02/2026
143626;02/02/2026
143635;02/02/2026
143634;02/02/2026
143633;02/02/2026
143659;02/02/2026
143664;02/02/2026
143663;02/02/2026
143662;02/02/2026
143657;02/02/2026
143658;02/02/2026
143610;02/02/2026
143739;02/02/2026
143740;02/02/2026
143744;02/02/2026
143615;02/02/2026
143613;02/02/2026
143638;02/02/2026
143631;02/02/2026
143636;02/02/2026
143704;02/02/2026
143705;02/02/2026
143620;02/02/2026
143619;02/02/2026
143623;02/02/2026
143622;02/02/2026
143694;02/02/2026
143697;02/02/2026
143617;02/02/2026
143616;02/02/2026
143713;02/02/2026
143711;02/02/2026
143651;02/02/2026
143652;02/02/2026
143678;02/02/2026
143682;02/02/2026
143677;02/02/2026
143669;02/02/2026
38772;02/02/2026
143673;02/02/2026
143675;02/02/2026
143674;02/02/2026
143672;02/02/2026
143679;02/02/2026
143681;02/02/2026
143666;02/02/2026
143579;02/02/2026
143671;02/02/2026
143609;02/02/2026
143692;02/02/2026
143618;02/02/2026
143650;02/02/2026
143676;02/02/2026
143698;02/02/2026
143688;02/02/2026
143585;02/02/2026
143722;02/02/2026
143695;02/02/2026
143693;02/02/2026
143693;02/02/2026
143693;02/02/2026
143696;02/02/2026
143660;02/02/2026
143661;02/02/2026
143703;02/02/2026
143703;02/02/2026
143709;02/02/2026
143706;02/02/2026
143725;02/02/2026
143724;02/02/2026
143625;02/02/2026
143624;02/02/2026
143621;02/02/2026
143667;02/02/2026
143668;02/02/2026
143712;02/02/2026
143710;02/02/2026
143665;02/02/2026
143746;02/02/2026
143745;02/02/2026
143748;02/02/2026
143749;02/02/2026
143747;02/02/2026
143683;02/02/2026
143689;02/02/2026
143684;02/02/2026
143685;02/02/2026
143690;02/02/2026
143686;02/02/2026
143632;02/02/2026
143680;02/02/2026
143717;02/02/2026
143614;02/02/2026
143604;02/02/2026
143605;02/02/2026
143606;02/02/2026
143607;02/02/2026
143655;02/02/2026
143656;02/02/2026
143653;02/02/2026
143654;02/02/2026
143754;03/02/2026
143757;03/02/2026
143758;03/02/2026
143964;03/02/2026
143963;03/02/2026
143790;03/02/2026
143885;03/02/2026
38791;03/02/2026
38792;03/02/2026
143972;03/02/2026
143800;03/02/2026
143801;03/02/2026
38782;03/02/2026
38790;03/02/2026
38793;03/02/2026
38779;03/02/2026
38779;03/02/2026
38783;03/02/2026
143907;03/02/2026
38774;03/02/2026
38775;03/02/2026
38787;03/02/2026
38796;03/02/2026
38780;03/02/2026
38781;03/02/2026
38795;03/02/2026
38795;03/02/2026
38789;03/02/2026
38776;03/02/2026
38794;03/02/2026
38786;03/02/2026
38784;03/02/2026
38785;03/02/2026
143812;03/02/2026
143811;03/02/2026
143878;03/02/2026
143879;03/02/2026
143932;03/02/2026
143933;03/02/2026
143753;03/02/2026
143771;03/02/2026
143820;03/02/2026
143945;03/02/2026
143756;03/02/2026
143826;03/02/2026
143924;03/02/2026
143924;03/02/2026
143815;03/02/2026
143835;03/02/2026
143821;03/02/2026
144003;03/02/2026
144004;03/02/2026
143793;03/02/2026
143794;03/02/2026
143788;03/02/2026
143900;03/02/2026
143906;03/02/2026
143982;03/02/2026
143984;03/02/2026
15059;03/02/2026
143957;03/02/2026
143958;03/02/2026
143923;03/02/2026
144002;03/02/2026
143814;03/02/2026
143937;03/02/2026
143922;03/02/2026
143918;03/02/2026
143789;03/02/2026
143989;03/02/2026
143989;03/02/2026
143989;03/02/2026
143987;03/02/2026
143987;03/02/2026
143987;03/02/2026
143851;03/02/2026
143872;03/02/2026
143822;03/02/2026
143973;03/02/2026
143908;03/02/2026
143841;03/02/2026
143840;03/02/2026
143925;03/02/2026
143960;03/02/2026
15057;03/02/2026
143816;03/02/2026
143817;03/02/2026
143997;03/02/2026
143792;03/02/2026
143845;03/02/2026
143948;03/02/2026
143847;03/02/2026
143983;03/02/2026
143902;03/02/2026
143901;03/02/2026
143873;03/02/2026
144001;03/02/2026
143913;03/02/2026
143852;03/02/2026
143880;03/02/2026
143853;03/02/2026
143882;03/02/2026
143886;03/02/2026
143947;03/02/2026
143946;03/02/2026
143895;03/02/2026
143934;03/02/2026
143935;03/02/2026
143986;03/02/2026
143988;03/02/2026
143905;03/02/2026
143751;03/02/2026
143752;03/02/2026
143919;03/02/2026
143920;03/02/2026
143949;03/02/2026
143912;03/02/2026
144005;03/02/2026
143842;03/02/2026
143798;03/02/2026
143797;03/02/2026
143799;03/02/2026
143874;03/02/2026
143903;03/02/2026
143942;03/02/2026
143941;03/02/2026
143940;03/02/2026
143944;03/02/2026
143943;03/02/2026
143761;03/02/2026
143759;03/02/2026
143765;03/02/2026
143764;03/02/2026
143991;03/02/2026
143990;03/02/2026
143791;03/02/2026
143802;03/02/2026
143805;03/02/2026
143803;03/02/2026
143804;03/02/2026
143806;03/02/2026
143807;03/02/2026
143766;03/02/2026
143763;03/02/2026
143760;03/02/2026
143762;03/02/2026
143981;03/02/2026
143773;03/02/2026
143772;03/02/2026
143785;03/02/2026
143909;03/02/2026
143891;03/02/2026
143892;03/02/2026
143893;03/02/2026
143894;03/02/2026
143828;03/02/2026
143831;03/02/2026
143778;03/02/2026
143777;03/02/2026
143823;03/02/2026
143839;03/02/2026
143877;03/02/2026
143775;03/02/2026
143774;03/02/2026
143818;03/02/2026
143819;03/02/2026
143938;03/02/2026
143810;03/02/2026
143808;03/02/2026
143824;03/02/2026
143770;03/02/2026
143769;03/02/2026
143969;03/02/2026
143970;03/02/2026
143780;03/02/2026
143779;03/02/2026
143914;03/02/2026
143755;03/02/2026
143750;03/02/2026
144006;03/02/2026
143836;03/02/2026
143784;03/02/2026
38778;03/02/2026
143979;03/02/2026
143980;03/02/2026
143849;03/02/2026
143850;03/02/2026
143848;03/02/2026
143781;03/02/2026
143782;03/02/2026
143961;03/02/2026
143962;03/02/2026
143992;03/02/2026
143993;03/02/2026
143976;03/02/2026
143977;03/02/2026
143898;03/02/2026
143899;03/02/2026
143837;03/02/2026
143838;03/02/2026
143896;03/02/2026
143897;03/02/2026
143767;03/02/2026
143768;03/02/2026
143843;03/02/2026
143978;03/02/2026
38788;03/02/2026
144000;03/02/2026
143999;03/02/2026
143985;03/02/2026
143939;03/02/2026
143921;03/02/2026
143971;03/02/2026
143911;03/02/2026
143911;03/02/2026
143936;03/02/2026
143786;03/02/2026
143813;03/02/2026
143809;03/02/2026
146155;03/02/2026
143956;03/02/2026
143959;03/02/2026
143916;03/02/2026
143917;03/02/2026
143846;03/02/2026
143844;03/02/2026
143930;03/02/2026
143928;03/02/2026
143929;03/02/2026
143927;03/02/2026
143867;03/02/2026
143861;03/02/2026
143862;03/02/2026
143863;03/02/2026
143859;03/02/2026
143869;03/02/2026
143864;03/02/2026
143870;03/02/2026
143865;03/02/2026
143871;03/02/2026
143866;03/02/2026
143868;03/02/2026
143858;03/02/2026
143857;03/02/2026
143860;03/02/2026
143827;03/02/2026
143825;03/02/2026
143974;03/02/2026
143975;03/02/2026
143829;03/02/2026
143830;03/02/2026
143915;03/02/2026
143776;03/02/2026
143910;03/02/2026
143904;03/02/2026
143953;03/02/2026
143953;03/02/2026
143952;03/02/2026
143952;03/02/2026
143994;03/02/2026
143995;03/02/2026
143996;03/02/2026
143955;03/02/2026
143954;03/02/2026
143834;03/02/2026
143965;03/02/2026
143966;03/02/2026
143967;03/02/2026
143968;03/02/2026
38777;03/02/2026
143950;03/02/2026
143951;03/02/2026
143888;03/02/2026
143889;03/02/2026
143890;03/02/2026
143875;03/02/2026
143876;03/02/2026
143884;03/02/2026
143998;03/02/2026
143795;03/02/2026
143796;03/02/2026
143926;03/02/2026
15058;03/02/2026
143787;03/02/2026
143783;03/02/2026
143832;03/02/2026
143833;03/02/2026
144015;04/02/2026
144172;04/02/2026
144331;04/02/2026
144325;04/02/2026
144052;04/02/2026
144018;04/02/2026
144019;04/02/2026
144113;04/02/2026
144138;04/02/2026
144215;04/02/2026
38823;04/02/2026
38822;04/02/2026
38817;04/02/2026
144446;04/02/2026
38824;04/02/2026
144008;04/02/2026
144007;04/02/2026
38818;04/02/2026
38810;04/02/2026
38820;04/02/2026
38814;04/02/2026
38805;04/02/2026
38806;04/02/2026
38803;04/02/2026
38804;04/02/2026
38819;04/02/2026
38802;04/02/2026
38816;04/02/2026
38821;04/02/2026
38813;04/02/2026
38811;04/02/2026
38815;04/02/2026
144397;04/02/2026
144398;04/02/2026
144399;04/02/2026
144400;04/02/2026
38801;04/02/2026
38809;04/02/2026
38812;04/02/2026
38807;04/02/2026
38808;04/02/2026
144189;04/02/2026
144190;04/02/2026
144115;04/02/2026
144122;04/02/2026
144129;04/02/2026
144118;04/02/2026
144133;04/02/2026
144134;04/02/2026
144123;04/02/2026
144117;04/02/2026
144116;04/02/2026
144119;04/02/2026
144130;04/02/2026
144128;04/02/2026
144120;04/02/2026
144124;04/02/2026
144131;04/02/2026
144135;04/02/2026
144126;04/02/2026
144121;04/02/2026
144137;04/02/2026
144125;04/02/2026
144132;04/02/2026
144114;04/02/2026
144127;04/02/2026
144136;04/02/2026
144223;04/02/2026
144228;04/02/2026
144221;04/02/2026
144222;04/02/2026
144225;04/02/2026
144226;04/02/2026
144224;04/02/2026
144266;04/02/2026
144265;04/02/2026
144283;04/02/2026
144280;04/02/2026
144281;04/02/2026
144267;04/02/2026
144268;04/02/2026
144337;04/02/2026
144227;04/02/2026
144140;04/02/2026
144141;04/02/2026
144142;04/02/2026
144418;04/02/2026
154916;04/02/2026
144414;04/02/2026
153944;04/02/2026
144440;04/02/2026
144152;04/02/2026
144413;04/02/2026
144299;04/02/2026
144336;04/02/2026
144186;04/02/2026
144449;04/02/2026
144447;04/02/2026
144385;04/02/2026
144375;04/02/2026
38797;04/02/2026
144328;04/02/2026
144173;04/02/2026
144345;04/02/2026
144342;04/02/2026
144317;04/02/2026
144346;04/02/2026
144330;04/02/2026
144318;04/02/2026
144343;04/02/2026
144348;04/02/2026
144321;04/02/2026
144314;04/02/2026
144329;04/02/2026
144350;04/02/2026
144319;04/02/2026
144349;04/02/2026
144322;04/02/2026
144352;04/02/2026
144313;04/02/2026
144323;04/02/2026
303634;04/02/2026
303635;04/02/2026
303633;04/02/2026
303636;04/02/2026
144358;04/02/2026
144250;04/02/2026
144455;04/02/2026
144456;04/02/2026
144467;04/02/2026
144009;04/02/2026
144310;04/02/2026
144061;04/02/2026
144057;04/02/2026
144016;04/02/2026
144017;04/02/2026
144378;04/02/2026
144379;04/02/2026
144381;04/02/2026
144381;04/02/2026
144382;04/02/2026
144382;04/02/2026
144074;04/02/2026
144069;04/02/2026
144076;04/02/2026
144080;04/02/2026
144434;04/02/2026
144436;04/02/2026
144075;04/02/2026
144073;04/02/2026
144306;04/02/2026
144305;04/02/2026
38798;04/02/2026
144294;04/02/2026
144293;04/02/2026
144292;04/02/2026
144295;04/02/2026
144432;04/02/2026
144386;04/02/2026
144192;04/02/2026
144146;04/02/2026
144147;04/02/2026
144262;04/02/2026
144388;04/02/2026
144064;04/02/2026
144060;04/02/2026
144062;04/02/2026
144063;04/02/2026
144374;04/02/2026
144373;04/02/2026
144082;04/02/2026
144174;04/02/2026
144174;04/02/2026
144371;04/02/2026
144405;04/02/2026
144181;04/02/2026
144181;04/02/2026
144201;04/02/2026
144415;04/02/2026
144435;04/02/2026
144296;04/02/2026
144401;04/02/2026
144180;04/02/2026
144059;04/02/2026
144058;04/02/2026
144263;04/02/2026
144191;04/02/2026
144051;04/02/2026
144049;04/02/2026
144048;04/02/2026
144047;04/02/2026
144041;04/02/2026
144042;04/02/2026
144044;04/02/2026
144043;04/02/2026
144045;04/02/2026
144046;04/02/2026
144168;04/02/2026
144389;04/02/2026
144392;04/02/2026
144176;04/02/2026
144176;04/02/2026
144177;04/02/2026
144177;04/02/2026
144204;04/02/2026
144416;04/02/2026
154919;04/02/2026
144417;04/02/2026
144464;04/02/2026
144459;04/02/2026
144028;04/02/2026
144026;04/02/2026
144034;04/02/2026
144030;04/02/2026
144027;04/02/2026
144029;04/02/2026
144033;04/02/2026
144032;04/02/2026
144031;04/02/2026
144025;04/02/2026
144024;04/02/2026
144210;04/02/2026
144241;04/02/2026
144213;04/02/2026
144242;04/02/2026
144205;04/02/2026
144243;04/02/2026
144211;04/02/2026
144231;04/02/2026
144212;04/02/2026
144244;04/02/2026
144206;04/02/2026
144246;04/02/2026
144264;04/02/2026
144208;04/02/2026
144247;04/02/2026
144207;04/02/2026
144248;04/02/2026
144220;04/02/2026
144249;04/02/2026
144218;04/02/2026
144238;04/02/2026
144209;04/02/2026
144240;04/02/2026
144219;04/02/2026
144237;04/02/2026
144187;04/02/2026
144214;04/02/2026
144239;04/02/2026
144229;04/02/2026
144236;04/02/2026
144448;04/02/2026
144182;04/02/2026
144430;04/02/2026
144065;04/02/2026
144288;04/02/2026
144162;04/02/2026
144145;04/02/2026
144438;04/02/2026
144110;04/02/2026
144109;04/02/2026
144368;04/02/2026
144068;04/02/2026
144366;04/02/2026
144365;04/02/2026
144088;04/02/2026
144086;04/02/2026
144087;04/02/2026
144084;04/02/2026
144085;04/02/2026
144072;04/02/2026
144276;04/02/2026
144277;04/02/2026
144431;04/02/2026
144423;04/02/2026
144426;04/02/2026
144112;04/02/2026
144112;04/02/2026
144439;04/02/2026
144437;04/02/2026
144179;04/02/2026
144179;04/02/2026
144411;04/02/2026
144412;04/02/2026
144175;04/02/2026
144175;04/02/2026
144410;04/02/2026
144409;04/02/2026
144408;04/02/2026
144053;04/02/2026
144230;04/02/2026
144050;04/02/2026
144054;04/02/2026
144380;04/02/2026
144380;04/02/2026
144077;04/02/2026
144081;04/02/2026
144185;04/02/2026
144184;04/02/2026
144188;04/02/2026
144271;04/02/2026
144035;04/02/2026
144078;04/02/2026
144339;04/02/2026
144338;04/02/2026
144443;04/02/2026
144444;04/02/2026
144308;04/02/2026
144010;04/02/2026
15060;04/02/2026
144309;04/02/2026
144261;04/02/2026
144013;04/02/2026
144012;04/02/2026
144285;04/02/2026
144282;04/02/2026
144286;04/02/2026
144011;04/02/2026
144284;04/02/2026
144353;04/02/2026
144354;04/02/2026
144355;04/02/2026
144406;04/02/2026
144450;04/02/2026
144451;04/02/2026
144094;04/02/2026
144095;04/02/2026
144096;04/02/2026
144039;04/02/2026
144148;04/02/2026
144151;04/02/2026
144150;04/02/2026
144149;04/02/2026
144461;04/02/2026
144462;04/02/2026
144466;04/02/2026
144457;04/02/2026
144458;04/02/2026
144067;04/02/2026
144066;04/02/2026
144195;04/02/2026
144198;04/02/2026
144021;04/02/2026
144020;04/02/2026
144364;04/02/2026
144363;04/02/2026
157794;04/02/2026
144193;04/02/2026
144199;04/02/2026
144194;04/02/2026
144200;04/02/2026
144196;04/02/2026
144197;04/02/2026
144387;04/02/2026
144089;04/02/2026
144251;04/02/2026
144402;04/02/2026
144014;04/02/2026
144269;04/02/2026
144178;04/02/2026
144157;04/02/2026
144275;04/02/2026
144372;04/02/2026
144372;04/02/2026
144372;04/02/2026
144023;04/02/2026
144022;04/02/2026
144465;04/02/2026
144419;04/02/2026
144422;04/02/2026
144420;04/02/2026
144421;04/02/2026
144351;04/02/2026
144158;04/02/2026
144055;04/02/2026
144056;04/02/2026
144164;04/02/2026
144165;04/02/2026
144169;04/02/2026
144333;04/02/2026
144327;04/02/2026
144334;04/02/2026
144324;04/02/2026
144316;04/02/2026
144312;04/02/2026
144320;04/02/2026
144315;04/02/2026
144344;04/02/2026
144335;04/02/2026
144347;04/02/2026
144332;04/02/2026
144326;04/02/2026
144407;04/02/2026
144302;04/02/2026
144302;04/02/2026
144303;04/02/2026
144303;04/02/2026
144260;04/02/2026
144259;04/02/2026
144258;04/02/2026
144256;04/02/2026
144257;04/02/2026
144255;04/02/2026
144254;04/02/2026
144253;04/02/2026
144252;04/02/2026
144452;04/02/2026
144454;04/02/2026
144453;04/02/2026
144163;04/02/2026
144166;04/02/2026
144170;04/02/2026
144369;04/02/2026
144370;04/02/2026
144367;04/02/2026
144425;04/02/2026
144429;04/02/2026
144428;04/02/2026
144424;04/02/2026
144427;04/02/2026
144441;04/02/2026
144442;04/02/2026
144404;04/02/2026
144090;04/02/2026
144090;04/02/2026
144091;04/02/2026
144091;04/02/2026
144092;04/02/2026
144092;04/02/2026
144083;04/02/2026
144079;04/02/2026
144433;04/02/2026
144139;04/02/2026
144360;04/02/2026
144362;04/02/2026
144361;04/02/2026
144144;04/02/2026
144143;04/02/2026
144311;04/02/2026
144445;04/02/2026
144383;04/02/2026
144383;04/02/2026
144384;04/02/2026
144384;04/02/2026
144301;04/02/2026
144298;04/02/2026
144233;04/02/2026
144232;04/02/2026
144234;04/02/2026
144235;04/02/2026
144297;04/02/2026
144304;04/02/2026
144037;04/02/2026
144036;04/02/2026
144202;04/02/2026
144203;04/02/2026
144038;04/02/2026
144040;04/02/2026
144403;04/02/2026
144245;04/02/2026
144183;04/02/2026
144099;04/02/2026
144098;04/02/2026
144160;04/02/2026
144460;04/02/2026
144463;04/02/2026
144167;04/02/2026
144171;04/02/2026
146153;04/02/2026
144071;04/02/2026
144070;04/02/2026
144393;04/02/2026
144394;04/02/2026
144390;04/02/2026
144391;04/02/2026
144395;04/02/2026
144396;04/02/2026
144377;04/02/2026
144376;04/02/2026
144154;04/02/2026
144155;04/02/2026
144156;04/02/2026
144153;04/02/2026
144607;05/02/2026
144691;05/02/2026
144604;05/02/2026
144519;05/02/2026
144518;05/02/2026
144630;05/02/2026
144629;05/02/2026
144570;05/02/2026
144569;05/02/2026
144648;05/02/2026
144650;05/02/2026
144646;05/02/2026
144762;05/02/2026
144765;05/02/2026
144525;05/02/2026
144526;05/02/2026
144527;05/02/2026
144529;05/02/2026
144528;05/02/2026
38834;05/02/2026
38834;05/02/2026
38834;05/02/2026
144830;05/02/2026
38837;05/02/2026
38838;05/02/2026
144698;05/02/2026
144813;05/02/2026
144812;05/02/2026
38828;05/02/2026
38836;05/02/2026
38836;05/02/2026
38840;05/02/2026
38841;05/02/2026
144608;05/02/2026
144771;05/02/2026
144574;05/02/2026
144575;05/02/2026
144576;05/02/2026
144577;05/02/2026
144572;05/02/2026
144573;05/02/2026
38835;05/02/2026
144697;05/02/2026
144696;05/02/2026
38827;05/02/2026
38849;05/02/2026
38848;05/02/2026
144662;05/02/2026
144663;05/02/2026
38832;05/02/2026
144734;05/02/2026
144735;05/02/2026
38829;05/02/2026
144767;05/02/2026
144768;05/02/2026
144694;05/02/2026
144695;05/02/2026
38831;05/02/2026
144793;05/02/2026
144794;05/02/2026
38852;05/02/2026
38851;05/02/2026
38830;05/02/2026
38833;05/02/2026
38846;05/02/2026
38847;05/02/2026
144671;05/02/2026
144670;05/02/2026
144803;05/02/2026
144804;05/02/2026
144802;05/02/2026
144801;05/02/2026
144592;05/02/2026
144649;05/02/2026
144717;05/02/2026
144549;05/02/2026
144550;05/02/2026
144553;05/02/2026
144554;05/02/2026
144718;05/02/2026
144836;05/02/2026
144599;05/02/2026
144831;05/02/2026
144602;05/02/2026
144722;05/02/2026
144819;05/02/2026
144645;05/02/2026
144658;05/02/2026
144605;05/02/2026
144606;05/02/2026
144512;05/02/2026
144841;05/02/2026
144634;05/02/2026
144496;05/02/2026
144633;05/02/2026
144516;05/02/2026
144513;05/02/2026
144514;05/02/2026
144478;05/02/2026
144481;05/02/2026
144479;05/02/2026
144483;05/02/2026
144474;05/02/2026
144475;05/02/2026
144480;05/02/2026
144482;05/02/2026
144468;05/02/2026
144469;05/02/2026
144476;05/02/2026
144477;05/02/2026
144470;05/02/2026
144471;05/02/2026
144487;05/02/2026
144472;05/02/2026
144473;05/02/2026
144758;05/02/2026
144777;05/02/2026
144779;05/02/2026
144821;05/02/2026
144823;05/02/2026
144822;05/02/2026
144614;05/02/2026
144619;05/02/2026
144503;05/02/2026
144502;05/02/2026
144504;05/02/2026
144566;05/02/2026
144565;05/02/2026
144510;05/02/2026
144511;05/02/2026
144538;05/02/2026
144533;05/02/2026
144536;05/02/2026
144567;05/02/2026
144568;05/02/2026
144679;05/02/2026
144678;05/02/2026
144656;05/02/2026
144774;05/02/2026
144537;05/02/2026
144535;05/02/2026
144773;05/02/2026
144775;05/02/2026
144842;05/02/2026
144772;05/02/2026
144655;05/02/2026
144507;05/02/2026
144508;05/02/2026
144820;05/02/2026
144747;05/02/2026
144748;05/02/2026
144616;05/02/2026
144843;05/02/2026
144661;05/02/2026
144660;05/02/2026
144615;05/02/2026
144714;05/02/2026
144701;05/02/2026
144702;05/02/2026
144703;05/02/2026
144495;05/02/2026
144705;05/02/2026
144825;05/02/2026
144632;05/02/2026
144587;05/02/2026
144585;05/02/2026
144498;05/02/2026
144609;05/02/2026
144829;05/02/2026
144509;05/02/2026
144644;05/02/2026
144643;05/02/2026
144710;05/02/2026
144709;05/02/2026
144621;05/02/2026
144620;05/02/2026
144618;05/02/2026
144617;05/02/2026
144713;05/02/2026
144808;05/02/2026
144806;05/02/2026
144506;05/02/2026
144505;05/02/2026
144811;05/02/2026
144562;05/02/2026
144492;05/02/2026
144494;05/02/2026
144732;05/02/2026
144729;05/02/2026
144716;05/02/2026
144558;05/02/2026
144560;05/02/2026
144561;05/02/2026
144715;05/02/2026
144557;05/02/2026
144700;05/02/2026
144699;05/02/2026
144687;05/02/2026
144686;05/02/2026
144706;05/02/2026
144571;05/02/2026
144719;05/02/2026
144579;05/02/2026
144826;05/02/2026
144673;05/02/2026
144674;05/02/2026
144653;05/02/2026
144541;05/02/2026
144543;05/02/2026
144542;05/02/2026
144544;05/02/2026
144540;05/02/2026
144539;05/02/2026
144807;05/02/2026
144769;05/02/2026
144704;05/02/2026
144484;05/02/2026
144485;05/02/2026
147316;05/02/2026
144486;05/02/2026
144688;05/02/2026
144524;05/02/2026
144593;05/02/2026
144594;05/02/2026
144598;05/02/2026
144764;05/02/2026
144800;05/02/2026
38845;05/02/2026
144840;05/02/2026
144689;05/02/2026
144588;05/02/2026
38826;05/02/2026
144828;05/02/2026
144595;05/02/2026
144552;05/02/2026
144551;05/02/2026
144559;05/02/2026
144835;05/02/2026
144809;05/02/2026
144805;05/02/2026
144501;05/02/2026
144611;05/02/2026
38843;05/02/2026
38843;05/02/2026
38844;05/02/2026
38844;05/02/2026
144578;05/02/2026
144582;05/02/2026
144733;05/02/2026
144733;05/02/2026
144647;05/02/2026
144534;05/02/2026
144531;05/02/2026
144532;05/02/2026
144530;05/02/2026
144682;05/02/2026
144683;05/02/2026
144676;05/02/2026
144675;05/02/2026
144749;05/02/2026
144651;05/02/2026
144491;05/02/2026
144489;05/02/2026
144490;05/02/2026
144493;05/02/2026
144488;05/02/2026
38839;05/02/2026
144547;05/02/2026
144548;05/02/2026
144581;05/02/2026
144580;05/02/2026
144815;05/02/2026
144818;05/02/2026
144817;05/02/2026
144681;05/02/2026
144680;05/02/2026
144546;05/02/2026
144545;05/02/2026
144810;05/02/2026
144657;05/02/2026
144659;05/02/2026
144603;05/02/2026
144814;05/02/2026
144745;05/02/2026
144816;05/02/2026
144755;05/02/2026
144756;05/02/2026
144757;05/02/2026
144754;05/02/2026
144652;05/02/2026
144753;05/02/2026
144720;05/02/2026
144721;05/02/2026
144707;05/02/2026
144707;05/02/2026
144707;05/02/2026
144708;05/02/2026
144708;05/02/2026
144708;05/02/2026
144586;05/02/2026
144584;05/02/2026
144631;05/02/2026
144583;05/02/2026
144635;05/02/2026
144787;05/02/2026
144783;05/02/2026
144786;05/02/2026
144788;05/02/2026
144789;05/02/2026
144781;05/02/2026
144782;05/02/2026
144785;05/02/2026
144784;05/02/2026
144796;05/02/2026
144797;05/02/2026
144798;05/02/2026
144790;05/02/2026
144791;05/02/2026
144795;05/02/2026
144792;05/02/2026
144750;05/02/2026
144746;05/02/2026
144589;05/02/2026
15064;05/02/2026
144799;05/02/2026
154926;05/02/2026
144684;05/02/2026
144690;05/02/2026
144597;05/02/2026
144666;05/02/2026
144665;05/02/2026
144667;05/02/2026
144664;05/02/2026
144693;05/02/2026
144692;05/02/2026
144610;05/02/2026
144601;05/02/2026
144600;05/02/2026
144590;05/02/2026
144591;05/02/2026
38842;05/02/2026
38842;05/02/2026
144500;05/02/2026
144770;05/02/2026
144778;05/02/2026
144780;05/02/2026
144727;05/02/2026
144727;05/02/2026
144726;05/02/2026
144726;05/02/2026
144730;05/02/2026
144730;05/02/2026
144612;05/02/2026
144833;05/02/2026
144834;05/02/2026
144832;05/02/2026
144724;05/02/2026
144838;05/02/2026
144837;05/02/2026
144839;05/02/2026
144596;05/02/2026
144564;05/02/2026
144669;05/02/2026
144668;05/02/2026
144642;05/02/2026
144639;05/02/2026
144640;05/02/2026
144515;05/02/2026
144641;05/02/2026
144638;05/02/2026
144637;05/02/2026
144761;05/02/2026
144760;05/02/2026
144759;05/02/2026
156016;05/02/2026
144672;05/02/2026
144677;05/02/2026
144824;05/02/2026
144827;05/02/2026
144736;05/02/2026
144737;05/02/2026
144738;05/02/2026
144739;05/02/2026
144740;05/02/2026
144741;05/02/2026
144744;05/02/2026
144742;05/02/2026
144743;05/02/2026
144499;05/02/2026
144776;05/02/2026
144497;05/02/2026
144751;05/02/2026
144751;05/02/2026
144752;05/02/2026
144752;05/02/2026
144728;05/02/2026
144728;05/02/2026
144731;05/02/2026
144731;05/02/2026
144555;05/02/2026
144556;05/02/2026
144766;05/02/2026
144763;05/02/2026
144523;05/02/2026
144522;05/02/2026
144521;05/02/2026
144520;05/02/2026
144517;05/02/2026
144613;05/02/2026
144563;05/02/2026
38850;05/02/2026
144711;05/02/2026
144712;05/02/2026
144723;05/02/2026
144725;05/02/2026
303657;06/02/2026
145096;06/02/2026
145065;06/02/2026
145062;06/02/2026
38877;06/02/2026
38878;06/02/2026
145024;06/02/2026
145025;06/02/2026
38857;06/02/2026
145026;06/02/2026
38886;06/02/2026
38887;06/02/2026
38889;06/02/2026
38888;06/02/2026
38873;06/02/2026
38874;06/02/2026
38875;06/02/2026
38876;06/02/2026
38859;06/02/2026
38900;06/02/2026
38902;06/02/2026
38883;06/02/2026
38884;06/02/2026
38891;06/02/2026
38891;06/02/2026
38892;06/02/2026
38892;06/02/2026
38907;06/02/2026
38879;06/02/2026
38881;06/02/2026
38880;06/02/2026
38880;06/02/2026
38870;06/02/2026
38871;06/02/2026
38872;06/02/2026
38908;06/02/2026
38910;06/02/2026
38904;06/02/2026
38898;06/02/2026
38909;06/02/2026
38912;06/02/2026
38911;06/02/2026
38890;06/02/2026
38866;06/02/2026
38868;06/02/2026
38869;06/02/2026
144951;06/02/2026
145073;06/02/2026
145074;06/02/2026
38856;06/02/2026
38894;06/02/2026
38895;06/02/2026
38901;06/02/2026
38903;06/02/2026
38864;06/02/2026
38865;06/02/2026
38865;06/02/2026
38896;06/02/2026
38897;06/02/2026
38905;06/02/2026
38885;06/02/2026
38906;06/02/2026
38858;06/02/2026
144922;06/02/2026
144923;06/02/2026
38899;06/02/2026
144857;06/02/2026
144858;06/02/2026
144947;06/02/2026
144948;06/02/2026
145102;06/02/2026
145103;06/02/2026
38862;06/02/2026
38863;06/02/2026
145104;06/02/2026
145105;06/02/2026
145034;06/02/2026
145035;06/02/2026
145036;06/02/2026
38853;06/02/2026
38854;06/02/2026
38855;06/02/2026
145086;06/02/2026
145087;06/02/2026
38860;06/02/2026
145088;06/02/2026
144853;06/02/2026
144855;06/02/2026
145099;06/02/2026
145100;06/02/2026
145101;06/02/2026
145098;06/02/2026
145097;06/02/2026
144886;06/02/2026
144887;06/02/2026
144884;06/02/2026
144885;06/02/2026
144883;06/02/2026
144946;06/02/2026
144932;06/02/2026
145012;06/02/2026
38861;06/02/2026
144854;06/02/2026
144928;06/02/2026
144929;06/02/2026
145028;06/02/2026
145030;06/02/2026
145027;06/02/2026
145029;06/02/2026
144844;06/02/2026
145115;06/02/2026
144945;06/02/2026
144913;06/02/2026
144916;06/02/2026
144917;06/02/2026
144918;06/02/2026
144921;06/02/2026
144920;06/02/2026
149722;06/02/2026
144919;06/02/2026
144970;06/02/2026
144970;06/02/2026
144969;06/02/2026
144969;06/02/2026
15065;06/02/2026
145044;06/02/2026
145045;06/02/2026
144941;06/02/2026
144940;06/02/2026
144895;06/02/2026
144896;06/02/2026
144986;06/02/2026
144986;06/02/2026
144898;06/02/2026
144942;06/02/2026
144888;06/02/2026
144889;06/02/2026
145085;06/02/2026
145075;06/02/2026
144861;06/02/2026
145009;06/02/2026
145008;06/02/2026
145072;06/02/2026
145077;06/02/2026
145076;06/02/2026
144953;06/02/2026
144927;06/02/2026
145017;06/02/2026
152195;06/02/2026
145069;06/02/2026
145071;06/02/2026
38867;06/02/2026
145070;06/02/2026
144870;06/02/2026
144874;06/02/2026
144930;06/02/2026
144931;06/02/2026
145094;06/02/2026
145110;06/02/2026
144984;06/02/2026
144984;06/02/2026
144961;06/02/2026
38913;06/02/2026
38914;06/02/2026
144982;06/02/2026
144981;06/02/2026
144973;06/02/2026
144987;06/02/2026
144882;06/02/2026
144880;06/02/2026
145107;06/02/2026
145057;06/02/2026
144879;06/02/2026
144881;06/02/2026
144864;06/02/2026
144859;06/02/2026
145114;06/02/2026
144846;06/02/2026
145031;06/02/2026
144983;06/02/2026
144954;06/02/2026
144954;06/02/2026
144938;06/02/2026
145084;06/02/2026
144985;06/02/2026
145022;06/02/2026
145021;06/02/2026
144924;06/02/2026
144892;06/02/2026
144868;06/02/2026
145016;06/02/2026
144995;06/02/2026
144994;06/02/2026
144996;06/02/2026
144998;06/02/2026
144997;06/02/2026
144999;06/02/2026
145041;06/02/2026
38882;06/02/2026
144909;06/02/2026
144902;06/02/2026
144992;06/02/2026
144991;06/02/2026
144905;06/02/2026
144904;06/02/2026
145113;06/02/2026
144933;06/02/2026
144936;06/02/2026
144915;06/02/2026
144871;06/02/2026
144860;06/02/2026
144910;06/02/2026
144903;06/02/2026
144900;06/02/2026
144908;06/02/2026
144907;06/02/2026
144890;06/02/2026
144891;06/02/2026
145093;06/02/2026
144845;06/02/2026
144952;06/02/2026
144906;06/02/2026
144912;06/02/2026
144901;06/02/2026
144899;06/02/2026
144911;06/02/2026
144876;06/02/2026
145116;06/02/2026
144926;06/02/2026
144925;06/02/2026
144944;06/02/2026
144939;06/02/2026
144972;06/02/2026
144971;06/02/2026
144935;06/02/2026
144865;06/02/2026
145000;06/02/2026
145005;06/02/2026
144988;06/02/2026
38893;06/02/2026
38893;06/02/2026
144993;06/02/2026
144849;06/02/2026
144850;06/02/2026
144893;06/02/2026
144894;06/02/2026
144949;06/02/2026
145059;06/02/2026
145060;06/02/2026
145056;06/02/2026
144990;06/02/2026
144975;06/02/2026
144968;06/02/2026
144979;06/02/2026
144964;06/02/2026
144956;06/02/2026
145020;06/02/2026
144974;06/02/2026
144967;06/02/2026
144960;06/02/2026
145095;06/02/2026
145092;06/02/2026
145091;06/02/2026
145023;06/02/2026
144978;06/02/2026
144966;06/02/2026
144959;06/02/2026
144989;06/02/2026
144980;06/02/2026
144965;06/02/2026
144957;06/02/2026
145019;06/02/2026
144977;06/02/2026
144963;06/02/2026
144955;06/02/2026
144976;06/02/2026
144962;06/02/2026
144958;06/02/2026
145108;06/02/2026
145111;06/02/2026
145011;06/02/2026
144851;06/02/2026
144897;06/02/2026
145049;06/02/2026
145048;06/02/2026
145046;06/02/2026
144852;06/02/2026
145063;06/02/2026
145058;06/02/2026
145089;06/02/2026
145090;06/02/2026
145080;06/02/2026
145081;06/02/2026
145079;06/02/2026
145078;06/02/2026
144862;06/02/2026
144914;06/02/2026
144950;06/02/2026
144943;06/02/2026
144867;06/02/2026
144873;06/02/2026
144872;06/02/2026
144934;06/02/2026
144937;06/02/2026
144866;06/02/2026
144869;06/02/2026
145047;06/02/2026
145083;06/02/2026
145082;06/02/2026
144877;06/02/2026
144875;06/02/2026
145010;06/02/2026
145003;06/02/2026
145002;06/02/2026
145001;06/02/2026
145004;06/02/2026
144847;06/02/2026
144848;06/02/2026
144856;06/02/2026
145109;06/02/2026
144878;06/02/2026
144863;06/02/2026
145061;06/02/2026
145061;06/02/2026
145106;06/02/2026
145112;06/02/2026
145175;07/02/2026
145256;07/02/2026
145255;07/02/2026
145257;07/02/2026
145252;07/02/2026
145248;07/02/2026
145251;07/02/2026
145273;07/02/2026
145128;07/02/2026
145129;07/02/2026
145130;07/02/2026
145132;07/02/2026
145133;07/02/2026
145134;07/02/2026
145131;07/02/2026
145236;07/02/2026
145235;07/02/2026
145237;07/02/2026
145270;07/02/2026
145269;07/02/2026
145271;07/02/2026
145272;07/02/2026
145151;07/02/2026
145154;07/02/2026
145165;07/02/2026
145153;07/02/2026
145155;07/02/2026
145152;07/02/2026
145156;07/02/2026
145412;07/02/2026
145413;07/02/2026
145414;07/02/2026
154944;07/02/2026
145150;07/02/2026
145415;07/02/2026
145416;07/02/2026
145322;07/02/2026
145323;07/02/2026
145320;07/02/2026
154933;07/02/2026
145321;07/02/2026
145319;07/02/2026
154943;07/02/2026
145312;07/02/2026
145311;07/02/2026
145310;07/02/2026
145318;07/02/2026
145317;07/02/2026
154918;07/02/2026
145315;07/02/2026
145316;07/02/2026
145314;07/02/2026
145313;07/02/2026
154921;07/02/2026
145366;07/02/2026
145370;07/02/2026
154917;07/02/2026
145361;07/02/2026
145377;07/02/2026
145417;07/02/2026
145418;07/02/2026
145411;07/02/2026
145406;07/02/2026
145405;07/02/2026
145404;07/02/2026
154168;07/02/2026
145408;07/02/2026
145407;07/02/2026
145409;07/02/2026
145410;07/02/2026
153948;07/02/2026
145419;07/02/2026
145420;07/02/2026
145421;07/02/2026
154920;07/02/2026
145371;07/02/2026
145369;07/02/2026
145362;07/02/2026
145373;07/02/2026
154922;07/02/2026
145176;07/02/2026
145177;07/02/2026
145348;07/02/2026
145347;07/02/2026
145149;07/02/2026
145157;07/02/2026
145349;07/02/2026
145350;07/02/2026
145351;07/02/2026
154924;07/02/2026
145188;07/02/2026
145191;07/02/2026
145190;07/02/2026
145194;07/02/2026
145193;07/02/2026
145192;07/02/2026
145186;07/02/2026
145187;07/02/2026
145189;07/02/2026
145253;07/02/2026
145254;07/02/2026
145250;07/02/2026
145376;07/02/2026
145403;07/02/2026
145240;07/02/2026
145393;07/02/2026
145364;07/02/2026
145354;07/02/2026
145297;07/02/2026
145296;07/02/2026
145295;07/02/2026
145137;07/02/2026
145138;07/02/2026
145213;07/02/2026
145214;07/02/2026
145228;07/02/2026
145232;07/02/2026
145234;07/02/2026
145233;07/02/2026
145224;07/02/2026
145222;07/02/2026
145221;07/02/2026
145223;07/02/2026
145230;07/02/2026
145231;07/02/2026
145229;07/02/2026
145227;07/02/2026
145220;07/02/2026
145215;07/02/2026
145226;07/02/2026
145218;07/02/2026
145225;07/02/2026
145217;07/02/2026
145212;07/02/2026
145352;07/02/2026
145135;07/02/2026
145136;07/02/2026
145195;07/02/2026
145395;07/02/2026
145397;07/02/2026
145396;07/02/2026
145182;07/02/2026
145343;07/02/2026
145159;07/02/2026
145372;07/02/2026
145160;07/02/2026
145346;07/02/2026
145184;07/02/2026
145161;07/02/2026
145185;07/02/2026
145363;07/02/2026
145280;07/02/2026
145162;07/02/2026
145163;07/02/2026
145164;07/02/2026
145365;07/02/2026
145196;07/02/2026
145197;07/02/2026
145198;07/02/2026
145199;07/02/2026
145169;07/02/2026
145168;07/02/2026
145170;07/02/2026
145200;07/02/2026
145201;07/02/2026
154180;07/02/2026
145202;07/02/2026
145171;07/02/2026
145172;07/02/2026
145173;07/02/2026
145174;07/02/2026
145211;07/02/2026
145359;07/02/2026
145203;07/02/2026
145123;07/02/2026
145125;07/02/2026
145124;07/02/2026
145247;07/02/2026
145246;07/02/2026
145118;07/02/2026
145117;07/02/2026
145242;07/02/2026
145427;07/02/2026
145328;07/02/2026
145426;07/02/2026
145358;07/02/2026
145383;07/02/2026
145384;07/02/2026
145385;07/02/2026
145389;07/02/2026
145388;07/02/2026
145387;07/02/2026
145249;07/02/2026
145148;07/02/2026
145158;07/02/2026
145166;07/02/2026
145386;07/02/2026
145265;07/02/2026
145265;07/02/2026
145264;07/02/2026
145264;07/02/2026
145263;07/02/2026
145401;07/02/2026
145244;07/02/2026
145245;07/02/2026
145205;07/02/2026
145204;07/02/2026
145167;07/02/2026
145206;07/02/2026
145402;07/02/2026
145422;07/02/2026
145423;07/02/2026
145183;07/02/2026
145339;07/02/2026
145340;07/02/2026
145207;07/02/2026
145208;07/02/2026
145344;07/02/2026
145345;07/02/2026
145338;07/02/2026
145337;07/02/2026
145180;07/02/2026
145179;07/02/2026
145209;07/02/2026
145178;07/02/2026
145181;07/02/2026
145353;07/02/2026
145355;07/02/2026
145368;07/02/2026
145266;07/02/2026
145267;07/02/2026
145258;07/02/2026
145239;07/02/2026
145394;07/02/2026
145400;07/02/2026
145391;07/02/2026
145399;07/02/2026
145398;07/02/2026
145379;07/02/2026
145381;07/02/2026
145122;07/02/2026
145121;07/02/2026
145120;07/02/2026
145119;07/02/2026
145374;07/02/2026
145332;07/02/2026
145367;07/02/2026
145325;07/02/2026
145324;07/02/2026
145331;07/02/2026
145329;07/02/2026
145330;07/02/2026
145334;07/02/2026
145378;07/02/2026
145210;07/02/2026
145424;07/02/2026
145425;07/02/2026
145141;07/02/2026
145142;07/02/2026
145126;07/02/2026
145127;07/02/2026
145216;07/02/2026
145219;07/02/2026
145140;07/02/2026
145139;07/02/2026
145274;07/02/2026
145290;07/02/2026
145284;07/02/2026
145275;07/02/2026
145292;07/02/2026
145380;07/02/2026
145382;07/02/2026
145276;07/02/2026
145293;07/02/2026
145282;07/02/2026
145278;07/02/2026
145289;07/02/2026
145283;07/02/2026
145277;07/02/2026
145291;07/02/2026
145285;07/02/2026
145279;07/02/2026
145294;07/02/2026
145336;07/02/2026
145335;07/02/2026
145268;07/02/2026
145281;07/02/2026
145287;07/02/2026
145392;07/02/2026
145238;07/02/2026
145288;07/02/2026
145286;07/02/2026
145146;07/02/2026
145333;07/02/2026
153942;07/02/2026
145308;07/02/2026
145309;07/02/2026
145261;07/02/2026
145360;07/02/2026
145375;07/02/2026
145262;07/02/2026
145259;07/02/2026
145260;07/02/2026
145341;07/02/2026
145342;07/02/2026
145357;07/02/2026
145356;07/02/2026
145144;07/02/2026
145147;07/02/2026
145145;07/02/2026
145143;07/02/2026
145304;07/02/2026
145305;07/02/2026
145303;07/02/2026
145306;07/02/2026
145307;07/02/2026
145302;07/02/2026
145301;07/02/2026
145299;07/02/2026
145298;07/02/2026
145300;07/02/2026
145327;07/02/2026
145326;07/02/2026
145390;07/02/2026
145243;07/02/2026
145241;07/02/2026
145467;09/02/2026
145469;09/02/2026
145468;09/02/2026
145490;09/02/2026
145592;09/02/2026
145593;09/02/2026
145451;09/02/2026
145556;09/02/2026
145557;09/02/2026
38920;09/02/2026
145558;09/02/2026
145559;09/02/2026
145680;09/02/2026
145681;09/02/2026
145678;09/02/2026
145679;09/02/2026
145528;09/02/2026
145529;09/02/2026
145530;09/02/2026
145531;09/02/2026
145641;09/02/2026
38925;09/02/2026
38926;09/02/2026
145642;09/02/2026
145644;09/02/2026
38927;09/02/2026
145595;09/02/2026
145594;09/02/2026
145596;09/02/2026
145450;09/02/2026
145449;09/02/2026
38921;09/02/2026
38922;09/02/2026
38916;09/02/2026
38923;09/02/2026
38924;09/02/2026
145564;09/02/2026
145563;09/02/2026
145567;09/02/2026
145566;09/02/2026
145565;09/02/2026
145685;09/02/2026
145686;09/02/2026
145687;09/02/2026
145682;09/02/2026
145684;09/02/2026
145545;09/02/2026
145546;09/02/2026
145551;09/02/2026
145547;09/02/2026
145548;09/02/2026
145549;09/02/2026
145550;09/02/2026
145461;09/02/2026
145462;09/02/2026
145463;09/02/2026
145457;09/02/2026
145457;09/02/2026
145444;09/02/2026
145443;09/02/2026
145442;09/02/2026
145441;09/02/2026
145438;09/02/2026
145481;09/02/2026
145480;09/02/2026
145479;09/02/2026
145478;09/02/2026
145649;09/02/2026
145645;09/02/2026
145560;09/02/2026
145561;09/02/2026
145562;09/02/2026
145607;09/02/2026
145607;09/02/2026
145606;09/02/2026
145606;09/02/2026
145677;09/02/2026
145672;09/02/2026
145675;09/02/2026
145676;09/02/2026
145484;09/02/2026
145489;09/02/2026
145485;09/02/2026
145585;09/02/2026
145587;09/02/2026
145586;09/02/2026
145448;09/02/2026
38928;09/02/2026
145633;09/02/2026
145634;09/02/2026
145638;09/02/2026
145643;09/02/2026
145621;09/02/2026
145650;09/02/2026
145651;09/02/2026
145653;09/02/2026
145654;09/02/2026
145652;09/02/2026
145657;09/02/2026
145660;09/02/2026
145656;09/02/2026
145659;09/02/2026
145658;09/02/2026
145616;09/02/2026
145622;09/02/2026
145625;09/02/2026
145629;09/02/2026
38919;09/02/2026
145623;09/02/2026
145508;09/02/2026
145507;09/02/2026
145527;09/02/2026
145430;09/02/2026
145433;09/02/2026
145591;09/02/2026
145591;09/02/2026
145619;09/02/2026
145618;09/02/2026
145663;09/02/2026
145609;09/02/2026
145683;09/02/2026
145648;09/02/2026
145499;09/02/2026
145437;09/02/2026
145458;09/02/2026
145458;09/02/2026
145488;09/02/2026
145445;09/02/2026
145515;09/02/2026
145552;09/02/2026
145543;09/02/2026
145632;09/02/2026
145553;09/02/2026
145498;09/02/2026
145486;09/02/2026
145624;09/02/2026
145532;09/02/2026
145533;09/02/2026
145534;09/02/2026
145603;09/02/2026
145598;09/02/2026
145602;09/02/2026
145601;09/02/2026
145600;09/02/2026
145599;09/02/2026
145688;09/02/2026
145689;09/02/2026
145690;09/02/2026
145691;09/02/2026
145694;09/02/2026
145692;09/02/2026
145695;09/02/2026
145693;09/02/2026
145571;09/02/2026
145577;09/02/2026
145572;09/02/2026
145573;09/02/2026
145574;09/02/2026
145578;09/02/2026
145575;09/02/2026
145579;09/02/2026
145576;09/02/2026
145608;09/02/2026
145492;09/02/2026
145493;09/02/2026
145630;09/02/2026
145627;09/02/2026
145628;09/02/2026
145631;09/02/2026
145620;09/02/2026
145665;09/02/2026
145664;09/02/2026
145666;09/02/2026
145487;09/02/2026
145459;09/02/2026
145460;09/02/2026
145500;09/02/2026
145501;09/02/2026
145495;09/02/2026
145494;09/02/2026
145440;09/02/2026
145439;09/02/2026
145604;09/02/2026
145435;09/02/2026
145435;09/02/2026
145434;09/02/2026
145434;09/02/2026
145503;09/02/2026
145502;09/02/2026
145640;09/02/2026
145667;09/02/2026
145668;09/02/2026
145590;09/02/2026
145568;09/02/2026
145535;09/02/2026
145535;09/02/2026
145535;09/02/2026
145511;09/02/2026
145473;09/02/2026
145471;09/02/2026
145472;09/02/2026
145647;09/02/2026
145646;09/02/2026
145639;09/02/2026
145466;09/02/2026
145466;09/02/2026
145465;09/02/2026
145465;09/02/2026
145464;09/02/2026
145464;09/02/2026
145611;09/02/2026
145612;09/02/2026
38918;09/02/2026
38918;09/02/2026
145497;09/02/2026
145496;09/02/2026
145504;09/02/2026
145505;09/02/2026
145491;09/02/2026
145670;09/02/2026
145584;09/02/2026
145617;09/02/2026
145580;09/02/2026
145582;09/02/2026
145674;09/02/2026
145581;09/02/2026
145671;09/02/2026
145671;09/02/2026
145669;09/02/2026
145669;09/02/2026
145569;09/02/2026
145655;09/02/2026
145537;09/02/2026
145673;09/02/2026
145613;09/02/2026
145583;09/02/2026
145635;09/02/2026
145452;09/02/2026
145453;09/02/2026
145454;09/02/2026
145605;09/02/2026
38917;09/02/2026
38917;09/02/2026
145474;09/02/2026
145475;09/02/2026
145429;09/02/2026
145429;09/02/2026
145477;09/02/2026
145476;09/02/2026
145636;09/02/2026
145636;09/02/2026
145637;09/02/2026
145637;09/02/2026
145520;09/02/2026
145516;09/02/2026
145519;09/02/2026
147125;09/02/2026
145524;09/02/2026
145570;09/02/2026
145455;09/02/2026
145456;09/02/2026
145615;09/02/2026
145614;09/02/2026
38915;09/02/2026
145447;09/02/2026
145446;09/02/2026
145432;09/02/2026
145431;09/02/2026
145626;09/02/2026
145662;09/02/2026
145661;09/02/2026
145526;09/02/2026
145523;09/02/2026
145588;09/02/2026
145589;09/02/2026
145436;09/02/2026
145517;09/02/2026
145525;09/02/2026
145518;09/02/2026
145522;09/02/2026
145521;09/02/2026
145955;10/02/2026
145953;10/02/2026
145952;10/02/2026
145954;10/02/2026
145753;10/02/2026
145752;10/02/2026
145754;10/02/2026
145758;10/02/2026
145759;10/02/2026
145757;10/02/2026
145873;10/02/2026
145875;10/02/2026
145868;10/02/2026
145879;10/02/2026
145880;10/02/2026
145881;10/02/2026
145882;10/02/2026
145741;10/02/2026
145740;10/02/2026
145856;10/02/2026
38938;10/02/2026
38939;10/02/2026
38936;10/02/2026
38937;10/02/2026
145815;10/02/2026
145816;10/02/2026
145817;10/02/2026
145826;10/02/2026
145827;10/02/2026
145701;10/02/2026
145700;10/02/2026
145702;10/02/2026
145698;10/02/2026
145699;10/02/2026
145787;10/02/2026
145789;10/02/2026
145783;10/02/2026
145767;10/02/2026
145766;10/02/2026
145765;10/02/2026
145764;10/02/2026
145768;10/02/2026
145903;10/02/2026
145905;10/02/2026
145904;10/02/2026
145906;10/02/2026
145770;10/02/2026
145771;10/02/2026
145772;10/02/2026
145773;10/02/2026
145769;10/02/2026
145959;10/02/2026
145956;10/02/2026
145960;10/02/2026
145957;10/02/2026
145958;10/02/2026
145888;10/02/2026
145887;10/02/2026
145886;10/02/2026
145885;10/02/2026
145729;10/02/2026
145735;10/02/2026
145730;10/02/2026
145731;10/02/2026
145892;10/02/2026
145891;10/02/2026
145890;10/02/2026
145889;10/02/2026
145750;10/02/2026
145751;10/02/2026
145751;10/02/2026
145751;10/02/2026
145746;10/02/2026
145745;10/02/2026
145744;10/02/2026
145744;10/02/2026
145744;10/02/2026
145728;10/02/2026
145713;10/02/2026
145715;10/02/2026
145717;10/02/2026
145858;10/02/2026
145859;10/02/2026
145861;10/02/2026
145860;10/02/2026
145822;10/02/2026
145821;10/02/2026
145909;10/02/2026
145907;10/02/2026
145908;10/02/2026
145794;10/02/2026
303706;10/02/2026
145784;10/02/2026
145828;10/02/2026
15067;10/02/2026
145899;10/02/2026
145901;10/02/2026
145913;10/02/2026
145900;10/02/2026
145910;10/02/2026
145902;10/02/2026
145829;10/02/2026
145864;10/02/2026
145876;10/02/2026
145876;10/02/2026
145788;10/02/2026
145786;10/02/2026
145852;10/02/2026
145851;10/02/2026
145946;10/02/2026
145947;10/02/2026
145850;10/02/2026
145871;10/02/2026
145871;10/02/2026
145796;10/02/2026
145796;10/02/2026
145760;10/02/2026
145761;10/02/2026
145820;10/02/2026
145870;10/02/2026
145808;10/02/2026
145810;10/02/2026
145809;10/02/2026
145812;10/02/2026
145811;10/02/2026
145814;10/02/2026
145813;10/02/2026
145964;10/02/2026
145966;10/02/2026
145965;10/02/2026
145967;10/02/2026
145968;10/02/2026
145972;10/02/2026
145971;10/02/2026
145969;10/02/2026
145970;10/02/2026
147091;10/02/2026
145973;10/02/2026
145973;10/02/2026
145974;10/02/2026
145974;10/02/2026
145975;10/02/2026
145975;10/02/2026
145797;10/02/2026
145799;10/02/2026
145802;10/02/2026
145803;10/02/2026
145806;10/02/2026
145807;10/02/2026
145798;10/02/2026
145801;10/02/2026
145800;10/02/2026
145804;10/02/2026
145805;10/02/2026
145976;10/02/2026
145978;10/02/2026
145977;10/02/2026
145979;10/02/2026
145981;10/02/2026
145980;10/02/2026
15066;10/02/2026
145732;10/02/2026
38929;10/02/2026
145736;10/02/2026
145863;10/02/2026
145795;10/02/2026
145743;10/02/2026
145733;10/02/2026
145734;10/02/2026
145948;10/02/2026
145855;10/02/2026
145775;10/02/2026
145776;10/02/2026
145818;10/02/2026
145961;10/02/2026
145849;10/02/2026
145923;10/02/2026
145924;10/02/2026
145925;10/02/2026
145926;10/02/2026
145927;10/02/2026
145928;10/02/2026
145893;10/02/2026
145894;10/02/2026
145895;10/02/2026
145896;10/02/2026
145897;10/02/2026
145898;10/02/2026
145704;10/02/2026
145709;10/02/2026
145705;10/02/2026
145706;10/02/2026
145710;10/02/2026
145707;10/02/2026
145711;10/02/2026
145708;10/02/2026
145714;10/02/2026
145723;10/02/2026
145716;10/02/2026
145718;10/02/2026
145720;10/02/2026
145725;10/02/2026
145721;10/02/2026
145726;10/02/2026
145722;10/02/2026
145935;10/02/2026
145940;10/02/2026
145936;10/02/2026
145937;10/02/2026
145941;10/02/2026
145938;10/02/2026
145942;10/02/2026
145939;10/02/2026
145777;10/02/2026
145779;10/02/2026
145782;10/02/2026
145781;10/02/2026
145780;10/02/2026
145778;10/02/2026
145857;10/02/2026
145865;10/02/2026
145878;10/02/2026
145697;10/02/2026
145819;10/02/2026
145911;10/02/2026
145912;10/02/2026
145790;10/02/2026
145785;10/02/2026
145791;10/02/2026
145792;10/02/2026
145836;10/02/2026
145703;10/02/2026
145866;10/02/2026
145853;10/02/2026
145854;10/02/2026
145747;10/02/2026
145748;10/02/2026
145962;10/02/2026
145963;10/02/2026
145916;10/02/2026
145914;10/02/2026
145921;10/02/2026
145922;10/02/2026
145918;10/02/2026
145763;10/02/2026
145762;10/02/2026
145742;10/02/2026
145929;10/02/2026
145931;10/02/2026
145933;10/02/2026
145932;10/02/2026
145930;10/02/2026
145917;10/02/2026
145920;10/02/2026
145846;10/02/2026
145847;10/02/2026
145844;10/02/2026
145845;10/02/2026
145867;10/02/2026
145712;10/02/2026
145951;10/02/2026
145755;10/02/2026
145756;10/02/2026
145793;10/02/2026
145869;10/02/2026
145874;10/02/2026
145872;10/02/2026
145848;10/02/2026
145727;10/02/2026
145719;10/02/2026
145724;10/02/2026
145749;10/02/2026
145862;10/02/2026
145739;10/02/2026
145738;10/02/2026
145737;10/02/2026
145919;10/02/2026
145915;10/02/2026
145945;10/02/2026
145949;10/02/2026
145943;10/02/2026
145944;10/02/2026
145824;10/02/2026
145825;10/02/2026
145877;10/02/2026
145884;10/02/2026
145696;10/02/2026
15068;10/02/2026
146128;11/02/2026
146127;11/02/2026
146131;11/02/2026
146132;11/02/2026
146282;11/02/2026
146115;11/02/2026
146114;11/02/2026
146041;11/02/2026
146046;11/02/2026
146042;11/02/2026
146045;11/02/2026
146190;11/02/2026
146172;11/02/2026
146180;11/02/2026
146286;11/02/2026
146260;11/02/2026
146227;11/02/2026
146228;11/02/2026
38948;11/02/2026
146229;11/02/2026
146230;11/02/2026
146121;11/02/2026
146122;11/02/2026
146120;11/02/2026
146123;11/02/2026
146263;11/02/2026
146264;11/02/2026
38950;11/02/2026
146265;11/02/2026
146084;11/02/2026
146086;11/02/2026
146085;11/02/2026
146091;11/02/2026
146093;11/02/2026
146094;11/02/2026
146095;11/02/2026
146089;11/02/2026
146090;11/02/2026
146087;11/02/2026
146088;11/02/2026
38952;11/02/2026
38953;11/02/2026
146231;11/02/2026
146232;11/02/2026
146233;11/02/2026
146234;11/02/2026
146181;11/02/2026
146182;11/02/2026
38949;11/02/2026
145996;11/02/2026
145994;11/02/2026
146020;11/02/2026
146235;11/02/2026
146236;11/02/2026
38955;11/02/2026
38954;11/02/2026
146237;11/02/2026
145997;11/02/2026
145995;11/02/2026
38951;11/02/2026
146039;11/02/2026
146038;11/02/2026
146062;11/02/2026
146019;11/02/2026
146027;11/02/2026
146037;11/02/2026
146253;11/02/2026
146021;11/02/2026
146018;11/02/2026
146036;11/02/2026
146203;11/02/2026
146207;11/02/2026
146208;11/02/2026
146212;11/02/2026
146213;11/02/2026
146003;11/02/2026
146092;11/02/2026
146098;11/02/2026
146205;11/02/2026
146211;11/02/2026
146099;11/02/2026
146097;11/02/2026
146262;11/02/2026
146261;11/02/2026
145985;11/02/2026
145986;11/02/2026
146191;11/02/2026
146251;11/02/2026
146252;11/02/2026
15070;11/02/2026
146023;11/02/2026
146022;11/02/2026
146026;11/02/2026
146025;11/02/2026
146118;11/02/2026
146112;11/02/2026
145998;11/02/2026
145999;11/02/2026
146169;11/02/2026
146171;11/02/2026
146166;11/02/2026
146167;11/02/2026
146170;11/02/2026
146168;11/02/2026
146165;11/02/2026
146161;11/02/2026
146163;11/02/2026
146164;11/02/2026
146160;11/02/2026
146162;11/02/2026
146138;11/02/2026
146133;11/02/2026
146194;11/02/2026
146238;11/02/2026
146250;11/02/2026
146067;11/02/2026
146064;11/02/2026
146060;11/02/2026
146057;11/02/2026
146059;11/02/2026
146061;11/02/2026
146243;11/02/2026
146243;11/02/2026
146219;11/02/2026
146268;11/02/2026
146269;11/02/2026
146043;11/02/2026
146040;11/02/2026
146107;11/02/2026
146108;11/02/2026
146109;11/02/2026
146221;11/02/2026
146199;11/02/2026
146202;11/02/2026
145990;11/02/2026
146183;11/02/2026
146055;11/02/2026
146056;11/02/2026
146244;11/02/2026
146245;11/02/2026
146246;11/02/2026
145984;11/02/2026
146078;11/02/2026
146077;11/02/2026
146281;11/02/2026
146029;11/02/2026
154942;11/02/2026
146030;11/02/2026
146031;11/02/2026
146104;11/02/2026
146103;11/02/2026
146065;11/02/2026
146158;11/02/2026
146249;11/02/2026
146070;11/02/2026
146069;11/02/2026
146071;11/02/2026
146072;11/02/2026
146073;11/02/2026
146074;11/02/2026
146254;11/02/2026
146255;11/02/2026
146257;11/02/2026
146258;11/02/2026
146259;11/02/2026
146280;11/02/2026
146279;11/02/2026
146278;11/02/2026
146277;11/02/2026
146276;11/02/2026
146143;11/02/2026
146144;11/02/2026
146223;11/02/2026
146113;11/02/2026
146110;11/02/2026
146005;11/02/2026
146145;11/02/2026
146142;11/02/2026
146106;11/02/2026
146082;11/02/2026
146081;11/02/2026
146215;11/02/2026
146216;11/02/2026
146217;11/02/2026
146217;11/02/2026
146217;11/02/2026
146218;11/02/2026
146218;11/02/2026
146218;11/02/2026
38958;11/02/2026
146009;11/02/2026
146083;11/02/2026
146111;11/02/2026
146119;11/02/2026
15069;11/02/2026
146149;11/02/2026
146150;11/02/2026
146148;11/02/2026
146285;11/02/2026
146063;11/02/2026
146200;11/02/2026
146100;11/02/2026
146102;11/02/2026
146101;11/02/2026
146007;11/02/2026
146008;11/02/2026
146247;11/02/2026
146248;11/02/2026
146076;11/02/2026
146075;11/02/2026
146096;11/02/2026
146130;11/02/2026
146224;11/02/2026
146284;11/02/2026
146129;11/02/2026
146068;11/02/2026
146239;11/02/2026
146240;11/02/2026
146116;11/02/2026
146117;11/02/2026
146242;11/02/2026
146241;11/02/2026
146198;11/02/2026
146197;11/02/2026
146206;11/02/2026
38956;11/02/2026
38957;11/02/2026
146135;11/02/2026
146134;11/02/2026
146273;11/02/2026
146274;11/02/2026
146275;11/02/2026
145991;11/02/2026
145993;11/02/2026
145992;11/02/2026
146209;11/02/2026
146204;11/02/2026
146210;11/02/2026
146189;11/02/2026
146188;11/02/2026
146195;11/02/2026
146017;11/02/2026
146024;11/02/2026
146124;11/02/2026
146126;11/02/2026
146125;11/02/2026
146283;11/02/2026
145987;11/02/2026
145988;11/02/2026
145982;11/02/2026
145983;11/02/2026
146080;11/02/2026
146079;11/02/2026
146048;11/02/2026
146054;11/02/2026
146011;11/02/2026
146035;11/02/2026
146012;11/02/2026
146032;11/02/2026
146014;11/02/2026
146034;11/02/2026
146050;11/02/2026
146049;11/02/2026
146053;11/02/2026
146051;11/02/2026
146016;11/02/2026
146015;11/02/2026
146013;11/02/2026
146033;11/02/2026
146052;11/02/2026
146000;11/02/2026
146047;11/02/2026
146004;11/02/2026
146002;11/02/2026
146001;11/02/2026
146225;11/02/2026
146220;11/02/2026
146201;11/02/2026
146028;11/02/2026
146141;11/02/2026
146137;11/02/2026
146140;11/02/2026
146192;11/02/2026
146193;11/02/2026
146267;11/02/2026
146266;11/02/2026
146044;11/02/2026
146058;11/02/2026
146272;11/02/2026
146272;11/02/2026
146006;11/02/2026
146010;11/02/2026
146136;11/02/2026
146139;11/02/2026
146066;11/02/2026
145989;11/02/2026
146105;11/02/2026
146147;11/02/2026
146146;11/02/2026
146270;11/02/2026
146270;11/02/2026
146271;11/02/2026
146271;11/02/2026
146184;11/02/2026
146185;11/02/2026
303738;12/02/2026
146334;12/02/2026
146335;12/02/2026
146655;12/02/2026
146654;12/02/2026
146626;12/02/2026
146627;12/02/2026
146574;12/02/2026
146575;12/02/2026
146617;12/02/2026
146618;12/02/2026
146480;12/02/2026
146316;12/02/2026
146673;12/02/2026
146589;12/02/2026
146373;12/02/2026
146290;12/02/2026
146290;12/02/2026
146321;12/02/2026
146322;12/02/2026
146320;12/02/2026
146323;12/02/2026
38965;12/02/2026
38961;12/02/2026
38960;12/02/2026
38968;12/02/2026
38967;12/02/2026
146526;12/02/2026
38962;12/02/2026
146525;12/02/2026
146527;12/02/2026
146293;12/02/2026
146294;12/02/2026
146295;12/02/2026
146310;12/02/2026
146311;12/02/2026
146312;12/02/2026
146313;12/02/2026
38966;12/02/2026
146668;12/02/2026
146669;12/02/2026
146398;12/02/2026
146391;12/02/2026
146387;12/02/2026
146409;12/02/2026
146332;12/02/2026
146303;12/02/2026
146408;12/02/2026
146407;12/02/2026
146463;12/02/2026
146338;12/02/2026
146406;12/02/2026
146388;12/02/2026
146614;12/02/2026
146405;12/02/2026
146386;12/02/2026
146333;12/02/2026
146665;12/02/2026
146666;12/02/2026
146462;12/02/2026
146461;12/02/2026
146460;12/02/2026
146459;12/02/2026
146714;12/02/2026
146550;12/02/2026
146319;12/02/2026
146317;12/02/2026
146314;12/02/2026
146377;12/02/2026
146490;12/02/2026
146491;12/02/2026
146659;12/02/2026
146660;12/02/2026
146342;12/02/2026
146344;12/02/2026
146341;12/02/2026
146340;12/02/2026
146683;12/02/2026
146684;12/02/2026
146679;12/02/2026
146650;12/02/2026
146649;12/02/2026
146359;12/02/2026
146514;12/02/2026
146590;12/02/2026
146300;12/02/2026
146301;12/02/2026
146299;12/02/2026
146634;12/02/2026
146631;12/02/2026
146630;12/02/2026
146633;12/02/2026
146632;12/02/2026
146287;12/02/2026
146288;12/02/2026
146289;12/02/2026
146506;12/02/2026
146508;12/02/2026
146343;12/02/2026
146434;12/02/2026
146433;12/02/2026
146431;12/02/2026
146432;12/02/2026
146429;12/02/2026
146430;12/02/2026
146440;12/02/2026
146441;12/02/2026
38970;12/02/2026
38959;12/02/2026
146601;12/02/2026
146605;12/02/2026
146600;12/02/2026
146597;12/02/2026
146603;12/02/2026
146599;12/02/2026
146594;12/02/2026
146604;12/02/2026
146604;12/02/2026
146596;12/02/2026
146596;12/02/2026
146602;12/02/2026
146593;12/02/2026
146595;12/02/2026
146598;12/02/2026
146561;12/02/2026
146549;12/02/2026
146571;12/02/2026
146569;12/02/2026
146570;12/02/2026
146350;12/02/2026
146616;12/02/2026
146568;12/02/2026
146548;12/02/2026
146622;12/02/2026
146302;12/02/2026
146325;12/02/2026
146324;12/02/2026
146329;12/02/2026
146489;12/02/2026
146613;12/02/2026
146351;12/02/2026
146612;12/02/2026
146625;12/02/2026
146688;12/02/2026
146677;12/02/2026
146682;12/02/2026
146681;12/02/2026
146687;12/02/2026
146686;12/02/2026
146691;12/02/2026
146690;12/02/2026
146685;12/02/2026
146689;12/02/2026
146680;12/02/2026
146347;12/02/2026
146664;12/02/2026
146647;12/02/2026
146646;12/02/2026
146330;12/02/2026
146326;12/02/2026
146671;12/02/2026
146672;12/02/2026
146327;12/02/2026
146624;12/02/2026
146339;12/02/2026
146639;12/02/2026
146315;12/02/2026
146522;12/02/2026
146353;12/02/2026
146353;12/02/2026
146352;12/02/2026
146352;12/02/2026
146354;12/02/2026
146354;12/02/2026
146725;12/02/2026
146346;12/02/2026
38964;12/02/2026
146730;12/02/2026
146581;12/02/2026
146524;12/02/2026
146467;12/02/2026
146523;12/02/2026
146309;12/02/2026
146304;12/02/2026
146305;12/02/2026
146306;12/02/2026
146308;12/02/2026
146307;12/02/2026
146564;12/02/2026
146563;12/02/2026
146620;12/02/2026
146619;12/02/2026
146621;12/02/2026
146360;12/02/2026
146445;12/02/2026
146443;12/02/2026
146610;12/02/2026
146611;12/02/2026
146531;12/02/2026
146560;12/02/2026
146713;12/02/2026
146712;12/02/2026
146362;12/02/2026
146711;12/02/2026
146585;12/02/2026
146582;12/02/2026
146584;12/02/2026
146583;12/02/2026
146662;12/02/2026
146663;12/02/2026
146710;12/02/2026
38963;12/02/2026
146363;12/02/2026
146364;12/02/2026
146457;12/02/2026
146458;12/02/2026
146572;12/02/2026
146456;12/02/2026
146454;12/02/2026
146453;12/02/2026
146452;12/02/2026
146656;12/02/2026
146566;12/02/2026
146565;12/02/2026
38971;12/02/2026
146661;12/02/2026
146651;12/02/2026
146652;12/02/2026
146728;12/02/2026
146726;12/02/2026
146727;12/02/2026
146729;12/02/2026
146644;12/02/2026
146648;12/02/2026
146645;12/02/2026
146675;12/02/2026
146485;12/02/2026
146486;12/02/2026
146484;12/02/2026
146483;12/02/2026
146494;12/02/2026
146493;12/02/2026
146554;12/02/2026
146498;12/02/2026
146418;12/02/2026
146385;12/02/2026
146694;12/02/2026
146500;12/02/2026
146510;12/02/2026
146521;12/02/2026
146519;12/02/2026
146658;12/02/2026
146657;12/02/2026
146667;12/02/2026
146643;12/02/2026
146640;12/02/2026
146734;12/02/2026
146733;12/02/2026
146291;12/02/2026
146367;12/02/2026
146591;12/02/2026
146592;12/02/2026
146427;12/02/2026
146425;12/02/2026
146337;12/02/2026
146336;12/02/2026
146389;12/02/2026
146390;12/02/2026
146392;12/02/2026
146393;12/02/2026
146394;12/02/2026
146395;12/02/2026
146396;12/02/2026
146397;12/02/2026
146399;12/02/2026
146401;12/02/2026
146402;12/02/2026
146403;12/02/2026
146404;12/02/2026
146505;12/02/2026
146424;12/02/2026
146423;12/02/2026
146426;12/02/2026
146421;12/02/2026
146420;12/02/2026
146422;12/02/2026
146437;12/02/2026
146297;12/02/2026
146586;12/02/2026
146587;12/02/2026
146318;12/02/2026
146623;12/02/2026
146473;12/02/2026
146472;12/02/2026
146375;12/02/2026
146376;12/02/2026
146674;12/02/2026
146536;12/02/2026
146540;12/02/2026
146539;12/02/2026
146546;12/02/2026
146579;12/02/2026
146580;12/02/2026
146349;12/02/2026
146348;12/02/2026
146532;12/02/2026
146541;12/02/2026
146534;12/02/2026
146544;12/02/2026
146538;12/02/2026
146545;12/02/2026
146537;12/02/2026
146543;12/02/2026
146535;12/02/2026
146547;12/02/2026
146628;12/02/2026
146629;12/02/2026
146558;12/02/2026
146559;12/02/2026
146533;12/02/2026
146542;12/02/2026
38969;12/02/2026
146501;12/02/2026
146465;12/02/2026
146466;12/02/2026
146464;12/02/2026
146609;12/02/2026
146642;12/02/2026
146641;12/02/2026
146292;12/02/2026
146355;12/02/2026
146515;12/02/2026
146615;12/02/2026
146608;12/02/2026
146328;12/02/2026
146557;12/02/2026
146606;12/02/2026
146606;12/02/2026
146607;12/02/2026
146607;12/02/2026
146562;12/02/2026
146513;12/02/2026
146513;12/02/2026
146637;12/02/2026
146636;12/02/2026
146635;12/02/2026
146573;12/02/2026
146468;12/02/2026
146692;12/02/2026
146471;12/02/2026
146470;12/02/2026
146469;12/02/2026
146678;12/02/2026
146416;12/02/2026
146417;12/02/2026
146474;12/02/2026
146638;12/02/2026
146551;12/02/2026
146552;12/02/2026
146553;12/02/2026
146731;12/02/2026
146732;12/02/2026
146499;12/02/2026
146504;12/02/2026
146410;12/02/2026
146411;12/02/2026
146516;12/02/2026
146507;12/02/2026
146509;12/02/2026
146502;12/02/2026
146696;12/02/2026
146695;12/02/2026
146438;12/02/2026
146439;12/02/2026
146435;12/02/2026
146436;12/02/2026
146517;12/02/2026
146518;12/02/2026
146374;12/02/2026
146365;12/02/2026
146366;12/02/2026
146577;12/02/2026
146578;12/02/2026
146481;12/02/2026
146482;12/02/2026
146488;12/02/2026
146419;12/02/2026
146492;12/02/2026
146676;12/02/2026
154175;12/02/2026
146576;12/02/2026
146511;12/02/2026
146512;12/02/2026
146707;12/02/2026
146706;12/02/2026
146709;12/02/2026
146708;12/02/2026
146722;12/02/2026
146412;12/02/2026
146413;12/02/2026
146693;12/02/2026
146447;12/02/2026
146446;12/02/2026
146444;12/02/2026
146442;12/02/2026
146415;12/02/2026
146414;12/02/2026
146723;12/02/2026
146357;12/02/2026
146358;12/02/2026
146298;12/02/2026
146296;12/02/2026
146448;12/02/2026
146449;12/02/2026
146450;12/02/2026
146451;12/02/2026
146724;12/02/2026
146567;12/02/2026
146331;12/02/2026
146701;12/02/2026
146702;12/02/2026
146703;12/02/2026
146699;12/02/2026
148630;12/02/2026
146700;12/02/2026
146705;12/02/2026
146704;12/02/2026
146697;12/02/2026
148631;12/02/2026
146698;12/02/2026
146555;12/02/2026
146556;12/02/2026
146497;12/02/2026
146721;12/02/2026
146717;12/02/2026
146716;12/02/2026
146715;12/02/2026
146718;12/02/2026
146670;12/02/2026
146719;12/02/2026
146720;12/02/2026
146653;12/02/2026
146345;12/02/2026
146791;13/02/2026
146790;13/02/2026
146792;13/02/2026
146744;13/02/2026
146744;13/02/2026
146828;13/02/2026
146777;13/02/2026
146779;13/02/2026
146774;13/02/2026
146834;13/02/2026
146787;13/02/2026
146830;13/02/2026
146827;13/02/2026
146735;13/02/2026
146736;13/02/2026
146737;13/02/2026
146738;13/02/2026
146831;13/02/2026
146826;13/02/2026
146825;13/02/2026
146788;13/02/2026
146833;13/02/2026
146829;13/02/2026
146832;13/02/2026
146748;13/02/2026
146749;13/02/2026
146805;13/02/2026
38972;13/02/2026
146783;13/02/2026
146782;13/02/2026
146824;13/02/2026
146824;13/02/2026
146835;13/02/2026
146819;13/02/2026
146818;13/02/2026
146740;13/02/2026
146741;13/02/2026
146769;13/02/2026
146784;13/02/2026
146760;13/02/2026
146757;13/02/2026
146754;13/02/2026
146763;13/02/2026
146762;13/02/2026
146796;13/02/2026
146797;13/02/2026
146801;13/02/2026
146795;13/02/2026
146815;13/02/2026
146816;13/02/2026
146817;13/02/2026
146773;13/02/2026
146775;13/02/2026
146751;13/02/2026
146752;13/02/2026
146772;13/02/2026
146755;13/02/2026
146759;13/02/2026
146810;13/02/2026
146811;13/02/2026
146812;13/02/2026
146813;13/02/2026
146768;13/02/2026
146767;13/02/2026
146802;13/02/2026
146814;13/02/2026
146778;13/02/2026
146776;13/02/2026
146822;13/02/2026
146823;13/02/2026
146806;13/02/2026
146807;13/02/2026
146756;13/02/2026
146758;13/02/2026
146808;13/02/2026
146739;13/02/2026
146743;13/02/2026
146742;13/02/2026
146747;13/02/2026
146821;13/02/2026
146820;13/02/2026
146753;13/02/2026
146750;13/02/2026
146780;13/02/2026
146781;13/02/2026
146809;13/02/2026
146761;13/02/2026
146766;13/02/2026
146765;13/02/2026
146764;13/02/2026
146745;13/02/2026
146746;13/02/2026
146786;13/02/2026
146785;13/02/2026
146771;13/02/2026
146793;13/02/2026
146798;13/02/2026
146799;13/02/2026
146794;13/02/2026
146800;13/02/2026
146770;13/02/2026
146804;13/02/2026
146803;13/02/2026
303768;16/02/2026
146960;16/02/2026
146940;16/02/2026
146874;16/02/2026
146862;16/02/2026
38981;16/02/2026
38981;16/02/2026
38995;16/02/2026
146986;16/02/2026
146983;16/02/2026
146984;16/02/2026
146918;16/02/2026
146919;16/02/2026
38988;16/02/2026
38989;16/02/2026
146920;16/02/2026
146921;16/02/2026
146987;16/02/2026
146988;16/02/2026
146989;16/02/2026
146990;16/02/2026
146847;16/02/2026
146846;16/02/2026
38974;16/02/2026
146848;16/02/2026
146845;16/02/2026
38994;16/02/2026
38993;16/02/2026
146852;16/02/2026
146853;16/02/2026
38975;16/02/2026
146851;16/02/2026
146854;16/02/2026
38980;16/02/2026
38990;16/02/2026
38978;16/02/2026
38979;16/02/2026
38985;16/02/2026
38986;16/02/2026
146875;16/02/2026
146991;16/02/2026
146907;16/02/2026
146876;16/02/2026
146877;16/02/2026
146849;16/02/2026
146917;16/02/2026
146977;16/02/2026
146944;16/02/2026
146943;16/02/2026
146910;16/02/2026
146910;16/02/2026
303770;16/02/2026
303766;16/02/2026
303771;16/02/2026
303765;16/02/2026
303772;16/02/2026
38992;16/02/2026
146985;16/02/2026
146899;16/02/2026
146858;16/02/2026
146859;16/02/2026
146901;16/02/2026
146902;16/02/2026
146903;16/02/2026
146955;16/02/2026
146956;16/02/2026
146932;16/02/2026
146932;16/02/2026
38984;16/02/2026
146881;16/02/2026
157038;16/02/2026
146880;16/02/2026
157039;16/02/2026
146879;16/02/2026
146890;16/02/2026
146888;16/02/2026
146883;16/02/2026
146882;16/02/2026
146959;16/02/2026
38976;16/02/2026
38977;16/02/2026
146952;16/02/2026
146951;16/02/2026
146950;16/02/2026
146971;16/02/2026
38973;16/02/2026
146968;16/02/2026
146969;16/02/2026
146892;16/02/2026
146891;16/02/2026
146893;16/02/2026
146894;16/02/2026
146897;16/02/2026
146895;16/02/2026
146898;16/02/2026
146896;16/02/2026
146975;16/02/2026
146844;16/02/2026
146842;16/02/2026
146841;16/02/2026
146843;16/02/2026
146873;16/02/2026
146970;16/02/2026
146954;16/02/2026
146964;16/02/2026
146965;16/02/2026
38982;16/02/2026
146958;16/02/2026
146963;16/02/2026
146980;16/02/2026
146982;16/02/2026
146981;16/02/2026
146979;16/02/2026
146934;16/02/2026
146911;16/02/2026
38983;16/02/2026
146976;16/02/2026
146860;16/02/2026
146929;16/02/2026
146928;16/02/2026
146931;16/02/2026
146930;16/02/2026
146946;16/02/2026
146878;16/02/2026
146887;16/02/2026
146885;16/02/2026
146889;16/02/2026
146926;16/02/2026
146925;16/02/2026
146924;16/02/2026
146923;16/02/2026
146886;16/02/2026
146972;16/02/2026
146947;16/02/2026
146953;16/02/2026
146884;16/02/2026
146909;16/02/2026
146912;16/02/2026
146913;16/02/2026
146916;16/02/2026
146915;16/02/2026
146914;16/02/2026
146978;16/02/2026
146936;16/02/2026
146937;16/02/2026
146938;16/02/2026
146935;16/02/2026
146933;16/02/2026
146949;16/02/2026
146948;16/02/2026
146904;16/02/2026
146967;16/02/2026
146945;16/02/2026
38987;16/02/2026
146857;16/02/2026
146966;16/02/2026
146962;16/02/2026
146942;16/02/2026
146941;16/02/2026
146957;16/02/2026
146961;16/02/2026
146974;16/02/2026
146973;16/02/2026
146856;16/02/2026
146855;16/02/2026
39002;17/02/2026
39004;17/02/2026
39000;17/02/2026
38998;17/02/2026
39005;17/02/2026
38999;17/02/2026
39001;17/02/2026
147076;17/02/2026
147077;17/02/2026
147117;17/02/2026
147118;17/02/2026
39003;17/02/2026
39009;17/02/2026
39009;17/02/2026
39008;17/02/2026
147009;17/02/2026
147220;17/02/2026
147219;17/02/2026
147221;17/02/2026
147222;17/02/2026
147095;17/02/2026
147096;17/02/2026
39006;17/02/2026
38997;17/02/2026
147204;17/02/2026
147100;17/02/2026
147070;17/02/2026
147031;17/02/2026
147032;17/02/2026
147018;17/02/2026
147039;17/02/2026
147017;17/02/2026
147016;17/02/2026
147053;17/02/2026
147062;17/02/2026
147247;17/02/2026
147248;17/02/2026
147245;17/02/2026
147246;17/02/2026
147261;17/02/2026
147262;17/02/2026
147244;17/02/2026
147243;17/02/2026
147249;17/02/2026
147203;17/02/2026
147202;17/02/2026
147231;17/02/2026
147230;17/02/2026
147228;17/02/2026
147229;17/02/2026
147146;17/02/2026
147144;17/02/2026
147144;17/02/2026
147174;17/02/2026
147175;17/02/2026
147073;17/02/2026
147074;17/02/2026
147072;17/02/2026
147075;17/02/2026
147143;17/02/2026
147145;17/02/2026
147224;17/02/2026
147223;17/02/2026
147232;17/02/2026
147236;17/02/2026
147237;17/02/2026
147235;17/02/2026
147238;17/02/2026
147233;17/02/2026
147242;17/02/2026
147241;17/02/2026
147013;17/02/2026
147014;17/02/2026
147120;17/02/2026
147182;17/02/2026
147025;17/02/2026
147019;17/02/2026
147225;17/02/2026
147226;17/02/2026
147194;17/02/2026
147078;17/02/2026
147147;17/02/2026
147196;17/02/2026
147140;17/02/2026
147166;17/02/2026
146992;17/02/2026
147260;17/02/2026
147258;17/02/2026
147256;17/02/2026
147259;17/02/2026
147257;17/02/2026
147139;17/02/2026
147137;17/02/2026
147021;17/02/2026
147079;17/02/2026
147195;17/02/2026
146997;17/02/2026
146996;17/02/2026
147045;17/02/2026
147022;17/02/2026
147020;17/02/2026
147023;17/02/2026
147034;17/02/2026
147030;17/02/2026
147029;17/02/2026
147028;17/02/2026
147033;17/02/2026
147000;17/02/2026
147205;17/02/2026
147206;17/02/2026
147199;17/02/2026
147198;17/02/2026
147200;17/02/2026
147201;17/02/2026
147197;17/02/2026
147082;17/02/2026
147142;17/02/2026
147141;17/02/2026
147006;17/02/2026
147005;17/02/2026
147180;17/02/2026
147181;17/02/2026
147183;17/02/2026
147104;17/02/2026
147103;17/02/2026
147111;17/02/2026
147112;17/02/2026
146999;17/02/2026
147042;17/02/2026
147041;17/02/2026
147084;17/02/2026
147085;17/02/2026
147172;17/02/2026
147171;17/02/2026
147037;17/02/2026
147083;17/02/2026
147240;17/02/2026
147124;17/02/2026
147123;17/02/2026
147097;17/02/2026
147024;17/02/2026
147239;17/02/2026
147173;17/02/2026
147067;17/02/2026
147122;17/02/2026
147121;17/02/2026
147158;17/02/2026
147157;17/02/2026
147155;17/02/2026
147155;17/02/2026
147156;17/02/2026
147156;17/02/2026
147086;17/02/2026
147234;17/02/2026
147151;17/02/2026
147152;17/02/2026
147107;17/02/2026
147108;17/02/2026
147010;17/02/2026
147128;17/02/2026
147132;17/02/2026
147130;17/02/2026
147129;17/02/2026
147131;17/02/2026
147556;17/02/2026
147119;17/02/2026
147153;17/02/2026
147154;17/02/2026
147191;17/02/2026
147190;17/02/2026
147069;17/02/2026
147160;17/02/2026
147159;17/02/2026
147058;17/02/2026
147061;17/02/2026
147088;17/02/2026
147081;17/02/2026
147080;17/02/2026
147193;17/02/2026
147192;17/02/2026
147113;17/02/2026
147115;17/02/2026
147114;17/02/2026
147094;17/02/2026
147012;17/02/2026
147011;17/02/2026
153943;17/02/2026
147038;17/02/2026
146994;17/02/2026
146995;17/02/2026
147116;17/02/2026
147187;17/02/2026
147165;17/02/2026
147167;17/02/2026
147060;17/02/2026
147059;17/02/2026
147027;17/02/2026
147026;17/02/2026
147106;17/02/2026
147001;17/02/2026
147002;17/02/2026
147087;17/02/2026
147212;17/02/2026
147213;17/02/2026
147215;17/02/2026
147214;17/02/2026
147051;17/02/2026
147052;17/02/2026
147050;17/02/2026
147056;17/02/2026
147057;17/02/2026
147054;17/02/2026
147055;17/02/2026
147250;17/02/2026
147250;17/02/2026
147251;17/02/2026
147251;17/02/2026
147252;17/02/2026
147252;17/02/2026
147207;17/02/2026
147208;17/02/2026
147209;17/02/2026
147211;17/02/2026
147210;17/02/2026
147065;17/02/2026
147066;17/02/2026
147064;17/02/2026
147049;17/02/2026
147048;17/02/2026
147047;17/02/2026
147046;17/02/2026
147254;17/02/2026
147253;17/02/2026
147255;17/02/2026
147044;17/02/2026
147043;17/02/2026
147216;17/02/2026
147216;17/02/2026
147217;17/02/2026
147217;17/02/2026
147218;17/02/2026
147218;17/02/2026
147101;17/02/2026
147109;17/02/2026
146998;17/02/2026
147148;17/02/2026
147105;17/02/2026
147015;17/02/2026
147063;17/02/2026
147040;17/02/2026
147007;17/02/2026
147008;17/02/2026
147138;17/02/2026
147184;17/02/2026
146993;17/02/2026
147179;17/02/2026
147178;17/02/2026
147036;17/02/2026
147035;17/02/2026
147003;17/02/2026
147004;17/02/2026
147068;17/02/2026
147102;17/02/2026
147110;17/02/2026
147185;17/02/2026
147186;17/02/2026
147149;17/02/2026
147189;17/02/2026
147188;17/02/2026
147413;18/02/2026
147377;18/02/2026
147378;18/02/2026
147318;18/02/2026
147319;18/02/2026
39015;18/02/2026
147344;18/02/2026
147391;18/02/2026
147393;18/02/2026
147394;18/02/2026
147276;18/02/2026
147438;18/02/2026
147440;18/02/2026
147437;18/02/2026
39012;18/02/2026
39012;18/02/2026
147350;18/02/2026
147345;18/02/2026
147370;18/02/2026
147320;18/02/2026
147419;18/02/2026
147335;18/02/2026
147284;18/02/2026
147333;18/02/2026
147286;18/02/2026
147337;18/02/2026
147279;18/02/2026
147277;18/02/2026
147285;18/02/2026
147346;18/02/2026
147263;18/02/2026
147334;18/02/2026
147269;18/02/2026
147264;18/02/2026
147353;18/02/2026
147354;18/02/2026
147355;18/02/2026
147270;18/02/2026
147271;18/02/2026
147430;18/02/2026
147430;18/02/2026
147429;18/02/2026
147428;18/02/2026
147272;18/02/2026
147289;18/02/2026
147294;18/02/2026
147392;18/02/2026
147336;18/02/2026
147332;18/02/2026
39010;18/02/2026
147326;18/02/2026
147325;18/02/2026
147283;18/02/2026
147267;18/02/2026
147268;18/02/2026
303797;18/02/2026
303798;18/02/2026
147442;18/02/2026
147439;18/02/2026
147275;18/02/2026
147274;18/02/2026
147273;18/02/2026
147300;18/02/2026
147301;18/02/2026
147347;18/02/2026
147348;18/02/2026
147315;18/02/2026
147307;18/02/2026
147366;18/02/2026
147368;18/02/2026
147280;18/02/2026
147265;18/02/2026
147266;18/02/2026
147412;18/02/2026
147365;18/02/2026
147396;18/02/2026
147338;18/02/2026
147339;18/02/2026
147341;18/02/2026
147340;18/02/2026
147304;18/02/2026
147342;18/02/2026
147404;18/02/2026
147408;18/02/2026
147409;18/02/2026
147390;18/02/2026
147389;18/02/2026
147288;18/02/2026
147403;18/02/2026
147405;18/02/2026
147406;18/02/2026
147407;18/02/2026
147427;18/02/2026
147432;18/02/2026
147410;18/02/2026
147433;18/02/2026
147431;18/02/2026
39014;18/02/2026
147359;18/02/2026
147383;18/02/2026
147384;18/02/2026
39013;18/02/2026
147388;18/02/2026
147387;18/02/2026
147397;18/02/2026
147399;18/02/2026
147398;18/02/2026
147400;18/02/2026
147401;18/02/2026
147402;18/02/2026
147287;18/02/2026
147321;18/02/2026
147322;18/02/2026
147374;18/02/2026
147373;18/02/2026
147375;18/02/2026
147376;18/02/2026
147444;18/02/2026
147443;18/02/2026
147292;18/02/2026
147293;18/02/2026
147324;18/02/2026
147323;18/02/2026
147414;18/02/2026
147415;18/02/2026
39011;18/02/2026
147360;18/02/2026
147361;18/02/2026
147363;18/02/2026
147362;18/02/2026
147385;18/02/2026
147386;18/02/2026
147358;18/02/2026
147357;18/02/2026
147416;18/02/2026
147417;18/02/2026
147418;18/02/2026
147381;18/02/2026
147382;18/02/2026
147379;18/02/2026
147380;18/02/2026
147281;18/02/2026
147278;18/02/2026
147420;18/02/2026
147421;18/02/2026
147445;18/02/2026
147367;18/02/2026
147369;18/02/2026
147411;18/02/2026
147305;18/02/2026
147371;18/02/2026
147372;18/02/2026
147441;18/02/2026
147434;18/02/2026
147435;18/02/2026
147436;18/02/2026
147364;18/02/2026
147314;18/02/2026
147313;18/02/2026
147329;18/02/2026
147329;18/02/2026
147423;18/02/2026
147351;18/02/2026
147290;18/02/2026
147291;18/02/2026
147424;18/02/2026
147426;18/02/2026
147330;18/02/2026
147331;18/02/2026
147327;18/02/2026
147328;18/02/2026
147422;18/02/2026
147425;18/02/2026
147317;18/02/2026
147282;18/02/2026
147702;19/02/2026
147703;19/02/2026
147665;19/02/2026
147664;19/02/2026
147545;19/02/2026
147569;19/02/2026
147552;19/02/2026
147514;19/02/2026
147512;19/02/2026
147478;19/02/2026
147479;19/02/2026
147533;19/02/2026
147534;19/02/2026
147536;19/02/2026
147535;19/02/2026
147688;19/02/2026
147689;19/02/2026
39020;19/02/2026
147690;19/02/2026
147653;19/02/2026
147666;19/02/2026
147522;19/02/2026
147523;19/02/2026
147521;19/02/2026
147524;19/02/2026
147487;19/02/2026
147488;19/02/2026
147486;19/02/2026
147489;19/02/2026
39021;19/02/2026
39022;19/02/2026
147480;19/02/2026
147481;19/02/2026
147482;19/02/2026
147562;19/02/2026
147563;19/02/2026
147567;19/02/2026
147496;19/02/2026
147485;19/02/2026
147477;19/02/2026
147614;19/02/2026
147645;19/02/2026
147629;19/02/2026
147507;19/02/2026
147617;19/02/2026
147704;19/02/2026
147641;19/02/2026
147632;19/02/2026
147631;19/02/2026
147633;19/02/2026
147691;19/02/2026
147693;19/02/2026
147694;19/02/2026
147635;19/02/2026
147635;19/02/2026
147636;19/02/2026
147495;19/02/2026
147573;19/02/2026
147575;19/02/2026
147574;19/02/2026
147680;19/02/2026
147677;19/02/2026
147682;19/02/2026
147656;19/02/2026
147681;19/02/2026
147467;19/02/2026
147468;19/02/2026
147474;19/02/2026
147473;19/02/2026
147550;19/02/2026
147551;19/02/2026
147501;19/02/2026
147498;19/02/2026
147465;19/02/2026
147466;19/02/2026
147475;19/02/2026
147476;19/02/2026
147456;19/02/2026
147455;19/02/2026
147602;19/02/2026
147602;19/02/2026
147612;19/02/2026
147610;19/02/2026
147659;19/02/2026
147661;19/02/2026
147584;19/02/2026
147580;19/02/2026
147583;19/02/2026
147582;19/02/2026
147608;19/02/2026
147607;19/02/2026
147581;19/02/2026
147662;19/02/2026
147449;19/02/2026
147663;19/02/2026
147630;19/02/2026
147603;19/02/2026
147457;19/02/2026
147462;19/02/2026
147461;19/02/2026
147461;19/02/2026
147463;19/02/2026
147463;19/02/2026
147683;19/02/2026
39017;19/02/2026
147472;19/02/2026
147634;19/02/2026
147634;19/02/2026
147696;19/02/2026
147601;19/02/2026
147699;19/02/2026
147558;19/02/2026
147657;19/02/2026
147609;19/02/2026
39019;19/02/2026
147648;19/02/2026
147621;19/02/2026
147458;19/02/2026
147459;19/02/2026
147460;19/02/2026
147471;19/02/2026
147652;19/02/2026
147654;19/02/2026
147497;19/02/2026
147695;19/02/2026
147511;19/02/2026
147687;19/02/2026
147510;19/02/2026
147539;19/02/2026
147538;19/02/2026
147565;19/02/2026
147564;19/02/2026
147707;19/02/2026
147470;19/02/2026
147469;19/02/2026
147577;19/02/2026
147578;19/02/2026
147484;19/02/2026
147532;19/02/2026
147531;19/02/2026
147557;19/02/2026
147642;19/02/2026
147605;19/02/2026
147604;19/02/2026
147622;19/02/2026
147701;19/02/2026
147700;19/02/2026
147555;19/02/2026
39016;19/02/2026
147679;19/02/2026
147624;19/02/2026
147625;19/02/2026
147623;19/02/2026
147526;19/02/2026
147525;19/02/2026
147655;19/02/2026
147706;19/02/2026
147705;19/02/2026
147668;19/02/2026
147667;19/02/2026
147520;19/02/2026
147483;19/02/2026
147540;19/02/2026
147541;19/02/2026
147698;19/02/2026
147697;19/02/2026
147637;19/02/2026
147611;19/02/2026
147561;19/02/2026
147560;19/02/2026
147626;19/02/2026
147627;19/02/2026
147628;19/02/2026
147447;19/02/2026
147451;19/02/2026
147450;19/02/2026
147448;19/02/2026
147454;19/02/2026
147446;19/02/2026
147453;19/02/2026
147452;19/02/2026
147591;19/02/2026
147597;19/02/2026
147598;19/02/2026
147596;19/02/2026
147599;19/02/2026
147593;19/02/2026
147600;19/02/2026
147587;19/02/2026
147588;19/02/2026
147589;19/02/2026
147590;19/02/2026
147586;19/02/2026
147592;19/02/2026
147594;19/02/2026
147595;19/02/2026
147649;19/02/2026
147660;19/02/2026
147658;19/02/2026
147515;19/02/2026
147518;19/02/2026
147519;19/02/2026
147517;19/02/2026
147516;19/02/2026
147646;19/02/2026
147647;19/02/2026
147509;19/02/2026
147505;19/02/2026
147508;19/02/2026
147506;19/02/2026
147553;19/02/2026
147554;19/02/2026
147640;19/02/2026
147640;19/02/2026
147639;19/02/2026
147639;19/02/2026
147685;19/02/2026
147684;19/02/2026
147620;19/02/2026
147619;19/02/2026
147528;19/02/2026
147527;19/02/2026
147585;19/02/2026
147579;19/02/2026
147644;19/02/2026
147643;19/02/2026
147686;19/02/2026
147537;19/02/2026
147542;19/02/2026
147502;19/02/2026
147669;19/02/2026
147673;19/02/2026
147670;19/02/2026
147671;19/02/2026
147672;19/02/2026
147572;19/02/2026
147576;19/02/2026
147571;19/02/2026
147570;19/02/2026
147503;19/02/2026
147504;19/02/2026
147464;19/02/2026
147499;19/02/2026
147638;19/02/2026
147692;19/02/2026
147500;19/02/2026
147490;19/02/2026
147676;19/02/2026
147678;19/02/2026
147513;19/02/2026
147650;19/02/2026
147651;19/02/2026
147675;19/02/2026
147674;19/02/2026
147492;19/02/2026
147494;19/02/2026
147491;19/02/2026
147493;19/02/2026
147530;19/02/2026
147529;19/02/2026
147566;19/02/2026
147712;20/02/2026
147711;20/02/2026
39051;20/02/2026
39051;20/02/2026
39052;20/02/2026
39052;20/02/2026
147790;20/02/2026
147791;20/02/2026
39050;20/02/2026
39049;20/02/2026
39046;20/02/2026
39045;20/02/2026
39047;20/02/2026
39048;20/02/2026
147746;20/02/2026
147749;20/02/2026
147756;20/02/2026
147816;20/02/2026
147815;20/02/2026
147795;20/02/2026
39028;20/02/2026
147851;20/02/2026
147852;20/02/2026
147853;20/02/2026
147854;20/02/2026
147921;20/02/2026
39030;20/02/2026
147836;20/02/2026
147772;20/02/2026
147774;20/02/2026
39027;20/02/2026
39031;20/02/2026
147952;20/02/2026
147952;20/02/2026
147952;20/02/2026
147846;20/02/2026
147847;20/02/2026
147784;20/02/2026
147785;20/02/2026
147786;20/02/2026
39029;20/02/2026
147776;20/02/2026
147775;20/02/2026
147926;20/02/2026
147927;20/02/2026
147835;20/02/2026
147871;20/02/2026
147855;20/02/2026
147844;20/02/2026
147889;20/02/2026
147908;20/02/2026
147923;20/02/2026
147783;20/02/2026
147782;20/02/2026
147754;20/02/2026
147807;20/02/2026
147907;20/02/2026
147922;20/02/2026
147833;20/02/2026
147936;20/02/2026
147937;20/02/2026
147941;20/02/2026
147942;20/02/2026
147862;20/02/2026
147929;20/02/2026
147787;20/02/2026
147824;20/02/2026
147825;20/02/2026
147761;20/02/2026
147913;20/02/2026
147912;20/02/2026
147914;20/02/2026
147911;20/02/2026
147777;20/02/2026
147779;20/02/2026
147778;20/02/2026
147727;20/02/2026
147728;20/02/2026
147878;20/02/2026
147877;20/02/2026
147725;20/02/2026
147726;20/02/2026
147769;20/02/2026
147768;20/02/2026
147789;20/02/2026
147880;20/02/2026
147886;20/02/2026
147773;20/02/2026
147870;20/02/2026
147868;20/02/2026
147869;20/02/2026
147867;20/02/2026
147866;20/02/2026
147744;20/02/2026
147945;20/02/2026
147943;20/02/2026
147944;20/02/2026
147813;20/02/2026
147713;20/02/2026
147714;20/02/2026
147715;20/02/2026
147716;20/02/2026
147717;20/02/2026
147718;20/02/2026
147806;20/02/2026
147804;20/02/2026
147805;20/02/2026
147803;20/02/2026
147720;20/02/2026
147721;20/02/2026
147722;20/02/2026
147724;20/02/2026
147723;20/02/2026
147896;20/02/2026
147893;20/02/2026
147894;20/02/2026
147885;20/02/2026
147887;20/02/2026
147883;20/02/2026
147882;20/02/2026
147902;20/02/2026
147901;20/02/2026
147900;20/02/2026
147895;20/02/2026
147890;20/02/2026
147891;20/02/2026
39025;20/02/2026
147733;20/02/2026
147842;20/02/2026
147843;20/02/2026
147719;20/02/2026
147788;20/02/2026
147909;20/02/2026
147910;20/02/2026
147876;20/02/2026
147932;20/02/2026
147933;20/02/2026
39044;20/02/2026
39040;20/02/2026
39037;20/02/2026
39024;20/02/2026
39041;20/02/2026
39038;20/02/2026
39039;20/02/2026
39036;20/02/2026
39023;20/02/2026
39023;20/02/2026
39043;20/02/2026
39035;20/02/2026
39034;20/02/2026
39033;20/02/2026
39032;20/02/2026
39042;20/02/2026
147737;20/02/2026
147738;20/02/2026
147837;20/02/2026
147839;20/02/2026
147760;20/02/2026
147763;20/02/2026
147823;20/02/2026
147709;20/02/2026
147792;20/02/2026
147794;20/02/2026
147759;20/02/2026