Cliente;Vendedor;CNPJ;Grupo Economico
J D FERNANDES & FILHOS LTDA - VILA MATIAS;JOSE SOARES;1325134000226;J D FERNANDES
BABALOO - MINIMERCADO E PADARIA BABALOO LTDA - MARAPE;JOSE SOARES;67332619000174;BABALOO
BARBOSA - SILVA E BARBOSA COMERCIO DE ALIMENTOS - 18;NILCEIA AP DE SOUZA;60437647000530;BARBOSA
BARBOSA - SILVA E BARBOSA COMERCIO DE ALIMENTOS - 18;NILCEIA AP DE SOUZA;60437647000530;BARBOSA
BARBOSA - SILVA E BARBOSA COMERCIO DE ALIMENTOS - 18;NILCEIA AP DE SOUZA;60437647000530;BARBOSA
BARBOSA - SILVA E BARBOSA COMERCIO DE ALIMENTOS - 18;NILCEIA AP DE SOUZA;60437647000530;BARBOSA
BARBOSA - SILVA E BARBOSA COMERCIO DE ALIMENTOS - 18;NILCEIA AP DE SOUZA;60437647000530;BARBOSA
BARBOSA - SILVA E BARBOSA COMERCIO DE ALIMENTOS - 19;RODOLFO QUERINO LUIZ - GERENTE DE AREA;60437647000700;BARBOSA
BARBOSA - SILVA E BARBOSA COMERCIO DE ALIMENTOS - 19;RODOLFO QUERINO LUIZ - GERENTE DE AREA;60437647000700;BARBOSA
BARBOSA - SILVA E BARBOSA COMERCIO DE ALIMENTOS - 19;RODOLFO QUERINO LUIZ - GERENTE DE AREA;60437647000700;BARBOSA
BARBOSA - SILVA E BARBOSA COMERCIO DE ALIMENTOS - 19;RODOLFO QUERINO LUIZ - GERENTE DE AREA;60437647000700;BARBOSA
SILVA & FERREIRA MINIMERCADO LTDA;JOSE SOARES;53568960000119;ARMAZEM CAMOES
BARBOSA - SILVA E BARBOSA COMERCIO DE ALIMENTOS - 21;RODOLFO QUERINO LUIZ - GERENTE DE AREA;60437647000883;BARBOSA
BARBOSA - SILVA E BARBOSA COMERCIO DE ALIMENTOS - 21;RODOLFO QUERINO LUIZ - GERENTE DE AREA;60437647000883;BARBOSA
BARBOSA - SILVA E BARBOSA COMERCIO DE ALIMENTOS - 21;RODOLFO QUERINO LUIZ - GERENTE DE AREA;60437647000883;BARBOSA
BARBOSA - SILVA E BARBOSA COMERCIO DE ALIMENTOS - 23;RODOLFO QUERINO LUIZ - GERENTE DE AREA;60437647001006;BARBOSA
BARBOSA - SILVA E BARBOSA COMERCIO DE ALIMENTOS - 23;RODOLFO QUERINO LUIZ - GERENTE DE AREA;60437647001006;BARBOSA
BARBOSA - SILVA E BARBOSA COMERCIO DE ALIMENTOS - 23;RODOLFO QUERINO LUIZ - GERENTE DE AREA;60437647001006;BARBOSA
BARBOSA - SILVA E BARBOSA COMERCIO DE ALIMENTOS - 23;RODOLFO QUERINO LUIZ - GERENTE DE AREA;60437647001006;BARBOSA
BOLSHOI - K S GOUVEA & GOUVEIA LTDA - SENADOR;JOSE SOARES;3799810000148;BOLSHOI
BARBOSA - SILVA E BARBOSA COMERCIO DE ALIMENTOS - 25;RODOLFO QUERINO LUIZ - GERENTE DE AREA;60437647003475;BARBOSA
BARBOSA - SILVA E BARBOSA COMERCIO DE ALIMENTOS - 25;RODOLFO QUERINO LUIZ - GERENTE DE AREA;60437647003475;BARBOSA
BARBOSA - SILVA E BARBOSA COMERCIO DE ALIMENTOS - 25;RODOLFO QUERINO LUIZ - GERENTE DE AREA;60437647003475;BARBOSA
BOLSHOI MERCADO GOURMET LTDA;JOSE SOARES;15107181000127;BOLSHOI
BOLSHOI MERCADO GOURMET LTDA;JOSE SOARES;15107181000127;BOLSHOI
ESPERANCA - ATACADO E AUTO SERVICO ESPERANCA LTDA - 09;DANIEL CAMACHO;5264937000945;ESPERANCA
J. S. NEGOCIOS REPRESENTACOES DE ALIMENTOS E MERCADORIAS EM;JOSE SOARES;17469408000100;REPRESENTANTES DA TERRINHA
FR BOLDRINA SUPERMERCADO LTDA;MARCELO GREGORIO;210531000109;SERV LAR
FR BOLDRINA SUPERMERCADO LTDA;MARCELO GREGORIO;210531000109;SERV LAR
FR BOLDRINA SUPERMERCADO LTDA;MARCELO GREGORIO;210531000109;SERV LAR
FR BOLDRINA SUPERMERCADO LTDA;MARCELO GREGORIO;210531000109;SERV LAR
FR BOLDRINA SUPERMERCADO LTDA;MARCELO GREGORIO;210531000109;SERV LAR
FR BOLDRINA SUPERMERCADO LTDA;MARCELO GREGORIO;210531000109;SERV LAR
SUPERMERCADO IVONE TANABI LTDA  - 01;TELEVENDAS - DA TERRINHA;7436410000129;IVONE
SUPERMERCADO IVONE TANABI LTDA  - 01;TELEVENDAS - DA TERRINHA;7436410000129;IVONE
SUPERMERCADO IVONE TANABI LTDA  - 01;TELEVENDAS - DA TERRINHA;7436410000129;IVONE
BENASSI - IMPORTAO E EXPORTAO LTDA - SP 02;VENDEDOR INTERNO;4052176000229;BENASSI - SP
BENASSI - IMPORTAO E EXPORTAO LTDA - SP 02;VENDEDOR INTERNO;4052176000229;BENASSI - SP
BENASSI - IMPORTAO E EXPORTAO LTDA - SP 02;VENDEDOR INTERNO;4052176000229;BENASSI - SP
BENASSI - IMPORTAO E EXPORTAO LTDA - SP 02;VENDEDOR INTERNO;4052176000229;BENASSI - SP
SONDA SUPERMERCADOS EXP E IMP LTDA - FREGUESIA;ANGELA MARIA;1937635000182;SONDA
SONDA SUPERMERCADOS EXP E IMP LTDA - FREGUESIA;ANGELA MARIA;1937635000182;SONDA
SONDA SUPERMERCADOS EXPORTACAO E IMPORTACAO S.A.;ANGELA MARIA;1937635000778;SONDA
SONDA SUPERMERCADOS EXPORTACAO E IMPORTACAO S.A.;ANGELA MARIA;1937635000506;SONDA
SONDA SUPERMERCADOS EXPORTACAO E IMPORTACAO S.A.;ANGELA MARIA;1937635000506;SONDA
SONDA SUPERMERCADOS EXPORTACAO E IMPORTACAO S.A.;ANGELA MARIA;1937635000506;SONDA
SONDA SUPERMERCADOS EXP E IMP LTDA - 08;ANGELA MARIA;1937635000697;SONDA
SONDA SUPERMERCADOS EXP E IMP LTDA - 08;ANGELA MARIA;1937635000697;SONDA
SONDA SUPERMERCADOS EXP E IMP LTDA - 08;ANGELA MARIA;1937635000697;SONDA
SONDA SUPERMERCADOS EXPORTACAO E IMPORTACAO S.A.;ANGELA MARIA;1937635000930;SONDA
SONDA SUPERMERCADOS EXPORTACAO E IMPORTACAO S.A.;ANGELA MARIA;1937635000930;SONDA
SONDA SUPERMERCADOS EXPORTACAO E IMPORTACAO S.A.;ANGELA MARIA;1937635000930;SONDA
SONDA SUPERMERCADOS EXP E IMP LTDA - 10;ANGELA MARIA;1937635000859;SONDA
SONDA SUPERMERCADOS EXP E IMP LTDA - 10;ANGELA MARIA;1937635000859;SONDA
SONDA SUPERMERCADOS EXP E IMP LTDA - 10;ANGELA MARIA;1937635000859;SONDA
SONDA SUPERMERCADOS EXPORTACAO E IMPORTACAO S.A.;ANGELA MARIA;1937635001154;SONDA
SONDA SUPERMERCADOS EXPORTACAO E IMPORTACAO S.A.;ANGELA MARIA;1937635001154;SONDA
SONDA SUPERMERCADOS EXPORTACAO E IMPORTACAO S.A.;ANGELA MARIA;1937635001154;SONDA
SONDA SUPERMERCADOS EXPORTACAO E IMPORTACAO S.A.;ANGELA MARIA;1937635001235;SONDA
SONDA SUPERMERCADOS EXPORTACAO E IMPORTACAO S.A.;ANGELA MARIA;1937635001235;SONDA
SONDA SUPERMERCADOS EXPORTACAO E IMPORTACAO S.A.;ANGELA MARIA;1937635001316;SONDA
SONDA SUPERMERCADOS EXPORTACAO E IMPORTACAO S.A.;ANGELA MARIA;1937635001316;SONDA
SONDA SUPERMERCADOS EXPORTACAO E IMPORTACAO S.A.;ANGELA MARIA;1937635001316;SONDA
SONDA SUPERMERCADOS EXPORTACAO E IMPORTACAO S.A.;ANGELA MARIA;1937635001405;SONDA
SONDA SUPERMERCADOS EXP E IMP LTDA - 15;ANGELA MARIA;1937635001588;SONDA
SONDA SUPERMERCADOS EXP E IMP LTDA - 15;ANGELA MARIA;1937635001588;SONDA
SONDA SUPERMERCADOS EXP E IMP LTDA - 15;ANGELA MARIA;1937635001588;SONDA
SONDA SUPERMERCADOS EXPORTACAO E IMPORTACAO S.A.;ANGELA MARIA;1937635001669;SONDA
SONDA SUPERMERCADOS EXPORTACAO E IMPORTACAO S.A.;ANGELA MARIA;1937635001669;SONDA
SONDA SUPERMERCADOS EXPORTACAO E IMPORTACAO S.A.;ANGELA MARIA;1937635001669;SONDA
SONDA SUPERMERCADOS EXP E IMP LTDA - CD;ANGELA MARIA;1937635001740;SONDA
SONDA SUPERMERCADOS EXP E IMP LTDA - CD;ANGELA MARIA;1937635001740;SONDA
SONDA SUPERMERCADOS EXP E IMP LTDA - CD;ANGELA MARIA;1937635001740;SONDA
SONDA SUPERMERCADOS EXP E IMP LTDA - CD;ANGELA MARIA;1937635001740;SONDA
SONDA SUPERMERCADOS EXP E IMP S A - 18;ANGELA MARIA;1937635001820;SONDA
SONDA SUPERMERCADOS EXP E IMP S A - 18;ANGELA MARIA;1937635001820;SONDA
SONDA SUPERMERCADOS EXP E IMP LTDA - 19;ANGELA MARIA;1937635001901;SONDA
SONDA SUPERMERCADOS EXP E IMP LTDA - 19;ANGELA MARIA;1937635001901;SONDA
SONDA SUPERMERCADOS EXP E IMP LTDA - 19;ANGELA MARIA;1937635001901;SONDA
SONDA SUPERMERCADOS EXPORTACAO E IMPORTACAO S.A.;ANGELA MARIA;1937635002045;SONDA
SONDA SUPERMERCADOS EXPORTACAO E IMPORTACAO S.A.;ANGELA MARIA;1937635002126;SONDA
SONDA SUPERMERCADOS EXPORTACAO E IMPORTACAO S.A.;ANGELA MARIA;1937635002126;SONDA
SONDA SUPERMERCADOS EXPORTACAO E IMPORTACAO S.A.;ANGELA MARIA;1937635002207;SONDA
SONDA SUPERMERCADOS EXPORTACAO E IMPORTACAO S.A.;ANGELA MARIA;1937635002398;SONDA
SONDA SUPERMERCADOS EXPORTACAO E IMPORTACAO S.A.;ANGELA MARIA;1937635002398;SONDA
SONDA SUPERMERCADOS EXPORTACAO E IMPORTACAO S.A.;ANGELA MARIA;1937635002479;SONDA
SONDA SUPERMERCADOS EXPORTACAO E IMPORTACAO S.A.;ANGELA MARIA;1937635002479;SONDA
SONDA SUPERMERCADOS EXPORTACAO E IMPORTACAO S.A.;ANGELA MARIA;1937635002550;SONDA
SONDA SUPERMERCADOS EXPORTACAO E IMPORTACAO S.A.;ANGELA MARIA;1937635002630;SONDA
SONDA SUPERMERCADOS EXPORTACAO E IMPORTACAO S.A.;ANGELA MARIA;1937635002630;SONDA
SONDA SUPERMERCADOS EXPORTACAO E IMPORTACAO S.A.;ANGELA MARIA;1937635002630;SONDA
AGATE SUPERMERCADO MEDEIROS LTDA;CARLOS FERREIRA;8821404000158;SUPERMERCADO AGATE
AGATE SUPERMERCADO MEDEIROS LTDA;CARLOS FERREIRA;8821404000158;SUPERMERCADO AGATE
AGATE SUPERMERCADO MEDEIROS LTDA;CARLOS FERREIRA;8821404000158;SUPERMERCADO AGATE
AGATE SUPERMERCADO MEDEIROS LTDA;CARLOS FERREIRA;8821404000158;SUPERMERCADO AGATE
COMERCIAL ESPERANCA ATACADO DISTRIBUIDOR LTDA;DANIEL CAMACHO;49092398000394;ESPERANCA
COMERCIAL ESPERANCA ATACADO DISTRIBUIDOR LTDA;DANIEL CAMACHO;49092398000394;ESPERANCA
COMERCIAL ESPERANCA ATACADO DISTRIBUIDOR LTDA;DANIEL CAMACHO;49092398000394;ESPERANCA
PANIFICADORA E MERCADO JOANT LTDA;ERICK MOREIRA;50983360000129;PANIFICADORA E MERCADO JOANT
ROTISSERIA E ACOUGUE TRES BAIANOS LTDA - ME;JOSE ARTENCIO;1543681000105;TRES BAIANOS
ROTISSERIA E ACOUGUE TRES BAIANOS LTDA - ME;JOSE ARTENCIO;1543681000105;TRES BAIANOS
ROTISSERIA E ACOUGUE TRES BAIANOS LTDA - ME;JOSE ARTENCIO;1543681000105;TRES BAIANOS
COMERCIAL TAKARA PIRITUBA LTDA;CLAUDIO AKIO SOGA;3898783000160;REDE PLUS
COMERCIAL TAKARA PIRITUBA LTDA;CLAUDIO AKIO SOGA;3898783000160;REDE PLUS
COMERCIAL TAKARA PIRITUBA LTDA;CLAUDIO AKIO SOGA;3898783000160;REDE PLUS
COML DE ALIMENTOS TAKARA MUTINGA LTDA;CLAUDIO AKIO SOGA;2928162000110;REDE PLUS
COML DE ALIMENTOS TAKARA MUTINGA LTDA;CLAUDIO AKIO SOGA;2928162000110;REDE PLUS
COML DE ALIMENTOS TAKARA MUTINGA LTDA;CLAUDIO AKIO SOGA;2928162000110;REDE PLUS
COML DE ALIMENTOS TAKARA MUTINGA LTDA;CLAUDIO AKIO SOGA;2928162000110;REDE PLUS
COML DE ALIMENTOS TAKARA MUTINGA LTDA;CLAUDIO AKIO SOGA;2928162000110;REDE PLUS
COML DE ALIMENTOS TAKARA MUTINGA LTDA;CLAUDIO AKIO SOGA;2928162000110;REDE PLUS
COML DE ALIMENTOS TAKARA MUTINGA LTDA;CLAUDIO AKIO SOGA;2928162000110;REDE PLUS
AYUMI - MERCADINHO AYUMI LTDA - 01;LEANDRO GOLDINHO LOPES;67616128000155;AYUMI
AYUMI - MERCADINHO AYUMI LTDA - 01;LEANDRO GOLDINHO LOPES;67616128000155;AYUMI
AYUMI - MERCADINHO AYUMI LTDA - 01;LEANDRO GOLDINHO LOPES;67616128000155;AYUMI
AYUMI - MERCADINHO AYUMI LTDA - 01;LEANDRO GOLDINHO LOPES;67616128000155;AYUMI
AYUMI - MERCADINHO AYUMI LTDA - 02;LEANDRO GOLDINHO LOPES;67616128000236;AYUMI
AYUMI - MERCADINHO AYUMI LTDA - 02;LEANDRO GOLDINHO LOPES;67616128000236;AYUMI
AYUMI - MERCADINHO AYUMI LTDA - 02;LEANDRO GOLDINHO LOPES;67616128000236;AYUMI
AYUMI - MERCADINHO AYUMI LTDA - 03;LEANDRO GOLDINHO LOPES;67616128000317;AYUMI
AYUMI - MERCADINHO AYUMI LTDA - 03;LEANDRO GOLDINHO LOPES;67616128000317;AYUMI
AYUMI - MERCADINHO AYUMI LTDA - 03;LEANDRO GOLDINHO LOPES;67616128000317;AYUMI
AYUMI - MERCADINHO AYUMI LTDA - 04;LEANDRO GOLDINHO LOPES;67616128000406;AYUMI
AYUMI - MERCADINHO AYUMI LTDA - 04;LEANDRO GOLDINHO LOPES;67616128000406;AYUMI
AYUMI - MERCADINHO AYUMI LTDA - 04;LEANDRO GOLDINHO LOPES;67616128000406;AYUMI
ROD RAF - SUPERMERCADO CLIMAX LTDA - 15;MARIO MIZUKA;7577878000133;ROD RAF
BARBOSA - SILVA E BARBOSA COMERCIO DE ALIMENTOS - 26;RODOLFO QUERINO LUIZ - GERENTE DE AREA;60437647003394;BARBOSA
BARBOSA - SILVA E BARBOSA COMERCIO DE ALIMENTOS - 26;RODOLFO QUERINO LUIZ - GERENTE DE AREA;60437647003394;BARBOSA
BARBOSA - SILVA E BARBOSA COMERCIO DE ALIMENTOS - 26;RODOLFO QUERINO LUIZ - GERENTE DE AREA;60437647003394;BARBOSA
BOM BRASIL - COMERCIAL NG ALIMENTOS LTDA;PAULO COSTA;15158489000100;BOM BRASIL
BOM BRASIL - COMERCIAL S EDEN ALIMENTOS LTDA;PAULO COSTA;15158508000190;BOM BRASIL
JACARANDA - SUPERMERCADO TL CONTINENTAL LTDA - 02;PAULO COSTA;6927353000118;JACARANDA
FUJI - COM GEN ALIMENTICIOS IRMAOS FUGIHARA LTDA - 02;CAROLINA DOS SANTOS ROCHA;54518543000124;FUJI
FUJI - COM GEN ALIMENTICIOS IRMAOS FUGIHARA LTDA - 02;CAROLINA DOS SANTOS ROCHA;54518543000124;FUJI
FUJI - MERCADINHO FUJIHARA LT - 01;CAROLINA DOS SANTOS ROCHA;61845103000147;FUJI
FUJI - MERCADINHO FUJIHARA LT - 01;CAROLINA DOS SANTOS ROCHA;61845103000147;FUJI
FUJI - MERCADINHO KYO LTDA - 03;CAROLINA DOS SANTOS ROCHA;3334045000190;FUJI
FUJI - MERCADINHO KYO LTDA - 03;CAROLINA DOS SANTOS ROCHA;3334045000190;FUJI
GIGA BR DISTRIBUIDOR E ATACADISTA LTDA - ALPHAVILLE INDUSTRI;FERNANDO VOLTERO;10194833000275;CENCOSUD - GIGA
GIGA BR DISTRIBUIDOR E ATACADISTA LTDA - ALPHAVILLE INDUSTRI;FERNANDO VOLTERO;10194833000275;CENCOSUD - GIGA
GIGA BR DISTRIBUIDOR E ATACADISTA LTDA - ALPHAVILLE INDUSTRI;FERNANDO VOLTERO;10194833000275;CENCOSUD - GIGA
SUPERMERCADOS MAMBO LTDA - VILA LEOPOLDINA;FERNANDO VOLTERO;71676316000227;MAMBO - LOJAS
SUPERMERCADOS MAMBO LTDA - VILA ROMANA;FERNANDO VOLTERO;71676316000308;MAMBO - LOJAS
SUPERMERCADOS MAMBO LTDA - VILA ROMANA;FERNANDO VOLTERO;71676316000308;MAMBO - LOJAS
SUPERMERCADOS MAMBO LTDA - PINHEIROS;FERNANDO VOLTERO;71676316000499;MAMBO - LOJAS
SUPERMERCADOS MAMBO LTDA - BROOKLIN PAULISTA;FERNANDO VOLTERO;71676316000812;MAMBO - LOJAS
SUPERMERCADOS MAMBO LTDA - MORUMBI;FERNANDO VOLTERO;71676316000901;MAMBO - LOJAS
SAITO - MINI MERCADO NOVO MODELO LTDA - MATRIZ;CLAUDIO AKIO SOGA;6946252000194;SAITO
MERCADAO ATACADISTA COMERCIAL DE ALIMENTOS - 02;EDVALDO DOS SANTOS PEREIRA;16881767000379;MERCADAO
MERCADAO ATACADISTA COMERCIAL DE ALIMENTOS - 02;EDVALDO DOS SANTOS PEREIRA;16881767000379;MERCADAO
MERCADAO ATACADISTA COMERCIAL DE ALIMENTOS - 02;EDVALDO DOS SANTOS PEREIRA;16881767000379;MERCADAO
MERCADAO ATACADISTA COMERCIAL DE ALIMENTOS - 02;EDVALDO DOS SANTOS PEREIRA;16881767000379;MERCADAO
MERCADAO ATACADISTA COMERCIAL DE ALIMENTOS - 02;EDVALDO DOS SANTOS PEREIRA;16881767000379;MERCADAO
MERCADAO ATACADISTA COMERCIAL DE ALIMENTOS - 03;EDVALDO DOS SANTOS PEREIRA;16881767000298;MERCADAO
MERCADAO ATACADISTA COMERCIAL DE ALIMENTOS - 03;EDVALDO DOS SANTOS PEREIRA;16881767000298;MERCADAO
MERCADAO ATACADISTA COMERCIAL DE ALIMENTOS - 03;EDVALDO DOS SANTOS PEREIRA;16881767000298;MERCADAO
MERCADAO ATACADISTA COMERCIAL DE ALIMENTOS - 03;EDVALDO DOS SANTOS PEREIRA;16881767000298;MERCADAO
MERCADAO ATACADISTA COMERCIAL DE ALIMENTOS - 03;EDVALDO DOS SANTOS PEREIRA;16881767000298;MERCADAO
DA PRACA - MINI MERCADO SOMOS TODOS IGUAIS LTDA - 11;LEONARDO VINICIUS;9198470000186;DA PRACA
DA PRACA - MINIMERCADO NESTAL LTDA;LEONARDO VINICIUS;9404819000199;DA PRACA
DA PRACA - DM DOS REIS MINI MERCADO LTDA - 05;LEONARDO VINICIUS;9720600000107;DA PRACA
DA PRACA - MJK - MINI MERCADO LTDA - EPP - 06;LEONARDO VINICIUS;7002255000132;DA PRACA
DA PRACA - CATAS ALTAS MINIMERCADO LTDA - 07;LEONARDO VINICIUS;10473483000103;DA PRACA
SUPERMERCADO DA PRACA IBITIRAMA LTDA - LOJA 08;LEONARDO VINICIUS;11140698000167;DA PRACA
DA PRACA - SUPERMERCADO DA ESTACAO LTDA - 09;LEONARDO VINICIUS;8913280000130;DA PRACA
SUPERMERCADO DA PRACA BRASKOL LTDA;LEONARDO VINICIUS;8110799000180;DA PRACA
DA PRACA - SUPERMERCADO DA PRACA DO RECANTO LTDA - 13;LEONARDO VINICIUS;8231520000117;DA PRACA
DA PRACA - W S FERREIRA - MINIMERCADO - EPP - 14;LEONARDO VINICIUS;9182112000185;DA PRACA
SUPERMERCADO DA PRACA MORRO DAS PEDRAS LTDA;LEONARDO VINICIUS;8110939000110;DA PRACA
DA PRACA - KASHICOI MINIMERCADO LTDA - EPP - 16;LEONARDO VINICIUS;1895834000175;DA PRACA
DA PRACA - MINIMERCADO BELA VISTA LTDA - 17;LEONARDO VINICIUS;9011397000191;DA PRACA
DA PRACA - HORTI CENTER ALEGRIA LTDA-ME - 18;LEONARDO VINICIUS;9188522000133;DA PRACA
ANTONIO MIRAMOTO & FILHO LT;JOSE SOARES;45072063000191;MERCADO MIRAMOTO
GENY BASILIO MONTEIRO;RONILSON RIBEIRO;96389093000167;SUPERMERCADO OSTRA
MINI MERCADO E PADARIA BONSUCESSO DE CUBATAO LTDA;JOSE SOARES;44592194000137;REDE LITORAL
MINI MERCADO UETI LTDA;RONILSON RIBEIRO;71789945000182;UETI
MINI MERCADO UETI LTDA;RONILSON RIBEIRO;71789945000182;UETI
MINI MERCADO UETI LTDA;RONILSON RIBEIRO;71789945000182;UETI
MINI MERCADO UETI LTDA;RONILSON RIBEIRO;71789945000182;UETI
MINIMERCADO NOVO SUCESSO LTDA;JOSE SOARES;5531089000136;NOVO SUCESSO
R NORABELE GUARUJA;JOSE SOARES;5049297000101;MERCADO MARE MANSA
SUPERMERCADO TALISMA DA VILA LTDA;JOSE SOARES;1174133000147;REDE LITORAL
SUPERMERCADO  TALISMA DE SAO VICENTE LTDA;JOSE SOARES;4846763000109;REDE LITORAL
SUPERMERCADO NOVA ONDA LTDA;RONILSON RIBEIRO;9608215000164;SUPERMERCADO NOVA ONDA
SUPERMERCADO NOVA ONDA LTDA;RONILSON RIBEIRO;9608215000164;SUPERMERCADO NOVA ONDA
SUPERMERCADO NOVA ONDA LTDA;RONILSON RIBEIRO;9608215000164;SUPERMERCADO NOVA ONDA
RK - SUPERMERCADO RIVIERA LTDA -11;MARIO MIZUKA;48124457000304;RICOY
RK - SUPERMERCADO RIVIERA LTDA -11;MARIO MIZUKA;48124457000304;RICOY
RK - SUPERMERCADO RIVIERA LTDA -11;MARIO MIZUKA;48124457000304;RICOY
RK - SUPERMERCADO RIVIERA LTDA -11;MARIO MIZUKA;48124457000304;RICOY
RK - SUPERMERCADO NACOES UNIDAS LTDA - 12;MARIO MIZUKA;7569651000499;RICOY
RK - SUPERMERCADO NACOES UNIDAS LTDA - 12;MARIO MIZUKA;7569651000499;RICOY
RK - SUPERMERCADO NACOES UNIDAS LTDA - 12;MARIO MIZUKA;7569651000499;RICOY
RK - SUPERMERCADO NACOES UNIDAS LTDA - 12;MARIO MIZUKA;7569651000499;RICOY
COMPANHIA BRASILEIRA DE DISTRIBUICAO;EDMILSON NUNES;47508411061961;EXTRA
MUNDO V - EMPORIO TOM DA TERRA COM DE PROD ALIM LTDA - ME -;TELEVENDAS - DA TERRINHA;9393476000104;MUNDO VERDE
MUNDO V - EMPORIO TOM DA TERRA COM DE PROD ALIM LTDA - ME -;TELEVENDAS - DA TERRINHA;9393476000104;MUNDO VERDE
SONDA SUPERMERCADOS EXPORTACAO E IMPORTACAO S.A.;ANGELA MARIA;1937635003106;SONDA
NOVASOC COMERCIAL LTDA;EDMILSON NUNES;3139761002403;EXTRA
D.P. COMERCIO DE GENEROS ALIMENTICIOS LTDA.;JOSE ARTENCIO;4902657000103;D P COMERCIO
D.P. COMERCIO DE GENEROS ALIMENTICIOS LTDA.;JOSE ARTENCIO;4902657000103;D P COMERCIO
D.P. COMERCIO DE GENEROS ALIMENTICIOS LTDA.;JOSE ARTENCIO;4902657000103;D P COMERCIO
D.P. COMERCIO DE GENEROS ALIMENTICIOS LTDA.;JOSE ARTENCIO;4902657000103;D P COMERCIO
DE MADUENO DISTRIBUIDOR E COMERCIO;KELVIN;17569908000113;TOCA DO ACAI DE MADUENO
DE MADUENO DISTRIBUIDOR E COMERCIO;KELVIN;17569908000113;TOCA DO ACAI DE MADUENO
DE MADUENO DISTRIBUIDOR E COMERCIO;KELVIN;17569908000113;TOCA DO ACAI DE MADUENO
DE MADUENO DISTRIBUIDOR E COMERCIO;KELVIN;17569908000113;TOCA DO ACAI DE MADUENO
DE MADUENO DISTRIBUIDOR E COMERCIO;KELVIN;17569908000113;TOCA DO ACAI DE MADUENO
ESPERANCA - ATACADO E AUTO SERVICO ESPERANCA LTDA - 05;DANIEL CAMACHO;5264937000430;ESPERANCA
ESPERANCA - ATACADO E AUTO SERVICO ESPERANCA LTDA - 06;DANIEL CAMACHO;5264937000511;ESPERANCA
ESPERANCA - ATACADO E AUTO SERVICO ESPERANCA LTDA - 04;DANIEL CAMACHO;5264937000350;ESPERANCA
ESPERANCA - ATACADO E AUTO SERVICO ESPERANCA LTDA - 03;DANIEL CAMACHO;5264937000198;ESPERANCA
ESPERANCA - ATACADO E AUTO SERVICO ESPERANCA LTDA - 07;DANIEL CAMACHO;5264937000864;ESPERANCA
COMERCIAL ESPERANCA ATACADISTA IMPORTACAO E EXPORTACAO LTDA;DANIEL CAMACHO;49092398000122;ESPERANCA
SAFRAVILLE - GK KORDOUTIS SUPERMERCADO LTDA - 03;WILSON PEREIRA;3164252000144;SAFRAVILLE
SAFRAVILLE - GK KORDOUTIS SUPERMERCADO LTDA - 03;WILSON PEREIRA;3164252000144;SAFRAVILLE
SAFRAVILLE - GK KORDOUTIS SUPERMERCADO LTDA - 03;WILSON PEREIRA;3164252000144;SAFRAVILLE
SAFRAVILLE - GK KORDOUTIS SUPERMERCADO LTDA - 03;WILSON PEREIRA;3164252000144;SAFRAVILLE
SAFRAVILLE - GK KORDOUTIS SUPERMERCADO LTDA - 03;WILSON PEREIRA;3164252000144;SAFRAVILLE
SAFRAVILLE  - PEKA KORDOUTIS SUPERMERCADO LTDA - 07;WILSON PEREIRA;10875738000156;SAFRAVILLE
SAFRAVILLE  - PEKA KORDOUTIS SUPERMERCADO LTDA - 07;WILSON PEREIRA;10875738000156;SAFRAVILLE
SAFRAVILLE  - PEKA KORDOUTIS SUPERMERCADO LTDA - 07;WILSON PEREIRA;10875738000156;SAFRAVILLE
SAFRAVILLE  - PEKA KORDOUTIS SUPERMERCADO LTDA - 07;WILSON PEREIRA;10875738000156;SAFRAVILLE
NAVARRO - MERCADO NAVARRO LTDA - 01;CAROLINA DOS SANTOS ROCHA;14015530000118;NAVARRO
NAVARRO - MERCADO NAVARRO LTDA - 01;CAROLINA DOS SANTOS ROCHA;14015530000118;NAVARRO
OURO AZUL DISTRIBUIDORA E IMPORTADORA DE PRODUTOS ALIMENTICI;EDVALDO DOS SANTOS PEREIRA;8081791000133;RICOY - CD
OURO AZUL DISTRIBUIDORA E IMPORTADORA DE PRODUTOS ALIMENTICI;EDVALDO DOS SANTOS PEREIRA;8081791000133;RICOY - CD
OURO AZUL DISTRIBUIDORA E IMPORTADORA DE PRODUTOS ALIMENTICI;EDVALDO DOS SANTOS PEREIRA;8081791000133;RICOY - CD
RECANTO COM DE FRIOS LTDA - ME;TELEVENDAS - DA TERRINHA;59475772000122;RECANTO DE FRIOS
ANDORINHA SUPERMERCADO LTDA;DANIEL CAMACHO;44480747000160;ANDORINHA
ANDORINHA SUPERMERCADO LTDA;DANIEL CAMACHO;44480747000160;ANDORINHA
MERCADINHO A MINEIRA LT;FLAVIA SIQUEIRA;47883566000172;A MINEIRA
MERCADINHO A MINEIRA LT;FLAVIA SIQUEIRA;47883566000172;A MINEIRA
MERCADINHO A MINEIRA LT;FLAVIA SIQUEIRA;47883566000172;A MINEIRA
MERCADINHO A MINEIRA LT;FLAVIA SIQUEIRA;47883566000172;A MINEIRA
HORTIFRUTI PAVAO DE OURO E MERCEARIA LTDA;INES MARTIN;7399410000104;PAVAO DE OURO
HORTIFRUTI PAVAO DE OURO E MERCEARIA LTDA;INES MARTIN;7399410000104;PAVAO DE OURO
HORTIFRUTI PAVAO DE OURO E MERCEARIA LTDA;INES MARTIN;7399410000104;PAVAO DE OURO
ROLDAO - AUTO SERVICO COMERCIO DE ALIMENTOS LTDA - 013;CAIO VINICIUS AMORIM;5800256001250;ROLDAO
ROLDAO - AUTO SERVICO COMERCIO DE ALIMENTOS LTDA - 013;CAIO VINICIUS AMORIM;5800256001250;ROLDAO
ROLDAO - AUTO SERVICO COMERCIO DE ALIMENTOS LTDA - 013;CAIO VINICIUS AMORIM;5800256001250;ROLDAO
ROLDAO - AUTO SERVICO COMERCIO DE ALIMENTOS LTDA - SANTOS;CAIO VINICIUS AMORIM;5800256001330;ROLDAO
ROLDAO - AUTO SERVICO COMERCIO DE ALIMENTOS LTDA - SANTOS;CAIO VINICIUS AMORIM;5800256001330;ROLDAO
ROLDAO - AUTO SERVICO COMERCIO DE ALIMENTOS LTDA - 015;CAIO VINICIUS AMORIM;5800256001411;ROLDAO
ROLDAO - AUTO SERVICO COMERCIO DE ALIMENTOS LTDA - 015;CAIO VINICIUS AMORIM;5800256001411;ROLDAO
ROLDAO - AUTO SERVICO COMERCIO DE ALIMENTOS LTDA - 015;CAIO VINICIUS AMORIM;5800256001411;ROLDAO
ROLDAO - AUTO SERVICO COMERCIO DE ALIMENTOS LTDA - 016;CAIO VINICIUS AMORIM;5800256001500;ROLDAO
ROLDAO - AUTO SERVICO COMERCIO DE ALIMENTOS LTDA - 016;CAIO VINICIUS AMORIM;5800256001500;ROLDAO
ROLDAO - AUTO SERVICO COMERCIO DE ALIMENTOS LTDA - 016;CAIO VINICIUS AMORIM;5800256001500;ROLDAO
ROLDAO - AUTO SERVICO COMERCIO DE ALIMENTOS LTDA - 017;CAIO VINICIUS AMORIM;5800256001683;ROLDAO
ROLDAO - AUTO SERVICO COMERCIO DE ALIMENTOS LTDA - 017;CAIO VINICIUS AMORIM;5800256001683;ROLDAO
ROLDAO - AUTO SERVICO COMERCIO DE ALIMENTOS LTDA - 017;CAIO VINICIUS AMORIM;5800256001683;ROLDAO
ROLDAO - AUTO SERVICO COMERCIO DE ALIMENTOS LTDA - 018;CAIO VINICIUS AMORIM;5800256001764;ROLDAO
ROLDAO - AUTO SERVICO COMERCIO DE ALIMENTOS LTDA - 018;CAIO VINICIUS AMORIM;5800256001764;ROLDAO
ROLDAO - AUTO SERVICO COMERCIO DE ALIMENTOS LTDA - 018;CAIO VINICIUS AMORIM;5800256001764;ROLDAO
CERCADAO - SUPERMERCADO NOVO CAPAO LTDA;ERICK MOREIRA;5820439000184;CERCADAO
NOSSO EMPORIO SUPERMERCADO LTDA;KELVIN;7997241000104;NOSSO EMPORIO
BOM BRASIL - SUPERMERCADO E DISTRIBUIDORA B V H LTDA;PAULO COSTA;9310182000171;BOM BRASIL
I S DA SILVA - MINIMERCADO;MARIO MIZUKA;15468521000145;J P S DISTRIBUIDORA
GILSON ARAUJO DOS SANTOS;TELEVENDAS - DA TERRINHA;66185955415;COLABORADORES DA TERRINHA
SUPERMERCADO SUPRIBEM LTDA;CAROLINA DOS SANTOS ROCHA;10490881000120;SUPRIBEM
SUPERMERCADO SUPRIBEM LTDA;CAROLINA DOS SANTOS ROCHA;10490881000120;SUPRIBEM
BARBOSA - SILVA E BARBOSA COMERCIO DE ALIMENTOS - 20;RODOLFO QUERINO LUIZ - GERENTE DE AREA;60437647000611;BARBOSA
BARBOSA - SILVA E BARBOSA COMERCIO DE ALIMENTOS - 20;RODOLFO QUERINO LUIZ - GERENTE DE AREA;60437647000611;BARBOSA
BARBOSA - SILVA E BARBOSA COMERCIO DE ALIMENTOS - 20;RODOLFO QUERINO LUIZ - GERENTE DE AREA;60437647000611;BARBOSA
KATIA OHIRA MASSITA ME;ALICE LUCIANA;7089969000120;KATIA OHIRA MASSITA
ABASTECEDORA JABORANDI LTDA - ME;RODOLFO QUERINO LUIZ - GERENTE DE AREA;2093497000165;BARONESA
ABASTECEDORA JABORANDI LTDA - ME;RODOLFO QUERINO LUIZ - GERENTE DE AREA;2093497000165;BARONESA
SUPERMERCADO TIETE LTDA;JOSE ARTENCIO;62837190000153;SUPERMERCADO TIETE
SUPERMERCADO TIETE LTDA;JOSE ARTENCIO;62837190000153;SUPERMERCADO TIETE
BAZAR OSHIMA LTDA - ME;FLAVIA SIQUEIRA;2291653000100;OSHIMA
SUPERMERCADO SERBOM LTDA;ERICK MOREIRA;59467654000172;SER BOM
SUPERMERCADO SERBOM LTDA;ERICK MOREIRA;59467654000172;SER BOM
SUPERVAREJAO SAUDE LT;INES MARTIN;62401963000235;SUPERVAREJAO SAUDE
NINKI SUPERMERCADOS LTDA;FLAVIA SIQUEIRA;7577664000167;NINKI SUPERMERCADOS
NINKI SUPERMERCADOS LTDA;FLAVIA SIQUEIRA;7577664000167;NINKI SUPERMERCADOS
NINKI SUPERMERCADOS LTDA;FLAVIA SIQUEIRA;7577664000167;NINKI SUPERMERCADOS
NINKI SUPERMERCADOS LTDA;FLAVIA SIQUEIRA;7577664000167;NINKI SUPERMERCADOS
NINKI SUPERMERCADOS LTDA;FLAVIA SIQUEIRA;7577664000167;NINKI SUPERMERCADOS
NINKI SUPERMERCADOS LTDA;FLAVIA SIQUEIRA;7577664000167;NINKI SUPERMERCADOS
MINIMERCADO OKADA LTDA;CARLOS FERREIRA;5027561000106;SUPERMERCADO FORTALEZA
SUPERMERCADO REMO LTDA;ERICK MOREIRA;4299135000150;REMO
SUPERMERCADO REMO LTDA;ERICK MOREIRA;4299135000150;REMO
MINI MERCADO TOK LEVE LTDA;CAROLINA DOS SANTOS ROCHA;54562889000120;TOK LEVE
MINI MERCADO TOK LEVE LTDA;CAROLINA DOS SANTOS ROCHA;54562889000120;TOK LEVE
MINI MERCADO TOK LEVE LTDA;CAROLINA DOS SANTOS ROCHA;54562889000120;TOK LEVE
SUPERMERCADO KUARA LTDA;KELVIN;8439461000177;KUARA
SUPERMERCADO KUARA LTDA;KELVIN;8439461000177;KUARA
SUPERMERCADO KUARA LTDA;KELVIN;8439461000177;KUARA
SUPERMERCADO KUARA LTDA;KELVIN;8439461000177;KUARA
SUPERMERCADO KUARA LTDA;KELVIN;8439461000177;KUARA
MIELE COMERCIAL DE ALIMENTOS LTDA;FELIPE GOMES;67785931000113;MIELE COMERCIAL DE ALIMENTOS
MIELE COMERCIAL DE ALIMENTOS LTDA;FELIPE GOMES;67785931000113;MIELE COMERCIAL DE ALIMENTOS
MIELE COMERCIAL DE ALIMENTOS LTDA;FELIPE GOMES;67785931000113;MIELE COMERCIAL DE ALIMENTOS
SUPERFANTASTICO - VALDIVINA GOMES ALVES DA ROCHA ME - 03;CAROLINA DOS SANTOS ROCHA;6314259000193;SUPERFANTASTICO
SUPERFANTASTICO - VALDIVINA GOMES ALVES DA ROCHA ME - 03;CAROLINA DOS SANTOS ROCHA;6314259000193;SUPERFANTASTICO
SUPERFANTASTICO - VALDIVINA GOMES ALVES DA ROCHA ME - 03;CAROLINA DOS SANTOS ROCHA;6314259000193;SUPERFANTASTICO
MERCEARIA FANTASTIC LTDA;INES MARTIN;6189671000129;YUTAKA/FANTASTIC
MERCEARIA FANTASTIC LTDA;INES MARTIN;6189671000129;YUTAKA/FANTASTIC
MERCEARIA FANTASTIC LTDA;INES MARTIN;6189671000129;YUTAKA/FANTASTIC
MERCEARIA FANTASTIC LTDA;INES MARTIN;6189671000129;YUTAKA/FANTASTIC
SACOLAO CAMPO GRANDE LTDA;ERICK MOREIRA;16935226000114;SACOLAO CAMPO GRANDE
SACOLAO CAMPO GRANDE LTDA;ERICK MOREIRA;16935226000114;SACOLAO CAMPO GRANDE
SACOLAO CAMPO GRANDE LTDA;ERICK MOREIRA;16935226000114;SACOLAO CAMPO GRANDE
COMERCIO DE DOCES BIG-PRECO LTDA;ROBSON BERTOLINI;843837000100;COMERCIO DE DOCES BIG PRECO
HORTIFRUTI POMAR DA VILA E MERCEARIA LTDA;FLAVIA SIQUEIRA;8062286000141;POMAR DA VILA
RK - FENDER COMERCIAL E IMPORTADORA LTDA - 300;MARIO MIZUKA;16987734000146;RICOY
MSI COM DE PRODUTOS ALIMENTOS;MARIO MIZUKA;17080239000111;SACOLAO PARELHEIROS
MAXIMO - REAL PAULISTA COMERCIAL DE ALIMENTOS LTDA - 01;EDVALDO DOS SANTOS PEREIRA;16881766000324;MAXIMO
MAXIMO - REAL PAULISTA COMERCIAL DE ALIMENTOS LTDA - 01;EDVALDO DOS SANTOS PEREIRA;16881766000324;MAXIMO
MERCADAO ATACADISTA COMERCIAL DE ALIMENTOS - 01;EDVALDO DOS SANTOS PEREIRA;16881767000450;MERCADAO
MERCADAO ATACADISTA COMERCIAL DE ALIMENTOS - 01;EDVALDO DOS SANTOS PEREIRA;16881767000450;MERCADAO
MERCADAO ATACADISTA COMERCIAL DE ALIMENTOS - 01;EDVALDO DOS SANTOS PEREIRA;16881767000450;MERCADAO
MERCADAO ATACADISTA COMERCIAL DE ALIMENTOS - 01;EDVALDO DOS SANTOS PEREIRA;16881767000450;MERCADAO
MERCADAO ATACADISTA COMERCIAL DE ALIMENTOS - 01;EDVALDO DOS SANTOS PEREIRA;16881767000450;MERCADAO
MOINHO DE PEDRA REST E ENTREP DE ALIM NAT LTDA;TELEVENDAS - DA TERRINHA;74217480000183;MOINHO DE PEDRA
MOINHO DE PEDRA REST E ENTREP DE ALIM NAT LTDA;TELEVENDAS - DA TERRINHA;74217480000183;MOINHO DE PEDRA
MERCADINHO ROBERTO KIBE LTDA - ME;CARLOS FERREIRA;43127141000182;KIBE
MERCADINHO ROBERTO KIBE LTDA - ME;CARLOS FERREIRA;43127141000182;KIBE
MERCADINHO ROBERTO KIBE LTDA - ME;CARLOS FERREIRA;43127141000182;KIBE
MERCADINHO ROBERTO KIBE LTDA - ME;CARLOS FERREIRA;43127141000182;KIBE
MERCADINHO ROBERTO KIBE LTDA - ME;CARLOS FERREIRA;43127141000182;KIBE
SUPERMERCADO FLAMENGO LTDA;KELVIN;43312164000167;FLAMENGO
SUPERMERCADO FLAMENGO LTDA;KELVIN;43312164000167;FLAMENGO
SUPERMERCADO FLAMENGO LTDA;KELVIN;43312164000167;FLAMENGO
SUPERMERCADO FLAMENGO LTDA;KELVIN;43312164000167;FLAMENGO
MERCADINHO KM VINTE E CINCO LT;CARLOS FERREIRA;49384472000184;MERCADINHO KM 25
MERCADINHO KM VINTE E CINCO LT;CARLOS FERREIRA;49384472000184;MERCADINHO KM 25
MERCADINHO A. R.  AMARAL LTDA;JOSE ARTENCIO - DS;15748505000106;MERCADINHO AMARAL
MERCADINHO A. R.  AMARAL LTDA;JOSE ARTENCIO - DS;15748505000106;MERCADINHO AMARAL
LOJAO DAS VARIEDADE COCAIA LTDA - ME;MARIO MIZUKA;8463509000182;LOJAO DAS VARIEDADE COCAIA
BRASILEIRAO SANTO AMARO COMERCIO DE BEBIDAS E ALIMENTOS LTDA;WELINGTON GUALTER;14702355000137;BRASILEIRAO
MERCEARIA E EMPORIO JADRA LTDA - ME;JUAREZ COSTA;8303643000116;MERCEARIA E EMPORIO JADRA
MERCEARIA E EMPORIO JADRA LTDA - ME;JUAREZ COSTA;8303643000116;MERCEARIA E EMPORIO JADRA
MERCEARIA E EMPORIO JADRA LTDA - ME;JUAREZ COSTA;8303643000116;MERCEARIA E EMPORIO JADRA
MERCEARIA E EMPORIO JADRA LTDA - ME;JUAREZ COSTA;8303643000116;MERCEARIA E EMPORIO JADRA
MERCEARIA E EMPORIO JADRA LTDA - ME;JUAREZ COSTA;8303643000116;MERCEARIA E EMPORIO JADRA
ROGERIO DE SOUZA SILVA;TELEVENDAS - DA TERRINHA;14791807000102;ROGERIO DE SOUZA
QUATRO IRMAOS - MERCADO OLIVEIRA VI LTDA - 01;CLAUDIO AKIO SOGA;6539323000134;QUATRO IRMAOS
QUATRO IRMAOS - MERCADO OLIVEIRA VI LTDA - 01;CLAUDIO AKIO SOGA;6539323000134;QUATRO IRMAOS
QUATRO IRMAOS - MERCADO OLIVEIRA VI LTDA EPP - SUZANO;CLAUDIO AKIO SOGA;6539323000215;QUATRO IRMAOS
J.R. PINHEIRO COMERCIO DE UTILIDADES DOMESTICAS LTDA;GILMERIO QUEIROZ - GERENTE DE AREA;12792106000154;GRUPO ISABELA
BRASILEIRAO COCAIA COMERCIO DE BEBIDAS E ALIMENTOS;CLEO CAVALCANTI;14699551000108;BRASILEIRAO
BRASILEIRAO COCAIA COMERCIO DE BEBIDAS E ALIMENTOS;CLEO CAVALCANTI;14699551000108;BRASILEIRAO
MERCADINHO SANTOS PEREIRA LTDA;MARIO MIZUKA;38930764000159;SANTOS PEREIRA
EMPORIO ALFREDO ANTUNES LTDA - 03;MARCELO GREGORIO;52437126000393;EMPORIO ALFREDO ANTUNES
EMPORIO ALFREDO ANTUNES LTDA - 01;MARCELO GREGORIO;52437126000121;EMPORIO ALFREDO ANTUNES
EMPORIO ALFREDO ANTUNES LTDA - 01;MARCELO GREGORIO;52437126000121;EMPORIO ALFREDO ANTUNES
AKKI - 707 AUTO-SERVICO DE ALIMENTOS LTDA - 05;LEANDRO GOLDINHO LOPES;12539517000566;AKKI
AKKI - 707 AUTO-SERVICO DE ALIMENTOS LTDA - 05;LEANDRO GOLDINHO LOPES;12539517000566;AKKI
AKKI - 707 AUTO-SERVICO DE ALIMENTOS LTDA - 05;LEANDRO GOLDINHO LOPES;12539517000566;AKKI
AKKI - 707 AUTO-SERVICO DE ALIMENTOS LTDA - 05;LEANDRO GOLDINHO LOPES;12539517000566;AKKI
AKKI - 707 AUTO-SERVICO DE ALIMENTOS LTDA - 05;LEANDRO GOLDINHO LOPES;12539517000566;AKKI
AKKI - 707 AUTO-SERVICO DE ALIMENTOS LTDA - 05;LEANDRO GOLDINHO LOPES;12539517000566;AKKI
AKKI - 707 AUTO-SERVICO DE ALIMENTOS LTDA - 05;LEANDRO GOLDINHO LOPES;12539517000566;AKKI
SALVALAGGIO REPRESENTACOES COMERCIAIS LTDA;FORTUNATO SALVALAGGIO;4304447000105;SALVALAGGIO
SALVALAGGIO REPRESENTACOES COMERCIAIS LTDA;FORTUNATO SALVALAGGIO;4304447000105;SALVALAGGIO
A PEREIRA ACOUGUE - ME;CAROLINA DOS SANTOS ROCHA;9275511000190;A PEREIRA
A PEREIRA ACOUGUE - ME;CAROLINA DOS SANTOS ROCHA;9275511000190;A PEREIRA
A PEREIRA ACOUGUE - ME;CAROLINA DOS SANTOS ROCHA;9275511000190;A PEREIRA
EMBAFRUT EMBALAGENS E FRUTAS LTDA;WILSON PEREIRA;46767141000135;EMBAFRUT
EMBAFRUT EMBALAGENS E FRUTAS LTDA;WILSON PEREIRA;46767141000135;EMBAFRUT
CVS COMERCIO DE ALIMENTOS E SERVICOS DE CARTOES LTDA;CAIO VINICIUS AMORIM;4728183000117;CVS CESTAS
CVS COMERCIO DE ALIMENTOS E SERVICOS DE CARTOES LTDA;CAIO VINICIUS AMORIM;4728183000117;CVS CESTAS
HORTUS COMERCIO DE ALIMENTOS S.A.;EDVALDO DOS SANTOS PEREIRA;9000493000134;EMPORIUM SANTA MARIA
ELISANGELA FERREIRA DURAES BARB;TELEVENDAS - DA TERRINHA;3614341000145;ESKEMA
DAVID JOSE DA SILVA MINI-MERCADO - ME;MARIO MIZUKA;7678475000180;DAVID JOSE
PANIFICADORA PAES E DOCES TRIGO DOURADO LTDA - ME;TELEVENDAS - DA TERRINHA;55881106000133;TRIGO DOURADO
MINI MERCADO FLOR DE MOEMA LTDA - ME;VENDEDOR INATIVO;65405771000104;MERCADO FLOR MOEMA
VITORINO CORREA NETO VOTORANTIM ME;PAULO COSTA;971698000192;CORREA ARCHILA
SUPERMERCADO ALVORADA SOROCABA LTDA - ME;PAULO COSTA;16874417000113;ALVORADA
VITOR FELIPE BATISTA MORENO;TELEVENDAS - DA TERRINHA;47121196832;VITOR FELIPE
JOSEFA EVANILDA FERREIRA DOS SANTOS;TELEVENDAS - DA TERRINHA;15206536890;COLABORADORES DA TERRINHA
SUPERMERCADO DELTA MAX LTDA;CELSO NUNES TEIXEIRA;286528000683;DELTA MAX
SUPERMERCADO DELTA MAX LTDA;CELSO NUNES TEIXEIRA;286528000683;DELTA MAX
SUPERMERCADO DELTA MAX LTDA;CELSO NUNES TEIXEIRA;286528000683;DELTA MAX
SUPERMERCADO DELTA MAX LTDA;CELSO NUNES TEIXEIRA;286528000683;DELTA MAX
SUPERMERCADO DELTA MAX LTDA;CELSO NUNES TEIXEIRA;286528000683;DELTA MAX
SUPERMERCADO DELTA MAX LTDA;CELSO NUNES TEIXEIRA;286528000683;DELTA MAX
SUPERMERCADO DELTA MAX LTDA - VILA REZENDE;CELSO NUNES TEIXEIRA;286528000179;DELTA MAX
SUPERMERCADO DELTA MAX LTDA - ARARAS;CELSO NUNES TEIXEIRA;286528000764;DELTA MAX
SUPERMERCADO DELTA MAX LTDA;CELSO NUNES TEIXEIRA;286528000926;DELTA MAX
SUPERMERCADO DELTA MAX LTDA;CELSO NUNES TEIXEIRA;286528000926;DELTA MAX
SUPERMERCADO DELTA MAX LTDA;CELSO NUNES TEIXEIRA;286528000845;DELTA MAX
SUPERMERCADO DELTA MAX LTDA;CELSO NUNES TEIXEIRA;286528000845;DELTA MAX
MIRIAN AP DAS GRACAS GRILO SOUZA;SAC DA TERRINHA;33633847855;SAC DA TERRINHA - 41
K L MERCADO E PANIFICADORA RAMOS LTDA - ME;ERICK MOREIRA;18168347000103;K L MERCADO E PANIFICADORA RAMOS
K L MERCADO E PANIFICADORA RAMOS LTDA - ME;ERICK MOREIRA;18168347000103;K L MERCADO E PANIFICADORA RAMOS
MINI MERCADO E PANIFICADORA LABARCA LTDA - ME;KELVIN;4028538000165;LABARCA
MINI MERCADO E PANIFICADORA LABARCA LTDA - ME;KELVIN;4028538000165;LABARCA
MINI MERCADO E PANIFICADORA LABARCA LTDA - ME;KELVIN;4028538000165;LABARCA
SUPERMERCADO BRUNO LTDA -  01;CARLOS FERREIRA;53655742000200;SUPERMERCADO BRUNO
SUPERMERCADO BRUNO LTDA -  01;CARLOS FERREIRA;53655742000200;SUPERMERCADO BRUNO
SUPERMERCADO BRUNO LTDA -  01;CARLOS FERREIRA;53655742000200;SUPERMERCADO BRUNO
SUPERMERCADO BRUNO LTDA -  01;CARLOS FERREIRA;53655742000200;SUPERMERCADO BRUNO
SUPERMERCADO BRUNO LTDA - 02;CARLOS FERREIRA;53655742000111;SUPERMERCADO BRUNO
SUPERMERCADO BRUNO LTDA - 02;CARLOS FERREIRA;53655742000111;SUPERMERCADO BRUNO
SUPERMERCADO BRUNO LTDA - 02;CARLOS FERREIRA;53655742000111;SUPERMERCADO BRUNO
SUPERMERCADO BRUNO LTDA - 02;CARLOS FERREIRA;53655742000111;SUPERMERCADO BRUNO
ATACADAO S A - 157;MILTON JUNIOR;75315333015726;ATACADAO - RJ
MERCADINHO JOLY LTDA;JOSE ARTENCIO;67302323000100;JOLY
MERCADINHO JOLY LTDA;JOSE ARTENCIO;67302323000100;JOLY
MERCADINHO JOLY LTDA;JOSE ARTENCIO;67302323000100;JOLY
MERCADINHO JOLY LTDA;JOSE ARTENCIO;67302323000100;JOLY
MERCADINHO JOLY LTDA;JOSE ARTENCIO;67302323000100;JOLY
EMPORIO IRAPUA LTDA - ME;KELVIN;2165569000132;EMPORIO IRAPUA
EMPORIO IRAPUA LTDA - ME;KELVIN;2165569000132;EMPORIO IRAPUA
SHIBATA - COML E IMPORTADORA SAO SEBASTIAO LTDA -  S10;EDMILSON - 02;71038764000114;SHIBATA
SHIBATA - COML E IMPORTADORA SAO SEBASTIAO LTDA -  S10;EDMILSON - 02;71038764000114;SHIBATA
SHIBATA - COML E IMPORTADORA SAO SEBASTIAO LTDA -  S10;EDMILSON - 02;71038764000114;SHIBATA
CRISTIANE DE SOUZA MARTINS -;JOSE SOARES;7718097000111;BELLA VILLA
J D FERNANDES & FILHOS LTDA - GONZAGA;JOSE SOARES;1325134000307;J D FERNANDES
MINIMERCADO E SACOLAO OSHIRO LTDA - ME;INES MARTIN;7016324000167;SACOLAO OSHIRO
MINIMERCADO E SACOLAO OSHIRO LTDA - ME;INES MARTIN;7016324000167;SACOLAO OSHIRO
JANGADA SUPERMERCADO EIRELI;JOSE SOARES;53741641000163;JANGADA
FAMILIA HORTIFRUTI LTDA - EPP;TELEVENDAS - DA TERRINHA;18853931000106;FAMILIA HORTIFRUTI
SUAVE ESSENCIA COMERCIO DE PRODUTOS NATURAIS LTDA;TELEVENDAS - DA TERRINHA;9392940000148;SUAVE ESSENCIA
SUAVE ESSENCIA COMERCIO DE PRODUTOS NATURAIS LTDA;TELEVENDAS - DA TERRINHA;9392940000148;SUAVE ESSENCIA
SUAVE ESSENCIA COMERCIO DE PRODUTOS NATURAIS LTDA;TELEVENDAS - DA TERRINHA;9392940000148;SUAVE ESSENCIA
SUAVE ESSENCIA COMERCIO DE PRODUTOS NATURAIS LTDA;TELEVENDAS - DA TERRINHA;9392940000148;SUAVE ESSENCIA
MIX JUICE & CO LANCHES LTDA ME;TELEVENDAS - DA TERRINHA;17568623000168;MIX JUICE & CO LANCHES
CASA DO ACAI SUCOS E LANCHES LTDA ME;TELEVENDAS - DA TERRINHA;10913189000167;CASA DO ACAI
CASA DO ACAI SUCOS E LANCHES LTDA ME;TELEVENDAS - DA TERRINHA;10913189000167;CASA DO ACAI
CASA DO ACAI SUCOS E LANCHES LTDA ME;TELEVENDAS - DA TERRINHA;10913189000167;CASA DO ACAI
SUPER MERCADO ECONOMICO LTDA;CARLOS FERREIRA;48890875000132;ECONOMICO
SUPER MERCADO ECONOMICO LTDA;CARLOS FERREIRA;48890875000132;ECONOMICO
MERCADINHO AVICOLA E ACOUGUE SCALA LTDA - ME;CARLOS FERREIRA;56079171000102;AVICOLA E ACOUGUE SCALA
MERCADINHO AVICOLA E ACOUGUE SCALA LTDA - ME;CARLOS FERREIRA;56079171000102;AVICOLA E ACOUGUE SCALA
CENTRO DE DISTRIBUICAO DE ALIMENTOS PINHEIROS LTDA;CRISTIANE LIMA;7534919000104;CENTRO DE DISTRIB DE ALIM PINHEIROS
CENTRO DE DISTRIBUICAO DE ALIMENTOS PINHEIROS LTDA;PAULO SERGIO;7534919000104;CENTRO DE DISTRIB DE ALIM PINHEIROS
CENTRO DE DISTRIBUICAO DE ALIMENTOS PINHEIROS LTDA;PEDRO LACERDA;7534919000104;CENTRO DE DISTRIB DE ALIM PINHEIROS
CENTRO DE DISTRIBUICAO DE ALIMENTOS PINHEIROS LTDA;LUIZ FERNANDO DE LIMA;7534919000104;CENTRO DE DISTRIB DE ALIM PINHEIROS
CENTRO DE DISTRIBUICAO DE ALIMENTOS PINHEIROS LTDA;FLAVIA SIQUEIRA;7534919000104;CENTRO DE DISTRIB DE ALIM PINHEIROS
CENTRO DE DISTRIBUICAO DE ALIMENTOS PINHEIROS LTDA;OSMAR ALVES;7534919000104;CENTRO DE DISTRIB DE ALIM PINHEIROS
J M MORI & CIA LTDA;ALICE LUCIANA;61336566000183;MORI
J M MORI & CIA LTDA;RONILDO FERREIRA;61336566000183;MORI
CENTRAL DE CARNES ARIZONA LTDA - ME;KELVIN;9093818000170;CARNES ARIZONA
IRMAOS TROYANO LTDA;MARCELO GREGORIO;58747932000182;IRMAOS TROYANOS
IRMAOS TROYANO LTDA;MARCELO GREGORIO;58747932000182;IRMAOS TROYANOS
IRMAOS TROYANO LTDA;MARCELO GREGORIO;58747932000182;IRMAOS TROYANOS
IRMAOS TROYANO LTDA;MARCELO GREGORIO;58747932000182;IRMAOS TROYANOS
EMPORIO MANJERICAO LTDA - EPP;CARLOS FERREIRA;72729502000169;EMPORIO MANJERICAO
EMPORIO MANJERICAO LTDA - EPP;CARLOS FERREIRA;72729502000169;EMPORIO MANJERICAO
EMPORIO MANJERICAO LTDA - EPP;CARLOS FERREIRA;72729502000169;EMPORIO MANJERICAO
CENTRAL DE CARNES SANTA CATARINA LTDA - ME;TELEVENDAS - DA TERRINHA;9173028000103;CENTRAL DE CARNES STA CATARINA
SERGIO FERNANDO SANTOS GAZIRE;MIRIAN APARECIDA;3753028000198;SPREMUTO
SERGIO FERNANDO SANTOS GAZIRE;LEIA;3753028000198;SPREMUTO
SERGIO FERNANDO SANTOS GAZIRE;ANDREZA LOPES ALVES - V;3753028000198;SPREMUTO
SERGIO FERNANDO SANTOS GAZIRE;CARLOS FERREIRA;3753028000198;SPREMUTO
SERGIO FERNANDO SANTOS GAZIRE;TELEVENDAS - DA TERRINHA;3753028000198;SPREMUTO
MERCADINHO ITAIPAVA LTDA ME;TELEVENDAS - DA TERRINHA;11162387000107;MERCADINHO ITAIPAVA
AYUMI - MERCADINHO AYUMI LTDA - 07;LEANDRO GOLDINHO LOPES;67616128000740;AYUMI
AYUMI - MERCADINHO AYUMI LTDA - 07;LEANDRO GOLDINHO LOPES;67616128000740;AYUMI
AYUMI - MERCADINHO AYUMI LTDA - 07;LEANDRO GOLDINHO LOPES;67616128000740;AYUMI
J.E - DA ALICLEO REPRESENTACOES;TELEVENDAS - DA TERRINHA;39391199895;COLABORADORES DA TERRINHA
CARLOS ANDRE DE LIMA;TELEVENDAS - DA TERRINHA;48110062830;COLABORADORES DA TERRINHA
CASA SANTA LUZIA IMPORTADORA LTDA;CAROLINA DOS SANTOS ROCHA;59350116000101;SANTA LUZIA
CASA SANTA LUZIA IMPORTADORA LTDA;CAROLINA DOS SANTOS ROCHA;59350116000101;SANTA LUZIA
CASA SANTA LUZIA IMPORTADORA LTDA;CAROLINA DOS SANTOS ROCHA;59350116000101;SANTA LUZIA
SUPERMERCADO ESTADOS UNIDOS LTDA;INES MARTIN;61365508000188;ESTADOS UNIDOS
SUPERMERCADO ESTADOS UNIDOS LTDA;INES MARTIN;61365508000188;ESTADOS UNIDOS
SUPERMERCADO ESTADOS UNIDOS LTDA;INES MARTIN;61365508000188;ESTADOS UNIDOS
SUPERMERCADO ESTADOS UNIDOS LTDA;INES MARTIN;61365508000188;ESTADOS UNIDOS
SUPERMERCADO ESTADOS UNIDOS LTDA;INES MARTIN;61365508000188;ESTADOS UNIDOS
SUPERMERCADO ESTADOS UNIDOS LTDA;INES MARTIN;61365508000188;ESTADOS UNIDOS
SHIBATA - SHIBATAATA COM  E ATACADO DE PRODUTOS EM GE - H5;EDMILSON - 02;20276483000169;SHIBATA
SHIBATA - SHIBATAATA COM  E ATACADO DE PRODUTOS EM GE - H5;EDMILSON - 02;20276483000169;SHIBATA
SHIBATA - SHIBATAATA COM  E ATACADO DE PRODUTOS EM GE - H5;EDMILSON - 02;20276483000169;SHIBATA
STEPHANE DE SOUZA REIS;TELEVENDAS - DA TERRINHA;36710983846;COLABORADORES DA TERRINHA
STEPHANE DE SOUZA REIS;TELEVENDAS - DA TERRINHA;36710983846;COLABORADORES DA TERRINHA
MERCADINHO BONANZA LTDA;INES MARTIN;47243779000130;BONANZA
MERCADINHO BONANZA LTDA;INES MARTIN;47243779000130;BONANZA
MERCADINHO BONANZA LTDA;INES MARTIN;47243779000130;BONANZA
BANANA PRATA COM DE PRODUTOS ALIMENTICIOS LTDA - E;INES MARTIN;2790291000194;BANANA PRATA
BANANA PRATA COM DE PRODUTOS ALIMENTICIOS LTDA - E;INES MARTIN;2790291000194;BANANA PRATA
BANANA PRATA COM DE PRODUTOS ALIMENTICIOS LTDA - E;INES MARTIN;2790291000194;BANANA PRATA
BANANA PRATA COM DE PRODUTOS ALIMENTICIOS LTDA - E;INES MARTIN;2790291000194;BANANA PRATA
ROGERIO DE OLIVEIRA PEREIRA - ME;CAROLINA DOS SANTOS ROCHA;21186891000192;HORTIFRUTTI MAIS VIDA
ROGERIO DE OLIVEIRA PEREIRA - ME;CAROLINA DOS SANTOS ROCHA;21186891000192;HORTIFRUTTI MAIS VIDA
ROGERIO DE OLIVEIRA PEREIRA - ME;CAROLINA DOS SANTOS ROCHA;21186891000192;HORTIFRUTTI MAIS VIDA
ROGERIO DE OLIVEIRA PEREIRA - ME;CAROLINA DOS SANTOS ROCHA;21186891000192;HORTIFRUTTI MAIS VIDA
ROGERIO DE OLIVEIRA PEREIRA - ME;CAROLINA DOS SANTOS ROCHA;21186891000192;HORTIFRUTTI MAIS VIDA
ROGERIO DE OLIVEIRA PEREIRA - ME;CAROLINA DOS SANTOS ROCHA;21186891000192;HORTIFRUTTI MAIS VIDA
DIA BRASIL SOCIEDADE LIMITADA - 704 CD;LEANDRO SILVEIRA - GERENTE DE AREA;3476811021159;DIA %
DIA BRASIL SOCIEDADE LIMITADA - 704 CD;LEANDRO SILVEIRA - GERENTE DE AREA;3476811021159;DIA %
DIA BRASIL SOCIEDADE LIMITADA - 701 CD;LEANDRO SILVEIRA - GERENTE DE AREA;3476811013725;DIA %
DIA BRASIL SOCIEDADE LIMITADA - 705 CD;LEANDRO SILVEIRA - GERENTE DE AREA;3476811032860;DIA %
DIA BRASIL SOCIEDADE LIMITADA - 705 CD;LEANDRO SILVEIRA - GERENTE DE AREA;3476811032860;DIA %
DIA BRASIL SOCIEDADE LIMITADA - 708 CD;LEANDRO SILVEIRA - GERENTE DE AREA;3476811042237;DIA %
DIA BRASIL SOCIEDADE LIMITADA - 709 CD;LEANDRO SILVEIRA - GERENTE DE AREA;3476811042903;DIA %
HOTEL TORIBA LTDA;CLAUDIO AKIO SOGA;46745006000199;HOTEL TORIBA
HOTEL TORIBA LTDA;CLAUDIO AKIO SOGA;46745006000199;HOTEL TORIBA
HOTEL TORIBA LTDA;CLAUDIO AKIO SOGA;46745006000199;HOTEL TORIBA
HOTEL TORIBA LTDA;CLAUDIO AKIO SOGA;46745006000199;HOTEL TORIBA
RIBEIRO - M J A COMERCIO DE ALIMENTOS LTDA - ME - 02;PAULO COSTA;7495629000107;RIBEIRO
RIBEIRO - RIBEIRO & ALVES COM DE ALIM VOTORANTIM  - 01;PAULO COSTA;5016841000100;RIBEIRO
SUPERMERCADO SOROCABA LTDA;CARLOS FERREIRA;62133459000110;MERCADO SOROCABA
SUPERMERCADO SOROCABA LTDA;CARLOS FERREIRA;62133459000110;MERCADO SOROCABA
SUPERMERCADO SOROCABA LTDA;CARLOS FERREIRA;62133459000110;MERCADO SOROCABA
SUPERMERCADO SOROCABA LTDA;CARLOS FERREIRA;62133459000110;MERCADO SOROCABA
SUPERMERCADO SOROCABA LTDA;CARLOS FERREIRA;62133459000110;MERCADO SOROCABA
PAES E DOCES PIRIQUITO LTDA - EPP;INES MARTIN;74642687000103;PAES E DOCES PIRIQUITO
FAZENDAO EMPORIO E LACHONETE LTDA - ME;ADRIANO GUIMARAES;52423035000137;FAZENDAO EMPORIO E LANCHONETE
FAZENDAO EMPORIO E LACHONETE LTDA - ME;CLAUDIO MARTINS;52423035000137;FAZENDAO EMPORIO E LANCHONETE
CHAMA - MERCEARIA CHAMA LTDA - 08;LEONARDO VINICIUS;3205493000194;CHAMA - LOJAS
SANTO AMARO COMERCIO DE FRIOS E LATICINIOS LTDA - ME;JOSE ARTENCIO;10513804000148;SANTO AMARO COMERCIO DE FRIOS
SANTO AMARO COMERCIO DE FRIOS E LATICINIOS LTDA - ME;JOSE ARTENCIO;10513804000148;SANTO AMARO COMERCIO DE FRIOS
FIT STOP FOOD LANCHONETE E RESTAURANTE LTDA - ME;TELEVENDAS - DA TERRINHA;15697224000171;FIT STOP FOOD
FIT STOP FOOD LANCHONETE E RESTAURANTE LTDA - ME;TELEVENDAS - DA TERRINHA;15697224000171;FIT STOP FOOD
FIT STOP FOOD LANCHONETE E RESTAURANTE LTDA - ME;TELEVENDAS - DA TERRINHA;15697224000171;FIT STOP FOOD
FIT STOP FOOD LANCHONETE E RESTAURANTE LTDA - ME;TELEVENDAS - DA TERRINHA;15697224000171;FIT STOP FOOD
AACD - ASSOCIACAO DE ASSISTENCIA A CRIANCA DEFICIENTE;TELEVENDAS - DA TERRINHA;60979457000111;AACD
AACD - ASSOCIACAO DE ASSISTENCIA A CRIANCA DEFICIENTE;TELEVENDAS - DA TERRINHA;60979457000111;AACD
AACD - ASSOCIACAO DE ASSISTENCIA A CRIANCA DEFICIENTE;TELEVENDAS - DA TERRINHA;60979457000111;AACD
AACD - ASSOCIACAO DE ASSISTENCIA A CRIANCA DEFICIENTE;TELEVENDAS - DA TERRINHA;60979457000111;AACD
SUPERMERCADO PIRAMEDAL LTDA - EPP;TELEVENDAS - DA TERRINHA;16793248000197;PIRAMEDAL
VILA ZAIRA  HORTIFRUTI LTDA;SILVANO ARRUDA;13759045000358;VILA ZAIRA
VILA ZAIRA  HORTIFRUTI LTDA;SILVANO ARRUDA;13759045000358;VILA ZAIRA
SACOLAO S JORGE - SACOLAO SANTO AMARO LTDA;CARLOS FERREIRA;8898617000188;SACOLAO SAO JORGE
SACOLAO S JORGE - SACOLAO SANTO AMARO LTDA;CARLOS FERREIRA;8898617000188;SACOLAO SAO JORGE
LAR DO REAL MINIMERCADO LTDA  - ME;CAROLINA DOS SANTOS ROCHA;5767941000179;LOJAO IMPERIAL
LAR DO REAL MINIMERCADO LTDA  - ME;CAROLINA DOS SANTOS ROCHA;5767941000179;LOJAO IMPERIAL
MERCADO MOEMA COMERCIAL DE ALIMENTOS LTDA;SILVANO ARRUDA;38957205000132;MOEMA
MERCADO MOEMA COMERCIAL DE ALIMENTOS LTDA;SILVANO ARRUDA;38957205000132;MOEMA
TENDA ATACADO LTDA - ATLANTICA;FLAVIO DUARTE PEREIRA;1157555000880;TENDA
TENDA ATACADO LTDA - ATLANTICA;FLAVIO DUARTE PEREIRA;1157555000880;TENDA
TUTTO NATURAL COMERCIO VAREJISTA DE PRODUTOS ALIME;JOSE ARTENCIO;11888052000162;TUTTO NATURAL
ECONOMIA - SUPERMERCADO SUPERECONOMIA LTDA;MILTON JUNIOR;12394461000175;ECONOMIA
TENDA ATACADO LTDA - GUARAPIRANGA;FLAVIO DUARTE PEREIRA;1157555000619;TENDA
TENDA ATACADO LTDA - GUARAPIRANGA;FLAVIO DUARTE PEREIRA;1157555000619;TENDA
TENDA ATACADO LTDA - GUARAPIRANGA;FLAVIO DUARTE PEREIRA;1157555000619;TENDA
TENDA ATACADO LTDA - GUARAPIRANGA;FLAVIO DUARTE PEREIRA;1157555000619;TENDA
CICESP - CENTRO DE INTEGRACAO CULTURAL;TELEVENDAS - DA TERRINHA;3835573000123;CICESP
FORT - EMPRESA CATARINENSE DE SUPERMERCADOS - 05;JULIANA RIBEIRA;7751607000748;IN - FORT
FORT - EMPRESA CATARINENSE DE SUPERMERCADOS - 06;JULIANA RIBEIRA;7751607000900;IN - FORT
EMPRESA CATARINENSE DE SUPERMERCADOS LTDA;JULIANA RIBEIRA;7751607000586;IN - FORT
FORT - EMPRESA CATARINENSE DE SUPERMERCADOS - 62;JULIANA RIBEIRA;7751607001124;IN - FORT
FORT - EMPRESA CATARINENSE DE SUPERMERCADOS - 65;JULIANA RIBEIRA;7751607001043;IN - FORT
FORT - EMPRESA CATARINENSE DE SUPERMERCADOS - 80;JULIANA RIBEIRA;7751607001205;IN - FORT
FORT - EMPRESA CATARINENSE DE SUPERMERCADOS - 85;JULIANA RIBEIRA;9477652001672;IN - FORT
FORT - EMPRESA CATARINENSE DE SUPERMERCADOS - 105;JULIANA RIBEIRA;7751607001710;IN - FORT
FORT - EMPRESA CATARINENSE DE SUPERMERCADOS - 110;JULIANA RIBEIRA;7751607001639;IN - FORT
FORT - EMPRESA CATARINENSE DE SUPERMERCADOS - 115;JULIANA RIBEIRA;9477652002210;IN - FORT
FORT - EMPRESA CATARINENSE DE SUPERMERCADOS - 130;JULIANA RIBEIRA;9477652002644;IN - FORT
FORT - EMPRESA CATARINENSE DE SUPERMERCADOS - 125;JULIANA RIBEIRA;7751607001809;IN - FORT
EMPORIO DO ARROZ INTEGRAL LTDA;CAROLINA DOS SANTOS ROCHA;6282930000161;EMPORIO DO ARROZ
EMPORIO DO ARROZ INTEGRAL LTDA;CAROLINA DOS SANTOS ROCHA;6282930000161;EMPORIO DO ARROZ
EMPORIO DO ARROZ INTEGRAL LTDA;CAROLINA DOS SANTOS ROCHA;6282930000161;EMPORIO DO ARROZ
EMPORIO DO ARROZ INTEGRAL LTDA;CAROLINA DOS SANTOS ROCHA;6282930000161;EMPORIO DO ARROZ
EMPORIO DO ARROZ INTEGRAL LTDA;CAROLINA DOS SANTOS ROCHA;6282930000161;EMPORIO DO ARROZ
SUP VERISSIMO - MINI MERCADO SUCESSO LTDA - ME;JOSE ARTENCIO;8339516000177;VERISSIMO
SUP VERISSIMO - MINI MERCADO SUCESSO LTDA - ME;JOSE ARTENCIO;8339516000177;VERISSIMO
SUP VERISSIMO - MINI MERCADO SUCESSO LTDA - ME;JOSE ARTENCIO;8339516000177;VERISSIMO
MINEMERCADO E PADARIA GOPIUVA LTDA;CARLOS FERREIRA;19612991000191;VERISSIMO
MINEMERCADO E PADARIA GOPIUVA LTDA;CARLOS FERREIRA;19612991000191;VERISSIMO
CORREA & ATADAINE ALIM  SOROCABA - MAGNOLI;PAULO COSTA;17154040000190;CORREA ARCHILA
SUPERMERCADO CORREA - SUPERMERCADO JATAI MARMIL LTDA - JATAI;PAULO COSTA;13929467000162;CORREA ARCHILA
SUP CORREA - ADRIANO CORREA SOROCABA - IPANEMA;PAULO COSTA;2503387000124;CORREA ARCHILA
SUP CORREA - ROGERIO DE MORAIS FERREIRA SOROCABA - ITAVUVU;PAULO COSTA;9601652000156;CORREA ARCHILA
COPIAMEL COMERCIO DE PRODUTOS NATURAIS LTDA - ME;EDUARDO FRAGA;7440386000100;COPIAMEL COMERCIO
MERCADO GAZIN & COSTA LTDA - EPP;PAULO COSTA;11371381000131;GAZIN & COSTA
MERCADO NAZARE LTDA - ME;JOSE ARTENCIO;244938000157;NAZARE
MERCADO NAZARE LTDA - ME;JOSE ARTENCIO;244938000157;NAZARE
MERCADO NAZARE LTDA - ME;JOSE ARTENCIO;244938000157;NAZARE
MERCADO NAZARE LTDA - ME;JOSE ARTENCIO;244938000157;NAZARE
MERCADO NAZARE LTDA - ME;JOSE ARTENCIO;244938000157;NAZARE
FORT - EMPRESA CATARINENSE DE SUPERMERCADOS - 79;JULIANA RIBEIRA;7751607001396;IN - FORT
PAULO ROBERTO RODRIGUES DA COSTA;JOSUE EVANGELISTA;8586120898;REPRESENTANTES DA TERRINHA
SUPERMERCADO VILA HARO V A LTDA - EPP;PAULO COSTA;97528769000119;CORREA ARCHILA
ESTANPLAZA ESTANPLAZA ADM HOTELEIRA E COM LTDA - FUNCHAL;FRANCISCO ANACLETO;1943121000563;ESTANPLAZA
ESTANPLAZA ESTANPLAZA ADM HOTELEIRA E COM LTDA - FUNCHAL;FRANCISCO ANACLETO;1943121000563;ESTANPLAZA
ESTANPLAZA ESTANPLAZA ADM HOTELEIRA E COM LTDA - FUNCHAL;FRANCISCO ANACLETO;1943121000563;ESTANPLAZA
ESTANPLAZA ESTANPLAZA ADM HOTELEIRA E COM LTDA - FUNCHAL;FRANCISCO ANACLETO;1943121000563;ESTANPLAZA
ESTANPLAZA ESTANPLAZA ADM HOTELEIRA E COM LTDA - FUNCHAL;FRANCISCO ANACLETO;1943121000563;ESTANPLAZA
D D GARCIA - ALIMENTOS - ME;ANDREZA LOPES ALVES - V;2751943000181;D D GARCIA
D D GARCIA - ALIMENTOS - ME;MIRIAN APARECIDA;2751943000181;D D GARCIA
D D GARCIA - ALIMENTOS - ME;PAULO  ROSS;2751943000181;D D GARCIA
D D GARCIA - ALIMENTOS - ME;DANIELLY SOUZA;2751943000181;D D GARCIA
D D GARCIA - ALIMENTOS - ME;LEIA;2751943000181;D D GARCIA
D D GARCIA - ALIMENTOS - ME;TELEVENDAS - DA TERRINHA;2751943000181;D D GARCIA
KOLTUN & COLATUSSO LTDA;FORTUNATO SALVALAGGIO;84897313000427;COLATUSSO
PADECA RESTAURANTE E LANCHONETE LTDA - ME;TELEVENDAS - DA TERRINHA;8868389000101;PADECA
COMERCIAL KANGURU LTDA;FLAVIA SIQUEIRA;43093327000168;KANGURU
COMERCIAL KANGURU LTDA;FLAVIA SIQUEIRA;43093327000168;KANGURU
KUCHO S DISTRIBUIDORA DE PRODUTODS ALIMENTICIOS LT;FLAVIA SIQUEIRA;66825670000155;KUCHO S DISTRIBUIDORA
KUCHO S DISTRIBUIDORA DE PRODUTODS ALIMENTICIOS LT;FLAVIA SIQUEIRA;66825670000155;KUCHO S DISTRIBUIDORA
KUCHO S DISTRIBUIDORA DE PRODUTODS ALIMENTICIOS LT;FLAVIA SIQUEIRA;66825670000155;KUCHO S DISTRIBUIDORA
DISTRIBUIDORA J JOTAS LTDA;FLAVIA SIQUEIRA;50231398000145;DISTRIBUIDORA J JOTAS
DISTRIBUIDORA J JOTAS LTDA;FLAVIA SIQUEIRA;50231398000145;DISTRIBUIDORA J JOTAS
DISTRIBUIDORA J JOTAS LTDA;FLAVIA SIQUEIRA;50231398000145;DISTRIBUIDORA J JOTAS
EMPORIO DIET E ORGANICOS - MARIVALDO CAMPOS BRITO;TELEVENDAS - DA TERRINHA;20132911000180;EMPORIO DIET E ORGANICOS
COMERCIO DE CARNES E ROTISSERIE DUTRA LTDA;FELIPE GOMES;10310937000117;ROTISSERIE DUTRA
COMERCIO DE CARNES E ROTISSERIE DUTRA LTDA;FELIPE GOMES;10310937000117;ROTISSERIE DUTRA
COMERCIO DE CARNES E ROTISSERIE DUTRA LTDA;FELIPE GOMES;10310937000117;ROTISSERIE DUTRA
COMERCIO DE CARNES E ROTISSERIE DUTRA LTDA;FELIPE GOMES;10310937000117;ROTISSERIE DUTRA
COMERCIO DE CARNES E ROTISSERIE DUTRA LTDA;FELIPE GOMES;10310937000117;ROTISSERIE DUTRA
PRISCILA ROTELI RODRIGUES DOS SANTOS - 02;CARLOS FERREIRA;21240542000101;VIEL
PRISCILA ROTELI RODRIGUES DOS SANTOS - 02;CARLOS FERREIRA;21240542000101;VIEL
PRISCILA ROTELI RODRIGUES DOS SANTOS - 02;CARLOS FERREIRA;21240542000101;VIEL
VIEL VIEL & CIA LTDA;ANTONIO CARLOS SMISEK;56035512000148;VIEL
VIEL VIEL & CIA LTDA;ANTONIO CARLOS SMISEK;56035512000148;VIEL
VIEL VIEL & CIA LTDA;ANTONIO CARLOS SMISEK;56035512000148;VIEL
DOCES DA PRACA LTDA  - ME;TELEVENDAS - DA TERRINHA;21904810000142;DOCES DA PRACA
DOCES DA PRACA LTDA  - ME;TELEVENDAS - DA TERRINHA;21904810000142;DOCES DA PRACA
GUILHERME BORGES BARBOSA;TELEVENDAS - DA TERRINHA;46715936889;COLABORADORES DA TERRINHA
GUILHERME BORGES BARBOSA;TELEVENDAS - DA TERRINHA;46715936889;COLABORADORES DA TERRINHA
GUSTAVO FERREIRA DA SILVA;TELEVENDAS - DA TERRINHA;48795235850;COLABORADORES DA TERRINHA
GUSTAVO FERREIRA DA SILVA;TELEVENDAS - DA TERRINHA;48795235850;COLABORADORES DA TERRINHA
PADARIA E CONVENIENCIA SILVEIRA LTDA;TELEVENDAS - DA TERRINHA;11379600000129;PADARIA SILVEIRA
HENRIQUE FERREIRA DA SILVA;TELEVENDAS - DA TERRINHA;23820387803;COLABORADORES DA TERRINHA
THAYS GIOVANNA EVANGELISTA;TELEVENDAS - DA TERRINHA;46512613880;COLABORADORES DA TERRINHA
THAYS GIOVANNA EVANGELISTA;TELEVENDAS - DA TERRINHA;46512613880;COLABORADORES DA TERRINHA
ASSOCIAO TORRE DE VIGIA DE BIBLIAS E TRATADOS;EDMILSON NUNES;33755687000124;TORRE DE VIGIA
MASTEX RIO SORVETERIA LTDA;TELEVENDAS - DA TERRINHA;13454876000150;DELICIAS DO CERRADO
MASTEX RIO SORVETERIA LTDA;TELEVENDAS - DA TERRINHA;13454876000150;DELICIAS DO CERRADO
GREEN FRUIT NOVO MILENIO HORTIFRUTIGRANJEIROS LTDA - CABO FR;TELEVENDAS - DA TERRINHA;7539322000152;GREEN FRUIT
RJ GOUVEA SUPERMERCADOS LTDA  - ME;TELEVENDAS - DA TERRINHA;7300267000224;NSA
RJ GOUVEA SUPERMERCADOS LTDA  - ME;TELEVENDAS - DA TERRINHA;7300267000224;NSA
RJ GOUVEA SUPERMERCADOS LTDA  - ME;TELEVENDAS - DA TERRINHA;7300267000224;NSA
RJ GOUVEA SUPERMERCADOS LTDA  - ME;TELEVENDAS - DA TERRINHA;7300267000224;NSA
MERCADINHO IRMAOS OLIVEIRA MOITINHO LTDA - ME;KELVIN;6907873000169;IRMAOS OLIVEIRA MOITINHO
MERCADINHO IRMAOS OLIVEIRA MOITINHO LTDA - ME;KELVIN;6907873000169;IRMAOS OLIVEIRA MOITINHO
SUPERMERCADO SAO JOSE PIRAPORA LTDA - EPP - 01;TELEVENDAS - DA TERRINHA;15005695000171;INOVA
SUPERMERCADO SAO JOSE PIRAPORA LTDA - EPP - 01;ANDREZA LOPES ALVES - V;15005695000171;INOVA
SUPERMERCADO SAO JOSE PIRAPORA LTDA - EPP - 01;CARLOS FERREIRA;15005695000171;INOVA
SUPERMERCADO SAO JOSE PIRAPORA LTDA - EPP - 01;LEIA;15005695000171;INOVA
SUPERMERCADO SAO JOSE PIRAPORA LTDA - EPP - 01;MIRIAN APARECIDA;15005695000171;INOVA
SUPERMERCADO SAO JOSE PIRAPORA LTDA - EPP - 01;RAFAEL MORAES;15005695000171;INOVA
SUPERMERCADO SAO JOSE PIRAPORA LTDA - EPP - 01;CLEISER CEPRIANO;15005695000171;INOVA
SUPERMERCADO SAO JOSE PIRAPORA LTDA - EPP - 01;DANIELLY SOUZA;15005695000171;INOVA
SUPERMERCADO SAO JOSE PIRAPORA LTDA - EPP - 01;FERNANDO GOUVEIA;15005695000171;INOVA
CASA SANTA GEMMA SUPERMERCADOS LTDA;INES MARTIN;6159713000189;SANTA GEMMA
CASA SANTA GEMMA SUPERMERCADOS LTDA;INES MARTIN;6159713000189;SANTA GEMMA
CASA SANTA GEMMA SUPERMERCADOS LTDA;INES MARTIN;6159713000189;SANTA GEMMA
OPCAO VERDE COMERCIO LTDA ME;TELEVENDAS - DA TERRINHA;4079949000180;OPCAO VERDE
OPCAO VERDE COMERCIO LTDA ME;TELEVENDAS - DA TERRINHA;4079949000180;OPCAO VERDE
OPCAO VERDE COMERCIO LTDA ME;TELEVENDAS - DA TERRINHA;4079949000180;OPCAO VERDE
OPCAO VERDE COMERCIO LTDA ME;TELEVENDAS - DA TERRINHA;4079949000180;OPCAO VERDE
ARMAZEM EXPRESS DISTRIBUICAO DE ALIMENTOS LTDA - E;TELEVENDAS - DA TERRINHA;17594965000152;ARMAZEM EXPRESS
ARMAZEM EXPRESS DISTRIBUICAO DE ALIMENTOS LTDA - E;TELEVENDAS - DA TERRINHA;17594965000152;ARMAZEM EXPRESS
FRANCISCO DE ASSIS F SOROCABA - 01;PAULO COSTA;2529740000145;CORREA ARCHILA
ESPERANCA - ATACADO E AUTO SERVICO ESPERANCA LTDA - 12;DANIEL CAMACHO;5264937001160;ESPERANCA
PERDIZES COMERCIAL HORTIFRUTIGRANJEIRO LTDA;FLAVIA SIQUEIRA;14365292000170;SACOLAO PERDIZES
PERDIZES COMERCIAL HORTIFRUTIGRANJEIRO LTDA;LUIZ FERNANDO DE LIMA;14365292000170;SACOLAO PERDIZES
PERDIZES COMERCIAL HORTIFRUTIGRANJEIRO LTDA;MIRIAN APARECIDA;14365292000170;SACOLAO PERDIZES
PERDIZES COMERCIAL HORTIFRUTIGRANJEIRO LTDA;DANIELLY SOUZA;14365292000170;SACOLAO PERDIZES
PERDIZES COMERCIAL HORTIFRUTIGRANJEIRO LTDA;TELEVENDAS - DA TERRINHA;14365292000170;SACOLAO PERDIZES
PERDIZES COMERCIAL HORTIFRUTIGRANJEIRO LTDA;BARTOLOMEU CRUZ;14365292000170;SACOLAO PERDIZES
PERDIZES COMERCIAL HORTIFRUTIGRANJEIRO LTDA;ANDREZA LOPES ALVES - V;14365292000170;SACOLAO PERDIZES
PERDIZES COMERCIAL HORTIFRUTIGRANJEIRO LTDA;PEDRO LACERDA;14365292000170;SACOLAO PERDIZES
PERDIZES COMERCIAL HORTIFRUTIGRANJEIRO LTDA;LEIA;14365292000170;SACOLAO PERDIZES
SUPERMERCADO PAULISTANO DE VOTORANTIM LTDA;PAULO COSTA;11364021000102;PAULISTANO
MERCADO OPCAO JARDIM PALMIRA LTDA;CLAUDIO AKIO SOGA;13414755000184;MERCADO OPCAO
MERCADO OPCAO JARDIM PALMIRA LTDA;CLAUDIO AKIO SOGA;13414755000184;MERCADO OPCAO
PASSBERG & SILVA LTDA - EPP;TELEVENDAS - DA TERRINHA;10545393000172;CAMPOS CARANDA BOSQUE
PASSBERG & SILVA LTDA - EPP;TELEVENDAS - DA TERRINHA;10545393000172;CAMPOS CARANDA BOSQUE
PASSBERG & SILVA LTDA - EPP;TELEVENDAS - DA TERRINHA;10545393000172;CAMPOS CARANDA BOSQUE
PASSBERG & SILVA LTDA - EPP;TELEVENDAS - DA TERRINHA;10545393000172;CAMPOS CARANDA BOSQUE
MERCADINHO BBB CLIM LTDA  - ME;FRANCISCO ANACLETO;23241034000173;BBB CLIM
MERCADO E CASA DE CARNES PIRAPORA - EIRELI - ME;CARLOS FERREIRA;19052605000154;PIRAPORA
MERCADO E CASA DE CARNES PIRAPORA - EIRELI - ME;CARLOS FERREIRA;19052605000154;PIRAPORA
HORT SABOR - GARDINI & GARDINI MERC  E EMPORIO LTDA;FLAVIA SIQUEIRA;8263086000157;HORT SABOR DA ROCA
HORT SABOR - GARDINI & GARDINI MERC  E EMPORIO LTDA;FLAVIA SIQUEIRA;8263086000157;HORT SABOR DA ROCA
HORT SABOR - GARDINI & GARDINI MERC  E EMPORIO LTDA;FLAVIA SIQUEIRA;8263086000157;HORT SABOR DA ROCA
HORT SABOR - GARDINI & GARDINI MERC  E EMPORIO LTDA;FLAVIA SIQUEIRA;8263086000157;HORT SABOR DA ROCA
HORT SABOR - GARDINI & GARDINI MERC  E EMPORIO LTDA;FLAVIA SIQUEIRA;8263086000157;HORT SABOR DA ROCA
HORT SABOR - GARDINI & GARDINI MERC  E EMPORIO LTDA;FLAVIA SIQUEIRA;8263086000157;HORT SABOR DA ROCA
HORT SABOR - GARDINI & GARDINI MERC  E EMPORIO LTDA;FLAVIA SIQUEIRA;8263086000157;HORT SABOR DA ROCA
HORT SABOR - GARDINI & GARDINI MERC  E EMPORIO LTDA;FLAVIA SIQUEIRA;8263086000157;HORT SABOR DA ROCA
COMERCIAL DAHANA LIMITADA - CAMPINA VERDE;HELIO FABIO;70509002820;SUPER NOSSO
COMERCIAL DAHANA LIMITADA - CAMPINA VERDE;HELIO FABIO;70509002820;SUPER NOSSO
SUPERMERCADO IRMAOS NOGUEIRA LTDA - EPP;PAULO COSTA;58065475000146;IRMAOS NOGUEIRA
SUPERMERCADO MAIRINQUE LTDA;PAULO COSTA;4393882000153;MAIRINQUE
PEDRITO DE SOUZA SANTANA;TELEVENDAS - DA TERRINHA;1625887558;COLABORADORES DA TERRINHA
MARINA RODRIGUES GALL;TELEVENDAS - DA TERRINHA;21757512000177;NINA S TAPIOCA
MARINA RODRIGUES GALL;TELEVENDAS - DA TERRINHA;21757512000177;NINA S TAPIOCA
MARINA RODRIGUES GALL;TELEVENDAS - DA TERRINHA;21757512000177;NINA S TAPIOCA
MARINA RODRIGUES GALL;TELEVENDAS - DA TERRINHA;21757512000177;NINA S TAPIOCA
MINI PRECO - SUPERMERCADO MINI PRECO DE HUMAITA LTDA;JOSE SOARES;3458119000109;MINI PRECO
MINI PRECO - SUPERMERCADO MINI PRECO DO RIO BRANCO LTDA;JOSE SOARES;4136357000152;MINI PRECO
L & L EMPORIO DE PRODUTOS NATURAIS E RESTAURANTE LTDA  - ME;JOSE SOARES;14914762000108;L & L EMPORIO
ROSSI - SUPERMERCADO ROSSI NEW LTDA - CARAPICUIBA;VALDENIR VOLTERO;9525900000801;ROSSI
ROSSI - SUPERMERCADO ROSSI NEW LTDA - CARAPICUIBA;VALDENIR VOLTERO;9525900000801;ROSSI
ROSSI - SUPERMERCADO ROSSI NEW LTDA - CARAPICUIBA;VALDENIR VOLTERO;9525900000801;ROSSI
SUPERMERCADO SERRANO LTDA;GILMERIO QUEIROZ - GERENTE DE AREA;44181295000115;SERRANO
SUPERMERCADO SERRANO LTDA;GILMERIO QUEIROZ - GERENTE DE AREA;44181295000115;SERRANO
KARINA NEVES MIGUEL;TELEVENDAS - DA TERRINHA;35871066810;COLABORADORES DA TERRINHA
KARINA NEVES MIGUEL;TELEVENDAS - DA TERRINHA;35871066810;COLABORADORES DA TERRINHA
JULIANA APARECIDA RIBEIRA 31479670855;JOSUE EVANGELISTA;23326888000152;REPRESENTANTES DA TERRINHA
SUPERMERCADO TAQUARAL LTDA;OSNEY RICARDO;46010021000199;TAQUARAL
SUPERMERCADO TAQUARAL LTDA;OSNEY RICARDO;46010021000199;TAQUARAL
SUPERMERCADO TAQUARAL LTDA;OSNEY RICARDO;46010021000199;TAQUARAL
SUPERMERCADO TAQUARAL LTDA;OSNEY RICARDO;46010021000199;TAQUARAL
COMPRE FACIL COMERCIO DE PRODUTOS ALIMENTICIOS LIMITADA;MARCELO GREGORIO;5955701000106;COMPRE FACIL
COMPRE FACIL COMERCIO DE PRODUTOS ALIMENTICIOS LIMITADA;MARCELO GREGORIO;5955701000106;COMPRE FACIL
SHIBATA - SUPERMERCADO SHIBATA JACARE LTDA - S11;EDMILSON - 02;50472851000458;SHIBATA
SHIBATA - SUPERMERCADO SHIBATA JACARE LTDA - S11;EDMILSON - 02;50472851000458;SHIBATA
SHIBATA - SUPERMERCADO SHIBATA JACARE LTDA - S11;EDMILSON - 02;50472851000458;SHIBATA
BROOKLIN MARKET COMERCIO DE ALIMENTOS LTDA - ME;TELEVENDAS - DA TERRINHA;14991117000199;BROOKLIN MARKET
ARIGOT CAFE E LANCHES LTDA - ME;INES MARTIN;3949850000129;ARIGOT
ARIGOT CAFE E LANCHES LTDA - ME;INES MARTIN;3949850000129;ARIGOT
ARIGOT CAFE E LANCHES LTDA - ME;INES MARTIN;3949850000129;ARIGOT
ARIGOT CAFE E LANCHES LTDA - ME;INES MARTIN;3949850000129;ARIGOT
ARIGOT CAFE E LANCHES LTDA - ME;INES MARTIN;3949850000129;ARIGOT
SUP DOVALE - SUPERMERCADO DOVALE LTDA - 01;FLAVIA SIQUEIRA;51558203000139;DOVALE
SUP DOVALE - SUPERMERCADO DOVALE LTDA - 01;FLAVIA SIQUEIRA;51558203000139;DOVALE
SUP DOVALE - SUPERMERCADO IRMAOS DO VALE LTDA - 02;FLAVIA SIQUEIRA;71525745000112;DOVALE
SUP DOVALE - SUPERMERCADO IRMAOS DO VALE LTDA - 02;FLAVIA SIQUEIRA;71525745000112;DOVALE
5M COMERCIO ATACADISTA E VAREJISTA DE ALIMENTOS LTDA.;ERICK MOREIRA;10250585000313;BEM BARATO
5M COMERCIO ATACADISTA E VAREJISTA DE ALIMENTOS LTDA.;ERICK MOREIRA;10250585000313;BEM BARATO
5M COMERCIO ATACADISTA E VAREJISTA DE ALIMENTOS LTDA.;ERICK MOREIRA;10250585000313;BEM BARATO
5M COMERCIO ATACADISTA E VAREJISTA DE ALIMENTOS LTDA.;ERICK MOREIRA;10250585000313;BEM BARATO
5M COMERCIO ATACADISTA E VAREJISTA DE ALIMENTOS LTDA.;ERICK MOREIRA;10250585000313;BEM BARATO
5M COMERCIO ATACADISTA E VAREJISTA DE ALIMENTOS LTDA.;ERICK MOREIRA;10250585000313;BEM BARATO
SUP DOVALE - SUPERMERCADO ESTRELA DO VALE LTDA - 03;FLAVIA SIQUEIRA;1086483000151;DOVALE
SUP DOVALE - SUPERMERCADO ESTRELA DO VALE LTDA - 03;FLAVIA SIQUEIRA;1086483000151;DOVALE
SUP DOVALE - SUPERMERCADO TELLES LTDA - 04;FLAVIA SIQUEIRA;6317258000100;DOVALE
SUP DOVALE - SUPERMERCADO TELLES LTDA - 04;FLAVIA SIQUEIRA;6317258000100;DOVALE
SUP DOVALE - SUPERMERCADO LEVADO LTDA - 05;FLAVIA SIQUEIRA;50691153000109;DOVALE
SUP DOVALE - SUPERMERCADO LEVADO LTDA - 05;FLAVIA SIQUEIRA;50691153000109;DOVALE
SUPERMARKET - RAMIGOS SUPERMERCADOS LTDA - ANCHIETA;MILTON JUNIOR;11552261000130;SUPERMARKET
SUPERMARKET - CRUZEIRO DO SUL MERCADO LTDA - J JOSE BONIFACI;MILTON JUNIOR;16575340000261;SUPERMARKET
CERCADAO - SUPERMERCADO CASTELO DA SERRA LTDA - 02;ERICK MOREIRA;4205531000171;CERCADAO
CERCADAO - SUPERMERCADO CASTELO DA SERRA LTDA - 02;ERICK MOREIRA;4205531000171;CERCADAO
CERCADAO - SUPERMERCADO CASTELO DA SERRA LTDA - 02;ERICK MOREIRA;4205531000171;CERCADAO
CERCADAO - SUPERMERCADO CASTELO DA SERRA LTDA - 02;ERICK MOREIRA;4205531000171;CERCADAO
CERCADAO - SUPERMERCADO CASTELO DA SERRA LTDA - 03;ERICK MOREIRA;4205531000252;CERCADAO
CERCADAO - SUPERMERCADO CASTELO DA SERRA LTDA - 03;ERICK MOREIRA;4205531000252;CERCADAO
CERCADAO - SUPERMERCADO CASTELO DA SERRA LTDA - 03;ERICK MOREIRA;4205531000252;CERCADAO
CERCADAO - SUPERMERCADO CASTELO DA SERRA LTDA - 03;ERICK MOREIRA;4205531000252;CERCADAO
HORTIFRUTI FRUTAMINA LTDA - ME;KELVIN;18361623000155;HORTIFRUTI FRUTAMINA
HORTIFRUTI FRUTAMINA LTDA - ME;KELVIN;18361623000155;HORTIFRUTI FRUTAMINA
HORTIFRUTI FRUTAMINA LTDA - ME;KELVIN;18361623000155;HORTIFRUTI FRUTAMINA
HORTIFRUTI FRUTAMINA LTDA - ME;KELVIN;18361623000155;HORTIFRUTI FRUTAMINA
HORTIFRUTI FRUTAMINA LTDA - ME;KELVIN;18361623000155;HORTIFRUTI FRUTAMINA
HORTIFRUTI FRUTAMINA LTDA - ME;KELVIN;18361623000155;HORTIFRUTI FRUTAMINA
DOMINGOS A. GUARNIERI & ROCHA LTDA;CRISTIANE SEDENHO;3875792000136;TICO TICO MERCADO
B HEALTHY - RENATA CARDOSO ALVES;TELEVENDAS - DA TERRINHA;22140889000145;B HEALTHY
RESTAURANTE TAPISBURGS LTDA;EDVALDO DOS SANTOS PEREIRA;20779010000184;POINT DA TAPIOCA
RESTAURANTE TAPISBURGS LTDA;EDVALDO DOS SANTOS PEREIRA;20779010000184;POINT DA TAPIOCA
RESTAURANTE TAPISBURGS LTDA;EDVALDO DOS SANTOS PEREIRA;20779010000184;POINT DA TAPIOCA
MAGOGA HORTIFRUTI LTDA - EPP;EDSON MALAGUTTI;54211982000190;MAGOGA
MAGOGA HORTIFRUTI LTDA - EPP;EDSON MALAGUTTI;54211982000190;MAGOGA
MAGOGA HORTIFRUTI LTDA - EPP;EDSON MALAGUTTI;54211982000190;MAGOGA
MAGOGA HORTIFRUTI LTDA - EPP;EDSON MALAGUTTI;54211982000190;MAGOGA
MAGOGA HORTIFRUTI LTDA - EPP;EDSON MALAGUTTI;54211982000190;MAGOGA
GERALDO BENEDETE & CIA LT;JOSE RICARDO FERNANDES;45477452000105;BENEDETE
ASSAI - SENDAS DISTRIBUIDORA S/A - 71;JOSE ELIAS;6057223024780;ASSAI - PR
ASSAI - SENDAS DISTRIBUIDORA S/A - 71;JOSE ELIAS;6057223024780;ASSAI - PR
ASSAI - SENDAS DISTRIBUIDORA S/A - 79;JOSE ELIAS;6057223027452;ASSAI - PR
ASSAI - SENDAS DISTRIBUIDORA S/A - 79;JOSE ELIAS;6057223027452;ASSAI - PR
COMERCIAL DE ALIMENTOS IPANEMA FOODS - EIRELI - BRAS;JOSE ARTENCIO;17343551000231;IPANEMA FOODS - BRAS
INTERNUTRI - TAVINI ALIMENTOS LTDA - ME;TELEVENDAS - DA TERRINHA;65570970000178;INTERNUTRI
INTERNUTRI - TAVINI ALIMENTOS LTDA - ME;TELEVENDAS - DA TERRINHA;65570970000178;INTERNUTRI
INTERNUTRI - TAVINI ALIMENTOS LTDA - ME;TELEVENDAS - DA TERRINHA;65570970000178;INTERNUTRI
SUPERMERCADOS NOGUEIRA EIRELI;ALEXANDRE VIANA;24227132000119;NOGUEIRA
LEVE BEM PRODUTOS ORGANICOS HORTIFRUTIGRANJEIROS LTDA;CARLOS FERREIRA;24335350000177;LEVE BEM
LEVE BEM PRODUTOS ORGANICOS HORTIFRUTIGRANJEIROS LTDA;CARLOS FERREIRA;24335350000177;LEVE BEM
LEVE BEM PRODUTOS ORGANICOS HORTIFRUTIGRANJEIROS LTDA;CARLOS FERREIRA;24335350000177;LEVE BEM
ECONOMIA - MERCADO ATUAL MILENIO LTDA;MILTON JUNIOR;3089782000175;ECONOMIA
GARCIA ATACADISTA LTDA - MG;MILTON JUNIOR;31668585000227;GARCIA ATACADISTA
GARCIA ATACADISTA LTDA - MG;MILTON JUNIOR;31668585000227;GARCIA ATACADISTA
SUPERMARKET - CRUZEIRO DO SUL MERCADO LTDA - EDEN;MILTON JUNIOR;16575340000180;SUPERMARKET
SUPERMARKET - CRUZEIRO DO SUL MERCADO LTDA - S MATHEUS;MILTON JUNIOR;16575340000342;SUPERMARKET
GA SUPERMERCADOS LTDA;MILTON JUNIOR;7879508000150;SUPERMARKET FILIAL
SUPERMARKET - M M DE FRAGOSO COMESTIVEIS LTDA - PIABETA;MILTON JUNIOR;7879508000231;SUPERMARKET FILIAL
SUPERMARKET - RAMIGOS SUPERMERCADOS LTDA - COSMOS;MILTON JUNIOR;11552261000300;SUPERMARKET
BARRA CARNES LTDA;TELEVENDAS - DA TERRINHA;29094240000184;BARRA CARNES
BARRA CARNES LTDA;TELEVENDAS - DA TERRINHA;29094240000184;BARRA CARNES
BARRA CARNES LTDA;TELEVENDAS - DA TERRINHA;29094240000184;BARRA CARNES
BARRA CARNES LTDA;TELEVENDAS - DA TERRINHA;29094240000184;BARRA CARNES
SAINT GERMAIN PANIFICADORA E CONFEITARIA LTDA - EPP;INES MARTIN;68878347000175;SAINT GERMAIN
SAINT GERMAIN PANIFICADORA E CONFEITARIA LTDA - EPP;INES MARTIN;68878347000175;SAINT GERMAIN
SAINT GERMAIN PANIFICADORA E CONFEITARIA LTDA - EPP;INES MARTIN;68878347000175;SAINT GERMAIN
SAINT GERMAIN PANIFICADORA E CONFEITARIA LTDA - EPP;INES MARTIN;68878347000175;SAINT GERMAIN
SAINT GERMAIN PANIFICADORA E CONFEITARIA LTDA - EPP;INES MARTIN;68878347000175;SAINT GERMAIN
SAINT GERMAIN PANIFICADORA E CONFEITARIA LTDA - EPP;INES MARTIN;68878347000175;SAINT GERMAIN
MERCADINHO SONGS LTDA - EPP;INES MARTIN;46852828000179;SONGS
MERCADINHO SONGS LTDA - EPP;INES MARTIN;46852828000179;SONGS
MERCADINHO SONGS LTDA - EPP;INES MARTIN;46852828000179;SONGS
MERCADINHO SONGS LTDA - EPP;INES MARTIN;46852828000179;SONGS
MERCADINHO SONGS LTDA - EPP;INES MARTIN;46852828000179;SONGS
MERCADINHO SONGS LTDA - EPP;INES MARTIN;46852828000179;SONGS
MERCADINHO SONGS LTDA - EPP;INES MARTIN;46852828000179;SONGS
MAXIMO - REAL PAULISTA COMERCIAL DE ALIMENTOS LTDA - 05;EDVALDO DOS SANTOS PEREIRA;16881766000677;MAXIMO
MAXIMO - REAL PAULISTA COMERCIAL DE ALIMENTOS LTDA - 05;EDVALDO DOS SANTOS PEREIRA;16881766000677;MAXIMO
MERCEARIA E ROTISSERIA DANILILI LTDA;JOSE ROBERTO DENIZIO;96424239000168;DANILILI
MALUCHO & MALUCHO LTDA - 01 CENTRO;PAULO COSTA;73101073000143;MALUCHO
MALUCHO & MALUCHO LTDA - 02 JATAI;PAULO COSTA;73101073000224;MALUCHO
ASSAI - SENDAS DISTRIBUIDORA S/A - DEP 02;FERNANDO VOLTERO;6057223024003;ASSAI - SP LOJAS
ASSAI - SENDAS DISTRIBUIDORA S/A - DEP 03;FERNANDO VOLTERO;6057223022655;ASSAI - SP LOJAS
ASSAI - SENDAS DISTRIBUIDORA S/A - DEP 04;FERNANDO VOLTERO;6057223026219;ASSAI - SP LOJAS
ASSAI - SENDAS DISTRIBUIDORA S/A - MATRIZ;FERNANDO VOLTERO;6057223030593;ASSAI - SP LOJAS
ASSAI - SENDAS DISTRIBUIDORA S/A - 01;FERNANDO VOLTERO;6057223024607;ASSAI - SP LOJAS
ASSAI - SENDAS DISTRIBUIDORA S/A - 01;FERNANDO VOLTERO;6057223024607;ASSAI - SP LOJAS
ASSAI - SENDAS DISTRIBUIDORA S/A - 01;FERNANDO VOLTERO;6057223024607;ASSAI - SP LOJAS
ASSAI - SENDAS DISTRIBUIDORA S/A - 01;FERNANDO VOLTERO;6057223024607;ASSAI - SP LOJAS
ASSAI - SENDAS DISTRIBUIDORA S/A - 03;FERNANDO VOLTERO;6057223024356;ASSAI - SP LOJAS
ASSAI - SENDAS DISTRIBUIDORA S/A - 03;FERNANDO VOLTERO;6057223024356;ASSAI - SP LOJAS
ASSAI - SENDAS DISTRIBUIDORA S/A - 03;FERNANDO VOLTERO;6057223024356;ASSAI - SP LOJAS
ASSAI - SENDAS DISTRIBUIDORA S/A - 02;FERNANDO VOLTERO;6057223024518;ASSAI - SP LOJAS
ASSAI - SENDAS DISTRIBUIDORA S/A - 02;FERNANDO VOLTERO;6057223024518;ASSAI - SP LOJAS
ASSAI - SENDAS DISTRIBUIDORA S/A - 02;FERNANDO VOLTERO;6057223024518;ASSAI - SP LOJAS
ASSAI - SENDAS DISTRIBUIDORA S/A - 02;FERNANDO VOLTERO;6057223024518;ASSAI - SP LOJAS
ASSAI - SENDAS DISTRIBUIDORA S/A - 04;FERNANDO VOLTERO;6057223027533;ASSAI - SP LOJAS
ASSAI - SENDAS DISTRIBUIDORA S/A - 04;FERNANDO VOLTERO;6057223027533;ASSAI - SP LOJAS
ASSAI - SENDAS DISTRIBUIDORA S/A - 05;FERNANDO VOLTERO;6057223024941;ASSAI - SP LOJAS
ASSAI - SENDAS DISTRIBUIDORA S/A - 05;FERNANDO VOLTERO;6057223024941;ASSAI - SP LOJAS
ASSAI - SENDAS DISTRIBUIDORA S/A - 05;FERNANDO VOLTERO;6057223024941;ASSAI - SP LOJAS
ASSAI - SENDAS DISTRIBUIDORA S/A - 06;FERNANDO VOLTERO;6057223026995;ASSAI - SP LOJAS
ASSAI - SENDAS DISTRIBUIDORA S/A - 06;FERNANDO VOLTERO;6057223026995;ASSAI - SP LOJAS
ASSAI - SENDAS DISTRIBUIDORA S/A - 06;FERNANDO VOLTERO;6057223026995;ASSAI - SP LOJAS
ASSAI - SENDAS DISTRIBUIDORA S/A - 07;FERNANDO VOLTERO;6057223023201;ASSAI - SP LOJAS
ASSAI - SENDAS DISTRIBUIDORA S/A - 07;FERNANDO VOLTERO;6057223023201;ASSAI - SP LOJAS
ASSAI - SENDAS DISTRIBUIDORA S/A - 07;FERNANDO VOLTERO;6057223023201;ASSAI - SP LOJAS
ASSAI - SENDAS DISTRIBUIDORA S/A - 08;FERNANDO VOLTERO;6057223024275;ASSAI - SP LOJAS
ASSAI - SENDAS DISTRIBUIDORA S/A - 08;FERNANDO VOLTERO;6057223024275;ASSAI - SP LOJAS
ASSAI - SENDAS DISTRIBUIDORA S/A - 08;FERNANDO VOLTERO;6057223024275;ASSAI - SP LOJAS
ASSAI - SENDAS DISTRIBUIDORA S/A - 09;FERNANDO VOLTERO;6057223026642;ASSAI - SP LOJAS
ASSAI - SENDAS DISTRIBUIDORA S/A - 09;FERNANDO VOLTERO;6057223026642;ASSAI - SP LOJAS
ASSAI - SENDAS DISTRIBUIDORA S/A - 09;FERNANDO VOLTERO;6057223026642;ASSAI - SP LOJAS
ASSAI - SENDAS DISTRIBUIDORA S/A - 10;FERNANDO VOLTERO;6057223027100;ASSAI - SP LOJAS
ASSAI - SENDAS DISTRIBUIDORA S/A - 10;FERNANDO VOLTERO;6057223027100;ASSAI - SP LOJAS
ASSAI - SENDAS DISTRIBUIDORA S/A - 10;FERNANDO VOLTERO;6057223027100;ASSAI - SP LOJAS
ASSAI - SENDAS DISTRIBUIDORA S/A - 11;FERNANDO VOLTERO;6057223027371;ASSAI - SP LOJAS
ASSAI - SENDAS DISTRIBUIDORA S/A - 11;FERNANDO VOLTERO;6057223027371;ASSAI - SP LOJAS
ASSAI - SENDAS DISTRIBUIDORA S/A - 11;FERNANDO VOLTERO;6057223027371;ASSAI - SP LOJAS
ASSAI - SENDAS DISTRIBUIDORA S/A - 12;FERNANDO VOLTERO;6057223027290;ASSAI - SP LOJAS
ASSAI - SENDAS DISTRIBUIDORA S/A - 12;FERNANDO VOLTERO;6057223027290;ASSAI - SP LOJAS
ASSAI - SENDAS DISTRIBUIDORA S/A - 12;FERNANDO VOLTERO;6057223027290;ASSAI - SP LOJAS
ASSAI - SENDAS DISTRIBUIDORA S/A - 13;FERNANDO VOLTERO;6057223027886;ASSAI - SP LOJAS
ASSAI - SENDAS DISTRIBUIDORA S/A - 13;FERNANDO VOLTERO;6057223027886;ASSAI - SP LOJAS
ASSAI - SENDAS DISTRIBUIDORA S/A - 13;FERNANDO VOLTERO;6057223027886;ASSAI - SP LOJAS
MERCADINHO LODETTI LTDA;SILVANO ARRUDA;47879101000148;LODETTI
MERCADINHO LODETTI LTDA;SILVANO ARRUDA;47879101000148;LODETTI
MERCADINHO LODETTI LTDA;SILVANO ARRUDA;47879101000148;LODETTI
MERCADINHO LODETTI LTDA;SILVANO ARRUDA;47879101000148;LODETTI
MERCADINHO LODETTI LTDA;SILVANO ARRUDA;47879101000148;LODETTI
MERCADINHO LODETTI LTDA;SILVANO ARRUDA;47879101000148;LODETTI
MERCADINHO LODETTI LTDA;SILVANO ARRUDA;47879101000148;LODETTI
CRISTIANE LIMA;JOSUE EVANGELISTA;26774536816;REPRESENTANTES DA TERRINHA
CRISTIANE LIMA;JOSUE EVANGELISTA;26774536816;REPRESENTANTES DA TERRINHA
N S LAR SUPERMERCADO LTDA;CARLOS FERREIRA;8791420000226;NOSSO LAR
N S LAR SUPERMERCADO LTDA;CARLOS FERREIRA;8791420000226;NOSSO LAR
N S LAR SUPERMERCADO LTDA;CARLOS FERREIRA;8791420000226;NOSSO LAR
N S LAR SUPERMERCADO LTDA;CARLOS FERREIRA;8791420000226;NOSSO LAR
ARBORETO SUPERMERCADO LTDA;CARLOS FERREIRA;15497665000120;ARBORETO
ARBORETO SUPERMERCADO LTDA;CARLOS FERREIRA;15497665000120;ARBORETO
ARBORETO SUPERMERCADO LTDA;CARLOS FERREIRA;15497665000120;ARBORETO
ARBORETO SUPERMERCADO LTDA;CARLOS FERREIRA;15497665000120;ARBORETO
CARLOS HENRIQUE DE ANDRADE MINIMERCADO - ME;CLEO CAVALCANTI;5000149000194;MERCADO SAO JUDAS
FIBRACARIOCA RESTAURANTE EIRELI - ME;TELEVENDAS - DA TERRINHA;25079777000114;FIBRA CARIOCA
ESPACO NUTRI BEM - EIRELI - EPP;TELEVENDAS - DA TERRINHA;24858677000123;NUTRI BEM
ESPACO NUTRI BEM - EIRELI - EPP;TELEVENDAS - DA TERRINHA;24858677000123;NUTRI BEM
ESPACO NUTRI BEM - EIRELI - EPP;TELEVENDAS - DA TERRINHA;24858677000123;NUTRI BEM
ASSAI - SENDAS DISTRIBUIDORA S/A - 117;RICARDO RANGEL GONÇALVES;6057223032375;ASSAI - GO
CAFETERIA JURUCE COMERCIO DE DOCES E SALGADOS LTDA - ME;INES MARTIN;19120951000122;CAFETERIA JURUCE
CAFETERIA JURUCE COMERCIO DE DOCES E SALGADOS LTDA - ME;INES MARTIN;19120951000122;CAFETERIA JURUCE
CAFETERIA JURUCE COMERCIO DE DOCES E SALGADOS LTDA - ME;INES MARTIN;19120951000122;CAFETERIA JURUCE
OBA - SUPER VAREJAO CARACA LTDA - MG CD;DAIANE CRISTINA DE OLIVEIRA;26068130000400;OBA MG
OBA - SUPER VAREJAO CARACA LTDA - MG CD;DAIANE CRISTINA DE OLIVEIRA;26068130000400;OBA MG
OBA - SUPER VAREJAO CARACA LTDA - MG CD;DAIANE CRISTINA DE OLIVEIRA;26068130000400;OBA MG
OBA - SUPER VAREJAO CARACA LTDA - MG CD;DAIANE CRISTINA DE OLIVEIRA;26068130000400;OBA MG
OBA - SUPER VAREJAO CARACA LTDA - MG CD;DAIANE CRISTINA DE OLIVEIRA;26068130000400;OBA MG
ESTANCONFOR - VILLA PAULISTA APARTMENTS;FRANCISCO ANACLETO;19870325000153;ESTANPLAZA
ESTANCONFOR - VILLA PAULISTA APARTMENTS;FRANCISCO ANACLETO;19870325000153;ESTANPLAZA
ESTANCONFOR - VILLA PAULISTA APARTMENTS;FRANCISCO ANACLETO;19870325000153;ESTANPLAZA
ESTANCONFOR - VILLA PAULISTA APARTMENTS;FRANCISCO ANACLETO;19870325000153;ESTANPLAZA
ESTANCONFOR - VILLA PAULISTA APARTMENTS;FRANCISCO ANACLETO;19870325000153;ESTANPLAZA
ESTANCONFOR - VILLA PAULISTA APARTMENTS;FRANCISCO ANACLETO;19870325000153;ESTANPLAZA
ARMAZEM SAO VITO COMERCIO DE PRODUTOS ALIMENTICIOS LTDA;GILSON CORTEZ;15083332000154;SAO VITOR
ARMAZEM SAO VITO COMERCIO DE PRODUTOS ALIMENTICIOS LTDA;JOSE ARTENCIO;15083332000154;SAO VITOR
ARMAZEM SAO VITO COMERCIO DE PRODUTOS ALIMENTICIOS LTDA;THAYS GIOVANNA;15083332000154;SAO VITOR
ARMAZEM SAO VITO COMERCIO DE PRODUTOS ALIMENTICIOS LTDA;J.E - DA ALICLEO REPRESENTACOES;15083332000154;SAO VITOR
ARMAZEM SAO VITO COMERCIO DE PRODUTOS ALIMENTICIOS LTDA;ALICE LUCIANA;15083332000154;SAO VITOR
ARMAZEM SAO VITO COMERCIO DE PRODUTOS ALIMENTICIOS LTDA;RONILDO FERREIRA;15083332000154;SAO VITOR
BENHUR APARECIDO PERBONI EIRELI;PAULO COSTA;25162402000113;CORREA ARCHILA
RECOBASE COMERCIAL LTDA;RAPHAEL COUTINHO ESPINDOLA;65927139000120;COLINAS
RECOBASE COMERCIAL LTDA;RAPHAEL COUTINHO ESPINDOLA;65927139000120;COLINAS
RECOBASE COMERCIAL LTDA;RAPHAEL COUTINHO ESPINDOLA;65927139000120;COLINAS
RECOBASE COMERCIAL LTDA;RAPHAEL COUTINHO ESPINDOLA;65927139000120;COLINAS
RECOBASE COMERCIAL LTDA;RAPHAEL COUTINHO ESPINDOLA;65927139000120;COLINAS
CRPS I LANCHONETE E FAST FOOD LTDA;TELEVENDAS - DA TERRINHA;23009812000101;CREPS - SANTA CRUZ
CRPS I LANCHONETE E FAST FOOD LTDA;TELEVENDAS - DA TERRINHA;23009812000101;CREPS - SANTA CRUZ
SHIBATA - COM ATAC DE MERCADORIAS EM GERAL LTDA - PINDAMONHA;EDMILSON - 02;9358143000225;SHIBATA
SHIBATA - COM ATAC DE MERCADORIAS EM GERAL LTDA - PINDAMONHA;EDMILSON - 02;9358143000225;SHIBATA
SHIBATA - COM ATAC DE MERCADORIAS EM GERAL LTDA - PINDAMONHA;EDMILSON - 02;9358143000225;SHIBATA
SERV LAR - FRS SUPERMERCADO LTDA - 02;MARCELO GREGORIO;59802074000194;SERV LAR
SERV LAR - FRS SUPERMERCADO LTDA - 02;MARCELO GREGORIO;59802074000194;SERV LAR
SERV LAR - FRS SUPERMERCADO LTDA - 02;MARCELO GREGORIO;59802074000194;SERV LAR
SERV LAR - FRS SUPERMERCADO LTDA - 02;MARCELO GREGORIO;59802074000194;SERV LAR
SUPERMERCADO TIO BEBA LTDA;KALIEL DE CALDA LEITE;58752122000114;TIO BEBA
SUPERMERCADO TIO BEBA LTDA;KALIEL DE CALDA LEITE;58752122000114;TIO BEBA
SUPERMERCADO TIO BEBA LTDA;KALIEL DE CALDA LEITE;58752122000114;TIO BEBA
SUPERMERCADO TIO BEBA LTDA;KALIEL DE CALDA LEITE;58752122000114;TIO BEBA
SUPER MERCADO YAMAUCHI LTDA - CONDE PRATES;LEONARDO VINICIUS;60621992000104;YAMAUCHI
SUPER MERCADO YAMAUCHI LTDA - ISABEL DIAS;LEONARDO VINICIUS;60621992000520;YAMAUCHI
SUPER MERCADO YAMAUCHI LTDA - MANAIAS;LEONARDO VINICIUS;60621992000872;YAMAUCHI
SUPER MERCADO YAMAUCHI LTDA - JOSE ZAPPI;LEONARDO VINICIUS;60621992001097;YAMAUCHI
SUPER MERCADO YAMAUCHI LTDA - HERAS;LEONARDO VINICIUS;60621992001178;YAMAUCHI
SUPER MERCADO YAMAUCHI LTDA - BAIA GRANDE;LEONARDO VINICIUS;60621992001259;YAMAUCHI
MERCEARIA SERRADALTO LTDA - EPP;CLEO CAVALCANTI;58788175000195;SERRADALTO
MERCEARIA SERRADALTO LTDA - EPP;CLEO CAVALCANTI;58788175000195;SERRADALTO
MERCEARIA SERRADALTO LTDA - EPP;CLEO CAVALCANTI;58788175000195;SERRADALTO
SUPERMERCADO BAHAMAS S/A;CAIO MEIRELLES;17745613000150;BAHAMAS
SUPERMERCADO BAHAMAS S/A;CAIO MEIRELLES;17745613000150;BAHAMAS
SUPERMERCADO BAHAMAS S/A;CAIO MEIRELLES;17745613000150;BAHAMAS
MERCEARIA E ACOUGUE PONTO BOM LTDA - EPP;KALIEL DE CALDA LEITE;4589506000139;PONTO BOM
MERCEARIA E ACOUGUE PONTO BOM LTDA - EPP;KALIEL DE CALDA LEITE;4589506000139;PONTO BOM
MERCEARIA E ACOUGUE PONTO BOM LTDA - EPP;KALIEL DE CALDA LEITE;4589506000139;PONTO BOM
MERCEARIA E ACOUGUE PONTO BOM LTDA - EPP;KALIEL DE CALDA LEITE;4589506000139;PONTO BOM
MERCEARIA E ACOUGUE PONTO BOM LTDA - EPP;KALIEL DE CALDA LEITE;4589506000139;PONTO BOM
RUBENS Y YOKOYAMA - ME;TELEVENDAS - DA TERRINHA;4834882000141;RUBENS Y YOKOYAMA
RUBENS Y YOKOYAMA - ME;TELEVENDAS - DA TERRINHA;4834882000141;RUBENS Y YOKOYAMA
HORTBOI COMERCIO DE HORTIFRUTI E CARNES LTDA - ME;TELEVENDAS - DA TERRINHA;11388520000130;HORTBOI
COMERCIO DE DOCES MELLIS LTDA - ME;TELEVENDAS - DA TERRINHA;14420651000145;MELLIS
ETTICA COMERCIO IMPORTACAO E EXPORTACAO LTDA;JOSUE EVANGELISTA;9293940000190;ETTICA
SUPERMERCADO INFANGER - INFANGER & CIA LTDA - 02;OSNEY RICARDO;96422464000327;INFANGER
SUPERMERCADO INFANGER - INFANGER & CIA LTDA - 02;OSNEY RICARDO;96422464000327;INFANGER
SUPERMERCADO INFANGER - INFANGER & CIA LTDA - 02;OSNEY RICARDO;96422464000327;INFANGER
SUPERMERCADO INFANGER - INFANGER & CIA LTDA - 02;OSNEY RICARDO;96422464000327;INFANGER
SUPERMERCADO INFANGER - INFANGER & CIA LTDA - 02;OSNEY RICARDO;96422464000327;INFANGER
SUPERMERCADO INFANGER - INFANGER & CIA LTDA - 02;OSNEY RICARDO;96422464000327;INFANGER
SUPERMERCADO INFANGER - INFANGER & CIA LTDA - 02;OSNEY RICARDO;96422464000327;INFANGER
SUPERMERCADO INFANGER - INFANGER & CIA LTDA;OSNEY RICARDO;96422464000165;INFANGER
SUPERMERCADO INFANGER - INFANGER & CIA LTDA;OSNEY RICARDO;96422464000165;INFANGER
SUPERMERCADO INFANGER - INFANGER & CIA LTDA;OSNEY RICARDO;96422464000165;INFANGER
SUPERMERCADO INFANGER - INFANGER & CIA LTDA;OSNEY RICARDO;96422464000165;INFANGER
SUPERMERCADO INFANGER - INFANGER & CIA LTDA;OSNEY RICARDO;96422464000165;INFANGER
SUPERMERCADO INFANGER - INFANGER & CIA LTDA;OSNEY RICARDO;96422464000165;INFANGER
SUPERMERCADO INFANGER - INFANGER & CIA LTDA;OSNEY RICARDO;96422464000165;INFANGER
ROLDAO - AUTO SERVICO COMERCIO DE ALIMENTOS LTDA - PQ COLONI;CAIO VINICIUS AMORIM;5800256003031;ROLDAO
ROLDAO - AUTO SERVICO COMERCIO DE ALIMENTOS LTDA - PQ COLONI;CAIO VINICIUS AMORIM;5800256003031;ROLDAO
ROLDAO - AUTO SERVICO COMERCIO DE ALIMENTOS LTDA - PQ COLONI;CAIO VINICIUS AMORIM;5800256003031;ROLDAO
NIZIO MOREIRA;TELEVENDAS - DA TERRINHA;92242715615;COLABORADORES DA TERRINHA
GIGA BR DISTRIBUIDOR E ATACADISTA LTDA - V ANGELICA;FERNANDO VOLTERO;10194833000607;CENCOSUD - GIGA
GIGA BR DISTRIBUIDOR E ATACADISTA LTDA - V ANGELICA;FERNANDO VOLTERO;10194833000607;CENCOSUD - GIGA
DOMINGOS CARLOS DA CONCEIÇÃO SANTOS;TELEVENDAS - DA TERRINHA;30669571873;COLABORADORES DA TERRINHA
TIO BEBA SUPERMERCADO REGISTRO LTDA - ME;KALIEL DE CALDA LEITE;96233556000105;TIO BEBA
TIO BEBA SUPERMERCADO REGISTRO LTDA - ME;KALIEL DE CALDA LEITE;96233556000105;TIO BEBA
TIO BEBA SUPERMERCADO REGISTRO LTDA - ME;KALIEL DE CALDA LEITE;96233556000105;TIO BEBA
MERCEARIA BARATEIRO DO VALE LTDA - ME;KALIEL DE CALDA LEITE;6266420000109;TIO BEBA
MERCEARIA BARATEIRO DO VALE LTDA - ME;KALIEL DE CALDA LEITE;6266420000109;TIO BEBA
MERCEARIA BARATEIRO DO VALE LTDA - ME;KALIEL DE CALDA LEITE;6266420000109;TIO BEBA
ELIZETE VIZOTTO LIMA PRODUTOS NATURAIS - EPP;CLEO CAVALCANTI;17479977000136;ELIZETE VIZOTTO
PAGUE MENOS COMERCIO DE PRODUTOS ALIMENTICIOS LTDA;LUCIANE MARQUES;60494416001530;REDE PAGUE MENOS
PAGUE MENOS COMERCIO DE PRODUTOS ALIMENTICIOS LTDA;LUCIANE MARQUES;60494416001530;REDE PAGUE MENOS
PAGUE MENOS COMERCIO DE PRODUTOS ALIMENTICIOS LTDA;LUCIANE MARQUES;60494416001530;REDE PAGUE MENOS
PAGUE MENOS COMERCIO DE PRODUTOS ALIMENTICIOS LTDA;LUCIANE MARQUES;60494416001530;REDE PAGUE MENOS
PAGUE MENOS COMERCIO DE PRODUTOS ALIMENTICIOS LTDA;LUCIANE MARQUES;60494416001530;REDE PAGUE MENOS
HD - COMERCIO DE PRODUTOS ALIMENTICIOS LTDA - ME;MIRIAN APARECIDA;5196443000113;SACOLAO VIA VERDE
HD - COMERCIO DE PRODUTOS ALIMENTICIOS LTDA - ME;LEIA;5196443000113;SACOLAO VIA VERDE
HD - COMERCIO DE PRODUTOS ALIMENTICIOS LTDA - ME;ANDREZA LOPES ALVES - V;5196443000113;SACOLAO VIA VERDE
HD - COMERCIO DE PRODUTOS ALIMENTICIOS LTDA - ME;ROGERIO DE SOUZA;5196443000113;SACOLAO VIA VERDE
MERCADINHO NESTOR PESTANA LTDA;FLAVIA SIQUEIRA;61755450000189;NESTOR PESTANA
MERCADINHO NESTOR PESTANA LTDA;FLAVIA SIQUEIRA;61755450000189;NESTOR PESTANA
MERCADINHO NESTOR PESTANA LTDA;FLAVIA SIQUEIRA;61755450000189;NESTOR PESTANA
MERCADINHO NESTOR PESTANA LTDA;FLAVIA SIQUEIRA;61755450000189;NESTOR PESTANA
MERCADINHO NESTOR PESTANA LTDA;FLAVIA SIQUEIRA;61755450000189;NESTOR PESTANA
MERCADINHO NESTOR PESTANA LTDA;FLAVIA SIQUEIRA;61755450000189;NESTOR PESTANA
DANIEL AMILCAR CENCI QUEIROZ ME;DANIEL QUEIROZ;7215898000164;DANIEL AMILCAR CENCI QUEIROZ
MANUEL AMILCAR DOS SANTOS QUEIROZ;TELEVENDAS - DA TERRINHA;37220756887;MANUEL QUEIROZ
BETANIA MARIA DA SILVA MERCADINHO;ERICK MOREIRA;14217002000141;BETANIA MARIA
BETANIA MARIA DA SILVA MERCADINHO;ERICK MOREIRA;14217002000141;BETANIA MARIA
BETANIA MARIA DA SILVA MERCADINHO;ERICK MOREIRA;14217002000141;BETANIA MARIA
MARIA JOSE DOS SANTOS ARAUJO - ME;ERICK MOREIRA;7279517000100;MARIA JOSE DOS SANTOS ARAUJO
DEBORA CAVALCANTE PERULO  - ME;JOSE ARTENCIO;4845602000109;MERCADO CAVALCANTE
SILVA & ALCARA REPRESENTACOES COMERCIAIS S/C LTDA ME;TELEVENDAS - DA TERRINHA;3914762000191;EDSON DONIZETE DA SILVA
ATACADAO S A - 103;MILTON JUNIOR;75315333010333;ATACADAO - RJ
SUPERMERCADO YAMATO LTDA;INES MARTIN;61943189000140;YAMATO
SUPERMERCADO YAMATO LTDA;INES MARTIN;61943189000140;YAMATO
SUPERMERCADO YAMATO LTDA;INES MARTIN;61943189000140;YAMATO
SUPERMERCADO YAMATO LTDA;INES MARTIN;61943189000140;YAMATO
SUPERMERCADO YAMATO LTDA;INES MARTIN;61943189000140;YAMATO
SUPERMERCADO YAMATO LTDA;INES MARTIN;61943189000140;YAMATO
SUPERMERCADO PRATICO - J M SIQUEIRA ALVES - 04;JOSE SOARES;2727617000309;PRATICO
SUPERMERCADO PRATICO - J M SIQUEIRA ALVES - 04;TARCISO SILVA;2727617000309;PRATICO
SUPERMERCADO PRATICO - J M SIQUEIRA ALVES - 04;RONILSON RIBEIRO;2727617000309;PRATICO
SUPERMERCADO PRATICO - J M SIQUEIRA ALVES - 04;NILSON VARA DA PENHA;2727617000309;PRATICO
DAIANY BARROS MACEDO FERREIRA;TELEVENDAS - DA TERRINHA;37265272811;COLABORADORES DA TERRINHA
WEST BOI - CARNES & DERIVADOS LTDA -  TB;CLEO CAVALCANTI;4079838000254;WEST BOI
WEST BOI - CARNES & DERIVADOS LTDA -  TB;CLEO CAVALCANTI;4079838000254;WEST BOI
WEST BOI - CARNES & DERIVADOS LTDA -  TB;CLEO CAVALCANTI;4079838000254;WEST BOI
PORTO SEGURO - SUPERMERCADO PORTO SEGURO TABOAO LTDA - 03;LEANDRO GOLDINHO LOPES;19994642000343;PORTO SEGURO
PORTO SEGURO - SUPERMERCADO PORTO SEGURO TABOAO LTDA - 03;LEANDRO GOLDINHO LOPES;19994642000343;PORTO SEGURO
PORTO SEGURO - SUPERMERCADO PORTO SEGURO TABOAO LTDA - 03;LEANDRO GOLDINHO LOPES;19994642000343;PORTO SEGURO
PORTO SEGURO - SUPERMERCADO PORTO SEGURO TABOAO LTDA - 03;LEANDRO GOLDINHO LOPES;19994642000343;PORTO SEGURO
PORTO SEGURO - SUPERMERCADO PORTO SEGURO TABOAO LTDA - 03;LEANDRO GOLDINHO LOPES;19994642000343;PORTO SEGURO
J. J. S. COMERCIAL DE ALIMENTOS LTDA;EDSON MALAGUTTI;11971667000158;J J S COMERCIAL
J. J. S. COMERCIAL DE ALIMENTOS LTDA;EDSON MALAGUTTI;11971667000158;J J S COMERCIAL
J. J. S. COMERCIAL DE ALIMENTOS LTDA;EDSON MALAGUTTI;11971667000158;J J S COMERCIAL
EMPORIO SANTA INES LTDA - ME;ALICE LUCIANA;10899230000198;SANTA INES
ESTANPLAZA ADMINISTRADORA HOTELEIRA E COMERCIAL - NACOES;FRANCISCO ANACLETO;1943121000210;ESTANPLAZA
ESTANPLAZA ADMINISTRADORA HOTELEIRA E COMERCIAL - NACOES;FRANCISCO ANACLETO;1943121000210;ESTANPLAZA
ESTANPLAZA ADMINISTRADORA HOTELEIRA E COMERCIAL - NACOES;FRANCISCO ANACLETO;1943121000210;ESTANPLAZA
ESTANPLAZA ADMINISTRADORA HOTELEIRA E COMERCIAL - NACOES;FRANCISCO ANACLETO;1943121000210;ESTANPLAZA
ESTANPLAZA ADMINISTRADORA HOTELEIRA E COMERCIAL - NACOES;FRANCISCO ANACLETO;1943121000210;ESTANPLAZA
ESTANPLAZA ADMINISTRADORA HOTELEIRA E COMERCIAL - NACOES;FRANCISCO ANACLETO;1943121000210;ESTANPLAZA
SUPERMARKET - SUPERMERCADO PADRAO DO FONSECA EIRELI;MILTON JUNIOR;8628825001562;SUPERMARKET
RITA DE CASSIA CORREA PACHECO;FLAVIA SIQUEIRA;2403331000106;RITA DE CASSIA
RITA DE CASSIA CORREA PACHECO;LUIZ FERNANDO DE LIMA;2403331000106;RITA DE CASSIA
RITA DE CASSIA CORREA PACHECO;REIMEX COMERCIAL E REPRESENTACOES;2403331000106;RITA DE CASSIA
RITA DE CASSIA CORREA PACHECO;ANTONIO CARLOS SMISEK;2403331000106;RITA DE CASSIA
RITA DE CASSIA CORREA PACHECO;PEDRO LACERDA;2403331000106;RITA DE CASSIA
RITA DE CASSIA CORREA PACHECO;PAULO SERGIO;2403331000106;RITA DE CASSIA
ESTANCONFOR - CONDOMINIO EDIFICIO LA GRAND MAISON;FRANCISCO ANACLETO;7031414000127;ESTANPLAZA
ESTANCONFOR - CONDOMINIO EDIFICIO LA GRAND MAISON;FRANCISCO ANACLETO;7031414000127;ESTANPLAZA
ESTANCONFOR - CONDOMINIO EDIFICIO LA GRAND MAISON;FRANCISCO ANACLETO;7031414000127;ESTANPLAZA
ESTANCONFOR - CONDOMINIO EDIFICIO LA GRAND MAISON;FRANCISCO ANACLETO;7031414000127;ESTANPLAZA
ESTANCONFOR - CONDOMINIO EDIFICIO LA GRAND MAISON;FRANCISCO ANACLETO;7031414000127;ESTANPLAZA
ESTANCONFOR - CONDOMINIO EDIFICIO LA GRAND MAISON;FRANCISCO ANACLETO;7031414000127;ESTANPLAZA
ESTANCONFOR - CONDOMINIO EDIFICIO LA GRAND MAISON;FRANCISCO ANACLETO;7031414000127;ESTANPLAZA
COLEGIO SALGUEIRO LTDA - EPP;ERICK MOREIRA;49354228000250;COLEGIO SALGUEIRO
ESTANCONFOR - CONDOMINIO EDIFICIO LA MAISON DESTAN;FRANCISCO ANACLETO;6170679000143;ESTANPLAZA
ESTANCONFOR - CONDOMINIO EDIFICIO LA MAISON DESTAN;FRANCISCO ANACLETO;6170679000143;ESTANPLAZA
ESTANCONFOR - CONDOMINIO EDIFICIO LA MAISON DESTAN;FRANCISCO ANACLETO;6170679000143;ESTANPLAZA
ESTANCONFOR - CONDOMINIO EDIFICIO LA MAISON DESTAN;FRANCISCO ANACLETO;6170679000143;ESTANPLAZA
ESTANCONFOR - CONDOMINIO EDIFICIO LA MAISON DESTAN;FRANCISCO ANACLETO;6170679000143;ESTANPLAZA
NATURALMENTE EMPORIO LTDA;TELEVENDAS - DA TERRINHA;24781909000192;NATURALMENTE
NATURALMENTE EMPORIO LTDA;TELEVENDAS - DA TERRINHA;24781909000192;NATURALMENTE
PANIFICADORA NAPOLEAO DE BARROS LTDA - EPP;TELEVENDAS - DA TERRINHA;61023875000101;NAPOLEAO DE BARROS
PANIFICADORA NAPOLEAO DE BARROS LTDA - EPP;TELEVENDAS - DA TERRINHA;61023875000101;NAPOLEAO DE BARROS
PANIFICADORA NAPOLEAO DE BARROS LTDA - EPP;TELEVENDAS - DA TERRINHA;61023875000101;NAPOLEAO DE BARROS
PANIFICADORA NAPOLEAO DE BARROS LTDA - EPP;TELEVENDAS - DA TERRINHA;61023875000101;NAPOLEAO DE BARROS
HDN COMERCIO DE PRODUTOS ALIMENTICIOS LTDA - EPP;GILMERIO QUEIROZ - GERENTE DE AREA;12949960000181;SACOLAO SAUDE
HDN COMERCIO DE PRODUTOS ALIMENTICIOS LTDA - EPP;GILMERIO QUEIROZ - GERENTE DE AREA;12949960000181;SACOLAO SAUDE
HDN COMERCIO DE PRODUTOS ALIMENTICIOS LTDA - EPP;GILMERIO QUEIROZ - GERENTE DE AREA;12949960000181;SACOLAO SAUDE
MINI MERCEARIA DOS MENINOS LTDA;TELEVENDAS - DA TERRINHA;11199458000138;DOS MENINOS
MINI MERCEARIA DOS MENINOS LTDA;TELEVENDAS - DA TERRINHA;11199458000138;DOS MENINOS
COFESA - COMERCIAL FERREIRA SANTOS LTDA - 06;DANILO DE ALMEIDA SANTOS;50052000000707;COFESA
COFESA - COMERCIAL FERREIRA SANTOS LTDA - 06;DANILO DE ALMEIDA SANTOS;50052000000707;COFESA
COFESA - COMERCIAL FERREIRA SANTOS LTDA - 06;DANILO DE ALMEIDA SANTOS;50052000000707;COFESA
COFESA - COMERCIAL FERREIRA SANTOS LTDA - 07;DANILO DE ALMEIDA SANTOS;50052000000880;COFESA
COFESA - COMERCIAL FERREIRA SANTOS LTDA - 07;DANILO DE ALMEIDA SANTOS;50052000000880;COFESA
COFESA - COMERCIAL FERREIRA SANTOS LTDA - 07;DANILO DE ALMEIDA SANTOS;50052000000880;COFESA
COFESA - COMERCIAL FERREIRA SANTOS LTDA - 08;DANILO DE ALMEIDA SANTOS;50052000000960;COFESA
COFESA - COMERCIAL FERREIRA SANTOS LTDA - 08;DANILO DE ALMEIDA SANTOS;50052000000960;COFESA
COFESA - COMERCIAL FERREIRA SANTOS LTDA - 08;DANILO DE ALMEIDA SANTOS;50052000000960;COFESA
COFESA - COMERCIAL FERREIRA SANTOS LTDA - 09;DANILO DE ALMEIDA SANTOS;50052000001002;COFESA
COFESA - COMERCIAL FERREIRA SANTOS LTDA - 09;DANILO DE ALMEIDA SANTOS;50052000001002;COFESA
COFESA - COMERCIAL FERREIRA SANTOS LTDA - 09;DANILO DE ALMEIDA SANTOS;50052000001002;COFESA
COFESA - COMERCIAL FERREIRA SANTOS LTDA - 10;WILSON PEREIRA;50052000001185;COFESA
COFESA - COMERCIAL FERREIRA SANTOS LTDA - 10;WILSON PEREIRA - K LOPES;50052000001185;COFESA
COFESA - COMERCIAL FERREIRA SANTOS LTDA - 10;DANILO DE ALMEIDA SANTOS;50052000001185;COFESA
COFESA - COMERCIAL FERREIRA SANTOS LTDA - 10;JOSE RICARDO FERNANDES;50052000001185;COFESA
COFESA - COMERCIAL FERREIRA SANTOS LTDA - 14;DANILO DE ALMEIDA SANTOS;50052000001690;COFESA
COFESA - COMERCIAL FERREIRA SANTOS LTDA - 14;DANILO DE ALMEIDA SANTOS;50052000001690;COFESA
COFESA - COMERCIAL FERREIRA SANTOS LTDA - 14;DANILO DE ALMEIDA SANTOS;50052000001690;COFESA
COFESA - COMERCIAL FERREIRA SANTOS LTDA - 15;DANILO DE ALMEIDA SANTOS;50052000002742;COFESA
COFESA - COMERCIAL FERREIRA SANTOS LTDA - 15;DANILO DE ALMEIDA SANTOS;50052000002742;COFESA
COFESA - COMERCIAL FERREIRA SANTOS LTDA - 15;DANILO DE ALMEIDA SANTOS;50052000002742;COFESA
SUPER G DISTRIBUIDORA DE PRODUTOS ALIMENTICIOS LTDA;DANILO DE ALMEIDA SANTOS;5797331000118;COFESA
SUPER G DISTRIBUIDORA DE PRODUTOS ALIMENTICIOS LTDA;DANILO DE ALMEIDA SANTOS;5797331000118;COFESA
SUPER G DISTRIBUIDORA DE PRODUTOS ALIMENTICIOS LTDA;DANILO DE ALMEIDA SANTOS;5797331000118;COFESA
BECHARA - CARLOS HENRIQUE FADINO - MINIMERCADO - ME;WILSON PEREIRA;5907678000176;BECHARA
BECHARA - CARLOS HENRIQUE FADINO - MINIMERCADO - ME;WILSON PEREIRA;5907678000176;BECHARA
BECHARA - CARLOS HENRIQUE FADINO - MINIMERCADO - ME;WILSON PEREIRA;5907678000176;BECHARA
ESTANCONFOR - CONDOMINIO VILLA FUNCHAL BAY APARTMENTS;FRANCISCO ANACLETO;18384655000176;ESTANPLAZA
ESTANCONFOR - CONDOMINIO VILLA FUNCHAL BAY APARTMENTS;FRANCISCO ANACLETO;18384655000176;ESTANPLAZA
ESTANCONFOR - CONDOMINIO VILLA FUNCHAL BAY APARTMENTS;FRANCISCO ANACLETO;18384655000176;ESTANPLAZA
ESTANCONFOR - CONDOMINIO VILLA FUNCHAL BAY APARTMENTS;FRANCISCO ANACLETO;18384655000176;ESTANPLAZA
ESTANCONFOR - CONDOMINIO VILLA FUNCHAL BAY APARTMENTS;FRANCISCO ANACLETO;18384655000176;ESTANPLAZA
ESTANCONFOR - CONDOMINIO VILLA FUNCHAL BAY APARTMENTS;FRANCISCO ANACLETO;18384655000176;ESTANPLAZA
ESTANCONFOR - CONDOMINIO VILLA FUNCHAL BAY APARTMENTS;FRANCISCO ANACLETO;18384655000176;ESTANPLAZA
SACOLAO SACOMA - EIRELI;TELEVENDAS - DA TERRINHA;21348292000128;SACOLAO SACOMA
SACOLAO SACOMA - EIRELI;TELEVENDAS - DA TERRINHA;21348292000128;SACOLAO SACOMA
SACOLAO SACOMA - EIRELI;TELEVENDAS - DA TERRINHA;21348292000128;SACOLAO SACOMA
COMERCIAL FONTE MEL LTDA - ME;FLAVIA SIQUEIRA;1263715000108;FONTE E MEL
COMERCIAL FONTE MEL LTDA - ME;FLAVIA SIQUEIRA;1263715000108;FONTE E MEL
COMERCIAL FONTE MEL LTDA - ME;FLAVIA SIQUEIRA;1263715000108;FONTE E MEL
MARIALVA COMERCIO DE GENEROS ALIMENTICIOS LTDA;CARLOS FERREIRA;62803390000195;MARIALVA
MARIALVA COMERCIO DE GENEROS ALIMENTICIOS LTDA;CARLOS FERREIRA;62803390000195;MARIALVA
MARIALVA COMERCIO DE GENEROS ALIMENTICIOS LTDA;CARLOS FERREIRA;62803390000195;MARIALVA
MARIALVA COMERCIO DE GENEROS ALIMENTICIOS LTDA;CARLOS FERREIRA;62803390000195;MARIALVA
DIA % - FREIRE & PINHO LTDA;JOSE SOARES;5981833000102;REDE LITORAL
ATACADAO S A - SANTA BARBARA D OESTE;ROBERTO OLIVEIRA ANDRADE;75315333016617;ATACADAO - SP LOJAS
ATACADAO S A - SANTA BARBARA D OESTE;JOSUE EVANGELISTA;75315333016617;ATACADAO - SP LOJAS
ATACADAO S A - SANTA BARBARA D OESTE;DECIO FERRAZ JUNIOR;75315333016617;ATACADAO - SP LOJAS
ATACADAO S A - SANTA BARBARA D OESTE;ANGELA MARIA;75315333016617;ATACADAO - SP LOJAS
SUPERMERCADO SANTO EXPEDITO DE LENCOIS LTDA;TELEVENDAS - DA TERRINHA;52706900000152;SANTO EXPEDITO
SUPERMERCADO SANTO EXPEDITO DE LENCOIS LTDA;TELEVENDAS - DA TERRINHA;52706900000152;SANTO EXPEDITO
SUPERMERCADO SANTO EXPEDITO DE LENCOIS LTDA;TELEVENDAS - DA TERRINHA;52706900000152;SANTO EXPEDITO
SUPERMERCADO SANTO EXPEDITO DE LENCOIS LTDA;TELEVENDAS - DA TERRINHA;52706900000152;SANTO EXPEDITO
M.J.LOPES - COMERCIO DE PRODUTOS ALIMENTICIOS LTDA.;FLAVIA SIQUEIRA;7003293000100;M J LOPES
M.J.LOPES - COMERCIO DE PRODUTOS ALIMENTICIOS LTDA.;FLAVIA SIQUEIRA;7003293000100;M J LOPES
M.J.LOPES - COMERCIO DE PRODUTOS ALIMENTICIOS LTDA.;FLAVIA SIQUEIRA;7003293000100;M J LOPES
MAKSOUD  PLAZA  HOTEL  - HM HOTEIS E TURISMO S A;INES MARTIN;47396635000202;MAKSOUD HOTEL
EMPORIO SAUDE HOMEOFORMULA EIRELI;JOSE SOARES;4978957000168;HOMEOFORMULA
MERCADO ECONOMIA DA FAMILIA   EIRELI - ME;KELVIN;22647178000161;MERCADO ECONOMIA
MERCADO ECONOMIA DA FAMILIA   EIRELI - ME;KELVIN;22647178000161;MERCADO ECONOMIA
MERCADO ECONOMIA DA FAMILIA   EIRELI - ME;KELVIN;22647178000161;MERCADO ECONOMIA
DOCELANDIA - DOCES DOCELANDIA & VAZ LTDA - 04;INES MARTIN;12264015000499;DOCELANDIA
DOCELANDIA - DOCES DOCELANDIA & VAZ LTDA - 04;INES MARTIN;12264015000499;DOCELANDIA
DOCELANDIA - DOCES DOCELANDIA & VAZ LTDA - 04;INES MARTIN;12264015000499;DOCELANDIA
DOCELANDIA - DOCES DOCELANDIA & VAZ LTDA - 04;INES MARTIN;12264015000499;DOCELANDIA
EMPORIO GENOVA LTDA - EPP;FLAVIA SIQUEIRA;8055742000126;GENOVA
EMPORIO GENOVA LTDA - EPP;FLAVIA SIQUEIRA;8055742000126;GENOVA
SANDRA SUPERMERCADO LTDA - EPP;CARLOS FERREIRA;47380126000100;SANDRA SUPER
DELI MIX COMERCIO DE ARTIGOS FINOS EIRELI - ME;TELEVENDAS - DA TERRINHA;11158371000112;DELI MIX COMERCIO
DEFROST PRODUTOS ALIMENTICIOS LTDA - ME;FLAVIA SIQUEIRA;1076352000193;DEFROST
DEFROST PRODUTOS ALIMENTICIOS LTDA - ME;FLAVIA SIQUEIRA;1076352000193;DEFROST
DEFROST PRODUTOS ALIMENTICIOS LTDA - ME;FLAVIA SIQUEIRA;1076352000193;DEFROST
DEFROST PRODUTOS ALIMENTICIOS LTDA - ME;FLAVIA SIQUEIRA;1076352000193;DEFROST
DEFROST PRODUTOS ALIMENTICIOS LTDA - ME;FLAVIA SIQUEIRA;1076352000193;DEFROST
DEFROST PRODUTOS ALIMENTICIOS LTDA - ME;FLAVIA SIQUEIRA;1076352000193;DEFROST
COMERCIAL SVF EIRELI;CAROLINA DOS SANTOS ROCHA;22982100000101;COMERCIAL SVF EIRELI
IRMAOS BOA LTDA - 01;EDSON MALAGUTTI;50948371000178;IRMAOS BOA
IRMAOS BOA LTDA - 01;EDSON MALAGUTTI;50948371000178;IRMAOS BOA
IRMAOS BOA LTDA - 03;EDSON MALAGUTTI;50948371000410;IRMAOS BOA
IRMAOS BOA LTDA - 03;EDSON MALAGUTTI;50948371000410;IRMAOS BOA
IRMAOS BOA LTDA - 04;EDSON MALAGUTTI;50948371000500;IRMAOS BOA
IRMAOS BOA LTDA - 04;EDSON MALAGUTTI;50948371000500;IRMAOS BOA
IRMAOS BOA LTDA - 05;EDSON MALAGUTTI;50948371000682;IRMAOS BOA
IRMAOS BOA LTDA - 05;EDSON MALAGUTTI;50948371000682;IRMAOS BOA
IRMAOS BOA LTDA - 06;EDSON MALAGUTTI;50948371000763;IRMAOS BOA
IRMAOS BOA LTDA - 06;EDSON MALAGUTTI;50948371000763;IRMAOS BOA
IRMAOS BOA LTDA - 08;EDSON MALAGUTTI;50948371000925;IRMAOS BOA
IRMAOS BOA LTDA - 08;EDSON MALAGUTTI;50948371000925;IRMAOS BOA
IRMAOS BOA LTDA - 09;EDSON MALAGUTTI;50948371001069;IRMAOS BOA
IRMAOS BOA LTDA - 09;EDSON MALAGUTTI;50948371001069;IRMAOS BOA
NUTRI GRAOS - IGC MOURA DA SILVA PRODUTOS NATURAIS - EPP;TELEVENDAS - DA TERRINHA;18025426000165;NUTRI GRAOS
BIG & BOM SUPERMERCADOS EIRELI;TELEVENDAS - DA TERRINHA;23621738000171;BIG & BOM
COMERCIO DE ALIMENTOS CASA DE SARON LTDA. - ME;TELEVENDAS - DA TERRINHA;9623865000189;CASA DE SARON
COMERCIO DE ALIMENTOS CASA DE SARON LTDA. - ME;TELEVENDAS - DA TERRINHA;9623865000189;CASA DE SARON
ZAFFARI - CIA ZAFFARI COM E IND - RS;ALESSANDRO CANDIAGO;93015006001438;ZAFFARI
ZAFFARI - CIA ZAFFARI COM E IND - RS;ALESSANDRO CANDIAGO;93015006001438;ZAFFARI
ZAFFARI - CIA ZAFFARI COM E IND - RS;ALESSANDRO CANDIAGO;93015006001438;ZAFFARI
GIGA BR DISTRIBUIDOR E ATACADISTA LTDA;FERNANDO VOLTERO;10194833000860;CENCOSUD - GIGA
GIGA BR DISTRIBUIDOR E ATACADISTA LTDA;FERNANDO VOLTERO;10194833000860;CENCOSUD - GIGA
GIGA BR DISTRIBUIDOR E ATACADISTA LTDA;FERNANDO VOLTERO;10194833000860;CENCOSUD - GIGA
PUBLIC COMERCIO ATACADISTA E VAREJISTA DE ALIMENTOS LTDA;ERICK MOREIRA;50247022000390;PUBLIC
PUBLIC COMERCIO ATACADISTA E VAREJISTA DE ALIMENTOS LTDA;ERICK MOREIRA;50247022000390;PUBLIC
PUBLIC COMERCIO ATACADISTA E VAREJISTA DE ALIMENTOS LTDA;ERICK MOREIRA;50247022000390;PUBLIC
PUBLIC COMERCIO ATACADISTA E VAREJISTA DE ALIMENTOS LTDA;ERICK MOREIRA;50247022000390;PUBLIC
PUBLIC COMERCIO ATACADISTA E VAREJISTA DE ALIMENTOS LTDA;ERICK MOREIRA;50247022000390;PUBLIC
PUBLIC COMERCIO ATACADISTA E VAREJISTA DE ALIMENTOS LTDA;ERICK MOREIRA;50247022000390;PUBLIC
CLAYTON PEREIRA MEDINA MERCADINHO, PADARIA E LANCHONETE;MILTON TSUNEMATSU;14116647000279;NOVA CENTRAL
CLAYTON PEREIRA MEDINA MERCADINHO, PADARIA E LANCHONETE;MILTON TSUNEMATSU;14116647000279;NOVA CENTRAL
CLAYTON PEREIRA MEDINA MERCADINHO, PADARIA E LANCHONETE - 03;MILTON TSUNEMATSU;14116647000198;NOVA CENTRAL
CLAYTON PEREIRA MEDINA MERCADINHO, PADARIA E LANCHONETE - 03;MILTON TSUNEMATSU;14116647000198;NOVA CENTRAL
MERCADINHO BRUNNA & CLAYTON LTDA - EPP - 04;MILTON TSUNEMATSU;17204235000106;NOVA CENTRAL
G T M MINIMERCADO LTDA  - ME;ERICK MOREIRA;1183296000277;G T M MINI MERCADO
PEDRO GOMES DA SILVA 02678746500;ERICK MOREIRA;24318590000163;PEDRO GOMES DA SILVA
JOSINALDO DOS SANTOS MERCADINHO  - ME;ERICK MOREIRA;11094041000100;JOSINALDO DOS SANTOS
SUPERMARKET - MERCEARIA ROUX PEREZ LTDA;MILTON JUNIOR;6128683000143;SUPERMARKET
SUPERMERCADO NAGAI DE PRUDENTE LTDA - 01;DANIEL QUEIROZ;4547223000124;NAGAI
SUPERMERCADO NAGAI DE PRUDENTE LTDA - 02;DANIEL QUEIROZ;4547223000205;NAGAI
SUPERMERCADO NAGAI DE PRUDENTE LTDA - 02;DANIEL QUEIROZ;4547223000205;NAGAI
MERCADAO DE CARNES & ROTISSERIE BOI NELORE LTDA - ME;KELVIN;13013955000125;CARNES & ROTISSERIE NELORE
MERCADAO DE CARNES & ROTISSERIE BOI NELORE LTDA - ME;KELVIN;13013955000125;CARNES & ROTISSERIE NELORE
MERCADAO DE CARNES & ROTISSERIE BOI NELORE LTDA - ME;KELVIN;13013955000125;CARNES & ROTISSERIE NELORE
MIX SUPERMERCADO LTDA - ME;TELEVENDAS - DA TERRINHA;10677120000181;MERCADAO ALMEIDA
PEG PESE SUPERMERCADOS IMPORTACAO E EXPORTACAO LTDA - INTERL;MARIO MIZUKA;60479680001252;PEG PESE
PEG PESE SUPERMERCADOS IMPORTACAO E EXPORTACAO LTDA - INTERL;MARIO MIZUKA;60479680001252;PEG PESE
PEG PESE SUPERMERCADOS IMPORTACAO E EXPORTACAO LTDA - INTERL;MARIO MIZUKA;60479680001252;PEG PESE
PEG PESE SUPERMERCADOS IMPORTACAO E EXPORTACAO LTDA - INTERL;MARIO MIZUKA;60479680001252;PEG PESE
PEG PESE SUPERMERCADOS IMPORTACAO E EXPORTACAO LTDA - BOLONH;MARIO MIZUKA;60479680001333;PEG PESE
PEG PESE SUPERMERCADOS IMPORTACAO E EXPORTACAO LTDA - BOLONH;MARIO MIZUKA;60479680001333;PEG PESE
PEG PESE SUPERMERCADOS IMPORTACAO E EXPORTACAO LTDA - MORUMB;MARIO MIZUKA;60479680001414;PEG PESE
PEG PESE SUPERMERCADOS IMPORTACAO E EXPORTACAO LTDA - MORUMB;MARIO MIZUKA;60479680001414;PEG PESE
PEG PESE SUPERMERCADOS IMPORTACAO E EXPORTACAO LTDA - TABOAO;MARIO MIZUKA;60479680001090;PEG PESE
PEG PESE SUPERMERCADOS IMPORTACAO E EXPORTACAO LTDA - TABOAO;MARIO MIZUKA;60479680001090;PEG PESE
A LAREIRA - RESTAURANTE, PAES, DOCES E CONVENIENCI;CARLOS FERREIRA;53948238000100;A LAREIRA
A LAREIRA - RESTAURANTE, PAES, DOCES E CONVENIENCI;CARLOS FERREIRA;53948238000100;A LAREIRA
A LAREIRA - RESTAURANTE, PAES, DOCES E CONVENIENCI;CARLOS FERREIRA;53948238000100;A LAREIRA
A LAREIRA - RESTAURANTE, PAES, DOCES E CONVENIENCI;CARLOS FERREIRA;53948238000100;A LAREIRA
MERCADO SUPREMO LTDA - EPP;FLAVIA SIQUEIRA;6906577000143;SUPREMO
MERCADO SUPREMO LTDA - EPP;PAULO SERGIO;6906577000143;SUPREMO
MERCADO SUPREMO LTDA - EPP;JOSE EVANGELISTA;6906577000143;SUPREMO
MERCADO SUPREMO LTDA - EPP;JOSE ARTENCIO - EA;6906577000143;SUPREMO
MERCADO SUPREMO LTDA - EPP;JOSE MARCIANO;6906577000143;SUPREMO
MERCADO SUPREMO LTDA - EPP;GILSON ARAUJO DOS SANTOS;6906577000143;SUPREMO
MERCADO SUPREMO LTDA - EPP;PEDRO LACERDA;6906577000143;SUPREMO
IRENEY JUSTINO SILVA MERCADO - ME;CAROLINA DOS SANTOS ROCHA;9462010000113;JORDEENE BONSAI
EMPORIO JTM JARDIM ESTER LTDA;KELVIN;5535916000160;JTM
EMPORIO JTM JARDIM ESTER LTDA;KELVIN;5535916000160;JTM
EMPORIO JTM JARDIM ESTER LTDA;KELVIN;5535916000160;JTM
EMPORIO JTM JARDIM ESTER LTDA;KELVIN;5535916000240;JTM
EMPORIO JTM JARDIM ESTER LTDA;KELVIN;5535916000240;JTM
MERCADO MAGNUS EIRELI;CLAUDIO AKIO SOGA;4574835000106;MAGNUS
POUPE MAIS COMERCIO ALIMENTICIO LTDA;JOSE SOARES;7190144000105;GEORGE DANIEL
EMPORIO GRANJA OLGA - HATTORI HORTIFRUTI LTDA - EPP;PAULO COSTA;7628824000150;EMPORIO GRANJA OLGA
SUPERMERCADO SCOTON LT;CELSO NUNES TEIXEIRA;49395155000244;SCOTON
SUPERMERCADO SCOTON LT;CELSO NUNES TEIXEIRA;49395155000244;SCOTON
SUPERMERCADO SCOTON LT;CELSO NUNES TEIXEIRA;49395155000244;SCOTON
SUPERMERCADO SOL - SUPERMERCADO MIRALHA CAMARGO LTDA - 06;CARLOS FERREIRA;7640211000308;MERCADO SOL
SUPERMERCADO SOL LT - 01;CARLOS FERREIRA;53742243000161;MERCADO SOL
SUPERMERCADO SOL - SUPERMERCADO MIRALHA CAMARGO LTDA - 02;CARLOS FERREIRA;7640211000138;MERCADO SOL
EMPORIO BRANDAO LTDA - ME;JOSUE EVANGELISTA;68901628000100;EMPORIO BRANDAO
EMPORIO BRANDAO LTDA - ME;PAULO COSTA;68901628000100;EMPORIO BRANDAO
EMPORIO BRANDAO LTDA - ME;GILSON ARAUJO DOS SANTOS;68901628000100;EMPORIO BRANDAO
SUPERMERCADO SOL - SUPERMERCADO MIRALHA CAMARGO II LTDA - 03;CARLOS FERREIRA;11033582000129;MERCADO SOL
SUPERMERCADO SOL - SUPERMERCADO MIRALHA CAMARGO LTDA - 04;CARLOS FERREIRA;7640211000219;MERCADO SOL
SUPERMERCADO OLIVEIRA CAMARGO LTDA;CARLOS FERREIRA;22705879000100;MERCADO SOL
L & G ALIMENTOS DO BRASIL LTDA;TELEVENDAS - DA TERRINHA;26554435000252;L & G ALIMENTOS DO BRASIL
L & G ALIMENTOS DO BRASIL LTDA;TELEVENDAS - DA TERRINHA;26554435000252;L & G ALIMENTOS DO BRASIL
FLOR DAS AMERICAS ARTE DOCES DOS PAES LTDA - ME;INES MARTIN;8644453000162;FLOR DAS AMERICAS
FLOR DAS AMERICAS ARTE DOCES DOS PAES LTDA - ME;INES MARTIN;8644453000162;FLOR DAS AMERICAS
FLOR DAS AMERICAS ARTE DOCES DOS PAES LTDA - ME;INES MARTIN;8644453000162;FLOR DAS AMERICAS
FLOR DAS AMERICAS ARTE DOCES DOS PAES LTDA - ME;INES MARTIN;8644453000162;FLOR DAS AMERICAS
FLOR DAS AMERICAS ARTE DOCES DOS PAES LTDA - ME;INES MARTIN;8644453000162;FLOR DAS AMERICAS
FLOR DAS AMERICAS ARTE DOCES DOS PAES LTDA - ME;INES MARTIN;8644453000162;FLOR DAS AMERICAS
SUPERMERCADO INICIAL EIRELI  - ME;ERICK MOREIRA;7041162000117;SUPERMERCADO INICIAL
ARMAZEN DA SAUDE PRODUTOS NATURAIS LTDA - ME;MARIO MAYORAL;10528236000159;ARMAZEM DA SAUDE
MERCADINHO CARMELA LTDA;INES MARTIN;12647018000169;CARMELA
DOCEIRA E CONFEITARIA GNT LTDA - EPP;INES MARTIN;59688846000109;GNT
A. A & M  COMERCIO DE ALIMENTOS LTDA - EPP;KELVIN;21564611000132;LIDER SUPERMERCADO
A. A & M  COMERCIO DE ALIMENTOS LTDA - EPP;KELVIN;21564611000132;LIDER SUPERMERCADO
MERCADINHO PALOMA LTDA - EPP;JOSE ARTENCIO;43503648000193;PALOMA
SILVA & CRAVEIRO CAFFE LTDA - ME;LEIA;21558081000110;SILVA & CRAVEIRO
SILVA & CRAVEIRO CAFFE LTDA - ME;DANIELLY SOUZA;21558081000110;SILVA & CRAVEIRO
SILVA & CRAVEIRO CAFFE LTDA - ME;ANDREZA LOPES ALVES - V;21558081000110;SILVA & CRAVEIRO
SILVA & CRAVEIRO CAFFE LTDA - ME;TELEVENDAS - DA TERRINHA;21558081000110;SILVA & CRAVEIRO
SILVA & CRAVEIRO CAFFE LTDA - ME;MIRIAN APARECIDA;21558081000110;SILVA & CRAVEIRO
SUPERMERCADO GALASSI LTDA;OSNEY RICARDO;64599871000156;GALASSI
SUPERMERCADO GALASSI LTDA;OSNEY RICARDO;64599871000156;GALASSI
SUPERMERCADO GALASSI LTDA;OSNEY RICARDO;64599871000156;GALASSI
ROCKAFE - FABIOLA COSOMANO - ME - VILA OLIMPIA;ERICK MOREIRA;6017451000207;ROCKAFE
ROCKAFE - FABIOLA COSOMANO - ME - VILA OLIMPIA;ERICK MOREIRA;6017451000207;ROCKAFE
ROCKAFE - FABIOLA COSOMANO - ME - VILA OLIMPIA;ERICK MOREIRA;6017451000207;ROCKAFE
ROCKAFE - FABIOLA COSOMANO - ME - VILA OLIMPIA;ERICK MOREIRA;6017451000207;ROCKAFE
ROCKAFE - FABIOLA COSOMANO - ME - VILA OLIMPIA;ERICK MOREIRA;6017451000207;ROCKAFE
MICHELLE MARIANO BRITO;TELEVENDAS - DA TERRINHA;29472192874;COLABORADORES DA TERRINHA
AMARELINHA SUPERMERCADOS LTDA. - SERTAOZINHO;MAXIMINO PASCOAL;5149841000502;AMARELINHA
AMARELINHA SUPERMERCADOS LTDA. - SERTAOZINHO;MAXIMINO PASCOAL;5149841000502;AMARELINHA
AMARELINHA SUPERMERCADOS LTDA.;MAXIMINO PASCOAL;5149841000189;AMARELINHA
EMPORIO GULAREJO LTDA - EPP;TELEVENDAS - DA TERRINHA;22703834000104;EMPORIO GULAREJO
NUTRICARNES DIADEMA ACOUGUE E ROTISSERIE LTDA - EPP;INES MARTIN;24805089000121;CALCADAO
NUTRICARNES DIADEMA ACOUGUE E ROTISSERIE LTDA - EPP;INES MARTIN;24805089000121;CALCADAO
ALECRIM BOMBONIERE LTDA - ME;TELEVENDAS - DA TERRINHA;15282657000166;ALECRIM
JOAO TAVARES DE SOUZA - ME;TELEVENDAS - DA TERRINHA;3144430000175;JOAO TAVARES DE SOUZA
JOAO TAVARES DE SOUZA - ME;TELEVENDAS - DA TERRINHA;3144430000175;JOAO TAVARES DE SOUZA
COMERCIAL DE ALIMENTOS RED LTDA.;ALENCAR SILVA;11189392000103;COMERCIAL DE ALIMENTOS RED
COMERCIAL DE ALIMENTOS RED LTDA.;ALENCAR SILVA;11189392000103;COMERCIAL DE ALIMENTOS RED
COMERCIAL DE ALIMENTOS RED LTDA.;ALENCAR SILVA;11189392000103;COMERCIAL DE ALIMENTOS RED
CHOCOLANDIA - COMERCIAL CHOCOLANDIA LTDA - 09;SILVANO ARRUDA;7583041001250;CHOCOLANDIA
SEKEL BRASIL TRADING LTDA - EPP;JOSUE EVANGELISTA;5302896000187;SEKEL BRASIL
CAFE & COMIDINHAS LTDA. - ME;TELEVENDAS - DA TERRINHA;10778446000103;CAFE & COMIDINHAS
PADARIA E CONFEITARIA KARINA DE SANTO ANDRE LTDA - EPP;TELEVENDAS - DA TERRINHA;759553000122;PADARIA KARINA SANTO ANDRE
PADARIA E CONFEITARIA KARINA DE SANTO ANDRE LTDA - EPP;TELEVENDAS - DA TERRINHA;759553000122;PADARIA KARINA SANTO ANDRE
BONDINHO - ACX - COMERCIO DE PRODUTOS ALIMENTICIOS LTDA;ERICK MOREIRA;11389221000110;BONDINHO
SUPERMERCADO FLAMENGO LTDA;KELVIN;43312164000248;FLAMENGO
SUPERMERCADO FLAMENGO LTDA;KELVIN;43312164000248;FLAMENGO
SUPERMERCADO FLAMENGO LTDA;KELVIN;43312164000248;FLAMENGO
SUPERMERCADO FLAMENGO LTDA;KELVIN;43312164000248;FLAMENGO
SUPERMERCADO FLAMENGO LTDA;KELVIN;43312164000248;FLAMENGO
ROCKAFE - RENATA COSOMANO - ME - LIBERDADE;ERICK MOREIRA;9431274000100;ROCKAFE
ROCKAFE - RENATA COSOMANO - ME - LIBERDADE;ERICK MOREIRA;9431274000100;ROCKAFE
ROCKAFE - RENATA COSOMANO - ME - LIBERDADE;ERICK MOREIRA;9431274000100;ROCKAFE
ROCKAFE - RENATA COSOMANO - ME - LIBERDADE;ERICK MOREIRA;9431274000100;ROCKAFE
ROCKAFE - RENATA COSOMANO - ME - LIBERDADE;ERICK MOREIRA;9431274000100;ROCKAFE
PE DE PITANGA  - IANA TAMARA LOPES EVANGELISTA - ME;INES MARTIN;27192800000108;PE DE PITANGA
PE DE PITANGA  - IANA TAMARA LOPES EVANGELISTA - ME;INES MARTIN;27192800000108;PE DE PITANGA
PE DE PITANGA  - IANA TAMARA LOPES EVANGELISTA - ME;INES MARTIN;27192800000108;PE DE PITANGA
PE DE PITANGA  - IANA TAMARA LOPES EVANGELISTA - ME;INES MARTIN;27192800000108;PE DE PITANGA
PE DE PITANGA  - IANA TAMARA LOPES EVANGELISTA - ME;INES MARTIN;27192800000108;PE DE PITANGA
LA NETWORKING CAFE - BERLINDA S CAFE E RESTAURANTE LTDA - ME;TELEVENDAS - DA TERRINHA;16646280000140;LA NETWORKING CAFE
MINI MERCADO IMPERADOR DO AMAZONAS LTDA - ME;JOSE ARTENCIO;2227753000160;IMPERADOR DO AMAZONAS
ALETEIA SANDRIM RODRIGUES;CLAUDIO AKIO SOGA;25966985000135;EMPORIO GRAOS DA VILA
ALETEIA SANDRIM RODRIGUES;CLAUDIO AKIO SOGA;25966985000135;EMPORIO GRAOS DA VILA
ALETEIA SANDRIM RODRIGUES;CLAUDIO AKIO SOGA;25966985000135;EMPORIO GRAOS DA VILA
ALETEIA SANDRIM RODRIGUES;CLAUDIO AKIO SOGA;25966985000135;EMPORIO GRAOS DA VILA
LATUGGA BAR E LANCHES LTDA;INES MARTIN;26503655000176;LATUGGA
LATUGGA BAR E LANCHES LTDA;INES MARTIN;26503655000176;LATUGGA
LATUGGA BAR E LANCHES LTDA;INES MARTIN;26503655000176;LATUGGA
LATUGGA BAR E LANCHES LTDA;INES MARTIN;26503655000176;LATUGGA
LATUGGA BAR E LANCHES LTDA;INES MARTIN;26503655000176;LATUGGA
CARIOCA 1 HORTIFRUTI TIJUCA LTDA - 01;MILTON JUNIOR;20848324000191;CARIOCA HORTIFRUT
CARIOCA 2 HORTIFRUTI BAIRRO DE FATIMA EIRELI - 02;MILTON JUNIOR;20789275000163;CARIOCA HORTIFRUT
SUPERMERCADOS TREIXEDO LTDA.;OSNEY RICARDO;3071050000158;TREIXEDO
SUPERMERCADOS TREIXEDO LTDA.;OSNEY RICARDO;3071050000158;TREIXEDO
SUPERMERCADOS TREIXEDO LTDA.;OSNEY RICARDO;3071050000158;TREIXEDO
GILSON DE FREITAS PESSANHA 99225620730;MILTON JUNIOR;26582970000136;PESSANHA
PJR COMERCIO DE DOCES LTDA;ERICK MOREIRA;27636423000159;PJR
SPIRIT COMERCIO E INDUSTRIA LTDA;MILTON JUNIOR;21983257000180;SPIRIT
RENATO OLIVEIRA SOUZA - ME;JOSE ARTENCIO;7327586000142;RENATO OLIVEIRA SOUZA
RENATO OLIVEIRA SOUZA - ME;JOSE ARTENCIO;7327586000142;RENATO OLIVEIRA SOUZA
BOM LUGAR - JOEL SIQUEIRA & CIA SOROCABA LTDA;PAULO COSTA;67929208000241;BOM LUGAR
LFG COMERCIO, ASSESSORIA, IMPORTACAO E EXPORTACAO LTDA;TELEVENDAS - DA TERRINHA;11807198000136;LFG COMERCIO IMP E EXP
B2M ATACAREJOS DO BRASIL LTDA;WALTER BARROS;17457404000292;ATACADAO DIA A DIA
B2M ATACAREJOS DO BRASIL LTDA;EDMILSON NUNES;17457404000292;ATACADAO DIA A DIA
B2M ATACAREJOS DO BRASIL LTDA;EDMILSON NUNES;17457404000373;ATACADAO DIA A DIA
B2M ATACAREJOS DO BRASIL LTDA;WALTER BARROS;17457404000373;ATACADAO DIA A DIA
B2M ATACAREJOS DO BRASIL LTDA;EDMILSON NUNES;17457404000454;ATACADAO DIA A DIA
B2M ATACAREJOS DO BRASIL LTDA;WALTER BARROS;17457404000454;ATACADAO DIA A DIA
MERCADO QUALYPE LTDA;INES MARTIN;26412256000108;QUALYPE
MERCADO QUALYPE LTDA;INES MARTIN;26412256000108;QUALYPE
QUINTAL DA VILA ARUJAZINHO HORTIFRUTI LTDA;CLAUDIO AKIO SOGA;24814435000138;QUINTAL DA VILA ARUJAZINHO
QUINTAL DA VILA ARUJAZINHO HORTIFRUTI LTDA;CLAUDIO AKIO SOGA;24814435000138;QUINTAL DA VILA ARUJAZINHO
QUINTAL DA VILA ARUJAZINHO HORTIFRUTI LTDA;CLAUDIO AKIO SOGA;24814435000138;QUINTAL DA VILA ARUJAZINHO
QUINTAL DA VILA ARUJAZINHO HORTIFRUTI LTDA;CLAUDIO AKIO SOGA;24814435000138;QUINTAL DA VILA ARUJAZINHO
MERCADINHO DO TREVO ARUJA LTDA - ME;CLAUDIO AKIO SOGA;56895063000108;MERCADINHO DO TREVO
MERCADINHO DO TREVO ARUJA LTDA - ME;CLAUDIO AKIO SOGA;56895063000108;MERCADINHO DO TREVO
MERCADINHO DO TREVO ARUJA LTDA - ME;CLAUDIO AKIO SOGA;56895063000108;MERCADINHO DO TREVO
CENTRO AUTOMOTIVO CRUZADA DA BARRA LTDA;MILTON JUNIOR;12308662000102;CENTRO AUTOMOTIVO CRUZADA DA BARRA
VILA MINI MERCADO LTDA. - ME;PAULO COSTA;27183006000106;VILA MINI
CRUZ E VIDA LIVRARIA E PRODUTOS NATURAIS LTDA - ME;JOSE ARTENCIO;23592916000183;CRUZ E VIDA
FEDERZONI - SS COM DE ALIMENTOS LT - 03;CLAUDIO AKIO SOGA;67954404000357;FEDERZONI
FEDERZONI - SS COM DE ALIMENTOS LT - 03;CLAUDIO AKIO SOGA;67954404000357;FEDERZONI
FEDERZONI - SS COM DE ALIMENTOS LT - 03;CLAUDIO AKIO SOGA;67954404000357;FEDERZONI
FEDERZONI - SS COM DE ALIMENTOS LT - 04;CLAUDIO AKIO SOGA;67954404000276;FEDERZONI
FEDERZONI - SS COM DE ALIMENTOS LT - 04;CLAUDIO AKIO SOGA;67954404000276;FEDERZONI
FEDERZONI - SS COM DE ALIMENTOS LT - 04;CLAUDIO AKIO SOGA;67954404000276;FEDERZONI
JSUPERMERCADO BIG - JULIANA CARMO DA SILVA MINIMERCADO - ME;INES MARTIN;26362028000162;SUPERMERCADO BIG
K C M CAMARGO EMPORIO - ME;CLAUDIO AKIO SOGA;15175754000150;K C M CAMARGO EMPORIO
K C M CAMARGO EMPORIO - ME;CLAUDIO AKIO SOGA;15175754000150;K C M CAMARGO EMPORIO
KING BOI COMRCIO DE CARNES LTDA - ME;KELVIN;7417127000150;KING BOI
PAES E DOCES PARATI LTDA - EPP;TELEVENDAS - DA TERRINHA;60805892000120;PARATI
PAES E DOCES PARATI LTDA - EPP;TELEVENDAS - DA TERRINHA;60805892000120;PARATI
SO OFERTAS SAO PAULO COMERCIAL LTDA - EPP;INES MARTIN;2121396000150;SO OFERTAS
SO OFERTAS SAO PAULO COMERCIAL LTDA - EPP;INES MARTIN;2121396000150;SO OFERTAS
SO OFERTAS SAO PAULO COMERCIAL LTDA - EPP;INES MARTIN;2121396000150;SO OFERTAS
SO OFERTAS SAO PAULO COMERCIAL LTDA - EPP;INES MARTIN;2121396000150;SO OFERTAS
SO OFERTAS SAO PAULO COMERCIAL LTDA - EPP;INES MARTIN;2121396000150;SO OFERTAS
SO OFERTAS SAO PAULO COMERCIAL LTDA - EPP;INES MARTIN;2121396000150;SO OFERTAS
KING BOI MEET LTDA;KELVIN;13545152000111;KING BOI
KING BOI CENTRAL DE CARNES LTDA;KELVIN;14675643000140;KING BOI
KING MERCADAO DE CARNES LTDA - ME;KELVIN;9534334000110;KING BOI
ACOUGUE E PADARIA R7 LTDA;KELVIN;20156844000133;KING BOI
CASA DE CARNES NELORE PREMIUM LTDA;TELEVENDAS - DA TERRINHA;20079048000144;NELORE PREMIUM
SUPERMERCADOS IRMAOS LOPES S/A - 01;ANGELA MARIA;45827425000450;IRMAOS LOPES - LOJAS
SUPERMERCADOS IRMAOS LOPES S/A - 01;ANGELA MARIA;45827425000450;IRMAOS LOPES - LOJAS
SUPERMERCADOS IRMAOS LOPES S/A - 02;ANGELA MARIA;45827425000379;IRMAOS LOPES - LOJAS
SUPERMERCADOS IRMAOS LOPES S/A - 02;ANGELA MARIA;45827425000379;IRMAOS LOPES - LOJAS
SUPERMERCADOS IRMAOS LOPES S/A - 03;ANGELA MARIA;45827425000298;IRMAOS LOPES - LOJAS
SUPERMERCADOS IRMAOS LOPES S/A - 03;ANGELA MARIA;45827425000298;IRMAOS LOPES - LOJAS
SUPERMERCADOS IRMAOS LOPES S/A - 04;ANGELA MARIA;45827425000530;IRMAOS LOPES - LOJAS
SUPERMERCADOS IRMAOS LOPES S/A - 04;ANGELA MARIA;45827425000530;IRMAOS LOPES - LOJAS
SUPERMERCADOS IRMAOS LOPES S/A - 05;ANGELA MARIA;45827425000611;IRMAOS LOPES - LOJAS
SUPERMERCADOS IRMAOS LOPES S/A - 05;ANGELA MARIA;45827425000611;IRMAOS LOPES - LOJAS
SUPERMERCADOS IRMAOS LOPES S/A - 05;ANGELA MARIA;45827425000611;IRMAOS LOPES - LOJAS
SUPERMERCADOS IRMAOS LOPES S/A - 06;ANGELA MARIA;45827425000700;IRMAOS LOPES - LOJAS
SUPERMERCADOS IRMAOS LOPES S/A - 06;ANGELA MARIA;45827425000700;IRMAOS LOPES - LOJAS
SUPERMERCADOS IRMAOS LOPES S/A - 07;ANGELA MARIA;45827425000883;IRMAOS LOPES - LOJAS
SUPERMERCADOS IRMAOS LOPES S/A - 07;ANGELA MARIA;45827425000883;IRMAOS LOPES - LOJAS
SUPERMERCADOS IRMAOS LOPES S/A - 08;ANGELA MARIA;45827425000964;IRMAOS LOPES - LOJAS
SUPERMERCADOS IRMAOS LOPES S/A - 08;ANGELA MARIA;45827425000964;IRMAOS LOPES - LOJAS
SUPERMERCADOS IRMAOS LOPES S/A - 09;ANGELA MARIA;45827425001189;IRMAOS LOPES - LOJAS
SUPERMERCADOS IRMAOS LOPES S/A - 09;ANGELA MARIA;45827425001189;IRMAOS LOPES - LOJAS
SUPERMERCADOS IRMAOS LOPES S/A - 10;ANGELA MARIA;45827425001260;IRMAOS LOPES - LOJAS
SUPERMERCADOS IRMAOS LOPES S/A - 10;ANGELA MARIA;45827425001260;IRMAOS LOPES - LOJAS
SUPERMERCADOS IRMAOS LOPES S/A - 11;ANGELA MARIA;45827425001340;IRMAOS LOPES - LOJAS
SUPERMERCADOS IRMAOS LOPES S/A - 11;ANGELA MARIA;45827425001340;IRMAOS LOPES - LOJAS
SUPERMERCADOS IRMAOS LOPES S/A - 12;ANGELA MARIA;45827425001421;IRMAOS LOPES - LOJAS
SUPERMERCADOS IRMAOS LOPES S/A - 12;ANGELA MARIA;45827425001421;IRMAOS LOPES - LOJAS
SUPERMERCADOS IRMAOS LOPES S/A - 13;ANGELA MARIA;45827425001502;IRMAOS LOPES - LOJAS
SUPERMERCADOS IRMAOS LOPES S/A - 13;ANGELA MARIA;45827425001502;IRMAOS LOPES - LOJAS
SUPERMERCADOS IRMAOS LOPES S/A - 14;ANGELA MARIA;45827425001693;IRMAOS LOPES - LOJAS
SUPERMERCADOS IRMAOS LOPES S/A - 14;ANGELA MARIA;45827425001693;IRMAOS LOPES - LOJAS
EMPORIO 493 LTDA - ME;TELEVENDAS - DA TERRINHA;8184213000122;EMPORIO 493
SUPERMERCADOS IRMAOS LOPES S/A - 15;ANGELA MARIA;45827425001855;IRMAOS LOPES - LOJAS
SUPERMERCADOS IRMAOS LOPES S/A - 15;ANGELA MARIA;45827425001855;IRMAOS LOPES - LOJAS
SUPERMERCADOS IRMAOS LOPES S/A - 16;ANGELA MARIA;45827425001774;IRMAOS LOPES - LOJAS
SUPERMERCADOS IRMAOS LOPES S/A - 16;ANGELA MARIA;45827425001774;IRMAOS LOPES - LOJAS
SUPERMERCADOS IRMAOS LOPES S/A - 17;ANGELA MARIA;45827425001936;IRMAOS LOPES - LOJAS
SUPERMERCADOS IRMAOS LOPES S/A - 17;ANGELA MARIA;45827425001936;IRMAOS LOPES - LOJAS
SUPERMERCADOS IRMAOS LOPES S/A - 18;ANGELA MARIA;45827425002070;IRMAOS LOPES - LOJAS
SUPERMERCADOS IRMAOS LOPES S/A - 18;ANGELA MARIA;45827425002070;IRMAOS LOPES - LOJAS
SUPERMERCADOS IRMAOS LOPES S/A - 19;ANGELA MARIA;45827425002150;IRMAOS LOPES - LOJAS
SUPERMERCADOS IRMAOS LOPES S/A - 19;ANGELA MARIA;45827425002150;IRMAOS LOPES - LOJAS
SUPERMERCADOS IRMAOS LOPES S/A - 20;ANGELA MARIA;45827425002231;IRMAOS LOPES - LOJAS
SUPERMERCADOS IRMAOS LOPES S/A - 20;ANGELA MARIA;45827425002231;IRMAOS LOPES - LOJAS
SUPERMERCADOS IRMAOS LOPES S/A - 21;ANGELA MARIA;45827425002312;IRMAOS LOPES - LOJAS
SUPERMERCADOS IRMAOS LOPES S/A - 21;ANGELA MARIA;45827425002312;IRMAOS LOPES - LOJAS
SUPERMERCADOS IRMAOS LOPES S/A - 21;ANGELA MARIA;45827425002312;IRMAOS LOPES - LOJAS
SUPERMERCADOS IRMAOS LOPES S/A - 22;ANGELA MARIA;45827425002401;IRMAOS LOPES - LOJAS
SUPERMERCADOS IRMAOS LOPES S/A - 22;ANGELA MARIA;45827425002401;IRMAOS LOPES - LOJAS
SUPERMERCADOS IRMAOS LOPES S/A - 23;ANGELA MARIA;45827425002665;IRMAOS LOPES - LOJAS
SUPERMERCADOS IRMAOS LOPES S/A - 23;ANGELA MARIA;45827425002665;IRMAOS LOPES - LOJAS
SUPERMERCADOS IRMAOS LOPES S/A - 24;ANGELA MARIA;45827425002584;IRMAOS LOPES - LOJAS
SUPERMERCADOS IRMAOS LOPES S/A - 24;ANGELA MARIA;45827425002584;IRMAOS LOPES - LOJAS
SUPERMERCADOS IRMAOS LOPES S/A - 25;ANGELA MARIA;45827425002746;IRMAOS LOPES - LOJAS
SUPERMERCADOS IRMAOS LOPES S/A - 25;ANGELA MARIA;45827425002746;IRMAOS LOPES - LOJAS
SUPERMERCADOS IRMAOS LOPES S/A - 26;ANGELA MARIA;45827425002827;IRMAOS LOPES - LOJAS
SUPERMERCADOS IRMAOS LOPES S/A - 26;ANGELA MARIA;45827425002827;IRMAOS LOPES - LOJAS
SUPERMERCADOS IRMAOS LOPES S/A - 26;ANGELA MARIA;45827425002827;IRMAOS LOPES - LOJAS
SUPERMERCADOS IRMAOS LOPES S/A - 27;ANGELA MARIA;45827425002908;IRMAOS LOPES - LOJAS
SUPERMERCADOS IRMAOS LOPES S/A - 28;ANGELA MARIA;45827425003041;IRMAOS LOPES - LOJAS
SUPERMERCADOS IRMAOS LOPES S/A - 28;ANGELA MARIA;45827425003041;IRMAOS LOPES - LOJAS
SUPERMERCADOS IRMAOS LOPES S/A - 29;ANGELA MARIA;45827425003122;IRMAOS LOPES - LOJAS
SUPERMERCADOS IRMAOS LOPES S/A - 29;ANGELA MARIA;45827425003122;IRMAOS LOPES - LOJAS
EUNICE ARAUJO DA ROCHA;TELEVENDAS - DA TERRINHA;15595102349;EUNICE ARAÚJO DA ROCHA
VIVA VEG - ALEXANDRE HEITOR XAVIER DE BARROS - ME;TELEVENDAS - DA TERRINHA;25057713000112;VIVA VEG
VIVA VEG - ALEXANDRE HEITOR XAVIER DE BARROS - ME;TELEVENDAS - DA TERRINHA;25057713000112;VIVA VEG
JORGE LUIZ PASSOS DA COSTA DISTRIBUIDORA E IMPORTADORA - ME;TELEVENDAS - DA TERRINHA;26831052000101;JORGE LUIZ PASSOS DA COSTA
JOSE HELIO DE OLIVEIRA - ME;FLAVIA SIQUEIRA;5969031000179;JOSE HELIO DE OLIVEIRA
QUITERIA APARECIDA ITO - ME;INES MARTIN;22355090000176;TANAKA - QUITERIA APARECIDA
COMERCIO DE FRUTAS VERDURAS E LEGUMES S. S. LTDA - ME;JOSE ARTENCIO;3125191000297;COMERCIO DE FRUTAS VERDURAS E LEGUMES
COMERCIO DE FRUTAS VERDURAS E LEGUMES S. S. LTDA - ME;JOSE ARTENCIO;3125191000297;COMERCIO DE FRUTAS VERDURAS E LEGUMES
PEDRO NELSON MENEZES DOS SANTOS 33528526858;OSNEY RICARDO;25993493000139;PEDRO NELSON MENEZES
M A MORA RESTAURANTE E CONVENIENCIAS EIRELI - ME;TELEVENDAS - DA TERRINHA;15194159000161;M A MORA
M A MORA RESTAURANTE E CONVENIENCIAS EIRELI - ME;TELEVENDAS - DA TERRINHA;15194159000161;M A MORA
REDE LITORAL - ASSOCIAÇÃO DE SUP. DO LITORAL PAULISTA -ASUL;JOSE SOARES;3657950000181;REDE LITORAL
FORT - SDB COMERCIO DE ALIMENTOS LTDA - ICARA;JULIANA RIBEIRA;9477652004698;FORT ATACADISTA - LOJAS
KORIN ADMINISTRACAO DE FRANQUIA LTDA - IPEUNA;TELEVENDAS - DA TERRINHA;13307123000383;KORIN
KORIN ADMINISTRACAO DE FRANQUIA LTDA - IPEUNA;TELEVENDAS - DA TERRINHA;13307123000383;KORIN
KORIN ADMINISTRACAO DE FRANQUIA LTDA - IPEUNA;TELEVENDAS - DA TERRINHA;13307123000383;KORIN
KORIN ADMINISTRACAO DE FRANQUIA LTDA - IPEUNA;TELEVENDAS - DA TERRINHA;13307123000383;KORIN
A.M.C. DE ALMEIDA COMERCIO DE PRODUTOS ALIMENTICIOS;ALICE LUCIANA;27988330000193;A M C DE ALMEIDA
M DISTRIBUIDORA - ARAUJO&FREITAS DISTRIBUIDORA LTDA ME;TELEVENDAS - DA TERRINHA;9202487000160;M DISTRIBUIDORA - ARAUJO&FREITAS
SUPERMERCADO BOM PRECO SOROCABA 2 LTDA - 02;PAULO COSTA;27785343000165;SUPERMERCADO BOM PRECO
SUPERMERCADOS MUNDIAL LTDA  - CD;CARLOS GODINHO;33304981000110;MUNDIAL
SUPERMERCADOS MUNDIAL LTDA  - CD;CARLOS GODINHO;33304981000110;MUNDIAL
SUPERMERCADOS MUNDIAL LTDA  - CD;CARLOS GODINHO;33304981000110;MUNDIAL
ROLDAO - AUTO SERVICO COMERCIO DE ALIMENTOS LTDA - 037;CAIO VINICIUS AMORIM;5800256003627;ROLDAO
ROLDAO - AUTO SERVICO COMERCIO DE ALIMENTOS LTDA - 037;CAIO VINICIUS AMORIM;5800256003627;ROLDAO
ROLDAO - AUTO SERVICO COMERCIO DE ALIMENTOS LTDA - 037;CAIO VINICIUS AMORIM;5800256003627;ROLDAO
WMB SUPERMERCADOS DO BRASIL LTDA.;WELINGTON GUALTER;63960004945;SAMS CLUB - CD
SUPERMERCADOS FURLANETTI LTDA;CRISTIANE SEDENHO;50751908000458;REDE DAS
SUPERMERCADOS FURLANETTI LTDA;CRISTIANE SEDENHO;50751908000458;REDE DAS
PETIT DA VILLA COMERCIO DE ALIMENTOS LTDA - ME;CARLOS FERREIRA;27674111000130;PETIT DA VILLA
PETIT DA VILLA COMERCIO DE ALIMENTOS LTDA - ME;CARLOS FERREIRA;27674111000130;PETIT DA VILLA
PETIT DA VILLA COMERCIO DE ALIMENTOS LTDA - ME;CARLOS FERREIRA;27674111000130;PETIT DA VILLA
PETIT DA VILLA COMERCIO DE ALIMENTOS LTDA - ME;CARLOS FERREIRA;27674111000130;PETIT DA VILLA
PETIT DA VILLA COMERCIO DE ALIMENTOS LTDA - ME;CARLOS FERREIRA;27674111000130;PETIT DA VILLA
WMB SUPERMERCADOS DO BRASIL LTDA.;WELINGTON GUALTER;63960012298;SAMS CLUB - CD
SAMS CLUB - WAL MART BRASIL LTDA - BOM RETIRO;WELINGTON GUALTER;63960003116;SAMS CLUB
SAMS CLUB - WAL MART BRASIL LTDA - BARIGUI;WELINGTON GUALTER;63960003388;SAMS CLUB
SAMS CLUB - WAL MART BRASIL LTDA - RADIAL;WELINGTON GUALTER;63960003701;SAMS CLUB
SAMS CLUB - WAL MART BRASIL LTDA - SAO JOSE DOS CAMPOS;WELINGTON GUALTER;63960004007;SAMS CLUB
SAMS CLUB - WAL MART BRASIL LTDA - TAMBORE;WELINGTON GUALTER;63960003973;SAMS CLUB
SUPERMERCADO SAN LTDA - 01;WILSON PEREIRA;52216629000177;SAN
SUPERMERCADO SAN LTDA - 01;WILSON PEREIRA;52216629000177;SAN
SUPERMERCADO SAN LTDA - 02;WILSON PEREIRA;52216629000339;SAN
SUPERMERCADO SAN LTDA - 02;WILSON PEREIRA;52216629000339;SAN
SUPERMERCADO SAN - SUPERMERCADO KAZUO & FILHOS LTDA - 03;WILSON PEREIRA;20838583000131;SAN
SUPERMERCADO SAN - SUPERMERCADO KAZUO & FILHOS LTDA - 03;WILSON PEREIRA;20838583000131;SAN
ASSAI - SENDAS DISTRIBUIDORA S/A - CIDADE DUTRA;FERNANDO VOLTERO;6057223034823;ASSAI - SP LOJAS
ASSAI - SENDAS DISTRIBUIDORA S/A - CIDADE DUTRA;FERNANDO VOLTERO;6057223034823;ASSAI - SP LOJAS
ASSAI - SENDAS DISTRIBUIDORA S/A - CIDADE DUTRA;FERNANDO VOLTERO;6057223034823;ASSAI - SP LOJAS
ASSAI - SENDAS DISTRIBUIDORA S/A - DIADEMA;FERNANDO VOLTERO;6057223034742;ASSAI - SP LOJAS
ASSAI - SENDAS DISTRIBUIDORA S/A - DIADEMA;FERNANDO VOLTERO;6057223034742;ASSAI - SP LOJAS
ASSAI - SENDAS DISTRIBUIDORA S/A - DIADEMA;FERNANDO VOLTERO;6057223034742;ASSAI - SP LOJAS
SAMS CLUB - WAL-MART BRASIL LTDA - VITORIA;WELINGTON GUALTER;63960006050;SAMS CLUB
SAMS CLUB - WAL - MART BRASIL LTDA - GOIANIA;WELINGTON GUALTER;63960005240;SAMS CLUB
MINIMERCADO SEBASTIAO JOAQUIM LTDA;RODRIGO LEANDRO CAMARGO;11142267000130;MERCADO J GOMES
MINIMERCADO SEBASTIAO JOAQUIM LTDA;RODRIGO LEANDRO CAMARGO;11142267000130;MERCADO J GOMES
MINIMERCADO SEBASTIAO JOAQUIM LTDA;RODRIGO LEANDRO CAMARGO;11142267000130;MERCADO J GOMES
VERA LUCIA GUEDES CERDAN - ME;TELEVENDAS - DA TERRINHA;3108387000192;VERA LUCIA GUEDES CERDAN
SAMS CLUB - WAL-MART BRASIL LTDA - BRASILIA;WELINGTON GUALTER;63960004430;SAMS CLUB
SAMS CLUB - WAL MART BRASIL LTDA - SALVADOR;WELINGTON GUALTER;63960004864;SAMS CLUB
SAMS CLUB - WAL MART BRASIL LTDA - MACEIO;WELINGTON GUALTER;63960005160;SAMS CLUB
SAMS CLUB - WAL MART BRASIL LTDA - CAMPINAS;WELINGTON GUALTER;63960007022;SAMS CLUB
SAMS CLUB - WAL MART BRASIL LTDA - GUARULHOS;WELINGTON GUALTER;63960006565;SAMS CLUB
SAMS CLUB - WAL MART BRASIL LTDA - RECIFE;WELINGTON GUALTER;63960007294;SAMS CLUB
SAMS CLUB - WAL MART BRASIL LTDA - NATAL;WELINGTON GUALTER;63960007456;SAMS CLUB
SUPERMERCADO DA PRACA DE BRAGANCA LTDA;LEONARDO VINICIUS;28237349000160;DA PRACA
MARIA ALICE GALDINO;TELEVENDAS - DA TERRINHA;6435758808;MARIA ALICE GALDINO
JOSE ALVES MOREIRA 11179168801;FRANCISCO ANACLETO;26464064000137;JOSE ALVES MOREIRA
A. S. C. ALIMENTOS LTDA - ME;JOSE ARTENCIO;9039955000127;A S C ALIMENTOS
A. S. C. ALIMENTOS LTDA - ME;JOSE ARTENCIO;9039955000127;A S C ALIMENTOS
HORTIFRUTI BELLA MOOCA LTDA - EPP;TELEVENDAS - DA TERRINHA;27991347000108;BELLA MOOCA
CASA DE CARNES BOI NOVO SANTO AMARO LTDA;JOSE ARTENCIO;13197323000169;BOI NOVO
JOSE FERREIRA MARQUES - ME;JOSE ARTENCIO;28451233000120;JOSE FERREIRA MARQUES
PIT STOP SUCOS E LANCHES LTDA - EPP;FLAVIA SIQUEIRA;14321466000101;PIT STOP
PIT STOP SUCOS E LANCHES LTDA - EPP;CRISTIANE LIMA;14321466000101;PIT STOP
PIT STOP SUCOS E LANCHES LTDA - EPP;TARCISO SILVA;14321466000101;PIT STOP
CARREFOUR COMERCIO E INDUSTRIA LTDA;EDMILSON NUNES;45543915020611;CARREFOUR
MERCADINHO DA FAMILIA - GRIMALDO ALVES DE OLIVEIRA;JOSE ARTENCIO;18574369000173;MERCADINHO DA FAMILIA
SUPER MERCADO SAO ROQUE LTDA;PAULO COSTA;45495694000202;SAO ROQUE
CARLOS APARECIDO RODRIGUES DE MORAIS - EPP;JOSE SOARES;4334487000108;MINI MERCADO E SACOLAO JR
RECK CAFE LTDA - ME;TELEVENDAS - DA TERRINHA;2757507000110;RECK CAFE
R ANDRADE SILVA PEREIRA - MINIMERCADO E LANCHONETE - EPP;CARLOS FERREIRA;24929361000185;R ANDRADE SILVA PEREIRA
QUINTAL URBANO LTDA;TELEVENDAS - DA TERRINHA;28583097000121;QUINTAL URBANO
QUINTAL URBANO LTDA;TELEVENDAS - DA TERRINHA;28583097000121;QUINTAL URBANO
QUINTAL URBANO LTDA;TELEVENDAS - DA TERRINHA;28583097000121;QUINTAL URBANO
VILA REZENDE COMERCIO DE HORTIFRUTIGRANJEIROS LTDA - EPP;OSNEY RICARDO;15789679000117;DOIS AMIGOS VILA REZENDE
VILA REZENDE COMERCIO DE HORTIFRUTIGRANJEIROS LTDA - EPP;OSNEY RICARDO;15789679000117;DOIS AMIGOS VILA REZENDE
MERCADINHO E VEM QUE E BOM - MARCIA LINHARES DE FREITAS - ME;KELVIN;5300183000184;E VEM QUE E BOM
ARMAZEM 512 - THAMIRES C. S. TIMPANO - ME;TELEVENDAS - DA TERRINHA;27938070000141;ARMAZEM 512
ARMAZEM 512 - THAMIRES C. S. TIMPANO - ME;TELEVENDAS - DA TERRINHA;27938070000141;ARMAZEM 512
ARMAZEM 512 - THAMIRES C. S. TIMPANO - ME;TELEVENDAS - DA TERRINHA;27938070000141;ARMAZEM 512
ESPERANCA - ATACADO E AUTO SERVICO ESPERANCA LTDA - 16;DANIEL CAMACHO;5264937001593;ESPERANCA
D C DE OLIVEIRA MINIMERCADO;JOSE ARTENCIO;13182051000204;D C DE OLIVEIRA
TENDA ATACADO LTDA - SAO JOSE DO RIO PRETO;FLAVIO DUARTE PEREIRA;1157555004282;TENDA
DISTRIB DE ALIMENTOS BEIRA RIO LAJEADO LTDA ME;JUAN HERRERA;10365451000267;BEIRA RIO LAJEADO
NOGALVES ATACADO E VAREJO LTDA;OSNEY RICARDO;2627353000222;NOGALVES
FESTINHA PRODUTOS PARA FESTAS LTDA;TELEVENDAS - DA TERRINHA;5197713000100;FESTINHA PRODUTOS
FESTINHA PRODUTOS PARA FESTAS LTDA;TELEVENDAS - DA TERRINHA;5197713000100;FESTINHA PRODUTOS
FESTINHA PRODUTOS PARA FESTAS LTDA;TELEVENDAS - DA TERRINHA;5197713000100;FESTINHA PRODUTOS
FESTINHA PRODUTOS PARA FESTAS LTDA;TELEVENDAS - DA TERRINHA;5197713000100;FESTINHA PRODUTOS
FESTINHA PRODUTOS PARA FESTAS LTDA;TELEVENDAS - DA TERRINHA;5197713000100;FESTINHA PRODUTOS
MUZZETTI DOCES E FESTAS EIRELI - EPP;TELEVENDAS - DA TERRINHA;26493220000198;FESTINHA PRODUTOS
MUZZETTI DOCES E FESTAS EIRELI - EPP;TELEVENDAS - DA TERRINHA;26493220000198;FESTINHA PRODUTOS
MUZZETTI DOCES E FESTAS EIRELI - EPP;TELEVENDAS - DA TERRINHA;26493220000198;FESTINHA PRODUTOS
BENEFIT COMERCIO E EXPORTACAO DE ALIMENTOS LTDA.;CARLOS FERREIRA;6928877000123;MAXIMO BENEFICIOS
BENEFIT COMERCIO E EXPORTACAO DE ALIMENTOS LTDA.;CARLOS FERREIRA;6928877000123;MAXIMO BENEFICIOS
BENEFIT COMERCIO E EXPORTACAO DE ALIMENTOS LTDA.;CARLOS FERREIRA;6928877000123;MAXIMO BENEFICIOS
SUP PIRACICABA - C VIEIRA ATACADISTA DE ALIMENTOS LTDA;JOSE RICARDO FERNANDES;28220060000139;PIRACICABA - SOMAR
SM MINI MERCADO MANANCIAL LTDA - ME;FRANCISCO ANACLETO;14720399000190;SUPERMERCADO MANANCIAL
DOMICILI INDUSTRIA E COMERCIO DE ALIMENTOS LTDA;CLAUDIO AKIO SOGA;2668458000149;DOMICILI
DOMICILI INDUSTRIA E COMERCIO DE ALIMENTOS LTDA;CLAUDIO AKIO SOGA;2668458000149;DOMICILI
DOMICILI INDUSTRIA E COMERCIO DE ALIMENTOS LTDA;CLAUDIO AKIO SOGA;2668458000149;DOMICILI
DOMICILI INDUSTRIA E COMERCIO DE ALIMENTOS LTDA;CLAUDIO AKIO SOGA;2668458000149;DOMICILI
DOMICILI INDUSTRIA E COMERCIO DE ALIMENTOS LTDA;CLAUDIO AKIO SOGA;2668458000149;DOMICILI
DOMICILI INDUSTRIA E COMERCIO DE ALIMENTOS LTDA;CLAUDIO AKIO SOGA;2668458000149;DOMICILI
MINI MERCADO NASKIVA LTDA - ME;JOSE ARTENCIO;9039407000105;NASKIVA
MERCEARIA E SACOLAO PROGRESSO EIRELI - EPP;JOSE ARTENCIO;26759868000163;PROGRESSO
KACOTE - C. ANALIA SUPERMERCADO LTDA - ME;CARLOS FERREIRA;12038869000104;KACOTE
KACOTE - C. ANALIA SUPERMERCADO LTDA - ME;CARLOS FERREIRA;12038869000104;KACOTE
MONIKE CRISTINA MARTINS TEIXEIRA - ME;JOSE ARTENCIO;9225489000174;MONIKE CRISTINA MARTINS
DELICIA NATURAL EMPORIO E RESTAURANTE LTDA  - ME;JOSE ARTENCIO;51664522000129;DELICIA NATURAL
GM NUTRITION - A A PIOVESAN MATIAZI;TELEVENDAS - DA TERRINHA;21433548000103;GM NUTRITION
GM NUTRITION - A A PIOVESAN MATIAZI;TELEVENDAS - DA TERRINHA;21433548000103;GM NUTRITION
GM NUTRITION - A A PIOVESAN MATIAZI;TELEVENDAS - DA TERRINHA;21433548000103;GM NUTRITION
GM NUTRITION - A A PIOVESAN MATIAZI;TELEVENDAS - DA TERRINHA;21433548000103;GM NUTRITION
MERCADO KAIROS - CARMEM GONCALVES BATISTA - ME;KELVIN;9262126000109;KAIROS
PANIFICADORA E CONFEITARIA PANETELLI LTDA;FORTUNATO SALVALAGGIO;3848141000157;PANETELLI
PANIFICADORA E CONFEITARIA PANETELLI LTDA;FORTUNATO SALVALAGGIO;3848141000157;PANETELLI
PANIFICADORA E CONFEITARIA PANETELLI LTDA;FORTUNATO SALVALAGGIO;3848141000157;PANETELLI
PANIFICADORA E CONFEITARIA PANETELLI LTDA;FORTUNATO SALVALAGGIO;3848141000157;PANETELLI
PANIFICADORA E CONFEITARIA PANETELLI LTDA;FORTUNATO SALVALAGGIO;3848141000157;PANETELLI
GERMANS DISTRIBUIDORA DE COMESTIVEISLTDA;MILTON JUNIOR;31210180001565;CAMPEAO
REDE VAREJAO - CARIOCA 06 HORTIFRUTI JARDIM BOTANICO LTDA;MILTON JUNIOR;28709161000178;REDE VAREJAO - JARDIM BOTANICO
ASSAI - SENDAS DISTRIBUIDORA S/A - 165;FERNANDO VOLTERO;6057223036524;ASSAI - SP LOJAS
ASSAI - SENDAS DISTRIBUIDORA S/A - 165;FERNANDO VOLTERO;6057223036524;ASSAI - SP LOJAS
ASSAI - SENDAS DISTRIBUIDORA S/A - 165;FERNANDO VOLTERO;6057223036524;ASSAI - SP LOJAS
HORTIFRUTI MARGARIDA LTDA.;JOSE ARTENCIO;20516262000110;MARGARIDA
HORTIFRUTI MARGARIDA LTDA.;JOSE ARTENCIO;20516262000110;MARGARIDA
AQUARIUS RESTAURANTE E EVENTOS LTDA;TELEVENDAS - DA TERRINHA;27690697000126;AQUARIUS
AQUARIUS RESTAURANTE E EVENTOS LTDA;TELEVENDAS - DA TERRINHA;27690697000126;AQUARIUS
AQUARIUS RESTAURANTE E EVENTOS LTDA;TELEVENDAS - DA TERRINHA;27690697000126;AQUARIUS
REDE DE DISTRIBUICAO ZEFERINO LTDA;OSNEY RICARDO;67228536000997;REDE DE DISTRIBUIÇÃO ZEFERINO
BENJAMIN - I.B. CAFE LTDA - VILA CLEMENTINO;TELEVENDAS - DA TERRINHA;4914102001145;BENJAMIN
BENJAMIN - I.B. CAFE LTDA - VILA CLEMENTINO;TELEVENDAS - DA TERRINHA;4914102001145;BENJAMIN
BENJAMIN - I.B. CAFE LTDA - VILA CLEMENTINO;TELEVENDAS - DA TERRINHA;4914102001145;BENJAMIN
BENJAMIN - I.B. CAFE LTDA - VILA CLEMENTINO;TELEVENDAS - DA TERRINHA;4914102001145;BENJAMIN
TAP NYC LLC;ANDERSON MISUMI;;TAP NYC
TAP NYC LLC;FERNANDO ARRUDA;;TAP NYC
J.W. PANIFICADORA E CONFEITARIA EIRELI - ME;JOSE ARTENCIO;2,74481E+13;J W
REDE DE DISTRIBUICAO ZEFERINO LTDA - ARARAS;OSNEY RICARDO;6,72285E+13;REDE DE DISTRIBUIÇÃO ZEFERINO
COMERCIAL MARUKAI LTDA;JOSE ARTENCIO;3,01951E+12;MARUKAI
MERCADO CENTRAL DA PONTE ALTA LTDA;FLAVIA SIQUEIRA;3,68038E+12;CENTRAL DA PONTE ALTA
GUI BOX MERCADO LTDA;CARLOS FERREIRA;2,71601E+13;GUI BOX
GUI BOX MERCADO LTDA;CARLOS FERREIRA;2,71601E+13;GUI BOX
RK - VENCEDOR COMERCIAL E IMPORTADORA S.A. - 104;CRISTIANE LIMA;1,5597E+13;RICOY
RK - VENCEDOR COMERCIAL E IMPORTADORA S.A. - 104;MARIO MIZUKA;1,5597E+13;RICOY
RK - VENCEDOR COMERCIAL E IMPORTADORA S.A. - 104;TARCISO SILVA;1,5597E+13;RICOY
RK - VENCEDOR COMERCIAL E IMPORTADORA S.A. - 104;DECIO FERRAZ JUNIOR;1,5597E+13;RICOY
IRMAOS BOA LTDA - 12;EDSON MALAGUTTI;5,09484E+13;IRMAOS BOA
SUPERMERCADO J J III SOUZA E SIMOES EIRELI - 03;TELEVENDAS - DA TERRINHA;2,89399E+13;MERCADO JJ
SUPERMERCADO J J III SOUZA E SIMOES EIRELI - 03;TELEVENDAS - DA TERRINHA;2,89399E+13;MERCADO JJ
AUTO SERVICOS GRAND-PRIX LTDA;JOSE ARTENCIO;4,37209E+13;AUTO SERVICOS GRAND-PRIX
SHIBATA COMERCIO E ATACADO DE PRODUTOS EM GERAL LTDA - SUZAN;EDMILSON - 02;2,02765E+13;SHIBATA
SHIBATA COMERCIO E ATACADO DE PRODUTOS EM GERAL LTDA - SUZAN;EDMILSON - 02;2,02765E+13;SHIBATA
SHIBATA COMERCIO E ATACADO DE PRODUTOS EM GERAL LTDA - SUZAN;EDMILSON - 02;2,02765E+13;SHIBATA
ARMAZEM DA FRUTA- L. M. CALDEIRA HORTIFRUTI GRANJEIROS;JOSE SOARES;1,19153E+13;ARMAZEM DA FRUTA
ARMAZEM DA FRUTA- L. M. CALDEIRA HORTIFRUTI GRANJEIROS;JOSE SOARES;1,19153E+13;ARMAZEM DA FRUTA
ARMAZEM DA FRUTA- L. M. CALDEIRA HORTIFRUTI GRANJEIROS;JOSE SOARES;1,19153E+13;ARMAZEM DA FRUTA
ARMAZEM DA FRUTA- L. M. CALDEIRA HORTIFRUTI GRANJEIROS;JOSE SOARES;1,19153E+13;ARMAZEM DA FRUTA
ARMAZEM DA FRUTA- L. M. CALDEIRA HORTIFRUTI GRANJEIROS;JOSE SOARES;1,19153E+13;ARMAZEM DA FRUTA
SUPERMERCADO DA PRACA - LOJA 01;LEONARDO VINICIUS;1,37458E+13;DA PRACA
DA PRACA LOJA 04 - SUPERMERCADO HELIOPOLIS LTDA;LEONARDO VINICIUS;1,31578E+13;DA PRACA
AMORA - WCA SUPERMERCADO LTDA;INES MARTIN;1,9371E+13;WCA - AMORA
H.M.F. SUPERMERCADOS LTDA;ERICK MOREIRA;1,02586E+13;BOIZAO
H.M.F. SUPERMERCADOS LTDA;ERICK MOREIRA;1,02586E+13;BOIZAO
H.M.F. SUPERMERCADOS LTDA;ERICK MOREIRA;1,02586E+13;BOIZAO
H.M.F. SUPERMERCADOS LTDA;ERICK MOREIRA;1,02586E+13;BOIZAO
H.M.F. SUPERMERCADOS LTDA;ERICK MOREIRA;1,02586E+13;BOIZAO
CLAUDIO FERNANDES ALFANO GRAN CAFE LTDA  - ME;FLAVIA SIQUEIRA;7,74617E+12;GRAO ESPRESSO - CLAUDIO FERNANDES
CLAUDIO FERNANDES ALFANO GRAN CAFE LTDA  - ME;FLAVIA SIQUEIRA;7,74617E+12;GRAO ESPRESSO - CLAUDIO FERNANDES
CLAUDIO FERNANDES ALFANO GRAN CAFE LTDA  - ME;FLAVIA SIQUEIRA;7,74617E+12;GRAO ESPRESSO - CLAUDIO FERNANDES
PADARIA CINCINATO PAES DOCES E CONVENIENCIAS LTDA - EPP;TELEVENDAS - DA TERRINHA;3,00107E+12;CINCINATO PAES E DOCES
NICOLAU CARLOS ETEROVIC & CIA LTDA;CARLOS FERREIRA;3,30873E+11;DO NICOLAU
NICOLAU CARLOS ETEROVIC & CIA LTDA;CARLOS FERREIRA;3,30873E+11;DO NICOLAU
SUMERBOL SUPERMERCADOS LTDA;EDSON MALAGUTTI;4,58024E+13;SUMERBOL
SUMERBOL SUPERMERCADOS LTDA;EDSON MALAGUTTI;4,58024E+13;SUMERBOL
SUMERBOL SUPERMERCADOS LTDA;EDSON MALAGUTTI;4,58024E+13;SUMERBOL
COMERCIAL DIAS SUPERMERCADO LTDA;TELEVENDAS - DA TERRINHA;2,67692E+13;KAIROS - JACAREI
COMERCIAL DIAS SUPERMERCADO LTDA;TELEVENDAS - DA TERRINHA;2,67692E+13;KAIROS - JACAREI
SUPERMERCADO PAIVA & SOUSA LTDA;TELEVENDAS - DA TERRINHA;1,73542E+13;MERCADO FAMILIA
SUPERMERCADO PAIVA & SOUSA LTDA;TELEVENDAS - DA TERRINHA;1,73542E+13;MERCADO FAMILIA
MERCADINHO NEVES SEMPRE COM VOCE LTDA - ME;THIAGO BELOMI;1,04609E+13;NEVES
MERCADINHO NEVES SEMPRE COM VOCE LTDA - ME;THIAGO BELOMI;1,04609E+13;NEVES
SUPERMERCADO MANDARIM LTDA;TELEVENDAS - DA TERRINHA;1,10827E+13;MANDARIM
C. PAULISTA HORTIFRUTI LTDA;TELEVENDAS - DA TERRINHA;9,34134E+12;JUNIEL
C. PAULISTA HORTIFRUTI LTDA;TELEVENDAS - DA TERRINHA;9,34134E+12;JUNIEL
GULLA BRASIL - SAMIA FAZANARO MEIRELLES 01042723761;TELEVENDAS - DA TERRINHA;2,35664E+13;GULLA BRASIL
GULLA BRASIL - SAMIA FAZANARO MEIRELLES 01042723761;TELEVENDAS - DA TERRINHA;2,35664E+13;GULLA BRASIL
MAX DIVINO ACAI E CAFE - JOAO PAULO ABEL DE LIMA - EPP;ANDREZA LOPES ALVES - V;2,90258E+13;MAX DIVINO
MAX DIVINO ACAI E CAFE - JOAO PAULO ABEL DE LIMA - EPP;LEIA;2,90258E+13;MAX DIVINO
MERCADINHO WASHINGTON LTDA - ME;JOSE ARTENCIO;1,19087E+13;WASHINGTON
PANIFICADORA SOL LIMITADA - EPP;INES MARTIN;6,12237E+13;PADARIA SOL
PANIFICADORA SOL LIMITADA - EPP;INES MARTIN;6,12237E+13;PADARIA SOL
PANIFICADORA SOL LIMITADA - EPP;INES MARTIN;6,12237E+13;PADARIA SOL
PANIFICADORA SOL LIMITADA - EPP;INES MARTIN;6,12237E+13;PADARIA SOL
PANIFICADORA SOL LIMITADA - EPP;INES MARTIN;6,12237E+13;PADARIA SOL
IRMAOS BOA LTDA - 13;EDSON MALAGUTTI;5,09484E+13;IRMAOS BOA
VIVIAM DA SILVA VIEIRA PINHEIRO HORTIFRUTI - ME;JOSE ARTENCIO;9,49072E+12;GRANJEIRO VILA CISPER
EMPORIO COMENIUS EIRELI - EPP;ERICK MOREIRA;1,43049E+13;WRGG ROCHA COMERCIAL
EMPORIO COMENIUS EIRELI - EPP;ERICK MOREIRA;1,43049E+13;WRGG ROCHA COMERCIAL
EMPORIO COMENIUS EIRELI - EPP;ERICK MOREIRA;1,43049E+13;WRGG ROCHA COMERCIAL
CASA BRANCA DO MORUMBI PAES E DOCES LTDA - EPP;TELEVENDAS - DA TERRINHA;5,44241E+13;CASA BRANCA
CASA BRANCA DO MORUMBI PAES E DOCES LTDA - EPP;TELEVENDAS - DA TERRINHA;5,44241E+13;CASA BRANCA
CASA BRANCA DO MORUMBI PAES E DOCES LTDA - EPP;TELEVENDAS - DA TERRINHA;5,44241E+13;CASA BRANCA
HORTIFRUTI VERDI FRUTI LTDA;TELEVENDAS - DA TERRINHA;2,87798E+13;VERDI FRUTI
HORTIFRUTI VERDI FRUTI LTDA;TELEVENDAS - DA TERRINHA;2,87798E+13;VERDI FRUTI
HORTIFRUTI VERDI FRUTI LTDA;TELEVENDAS - DA TERRINHA;2,87798E+13;VERDI FRUTI
NATURAL CLICK COMERCIO VAREJISTA DE MERCADORIAS EM GERAL EIR;TELEVENDAS - DA TERRINHA;1,95843E+13;ALDEIA
ECONOMIA - EMANUEL COMERCIO DE GENEROS ALIMENTICIOS LTDA;MILTON JUNIOR;1,07482E+13;ECONOMIA
SUPERMERCADO DA PRACA ARACOIABA LTDA;LEONARDO VINICIUS;2,01822E+13;DA PRACA
SUCOS DO BRASIL PRODUCTOS LATINO GMBH;FERNANDO ARRUDA;;SUCOS DO BRASIL
SUCOS DO BRASIL PRODUCTOS LATINO GMBH;FERNANDO ARRUDA;;SUCOS DO BRASIL
SUCOS DO BRASIL PRODUCTOS LATINO GMBH;FERNANDO ARRUDA;;SUCOS DO BRASIL
MILLAR IMPORTACAO E EXPORTACAO LTDA-ES;VENDEDOR INTERNO;4,33116E+12;MILLAR
MILLAR IMPORTACAO E EXPORTACAO LTDA-ES;VENDEDOR INTERNO;4,33116E+12;MILLAR
MILLAR IMPORTACAO E EXPORTACAO LTDA-ES;VENDEDOR INTERNO;4,33116E+12;MILLAR
MILLAR IMPORTACAO E EXPORTACAO LTDA-ES;VENDEDOR INTERNO;4,33116E+12;MILLAR
MILLAR IMPORTACAO E EXPORTACAO LTDA-ES;VENDEDOR INTERNO;4,33116E+12;MILLAR
MILLAR IMPORTACAO E EXPORTACAO LTDA-ES;VENDEDOR INTERNO;4,33116E+12;MILLAR
CALVO COMERCIAL IMPORTACAO E EXPORTACAO LTDA - GUARULHOS;JOSE ARTENCIO;6,40071E+11;CALVO GUARULHOS
CALVO COMERCIAL IMPORTACAO E EXPORTACAO LTDA - GUARULHOS;JOSE ARTENCIO;6,40071E+11;CALVO GUARULHOS
CALVO COMERCIAL IMPORTACAO E EXPORTACAO LTDA - GUARULHOS;JOSE ARTENCIO;6,40071E+11;CALVO GUARULHOS
CALVO COMERCIAL IMPORTACAO E EXPORTACAO LTDA - GUARULHOS;JOSE ARTENCIO;6,40071E+11;CALVO GUARULHOS
MERCADO DOS DOCES VILA FORMOSA COMERCIAL LTDA;FLAVIA SIQUEIRA;1,02511E+13;MANOS DOCES
MERCADO DOS DOCES VILA FORMOSA COMERCIAL LTDA;FLAVIA SIQUEIRA;1,02511E+13;MANOS DOCES
ITAMAMBUCA COMERCIO DE ALIMENTOS LTDA - CD;JULIANA RIBEIRA;8,27157E+12;ITAMAMBUCA
PALETAS - SILVIO ROMERO PALETAS LTDA - ME;FLAVIA SIQUEIRA;2,15879E+13;PALETAS
ROYAL GOURMET LTDA;INES MARTIN;2,27789E+12;ROYAL GOURMET
ROYAL GOURMET LTDA;INES MARTIN;2,27789E+12;ROYAL GOURMET
ROYAL GOURMET LTDA;INES MARTIN;2,27789E+12;ROYAL GOURMET
COMPRE MAIS SUPERMERCADO EIRELI - ME;CLAUDIO AKIO SOGA;2,26177E+13;COMPRE MAIS
COMPRE MAIS SUPERMERCADO EIRELI - ME;CLAUDIO AKIO SOGA;2,26177E+13;COMPRE MAIS
CASA DE CARNE 3 IRMAOS NOGUEIRA LTDA - ME;TARCISO SILVA;1,81483E+13;CASA DE CARNE 3 IRMAOS
SUPERMERCADO BRJ LTDA;JOAO DE SOUZA;1,73502E+13;RIO VERMELHO
SUPERMERCADO BRJ LTDA;JOAO DE SOUZA;1,73502E+13;RIO VERMELHO
SUPERMERCADO BRJ LTDA;JOAO DE SOUZA;1,73502E+13;RIO VERMELHO
SUPERMERCADO BRJ LTDA;JOAO DE SOUZA;1,73502E+13;RIO VERMELHO
SUPERMERCADO BRJ LTDA;JOAO DE SOUZA;1,73502E+13;RIO VERMELHO
SUPERMERCADO REZENDE & RAMOS LTDA;MARCELO DOS SANTOS;1,17302E+13;REZENDE  RAMOS
MERCADINHO LAR SERVICE LTDA.;ALEXANDRE VIANA;5,94218E+13;LAR SERVICE
SUPERMERCADO IBIRAPUERA LTDA;OSNEY RICARDO;4,78271E+12;IBIRAPUERA
SUPERMERCADO IBIRAPUERA LTDA;OSNEY RICARDO;4,78271E+12;IBIRAPUERA
SUPERMERCADO IBIRAPUERA LTDA;OSNEY RICARDO;4,78271E+12;IBIRAPUERA
S.G DRUZIAN ALIMENTOS - ME;SERGIO ROSATI;9,4864E+12;COLINAS
MERCADAO DE CARNES E TREINAMENTOS NOVILHAO DE BARUERI LTDA;INES MARTIN;1,03178E+13;D&R (NOVILHAO- PARISIENNE - NOVO BOI - BONZAI)
MERCADAO DE CARNES E TREINAMENTOS NOVILHAO DE BARUERI LTDA;INES MARTIN;1,03178E+13;D&R (NOVILHAO- PARISIENNE - NOVO BOI - BONZAI)
COMERCIAL MOURA DE JARINU LTDA;FRANCISCO ANACLETO;4,66515E+13;MOURA
CONVEM SUPERMERCADOS DE BRAGANCA LTDA.;RENATO SANTO MICHELMANN;2,02489E+13;CONVEM SUPERMERCADOS
ECBIM SUPERMERCADOS LTDA;VALTER AMARAL MACHADO;2,71461E+12;HORTIFRUTI ORIENTE
ECBIM SUPERMERCADOS LTDA;VALTER AMARAL MACHADO;2,71461E+12;HORTIFRUTI ORIENTE
ECBIM SUPERMERCADOS LTDA;VALTER AMARAL MACHADO;2,71461E+12;HORTIFRUTI ORIENTE
FERNANDA FILOMENA MASSARO RIBEIRO LTDA;CRISTIANE SEDENHO;2,03649E+13;EMPORIO MASSARO
SUPERMERCADO IBIRAPUERA LTDA;OSNEY RICARDO;4,78271E+12;IBIRAPUERA
SUPERMERCADO IBIRAPUERA LTDA;OSNEY RICARDO;4,78271E+12;IBIRAPUERA
SUPERMERCADO IBIRAPUERA LTDA;OSNEY RICARDO;4,78271E+12;IBIRAPUERA
SUPERMERCADO IBIRAPUERA LTDA;OSNEY RICARDO;4,78271E+12;IBIRAPUERA
SUPERMERCADO JPL LTDA;WILSON PEREIRA;9,33661E+12;SUPERMERCADO JPL
SUPERMERCADO MAXIMO DE UBATUBA LTDA;RAPHAEL COUTINHO ESPINDOLA;4,81497E+12;SUP MAXIMO
UNISUPER  UNIAO SUPERMERCADO LTDA;RENATO SANTO MICHELMANN;7,29955E+13;SUPERMERCADO UNIAO
UNISUPER  UNIAO SUPERMERCADO LTDA;RENATO SANTO MICHELMANN;7,29955E+13;SUPERMERCADO UNIAO
UNISUPER  UNIAO SUPERMERCADO LTDA;RENATO SANTO MICHELMANN;7,29955E+13;SUPERMERCADO UNIAO
UNISUPER UNIAO SUPERMERCADO LTDA;RENATO SANTO MICHELMANN;7,29955E+13;SUPERMERCADO UNIAO
UNISUPER UNIAO SUPERMERCADO LTDA;RENATO SANTO MICHELMANN;7,29955E+13;SUPERMERCADO UNIAO
UNISUPER UNIAO SUPERMERCADO LTDA;RENATO SANTO MICHELMANN;7,29955E+13;SUPERMERCADO UNIAO
UNISUPER UNIAO SUPERMERCADO LTDA;RENATO SANTO MICHELMANN;7,29955E+13;SUPERMERCADO UNIAO
UNISUPER UNIAO SUPERMERCADO LTDA;RENATO SANTO MICHELMANN;7,29955E+13;SUPERMERCADO UNIAO
UNISUPER UNIÃO SUPERMERCADO LTDA;RENATO SANTO MICHELMANN;7,29955E+13;SUPERMERCADO UNIAO
UNISUPER UNIÃO SUPERMERCADO LTDA;RENATO SANTO MICHELMANN;7,29955E+13;SUPERMERCADO UNIAO
UNISUPER UNIÃO SUPERMERCADO LTDA;RENATO SANTO MICHELMANN;7,29955E+13;SUPERMERCADO UNIAO
UNISUPER UNIÃO SUPERMERCADO LTDA;RENATO SANTO MICHELMANN;7,29955E+13;SUPERMERCADO UNIAO
UNISUPER UNIÃO SUPERMERCADO LTDA;RENATO SANTO MICHELMANN;7,29955E+13;SUPERMERCADO UNIAO
UNISUPER UNIÃO SUPERMERCADO LTDA;RENATO SANTO MICHELMANN;7,29955E+13;SUPERMERCADO UNIAO
UNISUPER UNIÃO SUPERMERCADOS LTDA;RENATO SANTO MICHELMANN;7,29955E+13;SUPERMERCADO UNIAO
UNISUPER UNIÃO SUPERMERCADOS LTDA;RENATO SANTO MICHELMANN;7,29955E+13;SUPERMERCADO UNIAO
UNISUPER UNIÃO SUPERMERCADOS LTDA;RENATO SANTO MICHELMANN;7,29955E+13;SUPERMERCADO UNIAO
UNISUPER UNIÃO SUPERMERCADOS LTDA;RENATO SANTO MICHELMANN;7,29955E+13;SUPERMERCADO UNIAO
UNISUPER UNIÃO SUPERMERCADOS LTDA;RENATO SANTO MICHELMANN;7,29955E+13;SUPERMERCADO UNIAO
UNISUPER UNIÃO SUPERMERCADOS LTDA;RENATO SANTO MICHELMANN;7,29955E+13;SUPERMERCADO UNIAO
WWW DISTRIBUIDORA E IMPORTADORA LTDA;RENATO SANTO MICHELMANN;9,16561E+12;BIG
WWW DISTRIBUIDORA E IMPORTADORA LTDA;RENATO SANTO MICHELMANN;9,16561E+12;BIG
WWW DISTRIBUIDORA E IMPORTADORA LTDA;RENATO SANTO MICHELMANN;9,16561E+12;BIG
MERCADAO DE CARNES NOVILHAO LTDA;J.E - DA ALICLEO REPRESENTACOES;8,17047E+12;NOVILHAO
MERCADAO DE CARNES NOVILHAO LTDA;INES MARTIN;8,17047E+12;D&R (NOVILHAO- PARISIENNE - NOVO BOI - BONZAI)
MERCADAO DE CARNES NOVILHAO LTDA;J.E - DA ALICLEO REPRESENTACOES;8,17047E+12;NOVILHAO
MERCADAO DE CARNES NOVILHAO LTDA;JOSE ARTENCIO - VF;8,17047E+12;NOVILHAO
MERCADAO DE CARNES NOVILHAO LTDA;JOSE ARTENCIO;8,17047E+12;NOVILHAO
MERCADAO DE CARNES NOVILHAO LTDA;J.E - DA ALICLEO REPRESENTACOES;8,17047E+12;NOVILHAO
MERCADAO DE CARNES NOVILHAO LTDA;J.E - DA ALICLEO REPRESENTACOES;8,17047E+12;NOVILHAO
MERCADAO DE CARNES NOVILHAO LTDA;INES MARTIN;8,17047E+12;D&R (NOVILHAO- PARISIENNE - NOVO BOI - BONZAI)
LAR DO QUEIJO LTDA;ROBERTO HIROSHI SOGA;6,1559E+13;LAR DO QUEIJO  EOO
LAR DO QUEIJO LTDA;ROBERTO HIROSHI SOGA;6,1559E+13;LAR DO QUEIJO  EOO
LAR DO QUEIJO LTDA;ROBERTO HIROSHI SOGA;6,1559E+13;LAR DO QUEIJO  EOO
MERCADINHO MARYNERES LTDA - ME;CARLOS FERREIRA;1,39546E+13;MARYNERES
MERCADINHO MARYNERES LTDA - ME;CARLOS FERREIRA;1,39546E+13;MARYNERES
MERCADINHO MARYNERES LTDA - ME;CARLOS FERREIRA;1,39546E+13;MARYNERES
MERCADINHO ORIENTAL LTDA;ROBERTO HIROSHI SOGA;2,20762E+13;ORIENTAL
COVIN AG;FERNANDO ARRUDA;;COVIN AG
COVIN AG;FERNANDO ARRUDA;;COVIN AG
MERCADINHO REAL EIRELI;ERICK MOREIRA;3,03861E+13;MERCADINHO REAL
MERCADINHO REAL EIRELI;ERICK MOREIRA;3,03861E+13;MERCADINHO REAL
MERCADINHO REAL EIRELI;ERICK MOREIRA;3,03861E+13;MERCADINHO REAL
MERCADINHO REAL EIRELI;ERICK MOREIRA;3,03861E+13;MERCADINHO REAL
GIGA BR DISTRIBUIDOR E ATACADISTA LTDA;FERNANDO VOLTERO;1,01948E+13;CENCOSUD - GIGA
DV BARROS MERCEARIA EIRELI;EDMILSON NUNES;6,28053E+12;MERCADO TIO JOAO
DV BARROS MERCEARIA EIRELI;FELIPE MEIRELES;6,28053E+12;MERCADO TIO JOAO
JMRB ADEGA E CONVENIENCIA LTDA  - ME;TELEVENDAS - DA TERRINHA;1,3415E+13;POINT DA CERVEJA
DVA ATACADOS EIRELI;EDMILSON NUNES;1,85478E+13;DVA ATACADO
DVA ATACADOS EIRELI;EDMILSON NUNES;1,85478E+13;DVA ATACADO
DVA ATACADOS EIRELI;EDMILSON NUNES;1,85478E+13;DVA ATACADO
MERCADINHO R.S. VIEIRA LTDA - ME;JOSE ARTENCIO;1,18847E+12;MERCADINHO R.S VIEIRA
JL ALIMENTOS EIRELI - ME;ERICK MOREIRA;2,71536E+13;JUNIOR CARNES
BISTRO DA CIDADE RESTAURANTE LTDA;TELEVENDAS - DA TERRINHA;1,86868E+13;BISTRO DA CIDADE
BISTRO DA CIDADE RESTAURANTE LTDA;LEIA;1,86868E+13;BISTRO DA CIDADE
BISTRO DA CIDADE RESTAURANTE LTDA;DANIELLY SOUZA;1,86868E+13;BISTRO DA CIDADE
JL ALIMENTOS EIRELI - ME;ERICK MOREIRA;2,71536E+13;JUNIOR CARNES
OLIVEIRA ALIMENTOS LTDA;ERICK MOREIRA;2,78994E+13;JUNIOR CARNES
CAMPOS COMERCIO DE ALIMENTOS E REPRESENTACAO LTDA;TELEVENDAS - DA TERRINHA;1,9631E+13;EMPORIO TERRA
CAMPOS COMERCIO DE ALIMENTOS E REPRESENTACAO LTDA;TELEVENDAS - DA TERRINHA;1,9631E+13;EMPORIO TERRA
NOVA SKINA CARNES E ROTISSERIE LTDA;JOSE ARTENCIO;2,08356E+13;NOVA SKINA
SUPERMERCADO NELSINHO LTDA;GUSTAVO BARROS NUNES - VEND;3,80937E+11;NELSINHO SUPERMERCADO
SUPERMERCADO NELSINHO LTDA;GUSTAVO BARROS NUNES - VEND;3,80937E+11;NELSINHO SUPERMERCADO
MARIA APARECIDA DO CARMO SILVA 12722358824;JOSE ARTENCIO;2,98186E+13;HORTIFRUTI SABOR DA TERRA
PRACA DE ALIMENTACAO VILA FELIZ LTDA;JOSE ARTENCIO;6,94432E+12;PRAÇA DE ALIMENTACAO VILA FELIZ
IRMAOS ANDREAZZA LTDA.;ALESSANDRO CANDIAGO;1,13248E+12;IRMAOS ANDREAZZA -  LOJAS
IRMAOS ANDREAZZA LTDA.;ALESSANDRO CANDIAGO;1,13248E+12;IRMAOS ANDREAZZA -  LOJAS
IRMAOS ANDREAZZA LTDA;ALESSANDRO CANDIAGO;1,13248E+12;IRMAOS ANDREAZZA -  LOJAS
IRMAOS ANDREAZZA LTDA;ALESSANDRO CANDIAGO;1,13248E+12;IRMAOS ANDREAZZA -  LOJAS
IRMAOS ANDREAZZA LTDA;ALESSANDRO CANDIAGO;1,13248E+12;IRMAOS ANDREAZZA -  LOJAS
IRMAOS ANDREAZZA LTDA;ALESSANDRO CANDIAGO;1,13248E+12;IRMAOS ANDREAZZA -  LOJAS
IRMAOS ANDREAZZA LTDA;ALESSANDRO CANDIAGO;1,13248E+12;IRMAOS ANDREAZZA -  LOJAS
IRMAOS ANDREAZZA LTDA;ALESSANDRO CANDIAGO;1,13248E+12;IRMAOS ANDREAZZA -  LOJAS
IRMAOS ANDREAZZA LTDA;ALESSANDRO CANDIAGO;1,13248E+12;IRMAOS ANDREAZZA -  LOJAS
IRMAOS ANDREAZZA LTDA;ALESSANDRO CANDIAGO;1,13248E+12;IRMAOS ANDREAZZA -  LOJAS
IRMAOS ANDREAZZA LTDA;ALESSANDRO CANDIAGO;1,13248E+12;IRMAOS ANDREAZZA -  LOJAS
IRMAOS ANDREAZZA LTDA;JOSUE EVANGELISTA;1,13248E+12;IRMAOS ANDREAZZA -  LOJAS
IRMAOS ANDREAZZA LTDA;ALESSANDRO CANDIAGO;1,13248E+12;IRMAOS ANDREAZZA -  LOJAS
IRMAOS ANDREAZZA LTDA;ALESSANDRO CANDIAGO;1,13248E+12;IRMAOS ANDREAZZA -  LOJAS
IRMAOS ANDREAZZA LTDA;ALESSANDRO CANDIAGO;1,13248E+12;IRMAOS ANDREAZZA -  LOJAS
IRMAOS ANDREAZZA LTDA;ALESSANDRO CANDIAGO;1,13248E+12;IRMAOS ANDREAZZA -  LOJAS
IRMAOS ANDREAZZA LTDA;ALESSANDRO CANDIAGO;1,13248E+12;IRMAOS ANDREAZZA -  LOJAS
IRMAOS ANDREAZZA LTDA;ALESSANDRO CANDIAGO;1,13248E+12;IRMAOS ANDREAZZA -  LOJAS
IRMAOS ANDREAZZA LTDA;ALESSANDRO CANDIAGO;1,13248E+12;IRMAOS ANDREAZZA -  LOJAS
IRMAOS ANDREAZZA LTDA;ALESSANDRO CANDIAGO;1,13248E+12;IRMAOS ANDREAZZA -  LOJAS
IRMAOS ANDREAZZA LTDA;ALESSANDRO CANDIAGO;1,13248E+12;IRMAOS ANDREAZZA -  LOJAS
IRMAOS ANDREAZZA LTDA;ALESSANDRO CANDIAGO;1,13248E+12;IRMAOS ANDREAZZA -  LOJAS
IRMAOS ANDREAZZA LTDA;ALESSANDRO CANDIAGO;1,13248E+12;IRMAOS ANDREAZZA -  LOJAS
IRMAOS ANDREAZZA LTDA;ALESSANDRO CANDIAGO;1,13248E+12;IRMAOS ANDREAZZA -  LOJAS
IRMAOS ANDREAZZA LTDA;ALESSANDRO CANDIAGO;1,13248E+12;IRMAOS ANDREAZZA -  LOJAS
IRMAOS ANDREAZZA LTDA;ALESSANDRO CANDIAGO;1,13248E+12;IRMAOS ANDREAZZA -  LOJAS
IRMAOS ANDREAZZA LTDA;ALESSANDRO CANDIAGO;1,13248E+12;IRMAOS ANDREAZZA -  LOJAS
IRMAOS ANDREAZZA LTDA;ALESSANDRO CANDIAGO;1,13248E+12;IRMAOS ANDREAZZA -  LOJAS
IRMAOS ANDREAZZA LTDA;ALESSANDRO CANDIAGO;1,13248E+12;IRMAOS ANDREAZZA -  LOJAS
IRMAOS ANDREAZZA LTDA;ALESSANDRO CANDIAGO;1,13248E+12;IRMAOS ANDREAZZA -  LOJAS
IRMAOS ANDREAZZA LTDA;ALESSANDRO CANDIAGO;1,13248E+12;IRMAOS ANDREAZZA -  LOJAS
IRMAOS ANDREAZZA LTDA;ALESSANDRO CANDIAGO;1,13248E+12;IRMAOS ANDREAZZA -  LOJAS
IRMAOS ANDREAZZA LTDA;ALESSANDRO CANDIAGO;1,13248E+12;IRMAOS ANDREAZZA -  LOJAS
IRMAOS ANDREAZZA LTDA;ALESSANDRO CANDIAGO;1,13248E+12;IRMAOS ANDREAZZA -  LOJAS
IRMAOS ANDREAZZA LTDA;ALESSANDRO CANDIAGO;1,13248E+12;IRMAOS ANDREAZZA -  LOJAS
IRMAOS ANDREAZZA LTDA;ALESSANDRO CANDIAGO;1,13248E+12;IRMAOS ANDREAZZA -  LOJAS
IRMAOS ANDREAZZA LTDA;ALESSANDRO CANDIAGO;1,13248E+12;IRMAOS ANDREAZZA -  LOJAS
IRMAOS ANDREAZZA LTDA;ALESSANDRO CANDIAGO;1,13248E+12;IRMAOS ANDREAZZA -  LOJAS
IRMAOS ANDREAZZA LTDA;ALESSANDRO CANDIAGO;1,13248E+12;IRMAOS ANDREAZZA -  LOJAS
IRMAOS ANDREAZZA LTDA;ALESSANDRO CANDIAGO;1,13248E+12;IRMAOS ANDREAZZA -  LOJAS
IRMAOS ANDREAZZA LTDA;ALESSANDRO CANDIAGO;1,13248E+12;IRMAOS ANDREAZZA -  LOJAS
IRMAOS ANDREAZZA LTDA;ALESSANDRO CANDIAGO;1,13248E+12;IRMAOS ANDREAZZA -  LOJAS
IRMAOS ANDREAZZA LTDA;ALESSANDRO CANDIAGO;1,13248E+12;IRMAOS ANDREAZZA -  LOJAS
IRMAOS ANDREAZZA LTDA;ALESSANDRO CANDIAGO;1,13248E+12;IRMAOS ANDREAZZA -  LOJAS
IRMAOS ANDREAZZA LTDA;ALESSANDRO CANDIAGO;1,13248E+12;IRMAOS ANDREAZZA -  LOJAS
IRMAOS ANDREAZZA LTDA;ALESSANDRO CANDIAGO;1,13248E+12;IRMAOS ANDREAZZA -  LOJAS
IRMAOS ANDREAZZA LTDA;ALESSANDRO CANDIAGO;1,13248E+12;IRMAOS ANDREAZZA -  LOJAS
IRMAOS ANDREAZZA LTDA;ALESSANDRO CANDIAGO;1,13248E+12;IRMAOS ANDREAZZA -  LOJAS
IRMAOS ANDREAZZA LTDA;ALESSANDRO CANDIAGO;1,13248E+12;IRMAOS ANDREAZZA -  LOJAS
IRMAOS ANDREAZZA LTDA;ALESSANDRO CANDIAGO;1,13248E+12;IRMAOS ANDREAZZA -  LOJAS
IRMAOS ANDREAZZA LTDA;ALESSANDRO CANDIAGO;1,13248E+12;IRMAOS ANDREAZZA -  LOJAS
IRMAOS ANDREAZZA LTDA;ALESSANDRO CANDIAGO;1,13248E+12;IRMAOS ANDREAZZA -  LOJAS
IRMAOS ANDREAZZA LTDA;ALESSANDRO CANDIAGO;1,13248E+12;IRMAOS ANDREAZZA -  LOJAS
IRMAOS ANDREAZZA LTDA;ALESSANDRO CANDIAGO;1,13248E+12;IRMAOS ANDREAZZA -  LOJAS
IRMAOS ANDREAZZA LTDA;ALESSANDRO CANDIAGO;1,13248E+12;IRMAOS ANDREAZZA -  LOJAS
IRMAOS ANDREAZZA LTDA;ALESSANDRO CANDIAGO;1,13248E+12;IRMAOS ANDREAZZA -  LOJAS
IRMAOS ANDREAZZA LTDA;ALESSANDRO CANDIAGO;1,13248E+12;IRMAOS ANDREAZZA -  LOJAS
IRMAOS ANDREAZZA LTDA;ALESSANDRO CANDIAGO;1,13248E+12;IRMAOS ANDREAZZA -  LOJAS
IRMAOS ANDREAZZA LTDA;ALESSANDRO CANDIAGO;1,13248E+12;IRMAOS ANDREAZZA -  LOJAS
IRMAOS ANDREAZZA LTDA;ALESSANDRO CANDIAGO;1,13248E+12;IRMAOS ANDREAZZA -  LOJAS
IRMAOS ANDREAZZA LTDA;ALESSANDRO CANDIAGO;1,13248E+12;IRMAOS ANDREAZZA -  LOJAS
IRMAOS ANDREAZZA LTDA;ALESSANDRO CANDIAGO;1,13248E+12;IRMAOS ANDREAZZA -  LOJAS
O VANTAJAO SANTA FE DISTR DE PROD ALIMENT LTDA;ALESSANDRO CANDIAGO;5,70041E+12;IRMAOS ANDREAZZA -  LOJAS
O VANTAJAO SANTA FE DISTR DE PROD ALIMENT LTDA;ALESSANDRO CANDIAGO;5,70041E+12;IRMAOS ANDREAZZA -  LOJAS
SUPERMERCADO DIAS CANAA LTDA;TELEVENDAS - DA TERRINHA;3,02634E+13;MERCADO CANAA
QUITANDA E MERCEARIA ASSUNCAO LTDA - ME;JUAREZ COSTA;4,74273E+13;MERCEARIA ASSUNÇÃO
QUITANDA E MERCEARIA ASSUNCAO LTDA - ME;JUAREZ COSTA;4,74273E+13;MERCEARIA ASSUNÇÃO
QUITANDA E MERCEARIA ASSUNCAO LTDA - ME;JUAREZ COSTA;4,74273E+13;MERCEARIA ASSUNÇÃO
QUITANDA E MERCEARIA ASSUNCAO LTDA - ME;JUAREZ COSTA;4,74273E+13;MERCEARIA ASSUNÇÃO
QUITANDA E MERCEARIA ASSUNCAO LTDA - ME;JUAREZ COSTA;4,74273E+13;MERCEARIA ASSUNÇÃO
ROTISSERIE E MERCEARIA M. BARROS LTDA - ME;INES MARTIN;1,08634E+13;MERCEARIA M BARROS
COMERCIAL DE ALIMENTOS TUDO DE BOM LTDA;JOSE ARTENCIO;3,02869E+13;COMERCIAL DE ALIMENTOS TUDO DE BOM
CEU AZUL ALIMENTOS LTDA;WILSON PEREIRA;5,88525E+13;CEU AZUL ALIMENTOS
CASA DE CARNES REI DO LACO LTDA - ME;ALENCAR SILVA;1,42457E+12;REI DO LACO
CASA DE CARNES REI DO LACO LTDA - ME;ALENCAR SILVA;1,42457E+12;REI DO LACO
SUPERMERCADO RIBEIRO & RIBEIRO LTDA;LUIZ MAURI RODRI;2,03854E+13;ILUSTRE
MONDIALE IND E COM DE PLASTICOS;JOSUE EVANGELISTA;8,34985E+11;REPRESENTANTES DA TERRINHA
MONDIALE IND E COM DE PLASTICOS;JOSUE EVANGELISTA;8,34985E+11;REPRESENTANTES DA TERRINHA
ALESSANDRO CANDIAGO;JOSUE EVANGELISTA;67317685020;REPRESENTANTES DA TERRINHA
EVERSON ZUZA DE OLIVEIRA - MERCADINHO;KELVIN;2,47163E+13;MERCADO OLIVEIRA
EVERSON ZUZA DE OLIVEIRA - MERCADINHO;KELVIN;2,47163E+13;MERCADO OLIVEIRA
A.GOMES DA SILVA CONVENIENCIAS - ME;ERICK MOREIRA;2,91528E+13;MERCADO PRIMAVERA
ARMAZEM DO NATURAL COMERCIO DE PRODUTOS NATURAIS LTDA - ME;TELEVENDAS - DA TERRINHA;2,12955E+13;ARMAZEM DO NATURAL
SANTOS DU PAO LTDA.;TELEVENDAS - DA TERRINHA;1,15064E+13;SURF IN BOX
SANTOS DU PAO LTDA.;TELEVENDAS - DA TERRINHA;1,15064E+13;SURF IN BOX
SANTOS DU PAO LTDA.;TELEVENDAS - DA TERRINHA;1,15064E+13;SURF IN BOX
ROLDAO AUTO SERVICO COMERCIO DE ALIMENTOS LTDA - 042;CAIO VINICIUS AMORIM;5,80026E+12;ROLDAO
ROLDAO AUTO SERVICO COMERCIO DE ALIMENTOS LTDA - 042;CAIO VINICIUS AMORIM;5,80026E+12;ROLDAO
ROLDAO AUTO SERVICO COMERCIO DE ALIMENTOS LTDA - 042;CAIO VINICIUS AMORIM;5,80026E+12;ROLDAO
MERCADINHO ITAPIOCABA LTDA;CAROLINA DOS SANTOS ROCHA;2,97742E+13;MERCADINHO ITAPIOCABA
MERCADINHO ITAPIOCABA LTDA;CAROLINA DOS SANTOS ROCHA;2,97742E+13;MERCADINHO ITAPIOCABA
MERCEARIA JARDIM BELMEJO LTDA;PAULO COSTA;4,1363E+12;BELMEJO
BENTO REIS SUPERMERCADOS LTDA;PAULO COSTA;9,65669E+12;BENTO REIS
CAROLVIVIAN ARTIGOS PARA FESTAS LTDA;OSNEY RICARDO;2,97315E+12;LOJA DEL BIANCHI
DIANAS ATACADISTA & SUPERMERCADO LTDA;INES MARTIN;4,30314E+13;DIANAS ATACADISTA
DIANAS ATACADISTA & SUPERMERCADO LTDA;INES MARTIN;4,30314E+13;DIANAS ATACADISTA
DIANAS ATACADISTA & SUPERMERCADO LTDA;INES MARTIN;4,30314E+13;DIANAS ATACADISTA
DIANAS ATACADISTA & SUPERMERCADO LTDA;INES MARTIN;4,30314E+13;DIANAS ATACADISTA
TALLINA COMERCIAL DE FRUTAS E VERDURAS LTDA;HELIO GONDIM;5,55451E+12;TALLINA
TALLINA COMERCIAL DE FRUTAS E VERDURAS LTDA;HELIO GONDIM;5,55451E+12;TALLINA
PAULA G. ALBERTINI LANCHONETE - ME;TELEVENDAS - DA TERRINHA;2,47738E+13;CAFE MARQUES
RL ALIMENTOS LTDA;TELEVENDAS - DA TERRINHA;3,00105E+13;KORIN
RL ALIMENTOS LTDA;TELEVENDAS - DA TERRINHA;3,00105E+13;KORIN
SANTA LUCIA ALIMENTOS ORGANICOS - EIRELI;CAROLINA DOS SANTOS ROCHA;3,02328E+13;KORIN
SANTA LUCIA ALIMENTOS ORGANICOS - EIRELI;CAROLINA DOS SANTOS ROCHA;3,02328E+13;KORIN
SANTA LUCIA ALIMENTOS ORGANICOS - EIRELI;CAROLINA DOS SANTOS ROCHA;3,02328E+13;KORIN
LUIS CARLOS GOMES NOGUEIRA - CARNES - ME;EMERSON CADENGUE;8,08099E+12;DUBOI
LUIS CARLOS GOMES NOGUEIRA - CARNES - ME;WALTER MACEDO NETO;8,08099E+12;DUBOI
MERCEARIA E PADARIA MARQUES & MOREIRA LTDA - ME;KELVIN;5,6266E+12;MERCADINHO DO CAMILO
MERCEARIA E PADARIA MARQUES & MOREIRA LTDA - ME;KELVIN;5,6266E+12;MERCADINHO DO CAMILO
MERCEARIA E PADARIA MARQUES & MOREIRA LTDA - ME;KELVIN;5,6266E+12;MERCADINHO DO CAMILO
MERCADINHO SERV-LAR MARAJOARA LTDA;JOSE ARTENCIO;8,58153E+11;SERV LAR MARAJOARA
CASA DE CARNES E ROTISSERIA SAO BERNARDO - EIRELI;EDVALDO DOS SANTOS PEREIRA;1,13157E+13;CASA DE CARNES SAO BERNADO
CASA DE CARNES E ROTISSERIA SAO BERNARDO - EIRELI;EDVALDO DOS SANTOS PEREIRA;1,13157E+13;CASA DE CARNES SAO BERNADO
CASA DE CARNES E ROTISSERIA SAO BERNARDO - EIRELI;EDVALDO DOS SANTOS PEREIRA;1,13157E+13;CASA DE CARNES SAO BERNADO
LBPS CASA DE CARNES E ROTISSERIE LTDA;KELVIN;2,60063E+13;CASA DE CARNES LIMAC
SUPERMERCADO FAMILIA DIAS LTDA;PAULO COSTA;7,61631E+12;FAMILIA DIAS
EMPORIO DE CARNES ARAMACAN EIRELI  - ME;JUAREZ COSTA;1,54607E+13;EMPORIO DE CARNES ARAMACAN
EMPORIO DE CARNES ARAMACAN EIRELI  - ME;JUAREZ COSTA;1,54607E+13;EMPORIO DE CARNES ARAMACAN
EMPORIO DE CARNES ARAMACAN EIRELI  - ME;JUAREZ COSTA;1,54607E+13;EMPORIO DE CARNES ARAMACAN
EMPORIO DE CARNES ARAMACAN EIRELI  - ME;JUAREZ COSTA;1,54607E+13;EMPORIO DE CARNES ARAMACAN
IVA LUIS MORENO DINIZ-SOROCABA-ME;PAULO COSTA;3,67429E+12;VEM
CENTRAL DE CARNES MAC BIFE EIRELI;INES MARTIN;2,17339E+12;MAC BIFE
DESTRO BRASIL DISTRIBUICAO LTDA;EDSON MALAGUTTI;1,34955E+13;DESTRO MACROATACADO
DESTRO BRASIL DISTRIBUICAO LTDA;EDSON MALAGUTTI;1,34955E+13;DESTRO MACROATACADO
AROUMAR DISTRIBUIDORA DE PRODUTOS ALIMENTCIOS LTDA;CARLOS FERREIRA;6,03139E+13;AROUMAR DISTRIBUIDORA
AROUMAR DISTRIBUIDORA DE PRODUTOS ALIMENTCIOS LTDA;CARLOS FERREIRA;6,03139E+13;AROUMAR DISTRIBUIDORA
AROUMAR DISTRIBUIDORA DE PRODUTOS ALIMENTCIOS LTDA;CARLOS FERREIRA;6,03139E+13;AROUMAR DISTRIBUIDORA
AROUMAR DISTRIBUIDORA DE PRODUTOS ALIMENTCIOS LTDA;CARLOS FERREIRA;6,03139E+13;AROUMAR DISTRIBUIDORA
MERCADO PLENITUDE EIRELI - ME;JOSE ARTENCIO;2,45827E+13;MERCADO PLENITUDE
INGO HOFFMANN LUIZ FARIA - ME;JOSE ARTENCIO;2,37436E+13;ACOUGUE BELO BOI
INGO HOFFMANN LUIZ FARIA - ME;JOSE ARTENCIO;2,37436E+13;ACOUGUE BELO BOI
G A DE OLIVEIRA MINIMERCADO - ME;JOSE ARTENCIO;2,18423E+13;PONTO CERTO
COLONIAL PAES E DOCES LTDA;TELEVENDAS - DA TERRINHA;5,2978E+13;COLONIAL
EMERSON MARQUES SANTOS;TELEVENDAS - DA TERRINHA;22647477817;COLABORADORES DA TERRINHA
SUPERMERCADO HIGA & IRMAOS LTDA;LEANDRO GOLDINHO LOPES;5,30627E+13;HIGAS SUPERMERCADOS
SUPERMERCADO LAVOURA LTDA;LEANDRO GOLDINHO LOPES;4,31614E+13;HIGAS SUPERMERCADOS
SUPERMERCADO VILA NOVA CURUCA LTDA;LEANDRO GOLDINHO LOPES;1,16465E+13;HIGAS SUPERMERCADOS
MERCADINHO PRACA SILVA TELES LTDA;LEANDRO GOLDINHO LOPES;2,27419E+12;HIGAS SUPERMERCADOS
SUPERMERCADO HIGAS PRIMAVERA LTDA;LEANDRO GOLDINHO LOPES;2,36021E+13;HIGAS SUPERMERCADOS
SUPERMERCADO HIGA & IRMAOS LTDA;LEANDRO GOLDINHO LOPES;5,30627E+13;HIGAS SUPERMERCADOS
SUPER MERCADO TIBURCIO DE SOUZA LTDA;LEANDRO GOLDINHO LOPES;7,30732E+13;HIGAS SUPERMERCADOS
MERCADO R. T. CARVALHO E FILHO LTDA;CLAUDIO AKIO SOGA;1,23773E+13;REDE CARVALHO
MERCADO R. T. CARVALHO E FILHO LTDA;CLAUDIO AKIO SOGA;1,23773E+13;REDE CARVALHO
B.R. DOMINGUES & CIA LTDA;VICTOR CASIMIRO CORTEZI;9,64682E+13;SUPERMERCADO BONETTI
MERCADO FAMILLE LTDA;MILTON JUNIOR;8,92366E+12;PREMIUM SUPERMERCADOS
SUPERMERCADO PREMIUN DE COELHO NETO LTDA;MILTON JUNIOR;1,06732E+13;PREMIUM SUPERMERCADOS
PREMIUN BELFORD ROXO SUPERMERCADO LTDA;MILTON JUNIOR;8,96748E+12;PREMIUM SUPERMERCADOS
SUPERMERCADO PREMIUN VILA ISABEL LTDA;MILTON JUNIOR;6,27102E+12;PREMIUM SUPERMERCADOS
MERCADO ITATIAIA LTDA;MILTON JUNIOR;2,20821E+13;PREMIUM SUPERMERCADOS
SUPERMERCADO PREMIUN NOVA IGUACU LTDA;MILTON JUNIOR;1,5032E+13;PREMIUM SUPERMERCADOS
ECO SABOR ALIMENTACAO SUSTENTAVEL LTDA ME;MILTON JUNIOR;2,697E+13;ECO SABOR
ALMEIDA E ANTUNES PRODUTOS ALIMENTICIOS LTDA ME;TELEVENDAS - DA TERRINHA;2,76315E+13;CASA NATURA MG
ALMEIDA E ANTUNES PRODUTOS ALIMENTICIOS LTDA ME;TELEVENDAS - DA TERRINHA;2,76315E+13;CASA NATURA MG
ALMEIDA E ANTUNES PRODUTOS ALIMENTICIOS LTDA ME;TELEVENDAS - DA TERRINHA;2,76315E+13;CASA NATURA MG
E.G. BARBOSA ACOUGUE E MINIMERCADO;VENDEDOR INATIVO;2,95324E+13;ACOUGUE FORTALEZA
F. T. SUPERMERCADO LTDA;TELEVENDAS - DA TERRINHA;1,04183E+13;FT SUPERMERCADO
SUPERMERCADO SANTO ANTONIO DOS LAGO S LTDA - ME;TELEVENDAS - DA TERRINHA;2,49036E+12;EMPORIO LAGOS
SUPERMERCADO SANTO ANTONIO DOS LAGO S LTDA - ME;TELEVENDAS - DA TERRINHA;2,49036E+12;EMPORIO LAGOS
SUPERMERCADO NEWS PREMIUN COMERCIO LTDA;MILTON JUNIOR;5,53514E+12;PREMIUM SUPERMERCADOS
MAIS HORTIFRUTIGRANJEIROS LTDA - ME;AFONSO EVANGELISTA;1,30916E+13;SACOLAO MARAJOARA
MAIS HORTIFRUTIGRANJEIROS LTDA - ME;ROGERIO DE SOUZA;1,30916E+13;SACOLAO MARAJOARA
MAIS HORTIFRUTIGRANJEIROS LTDA - ME;J.E - DA ALICLEO REPRESENTACOES;1,30916E+13;SACOLAO MARAJOARA
COOP - COOPERATIVA DE CONSUMO;CAIO VINICIUS AMORIM;5,75084E+13;COOP - LOJAS
COOP - COOPERATIVA DE CONSUMO;CAIO VINICIUS AMORIM;5,75084E+13;COOP - LOJAS
COOP - COOPERATIVA DE CONSUMO;CAIO VINICIUS AMORIM;5,75084E+13;COOP - LOJAS
COOP - COOPERATIVA DE CONSUMO;CAIO VINICIUS AMORIM;5,75084E+13;COOP - LOJAS
MERCADO LOPES & AZEVEDO LTDA - EPP;JUAREZ COSTA;2,90602E+13;MERCADO PLANALTO
SANTOS & MARCHIORI MINIMERCADO LTDA - ME;FAGNER QUEIROGA;1,10152E+13;CASA DE CARNES NEROPE
REMIX COMERCIO DE ALIMENTOS EIRELI;JUAREZ COSTA;3,10865E+13;EMPORIO MIX
REMIX COMERCIO DE ALIMENTOS EIRELI;JUAREZ COSTA;3,10865E+13;EMPORIO MIX
REMIX COMERCIO DE ALIMENTOS EIRELI;JUAREZ COSTA;3,10865E+13;EMPORIO MIX
REMIX COMERCIO DE ALIMENTOS EIRELI;JUAREZ COSTA;3,10865E+13;EMPORIO MIX
MERCADINHO CURUCA VELHA LTDA;JOSE ARTENCIO;2,78156E+12;MERCADINHO CURUÇA VELHA
ARMARINHOS KINJO LTDA;TELEVENDAS - DA TERRINHA;6,06224E+12;ARMARINHOS KINJO
MINI MERCADO MUGUKAMI LTDA;JOSE ARTENCIO;3,02322E+13;MINI MERCADO MUGUKAMI
A. L.V. BELOTI MERCADO;JOSE ARTENCIO;3,02211E+13;CAMELL
MERCADINHO AYUMI LTDA - 08;LEANDRO GOLDINHO LOPES;6,76161E+13;AYUMI
MERCADINHO AYUMI LTDA - 08;LEANDRO GOLDINHO LOPES;6,76161E+13;AYUMI
MERCADINHO AYUMI LTDA - 08;LEANDRO GOLDINHO LOPES;6,76161E+13;AYUMI
RENALDO FIRMO DE OLIVEIRA - ME;MARIO MIZUKA;9,1445E+12;LOJAO VARGEM GRANDE
EMERSON TOGNETTA;TELEVENDAS - DA TERRINHA;2,18392E+12;KILAO
DANIELA ELOI ROCHA SUPERMERCADO;JOSE ARTENCIO - EA;3,05195E+13;EMPORIO GUARULHOS
DANIELA ELOI ROCHA SUPERMERCADO;JOSE ARTENCIO - EA;3,05195E+13;EMPORIO GUARULHOS
CENTRO DE DISTRIBUICAO REDE KRILL LTDA;JOSE SOARES;2,10105E+13;KRILL - CD
COMERCIAL CHOCOLANDIA LTDA;SILVANO ARRUDA;7,58304E+12;CHOCOLANDIA
COMERCIAL CHOCOLANDIA LTDA;SILVANO ARRUDA;7,58304E+12;CHOCOLANDIA
COOP - COOPERATIVA DE CONSUMO;CAIO VINICIUS AMORIM;5,75084E+13;COOP - LOJAS
COOP - COOPERATIVA DE CONSUMO;CAIO VINICIUS AMORIM;5,75084E+13;COOP - LOJAS
COOP - COOPERATIVA DE CONSUMO;CAIO VINICIUS AMORIM;5,75084E+13;COOP - LOJAS
COOP - COOPERATIVA DE CONSUMO;CAIO VINICIUS AMORIM;5,75084E+13;COOP - LOJAS
COOP - COOPERATIVA DE CONSUMO;CAIO VINICIUS AMORIM;5,75084E+13;COOP - LOJAS
COOP - COOPERATIVA DE CONSUMO;CAIO VINICIUS AMORIM;5,75084E+13;COOP - LOJAS
COOP - COOPERATIVA DE CONSUMO;CAIO VINICIUS AMORIM;5,75084E+13;COOP - LOJAS
COOP - COOPERATIVA DE CONSUMO;CAIO VINICIUS AMORIM;5,75084E+13;COOP - LOJAS
COOP-COOPERATIVA DE CONSUMO;CAIO VINICIUS AMORIM;5,75084E+13;COOP ATACAREJO
COOP-COOPERATIVA DE CONSUMO;CAIO VINICIUS AMORIM;5,75084E+13;COOP ATACAREJO
COOP-COOPERATIVA DE CONSUMO;CAIO VINICIUS AMORIM;5,75084E+13;COOP ATACAREJO
COOP-COOPERATIVA DE CONSUMO;CAIO VINICIUS AMORIM;5,75084E+13;COOP ATACAREJO
COOP - COOPERATIVA DE CONSUMO;CAIO VINICIUS AMORIM;5,75084E+13;COOP - LOJAS
COOP - COOPERATIVA DE CONSUMO;CAIO VINICIUS AMORIM;5,75084E+13;COOP - LOJAS
COOP - COOPERATIVA DE CONSUMO;CAIO VINICIUS AMORIM;5,75084E+13;COOP - LOJAS
COOP - COOPERATIVA DE CONSUMO;CAIO VINICIUS AMORIM;5,75084E+13;COOP - LOJAS
COOP - COOPERATIVA DE CONSUMO;CAIO VINICIUS AMORIM;5,75084E+13;COOP - LOJAS
COOP - COOPERATIVA DE CONSUMO;CAIO VINICIUS AMORIM;5,75084E+13;COOP - LOJAS
COOP - COOPERATIVA DE CONSUMO;CAIO VINICIUS AMORIM;5,75084E+13;COOP - LOJAS
COOP - COOPERATIVA DE CONSUMO;CAIO VINICIUS AMORIM;5,75084E+13;COOP - LOJAS
COOP - COOPERATIVA DE CONSUMO;CAIO VINICIUS AMORIM;5,75084E+13;COOP - LOJAS
COOP - COOPERATIVA DE CONSUMO;CAIO VINICIUS AMORIM;5,75084E+13;COOP - LOJAS
COOP - COOPERATIVA DE CONSUMO;CAIO VINICIUS AMORIM;5,75084E+13;COOP - LOJAS
COOP - COOPERATIVA DE CONSUMO;CAIO VINICIUS AMORIM;5,75084E+13;COOP - LOJAS
COOP - COOPERATIVA DE CONSUMO;CAIO VINICIUS AMORIM;5,75084E+13;COOP - LOJAS
COOP - COOPERATIVA DE CONSUMO;CAIO VINICIUS AMORIM;5,75084E+13;COOP - LOJAS
COOP - COOPERATIVA DE CONSUMO;CAIO VINICIUS AMORIM;5,75084E+13;COOP - LOJAS
COOP - COOPERATIVA DE CONSUMO;CAIO VINICIUS AMORIM;5,75084E+13;COOP - LOJAS
COOP - COOPERATIVA DE CONSUMO;CAIO VINICIUS AMORIM;5,75084E+13;COOP - LOJAS
COOP - COOPERATIVA DE CONSUMO;CAIO VINICIUS AMORIM;5,75084E+13;COOP - LOJAS
COOP - COOPERATIVA DE CONSUMO;CAIO VINICIUS AMORIM;5,75084E+13;COOP - LOJAS
COOP - COOPERATIVA DE CONSUMO;CAIO VINICIUS AMORIM;5,75084E+13;COOP - LOJAS
COOP - COOPERATIVA DE CONSUMO;CAIO VINICIUS AMORIM;5,75084E+13;COOP - LOJAS
COOP - COOPERATIVA DE CONSUMO;CAIO VINICIUS AMORIM;5,75084E+13;COOP - LOJAS
COOP - COOPERATIVA DE CONSUMO;CAIO VINICIUS AMORIM;5,75084E+13;COOP - LOJAS
COOP - COOPERATIVA DE CONSUMO;CAIO VINICIUS AMORIM;5,75084E+13;COOP - LOJAS
COOP - COOPERATIVA DE CONSUMO;CAIO VINICIUS AMORIM;5,75084E+13;COOP - LOJAS
COOP - COOPERATIVA DE CONSUMO;CAIO VINICIUS AMORIM;5,75084E+13;COOP - LOJAS
COOP - COOPERATIVA DE CONSUMO;CAIO VINICIUS AMORIM;5,75084E+13;COOP - LOJAS
COOP - COOPERATIVA DE CONSUMO;CAIO VINICIUS AMORIM;5,75084E+13;COOP - LOJAS
COOP - COOPERATIVA DE CONSUMO;CAIO VINICIUS AMORIM;5,75084E+13;COOP - LOJAS
COOP - COOPERATIVA DE CONSUMO;CAIO VINICIUS AMORIM;5,75084E+13;COOP - LOJAS
COOP - COOPERATIVA DE CONSUMO;CAIO VINICIUS AMORIM;5,75084E+13;COOP - LOJAS
COOP - COOPERATIVA DE CONSUMO;CAIO VINICIUS AMORIM;5,75084E+13;COOP - LOJAS
COOP - COOPERATIVA DE CONSUMO;CAIO VINICIUS AMORIM;5,75084E+13;COOP - LOJAS
COOP - COOPERATIVA DE CONSUMO;CAIO VINICIUS AMORIM;5,75084E+13;COOP - LOJAS
COOP - COOPERATIVA DE CONSUMO;CAIO VINICIUS AMORIM;5,75084E+13;COOP - LOJAS
COOP - COOPERATIVA DE CONSUMO;CAIO VINICIUS AMORIM;5,75084E+13;COOP - LOJAS
COOP - COOPERATIVA DE CONSUMO;CAIO VINICIUS AMORIM;5,75084E+13;COOP - LOJAS
COOP - COOPERATIVA DE CONSUMO;CAIO VINICIUS AMORIM;5,75084E+13;COOP - LOJAS
COOP - COOPERATIVA DE CONSUMO;CAIO VINICIUS AMORIM;5,75084E+13;COOP - LOJAS
COOP - COOPERATIVA DE CONSUMO;CAIO VINICIUS AMORIM;5,75084E+13;COOP - LOJAS
COOP - COOPERATIVA DE CONSUMO;CAIO VINICIUS AMORIM;5,75084E+13;COOP - LOJAS
COOP - COOPERATIVA DE CONSUMO;CAIO VINICIUS AMORIM;5,75084E+13;COOP - LOJAS
COOP - COOPERATIVA DE CONSUMO;CAIO VINICIUS AMORIM;5,75084E+13;COOP - LOJAS
COOP - COOPERATIVA DE CONSUMO;CAIO VINICIUS AMORIM;5,75084E+13;COOP - LOJAS
COOP - COOPERATIVA DE CONSUMO;CAIO VINICIUS AMORIM;5,75084E+13;COOP - LOJAS
COOP - COOPERATIVA DE CONSUMO;CAIO VINICIUS AMORIM;5,75084E+13;COOP - LOJAS
COOP - COOPERATIVA DE CONSUMO;CAIO VINICIUS AMORIM;5,75084E+13;COOP - LOJAS
COOP - COOPERATIVA DE CONSUMO;CAIO VINICIUS AMORIM;5,75084E+13;COOP - LOJAS
COOP-COOPERATIVA DE CONSUMO;CAIO VINICIUS AMORIM;5,75084E+13;COOP - LOJAS
COOP-COOPERATIVA DE CONSUMO;CAIO VINICIUS AMORIM;5,75084E+13;COOP - LOJAS
COOP-COOPERATIVA DE CONSUMO;CAIO VINICIUS AMORIM;5,75084E+13;COOP - LOJAS
COOP-COOPERATIVA DE CONSUMO;CAIO VINICIUS AMORIM;5,75084E+13;COOP - LOJAS
COOP - COOPERATIVA DE CONSUMO;CAIO VINICIUS AMORIM;5,75084E+13;COOP - LOJAS
COOP - COOPERATIVA DE CONSUMO;CAIO VINICIUS AMORIM;5,75084E+13;COOP - LOJAS
COOP - COOPERATIVA DE CONSUMO;CAIO VINICIUS AMORIM;5,75084E+13;COOP - LOJAS
COOP - COOPERATIVA DE CONSUMO;CAIO VINICIUS AMORIM;5,75084E+13;COOP - LOJAS
COOP - COOPERATIVA DE CONSUMO;CAIO VINICIUS AMORIM;5,75084E+13;COOP - LOJAS
COOP - COOPERATIVA DE CONSUMO;CAIO VINICIUS AMORIM;5,75084E+13;COOP - LOJAS
COOP - COOPERATIVA DE CONSUMO;CAIO VINICIUS AMORIM;5,75084E+13;COOP - LOJAS
COOP - COOPERATIVA DE CONSUMO;CAIO VINICIUS AMORIM;5,75084E+13;COOP - LOJAS
COOP - COOPERATIVA DE CONSUMO;CAIO VINICIUS AMORIM;5,75084E+13;COOP - LOJAS
COOP - COOPERATIVA DE CONSUMO;CAIO VINICIUS AMORIM;5,75084E+13;COOP - LOJAS
COOP - COOPERATIVA DE CONSUMO;CAIO VINICIUS AMORIM;5,75084E+13;COOP - LOJAS
COOP - COOPERATIVA DE CONSUMO;CAIO VINICIUS AMORIM;5,75084E+13;COOP - LOJAS
COOP - COOPERATIVA DE CONSUMO;CAIO VINICIUS AMORIM;5,75084E+13;COOP - LOJAS
COOP-COOPERATIVA DE CONSUMO;CAIO VINICIUS AMORIM;5,75084E+13;COOP - LOJAS
COOP-COOPERATIVA DE CONSUMO;CAIO VINICIUS AMORIM;5,75084E+13;COOP - LOJAS
COOP-COOPERATIVA DE CONSUMO;CAIO VINICIUS AMORIM;5,75084E+13;COOP - LOJAS
COOP-COOPERATIVA DE CONSUMO;CAIO VINICIUS AMORIM;5,75084E+13;COOP - LOJAS
COOP-COOPERATIVA DE CONSUMO;CAIO VINICIUS AMORIM;5,75084E+13;COOP - LOJAS
COOP-COOPERATIVA DE CONSUMO;CAIO VINICIUS AMORIM;5,75084E+13;COOP - LOJAS
COOP-COOPERATIVA DE CONSUMO;CAIO VINICIUS AMORIM;5,75084E+13;COOP - LOJAS
COOP-COOPERATIVA DE CONSUMO;CAIO VINICIUS AMORIM;5,75084E+13;COOP - LOJAS
COOP - COOPERATIVA DE CONSUMO;CAIO VINICIUS AMORIM;5,75084E+13;COOP - LOJAS
COOP - COOPERATIVA DE CONSUMO;CAIO VINICIUS AMORIM;5,75084E+13;COOP - LOJAS
COOP - COOPERATIVA DE CONSUMO;CAIO VINICIUS AMORIM;5,75084E+13;COOP - LOJAS
COOP - COOPERATIVA DE CONSUMO;CAIO VINICIUS AMORIM;5,75084E+13;COOP - LOJAS
COOP - COOPERATIVA DE CONSUMO;CAIO VINICIUS AMORIM;5,75084E+13;COOP - LOJAS
COOP - COOPERATIVA DE CONSUMO;CAIO VINICIUS AMORIM;5,75084E+13;COOP - LOJAS
COOP - COOPERATIVA DE CONSUMO;CAIO VINICIUS AMORIM;5,75084E+13;COOP - LOJAS
COOP - COOPERATIVA DE CONSUMO;CAIO VINICIUS AMORIM;5,75084E+13;COOP - LOJAS
COOP - COOPERATIVA DE CONSUMO;CAIO VINICIUS AMORIM;5,75084E+13;COOP - LOJAS
COOP - COOPERATIVA DE CONSUMO;CAIO VINICIUS AMORIM;5,75084E+13;COOP - LOJAS
COOP - COOPERATIVA DE CONSUMO;CAIO VINICIUS AMORIM;5,75084E+13;COOP - LOJAS
COOP - COOPERATIVA DE CONSUMO;CAIO VINICIUS AMORIM;5,75084E+13;COOP - LOJAS
COOP - COOPERATIVA DE CONSUMO;CAIO VINICIUS AMORIM;5,75084E+13;COOP - LOJAS
COOP - COOPERATIVA DE CONSUMO;CAIO VINICIUS AMORIM;5,75084E+13;COOP - LOJAS
COOP - COOPERATIVA DE CONSUMO;CAIO VINICIUS AMORIM;5,75084E+13;COOP - LOJAS
COOP - COOPERATIVA DE CONSUMO;CAIO VINICIUS AMORIM;5,75084E+13;COOP - LOJAS
COOP - COOPERATIVA DE CONSUMO;CAIO VINICIUS AMORIM;5,75084E+13;COOP - LOJAS
COOP - COOPERATIVA DE CONSUMO;CAIO VINICIUS AMORIM;5,75084E+13;COOP - LOJAS
COOP - COOPERATIVA DE CONSUMO;CAIO VINICIUS AMORIM;5,75084E+13;COOP - LOJAS
COOP - COOPERATIVA DE CONSUMO;CAIO VINICIUS AMORIM;5,75084E+13;COOP - LOJAS
COOP-COOPERATIVA DE CONSUMO;CAIO VINICIUS AMORIM;5,75084E+13;COOP - LOJAS
COOP-COOPERATIVA DE CONSUMO;CAIO VINICIUS AMORIM;5,75084E+13;COOP - LOJAS
COOP-COOPERATIVA DE CONSUMO;CAIO VINICIUS AMORIM;5,75084E+13;COOP - LOJAS
COOP-COOPERATIVA DE CONSUMO;CAIO VINICIUS AMORIM;5,75084E+13;COOP - LOJAS
COOP-COOPERATIVA DE CONSUMO;CAIO VINICIUS AMORIM;5,75084E+13;COOP - LOJAS
COOP - COOPERATIVA DE CONSUMO;CAIO VINICIUS AMORIM;5,75084E+13;COOP - LOJAS
COOP - COOPERATIVA DE CONSUMO;CAIO VINICIUS AMORIM;5,75084E+13;COOP - LOJAS
COOP - COOPERATIVA DE CONSUMO;CAIO VINICIUS AMORIM;5,75084E+13;COOP - LOJAS
COOP - COOPERATIVA DE CONSUMO;CAIO VINICIUS AMORIM;5,75084E+13;COOP - LOJAS
ROCHAS GOURMET LTDA - ME;TELEVENDAS - DA TERRINHA;2,93104E+13;ROCHAS GOURMET
ROCHAS GOURMET LTDA - ME;TELEVENDAS - DA TERRINHA;2,93104E+13;ROCHAS GOURMET
SUPERMERCADO CHAVES & CHAVES LTDA;VENDEDOR INATIVO;5,67602E+13;SUPERMERCADO CHAVES
SUPERMERCADO CHAVES & CHAVES LTDA;VENDEDOR INATIVO;5,67602E+13;SUPERMERCADO CHAVES
PANIFICADORA E MERCEARIA 2 AMIGOS LTDA - ME;JOSE ARTENCIO;2,92872E+13;PANIFICADORA 2 AMIGOS
MERCADINHO VOYAGE E PADARIA LTDA;KELVIN;6,29717E+13;VOYAGE
MERCADINHO VOYAGE E PADARIA LTDA;KELVIN;6,29717E+13;VOYAGE
MERCADINHO VOYAGE E PADARIA LTDA;KELVIN;6,29717E+13;VOYAGE
MERCADINHO VOYAGE E PADARIA LTDA;KELVIN;6,29717E+13;VOYAGE
ATACADAO S.A. - 175;ROBERTO OLIVEIRA ANDRADE;7,53153E+13;ATACADAO - SP LOJAS
ATACADAO S.A. - 175;ANGELA MARIA;7,53153E+13;ATACADAO - SP LOJAS
ATACADAO S.A. - 175;DECIO FERRAZ JUNIOR;7,53153E+13;ATACADAO - SP LOJAS
EMPORIO NUTRILEVEN DE PRODUTOS NATURAIS LTDA - ME;TELEVENDAS - DA TERRINHA;1,47926E+13;EMPORIO NUTRILEVEN
MERCADO DMS ARAUJO LTDA;JOSE ARTENCIO;3,07434E+13;MERCADO DMS ARAUJO
MERCEARIA RENOVO LTDA - ME;KELVIN;6,929E+13;MERCEARIA RENOVO
MERCEARIA RENOVO LTDA - ME;KELVIN;6,929E+13;MERCEARIA RENOVO
ROSIVAL SANTOS SOUZA;TELEVENDAS - DA TERRINHA;95748156504;COLABORADORES DA TERRINHA
CCJ COMERCIAL CAMPO JOIA LTDA - 27;JULIANA RIBEIRA;2,65591E+13;SEMAR
MARCELLA BORIN;MARCELO GREGORIO;3,09458E+13;CANTINHO NUTRI BEM - MARCELLA BORIN
MARCELLA BORIN;MARCELO GREGORIO;3,09458E+13;CANTINHO NUTRI BEM - MARCELLA BORIN
CRUZILIA COMERCIO E IMPORTACAO DE GENEROS ALIMENTICIOS LTDA;FLAVIA SIQUEIRA;2,22775E+12;EMPORIO CRUZILIA
LEVI COMERCIO DE QUEIJOS LTDA;FLAVIA SIQUEIRA;4,46836E+13;LEVI QUEIJOS
MERCADO M2M LTDA;ALENCAR SILVA;6,77391E+13;MERCADO M2M
MR. JOSEF COMERCIAL LTDA - ME;EMERSON CADENGUE;4,87712E+13;MR JOSEFF
SUPERMERCADO ALABARCE LTDA;RODOLFO QUERINO LUIZ - GERENTE DE AREA;2,03057E+11;ALABARCE
SUPERMERCADO ALABARCE LTDA;RODOLFO QUERINO LUIZ - GERENTE DE AREA;2,03057E+11;ALABARCE
SUPERMERCADO ALABARCE LTDA;RODOLFO QUERINO LUIZ - GERENTE DE AREA;2,03057E+11;ALABARCE
SUPERMERCADO ALABARCE LTDA;RODOLFO QUERINO LUIZ - GERENTE DE AREA;2,03057E+11;ALABARCE
SUPERMERCADO ALABARCE LTDA;RODOLFO QUERINO LUIZ - GERENTE DE AREA;2,03057E+11;ALABARCE
SUPERMERCADO ALABARCE LTDA;RODOLFO QUERINO LUIZ - GERENTE DE AREA;2,03057E+11;ALABARCE
SUPERMERCADO ALABARCE LTDA;RODOLFO QUERINO LUIZ - GERENTE DE AREA;2,03057E+11;ALABARCE
SUPERMERCADO ALABARCE LTDA;RODOLFO QUERINO LUIZ - GERENTE DE AREA;2,03057E+11;ALABARCE
VIA PARK COMERCIAL DE ALIMENTOS SA;VENDEDOR INATIVO;5,07405E+12;BIG BOX
PRA VOCE COML DE ALIMENTOS LTDA;WALTER BARROS;1,05653E+13;PRA VOCE
BEIRA ALTA - SUPERMERCADO BEIRA ALTA LTDA - 01;EDVALDO DOS SANTOS PEREIRA;4,55822E+13;BEIRA ALTA
BEIRA ALTA - SUPERMERCADO BEIRA ALTA LTDA - 01;EDVALDO DOS SANTOS PEREIRA;4,55822E+13;BEIRA ALTA
BEIRA ALTA - SUPERMERCADO BEIRA ALTA LTDA - 01;EDVALDO DOS SANTOS PEREIRA;4,55822E+13;BEIRA ALTA
BEIRA ALTA - SUPERMERCADO BEIRA ALTA LTDA - 01;EDVALDO DOS SANTOS PEREIRA;4,55822E+13;BEIRA ALTA
BEIRA ALTA - SUPERMERCADO BEIRA ALTA LTDA - 01;EDVALDO DOS SANTOS PEREIRA;4,55822E+13;BEIRA ALTA
RK - SUPERMERCADO NUTRI SAM LTDA - 71;MARIO MIZUKA;9,53593E+12;RICOY
RK - SUPERMERCADO NUTRI SAM LTDA - 71;MARIO MIZUKA;9,53593E+12;RICOY
RK - SUPERMERCADO NUTRI SAM LTDA - 71;MARIO MIZUKA;9,53593E+12;RICOY
RK - SUPERMERCADO NUTRI SAM LTDA - 71;MARIO MIZUKA;9,53593E+12;RICOY
BEIRA ALTA - SUPERMERCADO BEIRA ALTA LTDA - 02;EDVALDO DOS SANTOS PEREIRA;4,55822E+13;BEIRA ALTA
BEIRA ALTA - SUPERMERCADO BEIRA ALTA LTDA - 02;EDVALDO DOS SANTOS PEREIRA;4,55822E+13;BEIRA ALTA
BEIRA ALTA - SUPERMERCADO BEIRA ALTA LTDA - 02;EDVALDO DOS SANTOS PEREIRA;4,55822E+13;BEIRA ALTA
BEIRA ALTA - SUPERMERCADO BEIRA ALTA LTDA - 02;EDVALDO DOS SANTOS PEREIRA;4,55822E+13;BEIRA ALTA
BEIRA ALTA - SUPERMERCADO BEIRA ALTA LTDA - 02;EDVALDO DOS SANTOS PEREIRA;4,55822E+13;BEIRA ALTA
RK - SUPERMERCADO NUTRI SAM LTDA - 77;MARIO MIZUKA;9,53593E+12;RICOY
RK - SUPERMERCADO NUTRI SAM LTDA - 77;MARIO MIZUKA;9,53593E+12;RICOY
RK - SUPERMERCADO NUTRI SAM LTDA - 77;MARIO MIZUKA;9,53593E+12;RICOY
RK - SUPERMERCADO NUTRI SAM LTDA - 77;MARIO MIZUKA;9,53593E+12;RICOY
RK - CONTINENTAL COMERCIO VAREJISTA LTDA - 83;MARIO MIZUKA;5,1495E+12;RICOY
RK - CONTINENTAL COMERCIO VAREJISTA LTDA - 83;MARIO MIZUKA;5,1495E+12;RICOY
RK - CONTINENTAL COMERCIO VAREJISTA LTDA - 83;MARIO MIZUKA;5,1495E+12;RICOY
RK - CONTINENTAL COMERCIO VAREJISTA LTDA - 83;MARIO MIZUKA;5,1495E+12;RICOY
BEIRA ALTA - SUPERMERCADO BEIRA ALTA LTDA - 03;EDVALDO DOS SANTOS PEREIRA;4,55822E+13;BEIRA ALTA
BEIRA ALTA - SUPERMERCADO BEIRA ALTA LTDA - 03;EDVALDO DOS SANTOS PEREIRA;4,55822E+13;BEIRA ALTA
BEIRA ALTA - SUPERMERCADO BEIRA ALTA LTDA - 03;EDVALDO DOS SANTOS PEREIRA;4,55822E+13;BEIRA ALTA
BEIRA ALTA - SUPERMERCADO BEIRA ALTA LTDA - 03;EDVALDO DOS SANTOS PEREIRA;4,55822E+13;BEIRA ALTA
BEIRA ALTA - SUPERMERCADO BEIRA ALTA LTDA - 03;EDVALDO DOS SANTOS PEREIRA;4,55822E+13;BEIRA ALTA
BEIRA ALTA - SUPERMERCADO BEIRA ALTA LTDA - 04;EDVALDO DOS SANTOS PEREIRA;4,55822E+13;BEIRA ALTA
BEIRA ALTA - SUPERMERCADO BEIRA ALTA LTDA - 04;EDVALDO DOS SANTOS PEREIRA;4,55822E+13;BEIRA ALTA
BEIRA ALTA - SUPERMERCADO BEIRA ALTA LTDA - 04;EDVALDO DOS SANTOS PEREIRA;4,55822E+13;BEIRA ALTA
BEIRA ALTA - SUPERMERCADO BEIRA ALTA LTDA - 04;EDVALDO DOS SANTOS PEREIRA;4,55822E+13;BEIRA ALTA
BEIRA ALTA - SUPERMERCADO BEIRA ALTA LTDA - 04;EDVALDO DOS SANTOS PEREIRA;4,55822E+13;BEIRA ALTA
BEIRA ALTA - SUPERMERCADO BEIRA ALTA LTDA - 04;EDVALDO DOS SANTOS PEREIRA;4,55822E+13;BEIRA ALTA
BEIRA ALTA - SUPERMERCADO BEIRA ALTA LTDA - 05;EDVALDO DOS SANTOS PEREIRA;4,55822E+13;BEIRA ALTA
BEIRA ALTA - SUPERMERCADO BEIRA ALTA LTDA - 05;EDVALDO DOS SANTOS PEREIRA;4,55822E+13;BEIRA ALTA
BEIRA ALTA - SUPERMERCADO BEIRA ALTA LTDA - 05;EDVALDO DOS SANTOS PEREIRA;4,55822E+13;BEIRA ALTA
RK - SUPERMERCADO NUTRI SAM LTDA - 70;MARIO MIZUKA;9,53593E+12;RICOY
RK - SUPERMERCADO NUTRI SAM LTDA - 70;MARIO MIZUKA;9,53593E+12;RICOY
RK - SUPERMERCADO NUTRI SAM LTDA - 70;MARIO MIZUKA;9,53593E+12;RICOY
MERCURIO - SUPERMERCADO HANJO LTDA - 01;CAROLINA DOS SANTOS ROCHA;2,03831E+13;MERCURIO
MERCURIO - SUPERMERCADO HANJO LTDA - 01;CAROLINA DOS SANTOS ROCHA;2,03831E+13;MERCURIO
ESPERANCA - ATACADO E AUTO SERVICO ESPERANCA LTDA - 11;DANIEL CAMACHO;5,26494E+12;ESPERANCA
ESPERANCA - ATACADO E AUTO SERVICO ESPERANCA LTDA - 10;DANIEL CAMACHO;5,26494E+12;ESPERANCA
JOSE DANIEL GOMES CAMACHO;JOSUE EVANGELISTA;66649714887;REPRESENTANTES DA TERRINHA
JOSE DANIEL GOMES CAMACHO;JOSUE EVANGELISTA;66649714887;REPRESENTANTES DA TERRINHA
PIRATININGA - MERCADINHO PIRATININGA LTDA - JD PAULISTA;EDMILSON - 02;6,01864E+13;PIRATININGA
PIRATININGA - MERCADINHO PIRATININGA LTDA - JD PAULISTA;EDMILSON - 02;6,01864E+13;PIRATININGA
PIRATININGA - MERCADINHO PIRATININGA LTDA - JD PAULISTA;EDMILSON - 02;6,01864E+13;PIRATININGA
PIRATININGA - COML DE PRODS ALIMENT PIRATININGA LTDA - 01;EDMILSON - 02;5,72632E+13;PIRATININGA
PIRATININGA - COML DE PRODS ALIMENT PIRATININGA LTDA - 01;EDMILSON - 02;5,72632E+13;PIRATININGA
PIRATININGA - COML DE PRODS ALIMENT PIRATININGA LTDA - 01;EDMILSON - 02;5,72632E+13;PIRATININGA
MUNDO V - WMSALLES LTDA - ME - ITAIM;TELEVENDAS - DA TERRINHA;4,56443E+12;MUNDO V - ITAIM
MUNDO V - WMSALLES LTDA - ME - ITAIM;TELEVENDAS - DA TERRINHA;4,56443E+12;MUNDO V - ITAIM
MUNDO V - WMSALLES LTDA - ME - ITAIM;TELEVENDAS - DA TERRINHA;4,56443E+12;MUNDO V - ITAIM
SUPERFANTASTICO - AGILSON VIEIRA DA ROCHA MERCAD - 02;CAROLINA DOS SANTOS ROCHA;4,07031E+12;SUPERFANTASTICO
SUPERFANTASTICO - AGILSON VIEIRA DA ROCHA MERCAD - 02;CAROLINA DOS SANTOS ROCHA;4,07031E+12;SUPERFANTASTICO
SUPERFANTASTICO - AGILSON VIEIRA DA ROCHA MERCAD - 02;CAROLINA DOS SANTOS ROCHA;4,07031E+12;SUPERFANTASTICO
SUPERMERCADO SAO DEOCLECIANO LTDA;DANIELLY SOUZA;3,27146E+12;SAO DEOCLECIANO
SUPERMERCADO SAO DEOCLECIANO LTDA;MARTA APARECIDA AZEVEDO FREITAS;3,27146E+12;SAO DEOCLECIANO
SUPERMERCADO SAO DEOCLECIANO LTDA;ROBLES DE LA GARZA;3,27146E+12;SAO DEOCLECIANO
SUPERMERCADO SAO DEOCLECIANO LTDA;ANDREZA LOPES ALVES - V;3,27146E+12;SAO DEOCLECIANO
CASA DE BISCOITOS VILA MARIANA LTDA ME;INES MARTIN;4,32158E+13;VILA DOCE
CASA DE BISCOITOS VILA MARIANA LTDA ME;INES MARTIN;4,32158E+13;VILA DOCE
CASA DE BISCOITOS VILA MARIANA LTDA ME;INES MARTIN;4,32158E+13;VILA DOCE
CASA DE BISCOITOS VILA MARIANA LTDA ME;INES MARTIN;4,32158E+13;VILA DOCE
PENIEL SUPERMERCADO LTDA;MARTA APARECIDA AZEVEDO FREITAS;7,0507E+12;PENIEL
H M F SUPERMERCADOS LTDA;ERICK MOREIRA;1,02586E+13;BOIZAO
H M F SUPERMERCADOS LTDA;ERICK MOREIRA;1,02586E+13;BOIZAO
H M F SUPERMERCADOS LTDA;ERICK MOREIRA;1,02586E+13;BOIZAO
H M F SUPERMERCADOS LTDA;ERICK MOREIRA;1,02586E+13;BOIZAO
H M F SUPERMERCADOS LTDA;ERICK MOREIRA;1,02586E+13;BOIZAO
KACULA - SUPERMERCADOS KACULA LTDA - 01;LEANDRO GOLDINHO LOPES;5,48395E+13;KAÇULA
KACULA - SUPERMERCADOS KACULA LTDA - 01;LEANDRO GOLDINHO LOPES;5,48395E+13;KAÇULA
KACULA - SUPERMERCADOS KACULA LTDA - 01;LEANDRO GOLDINHO LOPES;5,48395E+13;KAÇULA
KACULA - SUPERMERCADOS KACULA LTDA - 02;LEANDRO GOLDINHO LOPES;5,48395E+13;KAÇULA
KACULA - SUPERMERCADOS KACULA LTDA - 02;LEANDRO GOLDINHO LOPES;5,48395E+13;KAÇULA
KACULA - SUPERMERCADOS KACULA LTDA - 02;LEANDRO GOLDINHO LOPES;5,48395E+13;KAÇULA
KACULA - SUPERMERCADOS KACULA LTDA - 03;LEANDRO GOLDINHO LOPES;5,48395E+13;KAÇULA
KACULA - SUPERMERCADOS KACULA LTDA - 03;LEANDRO GOLDINHO LOPES;5,48395E+13;KAÇULA
KACULA - SUPERMERCADOS KACULA LTDA - 03;LEANDRO GOLDINHO LOPES;5,48395E+13;KAÇULA
KACULA - SUPERMERCADOS KACULA LTDA - 04;LEANDRO GOLDINHO LOPES;5,48395E+13;KAÇULA
KACULA - SUPERMERCADOS KACULA LTDA - 04;LEANDRO GOLDINHO LOPES;5,48395E+13;KAÇULA
KACULA - SUPERMERCADOS KACULA LTDA - 04;LEANDRO GOLDINHO LOPES;5,48395E+13;KAÇULA
KACULA - SUPERMERCADOS KACULA LTDA - 05;LEANDRO GOLDINHO LOPES;5,48395E+13;KAÇULA
KACULA - SUPERMERCADOS KACULA LTDA - 05;LEANDRO GOLDINHO LOPES;5,48395E+13;KAÇULA
KACULA - SUPERMERCADOS KACULA LTDA - 05;LEANDRO GOLDINHO LOPES;5,48395E+13;KAÇULA
CMR COMERCIO DE ALIMENTOS LTDA;JOSE SOARES;7,45343E+11;REDE LITORAL
MARCALO - SUPER MERCADO MARCALO LTDA - 06;MARIO MIZUKA;4,63536E+13;MARCALO
MARCALO - SUPER MERCADO MARCALO LTDA - 07;MARIO MIZUKA;4,63536E+13;MARCALO
MERCADINHO E ACOUGUE JARDIM CAPELA LTDA;CAROLINA DOS SANTOS ROCHA;4,93566E+13;JD CAPELA
MERCADINHO E ACOUGUE JARDIM CAPELA LTDA;CAROLINA DOS SANTOS ROCHA;4,93566E+13;JD CAPELA
MERCADINHO KI PRECO BAIXO;CAROLINA DOS SANTOS ROCHA;6,03414E+13;KI PRECO
MERCADINHO KI PRECO BAIXO;CAROLINA DOS SANTOS ROCHA;6,03414E+13;KI PRECO
SUPERFANTASTICO - MERCADINHO SUPERFANTASTICO LTDA - 01;CAROLINA DOS SANTOS ROCHA;8,8786E+12;SUPERFANTASTICO
SUPERFANTASTICO - MERCADINHO SUPERFANTASTICO LTDA - 01;CAROLINA DOS SANTOS ROCHA;8,8786E+12;SUPERFANTASTICO
SUPERFANTASTICO - MERCADINHO SUPERFANTASTICO LTDA - 01;CAROLINA DOS SANTOS ROCHA;8,8786E+12;SUPERFANTASTICO
MERCADO E ADEGA BAHIA LTDA;MARIO MIZUKA;9,00087E+12;ADEGA BAHIA
MERCANTIL CENTRAL COMERCIO DE ALIMENTOS LTDA - ME;CAROLINA DOS SANTOS ROCHA;5,78413E+13;MERCANTIL CENTRAL
MERCANTIL CENTRAL COMERCIO DE ALIMENTOS LTDA - ME;CAROLINA DOS SANTOS ROCHA;5,78413E+13;MERCANTIL CENTRAL
CASA DE CARNE CENTRAL LTDA ME - MG;MARIO MIZUKA;1,85799E+12;CASA DE CARNE CENTRAL - MG
COMERCIO DE FRUTAS E VERDURAS LOES LTDA;TELEVENDAS - DA TERRINHA;2,83216E+12;VERDUREIRA LOES
COMERCIO DE FRUTAS E VERDURAS LOES LTDA;TELEVENDAS - DA TERRINHA;2,83216E+12;VERDUREIRA LOES
COMERCIO DE FRUTAS E VERDURAS LOES LTDA;TELEVENDAS - DA TERRINHA;2,83216E+12;VERDUREIRA LOES
COMERCIO DE FRUTAS E VERDURAS LOES LTDA;TELEVENDAS - DA TERRINHA;2,83216E+12;VERDUREIRA LOES
SUPERMERCADO IRMAOS SILVA LT;JOSE RICARDO FERNANDES;6,03767E+13;SUPER IRMAOS SILVA
SUPERMERCADO IRMAOS SILVA LT;JOSE RICARDO FERNANDES;6,03767E+13;SUPER IRMAOS SILVA
SUPERMERCADO IRMAOS SILVA LT;JOSE RICARDO FERNANDES;6,03767E+13;SUPER IRMAOS SILVA
SUPERMERCADO IRMAOS SILVA LT;JOSE RICARDO FERNANDES;6,03767E+13;SUPER IRMAOS SILVA
ROGERIO DE SOUZA SILVA;JOSUE EVANGELISTA;16566501851;REPRESENTANTES DA TERRINHA
ROGERIO DE SOUZA SILVA;JOSUE EVANGELISTA;16566501851;REPRESENTANTES DA TERRINHA
MUNDO V - RATUNA MATATA COM DE PRODUTOS NATURAIS L;TELEVENDAS - DA TERRINHA;1,30361E+13;MUNDO VERDE
MUNDO V - RATUNA MATATA COM DE PRODUTOS NATURAIS L;TELEVENDAS - DA TERRINHA;1,30361E+13;MUNDO VERDE
MUNDO V - RATUNA MATATA COM DE PRODUTOS NATURAIS L;TELEVENDAS - DA TERRINHA;1,30361E+13;MUNDO VERDE
MUNDO V - RATUNA MATATA COM DE PRODUTOS NATURAIS L;TELEVENDAS - DA TERRINHA;1,30361E+13;MUNDO VERDE
MUNDO V - RATUNA MATATA COM DE PRODUTOS NATURAIS L;TELEVENDAS - DA TERRINHA;1,30361E+13;MUNDO VERDE
MERCADO NATURAL LTDA - ME - MATRIZ;LEIA;15014000189;NATURAL - MATRIZ
MERCADO NATURAL LTDA - ME - MATRIZ;DANIELLY SOUZA;15014000189;NATURAL - MATRIZ
MERCADO NATURAL LTDA - ME - MATRIZ;TELEVENDAS - DA TERRINHA;15014000189;NATURAL - MATRIZ
MERCADO NATURAL LTDA - ME - MATRIZ;MIRIAN APARECIDA;15014000189;NATURAL - MATRIZ
MERCADO NATURAL LTDA - ME - MATRIZ;ANDREZA LOPES ALVES - V;15014000189;NATURAL - MATRIZ
ROD RAF - SUPERMERCADO RR LTDA - 05;MARIO MIZUKA;2,48404E+12;ROD RAF
ROD RAF - MERCADO ZIMBRO LTDA - 07;MARIO MIZUKA;1,09159E+13;ROD RAF
ROD RAF - MERCADO DFC LTDA - 08;MARIO MIZUKA;3,16169E+12;ROD RAF
ROD RAF - MERCADO JUQUICENTER LTDA - 09;MARIO MIZUKA;3,32868E+12;ROD RAF
ESPERANCA - ATACADO E AUTO SERVICO ESPERANCA LTDA - 08;DANIEL CAMACHO;5,26494E+12;ESPERANCA
ROD RAF - SUPERMERCADO VAZAME LTDA - 11;MARIO MIZUKA;4,85381E+12;ROD RAF
ROD RAF - MINI MERCADO JARDIM BEATRIZ LTDA - 14;MARIO MIZUKA;5,9419E+13;ROD RAF
MERCADO NATURAL LTDA - ME - 01;ANDREZA LOPES ALVES - V;15014000421;NATURAL - MATRIZ
BOLSHOI CARVALHO - COMERCIO DE ALIMENTOS LTD - CARVALHO;JOSE SOARES;6,00219E+12;REDE LITORAL
VILA CEREALE ALIMENTOS NATURAIS LTDA;EDERVAL DONIZETE DA SILVA;1,69374E+13;VILA CEREALE
VILA CEREALE ALIMENTOS NATURAIS LTDA;EDERVAL DONIZETE DA SILVA;1,69374E+13;VILA CEREALE
MARIANO CANDIDO ME;TELEVENDAS - DA TERRINHA;1,16701E+13;MARIANO CANDIDO
MARIANO CANDIDO ME;TELEVENDAS - DA TERRINHA;1,16701E+13;MARIANO CANDIDO
MARIANO CANDIDO ME;TELEVENDAS - DA TERRINHA;1,16701E+13;MARIANO CANDIDO
MARIANO CANDIDO ME;TELEVENDAS - DA TERRINHA;1,16701E+13;MARIANO CANDIDO
MERCADO MARIN LTDA;JUAN HERRERA;1,08462E+12;MARIN
MERCADO MARIN LTDA;JUAN HERRERA;1,08462E+12;MARIN
MUNDO V - ESPACO VERDE DE ICARAI COM DE PRO - ICARAI;TELEVENDAS - DA TERRINHA;7,41305E+13;MUNDO VERDE
MUNDO V - ESPACO VERDE DE ICARAI COM DE PRO - ICARAI;TELEVENDAS - DA TERRINHA;7,41305E+13;MUNDO VERDE
MUNDO V - ESPACO VERDE DE ICARAI COM DE PRO - ICARAI;TELEVENDAS - DA TERRINHA;7,41305E+13;MUNDO VERDE
MUNDO V - ESPACO VERDE DE ICARAI COM DE PRO - ICARAI;TELEVENDAS - DA TERRINHA;7,41305E+13;MUNDO VERDE
SUPERMERCADO BARRADAS LTDA;TELEVENDAS - DA TERRINHA;4,68485E+12;BARRADAS
JMM RIO PRETO COMERCIAL LTDA.;MARCELO GREGORIO;3,68832E+12;TRIDICO SUPERMERCADO
BENASSI - MON CHOU COM IMP E EXPORTACAO LTDA - RJ;MILTON JUNIOR;7,13099E+12;BENASSI - RJ
OBA - GRUPO FARTURA DE HORTIFRUT LTDA - SP CD;DAIANE CRISTINA DE OLIVEIRA;4,97209E+12;OBA
OBA - GRUPO FARTURA DE HORTIFRUT LTDA - SP CD;DAIANE CRISTINA DE OLIVEIRA;4,97209E+12;OBA
OBA - GRUPO FARTURA DE HORTIFRUT LTDA - SP CD;DAIANE CRISTINA DE OLIVEIRA;4,97209E+12;OBA
OBA - GRUPO FARTURA DE HORTIFRUT LTDA - SP CD;DAIANE CRISTINA DE OLIVEIRA;4,97209E+12;OBA
OBA - GRUPO FARTURA DE HORTIFRUT LTDA - SP CD;DAIANE CRISTINA DE OLIVEIRA;4,97209E+12;OBA
SUPERMARKET - BIG MARKET MERCADOS LTDA - DEODORO;MILTON JUNIOR;1,1957E+13;SUPERMARKET
COM VAREJ HORTIFRUTIGR VL SONIA LT;CAROLINA DOS SANTOS ROCHA;6,78934E+13;HORTIFRUTI DO CAMPO
MERCADINHO NOVA FAM LTDA;JOSUE EVANGELISTA;6,60226E+13;FAM SUPERMERCADO
MERCADINHO NOVA FAM LTDA;RONILDO FERREIRA;6,60226E+13;FAM SUPERMERCADO
MERCADINHO NOVA FAM LTDA;ALICE LUCIANA;6,60226E+13;FAM SUPERMERCADO
SAFRA - SAFRA SUPERMERCADOS LTDA - 01;TELEVENDAS - DA TERRINHA;6,66906E+13;SAFRA
SUPERMECADO GRANJA VIANA II LTDA;KELVIN;6,11101E+12;GRANJA VIANA II
SUPERMECADO GRANJA VIANA II LTDA;KELVIN;6,11101E+12;GRANJA VIANA II
SUPERMECADO GRANJA VIANA II LTDA;KELVIN;6,11101E+12;GRANJA VIANA II
SUPERMECADO GRANJA VIANA II LTDA;KELVIN;6,11101E+12;GRANJA VIANA II
SUPERMECADO GRANJA VIANA II LTDA;KELVIN;6,11101E+12;GRANJA VIANA II
SUPERMECADO GRANJA VIANA II LTDA;KELVIN;6,11101E+12;GRANJA VIANA II
MERCADO 4 SOUZAS LTDA;ERICK MOREIRA;4,48647E+12;QUATRO IRMAOS SOUZA
MERCADO 4 SOUZAS LTDA;ERICK MOREIRA;4,48647E+12;QUATRO IRMAOS SOUZA
MERCADO 4 SOUZAS LTDA;ERICK MOREIRA;4,48647E+12;QUATRO IRMAOS SOUZA
THALITA PEREIRA DA SILVA;TELEVENDAS - DA TERRINHA;42763531814;COLABORADORES DA TERRINHA
SUPERMERCADO FLAQUER LTDA;ALEXANDRE VIANA;8,65734E+12;FLAQUER
SUPERMERCADO FLAQUER LTDA;ALEXANDRE VIANA;8,65734E+12;FLAQUER
SUPERMERCADO VILA RICA PLUS LTDA;ALEXANDRE VIANA;5,87477E+13;VILA RICA
SUPERMERCADO VILA RICA PLUS LTDA;ALEXANDRE VIANA;5,87477E+13;VILA RICA
SUPERMERCADO JD NAKAMURA LTDA - ME;ERICK MOREIRA;1,75697E+13;NAKAMURA
MERCADO NOVO REALIDADE LTDA - ME;EDVALDO DOS SANTOS PEREIRA;1,442E+13;NOVO REALIDADE
MERCADO NOVO REALIDADE LTDA - ME;EDVALDO DOS SANTOS PEREIRA;1,442E+13;NOVO REALIDADE
MERCADO NOVO REALIDADE LTDA - ME;EDVALDO DOS SANTOS PEREIRA;1,442E+13;NOVO REALIDADE
BARTOLOMEU SANTOS CRUZ;ERICK MOREIRA;1248330803;BARTOLOMEU CRUZ
BARTOLOMEU SANTOS CRUZ;ERICK MOREIRA;1248330803;BARTOLOMEU CRUZ
SUPERMERCADO BORNIA E BOFFI LTDA - EPP;MARIO MIZUKA;6,16457E+13;BORNIA E BOFFI
SUPERMERCADO GOYA LTDA;CARLOS FERREIRA;4,35482E+13;GOYA
SUPERMERCADO GOYA LTDA;CARLOS FERREIRA;4,35482E+13;GOYA
SUPERMERCADO GOYA LTDA;CARLOS FERREIRA;4,35482E+13;GOYA
SUPERMERCADO GOYA LTDA;CARLOS FERREIRA;4,35482E+13;GOYA
SUPERMERCADO GOYA LTDA;CARLOS FERREIRA;4,35482E+13;GOYA
SUPERMERCADO GOYA LTDA;CARLOS FERREIRA;4,35482E+13;GOYA
NOLBERTO MARTINEZ - ME;CLEO CAVALCANTI;5,45886E+13;NOLBERTO MARTINEZ
NOLBERTO MARTINEZ - ME;CLEO CAVALCANTI;5,45886E+13;NOLBERTO MARTINEZ
T OSMAR KNOB MERCADINHO - ME;JOSE ARTENCIO;1,20664E+13;T OSMAR KNOB
SUPERMERCADO JAN PRAIA GRANDE LTDA.;JOSE SOARES;6,76237E+13;KRILL - LOJAS
BARBOSA - SILVA E BARBOSA COMERCIO DE ALIMENTOS - 01;RODOLFO QUERINO LUIZ - GERENTE DE AREA;6,04376E+13;BARBOSA
BARBOSA - SILVA E BARBOSA COMERCIO DE ALIMENTOS - 01;RODOLFO QUERINO LUIZ - GERENTE DE AREA;6,04376E+13;BARBOSA
BARBOSA - SILVA E BARBOSA COMERCIO DE ALIMENTOS - 01;RODOLFO QUERINO LUIZ - GERENTE DE AREA;6,04376E+13;BARBOSA
MARIA APARECIDA SOUZA TOKU;TELEVENDAS - DA TERRINHA;8025409880;COLABORADORES DA TERRINHA
MARIA APARECIDA SOUZA TOKU;TELEVENDAS - DA TERRINHA;8025409880;COLABORADORES DA TERRINHA
BARBOSA - SILVA E BARBOSA COMERCIO DE ALIMENTOS - 03;RODOLFO QUERINO LUIZ - GERENTE DE AREA;6,04376E+13;BARBOSA
BARBOSA - SILVA E BARBOSA COMERCIO DE ALIMENTOS - 03;RODOLFO QUERINO LUIZ - GERENTE DE AREA;6,04376E+13;BARBOSA
BARBOSA - SILVA E BARBOSA COMERCIO DE ALIMENTOS - 03;RODOLFO QUERINO LUIZ - GERENTE DE AREA;6,04376E+13;BARBOSA
AKKI - 707 AUTO-SERVICO DE ALIMENTOS LTDA - 01;LEANDRO GOLDINHO LOPES;1,25395E+13;AKKI
AKKI - 707 AUTO-SERVICO DE ALIMENTOS LTDA - 01;LEANDRO GOLDINHO LOPES;1,25395E+13;AKKI
AKKI - 707 AUTO-SERVICO DE ALIMENTOS LTDA - 01;LEANDRO GOLDINHO LOPES;1,25395E+13;AKKI
AKKI - 707 AUTO-SERVICO DE ALIMENTOS LTDA - 01;LEANDRO GOLDINHO LOPES;1,25395E+13;AKKI
AKKI - 707 AUTO-SERVICO DE ALIMENTOS LTDA - 01;LEANDRO GOLDINHO LOPES;1,25395E+13;AKKI
AKKI - 707 AUTO-SERVICO DE ALIMENTOS LTDA - 01;LEANDRO GOLDINHO LOPES;1,25395E+13;AKKI
BARBOSA - SILVA E BARBOSA COMERCIO DE ALIMENTOS - 04;RODOLFO QUERINO LUIZ - GERENTE DE AREA;6,04376E+13;BARBOSA
BARBOSA - SILVA E BARBOSA COMERCIO DE ALIMENTOS - 04;RODOLFO QUERINO LUIZ - GERENTE DE AREA;6,04376E+13;BARBOSA
BARBOSA - SILVA E BARBOSA COMERCIO DE ALIMENTOS - 04;RODOLFO QUERINO LUIZ - GERENTE DE AREA;6,04376E+13;BARBOSA
AKKI - 707 AUTO-SERVICO DE ALIMENTOS LTDA - 02;LEANDRO GOLDINHO LOPES;1,25395E+13;AKKI
AKKI - 707 AUTO-SERVICO DE ALIMENTOS LTDA - 02;LEANDRO GOLDINHO LOPES;1,25395E+13;AKKI
AKKI - 707 AUTO-SERVICO DE ALIMENTOS LTDA - 02;LEANDRO GOLDINHO LOPES;1,25395E+13;AKKI
AKKI - 707 AUTO-SERVICO DE ALIMENTOS LTDA - 02;LEANDRO GOLDINHO LOPES;1,25395E+13;AKKI
AKKI - 707 AUTO-SERVICO DE ALIMENTOS LTDA - 02;LEANDRO GOLDINHO LOPES;1,25395E+13;AKKI
AKKI - 707 AUTO-SERVICO DE ALIMENTOS LTDA - 02;LEANDRO GOLDINHO LOPES;1,25395E+13;AKKI
BARBOSA - SILVA E BARBOSA COMERCIO DE ALIMENTOS - 05;RODOLFO QUERINO LUIZ - GERENTE DE AREA;6,04376E+13;BARBOSA
BARBOSA - SILVA E BARBOSA COMERCIO DE ALIMENTOS - 05;RODOLFO QUERINO LUIZ - GERENTE DE AREA;6,04376E+13;BARBOSA
BARBOSA - SILVA E BARBOSA COMERCIO DE ALIMENTOS - 05;RODOLFO QUERINO LUIZ - GERENTE DE AREA;6,04376E+13;BARBOSA
BARBOSA - SILVA E BARBOSA COMERCIO DE ALIMENTOS - 05;RODOLFO QUERINO LUIZ - GERENTE DE AREA;6,04376E+13;BARBOSA
BARBOSA - SILVA E BARBOSA COMERCIO DE ALIMENTOS - 06;RODOLFO QUERINO LUIZ - GERENTE DE AREA;6,04376E+13;BARBOSA
BARBOSA - SILVA E BARBOSA COMERCIO DE ALIMENTOS - 06;RODOLFO QUERINO LUIZ - GERENTE DE AREA;6,04376E+13;BARBOSA
BARBOSA - SILVA E BARBOSA COMERCIO DE ALIMENTOS - 06;RODOLFO QUERINO LUIZ - GERENTE DE AREA;6,04376E+13;BARBOSA
AKKI - 707 AUTO-SERVICO DE ALIMENTOS LTDA - 03;LEANDRO GOLDINHO LOPES;1,25395E+13;AKKI
AKKI - 707 AUTO-SERVICO DE ALIMENTOS LTDA - 03;LEANDRO GOLDINHO LOPES;1,25395E+13;AKKI
AKKI - 707 AUTO-SERVICO DE ALIMENTOS LTDA - 03;LEANDRO GOLDINHO LOPES;1,25395E+13;AKKI
AKKI - 707 AUTO-SERVICO DE ALIMENTOS LTDA - 03;LEANDRO GOLDINHO LOPES;1,25395E+13;AKKI
AKKI - 707 AUTO-SERVICO DE ALIMENTOS LTDA - 03;LEANDRO GOLDINHO LOPES;1,25395E+13;AKKI
AKKI - 707 AUTO-SERVICO DE ALIMENTOS LTDA - 03;LEANDRO GOLDINHO LOPES;1,25395E+13;AKKI
BARBOSA - SILVA E BARBOSA COMERCIO DE ALIMENTOS - 08;RODOLFO QUERINO LUIZ - GERENTE DE AREA;6,04376E+13;BARBOSA
BARBOSA - SILVA E BARBOSA COMERCIO DE ALIMENTOS - 08;RODOLFO QUERINO LUIZ - GERENTE DE AREA;6,04376E+13;BARBOSA
BARBOSA - SILVA E BARBOSA COMERCIO DE ALIMENTOS - 08;RODOLFO QUERINO LUIZ - GERENTE DE AREA;6,04376E+13;BARBOSA
BARBOSA - SILVA E BARBOSA COMERCIO DE ALIMENTOS - 08;RODOLFO QUERINO LUIZ - GERENTE DE AREA;6,04376E+13;BARBOSA
BARBOSA - SILVA E BARBOSA COMERCIO DE ALIMENTOS - 09;RODOLFO QUERINO LUIZ - GERENTE DE AREA;6,04376E+13;BARBOSA
BARBOSA - SILVA E BARBOSA COMERCIO DE ALIMENTOS - 09;RODOLFO QUERINO LUIZ - GERENTE DE AREA;6,04376E+13;BARBOSA
BARBOSA - SILVA E BARBOSA COMERCIO DE ALIMENTOS - 09;RODOLFO QUERINO LUIZ - GERENTE DE AREA;6,04376E+13;BARBOSA
BARBOSA - SILVA E BARBOSA COMERCIO DE ALIMENTOS - 11;RODOLFO QUERINO LUIZ - GERENTE DE AREA;6,04376E+13;BARBOSA
BARBOSA - SILVA E BARBOSA COMERCIO DE ALIMENTOS - 11;RODOLFO QUERINO LUIZ - GERENTE DE AREA;6,04376E+13;BARBOSA
BARBOSA - SILVA E BARBOSA COMERCIO DE ALIMENTOS - 11;RODOLFO QUERINO LUIZ - GERENTE DE AREA;6,04376E+13;BARBOSA
BARBOSA - SILVA E BARBOSA COMERCIO DE ALIMENTOS - 12;NILCEIA AP DE SOUZA;6,04376E+13;BARBOSA
BARBOSA - SILVA E BARBOSA COMERCIO DE ALIMENTOS - 12;NILCEIA AP DE SOUZA;6,04376E+13;BARBOSA
BARBOSA - SILVA E BARBOSA COMERCIO DE ALIMENTOS - 12;NILCEIA AP DE SOUZA;6,04376E+13;BARBOSA
BARBOSA - SILVA E BARBOSA COMERCIO DE ALIMENTOS - 12;NILCEIA AP DE SOUZA;6,04376E+13;BARBOSA
AKKI - 707 AUTO-SERVICO DE ALIMENTOS LTDA - 04;LEANDRO GOLDINHO LOPES;1,25395E+13;AKKI
AKKI - 707 AUTO-SERVICO DE ALIMENTOS LTDA - 04;LEANDRO GOLDINHO LOPES;1,25395E+13;AKKI
AKKI - 707 AUTO-SERVICO DE ALIMENTOS LTDA - 04;LEANDRO GOLDINHO LOPES;1,25395E+13;AKKI
AKKI - 707 AUTO-SERVICO DE ALIMENTOS LTDA - 04;LEANDRO GOLDINHO LOPES;1,25395E+13;AKKI
AKKI - 707 AUTO-SERVICO DE ALIMENTOS LTDA - 04;LEANDRO GOLDINHO LOPES;1,25395E+13;AKKI
AKKI - 707 AUTO-SERVICO DE ALIMENTOS LTDA - 04;LEANDRO GOLDINHO LOPES;1,25395E+13;AKKI
BARBOSA - SILVA E BARBOSA COMERCIO DE ALIMENTOS - 16;NILCEIA AP DE SOUZA;6,04376E+13;BARBOSA
BARBOSA - SILVA E BARBOSA COMERCIO DE ALIMENTOS - 16;NILCEIA AP DE SOUZA;6,04376E+13;BARBOSA
BARBOSA - SILVA E BARBOSA COMERCIO DE ALIMENTOS - 16;NILCEIA AP DE SOUZA;6,04376E+13;BARBOSA
RICARDO ISSAO TOYOFUKE;TELEVENDAS - DA TERRINHA;29568789804;COLABORADORES DA TERRINHA
STYLLUS - CATANHO E CATANHO LTDA - 02;FELIPE GOMES;5,4902E+13;STYLLUS
STYLLUS - CATANHO E CATANHO LTDA - 02;FELIPE GOMES;5,4902E+13;STYLLUS
STYLLUS - CATANHO E CATANHO LTDA - 02;FELIPE GOMES;5,4902E+13;STYLLUS
STYLLUS - SUPERMERCADO STYLLUS LTDA - 01;FELIPE GOMES;7,17137E+13;STYLLUS
STYLLUS - SUPERMERCADO STYLLUS LTDA - 01;FELIPE GOMES;7,17137E+13;STYLLUS
STYLLUS - SUPERMERCADO STYLLUS LTDA - 01;FELIPE GOMES;7,17137E+13;STYLLUS
STYLLUS - COM DE PROD ALIMENT STYLLUS DE IGARAT - 03;FELIPE GOMES;5,39155E+13;STYLLUS
STYLLUS - COM DE PROD ALIMENT STYLLUS DE IGARAT - 03;FELIPE GOMES;5,39155E+13;STYLLUS
STYLLUS - COM DE PROD ALIMENT STYLLUS DE IGARAT - 03;FELIPE GOMES;5,39155E+13;STYLLUS
ITAMAMBUCA COMERCIO DE ALIMENTOS LTDA - 01;JULIANA RIBEIRA;8,27157E+12;ITAMAMBUCA
J SILVA CARVALHO;INES MARTIN;4,34887E+13;BAR DO TOCO
MERCADINHO & ROTISSERIE BOA PRACA LTDA;CAROLINA DOS SANTOS ROCHA;8,82463E+12;ESTADIO
MERCADINHO & ROTISSERIE BOA PRACA LTDA;CAROLINA DOS SANTOS ROCHA;8,82463E+12;ESTADIO
MERCADINHO & ROTISSERIE BOA PRACA LTDA;CAROLINA DOS SANTOS ROCHA;8,82463E+12;ESTADIO
MERCADINHO & ROTISSERIE BOA PRACA LTDA;CAROLINA DOS SANTOS ROCHA;8,82463E+12;ESTADIO
MERCADINHO & ROTISSERIE BOA PRACA LTDA;CAROLINA DOS SANTOS ROCHA;8,82463E+12;ESTADIO
MERCADINHO & ROTISSERIE BOA PRACA LTDA;CAROLINA DOS SANTOS ROCHA;8,82463E+12;ESTADIO
MERCADINHO & ROTISSERIE BOA PRACA LTDA;CAROLINA DOS SANTOS ROCHA;8,82463E+12;ESTADIO
MERCADINHO ESTADIO & ROTISSERIE LTDA;CAROLINA DOS SANTOS ROCHA;1,615E+11;ESTADIO
MERCADINHO ESTADIO & ROTISSERIE LTDA;CAROLINA DOS SANTOS ROCHA;1,615E+11;ESTADIO
MERCADINHO ESTADIO & ROTISSERIE LTDA;CAROLINA DOS SANTOS ROCHA;1,615E+11;ESTADIO
MERCADINHO ESTADIO & ROTISSERIE LTDA;CAROLINA DOS SANTOS ROCHA;1,615E+11;ESTADIO
MERCADINHO ESTADIO & ROTISSERIE LTDA;CAROLINA DOS SANTOS ROCHA;1,615E+11;ESTADIO
MERCADINHO ESTADIO & ROTISSERIE LTDA;CAROLINA DOS SANTOS ROCHA;1,615E+11;ESTADIO
MERCADINHO ESTADIO & ROTISSERIE LTDA;CAROLINA DOS SANTOS ROCHA;1,615E+11;ESTADIO
MERCADINHO INTERLAGOS CENTER LTDA;ERICK MOREIRA;6,73155E+13;INTERLAGOS CENTER LTDA
MERCADINHO INTERLAGOS CENTER LTDA;ERICK MOREIRA;6,73155E+13;INTERLAGOS CENTER LTDA
MERCADINHO JVC LTDA;PEDRO LACERDA;4,97249E+12;JVC
MERCADINHO JVC LTDA;MARIO MAYORAL;4,97249E+12;JVC
MERCADINHO JVC LTDA;ANDREZA LOPES ALVES - V;4,97249E+12;JVC
MERCADINHO MANBS LTDA;INES MARTIN;2,64921E+12;MANBS
MERCADINHO MANBS LTDA;INES MARTIN;2,64921E+12;MANBS
MERCADINHO MANBS LTDA;INES MARTIN;2,64921E+12;MANBS
MERCADINHO MANBS LTDA;INES MARTIN;2,64921E+12;MANBS
SUPERMERCADO CATANDUVA LTDA;LEANDRO GOLDINHO LOPES;6,27925E+13;CATANDUVA
SUPERMERCADO CATANDUVA LTDA;LEANDRO GOLDINHO LOPES;6,27925E+13;CATANDUVA
SUPERMERCADO CATANDUVA LTDA;LEANDRO GOLDINHO LOPES;6,27925E+13;CATANDUVA
MERCADO VIOLETA LTDA - 02;LEANDRO GOLDINHO LOPES;4,74267E+12;VIOLETA
MERCADO VIOLETA LTDA - 02;LEANDRO GOLDINHO LOPES;4,74267E+12;VIOLETA
MERCADO VIOLETA LTDA - 02;LEANDRO GOLDINHO LOPES;4,74267E+12;VIOLETA
MERCADO VIOLETA LTDA - 02;LEANDRO GOLDINHO LOPES;4,74267E+12;VIOLETA
PADARIA E CONFEITARIA VIVA A NOITE LTDA;EDVALDO DOS SANTOS PEREIRA;6,04867E+13;PADARIA VIVA NOITE - JEQUIRITUBA
HORT MAIS - REDE HORT MAIS HORTIFRUTI LTDA - SABARA;FELIPE GOMES;7,84474E+12;HORT MAIS
HORT MAIS - REDE HORT MAIS HORTIFRUTI LTDA - SABARA;FELIPE GOMES;7,84474E+12;HORT MAIS
HORT MAIS - REDE HORT MAIS HORTIFRUTI LTDA - SABARA;FELIPE GOMES;7,84474E+12;HORT MAIS
MERCADINHO NIKKEY LT;INES MARTIN;4,62135E+13;NIKKEY
MERCADINHO NIKKEY LT;INES MARTIN;4,62135E+13;NIKKEY
MERCADINHO NIKKEY LT;INES MARTIN;4,62135E+13;NIKKEY
MERCADINHO NIKKEY LT;INES MARTIN;4,62135E+13;NIKKEY
MERCADINHO NIKKEY LT;INES MARTIN;4,62135E+13;NIKKEY
MERCADINHO NIKKEY LT;INES MARTIN;4,62135E+13;NIKKEY
SUPERMERCADO CLUB DE CAMPO LTDA;GILMERIO QUEIROZ - GERENTE DE AREA;4,4008E+13;CLUB DE CAMPO
SUPERMERCADO CLUB DE CAMPO LTDA;GILMERIO QUEIROZ - GERENTE DE AREA;4,4008E+13;CLUB DE CAMPO
SUPERMERCADO AGATE CASA VERDE LTDA;CARLOS FERREIRA;7,28915E+12;SUPERMERCADO AGATE
SUPERMERCADO AGATE CASA VERDE LTDA;CARLOS FERREIRA;7,28915E+12;SUPERMERCADO AGATE
SUPERMERCADO AGATE CASA VERDE LTDA;CARLOS FERREIRA;7,28915E+12;SUPERMERCADO AGATE
SUPERMERCADO AGATE CASA VERDE LTDA;CARLOS FERREIRA;7,28915E+12;SUPERMERCADO AGATE
SUPERMERCADO AGATE CASA VERDE LTDA;CARLOS FERREIRA;7,28915E+12;SUPERMERCADO AGATE
SUPERMERCADO AGATE CASA VERDE LTDA;CARLOS FERREIRA;7,28915E+12;SUPERMERCADO AGATE
SUPERMERCADO AGATE CASA VERDE LTDA;CARLOS FERREIRA;7,28915E+12;SUPERMERCADO AGATE
ALTA ROTACAO - SUPERMERCADO ALTA ROTACAO LTDA - 01;MARIO MIZUKA;2,8952E+12;ALTA ROTACAO
SUPERMERCADOS BANDEIRA LTDA;MARIO MIZUKA;4,76583E+13;BANDEIRA
SUPERMERCADO GEOVANNA LTDA;CAROLINA DOS SANTOS ROCHA;1,89006E+12;SUPERMERCADO GEOVANNA
SUPERMERCADO GEOVANNA LTDA;CAROLINA DOS SANTOS ROCHA;1,89006E+12;SUPERMERCADO GEOVANNA
SUPERMERCADO GEOVANNA LTDA;CAROLINA DOS SANTOS ROCHA;1,89006E+12;SUPERMERCADO GEOVANNA
SUPERMERCADO GEOVANNA LTDA;CAROLINA DOS SANTOS ROCHA;1,89006E+12;SUPERMERCADO GEOVANNA
SUPERMERCADO GEOVANNA LTDA;CAROLINA DOS SANTOS ROCHA;1,89006E+12;SUPERMERCADO GEOVANNA
SUPERMERCADO GEOVANNA LTDA;CAROLINA DOS SANTOS ROCHA;1,89006E+12;SUPERMERCADO GEOVANNA
SUPERMERCADO GEOVANNA LTDA;CAROLINA DOS SANTOS ROCHA;1,89006E+12;SUPERMERCADO GEOVANNA
SUPERMERCADO SUPERBOX LEMOS LTDA - ME;TELEVENDAS - DA TERRINHA;6,15705E+13;SUPER BOX
SUPERVAREJAO SAUDE LTDA - 01;INES MARTIN;6,2402E+13;SUPERVAREJAO SAUDE
SUPERVAREJAO SAUDE LTDA - 01;INES MARTIN;6,2402E+13;SUPERVAREJAO SAUDE
SUPERVAREJAO SAUDE LTDA - 01;INES MARTIN;6,2402E+13;SUPERVAREJAO SAUDE
SUPERVAREJAO SAUDE LTDA - 01;INES MARTIN;6,2402E+13;SUPERVAREJAO SAUDE
SUPERVAREJAO SAUDE LTDA - 01;INES MARTIN;6,2402E+13;SUPERVAREJAO SAUDE
TONYNETE COMERCIAL LTDA;TELEVENDAS - DA TERRINHA;4,18396E+12;TONYNETE
TONYNETE COMERCIAL LTDA;ANTONINO FLAVIO;4,18396E+12;TONYNETE
JD IDEAL COMERCIO DE ALIMENTOS LTDA - ME;CAROLINA DOS SANTOS ROCHA;1,30187E+12;JD IDEAL
JD IDEAL COMERCIO DE ALIMENTOS LTDA - ME;CAROLINA DOS SANTOS ROCHA;1,30187E+12;JD IDEAL
JD MALIA COMERCIO DE ALIMENTOS LTDA EPP;CAROLINA DOS SANTOS ROCHA;5,89674E+12;JD MALIA
JD MALIA COMERCIO DE ALIMENTOS LTDA EPP;CAROLINA DOS SANTOS ROCHA;5,89674E+12;JD MALIA
MINI MERCADO PARQUE COCAIA II LTDA;JOSE ARTENCIO - DS;7,8127E+12;MERCADO GRAJAU
MINI MERCADO PARQUE COCAIA II LTDA;JOSE ARTENCIO - DS;7,8127E+12;MERCADO GRAJAU
SUPERMERCADO OURINHOS LTDA;FELIPE GOMES;4,69519E+13;OURINHOS
SUPERMERCADO OURINHOS LTDA;FELIPE GOMES;4,69519E+13;OURINHOS
SUPERMERCADO OURINHOS LTDA;FELIPE GOMES;4,69519E+13;OURINHOS
PARRACHO COMERCIO DE DOCES E ALIMENTOS LTDA - 01;JOSE ARTENCIO - AS;6,4883E+13;PARRACHO
PARRACHO COMERCIO DE DOCES E ALIMENTOS LTDA - 01;JOSE ARTENCIO - AS;6,4883E+13;PARRACHO
FEDERZONI - S S COM DE ALIMENTOS LTDA - 01;CLAUDIO AKIO SOGA;6,79544E+13;FEDERZONI
FEDERZONI - S S COM DE ALIMENTOS LTDA - 01;CLAUDIO AKIO SOGA;6,79544E+13;FEDERZONI
FEDERZONI - S S COM DE ALIMENTOS LTDA - 01;CLAUDIO AKIO SOGA;6,79544E+13;FEDERZONI
FEDERZONI - FEDERZONI SERPA COMERCIO DE ALIMENTOS L - 02;CLAUDIO AKIO SOGA;7,16538E+12;FEDERZONI
FEDERZONI - FEDERZONI SERPA COMERCIO DE ALIMENTOS L - 02;CLAUDIO AKIO SOGA;7,16538E+12;FEDERZONI
FEDERZONI - FEDERZONI SERPA COMERCIO DE ALIMENTOS L - 02;CLAUDIO AKIO SOGA;7,16538E+12;FEDERZONI
TRIMAIS SUPERMERCADOS S/A;DANIEL CAMACHO;7,9475E+12;TRIMAIS (BERGAMAIS) LOJAS
SUPERMERCADO DA PRACA DE SAPOPEMBA LTDA;LEONARDO VINICIUS;1,21078E+13;DA PRACA
DA PRACA - SUPERMERCADO JARDIM VILA CARRAO LTDA - 15;LEONARDO VINICIUS;1,20632E+13;DA PRACA
FRIGOYAMA SUPERMERCADOS LTDA;KELVIN;1,09679E+13;FRIGOYAMA
FRIGOYAMA SUPERMERCADOS LTDA;KELVIN;1,09679E+13;FRIGOYAMA
FRIGOYAMA SUPERMERCADOS LTDA;KELVIN;1,09679E+13;FRIGOYAMA
FRIGOYAMA SUPERMERCADOS LTDA;KELVIN;1,09679E+13;FRIGOYAMA
FRIGOYAMA SUPERMERCADOS LTDA;KELVIN;1,09679E+13;FRIGOYAMA
HMF - SUPERMERCADOS LTDA - 03;MARIO MIZUKA;1,02586E+13;HMF
HMF - SUPERMERCADOS LTDA - 01;ERICK MOREIRA;1,02586E+13;BOIZAO
HMF - SUPERMERCADOS LTDA - 01;ERICK MOREIRA;1,02586E+13;BOIZAO
HMF - SUPERMERCADOS LTDA - 01;ERICK MOREIRA;1,02586E+13;BOIZAO
HMF - SUPERMERCADOS LTDA - 01;ERICK MOREIRA;1,02586E+13;BOIZAO
HMF - SUPERMERCADOS LTDA - 01;ERICK MOREIRA;1,02586E+13;BOIZAO
NAVARRO - MERCADO NAVARRO LTDA - 02;CAROLINA DOS SANTOS ROCHA;1,40155E+13;NAVARRO
NAVARRO - MERCADO NAVARRO LTDA - 02;CAROLINA DOS SANTOS ROCHA;1,40155E+13;NAVARRO
COMERCIAL DE ALIMENTOS OLIVEIRA LEAO LTDA;MARIO MIZUKA;5,95813E+12;OLIVEIRA LEAO
MERCADINHO PRIMALTER LTDA;CAROLINA DOS SANTOS ROCHA;5,6802E+13;PRIMALTER
MERCADINHO PRIMALTER LTDA;CAROLINA DOS SANTOS ROCHA;5,6802E+13;PRIMALTER
CASA DE CARNES TURMALINA LTDA;ALENCAR SILVA;3,57394E+12;TURMALINA
CASA DE CARNES TURMALINA LTDA;ALENCAR SILVA;3,57394E+12;TURMALINA
COOP - COOPERATIVA DE CONSUMO;CAIO VINICIUS AMORIM;5,75084E+13;COOP - LOJAS
COOP - COOPERATIVA DE CONSUMO;CAIO VINICIUS AMORIM;5,75084E+13;COOP - LOJAS
COOP - COOPERATIVA DE CONSUMO;CAIO VINICIUS AMORIM;5,75084E+13;COOP - LOJAS
COOP - COOPERATIVA DE CONSUMO;CAIO VINICIUS AMORIM;5,75084E+13;COOP - LOJAS
JOSE LOPES LACERDA;JUAREZ COSTA;7,1856E+13;CASA DO NORTE LACERDA
KLEBER CARNES LTDA ME;INES MARTIN;7,7521E+12;KLEBER CARNES
KLEBER CARNES LTDA ME;INES MARTIN;7,7521E+12;KLEBER CARNES
KLEBER CARNES LTDA ME;INES MARTIN;7,7521E+12;KLEBER CARNES
M G ENTREPOSTO DE CARNES LTDA;KELVIN;5,39248E+13;M G ENTREPOSTO
M G ENTREPOSTO DE CARNES LTDA;KELVIN;5,39248E+13;M G ENTREPOSTO
M G ENTREPOSTO DE CARNES LTDA;KELVIN;5,39248E+13;M G ENTREPOSTO
M G ENTREPOSTO DE CARNES LTDA;KELVIN;5,39248E+13;M G ENTREPOSTO
M G ENTREPOSTO DE CARNES LTDA;KELVIN;5,39248E+13;M G ENTREPOSTO
M G ENTREPOSTO DE CARNES LTDA;KELVIN;5,39248E+13;M G ENTREPOSTO
M G ENTREPOSTO DE CARNES LTDA;KELVIN;5,39248E+13;M G ENTREPOSTO
SUPERMERCADO ALVORADA INAMAR EIRELI;JUAREZ COSTA;1,56215E+12;REDE ALVORADA
SUPERMERCADO ALVORADA INAMAR EIRELI;JUAREZ COSTA;1,56215E+12;REDE ALVORADA
SUPERMERCADO ALVORADA INAMAR EIRELI;JUAREZ COSTA;1,56215E+12;REDE ALVORADA
CRISTINA MARIA MONTEIRO DE SOUSA ME;JOSE ARTENCIO;4,55045E+12;CRISTINA
MERCADINHO FILIPINHO LTDA;JOSE ARTENCIO - AS;6,59088E+13;MERCADO FILIPINHO
MERCADINHO MANJE LTDA - ME;ERICK MOREIRA;4,89896E+12;MANJE
MERCADINHO MANJE LTDA - ME;ERICK MOREIRA;4,89896E+12;MANJE
MERCADINHO MANJE LTDA - ME;ERICK MOREIRA;4,89896E+12;MANJE
MERCADINHO PRAKASA LIMITADA - EPP;JOSE ARTENCIO;6,6112E+13;PRAKASA
MERCADINHO PRAKASA LIMITADA - EPP;JOSE ARTENCIO;6,6112E+13;PRAKASA
HOZUMI MOROKAWA COTIA - ME;PAULO COSTA;7,29787E+13;HOZUMI MOROKAWA
HOZUMI MOROKAWA COTIA - ME;PAULO COSTA;7,29787E+13;HOZUMI MOROKAWA
MINI MERCADO COSTA E BOMFIM LTDA;JOSE ARTENCIO;5,0373E+12;COSTA E BOMFIM
MINI MERCADO COSTA E BOMFIM LTDA;JOSE ARTENCIO;5,0373E+12;COSTA E BOMFIM
PANIFICADORA CONFEITARIA RAINHA DE CIPO LTDA;KELVIN;5,40398E+13;RAINHA DE CIPO
PANIFICADORA CONFEITARIA RAINHA DE CIPO LTDA;KELVIN;5,40398E+13;RAINHA DE CIPO
SUPERMERCADO G NOVELLINI LTDA;MARIO MIZUKA;6,2088E+13;G NOVELLINI
MERCADINHO GB ALVES E SILVA LTDA - ME;JOSE ARTENCIO;6,94276E+12;MERCADINHO GB
MERCADINHO COPA 70 LTDA - ME;JOSE ARTENCIO;1,38124E+13;MERCADINHO COPA 70
MERCADO TODA HORA - M DAS D DO NASCIMENTO - MERCEARIA - ME;TELEVENDAS - DA TERRINHA;1,27443E+13;TODA HORA
COMERCIAL PRACA DA ARVORE LTDA - ME;ALICE LUCIANA;7,39147E+11;PRACA DA ARVORE
COMERCIAL PRACA DA ARVORE LTDA - ME;RONILDO FERREIRA;7,39147E+11;PRACA DA ARVORE
NW - H W MERCEARIA LTDA ME;INES MARTIN;6,1838E+12;N W MERCEARIA
MINI MERCADO BABY LTDA - ME;INES MARTIN;5,22268E+13;BABY
MERCADO ZOO SAFARI LTDA ME;ALICE LUCIANA;2,58606E+12;ZOO SAFARI
MERCADO ZOO SAFARI LTDA ME;EUGENIO GOMES PONTES;2,58606E+12;ZOO SAFARI
MERCADO REMAX LTDA - EPP;TELEVENDAS - DA TERRINHA;13026000174;REMAX
MERCADO REMAX LTDA - EPP;TELEVENDAS - DA TERRINHA;13026000174;REMAX
MERCADO REMAX LTDA - EPP;TELEVENDAS - DA TERRINHA;13026000174;REMAX
MERCADO REMAX LTDA - EPP;TELEVENDAS - DA TERRINHA;13026000174;REMAX
MERCADO REMAX LTDA - EPP;TELEVENDAS - DA TERRINHA;13026000174;REMAX
MAXXI ATACADO - WMS SUPERMERCADOS DO BRASIL LTDA - DIADEMA;ROBERTO OLIVEIRA ANDRADE;9,32098E+13;ATACADAO - SP LOJAS
MAXXI ATACADO - WMS SUPERMERCADOS DO BRASIL LTDA - TABOAO;ROBERTO OLIVEIRA ANDRADE;9,32098E+13;ATACADAO - SP LOJAS
MERCADO MARIA DO CEU LTDA;ALICE LUCIANA;1,73414E+13;MARIA DO CEU
MERCADO MARIA DO CEU LTDA;GILSON CORTEZ;1,73414E+13;MARIA DO CEU
MINIMERCADO BOM CLIMA LTDA - ME;ERICK MOREIRA;1,54482E+13;BOM CLIMA
MINIMERCADO BOM CLIMA LTDA - ME;ERICK MOREIRA;1,54482E+13;BOM CLIMA
MINIMERCADO BOM CLIMA LTDA - ME;ERICK MOREIRA;1,54482E+13;BOM CLIMA
MINIMERCADO BOM CLIMA LTDA - ME;ERICK MOREIRA;1,54482E+13;BOM CLIMA
MERCADO EXITO LTDA;SILVANO ARRUDA;4,24281E+12;EXITO
MERCADO EXITO LTDA;SILVANO ARRUDA;4,24281E+12;EXITO
MERCADO EXITO LTDA;SILVANO ARRUDA;4,24281E+12;EXITO
DELIKATESSE II PAES E DOCES LTDA;ERICK MOREIRA;6,72747E+13;BANDEIRANTES
DELIKATESSE II PAES E DOCES LTDA;ERICK MOREIRA;6,72747E+13;BANDEIRANTES
AYUMI - MERCADINHO AYUMI LTDA - 05;LEANDRO GOLDINHO LOPES;6,76161E+13;AYUMI
AYUMI - MERCADINHO AYUMI LTDA - 05;LEANDRO GOLDINHO LOPES;6,76161E+13;AYUMI
AYUMI - MERCADINHO AYUMI LTDA - 05;LEANDRO GOLDINHO LOPES;6,76161E+13;AYUMI
SONDA SUPERMERCADOS EXP E IMP S A - 38;ANGELA MARIA;1,93764E+12;SONDA
SONDA SUPERMERCADOS EXP E IMP S A - 38;ANGELA MARIA;1,93764E+12;SONDA
SONDA SUPERMERCADOS EXP E IMP S A - 38;ANGELA MARIA;1,93764E+12;SONDA
SONDA SUPERMERCADOS EXP E IMP S A - 38;ANGELA MARIA;1,93764E+12;SONDA
SONDA SUPERMERCADOS EXPORTACAO E IMPORTACAO S.A.;ANGELA MARIA;1,93764E+12;SONDA
SONDA SUPERMERCADOS EXPORTACAO E IMPORTACAO S.A.;ANGELA MARIA;1,93764E+12;SONDA
FABIO ALVES VIEIRA MERCEARIA - ME;JOEL TEIXEIRA FERREIRA;5,65237E+12;MERCADO VIEIRA
SUPERMERCADO MINA ALTA LTDA - ME;KELVIN;5,33432E+13;MINA ALTA
SUPERMERCADO MINA ALTA LTDA - ME;KELVIN;5,33432E+13;MINA ALTA
SUPERMERCADO MINA ALTA LTDA - ME;KELVIN;5,33432E+13;MINA ALTA
EXTRA - COMPANHIA BRASILEIRA DE DISTRIBUICAO - PARELHEIROS;EDMILSON NUNES;4,75084E+13;EXTRA
EXTRA - COMPANHIA BRASILEIRA DE DISTRIBUICAO - SANTO AMARO;EDMILSON NUNES;4,75084E+13;EXTRA
EXTRA - COMPANHIA BRASILEIRA DE DISTRIBUICAO - VILA SAO JOSE;EDMILSON NUNES;4,75084E+13;EXTRA
EMPORIUM HITOMIX LTDA;INES MARTIN;1,30634E+13;EMPORIUM HITOMIX
EMPORIUM HITOMIX LTDA;INES MARTIN;1,30634E+13;EMPORIUM HITOMIX
EMPORIUM HITOMIX LTDA;INES MARTIN;1,30634E+13;EMPORIUM HITOMIX
CABRAL & COUTINHO LTDA;SILVANO ARRUDA;4,33074E+13;CABRAL & COUTINHO
CABRAL & COUTINHO LTDA;SILVANO ARRUDA;4,33074E+13;CABRAL & COUTINHO
TEODULO MOURA DE SANTANA MINI MERCA;ERICK MOREIRA;9,27098E+12;TEODULO
TEODULO MOURA DE SANTANA MINI MERCA;ERICK MOREIRA;9,27098E+12;TEODULO
MUNDO V - LEVE NUTRI OK COM DE PROD NAT LTDA ME -  VILA MARI;TELEVENDAS - DA TERRINHA;1,08642E+13;MUNDO VERDE
TEODULO MOURA SANTANA;ERICK MOREIRA;91614732515;TEODULO
EXTRA - COMPANHIA BRASILEIRA DE DISTRIBUICAO - TABOAO DA SER;EDMILSON NUNES;4,75084E+13;EXTRA
COMPANHIA BRASILEIRA DE DISTRIBUICAO;EDMILSON NUNES;4,75084E+13;EXTRA
FIT FOOD BAR E LANCHES LTDA;JOSE ARTENCIO;4,01507E+12;FIT FOOD
FIT FOOD BAR E LANCHES LTDA;JOSE ARTENCIO;4,01507E+12;FIT FOOD
ATACADAO S A - 102;MILTON JUNIOR;7,53153E+13;ATACADAO - RJ
ATACADAO S.A.;LUCAS FROIS MACHADO;7,53153E+13;ATACADAO - MG
ATACADAO S A - 65;MILTON JUNIOR;7,53153E+13;ATACADAO - RJ
ATACADAO S A - 67;MILTON JUNIOR;7,53153E+13;ATACADAO - RJ
ATACADAO S A - 63;MILTON JUNIOR;7,53153E+13;ATACADAO - RJ
ATACADAO S A - 78;MILTON JUNIOR;7,53153E+13;ATACADAO - RJ
AUTO POSTO ALAMEDA SANTOS LTDA;INES MARTIN;5,58021E+12;CAFETERIA ALAMEDA
AUTO POSTO ALAMEDA SANTOS LTDA;INES MARTIN;5,58021E+12;CAFETERIA ALAMEDA
AUTO POSTO ALAMEDA SANTOS LTDA;INES MARTIN;5,58021E+12;CAFETERIA ALAMEDA
AUTO POSTO ALAMEDA SANTOS LTDA;INES MARTIN;5,58021E+12;CAFETERIA ALAMEDA
AUTO POSTO ALAMEDA SANTOS LTDA;INES MARTIN;5,58021E+12;CAFETERIA ALAMEDA
ANTONIA DOS SANTOS BARBOSA ROCHA;TELEVENDAS - DA TERRINHA;13675813894;COLABORADORES DA TERRINHA
NELORE PRIME - ALMEIDA COMERCIO DE ALIMENTOS EIRELLI;JOSE SOARES;1,19064E+13;NELORE PRIME
SUPERMERCADO ZONA SUL S/A;MILTON JUNIOR;3,33813E+13;ZONA SUL
FUNCHAL REPRESENTACOES COMERCIAIS LTDA;JOSUE EVANGELISTA;1,7986E+13;FUNCHAL REPRESENTACOES
RIO TEVERE COM DE ATAC E DISTRIB DE GENEROS ALIMEN - ICARAI;TELEVENDAS - DA TERRINHA;9,86721E+11;RIO TEVERE
RIO TEVERE COM DE ATAC E DISTRIB DE GENEROS ALIMEN - ICARAI;TELEVENDAS - DA TERRINHA;9,86721E+11;RIO TEVERE
RIO TEVERE COM DE ATAC E DISTRIB DE GENEROS ALIMEN - ICARAI;TELEVENDAS - DA TERRINHA;9,86721E+11;RIO TEVERE
RIO TEVERE COM DE ATAC E DISTRIB DE GENEROS ALIMEN - ICARAI;TELEVENDAS - DA TERRINHA;9,86721E+11;RIO TEVERE
RIO TEVERE COM DE ATAC E DISTRIB DE GENEROS ALIMEN - ICARAI;TELEVENDAS - DA TERRINHA;9,86721E+11;RIO TEVERE
ABELL E RYFF MOREIRA PROD NATURAIS;TELEVENDAS - DA TERRINHA;2,10619E+13;VIDA BOA
ABELL E RYFF MOREIRA PROD NATURAIS;TELEVENDAS - DA TERRINHA;2,10619E+13;VIDA BOA
ABELL E RYFF MOREIRA PROD NATURAIS;TELEVENDAS - DA TERRINHA;2,10619E+13;VIDA BOA
ABELL E RYFF MOREIRA PROD NATURAIS;TELEVENDAS - DA TERRINHA;2,10619E+13;VIDA BOA
ABELL E RYFF MOREIRA PROD NATURAIS;TELEVENDAS - DA TERRINHA;2,10619E+13;VIDA BOA
CENTRO DE DISTRIBUICAO HORTMIX COMERCIO IMPORTACAO E EXPORTA;MARIO MIZUKA;4,88961E+12;HORTIMIX
CENTRO DE DISTRIBUICAO HORTMIX COMERCIO IMPORTACAO E EXPORTA;TELEVENDAS - DA TERRINHA;4,88961E+12;HORTIMIX
BARCELOS & CIA LTDA;MILTON JUNIOR;2,85988E+13;BARCELOS ATACADO
TEMPERO - RODRIGUES & RODRIGUES MINIMERCADOS LTDA;TELEVENDAS - DA TERRINHA;7,9521E+12;TEMPERO - RODRIGUES & RODRIGUES
TEMPERO - RODRIGUES & RODRIGUES MINIMERCADOS LTDA;TELEVENDAS - DA TERRINHA;7,9521E+12;TEMPERO - RODRIGUES & RODRIGUES
TEMPERO - RODRIGUES & RODRIGUES MINIMERCADOS LTDA;TELEVENDAS - DA TERRINHA;7,9521E+12;TEMPERO - RODRIGUES & RODRIGUES
TEMPERO - RODRIGUES & RODRIGUES MINIMERCADOS LTDA;TELEVENDAS - DA TERRINHA;7,9521E+12;TEMPERO - RODRIGUES & RODRIGUES
BALAN SUPERMERCADO EIRELI;CELSO NUNES TEIXEIRA;7,1688E+13;BALAN
BALAN SUPERMERCADO EIRELI;CELSO NUNES TEIXEIRA;7,1688E+13;BALAN
BALAN SUPERMERCADO EIRELI;CELSO NUNES TEIXEIRA;7,1688E+13;BALAN
BALAN SUPERMERCADO EIRELI;CELSO NUNES TEIXEIRA;7,1688E+13;BALAN
BALAN SUPERMERCADO EIRELI;CELSO NUNES TEIXEIRA;7,1688E+13;BALAN
AKIRA TOYOFUKU;TELEVENDAS - DA TERRINHA;10059226838;COLABORADORES DA TERRINHA
AKIRA TOYOFUKU;TELEVENDAS - DA TERRINHA;10059226838;COLABORADORES DA TERRINHA
ESTANPLAZA ADMINISTRADORA HOTELEIRA E COMERCIAL LTDA - MORUM;FRANCISCO ANACLETO;1,94312E+12;ESTANPLAZA
ESTANPLAZA ADMINISTRADORA HOTELEIRA E COMERCIAL LTDA - MORUM;FRANCISCO ANACLETO;1,94312E+12;ESTANPLAZA
ESTANPLAZA ADMINISTRADORA HOTELEIRA E COMERCIAL LTDA - MORUM;FRANCISCO ANACLETO;1,94312E+12;ESTANPLAZA
ESTANPLAZA ADMINISTRADORA HOTELEIRA E COMERCIAL LTDA - MORUM;FRANCISCO ANACLETO;1,94312E+12;ESTANPLAZA
ESTANPLAZA ADMINISTRADORA HOTELEIRA E COMERCIAL LTDA - MORUM;FRANCISCO ANACLETO;1,94312E+12;ESTANPLAZA
ESTANPLAZA ADMINISTRADORA HOTELEIRA E COMERCIAL LTDA - MORUM;FRANCISCO ANACLETO;1,94312E+12;ESTANPLAZA
ESTANPLAZA ADMINISTRADORA HOTELEIRA E COMERCIAL LTDA - MORUM;FRANCISCO ANACLETO;1,94312E+12;ESTANPLAZA
ESTANPLAZA ADMINISTRADORA HOTELEIRA E COMERCIAL LTDA - MORUM;FRANCISCO ANACLETO;1,94312E+12;ESTANPLAZA
MERCEARIA ARAGUARI LTDA - ME;JOSE SOARES;5,82089E+13;ARAGUARI
STATUS INDUSTRIA E COMERCIO DE FERRAGENS E METAIS LTDA;TELEVENDAS - DA TERRINHA;7,45904E+13;STATUS COMERCIO
DANIEL LIMA DA SILVA;TELEVENDAS - DA TERRINHA;26281573811;COLABORADORES DA TERRINHA
EDIVALDO ROSA DE SOUZA;TELEVENDAS - DA TERRINHA;7589444626;COLABORADORES DA TERRINHA
BERGAMINI - SUPERMERCADOS BERGAMINI LTDA - JACANA;FELIPE GOMES;4,35591E+13;BERGAMINI
BERGAMINI - SUPERMERCADOS BERGAMINI LTDA - JACANA;FELIPE GOMES;4,35591E+13;BERGAMINI
BERGAMINI - SUPERMERCADOS BERGAMINI LTDA - JACANA;FELIPE GOMES;4,35591E+13;BERGAMINI
EDRIANA SOBRAL DE SOUZA;TELEVENDAS - DA TERRINHA;41464170827;COLABORADORES DA TERRINHA
EDRIANA SOBRAL DE SOUZA;TELEVENDAS - DA TERRINHA;41464170827;COLABORADORES DA TERRINHA
GILBERTO SANTOS OLIVEIRA;TELEVENDAS - DA TERRINHA;27537908842;COLABORADORES DA TERRINHA
GILBERTO SANTOS OLIVEIRA;TELEVENDAS - DA TERRINHA;27537908842;COLABORADORES DA TERRINHA
MARIA APARECIDA CELESTINO DE ARAUJO;TELEVENDAS - DA TERRINHA;28396484821;COLABORADORES DA TERRINHA
ESTANPLAZA ADMINISTRADORA HOTELEIRA E COMERCIAL LTDA - C MON;FRANCISCO ANACLETO;1,94312E+12;ESTANPLAZA
ESTANPLAZA ADMINISTRADORA HOTELEIRA E COMERCIAL LTDA - C MON;FRANCISCO ANACLETO;1,94312E+12;ESTANPLAZA
ESTANPLAZA ADMINISTRADORA HOTELEIRA E COMERCIAL LTDA - C MON;FRANCISCO ANACLETO;1,94312E+12;ESTANPLAZA
ESTANPLAZA ADMINISTRADORA HOTELEIRA E COMERCIAL LTDA - C MON;FRANCISCO ANACLETO;1,94312E+12;ESTANPLAZA
ESTANPLAZA ADMINISTRADORA HOTELEIRA E COMERCIAL LTDA - C MON;FRANCISCO ANACLETO;1,94312E+12;ESTANPLAZA
ESTANPLAZA ADMINISTRADORA HOTELEIRA E COMERCIAL LTDA - C MON;FRANCISCO ANACLETO;1,94312E+12;ESTANPLAZA
FIRST CHOICE COMERCIO DE ALIMENTOS E ARTIGOS ESPORTIVOS LTDA;TELEVENDAS - DA TERRINHA;1,22565E+13;FIRST NUTRITION
FIRST CHOICE COMERCIO DE ALIMENTOS E ARTIGOS ESPORTIVOS LTDA;TELEVENDAS - DA TERRINHA;1,22565E+13;FIRST NUTRITION
FIRST CHOICE COMERCIO DE ALIMENTOS E ARTIGOS ESPORTIVOS LTDA;TELEVENDAS - DA TERRINHA;1,22565E+13;FIRST NUTRITION
A. A. MORAES COMERCIO - ME;TELEVENDAS - DA TERRINHA;3,7504E+13;MIX HORTIFRUTI
A. A. MORAES COMERCIO - ME;TELEVENDAS - DA TERRINHA;3,7504E+13;MIX HORTIFRUTI
A. A. MORAES COMERCIO - ME;TELEVENDAS - DA TERRINHA;3,7504E+13;MIX HORTIFRUTI
A. A. MORAES COMERCIO - ME;TELEVENDAS - DA TERRINHA;3,7504E+13;MIX HORTIFRUTI
A. A. MORAES COMERCIO - ME;TELEVENDAS - DA TERRINHA;3,7504E+13;MIX HORTIFRUTI
CAFE PILAO - TRESSINO CAFE EIRELI - ME - C&C;TELEVENDAS - DA TERRINHA;2,10455E+13;CAFE PILAO
MAKRO ATACADISTA S/A - 27;MILTON JUNIOR;4,74277E+13;MAKRO - LOJAS
CENTRO DE DISTRIBUICAO BUTANTA LTDA;MARIO MIZUKA;5,00233E+12;CENTRO DE DISTRIBUICAO BUTANTA
CENTRO DE DISTRIBUICAO BUTANTA LTDA;PEDRO LACERDA;5,00233E+12;CENTRO DE DISTRIBUICAO BUTANTA
CENTRO DE DISTRIBUICAO BUTANTA LTDA;CRISTIANE LIMA;5,00233E+12;CENTRO DE DISTRIBUICAO BUTANTA
CENTRO DE DISTRIBUICAO BUTANTA LTDA;PAULO SERGIO;5,00233E+12;CENTRO DE DISTRIBUICAO BUTANTA
CENTRO DE DISTRIBUICAO BUTANTA LTDA;OSMAR ALVES;5,00233E+12;CENTRO DE DISTRIBUICAO BUTANTA
CENTRO DE DISTRIBUICAO BUTANTA LTDA;FLAVIA SIQUEIRA;5,00233E+12;CENTRO DE DISTRIBUICAO BUTANTA
CENTRO DE DISTRIBUICAO BUTANTA LTDA;LUIZ FERNANDO DE LIMA;5,00233E+12;CENTRO DE DISTRIBUICAO BUTANTA
DONO DO ARMAZEM - COMERCIO DE ALIMENTOS LTDA -  02;TELEVENDAS - DA TERRINHA;1,1807E+13;DONO DO ARMAZEM
MERCADINHO MARIALVA - MERCADINHO E PADARIA MERITO LTDA;CARLOS FERREIRA;7,48349E+12;MERITO
A M DA SILVA LOPES - ME;JOSE ARTENCIO;1,19955E+13;EMPORIO DA VILA - A M DA SILVA LOPES
DENGOSA - PAES E DOCES ARTUR PRADO LTDA - EPP;TELEVENDAS - DA TERRINHA;5,40456E+13;DENGOSA - PAES E DOCES ARTUR PRADO
DENGOSA - PAES E DOCES ARTUR PRADO LTDA - EPP;TELEVENDAS - DA TERRINHA;5,40456E+13;DENGOSA - PAES E DOCES ARTUR PRADO
DENGOSA - PAES E DOCES ARTUR PRADO LTDA - EPP;TELEVENDAS - DA TERRINHA;5,40456E+13;DENGOSA - PAES E DOCES ARTUR PRADO
DENGOSA - PAES E DOCES ARTUR PRADO LTDA - EPP;TELEVENDAS - DA TERRINHA;5,40456E+13;DENGOSA - PAES E DOCES ARTUR PRADO
LV PRODUTOS NATURAIS LTDA;TELEVENDAS - DA TERRINHA;2,02841E+13;PONTO NATURAL
LV PRODUTOS NATURAIS LTDA;TELEVENDAS - DA TERRINHA;2,02841E+13;PONTO NATURAL
LV PRODUTOS NATURAIS LTDA;TELEVENDAS - DA TERRINHA;2,02841E+13;PONTO NATURAL
MEGA DIAS - SUPERMERCADOS LTDA - CONCEICAO;FLAVIA SIQUEIRA;1,09731E+13;MEGA DIAS
MEGA DIAS - SUPERMERCADOS LTDA - CONCEICAO;FLAVIA SIQUEIRA;1,09731E+13;MEGA DIAS
MEGA DIAS - SUPERMERCADOS LTDA - CONCEICAO;FLAVIA SIQUEIRA;1,09731E+13;MEGA DIAS
CARREFOUR COMERCIO E INDUSTRIA LTDA - C GRANDE;EDMILSON NUNES;4,55439E+13;DISPLAY
MTR LOGISTICA LTDA.;JOSUE EVANGELISTA;7,36047E+12;MTR TRANSPORTES
EMPORIO LEVE TUDO  LTDA;INES MARTIN;1,76276E+12;LEVE TUDO
EMPORIO LEVE TUDO  LTDA;INES MARTIN;1,76276E+12;LEVE TUDO
EMPORIO LEVE TUDO  LTDA;INES MARTIN;1,76276E+12;LEVE TUDO
EMPORIO LEVE TUDO  LTDA;INES MARTIN;1,76276E+12;LEVE TUDO
EMPORIO LEVE TUDO  LTDA;INES MARTIN;1,76276E+12;LEVE TUDO
EMPORIO LEVE TUDO  LTDA;INES MARTIN;1,76276E+12;LEVE TUDO
EMPORIO LEVE TUDO  LTDA;INES MARTIN;1,76276E+12;LEVE TUDO
IGREJA EVANG ASSEMB DE DEUS MINISTERIO DE SANTO AMARO;ERICK MOREIRA;6,29718E+13;ASSEMBLEIA DE DEUS
SHIBATA - COMERCIAL OSVALDO TARORA LTDA -  H2;EDMILSON - 02;1,85682E+11;SHIBATA
SHIBATA - COMERCIAL OSVALDO TARORA LTDA -  H2;EDMILSON - 02;1,85682E+11;SHIBATA
SHIBATA - COMERCIAL OSVALDO TARORA LTDA -  H2;EDMILSON - 02;1,85682E+11;SHIBATA
SHIBATA - SUPERMERCADO SHIBATAATA LTDA - H1;EDMILSON - 02;4,80939E+13;SHIBATA
SHIBATA - SUPERMERCADO SHIBATAATA LTDA - H1;EDMILSON - 02;4,80939E+13;SHIBATA
SHIBATA - SUPERMERCADO SHIBATAATA LTDA - H1;EDMILSON - 02;4,80939E+13;SHIBATA
SHIBATA - COM ATACADISTA DE MERCADORIAS EM GERAL - A1;EDMILSON - 02;9,35814E+12;SHIBATA
SHIBATA - COM ATACADISTA DE MERCADORIAS EM GERAL - A1;EDMILSON - 02;9,35814E+12;SHIBATA
SHIBATA - COM ATACADISTA DE MERCADORIAS EM GERAL - A1;EDMILSON - 02;9,35814E+12;SHIBATA
SHIBATA - COMERCIAL OSVALDO TARORA LTDA - S1;EDMILSON - 02;1,85682E+11;SHIBATA
SHIBATA - COMERCIAL OSVALDO TARORA LTDA - S1;EDMILSON - 02;1,85682E+11;SHIBATA
SHIBATA - COMERCIAL OSVALDO TARORA LTDA - S1;EDMILSON - 02;1,85682E+11;SHIBATA
SHIBATA - SHIBATAATA EMPORIO LTDA - EPP - S6;EDMILSON - 02;1,04325E+13;SHIBATA
SHIBATA - SHIBATAATA EMPORIO LTDA - EPP - S6;EDMILSON - 02;1,04325E+13;SHIBATA
SHIBATA - SHIBATAATA EMPORIO LTDA - EPP - S6;EDMILSON - 02;1,04325E+13;SHIBATA
SHIBATA - SUPERMERCADO SHIBATA LTDA - TAUBATE;EDMILSON - 02;4,80939E+13;SHIBATA
SHIBATA - SUPERMERCADO SHIBATA LTDA - TAUBATE;EDMILSON - 02;4,80939E+13;SHIBATA
SHIBATA - SUPERMERCADO SHIBATA LTDA - TAUBATE;EDMILSON - 02;4,80939E+13;SHIBATA
SHIBATA - SUPERMERCADO SHIBATA LTDA - BIRITIBA;EDMILSON - 02;4,80939E+13;SHIBATA
SHIBATA - SUPERMERCADO SHIBATA LTDA - BIRITIBA;EDMILSON - 02;4,80939E+13;SHIBATA
SHIBATA - SUPERMERCADO SHIBATA LTDA - BIRITIBA;EDMILSON - 02;4,80939E+13;SHIBATA
SHIBATA - EMPORIO KIMOTO LTDA - S8;EDMILSON - 02;1,45692E+13;SHIBATA
SHIBATA - EMPORIO KIMOTO LTDA - S8;EDMILSON - 02;1,45692E+13;SHIBATA
SHIBATA - EMPORIO KIMOTO LTDA - S8;EDMILSON - 02;1,45692E+13;SHIBATA
SHIBATA - SK SUPERMERCADOS LTDA -  S9;EDMILSON - 02;1,73495E+13;SHIBATA
SHIBATA - SK SUPERMERCADOS LTDA -  S9;EDMILSON - 02;1,73495E+13;SHIBATA
SHIBATA - SK SUPERMERCADOS LTDA -  S9;EDMILSON - 02;1,73495E+13;SHIBATA
EMPORIO 4 FILHOS LTDA.;CARLOS FERREIRA;4,88926E+13;4 FILHOS
MERCADO MINUANO LTDA - EPP;INES MARTIN;5,60407E+12;MINUANO
RKA RESTAURANTE E BAR LTDA;INES MARTIN;7,37996E+12;RKA
RKA RESTAURANTE E BAR LTDA;INES MARTIN;7,37996E+12;RKA
HERMES- H E C REPRESENTACAO COMERCIAL LTDA - ME;JOSUE EVANGELISTA;5,37379E+12;HERMES DINIZ
MARIA ZELIA E FILHO MINIMERCADO LTDA;JOSE SOARES;8,03734E+12;SAO BENTO
DIA BRASIL SOCIEDADE LIMITADA - MATRIZ CD;LEANDRO SILVEIRA - GERENTE DE AREA;3,47681E+12;DIA %
MERCADO PARANA LTDA;MARIO MIZUKA;1,53645E+12;MERCADO PARANA
MERCADO PARANA LTDA;MARIO MIZUKA;1,53645E+12;MERCADO PARANA
MERCADO PARANA LTDA;MARIO MIZUKA;1,53645E+12;MERCADO PARANA
VALTER PINHEIRO DE ALMEIDA;VALTER PINHEIRO;18352780867;VALTER PINHEIRO
VALTER PINHEIRO DE ALMEIDA;VALTER PINHEIRO;18352780867;VALTER PINHEIRO
VALTER PINHEIRO DE ALMEIDA;VALTER PINHEIRO;18352780867;VALTER PINHEIRO
AVANT RIO -   AVANT EXPRESS TRANSPORTE LTDA;JOSUE EVANGELISTA;7,83647E+12;AVANT EXPRESS
MERCADINHO NOVA CIDADE LTDA - ME;ERICK MOREIRA;5,12333E+13;NOVA CIDADE
MERCADINHO NOVA CIDADE LTDA - ME;ERICK MOREIRA;5,12333E+13;NOVA CIDADE
SUPERMERCADOS YAYA LTDA;SILVANO ARRUDA;6,2647E+13;YAYA
SUPERMERCADOS YAYA LTDA;SILVANO ARRUDA;6,2647E+13;YAYA
MARIA EMILIA GOMES CANUTO - ME;JOSE SOARES;4,68272E+13;EMPORIO DA MAMA
SUPERMARKET - FLORESTA COMERCIO E INDUSTRIA S/A - CAJUEIRO;MILTON JUNIOR;3,2501E+13;SUPERMARKET
SUPERMARKET - SUPERMERCADO REAL EDEN LTDA - DEPOSITO;MILTON JUNIOR;2,88E+13;SUPERMARKET
SUPERMARKET - BARRA OESTE ALIMENTOS LTDA - CENTRAL;MILTON JUNIOR;1,86457E+13;SUPERMARKET
ADMILSON RODRIGUES DE SOUZA;TELEVENDAS - DA TERRINHA;12804209873;COLABORADORES DA TERRINHA
PAES E DOCES CANARIO LTDA - EPP;INES MARTIN;5,16553E+13;CANARIO
PAES E DOCES CANARIO LTDA - EPP;INES MARTIN;5,16553E+13;CANARIO
PAES E DOCES CANARIO LTDA - EPP;INES MARTIN;5,16553E+13;CANARIO
SUPERMARKET - MERCADO FENIX DO RIO LTDA - MATRIZ;MILTON JUNIOR;1,3016E+13;SUPERMARKET
PANIFICADORA WASHINGTON LUIZ DE SANTOS LTDA - EPP;JOSE SOARES;5,3458E+13;PANIFICADORA WASHINGTON LUIZ
PANIFICADORA TOCANTINS LTDA - ME;JOSE SOARES;5,82186E+13;PANIFICADORA TOCANTIS
EMPORIO ALFREDO ANTUNES LTDA - 02;MARCELO GREGORIO;5,24371E+13;EMPORIO ALFREDO ANTUNES
ROLDAO - AUTO SERVICO COMERCIO DE ALIMENTOS LTDA - 020;CAIO VINICIUS AMORIM;5,80026E+12;ROLDAO
ROLDAO - AUTO SERVICO COMERCIO DE ALIMENTOS LTDA - 020;CAIO VINICIUS AMORIM;5,80026E+12;ROLDAO
ROLDAO - AUTO SERVICO COMERCIO DE ALIMENTOS LTDA - 020;CAIO VINICIUS AMORIM;5,80026E+12;ROLDAO
ROLDAO - AUTO SERVICO COMERCIO DE ALIMENTOS LTDA - 022;CAIO VINICIUS AMORIM;5,80026E+12;ROLDAO
ROLDAO - AUTO SERVICO COMERCIO DE ALIMENTOS LTDA - 022;CAIO VINICIUS AMORIM;5,80026E+12;ROLDAO
ROLDAO - AUTO SERVICO COMERCIO DE ALIMENTOS LTDA - 022;CAIO VINICIUS AMORIM;5,80026E+12;ROLDAO
ROLDAO - AUTO SERVICO COMERCIO DE ALIMENTOS LTDA - 024;CAIO VINICIUS AMORIM;5,80026E+12;ROLDAO
ROLDAO - AUTO SERVICO COMERCIO DE ALIMENTOS LTDA - 024;CAIO VINICIUS AMORIM;5,80026E+12;ROLDAO
ROLDAO - AUTO SERVICO COMERCIO DE ALIMENTOS LTDA - 024;CAIO VINICIUS AMORIM;5,80026E+12;ROLDAO
ROLDAO - AUTO SERVICO COMERCIO DE ALIMENTOS LTDA - ITAPEVI;CAIO VINICIUS AMORIM;5,80026E+12;ROLDAO
ROLDAO - AUTO SERVICO COMERCIO DE ALIMENTOS LTDA - ITAPEVI;CAIO VINICIUS AMORIM;5,80026E+12;ROLDAO
ROLDAO - AUTO SERVICO COMERCIO DE ALIMENTOS LTDA - MATRIZ;CAIO VINICIUS AMORIM;5,80026E+12;ROLDAO
ROLDAO AUTO SERVICO COMERCIO DE ALIMENTOS - 026;CAIO VINICIUS AMORIM;5,80026E+12;ROLDAO
ROLDAO AUTO SERVICO COMERCIO DE ALIMENTOS - 026;CAIO VINICIUS AMORIM;5,80026E+12;ROLDAO
ROLDAO AUTO SERVICO COMERCIO DE ALIMENTOS - 026;CAIO VINICIUS AMORIM;5,80026E+12;ROLDAO
SAVEGNAGO SUPERMERCADOS LTDA - RIBEIRAO PRETO;DAIANE CRISTINA DE OLIVEIRA;7,13222E+13;SAVEGNAGO
SAVEGNAGO SUPERMERCADOS LTDA - RIBEIRAO PRETO;DAIANE CRISTINA DE OLIVEIRA;7,13222E+13;SAVEGNAGO
SAVEGNAGO SUPERMERCADOS LTDA - RIBEIRAO PRETO;DAIANE CRISTINA DE OLIVEIRA;7,13222E+13;SAVEGNAGO
SAVEGNAGO SUPERMERCADOS LTDA - RIBEIRAO PRETO;DAIANE CRISTINA DE OLIVEIRA;7,13222E+13;SAVEGNAGO
SAVEGNAGO SUPERMERCADOS LTDA - RIBEIRAO PRETO;DAIANE CRISTINA DE OLIVEIRA;7,13222E+13;SAVEGNAGO
SAVEGNAGO SUPERMERCADOS LTDA - RIBEIRAO PRETO;DAIANE CRISTINA DE OLIVEIRA;7,13222E+13;SAVEGNAGO
SAVEGNAGO SUPERMERCADOS LTDA - RIBEIRAO PRETO;DAIANE CRISTINA DE OLIVEIRA;7,13222E+13;SAVEGNAGO
SAVEGNAGO SUPERMERCADOS LTDA - RIBEIRAO PRETO;DAIANE CRISTINA DE OLIVEIRA;7,13222E+13;SAVEGNAGO
DAIANA FERREIRA SILVA;TELEVENDAS - DA TERRINHA;43526658862;COLABORADORES DA TERRINHA
DAIANA FERREIRA SILVA;TELEVENDAS - DA TERRINHA;43526658862;COLABORADORES DA TERRINHA
VEM DA TERRA ALIMENTOS E SAUDE -M  V  RONCHI & CIA;TELEVENDAS - DA TERRINHA;7,17897E+13;VEM DA TERRA
VEM DA TERRA ALIMENTOS E SAUDE -M  V  RONCHI & CIA;TELEVENDAS - DA TERRINHA;7,17897E+13;VEM DA TERRA
SAFRA - SAFRA SUPERMERCADOS LTDA - JD MALIA II - 02;TELEVENDAS - DA TERRINHA;6,66906E+13;SAFRA
CASA NEGREIROS LTDA - TIRADENTES;LEONARDO VINICIUS;6,30144E+13;NEGREIROS - TRIALBA
TRIALBA - SUPERMERCADO TRIALBA LTDA  - RENATA;LEONARDO VINICIUS;7,12858E+12;NEGREIROS - TRIALBA
TRIALBA - SUPERMERCADO TRIALBA LTDA - ARICA;LEONARDO VINICIUS;7,12858E+12;NEGREIROS - TRIALBA
CASA NEGREIROS LTDA - BONIFACIO;LEONARDO VINICIUS;6,30144E+13;NEGREIROS - TRIALBA
TRIALBA - SUPERMERCADO TRIALBA LTDA - PONTE RASA;LEONARDO VINICIUS;7,12858E+12;NEGREIROS - TRIALBA
B B DISTRIBUIDORA DE CARNES LTDA;CARLOS FERREIRA;4,33817E+13;B B DISTRIBUIDORA
B B DISTRIBUIDORA DE CARNES LTDA;CARLOS FERREIRA;4,33817E+13;B B DISTRIBUIDORA
B B DISTRIBUIDORA DE CARNES LTDA;CARLOS FERREIRA;4,33817E+13;B B DISTRIBUIDORA
B B DISTRIBUIDORA DE CARNES LTDA;CARLOS FERREIRA;4,33817E+13;B B DISTRIBUIDORA
B B DISTRIBUIDORA DE CARNES LTDA;CARLOS FERREIRA;4,33817E+13;B B DISTRIBUIDORA
THIAGO FERREIRA DOS SANTO;JOSE SOARES;1,3366E+13;POSTO PORTAL DE SANTOS
FERRACINI E LENHARO LTDA;OSNEY RICARDO;2,8821E+12;FERRACINI E LENHARO
FERRACINI E LENHARO LTDA;OSNEY RICARDO;2,8821E+12;FERRACINI E LENHARO
TAU CAFE LTDA ME;INES MARTIN;2,19036E+13;SOFA CAFE
TAU CAFE LTDA ME;INES MARTIN;2,19036E+13;SOFA CAFE
TAU CAFE LTDA ME;INES MARTIN;2,19036E+13;SOFA CAFE
TAU CAFE LTDA ME;INES MARTIN;2,19036E+13;SOFA CAFE
TAU CAFE LTDA ME;INES MARTIN;2,19036E+13;SOFA CAFE
MERCADO YASSUY LTDA - EPP;KALIEL DE CALDA LEITE;3,90508E+12;MERCADO YASSUY
MERCADO YASSUY LTDA - EPP;KALIEL DE CALDA LEITE;3,90508E+12;MERCADO YASSUY
MERCADO YASSUY LTDA - EPP;KALIEL DE CALDA LEITE;3,90508E+12;MERCADO YASSUY
MARINA PIRAJA MONTOLAR;TELEVENDAS - DA TERRINHA;2,22753E+13;MARINA PIRAJA MONTOLAR
MARINA PIRAJA MONTOLAR;TELEVENDAS - DA TERRINHA;2,22753E+13;MARINA PIRAJA MONTOLAR
SUPREMO COMERCIO DE ALIMENTOS LTDA;KALIEL DE CALDA LEITE;4,12999E+12;SUPREMO SUPERMERCADO
SUPREMO COMERCIO DE ALIMENTOS LTDA;KALIEL DE CALDA LEITE;4,12999E+12;SUPREMO SUPERMERCADO
SUPREMO COMERCIO DE ALIMENTOS LTDA;KALIEL DE CALDA LEITE;4,12999E+12;SUPREMO SUPERMERCADO
COSMO GOMES DOS SANTOS - VOTUPORANGA;ROBLES DE LA GARZA;4,45761E+12;MINI MERCADO COSMO
SUPERMERCADO NANA SUL LTDA;KALIEL DE CALDA LEITE;7,14931E+12;NANASUI
SUPERMERCADO SMC LTDA - EPP;MARCELO BRUNETE;1,37959E+13;SUPERMERCADO MONTE CARLO
DANIELA XAVIER DE ALMEIDA SPINA;KALIEL DE CALDA LEITE;1,16168E+13;SUPERMERCADO DA ILHA
REGINALDO SILVA DE LARA - SUPERMERCADO;KALIEL DE CALDA LEITE;7,62642E+12;SUPERMERCADO KAMILA
PEREIRA & CARDOSO COMERCIO DE PRODUTOS  ALIMENTICIOS;KELVIN;9,61808E+12;REDE CARPAN
PEREIRA & CARDOSO COMERCIO DE PRODUTOS  ALIMENTICIOS;KELVIN;9,61808E+12;REDE CARPAN
ALNUTRI ALIMENTOS LTDA;HERMES DINIZ;7,74778E+12;ALNUTRI
MEGA DIAS - SUPERMERCADO DIAS & BUARQUE LTDA - MESSINA;ANGELA MARIA;1,232E+13;MEGA DIAS
SILVA E BARBOSA COMERCIO DE ALIMENTOS LTDA;RODOLFO QUERINO LUIZ - GERENTE DE AREA;6,04376E+13;BARBOSA
SILVA E BARBOSA COMERCIO DE ALIMENTOS LTDA;RODOLFO QUERINO LUIZ - GERENTE DE AREA;6,04376E+13;BARBOSA
SILVA E BARBOSA COMERCIO DE ALIMENTOS LTDA;RODOLFO QUERINO LUIZ - GERENTE DE AREA;6,04376E+13;BARBOSA
SILVA E BARBOSA COMERCIO DE ALIMENTOS LTDA;RODOLFO QUERINO LUIZ - GERENTE DE AREA;6,04376E+13;BARBOSA
ALDAN ASSESSORIA E PARTICIPACOES LTDA;INES MARTIN;4,70841E+13;ALDAN
ALDAN ASSESSORIA E PARTICIPACOES LTDA;INES MARTIN;4,70841E+13;ALDAN
ALDAN ASSESSORIA E PARTICIPACOES LTDA;INES MARTIN;4,70841E+13;ALDAN
ALDAN ASSESSORIA E PARTICIPACOES LTDA;INES MARTIN;4,70841E+13;ALDAN
KELLY KOGA;TELEVENDAS - DA TERRINHA;21292322802;COLABORADORES DA TERRINHA
PAO DE ACUCAR - COMPANHIA BRASILEIRA DE DISTRIBUICAO - DF;EDMILSON NUNES;4,75084E+13;GPA
SAVANA MERCADO DAS CARNES NOBRES - EIR;TELEVENDAS - DA TERRINHA;2,24168E+13;BOI GORDO
DOCELANDIA - DOCES DOCELANDIA & VAZ LTDA - 01;INES MARTIN;1,2264E+13;DOCELANDIA
DOCELANDIA - DOCES DOCELANDIA & VAZ LTDA - 01;INES MARTIN;1,2264E+13;DOCELANDIA
DOCELANDIA - DOCES DOCELANDIA & VAZ LTDA - 01;INES MARTIN;1,2264E+13;DOCELANDIA
DOCELANDIA - DOCES DOCELANDIA & VAZ LTDA - 01;INES MARTIN;1,2264E+13;DOCELANDIA
DOCELANDIA - DOCES DOCELANDIA & VAZ LTDA - 01;INES MARTIN;1,2264E+13;DOCELANDIA
ABEL FERREIRA SAMPAIO;JOSUE EVANGELISTA;1458660508;REPRESENTANTES DA TERRINHA
ABEL FERREIRA SAMPAIO;JOSUE EVANGELISTA;1458660508;REPRESENTANTES DA TERRINHA
B PEREIRA SILVA & SANTOS  COMERCIO DE PRODUTOS A;TELEVENDAS - DA TERRINHA;3,15036E+13;ROBERTAO
B PEREIRA SILVA & SANTOS  COMERCIO DE PRODUTOS A;TELEVENDAS - DA TERRINHA;3,15036E+13;ROBERTAO
ERIC LEON JACQUES HUYSMANS & CIA LTDA;KALIEL DE CALDA LEITE;3,08902E+12;BOM PRECO
MERCADINHO ITAPETINGA LTDA - ME;TELEVENDAS - DA TERRINHA;5,99264E+12;MERCADINHO ITAPETINGA
MOTA 3 SUPERMERCADOS S/A - 03;GUSTAVO GOMES;5,82931E+13;MOTA
MOTA 3 SUPERMERCADOS S/A - 03;GUSTAVO GOMES;5,82931E+13;MOTA
MOTA 3 SUPERMERCADOS S/A - 05;GUSTAVO GOMES;5,82931E+13;MOTA
MOTA 3 SUPERMERCADOS S/A - 05;GUSTAVO GOMES;5,82931E+13;MOTA
MOTA 3 SUPERMERCADOS S/A - 01;GUSTAVO GOMES;5,82931E+13;MOTA
MOTA 3 SUPERMERCADOS S/A - 01;GUSTAVO GOMES;5,82931E+13;MOTA
MOTA 3 SUPERMERCADOS S/A - 01;GUSTAVO GOMES;5,82931E+13;MOTA
MOTA 3 SUPERMERCADOS S/A - 02;GUSTAVO GOMES;5,82931E+13;MOTA
MOTA 3 SUPERMERCADOS S/A - 02;GUSTAVO GOMES;5,82931E+13;MOTA
MOTA 3 SUPERMERCADOS S/A - 08;GUSTAVO GOMES;5,82931E+13;MOTA
MOTA 3 SUPERMERCADOS S/A - 08;GUSTAVO GOMES;5,82931E+13;MOTA
MOTA 3 SUPERMERCADOS S/A -  04;GUSTAVO GOMES;5,82931E+13;MOTA
MOTA 3 SUPERMERCADOS S/A -  04;GUSTAVO GOMES;5,82931E+13;MOTA
MOTA 3 SUPERMERCADOS S/A - 06;GUSTAVO GOMES;5,82931E+13;MOTA
MOTA 3 SUPERMERCADOS S/A - 06;GUSTAVO GOMES;5,82931E+13;MOTA
MOTA 3 SUPERMERCADOS S/A - 07;GUSTAVO GOMES;5,82931E+13;MOTA
MOTA 3 SUPERMERCADOS S/A - 07;GUSTAVO GOMES;5,82931E+13;MOTA
BOULANGERIE LA MILLETE PAES E DOCES LTDA - ME;ANGELA MARIA;4,06456E+12;BOULANGERIE LA MILLETE
BOULANGERIE LA MILLETE PAES E DOCES LTDA - ME;ANGELA MARIA;4,06456E+12;BOULANGERIE LA MILLETE
BOULANGERIE LA MILLETE PAES E DOCES LTDA - ME;ANGELA MARIA;4,06456E+12;BOULANGERIE LA MILLETE
BOULANGERIE LA MILLETE PAES E DOCES LTDA - ME;ANGELA MARIA;4,06456E+12;BOULANGERIE LA MILLETE
BOULANGERIE LA MILLETE PAES E DOCES LTDA - ME;ANGELA MARIA;4,06456E+12;BOULANGERIE LA MILLETE
BOULANGERIE LA MILLETE PAES E DOCES LTDA - ME;ANGELA MARIA;4,06456E+12;BOULANGERIE LA MILLETE
BOULANGERIE LA MILLETE PAES E DOCES LTDA - ME;ANGELA MARIA;4,06456E+12;BOULANGERIE LA MILLETE
SALETE M G MORAES LANCHONETE - EPP;JOSE ARTENCIO;2,24593E+13;SALETE M G MORAES
RESTAURANTE NOVA ALIANCA FELICIDADE LTDA - ME;TELEVENDAS - DA TERRINHA;4,57319E+12;NOVA ALIANCA
RESTAURANTE NOVA ALIANCA FELICIDADE LTDA - ME;TELEVENDAS - DA TERRINHA;4,57319E+12;NOVA ALIANCA
RESTAURANTE NOVA ALIANCA FELICIDADE LTDA - ME;TELEVENDAS - DA TERRINHA;4,57319E+12;NOVA ALIANCA
SUPERMARKET - MULTI MERCADO MILLENIUM DE GUADALUPE LTDA - M;MILTON JUNIOR;6,09667E+12;SUPERMARKET
HORTIGIL HORTIFRUTI S/A - DUQUE DE CAXIAS;GUSTAVO VILAS;3,14875E+13;HORTIGIL
HORTIGIL HORTIFRUTI S/A - DUQUE DE CAXIAS;GUSTAVO VILAS;3,14875E+13;HORTIGIL
CHOCOLANDIA - COMERCIAL CHOCOLANDIA LTDA - 01;SILVANO ARRUDA;7,58304E+12;CHOCOLANDIA
CHOCOLANDIA - COMERCIAL CHOCOLANDIA LTDA - 01;SILVANO ARRUDA;7,58304E+12;CHOCOLANDIA
CHOCOLANDIA - COMERCIAL CHOCOLANDIA LTDA - 02;SILVANO ARRUDA;7,58304E+12;CHOCOLANDIA
CHOCOLANDIA - COMERCIAL CHOCOLANDIA LTDA - 03;SILVANO ARRUDA;7,58304E+12;CHOCOLANDIA
CHOCOLANDIA - COMERCIAL CHOCOLANDIA LTDA - 04;SILVANO ARRUDA;7,58304E+12;CHOCOLANDIA
CHOCOLANDIA - COMERCIAL CHOCOLANDIA LTDA - 05;SILVANO ARRUDA;7,58304E+12;CHOCOLANDIA
CHOCOLANDIA - COMERCIAL CHOCOLANDIA LTDA - 06;SILVANO ARRUDA;7,58304E+12;CHOCOLANDIA
A A Z COMERCIO DE ALIMENTOS LTDA;GILMERIO QUEIROZ - GERENTE DE AREA;8,10783E+12;A A Z COMERCIO
MERCEARIA E PADARIA BJ LTDA - EPP;ERICK MOREIRA;1,85227E+13;BOM PRECO
MERCEARIA E PADARIA BJ LTDA - EPP;ERICK MOREIRA;1,85227E+13;BOM PRECO
MERCEARIA E PADARIA BJ LTDA - EPP;ERICK MOREIRA;1,85227E+13;BOM PRECO
CASA DO NORTE VITOR - RITA DE C LACERDA - ME;ALEXANDRE VIANA;5,48729E+12;CASA DO NORTE VITOR
CASA DO NORTE VITOR - RITA DE C LACERDA - ME;ALEXANDRE VIANA;5,48729E+12;CASA DO NORTE VITOR
CASA DO NORTE VITOR - RITA DE C LACERDA - ME;ALEXANDRE VIANA;5,48729E+12;CASA DO NORTE VITOR
SONIA FERREIRA DOS SANTOS LTDA;INES MARTIN;1,24317E+13;CASA DO NORTE SANTO ANTONIO
SONIA FERREIRA DOS SANTOS LTDA;INES MARTIN;1,24317E+13;CASA DO NORTE SANTO ANTONIO
SONIA FERREIRA DOS SANTOS LTDA;INES MARTIN;1,24317E+13;CASA DO NORTE SANTO ANTONIO
SONIA FERREIRA DOS SANTOS LTDA;INES MARTIN;1,24317E+13;CASA DO NORTE SANTO ANTONIO
SONIA FERREIRA DOS SANTOS LTDA;INES MARTIN;1,24317E+13;CASA DO NORTE SANTO ANTONIO
FERNANDO CINTRA SANCHES EIRELI - V ANCHIETA;ROBLES DE LA GARZA;2,16907E+13;J J SUPERMERCADOS
FERNANDO CINTRA SANCHES EIRELI - V ANCHIETA;MARCELO GREGORIO;2,16907E+13;J J SUPERMERCADOS
FERNANDO CINTRA SANCHES EIRELI - V ANCHIETA;MARTA APARECIDA AZEVEDO FREITAS;2,16907E+13;J J SUPERMERCADOS
HORT MAIS - REDE HORT MAIS HORTIFRUTI LTDA - SAUDE;CAROLINA DOS SANTOS ROCHA;7,84474E+12;HORT MAIS
HORT MAIS - REDE HORT MAIS HORTIFRUTI LTDA - SAUDE;CAROLINA DOS SANTOS ROCHA;7,84474E+12;HORT MAIS
HORT MAIS - REDE HORT MAIS HORTIFRUTI LTDA - SAUDE;CAROLINA DOS SANTOS ROCHA;7,84474E+12;HORT MAIS
HORT MAIS - REDE HORT MAIS HORTIFRUTI LTDA - SAUDE;CAROLINA DOS SANTOS ROCHA;7,84474E+12;HORT MAIS
LUCIANA SOARES DE OLIVEIRA;SAC DA TERRINHA;31001024877;SAC DA TERRINHA - 2
AGUIAR DOCES E PRODUTOS NATURAIS LTDA - ME;TELEVENDAS - DA TERRINHA;3,84157E+12;AGUIAR DOCES
AGUIAR DOCES E PRODUTOS NATURAIS LTDA - ME;TELEVENDAS - DA TERRINHA;3,84157E+12;AGUIAR DOCES
AGUIAR DOCES E PRODUTOS NATURAIS LTDA - ME;TELEVENDAS - DA TERRINHA;3,84157E+12;AGUIAR DOCES
AGUIAR DOCES E PRODUTOS NATURAIS LTDA - ME;TELEVENDAS - DA TERRINHA;3,84157E+12;AGUIAR DOCES
AGUIAR DOCES E PRODUTOS NATURAIS LTDA - ME;TELEVENDAS - DA TERRINHA;3,84157E+12;AGUIAR DOCES
DOCELANDIA - DOCES DOCELANDIA & VAZ LTDA - 02;INES MARTIN;1,2264E+13;DOCELANDIA
DOCELANDIA - DOCES DOCELANDIA & VAZ LTDA - 02;INES MARTIN;1,2264E+13;DOCELANDIA
DOCELANDIA - DOCES DOCELANDIA & VAZ LTDA - 02;INES MARTIN;1,2264E+13;DOCELANDIA
DOCELANDIA - DOCES DOCELANDIA & VAZ LTDA - 02;INES MARTIN;1,2264E+13;DOCELANDIA
DOCELANDIA - DOCES DOCELANDIA & VAZ LTDA - 02;INES MARTIN;1,2264E+13;DOCELANDIA
DOCELANDIA - DOCES DOCELANDIA & VAZ LTDA - 02;INES MARTIN;1,2264E+13;DOCELANDIA
MICHELASSI & CIA LTDA;CRISTIANE SEDENHO;4,76032E+13;REDE DAS
MICHELASSI & CIA LTDA;CRISTIANE SEDENHO;4,76032E+13;REDE DAS
MICHELASSI & CIA LTDA;CRISTIANE SEDENHO;4,76032E+13;REDE DAS
MICHELASSI & CIA LTDA;CRISTIANE SEDENHO;4,76032E+13;REDE DAS
MICHELASSI & CIA LTDA;CRISTIANE SEDENHO;4,76032E+13;REDE DAS
MICHELASSI & CIA LTDA;CRISTIANE SEDENHO;4,76032E+13;REDE DAS
MICHELASSI & CIA LTDA;CRISTIANE SEDENHO;4,76032E+13;REDE DAS
MICHELASSI & CIA LTDA;CRISTIANE SEDENHO;4,76032E+13;REDE DAS
MICHELASSI & CIA LTDA;CRISTIANE SEDENHO;4,76032E+13;REDE DAS
MICHELASSI & CIA LTDA;CRISTIANE SEDENHO;4,76032E+13;REDE DAS
MICHELASSI & CIA LTDA;CRISTIANE SEDENHO;4,76032E+13;REDE DAS
MICHELASSI & CIA LTDA;CRISTIANE SEDENHO;4,76032E+13;REDE DAS
LUCAS HENRIQUE DA SILVEIRA REIS;SAC DA TERRINHA;37610987824;SAC DA TERRINHA - 57
COMERCIAL DE ALIMENTOS SHINOHARA LTDA;CAROLINA DOS SANTOS ROCHA;6,14118E+12;SHINOHARA
COMERCIAL DE ALIMENTOS SHINOHARA LTDA;CAROLINA DOS SANTOS ROCHA;6,14118E+12;SHINOHARA
VILLA REAL CAFE E LANCHES LTDA - ME;TELEVENDAS - DA TERRINHA;1,48038E+13;VILLA REAL CAFE
VILLA REAL CAFE E LANCHES LTDA - ME;TELEVENDAS - DA TERRINHA;1,48038E+13;VILLA REAL CAFE
ORLANDO KIBE E CIA LTDA;CARLOS FERREIRA;7,2906E+13;ORLANDO KIBE
ORLANDO KIBE E CIA LTDA;CARLOS FERREIRA;7,2906E+13;ORLANDO KIBE
CASA DO QUEIJO DA RETA LTDA ME;TELEVENDAS - DA TERRINHA;1,18361E+13;CASA DO QUEIJO
CASA DO QUEIJO DA RETA LTDA ME;TELEVENDAS - DA TERRINHA;1,18361E+13;CASA DO QUEIJO
CASA DO QUEIJO DA RETA LTDA ME;TELEVENDAS - DA TERRINHA;1,18361E+13;CASA DO QUEIJO
CASA DO QUEIJO DA RETA LTDA ME;TELEVENDAS - DA TERRINHA;1,18361E+13;CASA DO QUEIJO
CASA DO QUEIJO DA RETA LTDA ME;TELEVENDAS - DA TERRINHA;1,18361E+13;CASA DO QUEIJO
CASA DO QUEIJO DA RETA LTDA ME;TELEVENDAS - DA TERRINHA;1,18361E+13;CASA DO QUEIJO
ATACADAO S A - 162;MILTON JUNIOR;7,53153E+13;ATACADAO - RJ
MERCADINHO CARINHOSO LT;GUSTAVO GOMES;4,64116E+13;CARINHOSO
THE ORGANIC TEAM EMPORIO LTDA;TELEVENDAS - DA TERRINHA;2,13468E+13;DAYA E TURE
THE ORGANIC TEAM EMPORIO LTDA;TELEVENDAS - DA TERRINHA;2,13468E+13;DAYA E TURE
MUNDO V - AJF COMERCIO DE PROD NATURAIS - UBERABA;TELEVENDAS - DA TERRINHA;2,33043E+13;MUNDO VERDE
MUNDO V - AJF COMERCIO DE PROD NATURAIS - UBERABA;TELEVENDAS - DA TERRINHA;2,33043E+13;MUNDO VERDE
MUNDO V - AJF COMERCIO DE PROD NATURAIS - UBERABA;TELEVENDAS - DA TERRINHA;2,33043E+13;MUNDO VERDE
MUNDO V - AJF COMERCIO DE PROD NATURAIS - UBERABA;TELEVENDAS - DA TERRINHA;2,33043E+13;MUNDO VERDE
FRUTO DA VILA PRODUTOS ALIMENTICIOS LTDA  - EPP;FLAVIA SIQUEIRA;2,25732E+13;ECO HORTIFRUTI
FRUTO DA VILA PRODUTOS ALIMENTICIOS LTDA  - EPP;FLAVIA SIQUEIRA;2,25732E+13;ECO HORTIFRUTI
FRUTO DA VILA PRODUTOS ALIMENTICIOS LTDA  - EPP;FLAVIA SIQUEIRA;2,25732E+13;ECO HORTIFRUTI
FRUTO DA VILA PRODUTOS ALIMENTICIOS LTDA  - EPP;FLAVIA SIQUEIRA;2,25732E+13;ECO HORTIFRUTI
FRUTO DA VILA PRODUTOS ALIMENTICIOS LTDA  - EPP;FLAVIA SIQUEIRA;2,25732E+13;ECO HORTIFRUTI
FRUTO DA VILA PRODUTOS ALIMENTICIOS LTDA  - EPP;FLAVIA SIQUEIRA;2,25732E+13;ECO HORTIFRUTI
FRUTO DA VILA PRODUTOS ALIMENTICIOS LTDA  - EPP;FLAVIA SIQUEIRA;2,25732E+13;ECO HORTIFRUTI
SUPERMERCADO OSASCO LTDA;CARLOS FERREIRA;4,97581E+13;SUPERMERCADO OSASCO
CAROLINA DE LOURDES BRENDE VIEIRA;CARLOS FERREIRA;1,96342E+13;CAROLINA DE LOURDES
CAROLINA DE LOURDES BRENDE VIEIRA;CARLOS FERREIRA;1,96342E+13;CAROLINA DE LOURDES
CASA DE CARNES CALCADAO LTDA - ME;INES MARTIN;6,78017E+13;CALCADAO
CASA DE CARNES CALCADAO LTDA - ME;INES MARTIN;6,78017E+13;CALCADAO
CASA DE CARNES CALCADAO LTDA - ME;INES MARTIN;6,78017E+13;CALCADAO
CASA DE CARNES CALCADAO LTDA - ME;INES MARTIN;6,78017E+13;CALCADAO
CASA DE CARNES CALCADAO LTDA - ME;INES MARTIN;6,78017E+13;CALCADAO
CASA DE CARNES CALCADAO LTDA - ME;INES MARTIN;6,78017E+13;CALCADAO
DARLEY PRODUTOS NATURAIS LTDA;JOSE ARTENCIO - AS;4,37798E+13;DARLEY
TIEMI RAQUEL DE MORAES SAITO EIRELI;ERICK MOREIRA;2,25358E+13;DNA EMPORIO
FRUTTO DA TERRA COMERCIO LTDA;CARLOS FERREIRA;2,3559E+13;FRUTTO DA TERRA
FRUTTO DA TERRA COMERCIO LTDA;CARLOS FERREIRA;2,3559E+13;FRUTTO DA TERRA
FRUTTO DA TERRA COMERCIO LTDA;CARLOS FERREIRA;2,3559E+13;FRUTTO DA TERRA
FRUTTO DA TERRA COMERCIO LTDA;CARLOS FERREIRA;2,3559E+13;FRUTTO DA TERRA
FRUTTO DA TERRA COMERCIO LTDA;CARLOS FERREIRA;2,3559E+13;FRUTTO DA TERRA
FRUTTO DA TERRA COMERCIO LTDA;CARLOS FERREIRA;2,3559E+13;FRUTTO DA TERRA
TERRA NOVA BOM LUGAR PRODUTOS ALIMENTICIOS LTDA - EPP;PAULO COSTA;2,08294E+13;BOM LUGAR
BOM LUGAR - ROSEMARY DE BARROS MOURA - 21;PAULO COSTA;7,37237E+12;BOM LUGAR
BOM LUGAR - LOCATELI SABBATINI & BIANCHI LTDA - EPP - 22;PAULO COSTA;4,10066E+12;BOM LUGAR
BOM LUGAR - MERCADO OLIVEIRA & SANTANA LTDA - 26;PAULO COSTA;8,81836E+12;BOM LUGAR
BOM LUGAR - MARIA JOSE ABREU NICOLAU - 27;PAULO COSTA;1,82192E+12;BOM LUGAR
MALU MERCADO LTDA - EPP - J CAPELA;FERNANDO VOLTERO;1,12077E+13;MALU MERCADO
MALU MERCADO LTDA - EPP - J CAPELA;FERNANDO VOLTERO;1,12077E+13;MALU MERCADO
MALU MERCADO LTDA - EPP - J CAPELA;FERNANDO VOLTERO;1,12077E+13;MALU MERCADO
MERCADO PRESENCA LTDA;FERNANDO VOLTERO;1,83529E+13;MALU MERCADO
MERCADO PRESENCA LTDA;FERNANDO VOLTERO;1,83529E+13;MALU MERCADO
MERCADO PRESENCA LTDA;FERNANDO VOLTERO;1,83529E+13;MALU MERCADO
MERCADO PRESENCA LTDA;FERNANDO VOLTERO;1,83529E+13;MALU MERCADO
MINI MERCADO IPAVA LTDA - ME;CLEO CAVALCANTI;8,31561E+12;MINI MERCADO IPAVA
ELIAS BARBOSA DE SOUZA;JOSE ARTENCIO;1,14098E+13;ELIAS BARBOSA
MALU MERCADO LTDA;FERNANDO VOLTERO;1,12077E+13;MALU MERCADO
MALU MERCADO LTDA;FERNANDO VOLTERO;1,12077E+13;MALU MERCADO
MALU MERCADO LTDA;FERNANDO VOLTERO;1,12077E+13;MALU MERCADO
MALU MERCADO LTDA;FERNANDO VOLTERO;1,12077E+13;MALU MERCADO
MALU MERCADO LTDA;FERNANDO VOLTERO;1,12077E+13;MALU MERCADO
MALU MERCADO LTDA;FERNANDO VOLTERO;1,12077E+13;MALU MERCADO
BERTON - EMPORIO BERTON LTDA - 03;CLEO CAVALCANTI;1,95417E+13;BERTON
SUPERMERCADO TAKAHASHI LTDA;FLAVIA SIQUEIRA;4,77266E+13;TAKAHASHI
SUPERMERCADO TAKAHASHI LTDA;FLAVIA SIQUEIRA;4,77266E+13;TAKAHASHI
SHOPBRAS COMERCIO E DISTRIBUICAO EIRELI - EPP;TELEVENDAS - DA TERRINHA;7,7481E+12;SHOPBRAS
MERCADINHO MONTEMOR LTDA - ME;ERICK MOREIRA;1,1338E+13;MONTEMOR
DOCELANDIA - DOCES DOCELANDIA & VAZ LTDA - V MARACANA;INES MARTIN;1,2264E+13;DOCELANDIA
DOCELANDIA - DOCES DOCELANDIA & VAZ LTDA - V MARACANA;INES MARTIN;1,2264E+13;DOCELANDIA
DOCELANDIA - DOCES DOCELANDIA & VAZ LTDA - V MARACANA;INES MARTIN;1,2264E+13;DOCELANDIA
DOCELANDIA - DOCES DOCELANDIA & VAZ LTDA - V MARACANA;INES MARTIN;1,2264E+13;DOCELANDIA
DOCELANDIA - DOCES DOCELANDIA & VAZ LTDA - V MARACANA;INES MARTIN;1,2264E+13;DOCELANDIA
BERTON - COMERCIAL DE ALIMENTOS BERTON - 02;CLEO CAVALCANTI;1,0749E+12;BERTON
TRES M - COMERCIO VAREJISTA DE MERCADORIAS 3M LTDA;LEANDRO GOLDINHO LOPES;1,98459E+13;TRES M
TRES M - COMERCIO VAREJISTA DE MERCADORIAS 3M LTDA;LEANDRO GOLDINHO LOPES;1,98459E+13;TRES M
TRES M - COMERCIO VAREJISTA DE MERCADORIAS 3M LTDA;LEANDRO GOLDINHO LOPES;1,98459E+13;TRES M
TRES M - COMERCIO VAREJISTA DE MERCADORIAS 3M LTDA;LEANDRO GOLDINHO LOPES;1,98459E+13;TRES M
SUPERMERCADO NOVA BENTA LTDA;FLAVIA SIQUEIRA;4,40928E+13;NOVA BENTA
SUPERMERCADO NOVA BENTA LTDA;FLAVIA SIQUEIRA;4,40928E+13;NOVA BENTA
SUPERMERCADO NOVA BENTA LTDA;FLAVIA SIQUEIRA;4,40928E+13;NOVA BENTA
ADEP DISTRIB - HUMBERTO DOS SANTOS MORAIS - EPP;LEONARDO VINICIUS;9,65626E+13;ADEP
MARI SUPERMERCADOS EIRELI;KELVIN;2,29509E+13;MARI
MARI SUPERMERCADOS EIRELI;KELVIN;2,29509E+13;MARI
MARI SUPERMERCADOS EIRELI;KELVIN;2,29509E+13;MARI
TAKY ATACADISTA E COMERCIO LTDA;INES MARTIN;2,36513E+13;TAKY
TAKY ATACADISTA E COMERCIO LTDA;INES MARTIN;2,36513E+13;TAKY
TAKY ATACADISTA E COMERCIO LTDA;INES MARTIN;2,36513E+13;TAKY
TAKY ATACADISTA E COMERCIO LTDA;INES MARTIN;2,36513E+13;TAKY
TAKY ATACADISTA E COMERCIO LTDA;INES MARTIN;2,36513E+13;TAKY
F N PAVAN ACOUGUE - ME;JOSE ARTENCIO;2,37485E+13;IMPERIO PAVAN
SACOLAO CURSINO LTDA - EPP;INES MARTIN;2,38172E+13;SACOLAO CURSINO
SACOLAO CURSINO LTDA - EPP;INES MARTIN;2,38172E+13;SACOLAO CURSINO
SACOLAO CURSINO LTDA - EPP;INES MARTIN;2,38172E+13;SACOLAO CURSINO
SACOLAO CURSINO LTDA - EPP;INES MARTIN;2,38172E+13;SACOLAO CURSINO
TOULOUSE PAES E DOCES LTDA;TELEVENDAS - DA TERRINHA;4,00204E+11;TOULOUSE PAES
MINI MERCADO SAO JORGE DIADEMA LTDA - EPP;JOSE ARTENCIO;1,0246E+13;SAO JORGE
JAB IMPORTACAO E EXPORTACAO LTDA;FLAVIA SIQUEIRA;2,19387E+13;SUPERMERCADO MADRID
JAB IMPORTACAO E EXPORTACAO LTDA;FLAVIA SIQUEIRA;2,19387E+13;SUPERMERCADO MADRID
JAB IMPORTACAO E EXPORTACAO LTDA;FLAVIA SIQUEIRA;2,19387E+13;SUPERMERCADO MADRID
JAB IMPORTACAO E EXPORTACAO LTDA;FLAVIA SIQUEIRA;2,19387E+13;SUPERMERCADO MADRID
JAB IMPORTACAO E EXPORTACAO LTDA;FLAVIA SIQUEIRA;2,19387E+13;SUPERMERCADO MADRID
JAB IMPORTACAO E EXPORTACAO LTDA;FLAVIA SIQUEIRA;2,19387E+13;SUPERMERCADO MADRID
JAB IMPORTACAO E EXPORTACAO LTDA;FLAVIA SIQUEIRA;2,19387E+13;SUPERMERCADO MADRID
MERCADO SEMPRE MAIS LTDA - EPP;CLEO CAVALCANTI;9,13305E+12;SEMPRE MAIS
PORTO SEGURO - SUPERMERCADO PORTO SEGURO TABOAO LTDA - 02;LEANDRO GOLDINHO LOPES;1,99946E+13;PORTO SEGURO
PORTO SEGURO - SUPERMERCADO PORTO SEGURO TABOAO LTDA - 02;LEANDRO GOLDINHO LOPES;1,99946E+13;PORTO SEGURO
PORTO SEGURO - SUPERMERCADO PORTO SEGURO TABOAO LTDA - 02;LEANDRO GOLDINHO LOPES;1,99946E+13;PORTO SEGURO
PORTO SEGURO - SUPERMERCADO PORTO SEGURO TABOAO LTDA - 02;LEANDRO GOLDINHO LOPES;1,99946E+13;PORTO SEGURO
PORTO SEGURO - SUPERMERCADO PORTO SEGURO TABOAO LTDA - 02;LEANDRO GOLDINHO LOPES;1,99946E+13;PORTO SEGURO
EXTRA - COMPANHIA BRASILEIRA DE DISTRIBUICAO - ANCHIETA;EDMILSON NUNES;4,75084E+13;EXTRA
RK - PRIFE SUPERMERCADO LTDA - 17;MARIO MIZUKA;6,83749E+13;RICOY
RK - PRIFE SUPERMERCADO LTDA - 17;MARIO MIZUKA;6,83749E+13;RICOY
RK - PRIFE SUPERMERCADO LTDA - 17;MARIO MIZUKA;6,83749E+13;RICOY
RK - PRIFE SUPERMERCADO LTDA - 17;MARIO MIZUKA;6,83749E+13;RICOY
RK - PRIFE SUPERMERCADO LTDA - 17;MARIO MIZUKA;6,83749E+13;RICOY
RK - SUPERMERCADO NACOES UNIDAS LTDA - 22;MARIO MIZUKA;7,56965E+12;RICOY
RK - SUPERMERCADO NACOES UNIDAS LTDA - 22;MARIO MIZUKA;7,56965E+12;RICOY
RK - SUPERMERCADO NACOES UNIDAS LTDA - 22;MARIO MIZUKA;7,56965E+12;RICOY
RK - SUPERMERCADO NACOES UNIDAS LTDA - 22;MARIO MIZUKA;7,56965E+12;RICOY
RK - SUPERMERCADO HIRA LTDA - 23;MARIO MIZUKA;4,62639E+13;RICOY
RK - SUPERMERCADO HIRA LTDA - 23;MARIO MIZUKA;4,62639E+13;RICOY
RK - SUPERMERCADO HIRA LTDA - 23;MARIO MIZUKA;4,62639E+13;RICOY
RK - SUPERMERCADO HIRA LTDA - 23;MARIO MIZUKA;4,62639E+13;RICOY
RK - SUPERMERCADO RIVIERA LTDA - 28;MARIO MIZUKA;4,81245E+13;RICOY
A MAIS SUPERMERCADOS LTDA;LEONARDO VINICIUS;6,34129E+12;DA PRACA
RK - SUPERMERCADO RIVIERA LTDA - 38;MARIO MIZUKA;4,81245E+13;RICOY
RK - SUPERMERCADO RIVIERA LTDA - 38;MARIO MIZUKA;4,81245E+13;RICOY
RK - SUPERMERCADO RIVIERA LTDA - 38;MARIO MIZUKA;4,81245E+13;RICOY
RK - SUPERMERCADO RIVIERA LTDA - 38;MARIO MIZUKA;4,81245E+13;RICOY
RK - SUPERMERCADO RIVIERA LTDA - 47;MARIO MIZUKA;4,81245E+13;RICOY
RK - SUPERMERCADO RIVIERA LTDA - 47;MARIO MIZUKA;4,81245E+13;RICOY
RK - SUPERMERCADO RIVIERA LTDA - 47;MARIO MIZUKA;4,81245E+13;RICOY
RK - SUPERMERCADO RIVIERA LTDA - 50;MARIO MIZUKA;4,81245E+13;RICOY
RK - SUPERMERCADO RIVIERA LTDA - 50;MARIO MIZUKA;4,81245E+13;RICOY
RK - SUPERMERCADO RIVIERA LTDA - 50;MARIO MIZUKA;4,81245E+13;RICOY
RK - SUPERMERCADO RIVIERA LTDA - 50;MARIO MIZUKA;4,81245E+13;RICOY
RK - SUPERMERCADO ESTRELA DO GUARUJA LTDA - 56;MARIO MIZUKA;1,02621E+13;RICOY
RK - SUPERMERCADO ESTRELA DO GUARUJA LTDA - 56;MARIO MIZUKA;1,02621E+13;RICOY
RK - SUPERMERCADO ESTRELA DO GUARUJA LTDA - 56;MARIO MIZUKA;1,02621E+13;RICOY
RK - SUPERMERCADO ESTRELA DO GUARUJA LTDA - 56;MARIO MIZUKA;1,02621E+13;RICOY
RK - SUPERMERCADO ESTRELA DO GUARUJA LTDA - 56;MARIO MIZUKA;1,02621E+13;RICOY
RK - F F SUPERMERCADO LTDA - 57;MARIO MIZUKA;5,80576E+12;RICOY
RK - F F SUPERMERCADO LTDA - 57;MARIO MIZUKA;5,80576E+12;RICOY
RK - F F SUPERMERCADO LTDA - 57;MARIO MIZUKA;5,80576E+12;RICOY
RK - F F SUPERMERCADO LTDA - 57;MARIO MIZUKA;5,80576E+12;RICOY
RK - F F SUPERMERCADO LTDA - 58;MARIO MIZUKA;5,80576E+12;RICOY
RK - F F SUPERMERCADO LTDA - 58;MARIO MIZUKA;5,80576E+12;RICOY
RK - F F SUPERMERCADO LTDA - 58;MARIO MIZUKA;5,80576E+12;RICOY
RK - F F SUPERMERCADO LTDA - 58;MARIO MIZUKA;5,80576E+12;RICOY
RK - F F SUPERMERCADO LTDA - 59;MARIO MIZUKA;5,80576E+12;RICOY
RK - F F SUPERMERCADO LTDA - 59;MARIO MIZUKA;5,80576E+12;RICOY
RK - F F SUPERMERCADO LTDA - 59;MARIO MIZUKA;5,80576E+12;RICOY
RK - F F SUPERMERCADO LTDA - 59;MARIO MIZUKA;5,80576E+12;RICOY
RK - F F SUPERMERCADO LTDA - 60;MARIO MIZUKA;5,80576E+12;RICOY
RK - F F SUPERMERCADO LTDA - 60;MARIO MIZUKA;5,80576E+12;RICOY
RK - F F SUPERMERCADO LTDA - 60;MARIO MIZUKA;5,80576E+12;RICOY
RK - F F SUPERMERCADO LTDA - 60;MARIO MIZUKA;5,80576E+12;RICOY
RK - F F SUPERMERCADO LTDA - 61;MARIO MIZUKA;5,80576E+12;RICOY
RK - F F SUPERMERCADO LTDA - 61;MARIO MIZUKA;5,80576E+12;RICOY
RK - F F SUPERMERCADO LTDA - 61;MARIO MIZUKA;5,80576E+12;RICOY
RK - F F SUPERMERCADO LTDA - 61;MARIO MIZUKA;5,80576E+12;RICOY
SUPERMERCADO NUTRI SAM LTDA.;MARIO MIZUKA;9,53593E+12;RICOY
SUPERMERCADO NUTRI SAM LTDA.;MARIO MIZUKA;9,53593E+12;RICOY
SUPERMERCADO NUTRI SAM LTDA.;MARIO MIZUKA;9,53593E+12;RICOY
SAITO - SUPERMERCADO BOX SAITO LTDA - 01;CLAUDIO AKIO SOGA;4,87097E+13;SAITO
SAITO - SUPERMERCADO H SAITO LTDA - 02;CLAUDIO AKIO SOGA;4,81576E+13;SAITO
SATMO - COMERCIO DE PROD ALIMENTICIOS LTDA - 01;MARIO MIZUKA;4,33635E+13;SATMO
SATMO - COMERCIO DE PROD ALIMENTICIOS LTDA - 02;MARIO MIZUKA;4,33635E+13;SATMO
SATMO - COMERCIO DE PROD ALIMENTICIOS LTDA - 03;MARIO MIZUKA;4,33635E+13;SATMO
SONDA SUPERMERCADOS EXPORTACAO E IMPORTACAO S.A.;ANGELA MARIA;1,93764E+12;SONDA
SONDA SUPERMERCADOS EXPORTACAO E IMPORTACAO S.A.;ANGELA MARIA;1,93764E+12;SONDA
SONDA SUPERMERCADOS EXPORTACAO E IMPORTACAO S.A.;ANGELA MARIA;1,93764E+12;SONDA
SONDA SUPERMERCADOS EXPORTACAO E IMPORTACAO S.A.;ANGELA MARIA;1,93764E+12;SONDA
SONDA SUPERMERCADOS EXPORTACAO E IMPORTACAO S.A.;ANGELA MARIA;1,93764E+12;SONDA
SONDA SUPERMERCADOS EXPORTACAO E IMPORTACAO S.A.;ANGELA MARIA;1,93764E+12;SONDA
SONDA SUPERMERCADOS EXPORTACAO E IMPORTACAO S.A.;ANGELA MARIA;1,93764E+12;SONDA
SONDA SUPERMERCADOS EXPORTACAO E IMPORTACAO S.A.;ANGELA MARIA;1,93764E+12;SONDA
SONDA SUPERMERCADOS EXPORTACAO E IMPORTACAO S.A.;ANGELA MARIA;1,93764E+12;SONDA
NOEL SUPERMERCADO - FABIO DOS SANTOS PEREIRA MERCADINHO - ME;KELVIN;5,48475E+12;NOEL SUPERMERCADO
NOEL SUPERMERCADO - FABIO DOS SANTOS PEREIRA MERCADINHO - ME;KELVIN;5,48475E+12;NOEL SUPERMERCADO
NOEL SUPERMERCADO - FABIO DOS SANTOS PEREIRA MERCADINHO - ME;KELVIN;5,48475E+12;NOEL SUPERMERCADO
NOEL SUPERMERCADO - FABIO DOS SANTOS PEREIRA MERCADINHO - ME;KELVIN;5,48475E+12;NOEL SUPERMERCADO
NOEL SUPERMERCADO - FABIO DOS SANTOS PEREIRA MERCADINHO - ME;KELVIN;5,48475E+12;NOEL SUPERMERCADO
NOEL SUPERMERCADO - FABIO DOS SANTOS PEREIRA MERCADINHO - ME;KELVIN;5,48475E+12;NOEL SUPERMERCADO
NOEL SUPERMERCADO - FABIO DOS SANTOS PEREIRA MERCADINHO - ME;KELVIN;5,48475E+12;NOEL SUPERMERCADO
NOEL SUPERMERCADO - FABIO DOS SANTOS PEREIRA MERCADINHO - ME;KELVIN;5,48475E+12;NOEL SUPERMERCADO
NOEL SUPERMERCADO - FABIO DOS SANTOS PEREIRA MERCADINHO - ME;KELVIN;5,48475E+12;NOEL SUPERMERCADO
NOEL SUPERMERCADO - FABIO DOS SANTOS PEREIRA MERCADINHO - ME;KELVIN;5,48475E+12;NOEL SUPERMERCADO
MINORU INTERLAGOS ALIMENTOS EIRELI;CAROLINA DOS SANTOS ROCHA;1,10288E+13;SUPERMERCADO MINORU
MINORU INTERLAGOS ALIMENTOS EIRELI;CAROLINA DOS SANTOS ROCHA;1,10288E+13;SUPERMERCADO MINORU
MINORU INTERLAGOS ALIMENTOS EIRELI;CAROLINA DOS SANTOS ROCHA;1,10288E+13;SUPERMERCADO MINORU
MINORU INTERLAGOS ALIMENTOS EIRELI;CAROLINA DOS SANTOS ROCHA;1,10288E+13;SUPERMERCADO MINORU
MINORU INTERLAGOS ALIMENTOS EIRELI;CAROLINA DOS SANTOS ROCHA;1,10288E+13;SUPERMERCADO MINORU
MINORU INTERLAGOS ALIMENTOS EIRELI;CAROLINA DOS SANTOS ROCHA;1,10288E+13;SUPERMERCADO MINORU
MINORU INTERLAGOS ALIMENTOS EIRELI;CAROLINA DOS SANTOS ROCHA;1,10288E+13;SUPERMERCADO MINORU
TANAKA - MERCADINHO S T S LTDA - 01;KELVIN;6,90397E+13;TANAKA
TANAKA - MERCEARIA RENATA LTDA - 02;CAROLINA DOS SANTOS ROCHA;6,92025E+13;SM RENATA
TANAKA - MERCEARIA RENATA LTDA - 02;CAROLINA DOS SANTOS ROCHA;6,92025E+13;SM RENATA
SUPERMERCADO MARANHAO LTDA;KELVIN;4,82588E+13;TANAKA
TANAKA - MTX COM DE GENEROS ALIMENTICIOS LTDA - 04;KELVIN;1,13768E+13;TANAKA
UNIVILLAS SUPERMERCADOS LTDA - EPP;TELEVENDAS - DA TERRINHA;1,10124E+13;UNIVILLAS
UNIVILLAS SUPERMERCADOS LTDA - EPP;TELEVENDAS - DA TERRINHA;1,10124E+13;UNIVILLAS
SERRANO AUTO SERVICO LTDA - 01;CARLOS FERREIRA;5,35988E+12;SERRANO SRN
SERRANO AUTO SERVICO LTDA - 01;CARLOS FERREIRA;5,35988E+12;SERRANO SRN
SERRANO AUTO SERVICO LTDA - 01;CARLOS FERREIRA;5,35988E+12;SERRANO SRN
SUPERMERCADO SERRANO LTDA - 02;CARLOS FERREIRA;4,87474E+13;SERRANO SRN
SUPERMERCADO SERRANO LTDA - 02;CARLOS FERREIRA;4,87474E+13;SERRANO SRN
SERRANO AUTO-SERVIO LTDA - 05;CARLOS FERREIRA;5,35988E+12;SERRANO SRN
SERRANO AUTO-SERVIO LTDA - 05;CARLOS FERREIRA;5,35988E+12;SERRANO SRN
SERRANO AUTO-SERVIO LTDA - 05;CARLOS FERREIRA;5,35988E+12;SERRANO SRN
SERRANO AUTO-SERVIO LTDA;CARLOS FERREIRA;5,35988E+12;SERRANO SRN
SERRANO AUTO-SERVIO LTDA;CARLOS FERREIRA;5,35988E+12;SERRANO SRN
SERRANO AUTO-SERVIO LTDA;CARLOS FERREIRA;5,35988E+12;SERRANO SRN
SERRANO AUTO SERVICO LTDA - 08;CARLOS FERREIRA;5,35988E+12;SERRANO SRN
SERRANO AUTO SERVICO LTDA - 08;CARLOS FERREIRA;5,35988E+12;SERRANO SRN
SERRANO AUTO SERVICO LTDA - 08;CARLOS FERREIRA;5,35988E+12;SERRANO SRN
SERRANO AUTO SERVICO LTDA - 13;CARLOS FERREIRA;5,35988E+12;SERRANO SRN
SERRANO AUTO SERVICO LTDA - 13;CARLOS FERREIRA;5,35988E+12;SERRANO SRN
SERRANO AUTO SERVICO LTDA - 13;CARLOS FERREIRA;5,35988E+12;SERRANO SRN
SERRANO AUTO SERVICO LTDA - 14;CARLOS FERREIRA;5,35988E+12;SERRANO SRN
SERRANO AUTO SERVICO LTDA - 14;CARLOS FERREIRA;5,35988E+12;SERRANO SRN
SERRANO AUTO SERVICO LTDA - 15;CARLOS FERREIRA;5,35988E+12;SERRANO SRN
SERRANO AUTO SERVICO LTDA - 15;CARLOS FERREIRA;5,35988E+12;SERRANO SRN
SERRANO AUTO SERVICO LTDA - 15;CARLOS FERREIRA;5,35988E+12;SERRANO SRN
FTJ SUPERMERCADOS LTDA;TELEVENDAS - DA TERRINHA;2,99538E+12;SUP NOVA ERA
FTJ SUPERMERCADOS LTDA;TELEVENDAS - DA TERRINHA;2,99538E+12;SUP NOVA ERA
FTJ SUPERMERCADOS LTDA;TELEVENDAS - DA TERRINHA;2,99538E+12;SUP NOVA ERA
ROLDAO - AUTO SERVICO COMERCIO DE ALIMENTOS LTDA - 004;CAIO VINICIUS AMORIM;5,80026E+12;ROLDAO
ROLDAO - AUTO SERVICO COMERCIO DE ALIMENTOS LTDA - 004;CAIO VINICIUS AMORIM;5,80026E+12;ROLDAO
ROLDAO - AUTO SERVICO COMERCIO DE ALIMENTOS LTDA - 004;CAIO VINICIUS AMORIM;5,80026E+12;ROLDAO
ROLDAO - AUTO SERVICO COMERCIO DE ALIMENTOS LTDA - 002;CAIO VINICIUS AMORIM;5,80026E+12;ROLDAO
ROLDAO - AUTO SERVICO COMERCIO DE ALIMENTOS LTDA - 002;CAIO VINICIUS AMORIM;5,80026E+12;ROLDAO
ROLDAO - AUTO SERVICO COMERCIO DE ALIMENTOS LTDA - 002;CAIO VINICIUS AMORIM;5,80026E+12;ROLDAO
ROLDAO - AUTO SERVICO COMERCIO DE ALIMENTOS LTDA - 003;CAIO VINICIUS AMORIM;5,80026E+12;ROLDAO
ROLDAO - AUTO SERVICO COMERCIO DE ALIMENTOS LTDA - 003;CAIO VINICIUS AMORIM;5,80026E+12;ROLDAO
ROLDAO - AUTO SERVICO COMERCIO DE ALIMENTOS LTDA - 003;CAIO VINICIUS AMORIM;5,80026E+12;ROLDAO
ROLDAO - AUTO SERVICO COMERCIO DE ALIMENTOS LTDA - 005;CAIO VINICIUS AMORIM;5,80026E+12;ROLDAO
ROLDAO - AUTO SERVICO COMERCIO DE ALIMENTOS LTDA - 005;CAIO VINICIUS AMORIM;5,80026E+12;ROLDAO
ROLDAO - AUTO SERVICO COMERCIO DE ALIMENTOS LTDA - 005;CAIO VINICIUS AMORIM;5,80026E+12;ROLDAO
ROLDAO - AUTO SERVICO COMERCIO DE ALIMENTOS LTDA - 006;CAIO VINICIUS AMORIM;5,80026E+12;ROLDAO
ROLDAO - AUTO SERVICO COMERCIO DE ALIMENTOS LTDA - 006;CAIO VINICIUS AMORIM;5,80026E+12;ROLDAO
ROLDAO - AUTO SERVICO COMERCIO DE ALIMENTOS LTDA - 006;CAIO VINICIUS AMORIM;5,80026E+12;ROLDAO
ROLDAO - AUTO SERVICO COMERCIO DE ALIMENTOS LTDA - 007;CAIO VINICIUS AMORIM;5,80026E+12;ROLDAO
ROLDAO - AUTO SERVICO COMERCIO DE ALIMENTOS LTDA - 007;CAIO VINICIUS AMORIM;5,80026E+12;ROLDAO
ROLDAO - AUTO SERVICO COMERCIO DE ALIMENTOS LTDA - 008;CAIO VINICIUS AMORIM;5,80026E+12;ROLDAO
ROLDAO - AUTO SERVICO COMERCIO DE ALIMENTOS LTDA - 008;CAIO VINICIUS AMORIM;5,80026E+12;ROLDAO
ROLDAO - AUTO SERVICO COMERCIO DE ALIMENTOS LTDA - 008;CAIO VINICIUS AMORIM;5,80026E+12;ROLDAO
ROLDAO - AUTO SERVICO COMERCIO DE ALIMENTOS LTDA - 009;CAIO VINICIUS AMORIM;5,80026E+12;ROLDAO
ROLDAO - AUTO SERVICO COMERCIO DE ALIMENTOS LTDA - 009;CAIO VINICIUS AMORIM;5,80026E+12;ROLDAO
ROLDAO - AUTO SERVICO COMERCIO DE ALIMENTOS LTDA - 009;CAIO VINICIUS AMORIM;5,80026E+12;ROLDAO
ROLDAO - AUTO SERVICO COMERCIO DE ALIMENTOS LTDA - 010;CAIO VINICIUS AMORIM;5,80026E+12;ROLDAO
ROLDAO - AUTO SERVICO COMERCIO DE ALIMENTOS LTDA - 010;CAIO VINICIUS AMORIM;5,80026E+12;ROLDAO
ROLDAO - AUTO SERVICO COMERCIO DE ALIMENTOS LTDA - 010;CAIO VINICIUS AMORIM;5,80026E+12;ROLDAO
ROLDAO - AUTO SERVICO COMERCIO DE ALIMENTOS LTDA - 011;CAIO VINICIUS AMORIM;5,80026E+12;ROLDAO
ROLDAO - AUTO SERVICO COMERCIO DE ALIMENTOS LTDA - 011;CAIO VINICIUS AMORIM;5,80026E+12;ROLDAO
ROLDAO - AUTO SERVICO COMERCIO DE ALIMENTOS LTDA - 011;CAIO VINICIUS AMORIM;5,80026E+12;ROLDAO
SUPERMERCADO K N LTDA;CAROLINA DOS SANTOS ROCHA;4,55801E+13;SUPERMERCADO KN
SUPERMERCADO K N LTDA;CAROLINA DOS SANTOS ROCHA;4,55801E+13;SUPERMERCADO KN
SUPER DOCES MARINGA LTDA - 01;KELVIN;6,86344E+12;DOCES MARINGA
SUPER DOCES MARINGA LTDA - 01;KELVIN;6,86344E+12;DOCES MARINGA
SUPER DOCES MARINGA LTDA - 01;KELVIN;6,86344E+12;DOCES MARINGA
SUPER DOCES MARINGA LTDA - 01;KELVIN;6,86344E+12;DOCES MARINGA
COMERCIAL VILLA SIMPATIA LTDA;VALTER AMARAL MACHADO;7,72216E+12;SIMPATIA
COMERCIAL VILLA SIMPATIA LTDA;VALTER AMARAL MACHADO;7,72216E+12;SIMPATIA
COMERCIAL VILLA SIMPATIA LTDA;VALTER AMARAL MACHADO;7,72216E+12;SIMPATIA
COMERCIAL VILLA SIMPATIA LTDA;VALTER AMARAL MACHADO;7,72216E+12;SIMPATIA
COMERCIAL VILLA SIMPATIA LTDA;VALTER AMARAL MACHADO;7,72216E+12;SIMPATIA
COMERCIAL VILLA SIMPATIA LTDA;VALTER AMARAL MACHADO;7,72216E+12;SIMPATIA
COMERCIAL VILLA SIMPATIA LTDA;VALTER AMARAL MACHADO;7,72216E+12;SIMPATIA
COMERCIAL VILLA SIMPATIA LTDA;VALTER AMARAL MACHADO;7,72216E+12;SIMPATIA
COMERCIAL VILLA SIMPATIA LTDA;VALTER AMARAL MACHADO;7,72216E+12;SIMPATIA
COMERCIAL VILLA SIMPATIA LTDA;VALTER AMARAL MACHADO;7,72216E+12;SIMPATIA
SUPERMERCADO MIZOBUCHI LTDA;MARIO MIZUKA;6,79371E+13;MIZOBUCHI
SUPERMERCADO FUJIKAWA LTDA - EPP;ALEXANDRE VIANA;4,58101E+13;FUJIKAWA
SUPERMERCADO FUJIKAWA LTDA - EPP;ALEXANDRE VIANA;4,58101E+13;FUJIKAWA
ROLIM DE FREITAS & CIA LTDA;PAULO COSTA;4,93138E+13;ROLIM DE FREITAS
ROLIM DE FREITAS & CIA LTDA;PAULO COSTA;4,93138E+13;ROLIM DE FREITAS
ROLIM DE FREITAS & CIA LTDA;PAULO COSTA;4,93138E+13;ROLIM DE FREITAS
ATACADAO S.A.;ROBERTO OLIVEIRA ANDRADE;7,53153E+13;ATACADAO -  SP CD
ATACADAO S A - 120;ROBERTO OLIVEIRA ANDRADE;7,53153E+13;ATACADAO - SP LOJAS
ATACADAO S A - 120;ROBERTO OLIVEIRA ANDRADE;7,53153E+13;ATACADAO - SP LOJAS
ATACADAO S A - 120;ROBERTO OLIVEIRA ANDRADE;7,53153E+13;ATACADAO - SP LOJAS
ATACADAO S A - 120;ROBERTO OLIVEIRA ANDRADE;7,53153E+13;ATACADAO - SP LOJAS
ATACADAO S.A.;ROBERTO OLIVEIRA ANDRADE;7,53153E+13;ATACADAO - SP LOJAS
ATACADAO S.A.;ROBERTO OLIVEIRA ANDRADE;7,53153E+13;ATACADAO - SP LOJAS
ATACADAO S.A.;ROBERTO OLIVEIRA ANDRADE;7,53153E+13;ATACADAO - SP LOJAS
ATACADAO S.A.;ROBERTO OLIVEIRA ANDRADE;7,53153E+13;ATACADAO - SP LOJAS
ATACADAO S A - PARADA DE TAIPAS;ROBERTO OLIVEIRA ANDRADE;7,53153E+13;ATACADAO - SP LOJAS
ATACADAO S A - PARADA DE TAIPAS;ROBERTO OLIVEIRA ANDRADE;7,53153E+13;ATACADAO - SP LOJAS
ATACADAO S A - PARADA DE TAIPAS;ROBERTO OLIVEIRA ANDRADE;7,53153E+13;ATACADAO - SP LOJAS
ATACADAO S A - PARADA DE TAIPAS;ROBERTO OLIVEIRA ANDRADE;7,53153E+13;ATACADAO - SP LOJAS
ATACADAO S.A.;ROBERTO OLIVEIRA ANDRADE;7,53153E+13;ATACADAO - SP LOJAS
ATACADAO S.A.;ROBERTO OLIVEIRA ANDRADE;7,53153E+13;ATACADAO - SP LOJAS
ATACADAO S.A.;ROBERTO OLIVEIRA ANDRADE;7,53153E+13;ATACADAO - SP LOJAS
ATACADAO S.A.;ROBERTO OLIVEIRA ANDRADE;7,53153E+13;ATACADAO - SP LOJAS
ATACADAO S A - 35;ROBERTO OLIVEIRA ANDRADE;7,53153E+13;ATACADAO - SP LOJAS
ATACADAO S A - 35;ROBERTO OLIVEIRA ANDRADE;7,53153E+13;ATACADAO - SP LOJAS
ATACADAO S A - 35;ROBERTO OLIVEIRA ANDRADE;7,53153E+13;ATACADAO - SP LOJAS
ATACADAO S A - 35;ROBERTO OLIVEIRA ANDRADE;7,53153E+13;ATACADAO - SP LOJAS
ATACADAO S A - 48;ROBERTO OLIVEIRA ANDRADE;7,53153E+13;ATACADAO - SP LOJAS
ATACADAO S A - 48;ROBERTO OLIVEIRA ANDRADE;7,53153E+13;ATACADAO - SP LOJAS
ATACADAO S A - 48;ROBERTO OLIVEIRA ANDRADE;7,53153E+13;ATACADAO - SP LOJAS
ATACADAO S A - 48;ROBERTO OLIVEIRA ANDRADE;7,53153E+13;ATACADAO - SP LOJAS
ATACADAO S A - 60;ROBERTO OLIVEIRA ANDRADE;7,53153E+13;ATACADAO - SP LOJAS
ATACADAO S A - 60;ROBERTO OLIVEIRA ANDRADE;7,53153E+13;ATACADAO - SP LOJAS
ATACADAO S A - 60;ROBERTO OLIVEIRA ANDRADE;7,53153E+13;ATACADAO - SP LOJAS
ATACADAO S A - 60;ROBERTO OLIVEIRA ANDRADE;7,53153E+13;ATACADAO - SP LOJAS
ATACADAO S A - 86;ANGELA MARIA;7,53153E+13;ATACADAO - SP LOJAS
ATACADAO S A - 86;JOSUE EVANGELISTA;7,53153E+13;ATACADAO - SP LOJAS
ATACADAO S A - 86;ROBERTO OLIVEIRA ANDRADE;7,53153E+13;ATACADAO - SP LOJAS
ATACADAO S A - 86;DECIO FERRAZ JUNIOR;7,53153E+13;ATACADAO - SP LOJAS
ATACADAO S A - 105;ANGELA MARIA;7,53153E+13;ATACADAO - SP LOJAS
ATACADAO S A - 105;JOSUE EVANGELISTA;7,53153E+13;ATACADAO - SP LOJAS
ATACADAO S A - 105;ROBERTO OLIVEIRA ANDRADE;7,53153E+13;ATACADAO - SP LOJAS
ATACADAO S A - 105;DECIO FERRAZ JUNIOR;7,53153E+13;ATACADAO - SP LOJAS
ATACADAO S A - 92;DECIO FERRAZ JUNIOR;7,53153E+13;ATACADAO - SP LOJAS
ATACADAO S A - 92;ROBERTO OLIVEIRA ANDRADE;7,53153E+13;ATACADAO - SP LOJAS
ATACADAO S A - 92;ANGELA MARIA;7,53153E+13;ATACADAO - SP LOJAS
ATACADAO S A - 92;JOSUE EVANGELISTA;7,53153E+13;ATACADAO - SP LOJAS
ATACADAO S A - 46;ROBERTO OLIVEIRA ANDRADE;7,53153E+13;ATACADAO - SP LOJAS
ATACADAO S A - 46;ROBERTO OLIVEIRA ANDRADE;7,53153E+13;ATACADAO - SP LOJAS
ATACADAO S A - 46;ROBERTO OLIVEIRA ANDRADE;7,53153E+13;ATACADAO - SP LOJAS
ATACADAO S A - 46;ROBERTO OLIVEIRA ANDRADE;7,53153E+13;ATACADAO - SP LOJAS
ATACADAO S A - 43;ANGELA MARIA;7,53153E+13;ATACADAO - SP LOJAS
ATACADAO S A - 43;JOSUE EVANGELISTA;7,53153E+13;ATACADAO - SP LOJAS
ATACADAO S A - 43;DECIO FERRAZ JUNIOR;7,53153E+13;ATACADAO - SP LOJAS
ATACADAO S A - 43;ROBERTO OLIVEIRA ANDRADE;7,53153E+13;ATACADAO - SP LOJAS
ATACADAO S A - 32;JOSUE EVANGELISTA;7,53153E+13;ATACADAO - SP LOJAS
ATACADAO S A - 32;ROBERTO OLIVEIRA ANDRADE;7,53153E+13;ATACADAO - SP LOJAS
ATACADAO S A - 32;DECIO FERRAZ JUNIOR;7,53153E+13;ATACADAO - SP LOJAS
ATACADAO S A - 32;ANGELA MARIA;7,53153E+13;ATACADAO - SP LOJAS
ATACADAO S A - 23;JOSUE EVANGELISTA;7,53153E+13;ATACADAO - SP LOJAS
ATACADAO S A - 23;ANGELA MARIA;7,53153E+13;ATACADAO - SP LOJAS
ATACADAO S A - 23;ROBERTO OLIVEIRA ANDRADE;7,53153E+13;ATACADAO - SP LOJAS
ATACADAO S A - 23;DECIO FERRAZ JUNIOR;7,53153E+13;ATACADAO - SP LOJAS
ATACADAO S A - 53;ANGELA MARIA;7,53153E+13;ATACADAO - SP LOJAS
ATACADAO S A - 53;JOSUE EVANGELISTA;7,53153E+13;ATACADAO - SP LOJAS
ATACADAO S A - 53;DECIO FERRAZ JUNIOR;7,53153E+13;ATACADAO - SP LOJAS
ATACADAO S A - 53;ROBERTO OLIVEIRA ANDRADE;7,53153E+13;ATACADAO - SP LOJAS
SUPERMERCADO SOL NASCENTE EIRELI;TELEVENDAS - DA TERRINHA;1,10197E+13;SOL NASCENTE
SUPERMERCADO SOL NASCENTE EIRELI;TELEVENDAS - DA TERRINHA;1,10197E+13;SOL NASCENTE
PIRATININGA - MERCADINHO PIRATININGA LTDA - 02;EDMILSON - 02;6,01864E+13;PIRATININGA
PIRATININGA - MERCADINHO PIRATININGA LTDA - 02;EDMILSON - 02;6,01864E+13;PIRATININGA
PIRATININGA - MERCADINHO PIRATININGA LTDA - 02;EDMILSON - 02;6,01864E+13;PIRATININGA
PIRATININGA - MERCADINHO PIRATININGA LTDA - 03;EDMILSON - 02;6,01864E+13;PIRATININGA
PIRATININGA - MERCADINHO PIRATININGA LTDA - 03;EDMILSON - 02;6,01864E+13;PIRATININGA
PIRATININGA - MERCADINHO PIRATININGA LTDA - 03;EDMILSON - 02;6,01864E+13;PIRATININGA
PIRATININGA - MERCADINHO PIRATININGA CARAGUATATUBA LTDA - 04;EDMILSON - 02;8,57172E+12;PIRATININGA
PIRATININGA - MERCADINHO PIRATININGA CARAGUATATUBA LTDA - 04;EDMILSON - 02;8,57172E+12;PIRATININGA
PIRATININGA - MERCADINHO PIRATININGA CARAGUATATUBA LTDA - 04;EDMILSON - 02;8,57172E+12;PIRATININGA
ALI SAN SUPERMERCADO LTDA-ME;TELEVENDAS - DA TERRINHA;9,50225E+12;ALI SAN
ALI SAN SUPERMERCADO LTDA-ME;TELEVENDAS - DA TERRINHA;9,50225E+12;ALI SAN
S & R SUPERMERCADO LTDA-ME;JOSE ARTENCIO;9,6499E+12;MERCADO INDEPENDENCIA
S & R SUPERMERCADO LTDA-ME;JOSE ARTENCIO;9,6499E+12;MERCADO INDEPENDENCIA
SUPERMERCADO CHANES LTDA - ME;PAULO COSTA;4,54534E+13;CHANES
SUPERMERCADO GALVES EIRELI;PAULO COSTA;6,68116E+13;GALVES
FECULARIA LOANDA LTDA;CRISTIAN KONISHI;7,39731E+13;FECULARIA LOANDA LTDA
ITAMAMBUCA COMERCIO DE ALIMENTOS LTDA - 06;JULIANA RIBEIRA;8,27157E+12;ITAMAMBUCA
ITAMAMBUCA COMERCIO DE ALIMENTOS LTDA - 05;JULIANA RIBEIRA;8,27157E+12;ITAMAMBUCA
ITAMAMBUCA COMERCIO DE ALIMENTOS LTDA - 02;JULIANA RIBEIRA;8,27157E+12;ITAMAMBUCA
ITAMAMBUCA COMERCIO DE ALIMENTOS LTDA - ST HELENA;JULIANA RIBEIRA;8,27157E+12;ITAMAMBUCA
ITAMAMBUCA COMERCIO DE ALIMENTOS LTDA - 03;JULIANA RIBEIRA;8,27157E+12;ITAMAMBUCA
ITAMAMBUCA COMERCIO DE ALIMENTOS LTDA - 04;JULIANA RIBEIRA;8,27157E+12;ITAMAMBUCA
COMERCIAL VILLA SIMPATIA LTDA - CD;VALTER AMARAL MACHADO;7,72216E+12;SIMPATIA
COMERCIAL VILLA SIMPATIA LTDA - CD;VALTER AMARAL MACHADO;7,72216E+12;SIMPATIA
COMERCIAL VILLA SIMPATIA LTDA - CD;VALTER AMARAL MACHADO;7,72216E+12;SIMPATIA
COMERCIAL VILLA SIMPATIA LTDA - CD;VALTER AMARAL MACHADO;7,72216E+12;SIMPATIA
TOME LEVE - A DAHER E CIA LTDA;TELEVENDAS - DA TERRINHA;4,52913E+13;TOME LEVE
REIMBERG COMERCIO DE ALIMENTOS E PLANTAS LTDA;ERICK MOREIRA;9,25335E+12;REIMBERG COMERCIO
REIMBERG COMERCIO DE ALIMENTOS E PLANTAS LTDA;ERICK MOREIRA;9,25335E+12;REIMBERG COMERCIO
REIMBERG COMERCIO DE ALIMENTOS E PLANTAS LTDA;ERICK MOREIRA;9,25335E+12;REIMBERG COMERCIO
REIMBERG COMERCIO DE ALIMENTOS E PLANTAS LTDA;ERICK MOREIRA;9,25335E+12;REIMBERG COMERCIO
REIMBERG COMERCIO DE ALIMENTOS E PLANTAS LTDA;ERICK MOREIRA;9,25335E+12;REIMBERG COMERCIO
SHIBATA - SHIBATAATA CACAPAVA ATAC E VAREJO DE MERC E -  H4;EDMILSON - 02;1,50614E+13;SHIBATA
SHIBATA - SHIBATAATA CACAPAVA ATAC E VAREJO DE MERC E -  H4;EDMILSON - 02;1,50614E+13;SHIBATA
SHIBATA - SHIBATAATA CACAPAVA ATAC E VAREJO DE MERC E -  H4;EDMILSON - 02;1,50614E+13;SHIBATA
SHIBATA - SUPERMERCADO SHIBATAATA TAUBATE LTDA -  H3;EDMILSON - 02;7,42439E+12;SHIBATA
SHIBATA - SUPERMERCADO SHIBATAATA TAUBATE LTDA -  H3;EDMILSON - 02;7,42439E+12;SHIBATA
SHIBATA - SUPERMERCADO SHIBATAATA TAUBATE LTDA -  H3;EDMILSON - 02;7,42439E+12;SHIBATA
MY BODY BRASIL GROUP ALIANCAS ESTRATEGICAS;TELEVENDAS - DA TERRINHA;8,75833E+12;MY BODYBRASIL
QUATRO IRMAOS - MERCADO OLIVEIRA VI LTDA - 03;CLAUDIO AKIO SOGA;6,53932E+12;QUATRO IRMAOS
QUATRO IRMAOS - MERCADO OLIVEIRA VI LTDA - 02;CLAUDIO AKIO SOGA;6,53932E+12;QUATRO IRMAOS
QUATRO IRMAOS - MERCADO OLIVEIRA VI LTDA - 02;CLAUDIO AKIO SOGA;6,53932E+12;QUATRO IRMAOS
QUATRO IRMAOS - MERCADO OLIVEIRA VI LTDA - GUARULHOS;CLAUDIO AKIO SOGA;6,53932E+12;QUATRO IRMAOS
QUATRO IRMAOS - MERCADO OLIVEIRA VI LTDA - GUARULHOS;CLAUDIO AKIO SOGA;6,53932E+12;QUATRO IRMAOS
JMM RIO PRETO COMERCIAL LTDA.;MARCELO GREGORIO;3,68832E+12;TRIDICO SUPERMERCADO
MUNDO V - GIGOR METROPOLITANO COM DE PROD NAT - JACAREPAGUA;TELEVENDAS - DA TERRINHA;1,87295E+13;GIGOR
MUNDO V - GIGOR METROPOLITANO COM DE PROD NAT - JACAREPAGUA;TELEVENDAS - DA TERRINHA;1,87295E+13;GIGOR
MUNDO V - GIGOR METROPOLITANO COM DE PROD NAT - JACAREPAGUA;TELEVENDAS - DA TERRINHA;1,87295E+13;GIGOR
MUNDO V - GIGOR METROPOLITANO COM DE PROD NAT - JACAREPAGUA;TELEVENDAS - DA TERRINHA;1,87295E+13;GIGOR
DRIFT COMERCIO DE ALIMENTOS S/A;JULIANA TRISTAO;2,81293E+13;CARONE/DRIFT
BARBOSA - SILVA E BARBOSA COMERCIO DE ALIMENTOS - 31;RODOLFO QUERINO LUIZ - GERENTE DE AREA;6,04376E+13;BARBOSA
BARBOSA - SILVA E BARBOSA COMERCIO DE ALIMENTOS - 31;RODOLFO QUERINO LUIZ - GERENTE DE AREA;6,04376E+13;BARBOSA
BARBOSA - SILVA E BARBOSA COMERCIO DE ALIMENTOS - 31;RODOLFO QUERINO LUIZ - GERENTE DE AREA;6,04376E+13;BARBOSA
BARBOSA - SILVA E BARBOSA COMERCIO DE ALIMENTOS - 31;RODOLFO QUERINO LUIZ - GERENTE DE AREA;6,04376E+13;BARBOSA
MUNDO V - BABILONIA COM DE PROD NATURAIS LTDA - SUDOESTE;TELEVENDAS - DA TERRINHA;2,00621E+13;MUNDO VERDE
WRGG ROCHA COMERCIAL EIRELI - EPP;ERICK MOREIRA;1,76099E+13;WRGG ROCHA COMERCIAL
WRGG ROCHA COMERCIAL EIRELI - EPP;ERICK MOREIRA;1,76099E+13;WRGG ROCHA COMERCIAL
WRGG ROCHA COMERCIAL EIRELI - EPP;ERICK MOREIRA;1,76099E+13;WRGG ROCHA COMERCIAL
WRGG ROCHA COMERCIAL EIRELI - EPP;ERICK MOREIRA;1,76099E+13;WRGG ROCHA COMERCIAL
WRGG ROCHA COMERCIAL EIRELI - EPP;ERICK MOREIRA;1,76099E+13;WRGG ROCHA COMERCIAL
SUPERMERCADO PORTO SEGURO TABOAO LTDA;LEANDRO GOLDINHO LOPES;1,99946E+13;PORTO SEGURO
SUPERMERCADO PORTO SEGURO TABOAO LTDA;LEANDRO GOLDINHO LOPES;1,99946E+13;PORTO SEGURO
SUPERMERCADO PORTO SEGURO TABOAO LTDA;LEANDRO GOLDINHO LOPES;1,99946E+13;PORTO SEGURO
SUPERMERCADO PORTO SEGURO TABOAO LTDA;LEANDRO GOLDINHO LOPES;1,99946E+13;PORTO SEGURO
SUPERMERCADO PORTO SEGURO TABOAO LTDA;LEANDRO GOLDINHO LOPES;1,99946E+13;PORTO SEGURO
MERCEARIA SALOMAR LTDA M E - ME;TELEVENDAS - DA TERRINHA;2,93822E+13;SALOMAR
MERCEARIA SALOMAR LTDA M E - ME;TELEVENDAS - DA TERRINHA;2,93822E+13;SALOMAR
MERCEARIA SALOMAR LTDA M E - ME;TELEVENDAS - DA TERRINHA;2,93822E+13;SALOMAR
MERCEARIA SALOMAR LTDA M E - ME;TELEVENDAS - DA TERRINHA;2,93822E+13;SALOMAR
CMR COMERCIO DE ALIMENTOS LTDA;JOSE SOARES;7,45343E+11;REDE LITORAL
BOMFRIOS COMERCIO DE ALIM LTDA;MILTON JUNIOR;1,10373E+13;BOMFRIOS
GERMINANDO DA TERRA PROD NATURAIS LTDA ME;TELEVENDAS - DA TERRINHA;8,86919E+12;IRMAOS DA TERRA
GERMINANDO DA TERRA PROD NATURAIS LTDA ME;TELEVENDAS - DA TERRINHA;8,86919E+12;IRMAOS DA TERRA
GERMINANDO DA TERRA PROD NATURAIS LTDA ME;TELEVENDAS - DA TERRINHA;8,86919E+12;IRMAOS DA TERRA
GERMINANDO DA TERRA PROD NATURAIS LTDA ME;TELEVENDAS - DA TERRINHA;8,86919E+12;IRMAOS DA TERRA
MATHIAS REIS COMERCIO DE VARIEDADES E DOCES LTDA;ROGERIO DE SOUZA;1,02885E+13;TRECOS & BUDEGOS
BOLOGNANI E MARTINS HORTIFRUTI COMERCIO DE PRODUTOS ALIMENTI;LEIA;7,30144E+13;JOBEL
BOLOGNANI E MARTINS HORTIFRUTI COMERCIO DE PRODUTOS ALIMENTI;MIRIAN APARECIDA;7,30144E+13;JOBEL
BOLOGNANI E MARTINS HORTIFRUTI COMERCIO DE PRODUTOS ALIMENTI;ROGERIO DE SOUZA;7,30144E+13;JOBEL
BOLOGNANI E MARTINS HORTIFRUTI COMERCIO DE PRODUTOS ALIMENTI;ANDREZA LOPES ALVES - V;7,30144E+13;JOBEL
BOLOGNANI E MARTINS HORTIFRUTI COMERCIO DE PRODUTOS ALIMENTI;JOSE GOMES DOS S.;7,30144E+13;JOBEL
NICOLAU MAX SUPERMERCADOS LTDA;ROGERIO APARECIDO DA SILVA RODRIGUES;4,05675E+12;NICOLAU MAX
NICOLAU MAX SUPERMERCADOS LTDA;ROGERIO APARECIDO DA SILVA RODRIGUES;4,05675E+12;NICOLAU MAX
NICOLAU MAX SUPERMERCADOS LTDA;ROGERIO APARECIDO DA SILVA RODRIGUES;4,05675E+12;NICOLAU MAX
NICOLAU MAX SUPERMERCADOS LTDA;ROGERIO APARECIDO DA SILVA RODRIGUES;4,05675E+12;NICOLAU MAX
NICOLAU MAX SUPERMERCADOS LTDA;ROGERIO APARECIDO DA SILVA RODRIGUES;4,05675E+12;NICOLAU MAX
NICOLAU MAX SUPERMERCADOS LTDA;ROGERIO APARECIDO DA SILVA RODRIGUES;4,05675E+12;NICOLAU MAX
NICOLAU MAX SUPERMERCADOS LTDA;ROGERIO APARECIDO DA SILVA RODRIGUES;4,05675E+12;NICOLAU MAX
NICOLAU MAX SUPERMERCADOS LTDA;ROGERIO APARECIDO DA SILVA RODRIGUES;4,05675E+12;NICOLAU MAX
NICOLAU MAX SUPERMERCADOS LTDA;ROGERIO APARECIDO DA SILVA RODRIGUES;4,05675E+12;NICOLAU MAX
NICOLAU MAX SUPERMERCADOS LTDA;ROGERIO APARECIDO DA SILVA RODRIGUES;4,05675E+12;NICOLAU MAX
NICOLAU MAX SUPERMERCADOS LTDA;ROGERIO APARECIDO DA SILVA RODRIGUES;4,05675E+12;NICOLAU MAX
JOSIAS EVANGELISTA;TELEVENDAS - DA TERRINHA;12735939871;COLABORADORES DA TERRINHA
SUPERMERCADO MIAMI LTDA;CRISTIANE SEDENHO;6,21654E+13;SUPERMERCADO MIAMI
SUPERMERCADOS ARCO-IRIS LT;CRISTIANE SEDENHO;4,39627E+13;SUPERMERCADOS ARCO-IRIS LT
SUPERMERCADO TONELLI LTDA;DAIANE CRISTINA DE OLIVEIRA;7,62535E+12;TONELLI
SUPERMERCADO TONELLI LTDA;DAIANE CRISTINA DE OLIVEIRA;7,62535E+12;TONELLI
IRMAOS OPINI LTDA;CRISTIANE SEDENHO;1,72823E+12;OPINI & OPINI
IRMAOS OPINI LTDA;CRISTIANE SEDENHO;1,72823E+12;OPINI & OPINI
IRMAOS OPINI LTDA;CRISTIANE SEDENHO;1,72823E+12;OPINI & OPINI
NORDESTAO DO LITORAL PRODUTOS ALIMENTICIOS LTDA -;JOSE SOARES;5,78368E+12;NORDESTAO
AR ACOS E METAIS LTDA;TELEVENDAS - DA TERRINHA;1,93749E+13;AR ARCOS E METAIS
LUIS CARLOS MALAGUTI & CIA LTDA - EPP;ROBLES DE LA GARZA;4,55514E+13;SUPERMERCADO MALAGUTI
MERCADO JOREDALI ATAC  E VAREJI;TELEVENDAS - DA TERRINHA;1,94067E+13;SERVE BEM
MERCADO JOREDALI ATAC  E VAREJI;TELEVENDAS - DA TERRINHA;1,94067E+13;SERVE BEM
MERCADO JOREDALI ATAC  E VAREJI;TELEVENDAS - DA TERRINHA;1,94067E+13;SERVE BEM
MERCADO JOREDALI ATAC  E VAREJI;TELEVENDAS - DA TERRINHA;1,94067E+13;SERVE BEM
LN COMERCIO DE PRODUTOS NATURAIS LTDA;TELEVENDAS - DA TERRINHA;1,11485E+13;LUCCAS SJC
LN COMERCIO DE PRODUTOS NATURAIS LTDA;TELEVENDAS - DA TERRINHA;1,11485E+13;LUCCAS SJC
LN COMERCIO DE PRODUTOS NATURAIS LTDA;TELEVENDAS - DA TERRINHA;1,11485E+13;LUCCAS SJC
LN COMERCIO DE PRODUTOS NATURAIS LTDA;TELEVENDAS - DA TERRINHA;1,11485E+13;LUCCAS SJC
LN COMERCIO DE PRODUTOS NATURAIS LTDA;TELEVENDAS - DA TERRINHA;1,11485E+13;LUCCAS SJC
BITTI & BONIN LTDA - EPP;FLAVIA SIQUEIRA;5,88119E+13;SACOLAO MOOCA
BITTI & BONIN LTDA - EPP;FLAVIA SIQUEIRA;5,88119E+13;SACOLAO MOOCA
BITTI & BONIN LTDA - EPP;FLAVIA SIQUEIRA;5,88119E+13;SACOLAO MOOCA
BITTI & BONIN LTDA - EPP;FLAVIA SIQUEIRA;5,88119E+13;SACOLAO MOOCA
CHIBRAS SUPERMERCADO LTDA - EPP;INES MARTIN;1,35339E+13;COMPRA FACIL CHIBRAS
CHIBRAS SUPERMERCADO LTDA - EPP;INES MARTIN;1,35339E+13;COMPRA FACIL CHIBRAS
CHIBRAS SUPERMERCADO LTDA - EPP;INES MARTIN;1,35339E+13;COMPRA FACIL CHIBRAS
CHIBRAS SUPERMERCADO LTDA - EPP;INES MARTIN;1,35339E+13;COMPRA FACIL CHIBRAS
CHIBRAS SUPERMERCADO LTDA - EPP;INES MARTIN;1,35339E+13;COMPRA FACIL CHIBRAS
CHIBRAS SUPERMERCADO LTDA - EPP;INES MARTIN;1,35339E+13;COMPRA FACIL CHIBRAS
CHIBRAS SUPERMERCADO LTDA - EPP;INES MARTIN;1,35339E+13;COMPRA FACIL CHIBRAS
CHIBRAS SUPERMERCADO LTDA - EPP;INES MARTIN;1,35339E+13;COMPRA FACIL CHIBRAS
CHIBRAS SUPERMERCADO LTDA - EPP;INES MARTIN;1,35339E+13;COMPRA FACIL CHIBRAS
SUPRICORP SUPRIMENTOS LTDA;CARLOS FERREIRA;5,46517E+13;GIMBA
SUPRICORP SUPRIMENTOS LTDA;CARLOS FERREIRA;5,46517E+13;GIMBA
SUPRICORP SUPRIMENTOS LTDA;CARLOS FERREIRA;5,46517E+13;GIMBA
SUPRICORP SUPRIMENTOS LTDA;CARLOS FERREIRA;5,46517E+13;GIMBA
ABC - ADICAO DISTRIBUICAO EXPRESS LTDA - CD;SONETE DE SOUZA MACHADO;4,14964E+12;ABC - ADICAO
ABC - ADICAO DISTRIBUICAO EXPRESS LTDA - CD;REGIS WELBER;4,14964E+12;ABC - ADICAO
ABC - ADICAO DISTRIBUICAO EXPRESS LTDA - CD;HERMES DINIZ;4,14964E+12;ABC - ADICAO
ABC - ADICAO DISTRIBUICAO EXPRESS LTDA - CD;VENDEDOR INTERNO;4,14964E+12;ABC - ADICAO
ABC - ADICAO DISTRIBUICAO EXPRESS LTDA - CD;LUCAS FROIS MACHADO;4,14964E+12;ABC - ADICAO
BEM BARATO - 5M COM ATACADISTA E VAREJIS DE ALIM LTDA - 06;ERICK MOREIRA;1,02506E+13;BEM BARATO
BEM BARATO - 5M COM ATACADISTA E VAREJIS DE ALIM LTDA - 06;ERICK MOREIRA;1,02506E+13;BEM BARATO
BEM BARATO - 5M COM ATACADISTA E VAREJIS DE ALIM LTDA - 06;ERICK MOREIRA;1,02506E+13;BEM BARATO
BEM BARATO - 5M COM ATACADISTA E VAREJIS DE ALIM LTDA - 06;ERICK MOREIRA;1,02506E+13;BEM BARATO
BEM BARATO - 5M COM ATACADISTA E VAREJIS DE ALIM LTDA - 06;ERICK MOREIRA;1,02506E+13;BEM BARATO
BEM BARATO - 5M COM ATACADISTA E VAREJIS DE ALIM LTDA - 06;ERICK MOREIRA;1,02506E+13;BEM BARATO
REDE 10 - DISTRIBUIDORA ATACADISTA DE PRODUTOS ALIMENTCIOS;ANTONIO OLIVIO;7,53174E+12;REDE 10
REDE 10 - DISTRIBUIDORA ATACADISTA DE PRODUTOS ALIMENTCIOS;ANTONIO OLIVIO;7,53174E+12;REDE 10
REDE 10 - DISTRIBUIDORA ATACADISTA DE PRODUTOS ALIMENTCIOS;ANTONIO OLIVIO;7,53174E+12;REDE 10
REDE 10 - DISTRIBUIDORA ATACADISTA DE PRODUTOS ALIMENTCIOS;ANTONIO OLIVIO;7,53174E+12;REDE 10
REDE 10 - DISTRIBUIDORA ATACADISTA DE PRODUTOS ALIMENTCIOS;ANTONIO OLIVIO;7,53174E+12;REDE 10
REDE 10 - DISTRIBUIDORA ATACADISTA DE PRODUTOS ALIMENTCIOS;ANTONIO OLIVIO;7,53174E+12;REDE 10
REDE 10 - DISTRIBUIDORA ATACADISTA DE PRODUTOS ALIMENTCIOS;ANTONIO OLIVIO;7,53174E+12;REDE 10
OLIVEIRA & BIANCHI COMERCIAL LTDA - EPP;MAXIMINO PASCOAL;1,73771E+12;OLIVEIRA & BIANCHI
OLIVEIRA & BIANCHI COMERCIAL LTDA - EPP;MAXIMINO PASCOAL;1,73771E+12;OLIVEIRA & BIANCHI
OLIVEIRA & BIANCHI COMERCIAL LTDA - EPP;MAXIMINO PASCOAL;1,73771E+12;OLIVEIRA & BIANCHI
COMERCIAL TICAZO HIRATA S/A;DAIANE CRISTINA DE OLIVEIRA;5,56155E+13;HIRATA
COMERCIAL TICAZO HIRATA S/A;DAIANE CRISTINA DE OLIVEIRA;5,56155E+13;HIRATA
COMERCIAL TICAZO HIRATA S/A;DAIANE CRISTINA DE OLIVEIRA;5,56155E+13;HIRATA
COMERCIAL TICAZO HIRATA S/A;DAIANE CRISTINA DE OLIVEIRA;5,56155E+13;HIRATA
COMERCIAL TICAZO HIRATA S/A;DAIANE CRISTINA DE OLIVEIRA;5,56155E+13;HIRATA
COMERCIAL TICAZO HIRATA S/A;DAIANE CRISTINA DE OLIVEIRA;5,56155E+13;HIRATA
COMERCIAL TICAZO HIRATA S/A;DAIANE CRISTINA DE OLIVEIRA;5,56155E+13;HIRATA
COMERCIAL TICAZO HIRATA S/A;DAIANE CRISTINA DE OLIVEIRA;5,56155E+13;HIRATA
COMERCIAL TICAZO HIRATA S/A;DAIANE CRISTINA DE OLIVEIRA;5,56155E+13;HIRATA
COMERCIAL TICAZO HIRATA S/A;DAIANE CRISTINA DE OLIVEIRA;5,56155E+13;HIRATA
COMERCIAL TICAZO HIRATA S/A;DAIANE CRISTINA DE OLIVEIRA;5,56155E+13;HIRATA
COMERCIAL TICAZO HIRATA S/A;DAIANE CRISTINA DE OLIVEIRA;5,56155E+13;HIRATA
CRISTIANE GAMA PAIVA;TELEVENDAS - DA TERRINHA;25046828839;COLABORADORES DA TERRINHA
CRISTIANE GAMA PAIVA;TELEVENDAS - DA TERRINHA;25046828839;COLABORADORES DA TERRINHA
JACILENE BRAGA DA SILVA;TELEVENDAS - DA TERRINHA;22686370858;COLABORADORES DA TERRINHA
JACILENE BRAGA DA SILVA;TELEVENDAS - DA TERRINHA;22686370858;COLABORADORES DA TERRINHA
MUNDO V - SAN JOSE PROD NATURAIS LTDA;ISABELLE VALEIKO;3,91821E+12;MUNDO VERDE
MUNDO V - MEXICO PROD NATURAIS LTDA;ISABELLE VALEIKO;1,92725E+13;MUNDO VERDE
MELHOR COM V A P ALIMENTICIOS LTDA;VENDEDOR INATIVO;2,97618E+13;MELHOR ATACADISTA
MARCELO ARAKAKI - EPP;CLAUDIO AKIO SOGA;1,79431E+13;MARCELO ARAKAKI
MARCELO ARAKAKI - EPP;CLAUDIO AKIO SOGA;1,79431E+13;MARCELO ARAKAKI
MERCEARIA BONS GRAOS - MARIA TEREZA BASILIO ME;TELEVENDAS - DA TERRINHA;2,03842E+13;BONS GRAOS
MERCEARIA BONS GRAOS - MARIA TEREZA BASILIO ME;TELEVENDAS - DA TERRINHA;2,03842E+13;BONS GRAOS
MERCEARIA BONS GRAOS - MARIA TEREZA BASILIO ME;TELEVENDAS - DA TERRINHA;2,03842E+13;BONS GRAOS
MERCEARIA BONS GRAOS - MARIA TEREZA BASILIO ME;TELEVENDAS - DA TERRINHA;2,03842E+13;BONS GRAOS
MERCEARIA BONS GRAOS - MARIA TEREZA BASILIO ME;TELEVENDAS - DA TERRINHA;2,03842E+13;BONS GRAOS
MENEZES - RAMOS E WEIDMANN LTDA ME;MILTON JUNIOR;1,1046E+13;MENEZES 1
NOLASCO E VIEIRA LTDA;JULIANA TRISTAO;3,63174E+13;SABOR DA TERRA
MUNDO V - TURQUESA PRODUTOS NATURAIS LTDA - ILHA;EDUARDO FRAGA;8,47187E+12;MUNDO VERDE ILHA
BOLSHOI - BOLSHOI MINI MARKET LTDA - PATIO IPORANGA;JOSE SOARES;2,09388E+13;BOLSHOI
DELI DELICIA GENEROS E ALIMENTOS EIRELI;MILTON JUNIOR;1,57887E+13;DELI DELICIA
ECONOMIA - ALFA E OMEGA MERCADO LTDA;MILTON JUNIOR;1,91751E+12;ECONOMIA
COMAL RIO COMERCIAL DE ALIMENTOS - COMAL CD;MILTON JUNIOR;1,14918E+13;COMAL
COMPRE MAIS AUTO SERVICO LTDA;MILTON JUNIOR;1,04384E+13;ECONOMIA
ECONOMIA - SUPERMERCADOS FEIRA NOVA LTDA - FEIRA NOVA CD;MILTON JUNIOR;3,65253E+13;ECONOMIA
ECONOMIA - ARMAZEM E BAR FLOR DA POSSE LTDA - FLOR DA POSSE;MILTON JUNIOR;3,2175E+13;ECONOMIA
ECONOMIA - MERCADO MINI PRECO DA BOIUNA LTDA;MILTON JUNIOR;9,35769E+11;ECONOMIA
ECONOMIA - EMANUEL COMERCIO DE GENEROS ALIMENTICIOS;MILTON JUNIOR;1,07482E+13;ECONOMIA
ECONOMIA - POLISUPER DE CAMPO GRANDE ALIMENTOS LTDA;MILTON JUNIOR;4,95781E+12;ECONOMIA
ECONOMIA - MINI MERCADO MARAVILHA DO CAMPINHO LTDA - COSMOS;MILTON JUNIOR;7,6782E+12;ECONOMIA
ECONOMIA - PAX SUPERMERCADOS LTDA - CD;MILTON JUNIOR;3,95155E+12;ECONOMIA
RENAISSANCE DO BRASIL HOTELARIA LTDA;CAROLINA DOS SANTOS ROCHA;6,40898E+13;RENAISSANCE
RENAISSANCE DO BRASIL HOTELARIA LTDA;CAROLINA DOS SANTOS ROCHA;6,40898E+13;RENAISSANCE
RENAISSANCE DO BRASIL HOTELARIA LTDA;CAROLINA DOS SANTOS ROCHA;6,40898E+13;RENAISSANCE
RENAISSANCE DO BRASIL HOTELARIA LTDA;CAROLINA DOS SANTOS ROCHA;6,40898E+13;RENAISSANCE
RENAISSANCE DO BRASIL HOTELARIA LTDA;CAROLINA DOS SANTOS ROCHA;6,40898E+13;RENAISSANCE
ECONOMIA - CESTA DE ALIM BRASIL LTDA - CAB MATRIZ CD;MILTON JUNIOR;1,10239E+13;ECONOMIA
ECONOMIA REI RIO - COM MOREIRA E SILVA DIST DE CAL - CD;MILTON JUNIOR;5,98469E+12;ECONOMIA
ECONOMIA - REI SUPERMERCADOS LTDA;MILTON JUNIOR;3,20361E+13;ECONOMIA
ANGELICA INDUSTRIA E COMERCIO ATACADISTA DE CEREAIS;TELEVENDAS - DA TERRINHA;5,6419E+13;ANGELICA CEREAIS
ESTANPLAZA ADMINISTRADORA HOTELEIRA E COML LTDA - IBIRAPUERA;FRANCISCO ANACLETO;1,94312E+12;ESTANPLAZA
ESTANPLAZA ADMINISTRADORA HOTELEIRA E COML LTDA - IBIRAPUERA;FRANCISCO ANACLETO;1,94312E+12;ESTANPLAZA
ESTANPLAZA ADMINISTRADORA HOTELEIRA E COML LTDA - IBIRAPUERA;FRANCISCO ANACLETO;1,94312E+12;ESTANPLAZA
ESTANPLAZA ADMINISTRADORA HOTELEIRA E COML LTDA - IBIRAPUERA;FRANCISCO ANACLETO;1,94312E+12;ESTANPLAZA
ESTANPLAZA ADMINISTRADORA HOTELEIRA E COML LTDA - IBIRAPUERA;FRANCISCO ANACLETO;1,94312E+12;ESTANPLAZA
ESTANPLAZA ADMINISTRADORA HOTELEIRA E COML LTDA - IBIRAPUERA;FRANCISCO ANACLETO;1,94312E+12;ESTANPLAZA
ESTANPLAZA ADMINISTRADORA HOTELEIRA E COML LTDA - IBIRAPUERA;FRANCISCO ANACLETO;1,94312E+12;ESTANPLAZA
SUPERMERCADO PIRAPORINHA LTDA - EPP;CAROLINA DOS SANTOS ROCHA;9,20849E+12;PIRAPORINHA
LUKRO S DISTRIBUIDORA DE PRODUTOS ALIMENTICIOS LTDA;CRISTIANE SEDENHO;1,68883E+13;LUKROS DISTRIBUIDORA
LUKRO S DISTRIBUIDORA DE PRODUTOS ALIMENTICIOS LTDA;CRISTIANE SEDENHO;1,68883E+13;LUKROS DISTRIBUIDORA
LUKRO S DISTRIBUIDORA DE PRODUTOS ALIMENTICIOS LTDA;CRISTIANE SEDENHO;1,68883E+13;LUKROS DISTRIBUIDORA
LUKRO S DISTRIBUIDORA DE PRODUTOS ALIMENTICIOS LTDA;CRISTIANE SEDENHO;1,68883E+13;LUKROS DISTRIBUIDORA
LUKRO S DISTRIBUIDORA DE PRODUTOS ALIMENTICIOS LTDA;CRISTIANE SEDENHO;1,68883E+13;LUKROS DISTRIBUIDORA
LUKRO S DISTRIBUIDORA DE PRODUTOS ALIMENTICIOS LTDA;CRISTIANE SEDENHO;1,68883E+13;LUKROS DISTRIBUIDORA
LUKRO S DISTRIBUIDORA DE PRODUTOS ALIMENTICIOS LTDA;CRISTIANE SEDENHO;1,68883E+13;LUKROS DISTRIBUIDORA
CAFE PILAO - AER COMERCIO DE ALIMENTOS - EIRELI - EPP;TELEVENDAS - DA TERRINHA;2,08256E+13;CAFE PILAO
CAFE PILAO - AER COMERCIO DE ALIMENTOS - EIRELI - EPP;TELEVENDAS - DA TERRINHA;2,08256E+13;CAFE PILAO
CAFE PILAO - AER COMERCIO DE ALIMENTOS - EIRELI - EPP;TELEVENDAS - DA TERRINHA;2,08256E+13;CAFE PILAO
CAFE PILAO - AER COMERCIO DE ALIMENTOS - EIRELI - EPP;TELEVENDAS - DA TERRINHA;2,08256E+13;CAFE PILAO
GALEGOS SUPERMERCADO LTDA - EPP;CRISTIAN RIBEIRO BALBINO;3,39348E+12;GALEGOS
GALEGOS SUPERMERCADO LTDA - EPP;CRISTIAN RIBEIRO BALBINO;3,39348E+12;GALEGOS
JOAO QUEIROZ NETO & CIA LTDA;TELEVENDAS - DA TERRINHA;5,68099E+13;ALVORADA JOAO QUEIROZ
JOAO QUEIROZ NETO & CIA LTDA;TELEVENDAS - DA TERRINHA;5,68099E+13;ALVORADA JOAO QUEIROZ
JOAO QUEIROZ NETO & CIA LTDA;TELEVENDAS - DA TERRINHA;5,68099E+13;ALVORADA JOAO QUEIROZ
JOAO QUEIROZ NETO & CIA LTDA;TELEVENDAS - DA TERRINHA;5,68099E+13;ALVORADA JOAO QUEIROZ
EMPORIO CASA PORTO LTDA;JOSE SOARES;1,81455E+13;EMPORIO CASA PORTO
MELINDA & JULIUS COMERCIO DE ALIMENTOS LTDA - ME;KELVIN;2,22084E+12;MELINDA & JULIUS
MELINDA & JULIUS COMERCIO DE ALIMENTOS LTDA - ME;KELVIN;2,22084E+12;MELINDA & JULIUS
MELINDA & JULIUS COMERCIO DE ALIMENTOS LTDA - ME;KELVIN;2,22084E+12;MELINDA & JULIUS
MELINDA & JULIUS COMERCIO DE ALIMENTOS LTDA - ME;KELVIN;2,22084E+12;MELINDA & JULIUS
ADRIANA MARIA BATISTA;TELEVENDAS - DA TERRINHA;31337543861;COLABORADORES DA TERRINHA
ADRIANA MARIA BATISTA;TELEVENDAS - DA TERRINHA;31337543861;COLABORADORES DA TERRINHA
ADRIANA MARIA BATISTA;TELEVENDAS - DA TERRINHA;31337543861;COLABORADORES DA TERRINHA
NOVOTEL - SANTOS DUMONT INVESTIMENTO IMOBILIARIO S/;TELEVENDAS - DA TERRINHA;8,88109E+12;NOVOTEL
NOVOTEL - SANTOS DUMONT INVESTIMENTO IMOBILIARIO S/;TELEVENDAS - DA TERRINHA;8,88109E+12;NOVOTEL
NOVOTEL - SANTOS DUMONT INVESTIMENTO IMOBILIARIO S/;TELEVENDAS - DA TERRINHA;8,88109E+12;NOVOTEL
NOVOTEL - SANTOS DUMONT INVESTIMENTO IMOBILIARIO S/;TELEVENDAS - DA TERRINHA;8,88109E+12;NOVOTEL
NOVOTEL - SANTOS DUMONT INVESTIMENTO IMOBILIARIO S/;TELEVENDAS - DA TERRINHA;8,88109E+12;NOVOTEL
SAO BENTO GENEROS ALIMENTICIOS LTDA;MILTON JUNIOR;1,45191E+13;ECONOMAX
ENGENHEIRO COMERCIO DE CARNES LTDA;JOSE ARTENCIO;1,47795E+13;EN COMERCIO DE CARNES
ENGENHEIRO COMERCIO DE CARNES LTDA;JOSE ARTENCIO;1,47795E+13;EN COMERCIO DE CARNES
ENGENHEIRO COMERCIO DE CARNES LTDA;JOSE ARTENCIO;1,47795E+13;EN COMERCIO DE CARNES
ATACADAO S A - 130;MILTON JUNIOR;7,53153E+13;ATACADAO - RJ
ATACADAO S.A.;LUCAS FROIS MACHADO;7,53153E+13;ATACADAO - MG
ATACADAO S A - 136;MILTON JUNIOR;7,53153E+13;ATACADAO - RJ
VILLA COLMEIA PAES E CONVENIENCIAS LTDA - EPP;TELEVENDAS - DA TERRINHA;8,37977E+12;VILLA COLMEIA PAES E CONVENIENCIAS
VILLA COLMEIA PAES E CONVENIENCIAS LTDA - EPP;TELEVENDAS - DA TERRINHA;8,37977E+12;VILLA COLMEIA PAES E CONVENIENCIAS
WMS SUPERMERCADOS DO BRASIL LTDA;ROBERTO OLIVEIRA ANDRADE;9,32098E+13;ATACADAO - SP LOJAS
F E C GUADAGNIN ESPORTES LTDA;ANGELA MARIA;2,21812E+13;F E C GUADAGNIN ESPORTES
ROSCACORTE PARAFUSOS E FERRAMENTAS LTDA - ME;TELEVENDAS - DA TERRINHA;1,18523E+12;ROSCACORTE PARAFUSOS
MUNDO V - PRODUTOS NATURAIS EIRELI - CENTER NORTE;TELEVENDAS - DA TERRINHA;2,17271E+13;MUNDO VERDE
BRX COMERCIO DE ALIMENTOS LTDA;TELEVENDAS - DA TERRINHA;1,94022E+13;SPREMUTO
BRX COMERCIO DE ALIMENTOS LTDA;LEIA;1,94022E+13;SPREMUTO
BRX COMERCIO DE ALIMENTOS LTDA;DANIELLY SOUZA;1,94022E+13;SPREMUTO
BRX COMERCIO DE ALIMENTOS LTDA;ANDREZA LOPES ALVES - V;1,94022E+13;SPREMUTO
BRX COMERCIO DE ALIMENTOS LTDA;MIRIAN APARECIDA;1,94022E+13;SPREMUTO
SUPERMERCADO BRJ LTDA;JOAO DE SOUZA;1,73502E+13;RIO VERMELHO
SUPERMERCADO BRJ LTDA;JOAO DE SOUZA;1,73502E+13;RIO VERMELHO
SUPERMERCADO BRJ LTDA;JOAO DE SOUZA;1,73502E+13;RIO VERMELHO
SUPERMERCADO BRJ LTDA;JOAO DE SOUZA;1,73502E+13;RIO VERMELHO
SUPERMERCADO BRJ LTDA;JOAO DE SOUZA;1,73502E+13;RIO VERMELHO
SUPERMERCADO BRJ LTDA;JOAO DE SOUZA;1,73502E+13;RIO VERMELHO
SACOLAO PIRAPORINHA - EIRELI - EPP;CAROLINA DOS SANTOS ROCHA;2,15822E+13;SACOLAO PIRAPORINHA
PANIFICADORA VIVENDA-IND E COM DE PANIF SERRA DE L;ERICK MOREIRA;6,1968E+13;PANIFICADORA VIVENDA
PANIFICADORA VIVENDA-IND E COM DE PANIF SERRA DE L;ERICK MOREIRA;6,1968E+13;PANIFICADORA VIVENDA
PANIFICADORA VIVENDA-IND E COM DE PANIF SERRA DE L;ERICK MOREIRA;6,1968E+13;PANIFICADORA VIVENDA
PANIFICADORA VIVENDA-IND E COM DE PANIF SERRA DE L;ERICK MOREIRA;6,1968E+13;PANIFICADORA VIVENDA
CENTER PAES MORUMBI SUL LTDA;TELEVENDAS - DA TERRINHA;6,90085E+13;CENTER PAES
CENTER PAES MORUMBI SUL LTDA;TELEVENDAS - DA TERRINHA;6,90085E+13;CENTER PAES
FRIGOYAMA COMERCIO DE ALIMENTOS LTDA;KELVIN;6,61763E+13;FRIGOYAMA
FRIGOYAMA COMERCIO DE ALIMENTOS LTDA;KELVIN;6,61763E+13;FRIGOYAMA
FRIGOYAMA COMERCIO DE ALIMENTOS LTDA;KELVIN;6,61763E+13;FRIGOYAMA
HIPER TETRA SUPERMERCADOS LTDA;LUIZ MAURI RODRI;2,03819E+13;TETRA
HIPER TETRA SUPERMERCADOS LTDA;LUIZ MAURI RODRI;2,03819E+13;TETRA
DIBS DISTRIBUIDORA DE ALIMENTOS LTDA;ALESSANDRO CANDIAGO;9,16047E+12;DIBS DISTRIBUIDORA
DIBS DISTRIBUIDORA DE ALIMENTOS LTDA;ALESSANDRO CANDIAGO;9,16047E+12;DIBS DISTRIBUIDORA
DIBS DISTRIBUIDORA DE ALIMENTOS LTDA;ALESSANDRO CANDIAGO;9,16047E+12;DIBS DISTRIBUIDORA
DIBS DISTRIBUIDORA DE ALIMENTOS LTDA;ALESSANDRO CANDIAGO;9,16047E+12;DIBS DISTRIBUIDORA
DIBS DISTRIBUIDORA DE ALIMENTOS LTDA;ALESSANDRO CANDIAGO;9,16047E+12;DIBS DISTRIBUIDORA
RAVENNA COMERCIO DE ALIMENTOS LTDA - EPP;INES MARTIN;3,68262E+12;RAVENNA
RAVENNA COMERCIO DE ALIMENTOS LTDA - EPP;INES MARTIN;3,68262E+12;RAVENNA
RAVENNA COMERCIO DE ALIMENTOS LTDA - EPP;INES MARTIN;3,68262E+12;RAVENNA
BONDI & FILHOS LTDA;MARTA APARECIDA AZEVEDO FREITAS;7,31469E+13;BRUNO & BONDI
BONDI & FILHOS LTDA;MARCELO GREGORIO;7,31469E+13;BRUNO & BONDI
BONDI & FILHOS LTDA;ROBLES DE LA GARZA;7,31469E+13;BRUNO & BONDI
JOSE MARCOS LUIZ DA SILVA;TELEVENDAS - DA TERRINHA;31254524819;COLABORADORES DA TERRINHA
JOSE MARCOS LUIZ DA SILVA;TELEVENDAS - DA TERRINHA;31254524819;COLABORADORES DA TERRINHA
SHOPPING CONCEICA COMERCIO DE ALIMENTOS LTDA - ME;VENDEDOR INATIVO;7,3087E+13;SHOPPING CONCEICA
PEDRO ALVES DOS SANTOS MERCADINHO;KELVIN;7,29407E+13;RENATA
MIKAMI & ZENJI MERCEARIA LTDA -;OSNEY RICARDO;9,45816E+12;QUITANDA MARIA
MIKAMI & ZENJI MERCEARIA LTDA -;OSNEY RICARDO;9,45816E+12;QUITANDA MARIA
RENATA CONCEICAO SANTOS;TELEVENDAS - DA TERRINHA;2421376521;COLABORADORES DA TERRINHA
WILSON PEREIRA;JOSUE EVANGELISTA;58797297887;REPRESENTANTES DA TERRINHA
SACOLAO ASSUNCAO LTDA;JUAREZ COSTA;1,71807E+11;SACOLAO ASSUNCAO
SACOLAO ASSUNCAO LTDA;JUAREZ COSTA;1,71807E+11;SACOLAO ASSUNCAO
SACOLAO ASSUNCAO LTDA;JUAREZ COSTA;1,71807E+11;SACOLAO ASSUNCAO
SACOLAO ASSUNCAO LTDA;JUAREZ COSTA;1,71807E+11;SACOLAO ASSUNCAO
SACOLAO ASSUNCAO LTDA;JUAREZ COSTA;1,71807E+11;SACOLAO ASSUNCAO
ALICE APARECIDA DA SILVA;TELEVENDAS - DA TERRINHA;45518761864;COLABORADORES DA TERRINHA
BARBOSA - SILVA E BARBOSA COMERCIO DE ALIMENTOS - 33;RODOLFO QUERINO LUIZ - GERENTE DE AREA;6,04376E+13;BARBOSA
BARBOSA - SILVA E BARBOSA COMERCIO DE ALIMENTOS - 33;RODOLFO QUERINO LUIZ - GERENTE DE AREA;6,04376E+13;BARBOSA
BARBOSA - SILVA E BARBOSA COMERCIO DE ALIMENTOS - 33;RODOLFO QUERINO LUIZ - GERENTE DE AREA;6,04376E+13;BARBOSA
BARBOSA - SILVA E BARBOSA COMERCIO DE ALIMENTOS - 33;RODOLFO QUERINO LUIZ - GERENTE DE AREA;6,04376E+13;BARBOSA
SACOLAO S JORGE - SACOLAO OSWALDO CRUZ LTDA;ALENCAR SILVA;2,86557E+11;SACOLAO SAO JORGE
SACOLAO S JORGE - SACOLAO OSWALDO CRUZ LTDA;ALENCAR SILVA;2,86557E+11;SACOLAO SAO JORGE
SACOLAO S JORGE - SACOLAO OSWALDO CRUZ LTDA;ALENCAR SILVA;2,86557E+11;SACOLAO SAO JORGE
SACOLAO S JORGE - SACOLAO OSWALDO CRUZ LTDA;ALENCAR SILVA;2,86557E+11;SACOLAO SAO JORGE
SACOLAO S JORGE - SACOLAO OSWALDO CRUZ LTDA;ALENCAR SILVA;2,86557E+11;SACOLAO SAO JORGE
SACOLAO VILA FORMOSA LTDA  EPP;ALENCAR SILVA;6,13576E+12;SACOLAO SAO JORGE
SACOLAO VILA FORMOSA LTDA  EPP;ALENCAR SILVA;6,13576E+12;SACOLAO SAO JORGE
SACOLAO VILA FORMOSA LTDA  EPP;ALENCAR SILVA;6,13576E+12;SACOLAO SAO JORGE
SACOLAO VILA FORMOSA LTDA  EPP;ALENCAR SILVA;6,13576E+12;SACOLAO SAO JORGE
SACOLAO VILA FORMOSA LTDA  EPP;ALENCAR SILVA;6,13576E+12;SACOLAO SAO JORGE
SACOLAO S JORGE LTDA - STA PAULA;ALENCAR SILVA;5,37699E+12;SACOLAO SAO JORGE
SACOLAO S JORGE LTDA - STA PAULA;ALENCAR SILVA;5,37699E+12;SACOLAO SAO JORGE
SACOLAO S JORGE LTDA - STA PAULA;ALENCAR SILVA;5,37699E+12;SACOLAO SAO JORGE
SACOLAO S JORGE LTDA - STA PAULA;ALENCAR SILVA;5,37699E+12;SACOLAO SAO JORGE
SACOLAO S JORGE LTDA - STA PAULA;ALENCAR SILVA;5,37699E+12;SACOLAO SAO JORGE
SACOLAO S JORGE - SACOLAO SUPER BOM LTDA;ALENCAR SILVA;1,22374E+13;SACOLAO SAO JORGE
SACOLAO S JORGE - SACOLAO SUPER BOM LTDA;ALENCAR SILVA;1,22374E+13;SACOLAO SAO JORGE
SACOLAO S JORGE - SACOLAO SUPER BOM LTDA;ALENCAR SILVA;1,22374E+13;SACOLAO SAO JORGE
SACOLAO S JORGE - SACOLAO SUPER BOM LTDA;ALENCAR SILVA;1,22374E+13;SACOLAO SAO JORGE
SACOLAO S JORGE - SACOLAO TEOTONIO VILELA LTDA  -;ALENCAR SILVA;7,81455E+12;SACOLAO SAO JORGE
SACOLAO S JORGE - SACOLAO TEOTONIO VILELA LTDA  -;ALENCAR SILVA;7,81455E+12;SACOLAO SAO JORGE
SACOLAO S JORGE - SACOLAO TEOTONIO VILELA LTDA  -;ALENCAR SILVA;7,81455E+12;SACOLAO SAO JORGE
SACOLAO S JORGE - SACOLAO TEOTONIO VILELA LTDA  -;ALENCAR SILVA;7,81455E+12;SACOLAO SAO JORGE
SACOLAO S JORGE - SACOLAO TEOTONIO VILELA LTDA  -;ALENCAR SILVA;7,81455E+12;SACOLAO SAO JORGE
SACOLAO PIO XI LTDA;CARLOS FERREIRA;1,79489E+13;SUPERVILLE
SACOLAO PIO XI LTDA;CARLOS FERREIRA;1,79489E+13;SUPERVILLE
SACOLAO PIO XI LTDA;CARLOS FERREIRA;1,79489E+13;SUPERVILLE
SACOLAO PIO XI LTDA;CARLOS FERREIRA;1,79489E+13;SUPERVILLE
SACOLAO PIO XI LTDA;CARLOS FERREIRA;1,79489E+13;SUPERVILLE
SACOLAO S JORGE - SACOLAO BOM PASTOR COM DE GENER ALIM LTDA;ALENCAR SILVA;7,25151E+12;SACOLAO SAO JORGE
SACOLAO S JORGE - SACOLAO BOM PASTOR COM DE GENER ALIM LTDA;ALENCAR SILVA;7,25151E+12;SACOLAO SAO JORGE
SACOLAO S JORGE - SACOLAO BOM PASTOR COM DE GENER ALIM LTDA;ALENCAR SILVA;7,25151E+12;SACOLAO SAO JORGE
SACOLAO S JORGE - SACOLAO BOM PASTOR COM DE GENER ALIM LTDA;ALENCAR SILVA;7,25151E+12;SACOLAO SAO JORGE
SACOLAO S JORGE - SACOLAO BOM PASTOR COM DE GENER ALIM LTDA;ALENCAR SILVA;7,25151E+12;SACOLAO SAO JORGE
SACOLAO S JORGE - SACOLAO BOM PASTOR COM DE GENER ALIM LTDA;ALENCAR SILVA;7,25151E+12;SACOLAO SAO JORGE
SACOLAO S JORGE - SACOLAO STA CATARINA LTDA;ALENCAR SILVA;1,78799E+13;SACOLAO SAO JORGE
SACOLAO S JORGE - SACOLAO STA CATARINA LTDA;ALENCAR SILVA;1,78799E+13;SACOLAO SAO JORGE
SACOLAO S JORGE - SACOLAO STA CATARINA LTDA;ALENCAR SILVA;1,78799E+13;SACOLAO SAO JORGE
SACOLAO S JORGE - SACOLAO STA CATARINA LTDA;ALENCAR SILVA;1,78799E+13;SACOLAO SAO JORGE
SACOLAO S JORGE - SACOLAO STA CATARINA LTDA;ALENCAR SILVA;1,78799E+13;SACOLAO SAO JORGE
SACOLAO S JORGE - SACOLAO STA CATARINA LTDA;ALENCAR SILVA;1,78799E+13;SACOLAO SAO JORGE
SACOLAO S JORGE - HORTIFRUTI QUEIROZ FILHO LTDA;ALENCAR SILVA;1,78799E+13;SACOLAO SAO JORGE
SACOLAO S JORGE - HORTIFRUTI QUEIROZ FILHO LTDA;ALENCAR SILVA;1,78799E+13;SACOLAO SAO JORGE
SACOLAO S JORGE - HORTIFRUTI QUEIROZ FILHO LTDA;ALENCAR SILVA;1,78799E+13;SACOLAO SAO JORGE
SACOLAO S JORGE - HORTIFRUTI QUEIROZ FILHO LTDA;ALENCAR SILVA;1,78799E+13;SACOLAO SAO JORGE
SACOLAO S JORGE - HORTIFRUTI QUEIROZ FILHO LTDA;ALENCAR SILVA;1,78799E+13;SACOLAO SAO JORGE
CASA PATRICIO COMERCIO DE PRODUTOS NATURAIS LTDA;JOSE ARTENCIO;1,79602E+13;KORIN
T F MIRANDA MERCADO - EPP;MARIO MIZUKA;6,26373E+12;KIODAI
NICOLETE & NICOLETE SJCAMPOS LTDA;RAPHAEL COUTINHO ESPINDOLA;6,58265E+13;NICOLETE
NICOLETE & NICOLETE SJCAMPOS LTDA;RAPHAEL COUTINHO ESPINDOLA;6,58265E+13;NICOLETE
NICOLETE & NICOLETE SJCAMPOS LTDA;RAPHAEL COUTINHO ESPINDOLA;6,58265E+13;NICOLETE
NICOLETE & NICOLETE SJCAMPOS LTDA;RAPHAEL COUTINHO ESPINDOLA;6,58265E+13;NICOLETE
TX CARNES & DERIVADOS LTDA;INES MARTIN;5,85625E+12;ARIZONA
TX CARNES & DERIVADOS LTDA;INES MARTIN;5,85625E+12;ARIZONA
TX CARNES & DERIVADOS LTDA;INES MARTIN;5,85625E+12;TEXAS CARNES
TX CARNES & DERIVADOS LTDA;INES MARTIN;5,85625E+12;TEXAS CARNES
TX CARNES & DERIVADOS LTDA;INES MARTIN;5,85625E+12;TEXAS CARNES
BEIRA ALTA - SUPERMERCADO BEIRA ALTA LTDA - 06;EDVALDO DOS SANTOS PEREIRA;4,55822E+13;BEIRA ALTA
BEIRA ALTA - SUPERMERCADO BEIRA ALTA LTDA - 06;EDVALDO DOS SANTOS PEREIRA;4,55822E+13;BEIRA ALTA
BEIRA ALTA - SUPERMERCADO BEIRA ALTA LTDA - 06;EDVALDO DOS SANTOS PEREIRA;4,55822E+13;BEIRA ALTA
BEIRA ALTA - SUPERMERCADO BEIRA ALTA LTDA - 06;EDVALDO DOS SANTOS PEREIRA;4,55822E+13;BEIRA ALTA
BEIRA ALTA - SUPERMERCADO BEIRA ALTA LTDA - 06;EDVALDO DOS SANTOS PEREIRA;4,55822E+13;BEIRA ALTA
LUX COMERCIO DE PRODUTOS NATURAIS LTDA - ME;TELEVENDAS - DA TERRINHA;1,24709E+13;LUX COMERCIO
MERCADINHO RAIO DO SOL LTDA - ME;JOSE ARTENCIO - AS;6,14E+12;RAIO DO SOL
MERCADINHO RAIO DO SOL LTDA - ME;JOSE ARTENCIO - AS;6,14E+12;RAIO DO SOL
MERCADINHO RAIO DO SOL LTDA - ME;JOSE ARTENCIO - AS;6,14E+12;RAIO DO SOL
MERCADINHO RAIO DO SOL LTDA - ME;JOSE ARTENCIO - AS;6,14E+12;RAIO DO SOL
ABILIO VIEIRA ESTRELA;TELEVENDAS - DA TERRINHA;33537526687;COLABORADORES DA TERRINHA
ABILIO VIEIRA ESTRELA;TELEVENDAS - DA TERRINHA;33537526687;COLABORADORES DA TERRINHA
DIEGO VIEIRA RODRIGUES 3494639787;TELEVENDAS - DA TERRINHA;1,47962E+13;CASA RODRIGUES
AMORIM E VIEIRA ALIMENTOS LTDA - EPP;JOSE ARTENCIO;1,33658E+13;MAIS MERCADO E HORTIFRUT
PANIFICADORA SANTA CECILIA DE SANTOS LTDA - EPP;JOSE SOARES;4,64856E+13;PANIFICADORA SANTA CECILIA
S F LEITE MERCADO E PANIFICADORA EIRELI - ME;KELVIN;1,79462E+13;S F LEITE - MERCADO FERREIRA
S F LEITE MERCADO E PANIFICADORA EIRELI - ME;KELVIN;1,79462E+13;S F LEITE - MERCADO FERREIRA
S F LEITE MERCADO E PANIFICADORA EIRELI - ME;KELVIN;1,79462E+13;S F LEITE - MERCADO FERREIRA
ALECON COMERCIAL EXPORTADORA E REPRESENTAO LTDA;ANDERSON MISUMI;6,0993E+12;ALECON
ALECON COMERCIAL EXPORTADORA E REPRESENTAO LTDA;JOSUE EVANGELISTA;6,0993E+12;ALECON
ALECON COMERCIAL EXPORTADORA E REPRESENTAO LTDA;FERNANDO ARRUDA;6,0993E+12;ALECON
SACOLAO SAUDE - KIO COML AGRICOLA LTDA - 01;GILMERIO QUEIROZ - GERENTE DE AREA;6,02727E+13;SACOLAO SAUDE
SACOLAO SAUDE - KIO COML AGRICOLA LTDA - 01;GILMERIO QUEIROZ - GERENTE DE AREA;6,02727E+13;SACOLAO SAUDE
SACOLAO SAUDE - NELSON KIOSHI NAKADA-COML AGRIC - 02;GILMERIO QUEIROZ - GERENTE DE AREA;5,33453E+13;SACOLAO SAUDE
SACOLAO SAUDE - NELSON KIOSHI NAKADA-COML AGRIC - 02;GILMERIO QUEIROZ - GERENTE DE AREA;5,33453E+13;SACOLAO SAUDE
SACOLAO SAUDE - COMERCIO DE ALIMENTOS SANTA CRUZ - 03;INES MARTIN;2,84619E+12;SACOLAO SAUDE - LJ 03
SACOLAO SAUDE - SACOLAO SANTA CECILIA LTDA - 04;GILMERIO QUEIROZ - GERENTE DE AREA;5,32768E+12;SACOLAO SAUDE
SACOLAO SAUDE - SACOLAO SANTA CECILIA LTDA - 04;GILMERIO QUEIROZ - GERENTE DE AREA;5,32768E+12;SACOLAO SAUDE
SACOLAO SAUDE - R D FURUKAWA COMERCIO DE HORTI - 05;GILMERIO QUEIROZ - GERENTE DE AREA;7,97659E+12;SACOLAO SAUDE
SACOLAO SAUDE - R D FURUKAWA COMERCIO DE HORTI - 05;GILMERIO QUEIROZ - GERENTE DE AREA;7,97659E+12;SACOLAO SAUDE
SACOLAO SAUDE - SACOLAO GRANJA VIANA LTDA - EPP - 06;GILMERIO QUEIROZ - GERENTE DE AREA;2,17002E+13;SACOLAO SAUDE
SACOLAO SAUDE - SACOLAO GRANJA VIANA LTDA - EPP - 06;GILMERIO QUEIROZ - GERENTE DE AREA;2,17002E+13;SACOLAO SAUDE
GRINDELIA - ARMAZEM E RESTAURANTE MANZALLI LTDA - ME - V RED;TELEVENDAS - DA TERRINHA;2,21393E+13;MANZALLI
GRINDELIA - ARMAZEM E RESTAURANTE MANZALLI LTDA - ME - V RED;TELEVENDAS - DA TERRINHA;2,21393E+13;MANZALLI
FRANCIANE DE ARAUJO FERNANDES;SAC DA TERRINHA;41186588870;SAC DA TERRINHA - 63
A R FERREIRA ALIMENTOS EIRELI -;ROBERTO HIROSHI SOGA;6,58908E+13;BIGA
A R FERREIRA ALIMENTOS EIRELI -;ROBERTO HIROSHI SOGA;6,58908E+13;BIGA
A R FERREIRA ALIMENTOS EIRELI -;ROBERTO HIROSHI SOGA;6,58908E+13;BIGA
A R FERREIRA ALIMENTOS EIRELI -;ROBERTO HIROSHI SOGA;6,58908E+13;BIGA
A R FERREIRA ALIMENTOS EIRELI -;ROBERTO HIROSHI SOGA;6,58908E+13;BIGA
A R FERREIRA ALIMENTOS EIRELI -;ROBERTO HIROSHI SOGA;6,58908E+13;BIGA
SHIBATA - SK SUPERMERCADOS LTDA - APARECIDA;EDMILSON - 02;1,73495E+13;SHIBATA
SHIBATA - SK SUPERMERCADOS LTDA - APARECIDA;EDMILSON - 02;1,73495E+13;SHIBATA
SHIBATA - SK SUPERMERCADOS LTDA - APARECIDA;EDMILSON - 02;1,73495E+13;SHIBATA
JULIANA APARECIDA RIBEIRA;JOSUE EVANGELISTA;31479670855;REPRESENTANTES DA TERRINHA
EMPORIO MONTE VERDE LTDA;INES MARTIN;1,22711E+13;MONTE VERDE
EMPORIO MONTE VERDE LTDA;INES MARTIN;1,22711E+13;MONTE VERDE
EMPORIO MONTE VERDE LTDA;INES MARTIN;1,22711E+13;MONTE VERDE
EMPORIO MONTE VERDE LTDA;INES MARTIN;1,22711E+13;MONTE VERDE
MERCADINHO COQUEIRO LTDA;SILVANO ARRUDA;4,76633E+13;COQUEIRO
MERCADINHO COQUEIRO LTDA;SILVANO ARRUDA;4,76633E+13;COQUEIRO
MERCADINHO COQUEIRO LTDA;SILVANO ARRUDA;4,76633E+13;COQUEIRO
HORTIFRUTI GRANJEIRO - AGNALDO ANDRADE AVILA - ME;JOSE ARTENCIO;6,27209E+13;HORTIFRUTI GRANJEIRO
HORTIFRUTI GRANJEIRO - AGNALDO ANDRADE AVILA - ME;JOSE ARTENCIO;6,27209E+13;HORTIFRUTI GRANJEIRO
HORTIFRUTI GRANJEIRO - AGNALDO ANDRADE AVILA - ME;JOSE ARTENCIO;6,27209E+13;HORTIFRUTI GRANJEIRO
SUPERMERCADOS M FARIA E R GRAVINA LTDA;JOSE SOARES;5,66123E+12;M FARIA E R GRAVINA
PADARIA LEIRIENSE LTDA;KELVIN;5,69917E+13;LEIRIENSE
PADARIA LEIRIENSE LTDA;KELVIN;5,69917E+13;LEIRIENSE
PADARIA LEIRIENSE LTDA;KELVIN;5,69917E+13;LEIRIENSE
PADARIA LEIRIENSE LTDA;KELVIN;5,69917E+13;LEIRIENSE
PADARIA LEIRIENSE LTDA;KELVIN;5,69917E+13;LEIRIENSE
PADARIA LEIRIENSE LTDA;KELVIN;5,69917E+13;LEIRIENSE
PADARIA LEIRIENSE LTDA;KELVIN;5,69917E+13;LEIRIENSE
PADARIA LEIRIENSE LTDA;KELVIN;5,69917E+13;LEIRIENSE
PADARIA LEIRIENSE LTDA;KELVIN;5,69917E+13;LEIRIENSE
PADARIA LEIRIENSE LTDA;KELVIN;5,69917E+13;LEIRIENSE
PADARIA LEIRIENSE LTDA;KELVIN;5,69917E+13;LEIRIENSE
PADARIA LEIRIENSE LTDA;KELVIN;5,69917E+13;LEIRIENSE
TATIANA COSTA RAMOS DE MACEDO;TELEVENDAS - DA TERRINHA;60548524343;COLABORADORES DA TERRINHA
JOSE VALTER BONI;ROBLES DE LA GARZA;4,381E+12;CHEIRO VERDE
MARILUCE FERREIRA BARBOSA VIANA;ROBLES DE LA GARZA;1,94197E+12;MARILUCE FERREIRA BARBOSA
CLAUDINEI CARVASSAN RODRIGUES EIRELI;ROBLES DE LA GARZA;6,14292E+12;SKINAO
SUPERMERCADO PASCHOALIM E MELLO LTDA - ME;ROBLES DE LA GARZA;8,38524E+12;SUPERMERCADO IMPERIO
MANZZO PROMOCAO DE VENDAS LTDA;JOSUE EVANGELISTA;1,81584E+13;MANZZO
ATACADAO S.A.;LUCAS FROIS MACHADO;7,53153E+13;ATACADAO - MG
SUPERMERCADO PEGORIN LTDA - EPP;OSNEY RICARDO;1,90636E+12;PEGORIN
SUPERMERCADO PEGORIN LTDA - EPP;OSNEY RICARDO;1,90636E+12;PEGORIN
SUPERMERCADO PEGORIN LTDA - EPP;OSNEY RICARDO;1,90636E+12;PEGORIN
BIG TRANS COMERCIAL DE ALIMENTO SA;VENDEDOR INATIVO;3,69687E+12;BIG BOX
SUPERMERCADO TATA SA;VENDEDOR INATIVO;4,05911E+12;BIG BOX
PRAVOCE CMERCIAL DE AIMENTOS LTDA;WALTER BARROS;1,05653E+13;PRA VOCE
SUPERMERCADO NOVA ESPERANCA EIRELI  - ME;JUAREZ COSTA;2,02E+11;NOVA ESPERANCA
RED BOI - COMERCIO DE CARNES LTDA - ME - CAPAO;ALICE LUCIANA;9,24206E+12;RED BOI
RED BOI - COMERCIO DE CARNES LTDA - ME - CAPAO;JOSE ARTENCIO - VF;9,24206E+12;RED BOI
RED BOI - COMERCIO DE CARNES LTDA - ME - CAPAO;JOSUE EVANGELISTA;9,24206E+12;RED BOI
RED BOI - COMERCIO DE CARNES LTDA - ME - CAPAO;JOSE ARTENCIO - AS;9,24206E+12;RED BOI
RED BOI - COMERCIO DE CARNES LTDA - ME - CAPAO;ERICK MOREIRA;9,24206E+12;RED BOI
RED BOI - COMERCIO DE CARNES LTDA - ME - CAPAO;RONILDO FERREIRA;9,24206E+12;RED BOI
RED BOI - COMERCIO DE CARNES LTDA - ME - CAPAO;J.E - DA ALICLEO REPRESENTACOES;9,24206E+12;RED BOI
EMPORIUM OSIRO COMERCIO DE MERCADORIAS LTDA;INES MARTIN;1,0348E+13;YUTAKA/FANTASTIC
EMPORIUM OSIRO COMERCIO DE MERCADORIAS LTDA;INES MARTIN;1,0348E+13;YUTAKA/FANTASTIC
ZEST - SOCIEDADE VALEPARAIBANA DO COMERCIO ALIMENT;TELEVENDAS - DA TERRINHA;2,23528E+13;ZEST - SOCIEDADE
ACOUGUE E MERCEARIA AVENIDA LTDA;ROBERTO HIROSHI SOGA;5,88517E+13;AVENIDA
ACOUGUE E MERCEARIA AVENIDA LTDA;ROBERTO HIROSHI SOGA;5,88517E+13;AVENIDA
ACOUGUE E MERCEARIA AVENIDA LTDA;ROBERTO HIROSHI SOGA;5,88517E+13;AVENIDA
EMPORIO CASA VERDE LTDA - ME;FERNANDO GOUVEIA;1,10583E+13;CASA VERDE
SUPERMERCADO CHINEN BOX LTDA - EPP;CLAUDIO AKIO SOGA;6,19149E+13;CHINEN
SUPERMERCADO CHINEN BOX LTDA - EPP;CLAUDIO AKIO SOGA;6,19149E+13;CHINEN
SUPERMERCADO CHINEN BOX LTDA - EPP;CLAUDIO AKIO SOGA;6,19149E+13;CHINEN
SUPERMERCADO CHINEN BOX LTDA - EPP;CLAUDIO AKIO SOGA;6,19149E+13;CHINEN
SUPERMERCADO CHINEN BOX LTDA - EPP;CLAUDIO AKIO SOGA;6,19149E+13;CHINEN
SUPERMERCADO CHINEN BOX LTDA - EPP;CLAUDIO AKIO SOGA;6,19149E+13;CHINEN
MINI MERCADO SERRA DOURADA LTDA - ME;FLAVIA SIQUEIRA;4,59014E+12;SERRA DOURADA
MINI MERCADO SERRA DOURADA LTDA - ME;FLAVIA SIQUEIRA;4,59014E+12;SERRA DOURADA
MINI MERCADO SERRA DOURADA LTDA - ME;FLAVIA SIQUEIRA;4,59014E+12;SERRA DOURADA
PANIFICADORA UNIVERSO LTDA;JOSE SOARES;5,81565E+13;PANIFICADORA UNIVERSO
PANIFICADORA CAICARA DE SANTOS LTDA - ME;JOSE SOARES;5,81396E+13;PANIFICADORA CAICARA DE SANTOS
SUPERMARKET - MERCADO FATIMA DE NILOPOLIS;MILTON JUNIOR;3,61764E+13;SUPERMARKET
BIONOV BIOPRODUTOS LTDA;JOSUE EVANGELISTA;5,85609E+12;BIONOV DR RONALDO
BIONOV BIOPRODUTOS LTDA;JOSUE EVANGELISTA;5,85609E+12;BIONOV DR RONALDO
ABNOAN MORAES DOS SANTOS;TELEVENDAS - DA TERRINHA;28324606823;COLABORADORES DA TERRINHA
ABNOAN MORAES DOS SANTOS;TELEVENDAS - DA TERRINHA;28324606823;COLABORADORES DA TERRINHA
ABNOAN MORAES DOS SANTOS;TELEVENDAS - DA TERRINHA;28324606823;COLABORADORES DA TERRINHA
MARIAS E IGUARIAS EIRELI - ME;JOSE ARTENCIO;2,20205E+13;MARIAS E IGUARIAS
MERCADO A C V  EIRELI - ME;INES MARTIN;2,29777E+13;A C V
BOM LUGAR - SATO & NISHI LTDA - 01;PAULO COSTA;6,89536E+13;BOM LUGAR
BOM LUGAR - SATO & NISHI LTDA - 01;PAULO COSTA;6,89536E+13;BOM LUGAR
BOM LUGAR - SUPERMERCADO PARAISO SOROCABA - 02;PAULO COSTA;1,04761E+12;BOM LUGAR
BOM LUGAR - SUPERMERCADO PARAISO SOROCABA - 02;PAULO COSTA;1,04761E+12;BOM LUGAR
BOM LUGAR - JOEL SIQUEIRA & CIA SOROCABA LTDA - 03;PAULO COSTA;6,79292E+13;BOM LUGAR
BOM LUGAR - JOEL SIQUEIRA & CIA SOROCABA LTDA - 03;PAULO COSTA;6,79292E+13;BOM LUGAR
BOM LUGAR - JOEL SIQUEIRA & CIA SOROCABA LTDA - 03;PAULO COSTA;6,79292E+13;BOM LUGAR
BOM LUGAR - LUIZ BENEDITO RUIZ MERCEARIA - ME - 05;PAULO COSTA;1,45677E+12;BOM LUGAR
BOM LUGAR - MARIYA & SHIGIHARA LTDA - EPP - 06;PAULO COSTA;7,67741E+11;BOM LUGAR
BOM LUGAR - EDSON LUIZ LOCATELI - 07;PAULO COSTA;4,70697E+13;BOM LUGAR
CALDERAN & SIQUEIRA LTDA;PAULO COSTA;2,60147E+12;BOM LUGAR
BOM LUGAR - VISCAINO & COELHO LTDA - EPP - 11;PAULO COSTA;7,14502E+13;BOM LUGAR
BOM LUGAR - SUPERMERCADO KIOKA LTDA -14;PAULO COSTA;4,32636E+13;BOM LUGAR
MERCADINHO E ACOUGUE JARDIM CLARICE LTDA - ME;PAULO COSTA;5,01701E+12;MERCADINHO E ACOUGUE JD CLARICE
SUPERMERCADO ZAIA LTDA;PAULO COSTA;2,72026E+12;BOM LUGAR
BOM LUGAR - GISELE RUVILO MARCHETTI SOROCABA - 18;PAULO COSTA;6,59893E+13;BOM LUGAR
COMERCIAL DE ALIMENTOS MRM LTDA;CARLOS FERREIRA;1,04303E+13;RODRIGUES MRM
COMERCIAL DE ALIMENTOS MRM LTDA;CARLOS FERREIRA;1,04303E+13;RODRIGUES MRM
COMERCIAL DE ALIMENTOS MRM LTDA;CARLOS FERREIRA;1,04303E+13;RODRIGUES MRM
COMERCIAL DE ALIMENTOS MRM LTDA;CARLOS FERREIRA;1,04303E+13;RODRIGUES MRM
COMERCIAL DE ALIMENTOS MRM LTDA;CARLOS FERREIRA;1,04303E+13;RODRIGUES MRM
ROSIANE SOUSA SANTOS SENA;TELEVENDAS - DA TERRINHA;1493119583;COLABORADORES DA TERRINHA
ALESSANDRA DA SILVA CARMO;TELEVENDAS - DA TERRINHA;42953540822;COLABORADORES DA TERRINHA
ALESSANDRA DA SILVA CARMO;TELEVENDAS - DA TERRINHA;42953540822;COLABORADORES DA TERRINHA
ACORIANA CONVENIENCIA LTDA - ME;PAULO COSTA;8,78324E+12;PADARIA ACORIANA
MAGNANIMO COMERCIAL IMPORTACAO E EXPORTACAO LTDA;KALIEL DE CALDA LEITE;7,18233E+12;REDE MAGNANIMO
MAGNANIMO COMERCIAL IMPORTACAO E EXPORTACAO LTDA;KALIEL DE CALDA LEITE;7,18233E+12;REDE MAGNANIMO
MAGNANIMO COMERCIAL IMPORTACAO E EXPORTACAO LTDA;KALIEL DE CALDA LEITE;7,18233E+12;REDE MAGNANIMO
MAGNANIMO COMERCIAL IMPORTACAO E EXPORTACAO LTDA;KALIEL DE CALDA LEITE;7,18233E+12;REDE MAGNANIMO
MAGNANIMO COMERCIAL IMPORTACAO E EXPORTACAO LTDA;KALIEL DE CALDA LEITE;7,18233E+12;REDE MAGNANIMO
A TRIGUEIRA PAES E DOCES LTDA - EPP;RONILDO FERREIRA;9,17782E+12;A TRIGUEIRA
A TRIGUEIRA PAES E DOCES LTDA - EPP;ALICE LUCIANA;9,17782E+12;A TRIGUEIRA
A TRIGUEIRA PAES E DOCES LTDA - EPP;GILSON CORTEZ;9,17782E+12;A TRIGUEIRA
SUPERMERCADO LUZIO EIRELI;PAULO COSTA;2,29388E+12;BOM LUGAR
BOM LUGAR - SADASHI SATO & FILHO LTDA - 25;PAULO COSTA;9,50786E+12;BOM LUGAR
BOM LUGAR - NIVIA TANAKA DODA & CIA LTDA - 29;PAULO COSTA;3,65621E+12;BOM LUGAR
BOM LUGAR - ARTUR FERNANDO DODA - ME - 30;PAULO COSTA;1,17755E+12;BOM LUGAR
BOM LUGAR - RODRIGUES DA SILVA & CIA LTDA - 31;PAULO COSTA;1,204E+13;BOM LUGAR
BOM LUGAR - SATO & NISHI LTDA - 33;PAULO COSTA;6,89536E+13;BOM LUGAR
BOM LUGAR - SUPERMERCADO PERES & RODRIGUES LTDA - 15;PAULO COSTA;6,27445E+12;BOM LUGAR
BOM LUGAR - SUPERMERCADO TARABORELLI LTDA - 04;PAULO COSTA;5,19281E+13;BOM LUGAR
BOM LUGAR - IACOPO SABBATINI & FILHO LTDA - 12;PAULO COSTA;5,45168E+13;BOM LUGAR
BOM LUGAR - MERCADINHO BIANCHI LTDA - 13;PAULO COSTA;5,54583E+13;BOM LUGAR
BOM LUGAR - SUPERMERCADO SUPERCIDADE LTDA - 17;PAULO COSTA;7,46137E+13;BOM LUGAR
MERCADO PONTO CERTO DO MENDES LTDA - ME;JOSUE EVANGELISTA;5,99447E+11;MERCADO PONTO CERTO
MERCADO PONTO CERTO DO MENDES LTDA - ME;JOSUE EVANGELISTA;5,99447E+11;MERCADO PONTO CERTO
SUPERMERCADO PANORAMA  LTDA;SILVANO ARRUDA;6,61049E+13;PANORAMA
SUPERMERCADO PANORAMA  LTDA;SILVANO ARRUDA;6,61049E+13;PANORAMA
PANIFICADORA E DOCEIRA DR  MELO ALVES;INES MARTIN;5,06796E+13;PADARIA DENGOSA
PANIFICADORA E DOCEIRA DR  MELO ALVES;INES MARTIN;5,06796E+13;PADARIA DENGOSA
PANIFICADORA E DOCEIRA DR  MELO ALVES;INES MARTIN;5,06796E+13;PADARIA DENGOSA
PANIFICADORA E DOCEIRA DR  MELO ALVES;INES MARTIN;5,06796E+13;PADARIA DENGOSA
PANIFICADORA E DOCEIRA DR  MELO ALVES;INES MARTIN;5,06796E+13;PADARIA DENGOSA
MAXXI ATACADO - WMS SUPERMERCADOS DO BRASIL LTDA - PRES PRUD;ROBERTO OLIVEIRA ANDRADE;9,32098E+13;ATACADAO - SP LOJAS
ELIAS APOLONIO DE SOUZA;TELEVENDAS - DA TERRINHA;2735211444;COLABORADORES DA TERRINHA
ELIAS APOLONIO DE SOUZA;TELEVENDAS - DA TERRINHA;2735211444;COLABORADORES DA TERRINHA
EMPORIO DA GENTE EIRELI - EPP - 03;CARLOS FERREIRA;1,35909E+13;EMPORIO DA GENTE
EMPORIO DA GENTE EIRELI - EPP - 03;CARLOS FERREIRA;1,35909E+13;EMPORIO DA GENTE
EMPORIO DA GENTE EIRELI - EPP - 03;CARLOS FERREIRA;1,35909E+13;EMPORIO DA GENTE
ROLDAO - AUTO SERVICO COMERCIO DE ALIMENTOS LTDA - 019;CAIO VINICIUS AMORIM;5,80026E+12;ROLDAO
ROLDAO - AUTO SERVICO COMERCIO DE ALIMENTOS LTDA - 019;CAIO VINICIUS AMORIM;5,80026E+12;ROLDAO
ROLDAO - AUTO SERVICO COMERCIO DE ALIMENTOS LTDA - 019;CAIO VINICIUS AMORIM;5,80026E+12;ROLDAO
VILA REAL COMERCIAL PIEDADENSE LTDA - EPP;PAULO COSTA;3,76705E+12;MOREIRA SUPERMERCADOS
EMPORIO E CONFEITARIA PARIS LTDA - ME;FLAVIA SIQUEIRA;8,40298E+12;CONFEITARIA PARIS
EMPORIO E CONFEITARIA PARIS LTDA - ME;FLAVIA SIQUEIRA;8,40298E+12;CONFEITARIA PARIS
EMPORIO E CONFEITARIA PARIS LTDA - ME;FLAVIA SIQUEIRA;8,40298E+12;CONFEITARIA PARIS
EMPORIO E CONFEITARIA PARIS LTDA - ME;FLAVIA SIQUEIRA;8,40298E+12;CONFEITARIA PARIS
EMPORIO E CONFEITARIA PARIS LTDA - ME;FLAVIA SIQUEIRA;8,40298E+12;CONFEITARIA PARIS
EMPORIO E CONFEITARIA PARIS LTDA - ME;FLAVIA SIQUEIRA;8,40298E+12;CONFEITARIA PARIS
CORREA & ATADAINE ALIMENTOS LTDA;PAULO COSTA;1,57373E+13;CORREA ARCHILA
SUPERMERCADO PONTEL LTDA;OSNEY RICARDO;5,44003E+12;PONTEL
SUPERMERCADO PONTEL LTDA;OSNEY RICARDO;5,44003E+12;PONTEL
MISAEL CAMILO EVANGELISTA;SAC DA TERRINHA;40681992808;SAC DA TERRINHA - 10
MISAEL CAMILO EVANGELISTA;SAC DA TERRINHA;40681992808;SAC DA TERRINHA - 10
SUPER DOCES MARINGA LTDA - 02;KELVIN;6,86344E+12;DOCES MARINGA
SUPER DOCES MARINGA LTDA - 02;KELVIN;6,86344E+12;DOCES MARINGA
SUPER DOCES MARINGA LTDA - 02;KELVIN;6,86344E+12;DOCES MARINGA
SUPERCOMPRAS ELDORADO MERCADO LTDA - EPP;JUAREZ COSTA;4,73915E+12;SUPERCOMPRAS ELDORADO
SUPERCOMPRAS ELDORADO MERCADO LTDA - EPP;JUAREZ COSTA;4,73915E+12;SUPERCOMPRAS ELDORADO
SUPERCOMPRAS ELDORADO MERCADO LTDA - EPP;JUAREZ COSTA;4,73915E+12;SUPERCOMPRAS ELDORADO
ELISABETE DIAS - HORTIFRUTIGRANJEIROS;CARLOS FERREIRA;8,20554E+12;RECANTO VERDE
SATO & NISHI LTDA;PAULO COSTA;6,89536E+13;BOM LUGAR
SACOLAO CUPECE LTDA - EPP;RONILDO FERREIRA;2,4296E+13;SACOLAO CUPECE
SACOLAO CUPECE LTDA - EPP;JOSE ARTENCIO;2,4296E+13;SACOLAO CUPECE
SACOLAO CUPECE LTDA - EPP;GILSON CORTEZ;2,4296E+13;SACOLAO CUPECE
SACOLAO CUPECE LTDA - EPP;ALICE LUCIANA;2,4296E+13;SACOLAO CUPECE
SACOLAO CUPECE LTDA - EPP;J.E - DA ALICLEO REPRESENTACOES;2,4296E+13;SACOLAO CUPECE
FLAVIO MARCELO VELOSO DE OLIVEIRA;MILTON JUNIOR;2,36362E+13;FLAVIO MARCELO
ROLDAO - AUTO SERVICO COMERCIO DE ALIMENTOS LTDA - 027;CAIO VINICIUS AMORIM;5,80026E+12;ROLDAO
ROLDAO - AUTO SERVICO COMERCIO DE ALIMENTOS LTDA - 027;CAIO VINICIUS AMORIM;5,80026E+12;ROLDAO
ROLDAO - AUTO SERVICO COMERCIO DE ALIMENTOS LTDA - 027;CAIO VINICIUS AMORIM;5,80026E+12;ROLDAO
CASA NEGREIROS LTDA - ITAQUERA;LEONARDO VINICIUS;6,30144E+13;NEGREIROS - TRIALBA
TERE HORTIFRUTI COMERCIO DE ALIMENTOS E PANIFICACADORA;TELEVENDAS - DA TERRINHA;9,00034E+12;TERE HORTIFRUTI
NAMBEI ALIMENTOS LTDA  - ME;MARIO MIZUKA;3,12468E+12;NAMBEI ALIMENTOS
SUPERMERCADOS JARAGUA LTDA;CLAUDIO AKIO SOGA;6,23475E+13;JARAGUA
SUPERMERCADOS JARAGUA LTDA;CLAUDIO AKIO SOGA;6,23475E+13;JARAGUA
SUPERMERCADOS JARAGUA LTDA;CLAUDIO AKIO SOGA;6,23475E+13;JARAGUA
SUPERMERCADOS JARAGUA LTDA;CLAUDIO AKIO SOGA;6,23475E+13;JARAGUA
SUPERMERCADOS JARAGUA LTDA;CLAUDIO AKIO SOGA;6,23475E+13;JARAGUA
SUPERMERCADOS JARAGUA LTDA;CLAUDIO AKIO SOGA;6,23475E+13;JARAGUA
BOM LUGAR - SUP SERV BEM ARACARIGUAMA LTDA - 24;PAULO COSTA;3,34442E+12;BOM LUGAR
BOM LUGAR  - SUP SERV BEM ARACARIGUAMA LTDA -  20;PAULO COSTA;3,34442E+12;BOM LUGAR
SUPER REDE MADUREIRA - SOARES E PRINSCIVAL LTDA;MILTON JUNIOR;2,5718E+12;SUPER REDE
SUPER MERCADO CISPER LTDA - EPP;INES MARTIN;6,29484E+13;CISPER
SUPER MERCADO CISPER LTDA - EPP;INES MARTIN;6,29484E+13;CISPER
SUPERMERCADO DA GENTE LTDA;CARLOS FERREIRA;7,17398E+12;EMPORIO DA GENTE
WEST BOI - CARNES & DERIVADOS LTDA - WB;CLEO CAVALCANTI;4,07984E+12;WEST BOI
WEST BOI - CARNES & DERIVADOS LTDA - WB;CLEO CAVALCANTI;4,07984E+12;WEST BOI
WEST BOI - CARNES & DERIVADOS LTDA - WB;CLEO CAVALCANTI;4,07984E+12;WEST BOI
JARDIM BRASILIA - CARNES & DERIVADOS LTDA  - 01;TELEVENDAS - DA TERRINHA;4,41431E+13;JARDIM BRASILIA - CARNES & DERIVADOS - 01
RIWA CARNES & DERIVADOS LTDA - 04;ROGERIO DE SOUZA;1,69018E+13;RIWA
TEXAS WEST BOI - TEX BOI COMERCIO DE CARNES - ITABERABA;CARLOS FERREIRA;1,08096E+13;TEXAS CARNES
TEXAS - TEX BOI COMERCIO DE CARNES - OSASCO;ALICE LUCIANA;1,08096E+13;TEXAS CARNES
TEXAS WEST BOI - TEX BOI COMERCIO DE CARNES - CARAPICUIBA;CARLOS FERREIRA;1,08096E+13;TEXAS CARNES
TEXAS WEST BOI - TEX BOI COMERCIO DE CARNES - CARAPICUIBA;CARLOS FERREIRA;1,08096E+13;TEXAS CARNES
TEXAS WEST BOI - TEX BOI COMERCIO DE CARNES - ARISTON;CARLOS FERREIRA;1,08096E+13;TEXAS CARNES
TEXAS WEST BOI - BARAO TEXAS - COM CARNES E DERIVADOS - MAUA;INES MARTIN;5,31105E+12;TEXAS CARNES
GIGA BR DISTRIBUIDOR E ATACADISTA LTDA - CASA VERDE;FERNANDO VOLTERO;1,01948E+13;CENCOSUD - GIGA
GIGA BR DISTRIBUIDOR E ATACADISTA LTDA - CASA VERDE;FERNANDO VOLTERO;1,01948E+13;CENCOSUD - GIGA
GIGA BR DISTRIBUIDOR E ATACADISTA LTDA - CASA VERDE;FERNANDO VOLTERO;1,01948E+13;CENCOSUD - GIGA
GIGA BR DISTRIBUIDOR E ATACADISTA LTDA - LAGEADINHO;FERNANDO VOLTERO;1,01948E+13;CENCOSUD - GIGA
GIGA BR DISTRIBUIDOR E ATACADISTA LTDA - LAGEADINHO;FERNANDO VOLTERO;1,01948E+13;CENCOSUD - GIGA
SUPERMERCADOS MAMBO LTDA - TATUAPE;FERNANDO VOLTERO;7,16763E+13;MAMBO - LOJAS
SUPERMERCADOS CAROLINA LTDA;JOSE ARTENCIO;6,70288E+13;CAROLINA
SUPERMERCADOS CAROLINA LTDA;JOSE ARTENCIO;6,70288E+13;CAROLINA
NIBS ALIMENTACAO SAUDAVEL EIRELI - EPP;EDMILSON NUNES;2,32767E+13;NIBS
MERCADAO ATACADISTA COMERCIAL DE ALIMENTOS - 07;EDVALDO DOS SANTOS PEREIRA;1,68818E+13;MERCADAO
MERCADAO ATACADISTA COMERCIAL DE ALIMENTOS - 07;EDVALDO DOS SANTOS PEREIRA;1,68818E+13;MERCADAO
MERCADAO ATACADISTA COMERCIAL DE ALIMENTOS - 07;EDVALDO DOS SANTOS PEREIRA;1,68818E+13;MERCADAO
MERCADAO ATACADISTA COMERCIAL DE ALIMENTOS - 07;EDVALDO DOS SANTOS PEREIRA;1,68818E+13;MERCADAO
MERCADAO ATACADISTA COMERCIAL DE ALIMENTOS - 07;EDVALDO DOS SANTOS PEREIRA;1,68818E+13;MERCADAO
C CAMARGO & CIA LTDA;TELEVENDAS - DA TERRINHA;6,91725E+13;CAMARGO
C CAMARGO & CIA LTDA;TELEVENDAS - DA TERRINHA;6,91725E+13;CAMARGO
ANDERSON YUJI MISUMI - ME;JOSUE EVANGELISTA;2,45313E+13;ANDERSON MISUMI
CRIS MAR MERCADO LTDA;VENDEDOR INATIVO;7,24045E+13;CRIS MAR MERCADO
SUPERFOOD COMERCIO DE PRODUTOS ALIMENTICIOS LTDA;VENDEDOR INTERNO;1,11639E+13;SUPERFOOD
SUPERFOOD COMERCIO DE PRODUTOS ALIMENTICIOS LTDA;VENDEDOR INTERNO;1,11639E+13;SUPERFOOD
SUPERFOOD COMERCIO DE PRODUTOS ALIMENTICIOS LTDA;VENDEDOR INTERNO;1,11639E+13;SUPERFOOD
HOUSE OF MAYA ALIMENTOS LTDA  - ME;CAROLINA DOS SANTOS ROCHA;1,53888E+13;HOUSE OF MAYA ALIMENTOS
HOUSE OF MAYA ALIMENTOS LTDA  - ME;CAROLINA DOS SANTOS ROCHA;1,53888E+13;HOUSE OF MAYA ALIMENTOS
HOUSE OF MAYA ALIMENTOS LTDA  - ME;CAROLINA DOS SANTOS ROCHA;1,53888E+13;HOUSE OF MAYA ALIMENTOS
HOUSE OF MAYA ALIMENTOS LTDA  - ME;CAROLINA DOS SANTOS ROCHA;1,53888E+13;HOUSE OF MAYA ALIMENTOS
HOUSE OF MAYA ALIMENTOS LTDA  - ME;CAROLINA DOS SANTOS ROCHA;1,53888E+13;HOUSE OF MAYA ALIMENTOS
HOUSE OF MAYA ALIMENTOS LTDA  - ME;CAROLINA DOS SANTOS ROCHA;1,53888E+13;HOUSE OF MAYA ALIMENTOS
HOUSE OF MAYA ALIMENTOS LTDA  - ME;CAROLINA DOS SANTOS ROCHA;1,53888E+13;HOUSE OF MAYA ALIMENTOS
HOUSE OF MAYA ALIMENTOS LTDA  - ME;CAROLINA DOS SANTOS ROCHA;1,53888E+13;HOUSE OF MAYA ALIMENTOS
HOUSE OF MAYA ALIMENTOS LTDA  - ME;CAROLINA DOS SANTOS ROCHA;1,53888E+13;HOUSE OF MAYA ALIMENTOS
NEY ONUKI;TELEVENDAS - DA TERRINHA;1,76473E+12;NEY ONUKI
MINI MERCADO NOSSO PRECO LTDA - EPP;JOSE ROBERTO DENIZIO;5,2041E+12;NOSSO PRECO
MINI MERCADO NOSSO PRECO LTDA - EPP;JOSE ROBERTO DENIZIO;5,2041E+12;NOSSO PRECO
CEREALLI COMERCIO DE ALIMENTOS LTDA - ME;CARLOS FERREIRA;1,98517E+13;CEREALLI
CEREALLI COMERCIO DE ALIMENTOS LTDA - ME;CARLOS FERREIRA;1,98517E+13;CEREALLI
CEREALLI COMERCIO DE ALIMENTOS LTDA - ME;CARLOS FERREIRA;1,98517E+13;CEREALLI
CEREALLI COMERCIO DE ALIMENTOS LTDA - ME;CARLOS FERREIRA;1,98517E+13;CEREALLI
CEREALLI COMERCIO DE ALIMENTOS LTDA - ME;CARLOS FERREIRA;1,98517E+13;CEREALLI
CEREALLI COMERCIO DE ALIMENTOS LTDA - ME;CARLOS FERREIRA;1,98517E+13;CEREALLI
TENDA ATACADO LTDA - MATRIZ;FLAVIO DUARTE PEREIRA;1,15756E+12;TENDA
TENDA ATACADO LTDA - MATRIZ;FLAVIO DUARTE PEREIRA;1,15756E+12;TENDA
SUPERMERCADO PRATICO - J M SIQUEIRA ALVES;TARCISO SILVA;2,72762E+12;PRATICO
SUPERMERCADO PRATICO - J M SIQUEIRA ALVES;RONILSON RIBEIRO;2,72762E+12;PRATICO
SUPERMERCADO PRATICO - J M SIQUEIRA ALVES;NILSON VARA DA PENHA;2,72762E+12;PRATICO
SUPERMERCADO PRATICO - J M SIQUEIRA ALVES;JOSE SOARES;2,72762E+12;PRATICO
SUPERMERCADO BARROS LTDA;JOSE SOARES;4,50632E+13;REDE LITORAL
CLEO CAVALCANTI;CLEO CAVALCANTI;27079264855;CLEO DE AGUAS
E B EMPORIO NATURAL LTDA - ME;ALICE LUCIANA;1,07673E+13;XANGU EMPORIO NATURAL
M M DE OLIVEIRA CONVENIENCIA ME;EDVALDO DOS SANTOS PEREIRA;6,93863E+12;MERCADINHO MM
M M DE OLIVEIRA CONVENIENCIA ME;EDVALDO DOS SANTOS PEREIRA;6,93863E+12;MERCADINHO MM
SUPERMERCADO BRUNO LTDA - 03;CARLOS FERREIRA;5,36557E+13;SUPERMERCADO BRUNO
SUPERMERCADO BRUNO LTDA - 03;CARLOS FERREIRA;5,36557E+13;SUPERMERCADO BRUNO
SUPERMERCADO BRUNO LTDA - 03;CARLOS FERREIRA;5,36557E+13;SUPERMERCADO BRUNO
SUPERMERCADO BRUNO LTDA - 03;CARLOS FERREIRA;5,36557E+13;SUPERMERCADO BRUNO
UNIREDE S A;MAXIMINO PASCOAL;1,05785E+13;UNIREDE
UNIREDE S A;MAXIMINO PASCOAL;1,05785E+13;UNIREDE
UNIREDE S A;MAXIMINO PASCOAL;1,05785E+13;UNIREDE
MERCADINHO LIDER DO ITAIM LTDA;TELEVENDAS - DA TERRINHA;5,44853E+13;LIDER DO ITAIM
IPAVA RAIO SUPERMERCADO LTDA;KELVIN;1,1353E+13;IPAVA RAIO
IPAVA RAIO SUPERMERCADO LTDA;KELVIN;1,1353E+13;IPAVA RAIO
IPAVA RAIO SUPERMERCADO LTDA;KELVIN;1,1353E+13;IPAVA RAIO
