Numero;Serie;Emissao;Transportadora;Unidade;Origem;Estado Origem;Destino;Estado Destino;Frete Calculado;Valor Realizado;Diferenca Frete
146898;1;12/08/2026;MAJO - COTIA;Filial;São Paulo;SP;São José dos Campos;SP;355.45;350.02;-5.43
146899;1;12/08/2026;MAJO - COTIA;Filial;São Paulo;SP;Bofete;SP;448.15;441.3;-6.85
146901;1;12/08/2026;MAJO - COTIA;Filial;São Paulo;SP;Jaú;SP;155.72;360.27;204.55
146902;1;12/08/2026;MAJO - COTIA;Filial;São Paulo;SP;Jaú;SP;152.01;356.58;204.57
146904;1;12/08/2026;MAJO - COTIA;Filial;São Paulo;SP;Cananéia;SP;151.78;146.33;-5.45
146906;1;12/08/2026;MAJO - COTIA;Filial;São Paulo;SP;Cesário Lange;SP;427.77;421.56;-6.21
146907;1;12/08/2026;MAJO - COTIA;Filial;São Paulo;SP;Araçoiaba da Serra;SP;178.24;173.35;-4.89
146929;1;12/08/2026;MAJO - COTIA;Filial;São Paulo;SP;Limeira;SP;357.86;352.41;-5.45
146930;1;12/08/2026;MAJO - COTIA;Filial;São Paulo;SP;Cajati;SP;152.47;147.03;-5.44
146932;1;12/08/2026;MAJO - COTIA;Filial;São Paulo;SP;Ilha Comprida;SP;158.8;153.35;-5.45
146933;1;12/08/2026;MAJO - COTIA;Filial;São Paulo;SP;Rio Claro;SP;148.39;142.93;-5.46
146934;1;12/08/2026;MAJO - COTIA;Filial;São Paulo;SP;Pederneiras;SP;154.23;358.78;204.55
146935;1;12/08/2026;MAJO - COTIA;Filial;São Paulo;SP;Registro;SP;203.33;197.66;-5.67
146908;1;12/08/2026;MAJO - COTIA;Filial;São Paulo;SP;Limeira;SP;151.94;146.5;-5.44
146909;1;12/08/2026;MAJO - COTIA;Filial;São Paulo;SP;Santa Gertrudes;SP;150.61;145.17;-5.44
146894;1;12/08/2026;MAJO - COTIA;Filial;São Paulo;SP;Itapeva;SP;251.63;449.13;197.5
146920;1;12/08/2026;MAJO - COTIA;Filial;São Paulo;SP;Ilha Comprida;SP;153.24;147.78;-5.46
146910;1;12/08/2026;MAJO - COTIA;Filial;São Paulo;SP;Ribeirão Preto;SP;357.13;357.16;0.03
146895;1;12/08/2026;MAJO - COTIA;Filial;São Paulo;SP;Limeira;SP;148.5;143.06;-5.44
146922;1;12/08/2026;MAJO - COTIA;Filial;São Paulo;SP;Rio Claro;SP;149.1;143.66;-5.44
146897;1;12/08/2026;MAJO - COTIA;Filial;São Paulo;SP;Descalvado;SP;152.63;152.66;0.03
146914;1;12/08/2026;MAJO - COTIA;Filial;São Paulo;SP;Santa Bárbara d'Oeste;SP;158.64;154.14;-4.5
146924;1;12/08/2026;MAJO - COTIA;Filial;São Paulo;SP;Taubaté;SP;444.65;437.83;-6.82
146916;1;12/08/2026;MAJO - COTIA;Filial;São Paulo;SP;Guareí;SP;159.17;153.72;-5.45
146926;1;12/08/2026;MAJO - COTIA;Filial;São Paulo;SP;São Miguel Arcanjo;SP;155.78;150.32;-5.46
146938;1;12/08/2026;MAJO - COTIA;Filial;São Paulo;SP;Araçatuba;SP;412.09;355.9;-56.19
146939;1;12/08/2026;MAJO - COTIA;Filial;São Paulo;SP;Rio Claro;SP;153.74;148.31;-5.43
146943;1;12/08/2026;MAJO - COTIA;Filial;São Paulo;SP;Registro;SP;153.48;148.02;-5.46
146946;1;12/08/2026;MAJO - COTIA;Filial;São Paulo;SP;São José dos Campos;SP;358.01;352.58;-5.43
146947;1;12/08/2026;MAJO - COTIA;Filial;São Paulo;SP;Piracicaba;SP;153.36;147.92;-5.44
154181;2;06/07/2026;T.G LOGISTICA E TRANSPORTES;Filial;São Paulo;SP;Rio de Janeiro;RJ;315.89;61.36;-254.53
603;12;06/07/2026;LOGUBER GESTAO EM TRANSPORTES EIRELI;Filial;São Paulo;SP;São Paulo;SP;773.19;834.69;61.5
154184;2;06/07/2026;T.G LOGISTICA E TRANSPORTES;Filial;São Paulo;SP;Duque de Caxias;RJ;723.11;31.07;-692.04
141993;1;08/07/2026;MAJO - COTIA;Filial;São Paulo;SP;São José dos Campos;SP;158.89;153.45;-5.44
154193;2;06/07/2026;T.G LOGISTICA E TRANSPORTES;Filial;São Paulo;SP;Volta Redonda;RJ;857;59.09;-797.91
604;12;06/07/2026;LOGUBER GESTAO EM TRANSPORTES EIRELI;Filial;São Paulo;SP;São Paulo;SP;767.45;828.5;61.05
6036;1;08/07/2026;JG ALVES TRANSPORTES LTDA;Filial;São Paulo;SP;São Paulo;SP;831.58;705.6;-125.98
47067;1;03/07/2026;DRT TRANSPORTE DE CARGA LTDA;Filial;São Paulo;SP;São Paulo;SP;1556.15;1420.23;-135.92
6044;1;08/07/2026;JG ALVES TRANSPORTES LTDA;Filial;São Paulo;SP;Embu-Guaçu;SP;454.55;784;329.45
154185;2;06/07/2026;T.G LOGISTICA E TRANSPORTES;Filial;São Paulo;SP;Belford Roxo;RJ;501.98;21.72;-480.26
6042;1;08/07/2026;JG ALVES TRANSPORTES LTDA;Filial;São Paulo;SP;São Paulo;SP;770.43;705.6;-64.83
6053;1;08/07/2026;JG ALVES TRANSPORTES LTDA;Filial;São Paulo;SP;Ribeirão Pires;SP;149.05;188.16;39.11
154124;2;03/07/2026;T.G LOGISTICA E TRANSPORTES;Filial;São Paulo;SP;São Pedro da Aldeia;RJ;454.59;454.59;
161783;0;28/07/2026;MVT CAMPINAS SOL. EM TRANSPORTES LTDA;Filial;São Paulo;SP;São José do Rio Preto;SP;1398.3;1749.8;351.5
141043;1;01/07/2026;MAJO - COTIA;Filial;São Paulo;SP;Jandira;SP;111.07;111.08;0.01
6040;1;08/07/2026;JG ALVES TRANSPORTES LTDA;Filial;São Paulo;SP;Itaquaquecetuba;SP;815.29;996.8;181.51
9512;1;27/05/2026;TONI TRANSPORTES E LOGISTICA LTDA;Filial;São Paulo;SP;Nova Odessa;SP;3488;3488;
155010;2;21/07/2026;T.G LOGISTICA E TRANSPORTES;Filial;São Paulo;SP;Paraty;RJ;645.57;645.57;
733452;0;04/07/2026;SJBICAS - EXPRESSO RODOMINAS LTDA;Filial;São Paulo;SP;São Lourenço;MG;2047.25;2166.25;119
161256;0;24/07/2026;MVT CAMPINAS SOL. EM TRANSPORTES LTDA;Filial;São Paulo;SP;Piracicaba;SP;2350.59;2860.91;510.32
42916;1;11/09/2026;AVJS TRANSPORTES LTDA;Filial;São Paulo;SP;Jandira;SP;2420;2420;
156120;0;30/06/2026;MVT CAMPINAS SOL. EM TRANSPORTES LTDA;Filial;São Paulo;SP;Tabatinga;SP;132.11;137.31;5.2
141130;1;01/07/2026;MAJO - COTIA;Filial;São Paulo;SP;Praia Grande;SP;516.47;507.73;-8.74
42944;1;15/09/2026;AVJS TRANSPORTES LTDA;Filial;São Paulo;SP;Guarulhos;SP;1210;1210;
151064;1;15/09/2026;MAJO - COTIA;Filial;São Paulo;SP;Ribeirão Preto;SP;362.27;362.31;0.04
155012;2;21/07/2026;T.G LOGISTICA E TRANSPORTES;Filial;São Paulo;SP;Paraty;RJ;148.13;148.13;
42937;1;15/09/2026;AVJS TRANSPORTES LTDA;Filial;São Paulo;SP;Cotia;SP;1320;1320;
153887;2;01/07/2026;T.G LOGISTICA E TRANSPORTES;Filial;São Paulo;SP;Duque de Caxias;RJ;723.11;453.41;-269.7
147707;1;18/08/2026;MAJO - COTIA;Filial;São Paulo;SP;Bauru;SP;757.11;961.68;204.57
147738;1;18/08/2026;MAJO - COTIA;Filial;São Paulo;SP;Pindamonhangaba;SP;155.31;149.88;-5.43
147742;1;18/08/2026;MAJO - COTIA;Filial;São Paulo;SP;São José da Bela Vista;SP;155.35;155.39;0.04
154494;0;22/06/2026;MVT CAMPINAS SOL. EM TRANSPORTES LTDA;Filial;São Paulo;SP;Santo Antônio de Posse;SP;63.33;64.28;0.95
154491;0;22/06/2026;MVT CAMPINAS SOL. EM TRANSPORTES LTDA;Filial;São Paulo;SP;Jarinu;SP;105.26;110.18;4.92
154492;0;22/06/2026;MVT CAMPINAS SOL. EM TRANSPORTES LTDA;Filial;São Paulo;SP;Jarinu;SP;92.92;116.7;23.78
154495;0;22/06/2026;MVT CAMPINAS SOL. EM TRANSPORTES LTDA;Filial;São Paulo;SP;Jarinu;SP;92.82;96.49;3.67
154490;0;22/06/2026;MVT CAMPINAS SOL. EM TRANSPORTES LTDA;Filial;São Paulo;SP;Vinhedo;SP;215.07;225.56;10.49
154496;0;22/06/2026;MVT CAMPINAS SOL. EM TRANSPORTES LTDA;Filial;São Paulo;SP;Jundiaí;SP;190.02;190.11;0.09
154493;0;22/06/2026;MVT CAMPINAS SOL. EM TRANSPORTES LTDA;Filial;São Paulo;SP;São Paulo;SP;;416.82;
154498;0;22/06/2026;MVT CAMPINAS SOL. EM TRANSPORTES LTDA;Filial;São Paulo;SP;Mogi Guaçu;SP;1906.28;1997.4;91.12
154499;0;22/06/2026;MVT CAMPINAS SOL. EM TRANSPORTES LTDA;Filial;São Paulo;SP;Piracicaba;SP;2133.61;2236.74;103.13
154500;0;22/06/2026;MVT CAMPINAS SOL. EM TRANSPORTES LTDA;Filial;São Paulo;SP;Piracicaba;SP;2630.56;2759.05;128.49
154497;0;22/06/2026;MVT CAMPINAS SOL. EM TRANSPORTES LTDA;Filial;São Paulo;SP;Indaiatuba;SP;2020.58;2128.8;108.22
156121;0;30/06/2026;MVT CAMPINAS SOL. EM TRANSPORTES LTDA;Filial;São Paulo;SP;Serrana;SP;106.66;108.86;2.2
42938;1;15/09/2026;AVJS TRANSPORTES LTDA;Filial;São Paulo;SP;Cotia;SP;1320;1320;
42939;1;15/09/2026;AVJS TRANSPORTES LTDA;Filial;São Paulo;SP;Cotia;SP;2640;2640;
42933;1;15/09/2026;AVJS TRANSPORTES LTDA;Filial;São Paulo;SP;Santo André;SP;1408;1408;
3011;1;03/07/2026;JCAP TRANSPORTES LTDA;Filial;São Paulo;SP;Poá;SP;;137.26;
147718;1;18/08/2026;MAJO - COTIA;Filial;São Paulo;SP;Olímpia;SP;1471.51;1471.52;0.01
147723;1;18/08/2026;MAJO - COTIA;Filial;São Paulo;SP;São José do Rio Preto;SP;1525.15;1525.18;0.03
147726;1;18/08/2026;MAJO - COTIA;Filial;São Paulo;SP;Ubatuba;SP;364.45;359.01;-5.44
150419;1;10/09/2026;MAJO - COTIA;Filial;São Paulo;SP;São José do Rio Preto;SP;411;411.02;0.02
150410;1;10/09/2026;MAJO - COTIA;Filial;São Paulo;SP;São José do Rio Preto;SP;360.74;360.77;0.03
150418;1;10/09/2026;MAJO - COTIA;Filial;São Paulo;SP;Ourinhos;SP;3959.58;3959.61;0.03
313;2;13/08/2026;TONI TRANSPORTES E LOGISTICA LTDA;Filial;São Paulo;SP;Guarulhos;SP;1035.3;1035.3;
150714;1;11/09/2026;MAJO - COTIA;Filial;São Paulo;SP;São Paulo;SP;;434.85;
150713;1;11/09/2026;MAJO - COTIA;Filial;São Paulo;SP;Ubatuba;SP;479.3;471.53;-7.77
42957;1;15/09/2026;AVJS TRANSPORTES LTDA;Filial;São Paulo;SP;Guarulhos;SP;183.51;183.51;
156645;2;01/09/2026;T.G LOGISTICA E TRANSPORTES;Filial;São Paulo;SP;Nova Friburgo;RJ;262.63;2052.42;1789.79
388;1;15/09/2026;ANDERSON FERREIRA RIBEIRO TRANSPORTES;Filial;São Paulo;SP;São José do Rio Preto;SP;;2045.45;
42956;1;15/09/2026;AVJS TRANSPORTES LTDA;Filial;São Paulo;SP;Guarulhos;SP;605;605;
156753;2;08/09/2026;T.G LOGISTICA E TRANSPORTES;Filial;São Paulo;SP;Resende;RJ;482.77;482.77;
384;1;11/09/2026;ANDERSON FERREIRA RIBEIRO TRANSPORTES;Filial;São Paulo;SP;Vargem Grande Paulista;SP;2045.45;2045.45;
306927;1;02/09/2026;TRANSPORTES SONDA LTDA;Filial;São Paulo;SP;São Bernardo do Campo;SP;;785.45;
156823;2;11/09/2026;T.G LOGISTICA E TRANSPORTES;Filial;São Paulo;SP;Campos dos Goytacazes;RJ;314.45;314.45;
252734;1;04/09/2026;RORAIMA LOGISTICA EIRELI;Filial;São Paulo;SP;São Gabriel do Oeste;MS;1748.62;2109.15;360.53
156756;0;02/07/2026;MVT CAMPINAS SOL. EM TRANSPORTES LTDA;Filial;São Paulo;SP;Santa Bárbara d'Oeste;SP;613.57;555.52;-58.05
150735;1;11/09/2026;MAJO - COTIA;Filial;São Paulo;SP;São Carlos;SP;152.67;152.67;
155015;2;21/07/2026;T.G LOGISTICA E TRANSPORTES;Filial;São Paulo;SP;São Gonçalo;RJ;177.92;177.92;
288;2;07/08/2026;TONI TRANSPORTES E LOGISTICA LTDA;Filial;São Paulo;SP;Vargem Grande Paulista;SP;1200;1200;
182972;1;15/07/2026;VASLOG TRANSPORTES EIRELI;Filial;São Paulo;SP;Registro;SP;401.53;64.8;-336.73
182973;1;15/07/2026;VASLOG TRANSPORTES EIRELI;Filial;São Paulo;SP;São Paulo;SP;;1931.82;
182974;1;15/07/2026;VASLOG TRANSPORTES EIRELI;Matriz;São Paulo;SP;Osasco;SP;;2028.41;
182805;1;14/07/2026;VASLOG TRANSPORTES EIRELI;Filial;São Paulo;SP;São Paulo;SP;;1631.26;
182966;1;15/07/2026;VASLOG TRANSPORTES EIRELI;Filial;São Paulo;SP;Ribeirão Preto;SP;1884.27;224.19;-1660.08
182970;1;15/07/2026;VASLOG TRANSPORTES EIRELI;Filial;São Paulo;SP;Igaratá;SP;153.43;11.53;-141.9
733275;0;03/07/2026;SJBICAS - EXPRESSO RODOMINAS LTDA;Filial;São Paulo;SP;Timóteo;MG;429.94;596.22;166.28
155016;2;21/07/2026;T.G LOGISTICA E TRANSPORTES;Filial;São Paulo;SP;Maricá;RJ;544.34;544.34;
148155;0;21/05/2026;MVT CAMPINAS SOL. EM TRANSPORTES LTDA;Filial;São Paulo;SP;São José do Rio Preto;SP;898.42;1106.97;208.55
148150;0;21/05/2026;MVT CAMPINAS SOL. EM TRANSPORTES LTDA;Filial;São Paulo;SP;São José do Rio Preto;SP;1036.94;1277.65;240.71
148151;0;21/05/2026;MVT CAMPINAS SOL. EM TRANSPORTES LTDA;Filial;São Paulo;SP;Ribeirão Preto;SP;518.87;550.08;31.21
148154;0;21/05/2026;MVT CAMPINAS SOL. EM TRANSPORTES LTDA;Filial;São Paulo;SP;Barretos;SP;518.87;789.2;270.33
148153;0;21/05/2026;MVT CAMPINAS SOL. EM TRANSPORTES LTDA;Filial;São Paulo;SP;Ribeirão Preto;SP;518.87;686.44;167.57
148152;0;21/05/2026;MVT CAMPINAS SOL. EM TRANSPORTES LTDA;Filial;São Paulo;SP;Franca;SP;518.87;789.2;270.33
148146;0;21/05/2026;MVT CAMPINAS SOL. EM TRANSPORTES LTDA;Okker;São Paulo;SP;Ribeirão Preto;SP;141.62;280.53;138.91
148142;0;21/05/2026;MVT CAMPINAS SOL. EM TRANSPORTES LTDA;Okker;São Paulo;SP;Araraquara;SP;448.61;530.84;82.23
148143;0;21/05/2026;MVT CAMPINAS SOL. EM TRANSPORTES LTDA;Okker;São Paulo;SP;São José do Rio Preto;SP;41.64;215.09;173.45
148149;0;21/05/2026;MVT CAMPINAS SOL. EM TRANSPORTES LTDA;Okker;São Paulo;SP;Araraquara;SP;165.06;289.33;124.27
148147;0;21/05/2026;MVT CAMPINAS SOL. EM TRANSPORTES LTDA;Okker;São Paulo;SP;São José do Rio Preto;SP;36.08;215.09;179.01
148144;0;21/05/2026;MVT CAMPINAS SOL. EM TRANSPORTES LTDA;Okker;São Paulo;SP;Ribeirão Preto;SP;123.22;258.75;135.53
148148;0;21/05/2026;MVT CAMPINAS SOL. EM TRANSPORTES LTDA;Okker;São Paulo;SP;Ribeirão Preto;SP;161.67;263.4;101.73
148145;0;21/05/2026;MVT CAMPINAS SOL. EM TRANSPORTES LTDA;Okker;São Paulo;SP;Ribeirão Preto;SP;169.35;290.4;121.05
150517;0;03/06/2026;MVT CAMPINAS SOL. EM TRANSPORTES LTDA;Filial;São Paulo;SP;Ribeirão Preto;SP;1132.59;1183.92;51.33
150513;0;03/06/2026;MVT CAMPINAS SOL. EM TRANSPORTES LTDA;Filial;São Paulo;SP;Ribeirão Preto;SP;1485.31;1555.38;70.07
150518;0;03/06/2026;MVT CAMPINAS SOL. EM TRANSPORTES LTDA;Filial;São Paulo;SP;Ribeirão Preto;SP;848.52;885.22;36.7
150514;0;03/06/2026;MVT CAMPINAS SOL. EM TRANSPORTES LTDA;Filial;São Paulo;SP;São José do Rio Preto;SP;1670.2;1749.8;79.6
150512;0;03/06/2026;MVT CAMPINAS SOL. EM TRANSPORTES LTDA;Filial;São Paulo;SP;Araraquara;SP;2143.67;2230.86;87.19
150515;0;03/06/2026;MVT CAMPINAS SOL. EM TRANSPORTES LTDA;Filial;São Paulo;SP;São José do Rio Preto;SP;63.16;63.67;0.51
24;2;04/06/2026;TONI TRANSPORTES E LOGISTICA LTDA;Filial;São Paulo;SP;Campinas;SP;3488;3476.3;-11.7
148426;0;22/05/2026;MVT CAMPINAS SOL. EM TRANSPORTES LTDA;Filial;São Paulo;SP;Paulínia;SP;1428.63;1502.74;74.11
151575;0;10/06/2026;MVT CAMPINAS SOL. EM TRANSPORTES LTDA;Filial;São Paulo;SP;Limeira;SP;499.94;518.42;18.48
151573;0;10/06/2026;MVT CAMPINAS SOL. EM TRANSPORTES LTDA;Filial;São Paulo;SP;Piracicaba;SP;1623.68;1700.1;76.42
148425;0;22/05/2026;MVT CAMPINAS SOL. EM TRANSPORTES LTDA;Filial;São Paulo;SP;Itatiba;SP;1227.99;1283.84;55.85
148424;0;22/05/2026;MVT CAMPINAS SOL. EM TRANSPORTES LTDA;Filial;São Paulo;SP;Hortolândia;SP;2859.16;3014.92;155.76
148423;0;22/05/2026;MVT CAMPINAS SOL. EM TRANSPORTES LTDA;Filial;São Paulo;SP;Sumaré;SP;344.02;363.22;19.2
148422;0;22/05/2026;MVT CAMPINAS SOL. EM TRANSPORTES LTDA;Filial;São Paulo;SP;Jundiaí;SP;815.61;850.36;34.75
155013;2;21/07/2026;T.G LOGISTICA E TRANSPORTES;Filial;São Paulo;SP;Rio de Janeiro;RJ;432.22;432.22;
148157;0;21/05/2026;MVT CAMPINAS SOL. EM TRANSPORTES LTDA;Filial;São Paulo;SP;Ribeirão Preto;SP;889.2;1095.61;206.41
148158;0;21/05/2026;MVT CAMPINAS SOL. EM TRANSPORTES LTDA;Filial;São Paulo;SP;Franca;SP;106.31;130.98;24.67
148159;0;21/05/2026;MVT CAMPINAS SOL. EM TRANSPORTES LTDA;Okker;São Paulo;SP;Araçatuba;SP;34.3;205.83;171.53
148156;0;21/05/2026;MVT CAMPINAS SOL. EM TRANSPORTES LTDA;Filial;São Paulo;SP;São Carlos;SP;468.69;577.49;108.8
148160;0;21/05/2026;MVT CAMPINAS SOL. EM TRANSPORTES LTDA;Okker;São Paulo;SP;Santa Bárbara d'Oeste;SP;304.81;293.18;-11.63
148161;0;21/05/2026;MVT CAMPINAS SOL. EM TRANSPORTES LTDA;Filial;São Paulo;SP;Ribeirão Preto;SP;64.58;79.57;14.99
257;2;04/08/2026;TONI TRANSPORTES E LOGISTICA LTDA;Filial;São Paulo;SP;São Vicente;SP;3602;3602;
147709;1;18/08/2026;MAJO - COTIA;Filial;São Paulo;SP;São Sebastião;SP;363.45;358.01;-5.44
147728;1;18/08/2026;MAJO - COTIA;Filial;São Paulo;SP;São José do Rio Preto;SP;3090.38;3090.4;0.02
147710;1;18/08/2026;MAJO - COTIA;Filial;São Paulo;SP;Lorena;SP;357.6;352.15;-5.45
147711;1;18/08/2026;MAJO - COTIA;Filial;São Paulo;SP;Fernandópolis;SP;2122.63;2122.65;0.02
147730;1;18/08/2026;MAJO - COTIA;Filial;São Paulo;SP;Tremembé;SP;148.51;143.08;-5.43
147731;1;18/08/2026;MAJO - COTIA;Filial;São Paulo;SP;Votuporanga;SP;372.53;372.57;0.04
147715;1;18/08/2026;MAJO - COTIA;Filial;São Paulo;SP;Bertioga;SP;530.72;515.68;-15.04
147733;1;18/08/2026;MAJO - COTIA;Filial;São Paulo;SP;São José do Rio Preto;SP;1866.45;1866.48;0.03
147737;1;18/08/2026;MAJO - COTIA;Filial;São Paulo;SP;Catanduva;SP;2433.28;2433.32;0.04
140125;1;29/06/2026;MAJO - COTIA;Filial;São Paulo;SP;Botucatu;SP;1027.56;995.19;-32.37
140128;1;29/06/2026;MAJO - COTIA;Filial;São Paulo;SP;Assis;SP;1231.76;1231.8;0.04
140130;1;29/06/2026;MAJO - COTIA;Filial;São Paulo;SP;Ourinhos;SP;1231.76;1231.8;0.04
140132;1;29/06/2026;MAJO - COTIA;Filial;São Paulo;SP;Marília;SP;2463.53;2463.56;0.03
140124;1;29/06/2026;MAJO - COTIA;Filial;São Paulo;SP;Bauru;SP;2668.08;2668.1;0.02
140134;1;29/06/2026;MAJO - COTIA;Filial;São Paulo;SP;Manduri;SP;335.77;325.27;-10.5
140129;1;29/06/2026;MAJO - COTIA;Filial;São Paulo;SP;Pereira Barreto;SP;3176.8;3077.14;-99.66
153885;2;01/07/2026;T.G LOGISTICA E TRANSPORTES;Filial;São Paulo;SP;Nova Friburgo;RJ;784.78;895.45;110.67
144583;1;25/07/2026;MAJO - COTIA;Filial;São Paulo;SP;Ribeirão Bonito;SP;152.58;156.8;4.22
156352;2;19/08/2026;T.G LOGISTICA E TRANSPORTES;Filial;São Paulo;SP;Rio das Ostras;RJ;831.55;831.55;
155782;2;04/08/2026;T.G LOGISTICA E TRANSPORTES;Filial;São Paulo;SP;Cabo Frio;RJ;144.73;144.73;
149646;0;29/05/2026;MVT CAMPINAS SOL. EM TRANSPORTES LTDA;Filial;São Paulo;SP;Paulínia;SP;1154;751.38;-402.62
154161;0;19/06/2026;MVT CAMPINAS SOL. EM TRANSPORTES LTDA;Filial;São Paulo;SP;Campinas;SP;498.67;526.83;28.16
154158;0;19/06/2026;MVT CAMPINAS SOL. EM TRANSPORTES LTDA;Filial;São Paulo;SP;Campinas;SP;137.58;145.08;7.5
154162;0;19/06/2026;MVT CAMPINAS SOL. EM TRANSPORTES LTDA;Filial;São Paulo;SP;Campinas;SP;225.34;238.09;12.75
154157;0;19/06/2026;MVT CAMPINAS SOL. EM TRANSPORTES LTDA;Filial;São Paulo;SP;Sumaré;SP;138.13;145.66;7.53
154159;0;19/06/2026;MVT CAMPINAS SOL. EM TRANSPORTES LTDA;Filial;São Paulo;SP;São Paulo;SP;;282.74;
154160;0;19/06/2026;MVT CAMPINAS SOL. EM TRANSPORTES LTDA;Filial;São Paulo;SP;Limeira;SP;95.7;98.3;2.6
154155;0;19/06/2026;MVT CAMPINAS SOL. EM TRANSPORTES LTDA;Filial;São Paulo;SP;Salto;SP;253.28;263.74;10.46
154156;0;19/06/2026;MVT CAMPINAS SOL. EM TRANSPORTES LTDA;Filial;São Paulo;SP;Campinas;SP;3818.52;4032.34;213.82
263;2;04/08/2026;TONI TRANSPORTES E LOGISTICA LTDA;Filial;São Paulo;SP;São Vicente;SP;3399;1425.62;-1973.38
154157;2;03/07/2026;T.G LOGISTICA E TRANSPORTES;Filial;São Paulo;SP;Maricá;RJ;466.66;637.5;170.84
16358;1;03/07/2026;JJF SUPPLY CHAIN LOGISTICA E TRANSPORTES;Filial;São Paulo;SP;Mogi Guaçu;SP;;68.18;
149102;0;27/05/2026;MVT CAMPINAS SOL. EM TRANSPORTES LTDA;Filial;São Paulo;SP;Limeira;SP;1416.44;1482.55;66.11
149103;0;27/05/2026;MVT CAMPINAS SOL. EM TRANSPORTES LTDA;Filial;São Paulo;SP;Indaiatuba;SP;3118.65;3289.9;171.25
149104;0;27/05/2026;MVT CAMPINAS SOL. EM TRANSPORTES LTDA;Filial;São Paulo;SP;Piracicaba;SP;2726.91;2860.91;134
149106;0;27/05/2026;MVT CAMPINAS SOL. EM TRANSPORTES LTDA;Filial;São Paulo;SP;Rio Claro;SP;632.78;657.56;24.78
149105;0;27/05/2026;MVT CAMPINAS SOL. EM TRANSPORTES LTDA;Filial;São Paulo;SP;Piracicaba;SP;1485.31;1555.38;70.07
151578;0;10/06/2026;MVT CAMPINAS SOL. EM TRANSPORTES LTDA;Filial;São Paulo;SP;Jundiaí;SP;721.86;758.44;36.58
151576;0;10/06/2026;MVT CAMPINAS SOL. EM TRANSPORTES LTDA;Filial;São Paulo;SP;Campinas;SP;161.15;169.17;8.02
151579;0;10/06/2026;MVT CAMPINAS SOL. EM TRANSPORTES LTDA;Filial;São Paulo;SP;Americana;SP;763.55;796;32.45
151577;0;10/06/2026;MVT CAMPINAS SOL. EM TRANSPORTES LTDA;Filial;São Paulo;SP;Piracicaba;SP;655.43;681.91;26.48
151574;0;10/06/2026;MVT CAMPINAS SOL. EM TRANSPORTES LTDA;Filial;São Paulo;SP;Piracicaba;SP;1517.51;1588.81;71.3
152621;2;06/06/2026;T.G LOGISTICA E TRANSPORTES;Filial;São Paulo;SP;Rio de Janeiro;RJ;;3088.2;
155018;2;21/07/2026;T.G LOGISTICA E TRANSPORTES;Filial;São Paulo;SP;Nova Friburgo;RJ;589.35;589.35;
987085;2;21/05/2026;Manda La Transportes de Cargas LTDA;Filial;São Paulo;SP;Campo Grande;MS;;161.29;
155019;2;21/07/2026;T.G LOGISTICA E TRANSPORTES;Filial;São Paulo;SP;Rio de Janeiro;RJ;544.34;544.34;
246;2;31/07/2026;TONI TRANSPORTES E LOGISTICA LTDA;Filial;São Paulo;SP;São Paulo;SP;2510;2510;
154615;2;09/07/2026;T.G LOGISTICA E TRANSPORTES;Filial;São Paulo;SP;Rio de Janeiro;RJ;146.83;146.83;
9398;1;29/04/2026;TONI TRANSPORTES E LOGISTICA LTDA;Filial;São Paulo;SP;São Paulo;SP;2398;1071;-1327
9399;1;29/04/2026;TONI TRANSPORTES E LOGISTICA LTDA;Filial;São Paulo;SP;São Paulo;SP;2398;1071;-1327
154830;0;24/06/2026;MVT CAMPINAS SOL. EM TRANSPORTES LTDA;Filial;São Paulo;SP;Várzea Paulista;SP;1287.8;1353.8;66
154831;0;24/06/2026;MVT CAMPINAS SOL. EM TRANSPORTES LTDA;Filial;São Paulo;SP;Várzea Paulista;SP;1288.59;1354.63;66.04
154833;0;24/06/2026;MVT CAMPINAS SOL. EM TRANSPORTES LTDA;Filial;São Paulo;SP;Jarinu;SP;1287.8;1353.8;66
154829;0;24/06/2026;MVT CAMPINAS SOL. EM TRANSPORTES LTDA;Filial;São Paulo;SP;Indaiatuba;SP;263.94;278.34;14.4
9430;1;08/05/2026;TONI TRANSPORTES E LOGISTICA LTDA;Filial;São Paulo;SP;São José do Rio Preto;SP;6999.6;666.4;-6333.2
9431;1;08/05/2026;TONI TRANSPORTES E LOGISTICA LTDA;Filial;São Paulo;SP;São José do Rio Preto;SP;6999.6;1071;-5928.6
151758;0;10/06/2026;MVT CAMPINAS SOL. EM TRANSPORTES LTDA;Filial;São Paulo;SP;Piracicaba;SP;181.84;190.82;8.98
151747;0;10/06/2026;MVT CAMPINAS SOL. EM TRANSPORTES LTDA;Filial;São Paulo;SP;Piracicaba;SP;137.83;144.26;6.43
151750;0;10/06/2026;MVT CAMPINAS SOL. EM TRANSPORTES LTDA;Filial;São Paulo;SP;Piracicaba;SP;153.99;161.42;7.43
151759;0;10/06/2026;MVT CAMPINAS SOL. EM TRANSPORTES LTDA;Filial;São Paulo;SP;Piracicaba;SP;311.33;326.72;15.39
151755;0;10/06/2026;MVT CAMPINAS SOL. EM TRANSPORTES LTDA;Filial;São Paulo;SP;Rio das Pedras;SP;469.72;493.13;23.41
151746;0;10/06/2026;MVT CAMPINAS SOL. EM TRANSPORTES LTDA;Filial;São Paulo;SP;Mogi Guaçu;SP;206.18;216.22;10.04
151756;0;10/06/2026;MVT CAMPINAS SOL. EM TRANSPORTES LTDA;Filial;São Paulo;SP;Mogi Guaçu;SP;161.9;169.59;7.69
151748;0;10/06/2026;MVT CAMPINAS SOL. EM TRANSPORTES LTDA;Filial;São Paulo;SP;Socorro;SP;465.02;481.08;16.06
151749;0;10/06/2026;MVT CAMPINAS SOL. EM TRANSPORTES LTDA;Filial;São Paulo;SP;Americana;SP;883.39;921.15;37.76
141131;1;01/07/2026;MAJO - COTIA;Filial;São Paulo;SP;Praia Grande;SP;356.77;351.32;-5.45
151757;0;10/06/2026;MVT CAMPINAS SOL. EM TRANSPORTES LTDA;Filial;São Paulo;SP;Indaiatuba;SP;651.14;687.59;36.45
42367;1;01/07/2026;AVJS TRANSPORTES LTDA;Filial;São Paulo;SP;Osasco;SP;2420;2420;
156222;0;01/07/2026;MVT CAMPINAS SOL. EM TRANSPORTES LTDA;Filial;São Paulo;SP;Campinas;SP;1039.09;28.41;-1010.68
151754;0;10/06/2026;MVT CAMPINAS SOL. EM TRANSPORTES LTDA;Filial;São Paulo;SP;Valinhos;SP;294.98;303.58;8.6
151751;0;10/06/2026;MVT CAMPINAS SOL. EM TRANSPORTES LTDA;Filial;São Paulo;SP;Campinas;SP;413.38;436.72;23.34
151752;0;10/06/2026;MVT CAMPINAS SOL. EM TRANSPORTES LTDA;Filial;São Paulo;SP;Campinas;SP;572.56;605.23;32.67
151753;0;10/06/2026;MVT CAMPINAS SOL. EM TRANSPORTES LTDA;Filial;São Paulo;SP;Campinas;SP;185.05;195.19;10.14
141181;1;02/07/2026;MAJO - COTIA;Filial;São Paulo;SP;Franca;SP;3395.93;3395.94;0.01
153888;2;01/07/2026;T.G LOGISTICA E TRANSPORTES;Filial;São Paulo;SP;Nova Iguaçu;RJ;477.66;453.41;-24.25
156119;0;30/06/2026;MVT CAMPINAS SOL. EM TRANSPORTES LTDA;Filial;São Paulo;SP;Jardinópolis;SP;108.67;109.91;1.24
156116;0;30/06/2026;MVT CAMPINAS SOL. EM TRANSPORTES LTDA;Filial;São Paulo;SP;Franca;SP;112.78;252.42;139.64
156749;0;02/07/2026;MVT CAMPINAS SOL. EM TRANSPORTES LTDA;Filial;São Paulo;SP;Ribeirão Preto;SP;254.94;260.52;5.58
141226;1;02/07/2026;MAJO - COTIA;Filial;São Paulo;SP;Guarulhos;SP;303.81;347.61;43.8
349;2;25/08/2026;TONI TRANSPORTES E LOGISTICA LTDA;Filial;São Paulo;SP;Arujá;SP;618.8;618.8;
141186;1;02/07/2026;MAJO - COTIA;Filial;São Paulo;SP;Francisco Morato;SP;254.08;254.09;0.01
156114;0;30/06/2026;MVT CAMPINAS SOL. EM TRANSPORTES LTDA;Filial;São Paulo;SP;Cajuru;SP;461.08;480.34;19.26
156122;0;30/06/2026;MVT CAMPINAS SOL. EM TRANSPORTES LTDA;Filial;São Paulo;SP;Franca;SP;244.56;246.27;1.71
147979;1;20/08/2026;MAJO - COTIA;Filial;São Paulo;SP;Bauru;SP;533.57;533.59;0.02
147980;1;20/08/2026;MAJO - COTIA;Filial;São Paulo;SP;Ribeirão Preto;SP;394.47;394.47;
156115;0;30/06/2026;MVT CAMPINAS SOL. EM TRANSPORTES LTDA;Filial;São Paulo;SP;Itirapina;SP;298.76;305.34;6.58
147982;1;20/08/2026;MAJO - COTIA;Filial;São Paulo;SP;São Carlos;SP;719.36;719.4;0.04
147983;1;20/08/2026;MAJO - COTIA;Filial;São Paulo;SP;Araçatuba;SP;383.52;371.51;-12.01
147984;1;20/08/2026;MAJO - COTIA;Filial;São Paulo;SP;Araraquara;SP;1727.88;1727.89;0.01
147985;1;20/08/2026;MAJO - COTIA;Filial;São Paulo;SP;Ribeirão Preto;SP;892.18;892.19;0.01
147987;1;20/08/2026;MAJO - COTIA;Filial;São Paulo;SP;Araras;SP;590.51;573.8;-16.71
147988;1;20/08/2026;MAJO - COTIA;Filial;São Paulo;SP;São José do Rio Preto;SP;1840.77;1840.78;0.01
147989;1;20/08/2026;MAJO - COTIA;Filial;São Paulo;SP;Catanduva;SP;768.53;768.56;0.03
147990;1;20/08/2026;MAJO - COTIA;Filial;São Paulo;SP;Assis;SP;630.88;630.89;0.01
147991;1;20/08/2026;MAJO - COTIA;Filial;São Paulo;SP;Araras;SP;377.95;367.32;-10.63
147992;1;20/08/2026;MAJO - COTIA;Filial;São Paulo;SP;Presidente Prudente;SP;236.83;229.51;-7.32
147993;1;20/08/2026;MAJO - COTIA;Filial;São Paulo;SP;Ourinhos;SP;1211.06;1211.09;0.03
147994;1;20/08/2026;MAJO - COTIA;Filial;São Paulo;SP;Presidente Prudente;SP;759.4;735.78;-23.62
153893;2;01/07/2026;T.G LOGISTICA E TRANSPORTES;Filial;São Paulo;SP;Rio das Ostras;RJ;1046.38;895.45;-150.93
141175;1;02/07/2026;MAJO - COTIA;Filial;São Paulo;SP;Ribeirão Preto;SP;89.66;1585.15;1495.49
141191;1;02/07/2026;MAJO - COTIA;Filial;São Paulo;SP;Paulínia;SP;184.14;178.92;-5.22
140822;1;01/07/2026;MAJO - COTIA;Filial;São Paulo;SP;Ribeirão Preto;SP;1489.4;1489.41;0.01
141045;1;01/07/2026;MAJO - COTIA;Filial;São Paulo;SP;Caieiras;SP;104.64;104.65;0.01
156125;0;30/06/2026;MVT CAMPINAS SOL. EM TRANSPORTES LTDA;Filial;São Paulo;SP;Morro Agudo;SP;248.33;252.4;4.07
156128;0;30/06/2026;MVT CAMPINAS SOL. EM TRANSPORTES LTDA;Filial;São Paulo;SP;Bady Bassitt;SP;277.76;283.42;5.66
155022;2;21/07/2026;T.G LOGISTICA E TRANSPORTES;Filial;São Paulo;SP;Paraty;RJ;213.18;213.18;
156127;0;30/06/2026;MVT CAMPINAS SOL. EM TRANSPORTES LTDA;Filial;São Paulo;SP;Tabatinga;SP;111.84;115.39;3.55
141194;1;02/07/2026;MAJO - COTIA;Filial;São Paulo;SP;São Vicente;SP;157.34;151.91;-5.43
141252;1;02/07/2026;MAJO - COTIA;Filial;São Paulo;SP;Praia Grande;SP;358.22;352.78;-5.44
156747;0;02/07/2026;MVT CAMPINAS SOL. EM TRANSPORTES LTDA;Filial;São Paulo;SP;Franca;SP;141.68;283.67;141.99
153154;2;16/06/2026;T.G LOGISTICA E TRANSPORTES;Filial;São Paulo;SP;Nova Iguaçu;RJ;602.42;602.42;
153162;2;16/06/2026;T.G LOGISTICA E TRANSPORTES;Filial;São Paulo;SP;Nova Iguaçu;RJ;596.57;596.57;
153161;2;16/06/2026;T.G LOGISTICA E TRANSPORTES;Filial;São Paulo;SP;Nova Friburgo;RJ;696.85;696.85;
91;1;02/09/2026;TRYGG CARGO TRANSPORTE E LOGISTICA LTDA;Filial;São Paulo;SP;Diadema;SP;574.06;363;-211.06
9360;0;22/04/2026;TONI TRANSPORTES E LOGISTICA LTDA;Filial;São Paulo;SP;São Bernardo do Campo;SP;2398;2398;
150719;1;11/09/2026;MAJO - COTIA;Filial;São Paulo;SP;Araçatuba;SP;667.7;646.77;-20.93
141251;1;02/07/2026;MAJO - COTIA;Filial;São Paulo;SP;São Vicente;SP;153.07;147.64;-5.43
141173;1;02/07/2026;MAJO - COTIA;Filial;São Paulo;SP;São José do Rio Preto;SP;74.82;1316.05;1241.23
141196;1;02/07/2026;MAJO - COTIA;Filial;São Paulo;SP;Itanhaém;SP;358.41;148.44;-209.97
141257;1;02/07/2026;MAJO - COTIA;Filial;São Paulo;SP;Osasco;SP;117.99;118.02;0.03
141190;1;02/07/2026;MAJO - COTIA;Filial;São Paulo;SP;Itanhaém;SP;358.94;148.97;-209.97
156745;0;02/07/2026;MVT CAMPINAS SOL. EM TRANSPORTES LTDA;Filial;São Paulo;SP;São José do Rio Preto;SP;441.47;463.92;22.45
671174;1;31/07/2026;TRANSFORM EMPRESA DE TRANSPORTES LTDA;Filial;São Paulo;SP;Rio de Janeiro;RJ;6052.27;6052.27;
42373;1;02/07/2026;AVJS TRANSPORTES LTDA;Filial;São Paulo;SP;Guarulhos;SP;2585;2585;
141285;1;02/07/2026;MAJO - COTIA;Filial;São Paulo;SP;Presidente Prudente;SP;1353.42;651.14;-702.28
141206;1;02/07/2026;MAJO - COTIA;Filial;São Paulo;SP;Valinhos;SP;154.69;149.26;-5.43
156746;0;02/07/2026;MVT CAMPINAS SOL. EM TRANSPORTES LTDA;Filial;São Paulo;SP;São José da Bela Vista;SP;116.86;120.86;4
48233;1;02/07/2026;PRIMESERV LOGISTICA E SERVICOS LTDA;Filial;São Paulo;SP;Rio de Janeiro;RJ;;6931.82;6931.82
9400;1;29/04/2026;TONI TRANSPORTES E LOGISTICA LTDA;Filial;São Paulo;SP;Santa Bárbara d'Oeste;SP;3343.58;1071;-2272.58
9401;1;29/04/2026;TONI TRANSPORTES E LOGISTICA LTDA;Filial;São Paulo;SP;Guarulhos;SP;2398;1071;-1327
141199;1;02/07/2026;MAJO - COTIA;Filial;São Paulo;SP;Itanhaém;SP;354.32;144.35;-209.97
141180;1;02/07/2026;MAJO - COTIA;Filial;São Paulo;SP;Limeira;SP;717.3;696.68;-20.62
141202;1;02/07/2026;MAJO - COTIA;Filial;São Paulo;SP;Itanhaém;SP;356.19;146.2;-209.99
156743;0;02/07/2026;MVT CAMPINAS SOL. EM TRANSPORTES LTDA;Filial;São Paulo;SP;Restinga;SP;113.11;117.4;4.29
148427;0;25/05/2026;MVT CAMPINAS SOL. EM TRANSPORTES LTDA;Filial;São Paulo;SP;Mogi Guaçu;SP;947.74;150.41;-797.33
671019;1;28/07/2026;TRANSFORM EMPRESA DE TRANSPORTES LTDA;Filial;São Paulo;SP;Rio de Janeiro;RJ;6052.27;6052.27;
156748;0;02/07/2026;MVT CAMPINAS SOL. EM TRANSPORTES LTDA;Filial;São Paulo;SP;Ribeirão Preto;SP;2492.86;2620.05;127.19
2449;1;02/07/2026;PRIMESERV LOGISTICA E SERVICOS LTDA;Filial;São Paulo;SP;Rio de Janeiro;RJ;;223.98;
141273;1;02/07/2026;MAJO - COTIA;Filial;São Paulo;SP;Guarulhos;SP;1517.63;2100.7;583.07
2448;1;02/07/2026;PRIMESERV LOGISTICA E SERVICOS LTDA;Filial;São Paulo;SP;Rio de Janeiro;RJ;;421.59;
48232;1;02/07/2026;PRIMESERV LOGISTICA E SERVICOS LTDA;Filial;São Paulo;SP;Ferraz de Vasconcelos;SP;;1704.55;
2447;1;02/07/2026;PRIMESERV LOGISTICA E SERVICOS LTDA;Filial;São Paulo;SP;Rio de Janeiro;RJ;;5337.61;
141223;1;02/07/2026;MAJO - COTIA;Filial;São Paulo;SP;São José dos Campos;SP;152.81;147.34;-5.47
141178;1;02/07/2026;MAJO - COTIA;Filial;São Paulo;SP;Ribeirão Preto;SP;1983.6;1983.65;0.05
140734;1;30/06/2026;MAJO - COTIA;Filial;São Paulo;SP;Mogi Guaçu;SP;4360;143.06;-4216.94
141214;1;02/07/2026;MAJO - COTIA;Filial;São Paulo;SP;Atibaia;SP;159;153.56;-5.44
141259;1;02/07/2026;MAJO - COTIA;Filial;São Paulo;SP;Osasco;SP;255.44;255.47;0.03
151761;0;10/06/2026;MVT CAMPINAS SOL. EM TRANSPORTES LTDA;Filial;São Paulo;SP;Valinhos;SP;208.41;209.92;1.51
151762;0;10/06/2026;MVT CAMPINAS SOL. EM TRANSPORTES LTDA;Filial;São Paulo;SP;Campinas;SP;107.13;112.33;5.2
151760;0;10/06/2026;MVT CAMPINAS SOL. EM TRANSPORTES LTDA;Filial;São Paulo;SP;Campinas;SP;242.1;255.22;13.12
151763;0;10/06/2026;MVT CAMPINAS SOL. EM TRANSPORTES LTDA;Filial;São Paulo;SP;Campinas;SP;124.05;130.36;6.31
150718;1;11/09/2026;MAJO - COTIA;Filial;São Paulo;SP;Lorena;SP;529.14;519.94;-9.2
150734;1;11/09/2026;MAJO - COTIA;Filial;São Paulo;SP;São Carlos;SP;1452.24;1452.24;
9516;1;27/05/2026;TONI TRANSPORTES E LOGISTICA LTDA;Filial;São Paulo;SP;Santa Bárbara d'Oeste;SP;3488.01;3488;-0.01
150728;1;11/09/2026;MAJO - COTIA;Filial;São Paulo;SP;Ribeirão Preto;SP;364.53;364.56;0.03
153165;2;16/06/2026;T.G LOGISTICA E TRANSPORTES;Filial;São Paulo;SP;Maricá;RJ;538.76;538.76;
153153;2;16/06/2026;T.G LOGISTICA E TRANSPORTES;Filial;São Paulo;SP;Macaé;RJ;1450.81;1450.81;
153155;2;16/06/2026;T.G LOGISTICA E TRANSPORTES;Filial;São Paulo;SP;Rio de Janeiro;RJ;950.56;950.56;
153157;2;16/06/2026;T.G LOGISTICA E TRANSPORTES;Filial;São Paulo;SP;São Gonçalo;RJ;645.61;645.61;
147553;0;20/05/2026;MVT CAMPINAS SOL. EM TRANSPORTES LTDA;Okker;São Paulo;SP;São José do Rio Preto;SP;195.84;254.16;58.32
147548;0;20/05/2026;MVT CAMPINAS SOL. EM TRANSPORTES LTDA;Okker;São Paulo;SP;São José do Rio Preto;SP;135.16;110.16;-25
147559;0;20/05/2026;MVT CAMPINAS SOL. EM TRANSPORTES LTDA;Okker;São Paulo;SP;Araraquara;SP;86.41;250.94;164.53
147554;0;20/05/2026;MVT CAMPINAS SOL. EM TRANSPORTES LTDA;Okker;São Paulo;SP;Ribeirão Preto;SP;157.87;292.16;134.29
147552;0;20/05/2026;MVT CAMPINAS SOL. EM TRANSPORTES LTDA;Okker;São Paulo;SP;Ribeirão Preto;SP;26.25;200.86;174.61
147562;0;20/05/2026;MVT CAMPINAS SOL. EM TRANSPORTES LTDA;Okker;São Paulo;SP;Ribeirão Preto;SP;197.04;296.45;99.41
147560;0;20/05/2026;MVT CAMPINAS SOL. EM TRANSPORTES LTDA;Okker;São Paulo;SP;Ribeirão Preto;SP;64.89;232.52;167.63
147549;0;20/05/2026;MVT CAMPINAS SOL. EM TRANSPORTES LTDA;Okker;São Paulo;SP;Presidente Prudente;SP;314.27;563.59;249.32
147550;0;20/05/2026;MVT CAMPINAS SOL. EM TRANSPORTES LTDA;Okker;São Paulo;SP;Bauru;SP;173.82;326.5;152.68
147558;0;20/05/2026;MVT CAMPINAS SOL. EM TRANSPORTES LTDA;Okker;São Paulo;SP;Araçatuba;SP;151.83;265.3;113.47
147547;0;20/05/2026;MVT CAMPINAS SOL. EM TRANSPORTES LTDA;Okker;São Paulo;SP;Rio Claro;SP;92.35;233.49;141.14
147555;0;20/05/2026;MVT CAMPINAS SOL. EM TRANSPORTES LTDA;Okker;São Paulo;SP;Limeira;SP;85.16;233.56;148.4
147557;0;20/05/2026;MVT CAMPINAS SOL. EM TRANSPORTES LTDA;Okker;São Paulo;SP;Piracicaba;SP;195.84;254.16;58.32
147556;0;20/05/2026;MVT CAMPINAS SOL. EM TRANSPORTES LTDA;Okker;São Paulo;SP;Campinas;SP;50.16;208.66;158.5
147551;0;20/05/2026;MVT CAMPINAS SOL. EM TRANSPORTES LTDA;Okker;São Paulo;SP;Campinas;SP;143.91;242.93;99.02
147561;0;20/05/2026;MVT CAMPINAS SOL. EM TRANSPORTES LTDA;Okker;São Paulo;SP;Hortolândia;SP;125.58;225.68;100.1
140744;1;30/06/2026;MAJO - COTIA;Filial;São Paulo;SP;São José do Rio Preto;SP;7755;703.66;-7051.34
140746;1;30/06/2026;MAJO - COTIA;Filial;São Paulo;SP;Jaú;SP;5840.5;1291.39;-4549.11
140621;1;30/06/2026;MAJO - COTIA;Filial;São Paulo;SP;Nova Odessa;SP;2509.41;2444.06;-65.35
140622;1;30/06/2026;MAJO - COTIA;Filial;São Paulo;SP;São Carlos;SP;404.31;404.32;0.01
140623;1;30/06/2026;MAJO - COTIA;Filial;São Paulo;SP;Santa Bárbara d'Oeste;SP;158.24;152.81;-5.43
140624;1;30/06/2026;MAJO - COTIA;Filial;São Paulo;SP;Santa Bárbara d'Oeste;SP;260.41;253.08;-7.33
140625;1;30/06/2026;MAJO - COTIA;Filial;São Paulo;SP;Capivari;SP;1411.83;1372.23;-39.6
140636;1;30/06/2026;MAJO - COTIA;Filial;São Paulo;SP;Jundiaí;SP;364.99;359.53;-5.46
140648;1;30/06/2026;MAJO - COTIA;Filial;São Paulo;SP;Nova Odessa;SP;189.86;184.51;-5.35
140633;1;30/06/2026;MAJO - COTIA;Filial;São Paulo;SP;Valinhos;SP;354.94;349.49;-5.45
140634;1;30/06/2026;MAJO - COTIA;Filial;São Paulo;SP;Jundiaí;SP;894.58;874.94;-19.64
140635;1;30/06/2026;MAJO - COTIA;Filial;São Paulo;SP;Itu;SP;352.88;347.41;-5.47
140651;1;30/06/2026;MAJO - COTIA;Filial;São Paulo;SP;Socorro;SP;525.81;312.25;-213.56
140606;1;30/06/2026;MAJO - COTIA;Filial;São Paulo;SP;Praia Grande;SP;1008.74;986.45;-22.29
147563;0;20/05/2026;MVT CAMPINAS SOL. EM TRANSPORTES LTDA;Okker;São Paulo;SP;Ribeirão Preto;SP;76.41;232.84;156.43
68668;3;21/07/2026;Trans CJ Transportes e Logistica Ltda;Filial;São Paulo;SP;Vitória da Conquista;BA;;967.74;
153168;2;16/06/2026;T.G LOGISTICA E TRANSPORTES;Filial;São Paulo;SP;Rio de Janeiro;RJ;858.15;858.15;
480479;2;22/07/2026;TRANSPORTADORA KARAVAGGIO LTDA;Filial;São Paulo;SP;Sapucaia do Sul;RS;1464.39;1295.61;-168.78
480480;2;22/07/2026;TRANSPORTADORA KARAVAGGIO LTDA;Filial;São Paulo;SP;Sapucaia do Sul;RS;6043.64;4732.66;-1310.98
153169;2;16/06/2026;T.G LOGISTICA E TRANSPORTES;Filial;São Paulo;SP;Belford Roxo;RJ;570.94;570.94;
480478;2;22/07/2026;TRANSPORTADORA KARAVAGGIO LTDA;Filial;São Paulo;SP;Blumenau;SC;704.05;868.22;164.17
68667;3;21/07/2026;Trans CJ Transportes e Logistica Ltda;Filial;São Paulo;SP;Vitória da Conquista;BA;;149.03;
149879;0;30/05/2026;MVT CAMPINAS SOL. EM TRANSPORTES LTDA;Filial;São Paulo;SP;Campinas;SP;1607.85;1693;85.15
149881;0;30/05/2026;MVT CAMPINAS SOL. EM TRANSPORTES LTDA;Filial;São Paulo;SP;Jundiaí;SP;713.24;742.93;29.69
149880;0;30/05/2026;MVT CAMPINAS SOL. EM TRANSPORTES LTDA;Filial;São Paulo;SP;Sumaré;SP;734.32;776.51;42.19
149878;0;30/05/2026;MVT CAMPINAS SOL. EM TRANSPORTES LTDA;Filial;São Paulo;SP;Campinas;SP;1431.45;1506.35;74.9
149885;0;30/05/2026;MVT CAMPINAS SOL. EM TRANSPORTES LTDA;Filial;São Paulo;SP;Itatiba;SP;1068.44;1116.52;48.08
149884;0;30/05/2026;MVT CAMPINAS SOL. EM TRANSPORTES LTDA;Filial;São Paulo;SP;Campinas;SP;653.48;683.17;29.69
149883;0;30/05/2026;MVT CAMPINAS SOL. EM TRANSPORTES LTDA;Filial;São Paulo;SP;Paulínia;SP;653.48;683.17;29.69
149882;0;30/05/2026;MVT CAMPINAS SOL. EM TRANSPORTES LTDA;Filial;São Paulo;SP;Indaiatuba;SP;208.76;210.66;1.9
161760;0;28/07/2026;MVT CAMPINAS SOL. EM TRANSPORTES LTDA;Filial;São Paulo;SP;Campinas;SP;425.99;254.86;-171.13
987084;2;21/05/2026;Manda La Transportes de Cargas LTDA;Filial;São Paulo;SP;Dourados;MS;;54.84;
9440;1;12/05/2026;TONI TRANSPORTES E LOGISTICA LTDA;Filial;São Paulo;SP;Itapecerica da Serra;SP;2398;2398;
151050;1;15/09/2026;MAJO - COTIA;Filial;São Paulo;SP;Caraguatatuba;SP;362.17;152.2;-209.97
151059;1;15/09/2026;MAJO - COTIA;Filial;São Paulo;SP;Águas de Lindóia;SP;153.6;148.15;-5.45
151046;1;15/09/2026;MAJO - COTIA;Filial;São Paulo;SP;Caraguatatuba;SP;390.91;390.91;
252;2;03/08/2026;TONI TRANSPORTES E LOGISTICA LTDA;Filial;São Paulo;SP;Guarulhos;SP;2510;303.45;-2206.55
162936;0;03/08/2026;MVT CAMPINAS SOL. EM TRANSPORTES LTDA;Filial;São Paulo;SP;Piracicaba;SP;366.83;36.36;-330.47
50;2;12/06/2026;TONI TRANSPORTES E LOGISTICA LTDA;Matriz;São Paulo;SP;Itapevi;SP;2398.01;2398;-0.01
3047;1;06/07/2026;JCAP TRANSPORTES LTDA;Filial;São Paulo;SP;Guarulhos;SP;;863.49;
155761;0;29/06/2026;MVT CAMPINAS SOL. EM TRANSPORTES LTDA;Filial;São Paulo;SP;São José do Rio Preto;SP;534.88;555.52;20.64
155760;0;29/06/2026;MVT CAMPINAS SOL. EM TRANSPORTES LTDA;Filial;São Paulo;SP;São José do Rio Preto;SP;534.88;555.52;20.64
155764;0;29/06/2026;MVT CAMPINAS SOL. EM TRANSPORTES LTDA;Filial;São Paulo;SP;São José do Rio Preto;SP;1809.77;1896.15;86.38
155763;0;29/06/2026;MVT CAMPINAS SOL. EM TRANSPORTES LTDA;Filial;São Paulo;SP;São José do Rio Preto;SP;1809.77;1896.15;86.38
156761;0;02/07/2026;MVT CAMPINAS SOL. EM TRANSPORTES LTDA;Filial;São Paulo;SP;Mogi Mirim;SP;534.88;555.52;20.64
990586;2;29/05/2026;Manda La Transportes de Cargas LTDA;Filial;São Paulo;SP;Brasília;DF;;26.88;
51;2;12/06/2026;TONI TRANSPORTES E LOGISTICA LTDA;Filial;São Paulo;SP;São Paulo;SP;2398;2398;
9371;1;23/04/2026;TONI TRANSPORTES E LOGISTICA LTDA;Filial;São Paulo;SP;Campo Limpo Paulista;SP;3123.67;1356.6;-1767.07
161225;0;24/07/2026;MVT CAMPINAS SOL. EM TRANSPORTES LTDA;Filial;São Paulo;SP;São José do Rio Preto;SP;1517.18;71.59;-1445.59
3007;1;03/07/2026;JCAP TRANSPORTES LTDA;Filial;São Paulo;SP;Mogi das Cruzes;SP;;134.09;
154189;2;06/07/2026;T.G LOGISTICA E TRANSPORTES;Filial;São Paulo;SP;Resende;RJ;857;59.09;-797.91
143734;1;20/07/2026;MAJO - COTIA;Filial;São Paulo;SP;Araraquara;SP;2116.33;2116.36;0.03
9412;1;04/05/2026;TONI TRANSPORTES E LOGISTICA LTDA;Filial;São Paulo;SP;Arujá;SP;3136.48;476;-2660.48
9413;1;04/05/2026;TONI TRANSPORTES E LOGISTICA LTDA;Filial;São Paulo;SP;Barueri;SP;2365.85;466.48;-1899.37
9409;1;01/05/2026;TONI TRANSPORTES E LOGISTICA LTDA;Filial;São Paulo;SP;Barueri;SP;2430.16;2398;-32.16
988656;2;25/05/2026;Manda La Transportes de Cargas LTDA;Matriz;São Paulo;SP;Brasília;DF;;883.05;
9410;1;01/05/2026;TONI TRANSPORTES E LOGISTICA LTDA;Filial;São Paulo;SP;Guarulhos;SP;2398;2398;
9411;1;01/05/2026;TONI TRANSPORTES E LOGISTICA LTDA;Filial;São Paulo;SP;Arujá;SP;3136.48;2398;-738.48
9451;1;14/05/2026;TONI TRANSPORTES E LOGISTICA LTDA;Filial;São Paulo;SP;Taboão da Serra;SP;2398;2398;
9452;1;14/05/2026;TONI TRANSPORTES E LOGISTICA LTDA;Filial;São Paulo;SP;Taboão da Serra;SP;2398;0.01;-2397.99
9361;1;22/04/2026;TONI TRANSPORTES E LOGISTICA LTDA;Filial;São Paulo;SP;Campo Limpo Paulista;SP;3123.67;2398;-725.67
9435;1;09/05/2026;TONI TRANSPORTES E LOGISTICA LTDA;Matriz;São Paulo;SP;Osasco;SP;2398;2398;
154126;2;03/07/2026;T.G LOGISTICA E TRANSPORTES;Filial;São Paulo;SP;Sapucaia;RJ;193.08;193.08;
9446;1;13/05/2026;TONI TRANSPORTES E LOGISTICA LTDA;Filial;São Paulo;SP;São Bernardo do Campo;SP;2398;2398;
9453;1;14/05/2026;TONI TRANSPORTES E LOGISTICA LTDA;Filial;São Paulo;SP;São Bernardo do Campo;SP;2398;1304.48;-1093.52
9454;1;14/05/2026;TONI TRANSPORTES E LOGISTICA LTDA;Filial;São Paulo;SP;São Bernardo do Campo;SP;2398;1071;-1327
9436;1;09/05/2026;TONI TRANSPORTES E LOGISTICA LTDA;Matriz;São Paulo;SP;Osasco;SP;2398;2398;
998174;0;03/06/2026;MVT CAMPINAS SOL. EM TRANSPORTES LTDA;Filial;São Paulo;SP;Franca;SP;;301.23;
998175;0;03/06/2026;MVT CAMPINAS SOL. EM TRANSPORTES LTDA;Filial;São Paulo;SP;Franca;SP;;281.92;
998173;0;03/06/2026;MVT CAMPINAS SOL. EM TRANSPORTES LTDA;Filial;São Paulo;SP;Franca;SP;;266.88;
998176;0;03/06/2026;MVT CAMPINAS SOL. EM TRANSPORTES LTDA;Filial;São Paulo;SP;Patrocínio Paulista;SP;;265.27;
154128;2;03/07/2026;T.G LOGISTICA E TRANSPORTES;Filial;São Paulo;SP;Campos dos Goytacazes;RJ;502.91;502.91;
9414;1;05/05/2026;TONI TRANSPORTES E LOGISTICA LTDA;Filial;São Paulo;SP;São Vicente;SP;3488;3488;
9417;1;05/05/2026;TONI TRANSPORTES E LOGISTICA LTDA;Filial;São Paulo;SP;São Vicente;SP;3277.09;1489.88;-1787.21
149351;0;28/05/2026;MVT CAMPINAS SOL. EM TRANSPORTES LTDA;Filial;São Paulo;SP;Ribeirão Preto;SP;1485.31;1555.38;70.07
149352;0;28/05/2026;MVT CAMPINAS SOL. EM TRANSPORTES LTDA;Filial;São Paulo;SP;Indaiatuba;SP;1344.78;1414.85;70.07
3004;1;03/07/2026;JCAP TRANSPORTES LTDA;Filial;São Paulo;SP;Suzano;SP;;134.09;
155765;0;29/06/2026;MVT CAMPINAS SOL. EM TRANSPORTES LTDA;Filial;São Paulo;SP;Ribeirão Preto;SP;975.83;1019.03;43.2
983918;2;13/05/2026;Manda La Transportes de Cargas LTDA;Filial;São Paulo;SP;Brasília;DF;;680.39;
9393;1;28/04/2026;TONI TRANSPORTES E LOGISTICA LTDA;Filial;São Paulo;SP;Guarulhos;SP;2398;595;-1803
162378;0;30/07/2026;MVT CAMPINAS SOL. EM TRANSPORTES LTDA;Filial;São Paulo;SP;Barretos;SP;1697.56;1764.55;66.99
162376;0;30/07/2026;MVT CAMPINAS SOL. EM TRANSPORTES LTDA;Filial;São Paulo;SP;São Carlos;SP;1689.03;1755.63;66.6
162380;0;30/07/2026;MVT CAMPINAS SOL. EM TRANSPORTES LTDA;Filial;São Paulo;SP;São José do Rio Preto;SP;1443.07;1509.93;66.86
162377;0;30/07/2026;MVT CAMPINAS SOL. EM TRANSPORTES LTDA;Filial;São Paulo;SP;Ribeirão Preto;SP;798.57;832.18;33.61
162379;0;30/07/2026;MVT CAMPINAS SOL. EM TRANSPORTES LTDA;Filial;São Paulo;SP;Catanduva;SP;1697.56;1764.55;66.99
162391;0;30/07/2026;MVT CAMPINAS SOL. EM TRANSPORTES LTDA;Filial;São Paulo;SP;Olímpia;SP;246.83;249.13;2.3
155822;0;30/06/2026;MVT CAMPINAS SOL. EM TRANSPORTES LTDA;Filial;São Paulo;SP;Barretos;SP;422.84;16.39;-406.45
155824;0;30/06/2026;MVT CAMPINAS SOL. EM TRANSPORTES LTDA;Filial;São Paulo;SP;Ribeirão Preto;SP;2543.74;138.64;-2405.1
155825;0;30/06/2026;MVT CAMPINAS SOL. EM TRANSPORTES LTDA;Filial;São Paulo;SP;Ribeirão Preto;SP;1795.26;72.27;-1722.99
155828;0;30/06/2026;MVT CAMPINAS SOL. EM TRANSPORTES LTDA;Filial;São Paulo;SP;Piracicaba;SP;468.97;49.43;-419.54
155821;0;30/06/2026;MVT CAMPINAS SOL. EM TRANSPORTES LTDA;Filial;São Paulo;SP;Campinas;SP;103.02;45.45;-57.57
155820;0;30/06/2026;MVT CAMPINAS SOL. EM TRANSPORTES LTDA;Filial;São Paulo;SP;Limeira;SP;1069.59;45.43;-1024.16
155827;0;30/06/2026;MVT CAMPINAS SOL. EM TRANSPORTES LTDA;Filial;São Paulo;SP;Campinas;SP;3319.4;90.91;-3228.49
348;2;24/08/2026;TONI TRANSPORTES E LOGISTICA LTDA;Filial;São Paulo;SP;Sumaré;SP;1091.82;1091.82;
9394;1;28/04/2026;TONI TRANSPORTES E LOGISTICA LTDA;Filial;São Paulo;SP;Santa Bárbara d'Oeste;SP;3343.58;642.6;-2700.98
153654;0;18/06/2026;MVT CAMPINAS SOL. EM TRANSPORTES LTDA;Filial;São Paulo;SP;São José do Rio Preto;SP;309.58;461.07;151.49
153656;0;18/06/2026;MVT CAMPINAS SOL. EM TRANSPORTES LTDA;Filial;São Paulo;SP;Ribeirão Preto;SP;384.35;396.73;12.38
153655;0;18/06/2026;MVT CAMPINAS SOL. EM TRANSPORTES LTDA;Filial;São Paulo;SP;Itápolis;SP;1648.05;1712.66;64.61
153653;0;18/06/2026;MVT CAMPINAS SOL. EM TRANSPORTES LTDA;Filial;São Paulo;SP;Itápolis;SP;121.03;125.66;4.63
153660;0;18/06/2026;MVT CAMPINAS SOL. EM TRANSPORTES LTDA;Filial;São Paulo;SP;Itápolis;SP;226.66;235.9;9.24
153658;0;18/06/2026;MVT CAMPINAS SOL. EM TRANSPORTES LTDA;Filial;São Paulo;SP;São Paulo;SP;;347.56;
153661;0;18/06/2026;MVT CAMPINAS SOL. EM TRANSPORTES LTDA;Filial;São Paulo;SP;São Paulo;SP;;402.6;
153659;0;18/06/2026;MVT CAMPINAS SOL. EM TRANSPORTES LTDA;Filial;São Paulo;SP;Boa Esperança do Sul;SP;1056.08;1095.4;39.32
153657;0;18/06/2026;MVT CAMPINAS SOL. EM TRANSPORTES LTDA;Filial;São Paulo;SP;São José do Rio Preto;SP;3106.66;3259.76;153.1
9464;1;15/05/2026;TONI TRANSPORTES E LOGISTICA LTDA;Filial;São Paulo;SP;Jundiaí;SP;3123.67;1094.8;-2028.87
9465;1;15/05/2026;TONI TRANSPORTES E LOGISTICA LTDA;Filial;São Paulo;SP;Jundiaí;SP;3123.67;1071;-2052.67
9450;1;14/05/2026;TONI TRANSPORTES E LOGISTICA LTDA;Filial;São Paulo;SP;Jundiaí;SP;3191;3191;
2792890;0;30/06/2026;MVT CAMPINAS SOL. EM TRANSPORTES LTDA;Filial;São Paulo;SP;Mogi Guaçu;SP;1171.3;1224.82;53.52
2792889;0;30/06/2026;MVT CAMPINAS SOL. EM TRANSPORTES LTDA;Filial;São Paulo;SP;Mogi Mirim;SP;975.83;1019.03;43.2
2792888;0;30/06/2026;MVT CAMPINAS SOL. EM TRANSPORTES LTDA;Filial;São Paulo;SP;Araras;SP;975.83;1019.03;43.2
2792880;0;30/06/2026;MVT CAMPINAS SOL. EM TRANSPORTES LTDA;Filial;São Paulo;SP;Campinas;SP;1636.64;1723.01;86.37
2792887;0;30/06/2026;MVT CAMPINAS SOL. EM TRANSPORTES LTDA;Filial;São Paulo;SP;Santa Bárbara d'Oeste;SP;1139.02;1019.03;-119.99
2792886;0;30/06/2026;MVT CAMPINAS SOL. EM TRANSPORTES LTDA;Filial;São Paulo;SP;Piracicaba;SP;975.83;1019.03;43.2
2792885;0;30/06/2026;MVT CAMPINAS SOL. EM TRANSPORTES LTDA;Filial;São Paulo;SP;Itu;SP;1139.02;1182.3;43.28
2792884;0;30/06/2026;MVT CAMPINAS SOL. EM TRANSPORTES LTDA;Filial;São Paulo;SP;Jundiaí;SP;975.83;1019.03;43.2
2792883;0;30/06/2026;MVT CAMPINAS SOL. EM TRANSPORTES LTDA;Filial;São Paulo;SP;Hortolândia;SP;889.08;932.27;43.19
2792882;0;30/06/2026;MVT CAMPINAS SOL. EM TRANSPORTES LTDA;Filial;São Paulo;SP;Sumaré;SP;2287.56;2411.81;124.25
9477;1;20/05/2026;TONI TRANSPORTES E LOGISTICA LTDA;Filial;São Paulo;SP;São Caetano do Sul;SP;2398;2398;
155002;2;21/07/2026;T.G LOGISTICA E TRANSPORTES;Filial;São Paulo;SP;São Gonçalo;RJ;467.59;467.59;
151084;0;06/06/2026;MVT CAMPINAS SOL. EM TRANSPORTES LTDA;Filial;São Paulo;SP;Mogi Guaçu;SP;1704.32;1785.18;80.86
151079;0;06/06/2026;MVT CAMPINAS SOL. EM TRANSPORTES LTDA;Filial;São Paulo;SP;Mogi Mirim;SP;1820.39;1906.83;86.44
151081;0;06/06/2026;MVT CAMPINAS SOL. EM TRANSPORTES LTDA;Filial;São Paulo;SP;Mogi Mirim;SP;278.15;291.93;13.78
151080;0;06/06/2026;MVT CAMPINAS SOL. EM TRANSPORTES LTDA;Filial;São Paulo;SP;Araras;SP;1901.09;1992.07;90.98
151083;0;06/06/2026;MVT CAMPINAS SOL. EM TRANSPORTES LTDA;Filial;São Paulo;SP;Rio Claro;SP;799.01;832.99;33.98
151082;0;06/06/2026;MVT CAMPINAS SOL. EM TRANSPORTES LTDA;Filial;São Paulo;SP;Limeira;SP;1776.49;1861.32;84.83
151085;0;06/06/2026;MVT CAMPINAS SOL. EM TRANSPORTES LTDA;Filial;São Paulo;SP;Presidente Prudente;SP;1932.82;2010.86;78.04
151088;0;06/06/2026;MVT CAMPINAS SOL. EM TRANSPORTES LTDA;Filial;São Paulo;SP;Araçatuba;SP;2008.28;2089.73;81.45
151087;0;06/06/2026;MVT CAMPINAS SOL. EM TRANSPORTES LTDA;Filial;São Paulo;SP;Rio Claro;SP;1116.9;1167.63;50.73
151089;0;06/06/2026;MVT CAMPINAS SOL. EM TRANSPORTES LTDA;Filial;São Paulo;SP;Bauru;SP;1606.6;1682.76;76.16
151091;0;06/06/2026;MVT CAMPINAS SOL. EM TRANSPORTES LTDA;Filial;São Paulo;SP;Piracicaba;SP;229.08;232.01;2.93
151090;0;06/06/2026;MVT CAMPINAS SOL. EM TRANSPORTES LTDA;Filial;São Paulo;SP;Limeira;SP;229.08;232.01;2.93
151092;0;06/06/2026;MVT CAMPINAS SOL. EM TRANSPORTES LTDA;Filial;São Paulo;SP;Bauru;SP;199.52;200.03;0.51
9502;1;24/05/2026;TONI TRANSPORTES E LOGISTICA LTDA;Filial;São Paulo;SP;Sumaré;SP;3488;3488;
9486;1;21/05/2026;TONI TRANSPORTES E LOGISTICA LTDA;Filial;São Paulo;SP;São Paulo;SP;2398;2398;
9487;1;21/05/2026;TONI TRANSPORTES E LOGISTICA LTDA;Filial;São Paulo;SP;São Paulo;SP;2398;2398;
484936;2;13/08/2026;TRANSPORTADORA KARAVAGGIO LTDA;Filial;São Paulo;SP;Gravataí;RS;2113.93;1657.69;-456.24
9503;1;24/05/2026;TONI TRANSPORTES E LOGISTICA LTDA;Filial;São Paulo;SP;Piracicaba;SP;4251.01;4251;-0.01
9392;1;28/04/2026;TONI TRANSPORTES E LOGISTICA LTDA;Filial;São Paulo;SP;Cajamar;SP;3161;3161;
9396;1;29/04/2026;TONI TRANSPORTES E LOGISTICA LTDA;Filial;São Paulo;SP;Cajamar;SP;3123.67;406.92;-2716.75
985651;2;18/05/2026;Manda La Transportes de Cargas LTDA;Filial;São Paulo;SP;Anápolis;GO;;348.39;
673275;1;28/08/2026;TRANSFORM EMPRESA DE TRANSPORTES LTDA;Filial;São Paulo;SP;Rio de Janeiro;RJ;6052.27;6052.27;
9469;1;16/05/2026;TONI TRANSPORTES E LOGISTICA LTDA;Filial;São Paulo;SP;Sumaré;SP;3488;3488;
56;2;13/06/2026;TONI TRANSPORTES E LOGISTICA LTDA;Filial;São Paulo;SP;Guarulhos;SP;2398;2398;
9439;1;12/05/2026;TONI TRANSPORTES E LOGISTICA LTDA;Filial;São Paulo;SP;Itapecerica da Serra;SP;2398;2398;
55;2;13/06/2026;TONI TRANSPORTES E LOGISTICA LTDA;Filial;São Paulo;SP;Campinas;SP;3488;3476.39;-11.61
9386;1;28/04/2026;TONI TRANSPORTES E LOGISTICA LTDA;Filial;São Paulo;SP;Guarulhos;SP;2398;2398;
156035;2;08/08/2026;T.G LOGISTICA E TRANSPORTES;Filial;São Paulo;SP;Macaé;RJ;90.91;90.91;
9370;1;23/04/2026;TONI TRANSPORTES E LOGISTICA LTDA;Filial;São Paulo;SP;São Bernardo do Campo;SP;2398;2398;
9380;1;25/04/2026;TONI TRANSPORTES E LOGISTICA LTDA;Filial;São Paulo;SP;Praia Grande;SP;3498.13;3488;-10.13
9381;1;25/04/2026;TONI TRANSPORTES E LOGISTICA LTDA;Filial;São Paulo;SP;Nova Odessa;SP;3488;3488;
156027;2;08/08/2026;T.G LOGISTICA E TRANSPORTES;Filial;São Paulo;SP;Rio de Janeiro;RJ;129.55;129.55;
156028;2;08/08/2026;T.G LOGISTICA E TRANSPORTES;Filial;São Paulo;SP;Rio de Janeiro;RJ;247.43;247.43;
156029;2;08/08/2026;T.G LOGISTICA E TRANSPORTES;Filial;São Paulo;SP;Nova Iguaçu;RJ;24.55;24.55;
9404;1;30/04/2026;TONI TRANSPORTES E LOGISTICA LTDA;Filial;São Paulo;SP;Sumaré;SP;3488;3488;
156030;2;08/08/2026;T.G LOGISTICA E TRANSPORTES;Filial;São Paulo;SP;Duque de Caxias;RJ;45.28;45.28;
156031;2;08/08/2026;T.G LOGISTICA E TRANSPORTES;Filial;São Paulo;SP;Macaé;RJ;113.64;113.64;
108;2;30/06/2026;TONI TRANSPORTES E LOGISTICA LTDA;Filial;São Paulo;SP;Guarulhos;SP;2398;2398;
156032;2;08/08/2026;T.G LOGISTICA E TRANSPORTES;Filial;São Paulo;SP;Paraty;RJ;136.36;136.36;
156034;2;08/08/2026;T.G LOGISTICA E TRANSPORTES;Filial;São Paulo;SP;Rio de Janeiro;RJ;20.45;20.45;
156033;2;08/08/2026;T.G LOGISTICA E TRANSPORTES;Filial;São Paulo;SP;Campos dos Goytacazes;RJ;22.5;22.5;
979592;2;04/05/2026;Manda La Transportes de Cargas LTDA;Filial;São Paulo;SP;Campo Grande;MS;;137.63;
980808;2;06/05/2026;Manda La Transportes de Cargas LTDA;Filial;São Paulo;SP;Goiânia;GO;;939.32;
665048;1;23/04/2026;TRANSFORM EMPRESA DE TRANSPORTES LTDA;Filial;São Paulo;SP;Rio de Janeiro;RJ;6052.27;6052.27;
9372;1;24/04/2026;TONI TRANSPORTES E LOGISTICA LTDA;Filial;São Paulo;SP;São Paulo;SP;2398;2398;
668037;1;09/06/2026;TRANSFORM EMPRESA DE TRANSPORTES LTDA;Filial;São Paulo;SP;Rio de Janeiro;RJ;6052.27;6052.27;
88;2;24/06/2026;TONI TRANSPORTES E LOGISTICA LTDA;Filial;São Paulo;SP;Itu;SP;3488.01;3480.03;-7.98
9459;1;15/05/2026;TONI TRANSPORTES E LOGISTICA LTDA;Filial;São Paulo;SP;São Paulo;SP;2398;2398;
982516;2;11/05/2026;Manda La Transportes de Cargas LTDA;Filial;São Paulo;SP;Dourados;MS;;952.15;
9378;1;24/04/2026;TONI TRANSPORTES E LOGISTICA LTDA;Filial;São Paulo;SP;Cajamar;SP;3161;3161;
9388;1;28/04/2026;TONI TRANSPORTES E LOGISTICA LTDA;Filial;São Paulo;SP;Santa Bárbara d'Oeste;SP;3556.58;3488;-68.58
9374;1;24/04/2026;TONI TRANSPORTES E LOGISTICA LTDA;Filial;São Paulo;SP;Itu;SP;3488;3488;
9434;1;09/05/2026;TONI TRANSPORTES E LOGISTICA LTDA;Matriz;São Paulo;SP;Osasco;SP;2398;2398;
9460;1;15/05/2026;TONI TRANSPORTES E LOGISTICA LTDA;Filial;São Paulo;SP;Taboão da Serra;SP;2398;452.2;-1945.8
9379;1;24/04/2026;TONI TRANSPORTES E LOGISTICA LTDA;Filial;São Paulo;SP;Nova Odessa;SP;3488;3488;
150833;0;05/06/2026;MVT CAMPINAS SOL. EM TRANSPORTES LTDA;Okker;São Paulo;SP;Bauru;SP;164.03;163.26;-0.77
9448;1;13/05/2026;TONI TRANSPORTES E LOGISTICA LTDA;Filial;São Paulo;SP;São Paulo;SP;2398;1041.25;-1356.75
162388;0;30/07/2026;MVT CAMPINAS SOL. EM TRANSPORTES LTDA;Filial;São Paulo;SP;Rincão;SP;246.83;249.61;2.78
162386;0;30/07/2026;MVT CAMPINAS SOL. EM TRANSPORTES LTDA;Filial;São Paulo;SP;Araraquara;SP;246.83;249.61;2.78
162389;0;30/07/2026;MVT CAMPINAS SOL. EM TRANSPORTES LTDA;Filial;São Paulo;SP;Pontal;SP;152.55;315.45;162.9
162387;0;30/07/2026;MVT CAMPINAS SOL. EM TRANSPORTES LTDA;Filial;São Paulo;SP;Sertãozinho;SP;153.35;322.07;168.72
162381;0;30/07/2026;MVT CAMPINAS SOL. EM TRANSPORTES LTDA;Filial;São Paulo;SP;Sertãozinho;SP;152.27;294.1;141.83
162384;0;30/07/2026;MVT CAMPINAS SOL. EM TRANSPORTES LTDA;Filial;São Paulo;SP;Serrana;SP;479.84;494.03;14.19
140598;1;30/06/2026;MAJO - COTIA;Filial;São Paulo;SP;Ilhabela;SP;357.58;352.15;-5.43
140599;1;30/06/2026;MAJO - COTIA;Filial;São Paulo;SP;Caraguatatuba;SP;153.76;148.31;-5.45
140600;1;30/06/2026;MAJO - COTIA;Filial;São Paulo;SP;São Vicente;SP;1271.45;1241.09;-30.36
140601;1;30/06/2026;MAJO - COTIA;Filial;São Paulo;SP;Ilhabela;SP;501.41;493.01;-8.4
140603;1;30/06/2026;MAJO - COTIA;Filial;São Paulo;SP;São Vicente;SP;2715.17;2643.58;-71.59
140605;1;30/06/2026;MAJO - COTIA;Filial;São Paulo;SP;Caraguatatuba;SP;153.8;148.34;-5.46
140607;1;30/06/2026;MAJO - COTIA;Filial;São Paulo;SP;Praia Grande;SP;486.8;478.94;-7.86
140608;1;30/06/2026;MAJO - COTIA;Filial;São Paulo;SP;Ubatuba;SP;153.8;148.34;-5.46
140662;1;30/06/2026;MAJO - COTIA;Filial;São Paulo;SP;Juquitiba;SP;106.19;106.23;0.04
140637;1;30/06/2026;MAJO - COTIA;Filial;São Paulo;SP;Salto;SP;627.66;615.65;-12.01
140638;1;30/06/2026;MAJO - COTIA;Filial;São Paulo;SP;Americana;SP;293.19;284.91;-8.28
140663;1;30/06/2026;MAJO - COTIA;Filial;São Paulo;SP;Itapevi;SP;101.15;101.18;0.03
140639;1;30/06/2026;MAJO - COTIA;Filial;São Paulo;SP;Campinas;SP;352.88;347.41;-5.47
140630;1;30/06/2026;MAJO - COTIA;Filial;São Paulo;SP;Francisco Morato;SP;103.84;103.86;0.02
140656;1;30/06/2026;MAJO - COTIA;Filial;São Paulo;SP;Piracicaba;SP;153.36;147.92;-5.44
140620;1;30/06/2026;MAJO - COTIA;Filial;São Paulo;SP;Caraguatatuba;SP;152.52;147.09;-5.43
140631;1;30/06/2026;MAJO - COTIA;Filial;São Paulo;SP;Jundiaí;SP;156.45;151.03;-5.42
140610;1;30/06/2026;MAJO - COTIA;Filial;São Paulo;SP;São Sebastião;SP;151.88;146.43;-5.45
140678;1;30/06/2026;MAJO - COTIA;Filial;São Paulo;SP;Osasco;SP;103.58;103.6;0.02
140679;1;30/06/2026;MAJO - COTIA;Filial;São Paulo;SP;Santana de Parnaíba;SP;106.28;106.31;0.03
140733;1;30/06/2026;MAJO - COTIA;Filial;São Paulo;SP;Botucatu;SP;4355.5;471.22;-3884.28
140650;1;30/06/2026;MAJO - COTIA;Filial;São Paulo;SP;Natividade da Serra;SP;345.86;336.09;-9.77
140688;1;30/06/2026;MAJO - COTIA;Filial;São Paulo;SP;Taboão da Serra;SP;102.61;102.65;0.04
140644;1;30/06/2026;MAJO - COTIA;Filial;São Paulo;SP;Arujá;SP;111.59;111.63;0.04
140657;1;30/06/2026;MAJO - COTIA;Filial;São Paulo;SP;Guarulhos;SP;103.75;147.55;43.8
140743;1;30/06/2026;MAJO - COTIA;Filial;São Paulo;SP;Caçapava;SP;3488.01;379.59;-3108.42
140723;1;30/06/2026;MAJO - COTIA;Filial;São Paulo;SP;Catanduva;SP;7774.2;235.63;-7538.57
140612;1;30/06/2026;MAJO - COTIA;Filial;São Paulo;SP;São Sebastião;SP;180.06;174.95;-5.11
140611;1;30/06/2026;MAJO - COTIA;Filial;São Paulo;SP;Campinas;SP;771.76;749.74;-22.02
140680;1;30/06/2026;MAJO - COTIA;Filial;São Paulo;SP;Cachoeira Paulista;SP;159.16;153.72;-5.44
140725;1;30/06/2026;MAJO - COTIA;Filial;São Paulo;SP;São José dos Campos;SP;3661.5;347.35;-3314.15
140690;1;30/06/2026;MAJO - COTIA;Filial;São Paulo;SP;Taboão da Serra;SP;101.84;101.88;0.04
140642;1;30/06/2026;MAJO - COTIA;Filial;São Paulo;SP;Arujá;SP;104.64;104.66;0.02
140726;1;30/06/2026;MAJO - COTIA;Filial;São Paulo;SP;Assis;SP;7732;235.63;-7496.37
140727;1;30/06/2026;MAJO - COTIA;Filial;São Paulo;SP;Presidente Prudente;SP;7698.5;235.63;-7462.87
140735;1;30/06/2026;MAJO - COTIA;Filial;São Paulo;SP;Pindamonhangaba;SP;4251.01;3132.26;-1118.75
140681;1;30/06/2026;MAJO - COTIA;Filial;São Paulo;SP;São José dos Campos;SP;192.05;186.6;-5.45
140736;1;30/06/2026;MAJO - COTIA;Filial;São Paulo;SP;Nova Europa;SP;7.94;155.28;147.34
140613;1;30/06/2026;MAJO - COTIA;Filial;São Paulo;SP;Mogi das Cruzes;SP;564;564.02;0.02
140643;1;30/06/2026;MAJO - COTIA;Filial;São Paulo;SP;Santa Isabel;SP;157.14;151.67;-5.47
140728;1;30/06/2026;MAJO - COTIA;Filial;São Paulo;SP;Marília;SP;7750;471.22;-7278.78
140666;1;30/06/2026;MAJO - COTIA;Filial;São Paulo;SP;São Lourenço da Serra;SP;167.48;167.49;0.01
140737;1;30/06/2026;MAJO - COTIA;Filial;São Paulo;SP;Ourinhos;SP;235.59;235.63;0.04
140738;1;30/06/2026;MAJO - COTIA;Filial;São Paulo;SP;Guaratinguetá;SP;4539.5;347.35;-4192.15
140729;1;30/06/2026;MAJO - COTIA;Filial;São Paulo;SP;Bragança Paulista;SP;3652.5;1797.23;-1855.27
140747;1;30/06/2026;MAJO - COTIA;Filial;São Paulo;SP;Pindamonhangaba;SP;151.99;146.53;-5.46
140739;1;30/06/2026;MAJO - COTIA;Filial;São Paulo;SP;São José dos Campos;SP;3488.01;347.35;-3140.66
140740;1;30/06/2026;MAJO - COTIA;Filial;São Paulo;SP;Presidente Prudente;SP;486.67;471.22;-15.45
140683;1;30/06/2026;MAJO - COTIA;Filial;São Paulo;SP;Guaratinguetá;SP;231.93;225.41;-6.52
140632;1;30/06/2026;MAJO - COTIA;Filial;São Paulo;SP;Francisco Morato;SP;105.98;106.01;0.03
140615;1;30/06/2026;MAJO - COTIA;Filial;São Paulo;SP;Peruíbe;SP;150.67;145.23;-5.44
140741;1;30/06/2026;MAJO - COTIA;Filial;São Paulo;SP;São José dos Campos;SP;3488.01;347.35;-3140.66
140731;1;30/06/2026;MAJO - COTIA;Filial;São Paulo;SP;Peruíbe;SP;4176.47;236.25;-3940.22
140730;1;30/06/2026;MAJO - COTIA;Filial;São Paulo;SP;Avaré;SP;4346.5;346.8;-3999.7
140742;1;30/06/2026;MAJO - COTIA;Filial;São Paulo;SP;São Paulo;SP;;716.42;
140653;1;30/06/2026;MAJO - COTIA;Filial;São Paulo;SP;Jundiaí;SP;240.23;233.44;-6.79
140646;1;30/06/2026;MAJO - COTIA;Filial;São Paulo;SP;Santa Isabel;SP;157.14;151.67;-5.47
140627;1;30/06/2026;MAJO - COTIA;Filial;São Paulo;SP;Franco da Rocha;SP;108;108.01;0.01
140685;1;30/06/2026;MAJO - COTIA;Filial;São Paulo;SP;Osasco;SP;104.92;104.97;0.05
140732;1;30/06/2026;MAJO - COTIA;Filial;São Paulo;SP;Araçatuba;SP;7715.5;235.63;-7479.87
140695;1;30/06/2026;MAJO - COTIA;Filial;São Paulo;SP;Osasco;SP;104.38;104.39;0.01
140694;1;30/06/2026;MAJO - COTIA;Filial;São Paulo;SP;Guaratinguetá;SP;193.74;188.25;-5.49
140721;1;30/06/2026;MAJO - COTIA;Filial;São Paulo;SP;Bauru;SP;5890.5;675.76;-5214.74
140722;1;30/06/2026;MAJO - COTIA;Filial;São Paulo;SP;Pilar do Sul;SP;4382.5;529.82;-3852.68
162124;0;29/07/2026;MVT CAMPINAS SOL. EM TRANSPORTES LTDA;Filial;São Paulo;SP;Rio Claro;SP;893.2;1167.63;274.43
152599;2;06/06/2026;T.G LOGISTICA E TRANSPORTES;Filial;São Paulo;SP;Rio de Janeiro;RJ;;274.2;
152598;2;06/06/2026;T.G LOGISTICA E TRANSPORTES;Filial;São Paulo;SP;Macaé;RJ;;1221.82;
152600;2;06/06/2026;T.G LOGISTICA E TRANSPORTES;Filial;São Paulo;SP;Nova Iguaçu;RJ;;562.85;
152601;2;06/06/2026;T.G LOGISTICA E TRANSPORTES;Filial;São Paulo;SP;Rio de Janeiro;RJ;;1133.65;
152603;2;06/06/2026;T.G LOGISTICA E TRANSPORTES;Filial;São Paulo;SP;Itaboraí;RJ;;822.63;
152605;2;06/06/2026;T.G LOGISTICA E TRANSPORTES;Filial;São Paulo;SP;Rio de Janeiro;RJ;;1206.33;
152604;2;06/06/2026;T.G LOGISTICA E TRANSPORTES;Filial;São Paulo;SP;Duque de Caxias;RJ;;831.2;
152602;2;06/06/2026;T.G LOGISTICA E TRANSPORTES;Filial;São Paulo;SP;São Gonçalo;RJ;;296.97;
152606;2;06/06/2026;T.G LOGISTICA E TRANSPORTES;Filial;São Paulo;SP;Rio de Janeiro;RJ;;274.2;
152607;2;06/06/2026;T.G LOGISTICA E TRANSPORTES;Filial;São Paulo;SP;Rio de Janeiro;RJ;;274.2;
152609;2;06/06/2026;T.G LOGISTICA E TRANSPORTES;Filial;São Paulo;SP;Rio de Janeiro;RJ;;595.24;
152608;2;06/06/2026;T.G LOGISTICA E TRANSPORTES;Filial;São Paulo;SP;Nova Friburgo;RJ;;890.93;
152610;2;06/06/2026;T.G LOGISTICA E TRANSPORTES;Filial;São Paulo;SP;Nova Iguaçu;RJ;;548.42;
152612;2;06/06/2026;T.G LOGISTICA E TRANSPORTES;Filial;São Paulo;SP;São Gonçalo;RJ;;627.86;
152611;2;06/06/2026;T.G LOGISTICA E TRANSPORTES;Filial;São Paulo;SP;Rio das Ostras;RJ;1187.91;1187.91;
152613;2;06/06/2026;T.G LOGISTICA E TRANSPORTES;Filial;São Paulo;SP;Belford Roxo;RJ;;580.01;
152614;2;06/06/2026;T.G LOGISTICA E TRANSPORTES;Filial;São Paulo;SP;Rio de Janeiro;RJ;;548.42;
153669;0;18/06/2026;MVT CAMPINAS SOL. EM TRANSPORTES LTDA;Filial;São Paulo;SP;São Pedro;SP;258.02;271.05;13.03
153673;0;18/06/2026;MVT CAMPINAS SOL. EM TRANSPORTES LTDA;Filial;São Paulo;SP;Indaiatuba;SP;320.99;339.06;18.07
153671;0;18/06/2026;MVT CAMPINAS SOL. EM TRANSPORTES LTDA;Filial;São Paulo;SP;Limeira;SP;97.28;101.58;4.3
153668;0;18/06/2026;MVT CAMPINAS SOL. EM TRANSPORTES LTDA;Filial;São Paulo;SP;Americana;SP;144.63;151.56;6.93
153672;0;18/06/2026;MVT CAMPINAS SOL. EM TRANSPORTES LTDA;Filial;São Paulo;SP;Campinas;SP;2182.82;2308.91;126.09
153675;0;18/06/2026;MVT CAMPINAS SOL. EM TRANSPORTES LTDA;Filial;São Paulo;SP;Várzea Paulista;SP;179.76;188.68;8.92
153674;0;18/06/2026;MVT CAMPINAS SOL. EM TRANSPORTES LTDA;Filial;São Paulo;SP;Mogi Mirim;SP;109.8;114.81;5.01
153670;0;18/06/2026;MVT CAMPINAS SOL. EM TRANSPORTES LTDA;Filial;São Paulo;SP;Salto;SP;112.38;116.42;4.04
148165;0;22/05/2026;MVT CAMPINAS SOL. EM TRANSPORTES LTDA;Filial;São Paulo;SP;Mogi Guaçu;SP;;150.41;150.41
9405;1;30/04/2026;TONI TRANSPORTES E LOGISTICA LTDA;Filial;São Paulo;SP;Sumaré;SP;3376.55;1682.66;-1693.89
9406;1;30/04/2026;TONI TRANSPORTES E LOGISTICA LTDA;Filial;São Paulo;SP;São Paulo;SP;2398;1904;-494
9407;1;30/04/2026;TONI TRANSPORTES E LOGISTICA LTDA;Filial;São Paulo;SP;São Paulo;SP;2398;1011.5;-1386.5
158419;0;13/07/2026;MVT CAMPINAS SOL. EM TRANSPORTES LTDA;Filial;São Paulo;SP;Ribeirão Preto;SP;2231.18;136.36;-2094.82
9408;1;30/04/2026;TONI TRANSPORTES E LOGISTICA LTDA;Filial;São Paulo;SP;Taubaté;SP;3488;3488;
9385;1;27/04/2026;TONI TRANSPORTES E LOGISTICA LTDA;Filial;São Paulo;SP;Praia Grande;SP;3277.09;833;-2444.09
9416;1;05/05/2026;TONI TRANSPORTES E LOGISTICA LTDA;Filial;São Paulo;SP;Taubaté;SP;3394.81;680.68;-2714.13
9382;1;27/04/2026;TONI TRANSPORTES E LOGISTICA LTDA;Filial;São Paulo;SP;Nova Odessa;SP;;1105.51;
9383;1;27/04/2026;TONI TRANSPORTES E LOGISTICA LTDA;Filial;São Paulo;SP;Nova Odessa;SP;;1005.55;
9384;1;27/04/2026;TONI TRANSPORTES E LOGISTICA LTDA;Filial;São Paulo;SP;Cajamar;SP;3123.67;633.08;-2490.59
9415;1;05/05/2026;TONI TRANSPORTES E LOGISTICA LTDA;Filial;São Paulo;SP;Guarulhos;SP;2398;374.85;-2023.15
149353;0;28/05/2026;MVT CAMPINAS SOL. EM TRANSPORTES LTDA;Filial;São Paulo;SP;Catanduva;SP;;136.55;136.55
9419;1;06/05/2026;TONI TRANSPORTES E LOGISTICA LTDA;Filial;São Paulo;SP;São José do Rio Preto;SP;7521;7521;
9421;1;06/05/2026;TONI TRANSPORTES E LOGISTICA LTDA;Filial;São Paulo;SP;São José do Rio Preto;SP;6999.6;1071;-5928.6
111;2;30/06/2026;TONI TRANSPORTES E LOGISTICA LTDA;Filial;São Paulo;SP;Santa Bárbara d'Oeste;SP;3488.01;3476.39;-11.62
259;2;04/08/2026;TONI TRANSPORTES E LOGISTICA LTDA;Filial;São Paulo;SP;São Roque;SP;3263;3263;
149356;0;28/05/2026;MVT CAMPINAS SOL. EM TRANSPORTES LTDA;Filial;São Paulo;SP;Mogi Guaçu;SP;;45.33;
9483;1;20/05/2026;TONI TRANSPORTES E LOGISTICA LTDA;Filial;São Paulo;SP;Santos;SP;3488.01;3488;-0.01
9473;1;19/05/2026;TONI TRANSPORTES E LOGISTICA LTDA;Filial;São Paulo;SP;São Paulo;SP;2398;2398;
223;2;27/07/2026;TONI TRANSPORTES E LOGISTICA LTDA;Filial;São Paulo;SP;São Paulo;SP;2398;1071;-1327
148170;0;22/05/2026;MVT CAMPINAS SOL. EM TRANSPORTES LTDA;Filial;São Paulo;SP;São José do Rio Preto;SP;;46.14;46.14
148173;0;22/05/2026;MVT CAMPINAS SOL. EM TRANSPORTES LTDA;Filial;São Paulo;SP;São José do Rio Preto;SP;;42.05;42.05
148168;0;22/05/2026;MVT CAMPINAS SOL. EM TRANSPORTES LTDA;Filial;São Paulo;SP;Presidente Prudente;SP;;18.55;18.55
148174;0;22/05/2026;MVT CAMPINAS SOL. EM TRANSPORTES LTDA;Filial;São Paulo;SP;Ribeirão Preto;SP;;31.98;31.98
148175;0;22/05/2026;MVT CAMPINAS SOL. EM TRANSPORTES LTDA;Filial;São Paulo;SP;Araraquara;SP;;127.22;127.22
148176;0;22/05/2026;MVT CAMPINAS SOL. EM TRANSPORTES LTDA;Filial;São Paulo;SP;São José do Rio Preto;SP;;249.77;249.77
148172;0;22/05/2026;MVT CAMPINAS SOL. EM TRANSPORTES LTDA;Filial;São Paulo;SP;Mogi Mirim;SP;;26.9;
239;2;29/07/2026;TONI TRANSPORTES E LOGISTICA LTDA;Filial;São Paulo;SP;Jandira;SP;2471;119;-2352
151548;2;13/05/2026;T.G LOGISTICA E TRANSPORTES;Filial;São Paulo;SP;Rio de Janeiro;RJ;;1364.76;
151547;2;13/05/2026;T.G LOGISTICA E TRANSPORTES;Filial;São Paulo;SP;Rio de Janeiro;RJ;336.32;368.61;32.29
151546;2;13/05/2026;T.G LOGISTICA E TRANSPORTES;Filial;São Paulo;SP;Nova Friburgo;RJ;336.32;160.95;-175.37
146665;0;15/05/2026;MVT CAMPINAS SOL. EM TRANSPORTES LTDA;Filial;São Paulo;SP;Pereira Barreto;SP;1803.42;113.64;-1689.78
140126;1;29/06/2026;MAJO - COTIA;Filial;São Paulo;SP;Presidente Prudente;SP;1516.25;1468.41;-47.84
140127;1;29/06/2026;MAJO - COTIA;Filial;São Paulo;SP;Araçatuba;SP;1271.9;1231.8;-40.1
140133;1;29/06/2026;MAJO - COTIA;Filial;São Paulo;SP;Manduri;SP;198.63;192.39;-6.24
140144;1;29/06/2026;MAJO - COTIA;Filial;São Paulo;SP;Ilhabela;SP;567.27;556.98;-10.29
140154;1;29/06/2026;MAJO - COTIA;Filial;São Paulo;SP;Jandira;SP;111.07;111.08;0.01
140147;1;29/06/2026;MAJO - COTIA;Filial;São Paulo;SP;Carapicuíba;SP;111.07;111.08;0.01
140135;1;29/06/2026;MAJO - COTIA;Filial;São Paulo;SP;Presidente Prudente;SP;1271.9;1231.8;-40.1
140164;1;29/06/2026;MAJO - COTIA;Filial;São Paulo;SP;Cachoeira Paulista;SP;257.86;250.69;-7.17
140148;1;29/06/2026;MAJO - COTIA;Filial;São Paulo;SP;Suzano;SP;1008.09;1008.11;0.02
140136;1;29/06/2026;MAJO - COTIA;Filial;São Paulo;SP;São Paulo;SP;;293.75;
140137;1;29/06/2026;MAJO - COTIA;Filial;São Paulo;SP;Osasco;SP;471.47;471.49;0.02
140138;1;29/06/2026;MAJO - COTIA;Filial;São Paulo;SP;Caraguatatuba;SP;402.42;390.97;-11.45
140158;1;29/06/2026;MAJO - COTIA;Filial;São Paulo;SP;São Vicente;SP;238.91;232.17;-6.74
140139;1;29/06/2026;MAJO - COTIA;Filial;São Paulo;SP;Caraguatatuba;SP;482.91;469.17;-13.74
140178;1;29/06/2026;MAJO - COTIA;Filial;São Paulo;SP;São José dos Campos;SP;156.89;151.44;-5.45
140159;1;29/06/2026;MAJO - COTIA;Filial;São Paulo;SP;Carapicuíba;SP;105.33;105.35;0.02
140167;1;29/06/2026;MAJO - COTIA;Filial;São Paulo;SP;Lorena;SP;738.83;717.93;-20.9
140161;1;29/06/2026;MAJO - COTIA;Filial;São Paulo;SP;Santa Branca;SP;152.97;147.52;-5.45
140141;1;29/06/2026;MAJO - COTIA;Filial;São Paulo;SP;Carapicuíba;SP;1380.94;1380.97;0.03
140170;1;29/06/2026;MAJO - COTIA;Filial;São Paulo;SP;São Vicente;SP;159.16;153.72;-5.44
140162;1;29/06/2026;MAJO - COTIA;Filial;São Paulo;SP;Osasco;SP;255.44;255.47;0.03
665047;1;23/04/2026;TRANSFORM EMPRESA DE TRANSPORTES LTDA;Filial;São Paulo;SP;Rio de Janeiro;RJ;6052.27;6052.27;
665682;1;28/04/2026;TRANSFORM EMPRESA DE TRANSPORTES LTDA;Filial;São Paulo;SP;Duque de Caxias;RJ;6052.27;6052.27;
990589;2;29/05/2026;Manda La Transportes de Cargas LTDA;Filial;São Paulo;SP;Brasília;DF;;48.17;
665809;1;30/04/2026;TRANSFORM EMPRESA DE TRANSPORTES LTDA;Filial;São Paulo;SP;Rio de Janeiro;RJ;6052.27;6052.27;
666052;1;05/05/2026;TRANSFORM EMPRESA DE TRANSPORTES LTDA;Filial;São Paulo;SP;Rio de Janeiro;RJ;6052.27;6052.27;
665903;1;02/05/2026;TRANSFORM EMPRESA DE TRANSPORTES LTDA;Filial;São Paulo;SP;Rio de Janeiro;RJ;6052.27;6052.27;
665690;1;29/04/2026;TRANSFORM EMPRESA DE TRANSPORTES LTDA;Filial;São Paulo;SP;Rio de Janeiro;RJ;6052.27;6052.27;
665042;1;23/04/2026;TRANSFORM EMPRESA DE TRANSPORTES LTDA;Filial;São Paulo;SP;Rio de Janeiro;RJ;6052.27;6052.27;
9491;1;21/05/2026;TONI TRANSPORTES E LOGISTICA LTDA;Filial;São Paulo;SP;São Paulo;SP;2398;356.36;-2041.64
145521;1;03/08/2026;MAJO - COTIA;Filial;São Paulo;SP;Jacareí;SP;617.34;605.66;-11.68
145523;1;03/08/2026;MAJO - COTIA;Filial;São Paulo;SP;Caraguatatuba;SP;970.4;948.66;-21.74
145525;1;03/08/2026;MAJO - COTIA;Filial;São Paulo;SP;Aparecida;SP;514.17;505.42;-8.75
145526;1;03/08/2026;MAJO - COTIA;Filial;São Paulo;SP;Pindamonhangaba;SP;988.86;966.63;-22.23
145528;1;03/08/2026;MAJO - COTIA;Filial;São Paulo;SP;Jacareí;SP;397.45;391.99;-5.46
145529;1;03/08/2026;MAJO - COTIA;Filial;São Paulo;SP;Ubatuba;SP;920.03;899.72;-20.31
145542;1;03/08/2026;MAJO - COTIA;Filial;São Paulo;SP;Taubaté;SP;663.49;650.52;-12.97
145532;1;03/08/2026;MAJO - COTIA;Filial;São Paulo;SP;Jacareí;SP;360.65;355.22;-5.43
145543;1;03/08/2026;MAJO - COTIA;Filial;São Paulo;SP;Pindamonhangaba;SP;498.65;490.32;-8.33
145544;1;03/08/2026;MAJO - COTIA;Filial;São Paulo;SP;Caçapava;SP;754.51;738.93;-15.58
145545;1;03/08/2026;MAJO - COTIA;Filial;São Paulo;SP;Guaratinguetá;SP;204.94;199.16;-5.78
145536;1;03/08/2026;MAJO - COTIA;Filial;São Paulo;SP;Caraguatatuba;SP;799.27;782.38;-16.89
145546;1;03/08/2026;MAJO - COTIA;Filial;São Paulo;SP;Jacareí;SP;560.1;550.01;-10.09
145540;1;03/08/2026;MAJO - COTIA;Filial;São Paulo;SP;São Sebastião;SP;875.81;850.95;-24.86
240;2;29/07/2026;TONI TRANSPORTES E LOGISTICA LTDA;Filial;São Paulo;SP;Santa Bárbara d'Oeste;SP;3407;813.96;-2593.04
76;2;19/06/2026;TONI TRANSPORTES E LOGISTICA LTDA;Filial;São Paulo;SP;Taubaté;SP;3488.01;3482.01;-6
100;2;26/06/2026;TONI TRANSPORTES E LOGISTICA LTDA;Filial;São Paulo;SP;Cajamar;SP;3161;3155.42;-5.58
994180;0;25/05/2026;MVT CAMPINAS SOL. EM TRANSPORTES LTDA;Filial;São Paulo;SP;Catanduva;SP;468.69;577.49;108.8
994181;0;25/05/2026;MVT CAMPINAS SOL. EM TRANSPORTES LTDA;Filial;São Paulo;SP;Araraquara;SP;1044.61;1287.1;242.49
343;2;21/08/2026;TONI TRANSPORTES E LOGISTICA LTDA;Filial;São Paulo;SP;Guarulhos;SP;499.8;499.8;
149358;0;28/05/2026;MVT CAMPINAS SOL. EM TRANSPORTES LTDA;Filial;São Paulo;SP;Assis;SP;;50.89;50.89
149359;0;28/05/2026;MVT CAMPINAS SOL. EM TRANSPORTES LTDA;Filial;São Paulo;SP;Piracicaba;SP;57.03;72.73;15.7
995706;0;28/05/2026;MVT CAMPINAS SOL. EM TRANSPORTES LTDA;Filial;São Paulo;SP;Araraquara;SP;24.9;30.68;5.78
152339;0;12/06/2026;MVT CAMPINAS SOL. EM TRANSPORTES LTDA;Filial;São Paulo;SP;São Carlos;SP;673.28;701.86;28.58
148196;0;22/05/2026;MVT CAMPINAS SOL. EM TRANSPORTES LTDA;Filial;São Paulo;SP;Ribeirão Preto;SP;953.13;823.75;-129.38
148195;0;22/05/2026;MVT CAMPINAS SOL. EM TRANSPORTES LTDA;Filial;São Paulo;SP;São José do Rio Preto;SP;953.13;350.13;-603
148194;0;22/05/2026;MVT CAMPINAS SOL. EM TRANSPORTES LTDA;Filial;São Paulo;SP;Araraquara;SP;953.13;2759.99;1806.86
148198;0;22/05/2026;MVT CAMPINAS SOL. EM TRANSPORTES LTDA;Filial;São Paulo;SP;Ribeirão Preto;SP;953.13;1229.43;276.3
148197;0;22/05/2026;MVT CAMPINAS SOL. EM TRANSPORTES LTDA;Filial;São Paulo;SP;São José do Rio Preto;SP;953.11;720.34;-232.77
9509;1;25/05/2026;TONI TRANSPORTES E LOGISTICA LTDA;Filial;São Paulo;SP;São Paulo;SP;2398;2398;
151821;2;19/05/2026;T.G LOGISTICA E TRANSPORTES;Filial;São Paulo;SP;Rio de Janeiro;RJ;1667.02;1638.72;-28.3
141128;1;01/07/2026;MAJO - COTIA;Filial;São Paulo;SP;São Vicente;SP;546.18;536.43;-9.75
156130;0;30/06/2026;MVT CAMPINAS SOL. EM TRANSPORTES LTDA;Filial;São Paulo;SP;Araraquara;SP;155.5;161.86;6.36
156124;0;30/06/2026;MVT CAMPINAS SOL. EM TRANSPORTES LTDA;Filial;São Paulo;SP;Catanduva;SP;293.72;300.1;6.38
148202;0;22/05/2026;MVT CAMPINAS SOL. EM TRANSPORTES LTDA;Filial;São Paulo;SP;Araçatuba;SP;541.3;660.97;119.67
148201;0;22/05/2026;MVT CAMPINAS SOL. EM TRANSPORTES LTDA;Filial;São Paulo;SP;Bauru;SP;1602.04;1956.22;354.18
148200;0;22/05/2026;MVT CAMPINAS SOL. EM TRANSPORTES LTDA;Filial;São Paulo;SP;Presidente Prudente;SP;925.19;1129.73;204.54
147459;0;19/05/2026;MVT CAMPINAS SOL. EM TRANSPORTES LTDA;Filial;São Paulo;SP;Araras;SP;673.6;859.13;185.53
147457;0;19/05/2026;MVT CAMPINAS SOL. EM TRANSPORTES LTDA;Filial;São Paulo;SP;Piracicaba;SP;673.6;859.13;185.53
147468;0;19/05/2026;MVT CAMPINAS SOL. EM TRANSPORTES LTDA;Filial;São Paulo;SP;Limeira;SP;673.6;859.13;185.53
147466;0;19/05/2026;MVT CAMPINAS SOL. EM TRANSPORTES LTDA;Filial;São Paulo;SP;Mogi Guaçu;SP;673.6;859.13;185.53
147462;0;19/05/2026;MVT CAMPINAS SOL. EM TRANSPORTES LTDA;Filial;São Paulo;SP;Limeira;SP;1307.09;1667.1;360.01
147464;0;19/05/2026;MVT CAMPINAS SOL. EM TRANSPORTES LTDA;Filial;São Paulo;SP;Rio Claro;SP;358.39;457.1;98.71
147454;0;19/05/2026;MVT CAMPINAS SOL. EM TRANSPORTES LTDA;Filial;São Paulo;SP;Socorro;SP;50.12;63.93;13.81
147465;0;19/05/2026;MVT CAMPINAS SOL. EM TRANSPORTES LTDA;Filial;São Paulo;SP;Socorro;SP;350.38;446.88;96.5
147463;0;19/05/2026;MVT CAMPINAS SOL. EM TRANSPORTES LTDA;Filial;São Paulo;SP;Mogi Guaçu;SP;187.21;238.77;51.56
147467;0;19/05/2026;MVT CAMPINAS SOL. EM TRANSPORTES LTDA;Filial;São Paulo;SP;Holambra;SP;246.11;313.89;67.78
147461;0;19/05/2026;MVT CAMPINAS SOL. EM TRANSPORTES LTDA;Filial;São Paulo;SP;São Pedro;SP;77.02;98.24;21.22
147456;0;19/05/2026;MVT CAMPINAS SOL. EM TRANSPORTES LTDA;Filial;São Paulo;SP;Morungaba;SP;191.66;244.45;52.79
147455;0;19/05/2026;MVT CAMPINAS SOL. EM TRANSPORTES LTDA;Filial;São Paulo;SP;Mogi Guaçu;SP;122.98;156.85;33.87
147460;0;19/05/2026;MVT CAMPINAS SOL. EM TRANSPORTES LTDA;Filial;São Paulo;SP;Hortolândia;SP;55.33;70.57;15.24
153158;2;16/06/2026;T.G LOGISTICA E TRANSPORTES;Filial;São Paulo;SP;Itaboraí;RJ;1133.13;1133.13;
150837;0;05/06/2026;MVT CAMPINAS SOL. EM TRANSPORTES LTDA;Filial;São Paulo;SP;Hortolândia;SP;159.23;332.26;173.03
150839;0;05/06/2026;MVT CAMPINAS SOL. EM TRANSPORTES LTDA;Okker;São Paulo;SP;Campinas;SP;63.02;208.66;145.64
64;2;17/06/2026;TONI TRANSPORTES E LOGISTICA LTDA;Filial;São Paulo;SP;Sumaré;SP;3488;3476.39;-11.61
153156;2;16/06/2026;T.G LOGISTICA E TRANSPORTES;Filial;São Paulo;SP;Resende;RJ;589.35;589.35;
153159;2;16/06/2026;T.G LOGISTICA E TRANSPORTES;Filial;São Paulo;SP;Duque de Caxias;RJ;1141.83;1141.83;
153164;2;16/06/2026;T.G LOGISTICA E TRANSPORTES;Filial;São Paulo;SP;Rio das Ostras;RJ;1286.2;1286.2;
153166;2;16/06/2026;T.G LOGISTICA E TRANSPORTES;Filial;São Paulo;SP;Cabo Frio;RJ;708.31;708.31;
153167;2;16/06/2026;T.G LOGISTICA E TRANSPORTES;Filial;São Paulo;SP;São Gonçalo;RJ;617.9;617.9;
153170;2;16/06/2026;T.G LOGISTICA E TRANSPORTES;Filial;São Paulo;SP;Rio de Janeiro;RJ;544.34;544.34;
153171;2;16/06/2026;T.G LOGISTICA E TRANSPORTES;Filial;São Paulo;SP;Rio de Janeiro;RJ;3636.05;3636.05;
152338;0;12/06/2026;MVT CAMPINAS SOL. EM TRANSPORTES LTDA;Filial;São Paulo;SP;Limeira;SP;388.52;407.97;19.45
152342;0;12/06/2026;MVT CAMPINAS SOL. EM TRANSPORTES LTDA;Filial;São Paulo;SP;Limeira;SP;468.03;491.16;23.13
152344;0;12/06/2026;MVT CAMPINAS SOL. EM TRANSPORTES LTDA;Filial;São Paulo;SP;Limeira;SP;1174.72;1235.52;60.8
152341;0;12/06/2026;MVT CAMPINAS SOL. EM TRANSPORTES LTDA;Filial;São Paulo;SP;Paulínia;SP;200.24;211.48;11.24
152345;0;12/06/2026;MVT CAMPINAS SOL. EM TRANSPORTES LTDA;Filial;São Paulo;SP;Jarinu;SP;500.01;524.99;24.98
152337;0;12/06/2026;MVT CAMPINAS SOL. EM TRANSPORTES LTDA;Filial;São Paulo;SP;Itatiba;SP;336.27;345.97;9.7
152340;0;12/06/2026;MVT CAMPINAS SOL. EM TRANSPORTES LTDA;Filial;São Paulo;SP;Valinhos;SP;555.66;587.26;31.6
152343;0;12/06/2026;MVT CAMPINAS SOL. EM TRANSPORTES LTDA;Filial;São Paulo;SP;Santo Antônio de Posse;SP;241.02;252.85;11.83
154602;0;23/06/2026;MVT CAMPINAS SOL. EM TRANSPORTES LTDA;Filial;São Paulo;SP;Campo Limpo Paulista;SP;324.91;341.08;16.17
154595;0;23/06/2026;MVT CAMPINAS SOL. EM TRANSPORTES LTDA;Filial;São Paulo;SP;Jarinu;SP;312.7;328.25;15.55
154598;0;23/06/2026;MVT CAMPINAS SOL. EM TRANSPORTES LTDA;Filial;São Paulo;SP;Várzea Paulista;SP;326.63;342.98;16.35
154600;0;23/06/2026;MVT CAMPINAS SOL. EM TRANSPORTES LTDA;Filial;São Paulo;SP;Jarinu;SP;855.84;899.41;43.57
154603;0;23/06/2026;MVT CAMPINAS SOL. EM TRANSPORTES LTDA;Filial;São Paulo;SP;Campinas;SP;267.27;281.93;14.66
154594;0;23/06/2026;MVT CAMPINAS SOL. EM TRANSPORTES LTDA;Filial;São Paulo;SP;Campinas;SP;834.65;882.14;47.49
154596;0;23/06/2026;MVT CAMPINAS SOL. EM TRANSPORTES LTDA;Filial;São Paulo;SP;Campinas;SP;690.95;730.35;39.4
154601;0;23/06/2026;MVT CAMPINAS SOL. EM TRANSPORTES LTDA;Filial;São Paulo;SP;Campinas;SP;1164.76;1231.47;66.71
154593;0;23/06/2026;MVT CAMPINAS SOL. EM TRANSPORTES LTDA;Filial;São Paulo;SP;Jundiaí;SP;172.07;180.47;8.4
154597;0;23/06/2026;MVT CAMPINAS SOL. EM TRANSPORTES LTDA;Filial;São Paulo;SP;Valinhos;SP;759.31;794.81;35.5
154592;0;23/06/2026;MVT CAMPINAS SOL. EM TRANSPORTES LTDA;Filial;São Paulo;SP;Itu;SP;142.57;148.19;5.62
154599;0;23/06/2026;MVT CAMPINAS SOL. EM TRANSPORTES LTDA;Filial;São Paulo;SP;Salto;SP;164.9;171.64;6.74
28;2;06/06/2026;TONI TRANSPORTES E LOGISTICA LTDA;Matriz;São Paulo;SP;Itapevi;SP;2398.01;2398;-0.01
149376;0;28/05/2026;MVT CAMPINAS SOL. EM TRANSPORTES LTDA;Filial;São Paulo;SP;Bauru;SP;675.63;825;149.37
29;2;06/06/2026;TONI TRANSPORTES E LOGISTICA LTDA;Filial;São Paulo;SP;Sumaré;SP;3488;3476.39;-11.61
30;2;06/06/2026;TONI TRANSPORTES E LOGISTICA LTDA;Filial;São Paulo;SP;São José do Rio Preto;SP;7521;7462.05;-58.95
9534;1;29/05/2026;TONI TRANSPORTES E LOGISTICA LTDA;Filial;São Paulo;SP;São Paulo;SP;2398;2398;
150544;0;03/06/2026;MVT CAMPINAS SOL. EM TRANSPORTES LTDA;Filial;São Paulo;SP;Mogi Guaçu;SP;187.21;238.77;51.56
150545;0;03/06/2026;MVT CAMPINAS SOL. EM TRANSPORTES LTDA;Filial;São Paulo;SP;Mogi Guaçu;SP;122.98;156.85;33.87
380336;1;11/07/2026;LOTUS LOGISTICA EIRELI;Filial;São Paulo;SP;São Bernardo do Campo;SP;332.38;332.37;-0.01
380353;1;11/07/2026;LOTUS LOGISTICA EIRELI;Filial;São Paulo;SP;São Bernardo do Campo;SP;137.01;142.93;5.92
380330;1;11/07/2026;LOTUS LOGISTICA EIRELI;Filial;São Paulo;SP;Santo André;SP;547.07;547.07;
380354;1;11/07/2026;LOTUS LOGISTICA EIRELI;Filial;São Paulo;SP;Santo André;SP;136.57;149.02;12.45
380337;1;11/07/2026;LOTUS LOGISTICA EIRELI;Filial;São Paulo;SP;Diadema;SP;332.38;332.37;-0.01
380331;1;11/07/2026;LOTUS LOGISTICA EIRELI;Filial;São Paulo;SP;Santo André;SP;716.83;277.22;-439.61
380333;1;11/07/2026;LOTUS LOGISTICA EIRELI;Filial;São Paulo;SP;Diadema;SP;166.18;166.18;
380362;1;11/07/2026;LOTUS LOGISTICA EIRELI;Filial;São Paulo;SP;Diadema;SP;136.59;140.34;3.75
380350;1;11/07/2026;LOTUS LOGISTICA EIRELI;Filial;São Paulo;SP;São Bernardo do Campo;SP;138.08;245.87;107.79
380352;1;11/07/2026;LOTUS LOGISTICA EIRELI;Filial;São Paulo;SP;Diadema;SP;176.8;204.16;27.36
380345;1;11/07/2026;LOTUS LOGISTICA EIRELI;Filial;São Paulo;SP;São Bernardo do Campo;SP;139.93;140.77;0.84
380325;1;11/07/2026;LOTUS LOGISTICA EIRELI;Filial;São Paulo;SP;Mauá;SP;163.7;163.7;
380328;1;11/07/2026;LOTUS LOGISTICA EIRELI;Filial;São Paulo;SP;São Bernardo do Campo;SP;137.16;137.31;0.15
380355;1;11/07/2026;LOTUS LOGISTICA EIRELI;Filial;São Paulo;SP;Santo André;SP;141.73;142.06;0.33
380366;1;11/07/2026;LOTUS LOGISTICA EIRELI;Filial;São Paulo;SP;Mauá;SP;140.14;140.7;0.56
380364;1;11/07/2026;LOTUS LOGISTICA EIRELI;Filial;São Paulo;SP;Mauá;SP;140.14;140.7;0.56
380346;1;11/07/2026;LOTUS LOGISTICA EIRELI;Filial;São Paulo;SP;Santo André;SP;144.08;144.59;0.51
114;2;30/06/2026;TONI TRANSPORTES E LOGISTICA LTDA;Filial;São Paulo;SP;São José do Rio Preto;SP;7521;7462.05;-58.95
380343;1;11/07/2026;LOTUS LOGISTICA EIRELI;Filial;São Paulo;SP;Rio Grande da Serra;SP;143.22;514.43;371.21
380340;1;11/07/2026;LOTUS LOGISTICA EIRELI;Filial;São Paulo;SP;Santo André;SP;700.05;700.03;-0.02
380327;1;11/07/2026;LOTUS LOGISTICA EIRELI;Filial;São Paulo;SP;Diadema;SP;139.17;139.86;0.69
380323;1;11/07/2026;LOTUS LOGISTICA EIRELI;Filial;São Paulo;SP;Mauá;SP;140.25;141.22;0.97
380338;1;11/07/2026;LOTUS LOGISTICA EIRELI;Filial;São Paulo;SP;Santo André;SP;332.38;332.37;-0.01
380342;1;11/07/2026;LOTUS LOGISTICA EIRELI;Filial;São Paulo;SP;Santo André;SP;1400.05;1400.05;
380324;1;11/07/2026;LOTUS LOGISTICA EIRELI;Filial;São Paulo;SP;São Bernardo do Campo;SP;142.45;142.45;
380348;1;11/07/2026;LOTUS LOGISTICA EIRELI;Filial;São Paulo;SP;Mauá;SP;137.09;137.26;0.17
153493;2;20/06/2026;T.G LOGISTICA E TRANSPORTES;Filial;São Paulo;SP;Rio de Janeiro;RJ;893.19;1795.01;901.82
153494;2;20/06/2026;T.G LOGISTICA E TRANSPORTES;Filial;São Paulo;SP;Rio de Janeiro;RJ;2810.72;5668.7;2857.98
380329;1;11/07/2026;LOTUS LOGISTICA EIRELI;Filial;São Paulo;SP;Mauá;SP;618.75;549.97;-68.78
380361;1;11/07/2026;LOTUS LOGISTICA EIRELI;Filial;São Paulo;SP;Santo André;SP;146.59;146.59;
380358;1;11/07/2026;LOTUS LOGISTICA EIRELI;Filial;São Paulo;SP;São Bernardo do Campo;SP;141.9;141.9;
380339;1;11/07/2026;LOTUS LOGISTICA EIRELI;Filial;São Paulo;SP;Mauá;SP;332.38;332.37;-0.01
380367;1;11/07/2026;LOTUS LOGISTICA EIRELI;Filial;São Paulo;SP;Mauá;SP;142.02;142.89;0.87
143311;1;16/07/2026;MAJO - COTIA;Filial;São Paulo;SP;Jacareí;SP;952.23;568.18;-384.05
380334;1;11/07/2026;LOTUS LOGISTICA EIRELI;Filial;São Paulo;SP;São Bernardo do Campo;SP;166.18;166.18;
380344;1;11/07/2026;LOTUS LOGISTICA EIRELI;Filial;São Paulo;SP;Santo André;SP;136.8;148.07;11.27
380349;1;11/07/2026;LOTUS LOGISTICA EIRELI;Filial;São Paulo;SP;Santo André;SP;137.33;137.57;0.24
380359;1;11/07/2026;LOTUS LOGISTICA EIRELI;Filial;São Paulo;SP;Mauá;SP;136.61;143.57;6.96
380369;1;11/07/2026;LOTUS LOGISTICA EIRELI;Filial;São Paulo;SP;Mauá;SP;182.25;146.14;-36.11
380341;1;11/07/2026;LOTUS LOGISTICA EIRELI;Filial;São Paulo;SP;Ribeirão Pires;SP;700.05;700.03;-0.02
380332;1;11/07/2026;LOTUS LOGISTICA EIRELI;Filial;São Paulo;SP;São Bernardo do Campo;SP;138.27;138.56;0.29
380335;1;11/07/2026;LOTUS LOGISTICA EIRELI;Filial;São Paulo;SP;São Bernardo do Campo;SP;332.38;332.37;-0.01
380357;1;11/07/2026;LOTUS LOGISTICA EIRELI;Filial;São Paulo;SP;São Caetano do Sul;SP;136.45;198.69;62.24
380365;1;11/07/2026;LOTUS LOGISTICA EIRELI;Filial;São Paulo;SP;Santo André;SP;139.53;139.53;
1005398;0;25/06/2026;MVT CAMPINAS SOL. EM TRANSPORTES LTDA;Filial;São Paulo;SP;Ribeirão Preto;SP;97.67;100.83;3.16
140776;1;30/06/2026;MAJO - COTIA;Filial;São Paulo;SP;Franco da Rocha;SP;303.33;303.33;
1005399;0;25/06/2026;MVT CAMPINAS SOL. EM TRANSPORTES LTDA;Filial;São Paulo;SP;Ibaté;SP;277.49;289.15;11.66
140777;1;30/06/2026;MAJO - COTIA;Filial;São Paulo;SP;Guarujá;SP;148.5;143.06;-5.44
140778;1;30/06/2026;MAJO - COTIA;Filial;São Paulo;SP;Mogi das Cruzes;SP;107.05;107.09;0.04
1005404;0;25/06/2026;MVT CAMPINAS SOL. EM TRANSPORTES LTDA;Filial;São Paulo;SP;Nova Granada;SP;569.88;587.93;18.05
1005401;0;25/06/2026;MVT CAMPINAS SOL. EM TRANSPORTES LTDA;Filial;São Paulo;SP;Descalvado;SP;111.36;114.4;3.04
1005403;0;25/06/2026;MVT CAMPINAS SOL. EM TRANSPORTES LTDA;Filial;São Paulo;SP;Dourado;SP;1781.58;1858.03;76.45
1005400;0;25/06/2026;MVT CAMPINAS SOL. EM TRANSPORTES LTDA;Filial;São Paulo;SP;São Carlos;SP;569.92;593.91;23.99
1005407;0;25/06/2026;MVT CAMPINAS SOL. EM TRANSPORTES LTDA;Filial;São Paulo;SP;Ribeirão Preto;SP;3101.66;3254.9;153.24
1005406;0;25/06/2026;MVT CAMPINAS SOL. EM TRANSPORTES LTDA;Filial;São Paulo;SP;Franca;SP;3946.09;4111.49;165.4
1005405;0;25/06/2026;MVT CAMPINAS SOL. EM TRANSPORTES LTDA;Filial;São Paulo;SP;Barretos;SP;1786.33;1857.69;71.36
151332;0;09/06/2026;MVT CAMPINAS SOL. EM TRANSPORTES LTDA;Filial;São Paulo;SP;Campinas;SP;52.06;196.41;144.35
85;2;23/06/2026;TONI TRANSPORTES E LOGISTICA LTDA;Filial;São Paulo;SP;São Paulo;SP;2398;2398;
149350;0;28/05/2026;MVT CAMPINAS SOL. EM TRANSPORTES LTDA;Filial;São Paulo;SP;Limeira;SP;1485.31;1555.38;70.07
152617;2;06/06/2026;T.G LOGISTICA E TRANSPORTES;Filial;São Paulo;SP;Rio de Janeiro;RJ;;1283.58;
152618;2;06/06/2026;T.G LOGISTICA E TRANSPORTES;Filial;São Paulo;SP;Cabo Frio;RJ;;1776.84;
150266;0;02/06/2026;MVT CAMPINAS SOL. EM TRANSPORTES LTDA;Filial;São Paulo;SP;Ribeirão Preto;SP;937.22;40.91;-896.31
152619;2;06/06/2026;T.G LOGISTICA E TRANSPORTES;Filial;São Paulo;SP;Cabo Frio;RJ;494.91;494.91;
152620;2;06/06/2026;T.G LOGISTICA E TRANSPORTES;Filial;São Paulo;SP;Rio de Janeiro;RJ;;2249.25;
150856;0;05/06/2026;MVT CAMPINAS SOL. EM TRANSPORTES LTDA;Filial;São Paulo;SP;Barretos;SP;599.28;618.9;19.62
150858;0;05/06/2026;MVT CAMPINAS SOL. EM TRANSPORTES LTDA;Filial;São Paulo;SP;Franca;SP;1429.91;1484.75;54.84
150859;0;05/06/2026;MVT CAMPINAS SOL. EM TRANSPORTES LTDA;Filial;São Paulo;SP;Batatais;SP;240.06;249.95;9.89
150860;0;05/06/2026;MVT CAMPINAS SOL. EM TRANSPORTES LTDA;Filial;São Paulo;SP;Ribeirão Preto;SP;1982.9;2085.17;102.27
150857;0;05/06/2026;MVT CAMPINAS SOL. EM TRANSPORTES LTDA;Filial;São Paulo;SP;Ribeirão Preto;SP;2940.67;3085.72;145.05
8;2;02/06/2026;TONI TRANSPORTES E LOGISTICA LTDA;Filial;São Paulo;SP;Campinas;SP;3488;3488;
9;2;02/06/2026;TONI TRANSPORTES E LOGISTICA LTDA;Filial;São Paulo;SP;Guarujá;SP;3815.01;3815;-0.01
6;2;02/06/2026;TONI TRANSPORTES E LOGISTICA LTDA;Filial;São Paulo;SP;Santos;SP;3488.01;3488;-0.01
5;2;01/06/2026;TONI TRANSPORTES E LOGISTICA LTDA;Filial;São Paulo;SP;Barueri;SP;2398.01;2398;-0.01
4;2;01/06/2026;TONI TRANSPORTES E LOGISTICA LTDA;Filial;São Paulo;SP;Sumaré;SP;3488;3488;
3;2;01/06/2026;TONI TRANSPORTES E LOGISTICA LTDA;Filial;São Paulo;SP;Santa Bárbara d'Oeste;SP;3488.01;3488;-0.01
154502;0;23/06/2026;MVT CAMPINAS SOL. EM TRANSPORTES LTDA;Filial;São Paulo;SP;Piracicaba;SP;468.97;340.97;-128
483963;2;07/08/2026;TRANSPORTADORA KARAVAGGIO LTDA;Filial;São Paulo;SP;Wenceslau Braz;PR;178.17;217.94;39.77
483961;2;07/08/2026;TRANSPORTADORA KARAVAGGIO LTDA;Filial;São Paulo;SP;Carlópolis;PR;172.51;212.28;39.77
142604;1;13/07/2026;MAJO - COTIA;Filial;São Paulo;SP;Mogi Guaçu;SP;151.45;146.02;-5.43
142606;1;13/07/2026;MAJO - COTIA;Filial;São Paulo;SP;Limeira;SP;757.61;736.06;-21.55
142605;1;13/07/2026;MAJO - COTIA;Filial;São Paulo;SP;Bragança Paulista;SP;154.22;148.8;-5.42
142607;1;13/07/2026;MAJO - COTIA;Filial;São Paulo;SP;Mogi Mirim;SP;154.1;148.65;-5.45
153722;2;26/06/2026;T.G LOGISTICA E TRANSPORTES;Filial;São Paulo;SP;Paraty;RJ;146.92;146.92;
153723;2;26/06/2026;T.G LOGISTICA E TRANSPORTES;Filial;São Paulo;SP;Paraty;RJ;199.8;199.8;
153724;2;26/06/2026;T.G LOGISTICA E TRANSPORTES;Filial;São Paulo;SP;Paraty;RJ;1417.78;1417.78;
153725;2;26/06/2026;T.G LOGISTICA E TRANSPORTES;Filial;São Paulo;SP;Rio de Janeiro;RJ;134.51;134.51;
62;2;16/06/2026;TONI TRANSPORTES E LOGISTICA LTDA;Filial;São Paulo;SP;Vargem Grande Paulista;SP;2398;2398;
1005424;0;25/06/2026;MVT CAMPINAS SOL. EM TRANSPORTES LTDA;Okker;São Paulo;SP;Ribeirão Preto;SP;385.41;397.9;12.49
1005423;0;25/06/2026;MVT CAMPINAS SOL. EM TRANSPORTES LTDA;Okker;São Paulo;SP;Ribeirão Preto;SP;373.88;385.77;11.89
1005418;0;25/06/2026;MVT CAMPINAS SOL. EM TRANSPORTES LTDA;Okker;São Paulo;SP;Ribeirão Preto;SP;328.4;337.78;9.38
1005421;0;25/06/2026;MVT CAMPINAS SOL. EM TRANSPORTES LTDA;Okker;São Paulo;SP;Ribeirão Preto;SP;213.77;215.66;1.89
1005419;0;25/06/2026;MVT CAMPINAS SOL. EM TRANSPORTES LTDA;Okker;São Paulo;SP;Araraquara;SP;437.39;450.01;12.62
1005420;0;25/06/2026;MVT CAMPINAS SOL. EM TRANSPORTES LTDA;Okker;São Paulo;SP;São José do Rio Preto;SP;213.75;215.23;1.48
142992;1;15/07/2026;MAJO - COTIA;Filial;São Paulo;SP;Santos;SP;153.45;147.99;-5.46
143000;1;15/07/2026;MAJO - COTIA;Filial;São Paulo;SP;Guarulhos;SP;305.26;305.26;
143004;1;15/07/2026;MAJO - COTIA;Filial;São Paulo;SP;Ribeirão Preto;SP;361.44;361.47;0.03
143012;1;15/07/2026;MAJO - COTIA;Filial;São Paulo;SP;Socorro;SP;590.7;375.36;-215.34
142991;1;15/07/2026;MAJO - COTIA;Filial;São Paulo;SP;Guarulhos;SP;105.42;105.42;
143025;1;15/07/2026;MAJO - COTIA;Filial;São Paulo;SP;Guarulhos;SP;111.51;111.55;0.04
142995;1;15/07/2026;MAJO - COTIA;Filial;São Paulo;SP;Itaquaquecetuba;SP;304.24;304.25;0.01
142997;1;15/07/2026;MAJO - COTIA;Filial;São Paulo;SP;Guararema;SP;155.08;149.63;-5.45
143044;1;15/07/2026;MAJO - COTIA;Filial;São Paulo;SP;São Vicente;SP;225.83;219.55;-6.28
143009;1;15/07/2026;MAJO - COTIA;Filial;São Paulo;SP;Jaguariúna;SP;363.14;357.68;-5.46
143005;1;15/07/2026;MAJO - COTIA;Filial;São Paulo;SP;Guarulhos;SP;312.33;312.34;0.01
143030;1;15/07/2026;MAJO - COTIA;Filial;São Paulo;SP;Guarulhos;SP;315.85;315.89;0.04
143017;1;15/07/2026;MAJO - COTIA;Filial;São Paulo;SP;Carapicuíba;SP;184.34;184.38;0.04
143033;1;15/07/2026;MAJO - COTIA;Filial;São Paulo;SP;São José dos Campos;SP;153.76;148.31;-5.45
667363;1;28/05/2026;TRANSFORM EMPRESA DE TRANSPORTES LTDA;Filial;São Paulo;SP;Nova Odessa;SP;6052.27;4201.13;-1851.14
666558;1;14/05/2026;TRANSFORM EMPRESA DE TRANSPORTES LTDA;Filial;São Paulo;SP;Rio de Janeiro;RJ;6052.27;6052.27;
667504;1;30/05/2026;TRANSFORM EMPRESA DE TRANSPORTES LTDA;Filial;São Paulo;SP;Guarulhos;SP;6052.27;2272.72;-3779.55
667493;1;29/05/2026;TRANSFORM EMPRESA DE TRANSPORTES LTDA;Filial;São Paulo;SP;Rio de Janeiro;RJ;6052.27;6052.27;
666402;1;12/05/2026;TRANSFORM EMPRESA DE TRANSPORTES LTDA;Filial;São Paulo;SP;Rio de Janeiro;RJ;6052.27;6052.27;
666121;1;06/05/2026;TRANSFORM EMPRESA DE TRANSPORTES LTDA;Filial;São Paulo;SP;Rio de Janeiro;RJ;6052.27;6052.27;
667909;1;05/06/2026;TRANSFORM EMPRESA DE TRANSPORTES LTDA;Filial;São Paulo;SP;Rio de Janeiro;RJ;6052.27;6052.27;
94;2;25/06/2026;TONI TRANSPORTES E LOGISTICA LTDA;Filial;São Paulo;SP;São Paulo;SP;2398;2398;
140193;1;29/06/2026;MAJO - COTIA;Filial;São Paulo;SP;Bauru;SP;399.03;3371.65;2972.62
140194;1;29/06/2026;MAJO - COTIA;Filial;São Paulo;SP;Caraguatatuba;SP;1808.76;1757.64;-51.12
140195;1;29/06/2026;MAJO - COTIA;Filial;São Paulo;SP;Dumont;SP;;9.47;
140197;1;29/06/2026;MAJO - COTIA;Filial;São Paulo;SP;Ribeirão Preto;SP;4000;2173;-1827
140198;1;29/06/2026;MAJO - COTIA;Filial;São Paulo;SP;Igaratá;SP;;148.08;
145346;1;30/07/2026;MAJO - COTIA;Filial;São Paulo;SP;São José dos Campos;SP;1833.7;73.05;-1760.65
140199;1;29/06/2026;MAJO - COTIA;Filial;São Paulo;SP;Araçatuba;SP;493.53;3223.84;2730.31
140200;1;29/06/2026;MAJO - COTIA;Filial;São Paulo;SP;Caraguatatuba;SP;1787.13;1537.68;-249.45
140201;1;29/06/2026;MAJO - COTIA;Filial;São Paulo;SP;Presidente Prudente;SP;500.83;3337.6;2836.77
141174;1;02/07/2026;MAJO - COTIA;Filial;São Paulo;SP;Catanduva;SP;79.33;1396.49;1317.16
141248;1;02/07/2026;MAJO - COTIA;Filial;São Paulo;SP;Osasco;SP;451.43;451.44;0.01
141256;1;02/07/2026;MAJO - COTIA;Filial;São Paulo;SP;Osasco;SP;319.69;319.72;0.03
151615;0;10/06/2026;MVT CAMPINAS SOL. EM TRANSPORTES LTDA;Filial;São Paulo;SP;São José do Rio Preto;SP;840.05;30.68;-809.37
142228;1;09/07/2026;MAJO - COTIA;Filial;São Paulo;SP;Praia Grande;SP;3842.19;3739.26;-102.93
142227;1;09/07/2026;MAJO - COTIA;Filial;São Paulo;SP;Osasco;SP;2723.03;2723.06;0.03
151616;0;10/06/2026;MVT CAMPINAS SOL. EM TRANSPORTES LTDA;Filial;São Paulo;SP;São Carlos;SP;392.5;11.93;-380.57
151617;0;10/06/2026;MVT CAMPINAS SOL. EM TRANSPORTES LTDA;Filial;São Paulo;SP;Ribeirão Preto;SP;478.99;20.45;-458.54
151613;0;10/06/2026;MVT CAMPINAS SOL. EM TRANSPORTES LTDA;Filial;São Paulo;SP;Araraquara;SP;2311.19;129.55;-2181.64
151614;0;10/06/2026;MVT CAMPINAS SOL. EM TRANSPORTES LTDA;Filial;São Paulo;SP;Presidente Prudente;SP;870.98;43.18;-827.8
151620;0;10/06/2026;MVT CAMPINAS SOL. EM TRANSPORTES LTDA;Filial;São Paulo;SP;Hortolândia;SP;2419.73;459.09;-1960.64
151618;0;10/06/2026;MVT CAMPINAS SOL. EM TRANSPORTES LTDA;Filial;São Paulo;SP;Indaiatuba;SP;2659.4;395.45;-2263.95
151621;0;10/06/2026;MVT CAMPINAS SOL. EM TRANSPORTES LTDA;Filial;São Paulo;SP;Ribeirão Preto;SP;1231.81;64.77;-1167.04
151619;0;10/06/2026;MVT CAMPINAS SOL. EM TRANSPORTES LTDA;Filial;São Paulo;SP;Araraquara;SP;1855.98;86.36;-1769.62
142321;1;10/07/2026;MAJO - COTIA;Filial;São Paulo;SP;Bragança Paulista;SP;149.01;143.56;-5.45
152839;2;10/06/2026;T.G LOGISTICA E TRANSPORTES;Filial;São Paulo;SP;Volta Redonda;RJ;965.64;965.64;
142274;1;10/07/2026;MAJO - COTIA;Filial;São Paulo;SP;São José dos Campos;SP;157.69;152.25;-5.44
142275;1;10/07/2026;MAJO - COTIA;Filial;São Paulo;SP;Bertioga;SP;153.6;148.17;-5.43
142276;1;10/07/2026;MAJO - COTIA;Filial;São Paulo;SP;Capela do Alto;SP;159.08;153.63;-5.45
152840;2;10/06/2026;T.G LOGISTICA E TRANSPORTES;Filial;São Paulo;SP;Resende;RJ;965.64;965.64;
142280;1;10/07/2026;MAJO - COTIA;Filial;São Paulo;SP;Bertioga;SP;296.7;288.3;-8.4
142290;1;10/07/2026;MAJO - COTIA;Filial;São Paulo;SP;Santa Rita do Passa Quatro;SP;156.43;156.47;0.04
142333;1;10/07/2026;MAJO - COTIA;Filial;São Paulo;SP;Cajamar;SP;124.57;124.6;0.03
142304;1;10/07/2026;MAJO - COTIA;Filial;São Paulo;SP;Paulínia;SP;152.05;146.59;-5.46
142343;1;10/07/2026;MAJO - COTIA;Filial;São Paulo;SP;Bragança Paulista;SP;148.73;143.28;-5.45
142283;1;10/07/2026;MAJO - COTIA;Filial;São Paulo;SP;São José dos Campos;SP;195.08;189.63;-5.45
142291;1;10/07/2026;MAJO - COTIA;Filial;São Paulo;SP;Campinas;SP;438.42;425.93;-12.49
142285;1;10/07/2026;MAJO - COTIA;Filial;São Paulo;SP;São Roque;SP;201.07;195.34;-5.73
142292;1;10/07/2026;MAJO - COTIA;Filial;São Paulo;SP;Osasco;SP;465.34;260.82;-204.52
142308;1;10/07/2026;MAJO - COTIA;Filial;São Paulo;SP;Bertioga;SP;354.08;348.63;-5.45
142286;1;10/07/2026;MAJO - COTIA;Filial;São Paulo;SP;São José dos Campos;SP;160.99;156.47;-4.52
142338;1;10/07/2026;MAJO - COTIA;Filial;São Paulo;SP;São Paulo;SP;148.64;143.2;-5.44
142309;1;10/07/2026;MAJO - COTIA;Filial;São Paulo;SP;São Paulo;SP;354.68;349.24;-5.44
142287;1;10/07/2026;MAJO - COTIA;Filial;São Paulo;SP;Sumaré;SP;154.34;148.89;-5.45
142295;1;10/07/2026;MAJO - COTIA;Filial;São Paulo;SP;Jacareí;SP;155.61;150.17;-5.44
142339;1;10/07/2026;MAJO - COTIA;Filial;São Paulo;SP;Guarujá;SP;154.89;149.45;-5.44
142327;1;10/07/2026;MAJO - COTIA;Filial;São Paulo;SP;Cajamar;SP;366.4;366.43;0.03
142311;1;10/07/2026;MAJO - COTIA;Filial;São Paulo;SP;Lorena;SP;352.88;347.41;-5.47
142329;1;10/07/2026;MAJO - COTIA;Filial;São Paulo;SP;Francisco Morato;SP;100.01;100.02;0.01
142342;1;10/07/2026;MAJO - COTIA;Filial;São Paulo;SP;Bertioga;SP;148.8;143.34;-5.46
142300;1;10/07/2026;MAJO - COTIA;Filial;São Paulo;SP;Valinhos;SP;357.08;351.63;-5.45
142330;1;10/07/2026;MAJO - COTIA;Filial;São Paulo;SP;Sumaré;SP;150.02;144.58;-5.44
142302;1;10/07/2026;MAJO - COTIA;Filial;São Paulo;SP;Jundiaí;SP;153.66;148.22;-5.44
152842;2;10/06/2026;T.G LOGISTICA E TRANSPORTES;Filial;São Paulo;SP;Rio de Janeiro;RJ;333;394.86;61.86
37;2;09/06/2026;TONI TRANSPORTES E LOGISTICA LTDA;Filial;São Paulo;SP;Sumaré;SP;3488;3476.39;-11.61
152843;2;10/06/2026;T.G LOGISTICA E TRANSPORTES;Filial;São Paulo;SP;Rio de Janeiro;RJ;722.45;722.45;
152844;2;10/06/2026;T.G LOGISTICA E TRANSPORTES;Filial;São Paulo;SP;Barra do Piraí;RJ;367.38;367.38;
71;2;18/06/2026;TONI TRANSPORTES E LOGISTICA LTDA;Filial;São Paulo;SP;Taubaté;SP;3488.01;3482.15;-5.86
280;2;07/08/2026;TONI TRANSPORTES E LOGISTICA LTDA;Filial;São Paulo;SP;Ribeirão Preto;SP;5919.9;5919.9;
68;2;17/06/2026;TONI TRANSPORTES E LOGISTICA LTDA;Filial;São Paulo;SP;Carapicuíba;SP;2398;2394.98;-3.02
154543;0;23/06/2026;MVT CAMPINAS SOL. EM TRANSPORTES LTDA;Filial;São Paulo;SP;Bauru;SP;1338.36;823;-515.36
152593;0;15/06/2026;MVT CAMPINAS SOL. EM TRANSPORTES LTDA;Filial;São Paulo;SP;Bauru;SP;1548.03;129.55;-1418.48
152594;0;15/06/2026;MVT CAMPINAS SOL. EM TRANSPORTES LTDA;Filial;São Paulo;SP;Limeira;SP;1231.81;85.23;-1146.58
145325;1;30/07/2026;MAJO - COTIA;Filial;São Paulo;SP;São José dos Campos;SP;1152.95;651.14;-501.81
152905;0;16/06/2026;MVT CAMPINAS SOL. EM TRANSPORTES LTDA;Filial;São Paulo;SP;Santa Bárbara d'Oeste;SP;1027.99;906.42;-121.57
152903;0;16/06/2026;MVT CAMPINAS SOL. EM TRANSPORTES LTDA;Filial;São Paulo;SP;Campinas;SP;95.72;100.65;4.93
152918;0;16/06/2026;MVT CAMPINAS SOL. EM TRANSPORTES LTDA;Filial;São Paulo;SP;Campinas;SP;155.51;164.09;8.58
152912;0;16/06/2026;MVT CAMPINAS SOL. EM TRANSPORTES LTDA;Filial;São Paulo;SP;Campinas;SP;83.53;87.5;3.97
152913;0;16/06/2026;MVT CAMPINAS SOL. EM TRANSPORTES LTDA;Filial;São Paulo;SP;Campinas;SP;172.31;181.6;9.29
152902;0;16/06/2026;MVT CAMPINAS SOL. EM TRANSPORTES LTDA;Filial;São Paulo;SP;Campinas;SP;200.89;211.95;11.06
152915;0;16/06/2026;MVT CAMPINAS SOL. EM TRANSPORTES LTDA;Filial;São Paulo;SP;Paulínia;SP;344.53;355.99;11.46
152906;0;16/06/2026;MVT CAMPINAS SOL. EM TRANSPORTES LTDA;Filial;São Paulo;SP;Sumaré;SP;84.17;88.53;4.36
152914;0;16/06/2026;MVT CAMPINAS SOL. EM TRANSPORTES LTDA;Filial;São Paulo;SP;Jundiaí;SP;564.6;585.74;21.14
152910;0;16/06/2026;MVT CAMPINAS SOL. EM TRANSPORTES LTDA;Filial;São Paulo;SP;Jundiaí;SP;525.24;544.15;18.91
152916;0;16/06/2026;MVT CAMPINAS SOL. EM TRANSPORTES LTDA;Filial;São Paulo;SP;Jundiaí;SP;78.75;80.81;2.06
152917;0;16/06/2026;MVT CAMPINAS SOL. EM TRANSPORTES LTDA;Filial;São Paulo;SP;Jundiaí;SP;625.11;649.2;24.09
152908;0;16/06/2026;MVT CAMPINAS SOL. EM TRANSPORTES LTDA;Filial;São Paulo;SP;Jundiaí;SP;617.18;640.91;23.73
152907;0;16/06/2026;MVT CAMPINAS SOL. EM TRANSPORTES LTDA;Filial;São Paulo;SP;Jundiaí;SP;620.58;644.43;23.85
152904;0;16/06/2026;MVT CAMPINAS SOL. EM TRANSPORTES LTDA;Filial;São Paulo;SP;Várzea Paulista;SP;659.32;685.28;25.96
152909;0;16/06/2026;MVT CAMPINAS SOL. EM TRANSPORTES LTDA;Filial;São Paulo;SP;Itupeva;SP;564;585.14;21.14
256;2;04/08/2026;TONI TRANSPORTES E LOGISTICA LTDA;Filial;São Paulo;SP;Carapicuíba;SP;2531;2531;
165;2;14/07/2026;TONI TRANSPORTES E LOGISTICA LTDA;Filial;São Paulo;SP;Campinas;SP;3488;3476.39;-11.61
60;2;15/06/2026;TONI TRANSPORTES E LOGISTICA LTDA;Filial;São Paulo;SP;Campo Limpo Paulista;SP;3188.67;3155.15;-33.52
166;2;14/07/2026;TONI TRANSPORTES E LOGISTICA LTDA;Filial;São Paulo;SP;Campinas;SP;3488;3476.39;-11.61
153163;2;16/06/2026;T.G LOGISTICA E TRANSPORTES;Filial;São Paulo;SP;Rio de Janeiro;RJ;503.44;503.44;
153160;2;16/06/2026;T.G LOGISTICA E TRANSPORTES;Filial;São Paulo;SP;Rio de Janeiro;RJ;;620.34;
155004;2;21/07/2026;T.G LOGISTICA E TRANSPORTES;Filial;São Paulo;SP;Nova Iguaçu;RJ;544.34;544.34;
167;2;14/07/2026;TONI TRANSPORTES E LOGISTICA LTDA;Filial;São Paulo;SP;Campinas;SP;3488;3476.39;-11.61
673781;1;03/09/2026;TRANSFORM EMPRESA DE TRANSPORTES LTDA;Filial;São Paulo;SP;Rio de Janeiro;RJ;6052.27;6052.27;
142007;1;08/07/2026;MAJO - COTIA;Filial;São Paulo;SP;Guarujá;SP;152.91;147.48;-5.43
142009;1;08/07/2026;MAJO - COTIA;Filial;São Paulo;SP;Cubatão;SP;379.93;369.35;-10.58
141992;1;08/07/2026;MAJO - COTIA;Filial;São Paulo;SP;São José dos Campos;SP;149.63;144.18;-5.45
155329;0;26/06/2026;MVT CAMPINAS SOL. EM TRANSPORTES LTDA;Okker;São Paulo;SP;Rio Claro;SP;85.08;233.49;148.41
669192;1;26/06/2026;TRANSFORM EMPRESA DE TRANSPORTES LTDA;Filial;São Paulo;SP;Rio de Janeiro;RJ;5681.82;604.55;-5077.27
181468;1;20/06/2026;VASLOG TRANSPORTES EIRELI;Filial;São Paulo;SP;Taubaté;SP;2657.4;2290.11;-367.29
181466;1;20/06/2026;VASLOG TRANSPORTES EIRELI;Filial;São Paulo;SP;Cajamar;SP;1785;2703.41;918.41
181471;1;20/06/2026;VASLOG TRANSPORTES EIRELI;Matriz;São Paulo;SP;Itapevi;SP;1785;2164.2;379.2
182138;1;30/06/2026;VASLOG TRANSPORTES EIRELI;Filial;São Paulo;SP;Taboão da Serra;SP;1785;1339.28;-445.72
181770;1;25/06/2026;VASLOG TRANSPORTES EIRELI;Filial;São Paulo;SP;Guarulhos;SP;1785;1847.73;62.73
182137;1;30/06/2026;VASLOG TRANSPORTES EIRELI;Okker;São Paulo;SP;Taboão da Serra;SP;1785;240.26;-1544.74
181594;1;23/06/2026;VASLOG TRANSPORTES EIRELI;Filial;São Paulo;SP;Arujá;SP;;2028.41;
155370;0;26/06/2026;MVT CAMPINAS SOL. EM TRANSPORTES LTDA;Filial;São Paulo;SP;Várzea Paulista;SP;138.26;144.98;6.72
155352;0;26/06/2026;MVT CAMPINAS SOL. EM TRANSPORTES LTDA;Filial;São Paulo;SP;São Paulo;SP;;1022.93;
155362;0;26/06/2026;MVT CAMPINAS SOL. EM TRANSPORTES LTDA;Filial;São Paulo;SP;Vinhedo;SP;964.05;1013.2;49.15
155340;0;26/06/2026;MVT CAMPINAS SOL. EM TRANSPORTES LTDA;Filial;São Paulo;SP;Jundiaí;SP;1183.66;1237.23;53.57
155349;0;26/06/2026;MVT CAMPINAS SOL. EM TRANSPORTES LTDA;Filial;São Paulo;SP;Sumaré;SP;423.86;440.01;16.15
155363;0;26/06/2026;MVT CAMPINAS SOL. EM TRANSPORTES LTDA;Filial;São Paulo;SP;Indaiatuba;SP;444.1;461.45;17.35
155365;0;26/06/2026;MVT CAMPINAS SOL. EM TRANSPORTES LTDA;Filial;São Paulo;SP;Mogi Mirim;SP;266.28;272.55;6.27
155348;0;26/06/2026;MVT CAMPINAS SOL. EM TRANSPORTES LTDA;Filial;São Paulo;SP;Campinas;SP;404.43;419.3;14.87
155345;0;26/06/2026;MVT CAMPINAS SOL. EM TRANSPORTES LTDA;Filial;São Paulo;SP;Hortolândia;SP;49.07;49.31;0.24
155333;0;26/06/2026;MVT CAMPINAS SOL. EM TRANSPORTES LTDA;Okker;São Paulo;SP;Piracicaba;SP;208.65;218.7;10.05
155350;0;26/06/2026;MVT CAMPINAS SOL. EM TRANSPORTES LTDA;Okker;São Paulo;SP;Jundiaí;SP;208.65;218.7;10.05
155364;0;26/06/2026;MVT CAMPINAS SOL. EM TRANSPORTES LTDA;Okker;São Paulo;SP;Itatiba;SP;253.73;259.33;5.6
155336;0;26/06/2026;MVT CAMPINAS SOL. EM TRANSPORTES LTDA;Okker;São Paulo;SP;Piracicaba;SP;633.03;658.3;25.27
155343;0;26/06/2026;MVT CAMPINAS SOL. EM TRANSPORTES LTDA;Filial;São Paulo;SP;Hortolândia;SP;528.94;551.18;22.24
155356;0;26/06/2026;MVT CAMPINAS SOL. EM TRANSPORTES LTDA;Filial;São Paulo;SP;Sumaré;SP;463.13;481.34;18.21
155358;0;26/06/2026;MVT CAMPINAS SOL. EM TRANSPORTES LTDA;Filial;São Paulo;SP;Mogi Guaçu;SP;262.34;268.36;6.02
155360;0;26/06/2026;MVT CAMPINAS SOL. EM TRANSPORTES LTDA;Filial;São Paulo;SP;Sumaré;SP;258.94;265.53;6.59
155346;0;26/06/2026;MVT CAMPINAS SOL. EM TRANSPORTES LTDA;Filial;São Paulo;SP;Campinas;SP;262.27;269.05;6.78
155367;0;26/06/2026;MVT CAMPINAS SOL. EM TRANSPORTES LTDA;Okker;São Paulo;SP;Rio Claro;SP;228.99;231.98;2.99
155371;0;26/06/2026;MVT CAMPINAS SOL. EM TRANSPORTES LTDA;Okker;São Paulo;SP;Limeira;SP;228.67;231.5;2.83
155331;0;26/06/2026;MVT CAMPINAS SOL. EM TRANSPORTES LTDA;Okker;São Paulo;SP;Santa Bárbara d'Oeste;SP;466.42;427.4;-39.02
155359;0;26/06/2026;MVT CAMPINAS SOL. EM TRANSPORTES LTDA;Filial;São Paulo;SP;Itu;SP;351.34;366.14;14.8
155332;0;26/06/2026;MVT CAMPINAS SOL. EM TRANSPORTES LTDA;Filial;São Paulo;SP;São Paulo;SP;;279.55;
155335;0;26/06/2026;MVT CAMPINAS SOL. EM TRANSPORTES LTDA;Filial;São Paulo;SP;Sumaré;SP;273.55;281.03;7.48
155334;0;26/06/2026;MVT CAMPINAS SOL. EM TRANSPORTES LTDA;Filial;São Paulo;SP;Cabreúva;SP;201.74;211.7;9.96
155330;0;26/06/2026;MVT CAMPINAS SOL. EM TRANSPORTES LTDA;Filial;São Paulo;SP;Campinas;SP;607.65;641.99;34.34
155369;0;26/06/2026;MVT CAMPINAS SOL. EM TRANSPORTES LTDA;Filial;São Paulo;SP;Jarinu;SP;93.6;96.67;3.07
155338;0;26/06/2026;MVT CAMPINAS SOL. EM TRANSPORTES LTDA;Filial;São Paulo;SP;Sumaré;SP;194.34;195.47;1.13
155339;0;26/06/2026;MVT CAMPINAS SOL. EM TRANSPORTES LTDA;Filial;São Paulo;SP;Campinas;SP;1236.3;1307.23;70.93
155342;0;26/06/2026;MVT CAMPINAS SOL. EM TRANSPORTES LTDA;Filial;São Paulo;SP;Jundiaí;SP;93;96.93;3.93
155366;0;26/06/2026;MVT CAMPINAS SOL. EM TRANSPORTES LTDA;Filial;São Paulo;SP;Campo Limpo Paulista;SP;438.74;460.73;21.99
155354;0;26/06/2026;MVT CAMPINAS SOL. EM TRANSPORTES LTDA;Filial;São Paulo;SP;Jundiaí;SP;93.3;96.66;3.36
155355;0;26/06/2026;MVT CAMPINAS SOL. EM TRANSPORTES LTDA;Filial;São Paulo;SP;Itu;SP;359.76;375.15;15.39
155357;0;26/06/2026;MVT CAMPINAS SOL. EM TRANSPORTES LTDA;Filial;São Paulo;SP;Campinas;SP;69.14;70.82;1.68
155368;0;26/06/2026;MVT CAMPINAS SOL. EM TRANSPORTES LTDA;Filial;São Paulo;SP;Hortolândia;SP;49.27;49.39;0.12
155344;0;26/06/2026;MVT CAMPINAS SOL. EM TRANSPORTES LTDA;Filial;São Paulo;SP;Hortolândia;SP;57.8;58.83;1.03
155353;0;26/06/2026;MVT CAMPINAS SOL. EM TRANSPORTES LTDA;Filial;São Paulo;SP;Indaiatuba;SP;235.95;248.97;13.02
155347;0;26/06/2026;MVT CAMPINAS SOL. EM TRANSPORTES LTDA;Filial;São Paulo;SP;Campinas;SP;482.55;509.69;27.14
155361;0;26/06/2026;MVT CAMPINAS SOL. EM TRANSPORTES LTDA;Filial;São Paulo;SP;Campinas;SP;68.94;70.6;1.66
155337;0;26/06/2026;MVT CAMPINAS SOL. EM TRANSPORTES LTDA;Filial;São Paulo;SP;Campinas;SP;58.13;58.65;0.52
155351;0;26/06/2026;MVT CAMPINAS SOL. EM TRANSPORTES LTDA;Filial;São Paulo;SP;Sumaré;SP;246.11;251.91;5.8
292;2;09/08/2026;TONI TRANSPORTES E LOGISTICA LTDA;Filial;São Paulo;SP;Jundiaí;SP;3306.5;3306.5;
155008;0;25/06/2026;MVT CAMPINAS SOL. EM TRANSPORTES LTDA;Filial;São Paulo;SP;Campinas;SP;121.48;145.08;23.6
155007;0;25/06/2026;MVT CAMPINAS SOL. EM TRANSPORTES LTDA;Filial;São Paulo;SP;Valinhos;SP;494.91;587.26;92.35
291;2;09/08/2026;TONI TRANSPORTES E LOGISTICA LTDA;Filial;São Paulo;SP;Taubaté;SP;3760;3760;
215;2;25/07/2026;TONI TRANSPORTES E LOGISTICA LTDA;Filial;São Paulo;SP;São Paulo;SP;2398;0.01;-2397.99
150405;1;10/09/2026;MAJO - COTIA;Filial;São Paulo;SP;Votuporanga;SP;584.8;584.82;0.02
216;2;25/07/2026;TONI TRANSPORTES E LOGISTICA LTDA;Matriz;São Paulo;SP;Itapevi;SP;2398.01;2398;-0.01
150401;1;10/09/2026;MAJO - COTIA;Filial;São Paulo;SP;Dracena;SP;415.95;359.77;-56.18
217;2;25/07/2026;TONI TRANSPORTES E LOGISTICA LTDA;Matriz;São Paulo;SP;Itapevi;SP;2398.01;2398;-0.01
293;2;09/08/2026;TONI TRANSPORTES E LOGISTICA LTDA;Filial;São Paulo;SP;Campinas;SP;3647;3647;
118;2;30/06/2026;TONI TRANSPORTES E LOGISTICA LTDA;Matriz;São Paulo;SP;Itapevi;SP;2398.01;2398;-0.01
218;2;25/07/2026;TONI TRANSPORTES E LOGISTICA LTDA;Matriz;São Paulo;SP;Itapevi;SP;2398.01;2398;-0.01
119;2;30/06/2026;TONI TRANSPORTES E LOGISTICA LTDA;Matriz;São Paulo;SP;Itapevi;SP;2398.01;2398;-0.01
150413;1;10/09/2026;MAJO - COTIA;Filial;São Paulo;SP;Votuporanga;SP;411;411.02;0.02
120;2;30/06/2026;TONI TRANSPORTES E LOGISTICA LTDA;Matriz;São Paulo;SP;Itapevi;SP;2398.01;2398;-0.01
219;2;25/07/2026;TONI TRANSPORTES E LOGISTICA LTDA;Filial;São Paulo;SP;Campinas;SP;3488;3476.39;-11.61
140278;1;29/06/2026;MAJO - COTIA;Filial;São Paulo;SP;Guarulhos;SP;798.78;798.82;0.04
140285;1;29/06/2026;MAJO - COTIA;Filial;São Paulo;SP;Peruíbe;SP;154.26;148.82;-5.44
140341;1;29/06/2026;MAJO - COTIA;Filial;São Paulo;SP;Praia Grande;SP;565.57;549.53;-16.04
140349;1;29/06/2026;MAJO - COTIA;Filial;São Paulo;SP;Caieiras;SP;104.64;104.65;0.01
203;2;22/07/2026;TONI TRANSPORTES E LOGISTICA LTDA;Filial;São Paulo;SP;Osasco;SP;2398;2398;
197;2;21/07/2026;TONI TRANSPORTES E LOGISTICA LTDA;Filial;São Paulo;SP;São Paulo;SP;2398;2398;
674302;1;15/09/2026;TRANSFORM EMPRESA DE TRANSPORTES LTDA;Filial;São Paulo;SP;Rio de Janeiro;RJ;6052.27;6052.27;
21;1;15/09/2026;TRANS GONCALVES TRANSPORTES LTDA;Filial;São Paulo;SP;Jacareí;SP;2650;2863.78;213.78
155383;0;26/06/2026;MVT CAMPINAS SOL. EM TRANSPORTES LTDA;Filial;São Paulo;SP;Campinas;SP;217.31;229.41;12.1
155382;0;26/06/2026;MVT CAMPINAS SOL. EM TRANSPORTES LTDA;Filial;São Paulo;SP;Sumaré;SP;351.92;363.91;11.99
204;2;22/07/2026;TONI TRANSPORTES E LOGISTICA LTDA;Filial;São Paulo;SP;São Paulo;SP;2398;1071;-1327
198;2;21/07/2026;TONI TRANSPORTES E LOGISTICA LTDA;Filial;São Paulo;SP;Santos;SP;3488.01;3468.13;-19.88
221;2;25/07/2026;TONI TRANSPORTES E LOGISTICA LTDA;Filial;São Paulo;SP;Praia Grande;SP;3277.33;740.18;-2537.15
190;2;18/07/2026;TONI TRANSPORTES E LOGISTICA LTDA;Filial;São Paulo;SP;São Paulo;SP;2398;2398;
671053;1;29/07/2026;TRANSFORM EMPRESA DE TRANSPORTES LTDA;Filial;São Paulo;SP;Rio de Janeiro;RJ;6052.27;6052.27;
736397;0;30/07/2026;SJBICAS - EXPRESSO RODOMINAS LTDA;Filial;São Paulo;SP;Contagem;MG;3772.38;3772.38;
137491;1;08/06/2026;MAJO - COTIA;Filial;São Paulo;SP;Osasco;SP;483.77;279.24;-204.53
18;1;14/09/2026;TRANS GONCALVES TRANSPORTES LTDA;Filial;São Paulo;SP;Arujá;SP;;1634.24;
485252;2;14/08/2026;TRANSPORTADORA KARAVAGGIO LTDA;Okker;São Paulo;SP;Curitiba;PR;272.76;272.76;
205;2;22/07/2026;TONI TRANSPORTES E LOGISTICA LTDA;Filial;São Paulo;SP;Jaú;SP;5668;5627.57;-40.43
366;2;28/08/2026;TONI TRANSPORTES E LOGISTICA LTDA;Filial;São Paulo;SP;Guarulhos;SP;2510;2510;
143735;1;20/07/2026;MAJO - COTIA;Filial;São Paulo;SP;Limeira;SP;530.82;515.81;-15.01
143736;1;20/07/2026;MAJO - COTIA;Filial;São Paulo;SP;Assis;SP;652.64;652.64;
143738;1;20/07/2026;MAJO - COTIA;Filial;São Paulo;SP;Ourinhos;SP;1342.06;1342.07;0.01
143739;1;20/07/2026;MAJO - COTIA;Filial;São Paulo;SP;Presidente Prudente;SP;3208.69;3107.84;-100.85
143741;1;20/07/2026;MAJO - COTIA;Filial;São Paulo;SP;Limeira;SP;876.59;851.76;-24.83
143740;1;20/07/2026;MAJO - COTIA;Filial;São Paulo;SP;Presidente Prudente;SP;727;704.48;-22.52
143742;1;20/07/2026;MAJO - COTIA;Filial;São Paulo;SP;Rio Claro;SP;532.01;516.91;-15.1
145190;1;30/07/2026;MAJO - COTIA;Filial;São Paulo;SP;Jacareí;SP;1389.09;1355.36;-33.73
332;2;20/08/2026;TONI TRANSPORTES E LOGISTICA LTDA;Filial;São Paulo;SP;Sumaré;SP;3647;3647;
144689;1;27/07/2026;MAJO - COTIA;Filial;São Paulo;SP;Jarinu;SP;296.19;287.78;-8.41
191;2;18/07/2026;TONI TRANSPORTES E LOGISTICA LTDA;Filial;São Paulo;SP;São Paulo;SP;2398;2398;
670860;1;25/07/2026;TRANSFORM EMPRESA DE TRANSPORTES LTDA;Filial;São Paulo;SP;Rio de Janeiro;RJ;6052.27;6052.27;
156356;2;19/08/2026;T.G LOGISTICA E TRANSPORTES;Filial;São Paulo;SP;Volta Redonda;RJ;268.97;268.97;
48417;1;15/09/2026;DRT TRANSPORTE DE CARGA LTDA;Filial;São Paulo;SP;Francisco Morato;SP;2098.34;1530.16;-568.18
153913;2;01/07/2026;T.G LOGISTICA E TRANSPORTES;Filial;São Paulo;SP;Rio de Janeiro;RJ;;895.45;
143200;1;16/07/2026;MAJO - COTIA;Filial;São Paulo;SP;Osasco;SP;429.66;429.69;0.03
143208;1;16/07/2026;MAJO - COTIA;Filial;São Paulo;SP;Campos do Jordão;SP;353.65;348.19;-5.46
143201;1;16/07/2026;MAJO - COTIA;Filial;São Paulo;SP;São José dos Campos;SP;153.06;147.6;-5.46
177;2;16/07/2026;TONI TRANSPORTES E LOGISTICA LTDA;Filial;São Paulo;SP;Guarulhos;SP;2398;2398;
19;1;14/09/2026;TRANS GONCALVES TRANSPORTES LTDA;Filial;São Paulo;SP;Arujá;SP;600;600;
154159;2;03/07/2026;T.G LOGISTICA E TRANSPORTES;Filial;São Paulo;SP;Cabo Frio;RJ;346.43;346.44;0.01
140431;1;29/06/2026;MAJO - COTIA;Filial;São Paulo;SP;Santos;SP;1269.84;1239.48;-30.36
140165;1;29/06/2026;MAJO - COTIA;Filial;São Paulo;SP;Barueri;SP;177.65;177.68;0.03
140682;1;30/06/2026;MAJO - COTIA;Filial;São Paulo;SP;Embu das Artes;SP;107.33;107.36;0.03
140745;1;30/06/2026;MAJO - COTIA;Filial;São Paulo;SP;Itapeva;SP;155.38;149.95;-5.43
140664;1;30/06/2026;MAJO - COTIA;Filial;São Paulo;SP;Santana de Parnaíba;SP;107.16;107.18;0.02
140645;1;30/06/2026;MAJO - COTIA;Filial;São Paulo;SP;Santa Isabel;SP;157.14;151.67;-5.47
140647;1;30/06/2026;MAJO - COTIA;Filial;São Paulo;SP;Mairiporã;SP;99.42;99.43;0.01
140649;1;30/06/2026;MAJO - COTIA;Filial;São Paulo;SP;Franco da Rocha;SP;567.66;567.69;0.03
140689;1;30/06/2026;MAJO - COTIA;Filial;São Paulo;SP;Taboão da Serra;SP;101.67;101.7;0.03
140691;1;30/06/2026;MAJO - COTIA;Filial;São Paulo;SP;Taboão da Serra;SP;103.72;103.73;0.01
140692;1;30/06/2026;MAJO - COTIA;Filial;São Paulo;SP;Itapecerica da Serra;SP;552;552.01;0.01
140151;1;29/06/2026;MAJO - COTIA;Filial;São Paulo;SP;Barueri;SP;162.55;162.59;0.04
140640;1;30/06/2026;MAJO - COTIA;Filial;São Paulo;SP;Santa Isabel;SP;154.13;148.67;-5.46
140641;1;30/06/2026;MAJO - COTIA;Filial;São Paulo;SP;Francisco Morato;SP;104.76;104.8;0.04
140684;1;30/06/2026;MAJO - COTIA;Filial;São Paulo;SP;Santana de Parnaíba;SP;115.97;115.97;
140686;1;30/06/2026;MAJO - COTIA;Filial;São Paulo;SP;Jandira;SP;102.57;102.59;0.02
140687;1;30/06/2026;MAJO - COTIA;Filial;São Paulo;SP;Guarulhos;SP;339.35;469.06;129.71
140146;1;29/06/2026;MAJO - COTIA;Filial;São Paulo;SP;Osasco;SP;319.69;319.72;0.03
140142;1;29/06/2026;MAJO - COTIA;Filial;São Paulo;SP;Osasco;SP;346.61;346.64;0.03
140145;1;29/06/2026;MAJO - COTIA;Filial;São Paulo;SP;Osasco;SP;317.67;317.68;0.01
140174;1;29/06/2026;MAJO - COTIA;Filial;São Paulo;SP;Cubatão;SP;154.03;148.58;-5.45
140669;1;30/06/2026;MAJO - COTIA;Filial;São Paulo;SP;Osasco;SP;458.55;458.58;0.03
140671;1;30/06/2026;MAJO - COTIA;Filial;São Paulo;SP;Itapecerica da Serra;SP;111.55;111.56;0.01
140131;1;29/06/2026;MAJO - COTIA;Filial;São Paulo;SP;Paranapanema;SP;149.61;144.18;-5.43
140619;1;30/06/2026;MAJO - COTIA;Filial;São Paulo;SP;Praia Grande;SP;314.81;306.06;-8.75
140602;1;30/06/2026;MAJO - COTIA;Filial;São Paulo;SP;Praia Grande;SP;354.48;144.5;-209.98
140604;1;30/06/2026;MAJO - COTIA;Filial;São Paulo;SP;Praia Grande;SP;354.48;144.5;-209.98
140609;1;30/06/2026;MAJO - COTIA;Filial;São Paulo;SP;Itanhaém;SP;250.17;243.17;-7
140626;1;30/06/2026;MAJO - COTIA;Filial;São Paulo;SP;Mairiporã;SP;99.99;100.02;0.03
140628;1;30/06/2026;MAJO - COTIA;Filial;São Paulo;SP;Franco da Rocha;SP;126.65;126.68;0.03
140629;1;30/06/2026;MAJO - COTIA;Filial;São Paulo;SP;Francisco Morato;SP;347.28;347.32;0.04
140157;1;29/06/2026;MAJO - COTIA;Filial;São Paulo;SP;Joanópolis;SP;154.93;149.49;-5.44
140176;1;29/06/2026;MAJO - COTIA;Filial;São Paulo;SP;Carapicuíba;SP;102.95;102.95;
140372;1;29/06/2026;MAJO - COTIA;Filial;São Paulo;SP;Caieiras;SP;733.85;529.35;-204.5
140652;1;30/06/2026;MAJO - COTIA;Filial;São Paulo;SP;Mairiporã;SP;99.42;99.43;0.01
140654;1;30/06/2026;MAJO - COTIA;Filial;São Paulo;SP;Mairiporã;SP;735.15;735.16;0.01
140655;1;30/06/2026;MAJO - COTIA;Filial;São Paulo;SP;Francisco Morato;SP;166.1;166.15;0.05
140149;1;29/06/2026;MAJO - COTIA;Filial;São Paulo;SP;Osasco;SP;117.99;118.02;0.03
140196;1;29/06/2026;MAJO - COTIA;Filial;São Paulo;SP;Registro;SP;3350;411.53;-2938.47
673562;1;01/09/2026;TRANSFORM EMPRESA DE TRANSPORTES LTDA;Filial;São Paulo;SP;Rio de Janeiro;RJ;6052.27;6052.27;
178;2;16/07/2026;TONI TRANSPORTES E LOGISTICA LTDA;Filial;São Paulo;SP;Campinas;SP;3488;3476.39;-11.61
140784;1;30/06/2026;MAJO - COTIA;Filial;São Paulo;SP;Guarulhos;SP;1043.92;1445.58;401.66
140616;1;30/06/2026;MAJO - COTIA;Filial;São Paulo;SP;São Vicente;SP;156.06;150.63;-5.43
140617;1;30/06/2026;MAJO - COTIA;Filial;São Paulo;SP;Peruíbe;SP;535.24;520.14;-15.1
140618;1;30/06/2026;MAJO - COTIA;Filial;São Paulo;SP;Praia Grande;SP;169.58;164.93;-4.65
355;2;26/08/2026;TONI TRANSPORTES E LOGISTICA LTDA;Filial;São Paulo;SP;Nova Odessa;SP;3647;3647;
253;2;03/08/2026;TONI TRANSPORTES E LOGISTICA LTDA;Filial;São Paulo;SP;Jacareí;SP;3590;599.76;-2990.24
206;2;22/07/2026;TONI TRANSPORTES E LOGISTICA LTDA;Filial;São Paulo;SP;Santos;SP;3277.09;520.03;-2757.06
222;2;27/07/2026;TONI TRANSPORTES E LOGISTICA LTDA;Filial;São Paulo;SP;Campinas;SP;3376.55;833;-2543.55
141296;1;02/07/2026;MAJO - COTIA;Filial;São Paulo;SP;Caçapava;SP;1586.07;63.64;-1522.43
142320;1;10/07/2026;MAJO - COTIA;Filial;São Paulo;SP;Araçoiaba da Serra;SP;152.55;147.1;-5.45
142324;1;10/07/2026;MAJO - COTIA;Filial;São Paulo;SP;Bragança Paulista;SP;151.77;146.32;-5.45
141994;1;08/07/2026;MAJO - COTIA;Filial;São Paulo;SP;Cubatão;SP;190.72;185.44;-5.28
143031;1;15/07/2026;MAJO - COTIA;Filial;São Paulo;SP;Guarujá;SP;149.25;143.8;-5.45
142602;1;13/07/2026;MAJO - COTIA;Filial;São Paulo;SP;Santos;SP;155.73;150.28;-5.45
142270;1;10/07/2026;MAJO - COTIA;Filial;São Paulo;SP;Santos;SP;359.89;149.91;-209.98
142271;1;10/07/2026;MAJO - COTIA;Filial;São Paulo;SP;Bertioga;SP;153.97;148.55;-5.42
143053;1;15/07/2026;MAJO - COTIA;Filial;São Paulo;SP;Guarulhos;SP;346.74;346.75;0.01
143054;1;15/07/2026;MAJO - COTIA;Filial;São Paulo;SP;Guarulhos;SP;339.64;339.65;0.01
142305;1;10/07/2026;MAJO - COTIA;Filial;São Paulo;SP;Iperó;SP;163.66;158.23;-5.43
142310;1;10/07/2026;MAJO - COTIA;Filial;São Paulo;SP;Itapetininga;SP;148.49;143.06;-5.43
142316;1;10/07/2026;MAJO - COTIA;Filial;São Paulo;SP;Atibaia;SP;153.66;148.24;-5.42
142344;1;10/07/2026;MAJO - COTIA;Filial;São Paulo;SP;Francisco Morato;SP;379.8;379.82;0.02
142870;1;14/07/2026;MAJO - COTIA;Filial;São Paulo;SP;Osasco;SP;998.68;568.18;-430.5
143010;1;15/07/2026;MAJO - COTIA;Filial;São Paulo;SP;Carapicuíba;SP;310.39;105.88;-204.51
142293;1;10/07/2026;MAJO - COTIA;Filial;São Paulo;SP;Bertioga;SP;153.35;147.91;-5.44
143020;1;15/07/2026;MAJO - COTIA;Filial;São Paulo;SP;Carapicuíba;SP;105.39;105.41;0.02
142317;1;10/07/2026;MAJO - COTIA;Filial;São Paulo;SP;Bragança Paulista;SP;151.74;146.28;-5.46
143049;1;15/07/2026;MAJO - COTIA;Filial;São Paulo;SP;Carapicuíba;SP;148.03;148.06;0.03
143052;1;15/07/2026;MAJO - COTIA;Filial;São Paulo;SP;Santos;SP;149.9;144.45;-5.45
142064;1;08/07/2026;MAJO - COTIA;Filial;São Paulo;SP;Mauá;SP;12.64;110.65;98.01
142603;1;13/07/2026;MAJO - COTIA;Filial;São Paulo;SP;Santos;SP;152.69;147.24;-5.45
142640;1;13/07/2026;MAJO - COTIA;Filial;São Paulo;SP;Atibaia;SP;1052;1022.03;-29.97
143026;1;15/07/2026;MAJO - COTIA;Filial;São Paulo;SP;São Vicente;SP;154.66;149.23;-5.43
143003;1;15/07/2026;MAJO - COTIA;Filial;São Paulo;SP;Guarulhos;SP;102.41;102.44;0.03
160628;0;22/07/2026;MVT CAMPINAS SOL. EM TRANSPORTES LTDA;Filial;São Paulo;SP;Indaiatuba;SP;1682.55;78.28;-1604.27
160627;0;22/07/2026;MVT CAMPINAS SOL. EM TRANSPORTES LTDA;Filial;São Paulo;SP;Sumaré;SP;325.16;102.27;-222.89
254;2;03/08/2026;TONI TRANSPORTES E LOGISTICA LTDA;Filial;São Paulo;SP;Jacareí;SP;3590;649.74;-2940.26
140053;1;25/06/2026;MAJO - COTIA;Filial;São Paulo;SP;Nova Odessa;SP;362.64;357.22;-5.42
140674;1;30/06/2026;MAJO - COTIA;Filial;São Paulo;SP;Cachoeira Paulista;SP;480.33;466.73;-13.6
140052;1;25/06/2026;MAJO - COTIA;Filial;São Paulo;SP;Guaratinguetá;SP;674.27;651.14;-23.13
140177;1;29/06/2026;MAJO - COTIA;Filial;São Paulo;SP;Cruzeiro;SP;157.91;152.49;-5.42
140693;1;30/06/2026;MAJO - COTIA;Filial;São Paulo;SP;Cruzeiro;SP;159.16;153.72;-5.44
140166;1;29/06/2026;MAJO - COTIA;Filial;São Paulo;SP;Taubaté;SP;153.45;148.02;-5.43
140143;1;29/06/2026;MAJO - COTIA;Filial;São Paulo;SP;Ilhabela;SP;1050.89;1026.86;-24.03
255;2;04/08/2026;TONI TRANSPORTES E LOGISTICA LTDA;Filial;São Paulo;SP;São José do Rio Preto;SP;7755;7755;
2098;3;31/07/2026;T.G LOGISTICA E TRANSPORTES;Filial;São Paulo;SP;Rio de Janeiro;RJ;488.67;488.67;
173;2;15/07/2026;TONI TRANSPORTES E LOGISTICA LTDA;Filial;São Paulo;SP;Barueri;SP;2398.01;2394.97;-3.04
358;2;27/08/2026;TONI TRANSPORTES E LOGISTICA LTDA;Filial;São Paulo;SP;Itu;SP;3619;3619;
141899;1;07/07/2026;MAJO - COTIA;Filial;São Paulo;SP;Pilar do Sul;SP;;529.82;
199;2;21/07/2026;TONI TRANSPORTES E LOGISTICA LTDA;Filial;São Paulo;SP;São Paulo;SP;2398;2398;
154190;2;06/07/2026;T.G LOGISTICA E TRANSPORTES;Filial;São Paulo;SP;Rio de Janeiro;RJ;983.61;82.43;-901.18
143089;1;15/07/2026;MAJO - COTIA;Filial;São Paulo;SP;Santos;SP;353.33;347.91;-5.42
193;2;18/07/2026;TONI TRANSPORTES E LOGISTICA LTDA;Filial;São Paulo;SP;Sumaré;SP;3488;3476.39;-11.61
155927;2;07/08/2026;T.G LOGISTICA E TRANSPORTES;Filial;São Paulo;SP;Rio das Ostras;RJ;831.53;831.55;0.02
155928;2;07/08/2026;T.G LOGISTICA E TRANSPORTES;Filial;São Paulo;SP;Rio das Ostras;RJ;900.34;900.34;
671160;1;30/07/2026;TRANSFORM EMPRESA DE TRANSPORTES LTDA;Filial;São Paulo;SP;Rio de Janeiro;RJ;5681.82;604.55;-5077.27
671161;1;30/07/2026;TRANSFORM EMPRESA DE TRANSPORTES LTDA;Filial;São Paulo;SP;Rio de Janeiro;RJ;5681.82;647.73;-5034.09
671176;1;31/07/2026;TRANSFORM EMPRESA DE TRANSPORTES LTDA;Filial;São Paulo;SP;Guarulhos;SP;;681.82;
733811;0;08/07/2026;SJBICAS - EXPRESSO RODOMINAS LTDA;Filial;São Paulo;SP;São Sebastião do Paraíso;MG;280.91;280.91;
142641;1;13/07/2026;MAJO - COTIA;Filial;São Paulo;SP;Rio Claro;SP;474.33;466.7;-7.63
142594;1;13/07/2026;MAJO - COTIA;Filial;São Paulo;SP;Itapetininga;SP;148.9;143.47;-5.43
142596;1;13/07/2026;MAJO - COTIA;Filial;São Paulo;SP;Santos;SP;173.59;168.7;-4.89
142601;1;13/07/2026;MAJO - COTIA;Filial;São Paulo;SP;Guarujá;SP;247.39;240.39;-7
142595;1;13/07/2026;MAJO - COTIA;Filial;São Paulo;SP;Bauru;SP;356.59;356.63;0.04
142611;1;13/07/2026;MAJO - COTIA;Filial;São Paulo;SP;Ribeirão Preto;SP;434.25;434.25;
142612;1;13/07/2026;MAJO - COTIA;Filial;São Paulo;SP;Taubaté;SP;1515.22;1472.06;-43.16
142613;1;13/07/2026;MAJO - COTIA;Filial;São Paulo;SP;Jacareí;SP;178.82;173.68;-5.14
141046;1;01/07/2026;MAJO - COTIA;Filial;São Paulo;SP;Caieiras;SP;733.85;529.35;-204.5
48419;1;15/09/2026;DRT TRANSPORTE DE CARGA LTDA;Filial;São Paulo;SP;Francisco Morato;SP;681.82;681.82;
2458;1;17/07/2026;PRIMESERV LOGISTICA E SERVICOS LTDA;Filial;São Paulo;SP;Duque de Caxias;RJ;;7353.41;7353.41
2450;1;03/07/2026;PRIMESERV LOGISTICA E SERVICOS LTDA;Filial;São Paulo;SP;Rio de Janeiro;RJ;;7353.41;
142855;1;14/07/2026;MAJO - COTIA;Filial;São Paulo;SP;Santos;SP;1666.98;1625.47;-41.51
142854;1;14/07/2026;MAJO - COTIA;Filial;São Paulo;SP;São Vicente;SP;2888.16;2806.28;-81.88
733454;0;04/07/2026;SJBICAS - EXPRESSO RODOMINAS LTDA;Filial;São Paulo;SP;Contagem;MG;1083.99;1083.99;
48411;1;15/09/2026;DRT TRANSPORTE DE CARGA LTDA;Filial;São Paulo;SP;Osasco;SP;2094.55;959.08;-1135.47
143098;1;15/07/2026;MAJO - COTIA;Filial;São Paulo;SP;Bauru;SP;2949.85;2949.88;0.03
141982;1;08/07/2026;MAJO - COTIA;Filial;São Paulo;SP;Lorena;SP;363.09;357.65;-5.44
48410;1;15/09/2026;DRT TRANSPORTE DE CARGA LTDA;Filial;São Paulo;SP;Osasco;SP;2081;602.83;-1478.17
143978;1;21/07/2026;MAJO - COTIA;Filial;São Paulo;SP;São José dos Campos;SP;1515.22;61.36;-1453.86
142063;1;08/07/2026;MAJO - COTIA;Filial;São Paulo;SP;Indaiatuba;SP;182.09;176.97;-5.12
140819;1;01/07/2026;MAJO - COTIA;Filial;São Paulo;SP;Ribeirão Preto;SP;3207.41;3207.44;0.03
141172;1;02/07/2026;MAJO - COTIA;Filial;São Paulo;SP;Piracicaba;SP;358.66;348.38;-10.28
142312;1;10/07/2026;MAJO - COTIA;Filial;São Paulo;SP;Ribeirão Preto;SP;889.81;889.83;0.02
142326;1;10/07/2026;MAJO - COTIA;Filial;São Paulo;SP;Ribeirão Preto;SP;1133.06;1133.08;0.02
142332;1;10/07/2026;MAJO - COTIA;Filial;São Paulo;SP;Ribeirão Bonito;SP;149.11;149.14;0.03
142301;1;10/07/2026;MAJO - COTIA;Filial;São Paulo;SP;Campinas;SP;359.42;353.97;-5.45
143037;1;15/07/2026;MAJO - COTIA;Filial;São Paulo;SP;Itapira;SP;148.5;143.06;-5.44
141998;1;08/07/2026;MAJO - COTIA;Filial;São Paulo;SP;Hortolândia;SP;621.97;604.38;-17.59
142703;1;13/07/2026;MAJO - COTIA;Filial;São Paulo;SP;Americana;SP;757.61;736.06;-21.55
142642;1;13/07/2026;MAJO - COTIA;Filial;São Paulo;SP;Hortolândia;SP;382.35;377.41;-4.94
142702;1;13/07/2026;MAJO - COTIA;Filial;São Paulo;SP;Campinas;SP;354.38;348.93;-5.45
142597;1;13/07/2026;MAJO - COTIA;Filial;São Paulo;SP;Piracicaba;SP;757.61;736.06;-21.55
142599;1;13/07/2026;MAJO - COTIA;Filial;São Paulo;SP;Araras;SP;178.82;173.68;-5.14
142503;1;13/07/2026;MAJO - COTIA;Filial;São Paulo;SP;Taubaté;SP;513.14;504.39;-8.75
142323;1;10/07/2026;MAJO - COTIA;Filial;São Paulo;SP;Jarinu;SP;160.17;154.72;-5.45
142357;1;10/07/2026;MAJO - COTIA;Filial;São Paulo;SP;Araras;SP;972.53;944.95;-27.58
142341;1;10/07/2026;MAJO - COTIA;Filial;São Paulo;SP;Campinas;SP;155.49;150.06;-5.43
143038;1;15/07/2026;MAJO - COTIA;Filial;São Paulo;SP;São Pedro;SP;157.17;151.72;-5.45
143021;1;15/07/2026;MAJO - COTIA;Filial;São Paulo;SP;Jaguariúna;SP;396.23;390.77;-5.46
141562;1;03/07/2026;MAJO - COTIA;Filial;São Paulo;SP;Jacareí;SP;1372.4;651.14;-721.26
142313;1;10/07/2026;MAJO - COTIA;Filial;São Paulo;SP;Pindamonhangaba;SP;150.14;144.69;-5.45
142508;1;13/07/2026;MAJO - COTIA;Filial;São Paulo;SP;Pindamonhangaba;SP;454.4;447.3;-7.1
142509;1;13/07/2026;MAJO - COTIA;Filial;São Paulo;SP;Jacareí;SP;363.09;357.66;-5.43
142510;1;13/07/2026;MAJO - COTIA;Filial;São Paulo;SP;Ubatuba;SP;986.58;964.35;-22.23
142511;1;13/07/2026;MAJO - COTIA;Filial;São Paulo;SP;Cruzeiro;SP;444.31;431.68;-12.63
142498;1;13/07/2026;MAJO - COTIA;Filial;São Paulo;SP;Pindamonhangaba;SP;1050.92;1026.86;-24.06
142504;1;13/07/2026;MAJO - COTIA;Filial;São Paulo;SP;Jacareí;SP;526.48;517.34;-9.14
142600;1;13/07/2026;MAJO - COTIA;Filial;São Paulo;SP;Jacareí;SP;562.18;347.35;-214.83
142516;1;13/07/2026;MAJO - COTIA;Filial;São Paulo;SP;Bauru;SP;358.06;358.1;0.04
142514;1;13/07/2026;MAJO - COTIA;Filial;São Paulo;SP;São José dos Campos;SP;1213.26;1184.61;-28.65
142515;1;13/07/2026;MAJO - COTIA;Filial;São Paulo;SP;Caraguatatuba;SP;955.86;934.55;-21.31
314;2;13/08/2026;TONI TRANSPORTES E LOGISTICA LTDA;Filial;São Paulo;SP;Guarulhos;SP;737.8;737.8;
142499;1;13/07/2026;MAJO - COTIA;Filial;São Paulo;SP;Caraguatatuba;SP;793.86;777.09;-16.77
142494;1;13/07/2026;MAJO - COTIA;Filial;São Paulo;SP;Caçapava;SP;845.07;826.85;-18.22
142495;1;13/07/2026;MAJO - COTIA;Filial;São Paulo;SP;Taubaté;SP;788.35;771.75;-16.6
142496;1;13/07/2026;MAJO - COTIA;Filial;São Paulo;SP;Aparecida;SP;522.49;513.45;-9.04
142497;1;13/07/2026;MAJO - COTIA;Filial;São Paulo;SP;Jacareí;SP;719.93;705.31;-14.62
142500;1;13/07/2026;MAJO - COTIA;Filial;São Paulo;SP;Jacareí;SP;361.08;355.65;-5.43
142501;1;13/07/2026;MAJO - COTIA;Filial;São Paulo;SP;São José dos Campos;SP;800.77;783.84;-16.93
142502;1;13/07/2026;MAJO - COTIA;Filial;São Paulo;SP;Jacareí;SP;731.5;716.56;-14.94
142505;1;13/07/2026;MAJO - COTIA;Filial;São Paulo;SP;Jacareí;SP;458.18;450.97;-7.21
142506;1;13/07/2026;MAJO - COTIA;Filial;São Paulo;SP;São Sebastião;SP;610.95;593.63;-17.32
142507;1;13/07/2026;MAJO - COTIA;Filial;São Paulo;SP;Taubaté;SP;828.75;811.02;-17.73
142513;1;13/07/2026;MAJO - COTIA;Filial;São Paulo;SP;Ribeirão Bonito;SP;155.99;156.03;0.04
142512;1;13/07/2026;MAJO - COTIA;Filial;São Paulo;SP;Taubaté;SP;477.99;464.4;-13.59
145202;1;30/07/2026;MAJO - COTIA;Filial;São Paulo;SP;Santa Cruz das Palmeiras;SP;407.39;407.43;0.04
142861;1;14/07/2026;MAJO - COTIA;Filial;São Paulo;SP;Jundiaí;SP;1259.18;44.15;-1215.03
144088;1;22/07/2026;MAJO - COTIA;Filial;São Paulo;SP;Praia Grande;SP;358.9;353.45;-5.45
142666;1;13/07/2026;MAJO - COTIA;Filial;São Paulo;SP;Marília;SP;791.02;64.34;-726.68
142664;1;13/07/2026;MAJO - COTIA;Filial;São Paulo;SP;Ourinhos;SP;2733.58;123.89;-2609.69
166805;0;21/08/2026;MVT CAMPINAS SOL. EM TRANSPORTES LTDA;Filial;São Paulo;SP;Campinas;SP;256.94;256.94;
486285;2;20/08/2026;TRANSPORTADORA KARAVAGGIO LTDA;Okker;São Paulo;SP;Londrina;PR;188.64;188.64;
143286;1;16/07/2026;MAJO - COTIA;Filial;São Paulo;SP;Praia Grande;SP;562.18;551.9;-10.28
483605;2;05/08/2026;TRANSPORTADORA KARAVAGGIO LTDA;Okker;São Paulo;SP;Curitiba;PR;906.16;826.55;-79.61
486286;2;20/08/2026;TRANSPORTADORA KARAVAGGIO LTDA;Okker;São Paulo;SP;Maringá;PR;94.32;94.32;
483598;2;05/08/2026;TRANSPORTADORA KARAVAGGIO LTDA;Okker;São Paulo;SP;Maringá;PR;864.38;919.81;55.43
486284;2;20/08/2026;TRANSPORTADORA KARAVAGGIO LTDA;Okker;São Paulo;SP;Londrina;PR;94.32;94.32;
483604;2;05/08/2026;TRANSPORTADORA KARAVAGGIO LTDA;Okker;São Paulo;SP;Curitiba;PR;726.75;691.32;-35.43
483600;2;05/08/2026;TRANSPORTADORA KARAVAGGIO LTDA;Okker;São Paulo;SP;Londrina;PR;1011.74;1067.17;55.43
483602;2;05/08/2026;TRANSPORTADORA KARAVAGGIO LTDA;Okker;São Paulo;SP;Curitiba;PR;906.93;829.7;-77.23
483597;2;05/08/2026;TRANSPORTADORA KARAVAGGIO LTDA;Okker;São Paulo;SP;Maringá;PR;1136.33;1191.76;55.43
483606;2;05/08/2026;TRANSPORTADORA KARAVAGGIO LTDA;Okker;São Paulo;SP;Curitiba;PR;883.53;809.68;-73.85
483599;2;05/08/2026;TRANSPORTADORA KARAVAGGIO LTDA;Okker;São Paulo;SP;Londrina;PR;919.98;975.41;55.43
483601;2;05/08/2026;TRANSPORTADORA KARAVAGGIO LTDA;Okker;São Paulo;SP;Foz do Iguaçu;PR;1007.98;1063.41;55.43
483603;2;05/08/2026;TRANSPORTADORA KARAVAGGIO LTDA;Okker;São Paulo;SP;Curitiba;PR;1041.78;929.53;-112.25
486268;2;20/08/2026;TRANSPORTADORA KARAVAGGIO LTDA;Filial;São Paulo;SP;Curitiba;PR;94.32;94.32;
486263;2;20/08/2026;TRANSPORTADORA KARAVAGGIO LTDA;Filial;São Paulo;SP;Curitiba;PR;94.32;94.32;
486264;2;20/08/2026;TRANSPORTADORA KARAVAGGIO LTDA;Filial;São Paulo;SP;Sapucaia do Sul;RS;660.23;660.23;
182;2;17/07/2026;TONI TRANSPORTES E LOGISTICA LTDA;Filial;São Paulo;SP;São Paulo;SP;2398;2398;
242;2;30/07/2026;TONI TRANSPORTES E LOGISTICA LTDA;Filial;São Paulo;SP;Nova Odessa;SP;3438;1859.97;-1578.03
143499;1;17/07/2026;MAJO - COTIA;Filial;São Paulo;SP;Itatiba;SP;159.93;154.49;-5.44
143502;1;17/07/2026;MAJO - COTIA;Filial;São Paulo;SP;Analândia;SP;154.34;154.39;0.05
143501;1;17/07/2026;MAJO - COTIA;Filial;São Paulo;SP;Praia Grande;SP;155.02;149.58;-5.44
143503;1;17/07/2026;MAJO - COTIA;Filial;São Paulo;SP;Marília;SP;2562.25;2562.27;0.02
143511;1;17/07/2026;MAJO - COTIA;Filial;São Paulo;SP;Lorena;SP;150.53;145.09;-5.44
143519;1;17/07/2026;MAJO - COTIA;Filial;São Paulo;SP;Ribeirão Preto;SP;353.85;353.89;0.04
143512;1;17/07/2026;MAJO - COTIA;Filial;São Paulo;SP;Analândia;SP;150.03;150.07;0.04
143513;1;17/07/2026;MAJO - COTIA;Filial;São Paulo;SP;São José dos Campos;SP;1500.65;1457.69;-42.96
143515;1;17/07/2026;MAJO - COTIA;Filial;São Paulo;SP;Bauru;SP;2626.99;2627;0.01
486266;2;20/08/2026;TRANSPORTADORA KARAVAGGIO LTDA;Filial;São Paulo;SP;Sapiranga;RS;188.64;188.64;
160324;0;21/07/2026;MVT CAMPINAS SOL. EM TRANSPORTES LTDA;Filial;São Paulo;SP;Rio Claro;SP;600.14;20.81;-579.33
160326;0;21/07/2026;MVT CAMPINAS SOL. EM TRANSPORTES LTDA;Filial;São Paulo;SP;Mogi Mirim;SP;1518.31;65.36;-1452.95
160325;0;21/07/2026;MVT CAMPINAS SOL. EM TRANSPORTES LTDA;Filial;São Paulo;SP;Araras;SP;186.18;70.45;-115.73
486260;2;20/08/2026;TRANSPORTADORA KARAVAGGIO LTDA;Filial;São Paulo;SP;Santana do Livramento;RS;188.64;188.64;
486261;2;20/08/2026;TRANSPORTADORA KARAVAGGIO LTDA;Filial;São Paulo;SP;Rio Grande;RS;282.95;282.95;
212;2;24/07/2026;TONI TRANSPORTES E LOGISTICA LTDA;Filial;São Paulo;SP;Praia Grande;SP;3498.13;3468.13;-30
143881;1;21/07/2026;MAJO - COTIA;Filial;São Paulo;SP;Guarujá;SP;1515.22;1472.06;-43.16
143890;1;21/07/2026;MAJO - COTIA;Filial;São Paulo;SP;Mongaguá;SP;594.78;577.99;-16.79
143891;1;21/07/2026;MAJO - COTIA;Filial;São Paulo;SP;Praia Grande;SP;2943.42;2860.07;-83.35
142919;1;14/07/2026;MAJO - COTIA;Filial;São Paulo;SP;Jacareí;SP;757.61;568.18;-189.43
141258;1;02/07/2026;MAJO - COTIA;Filial;São Paulo;SP;Barueri;SP;162.55;162.59;0.04
2807177;0;21/07/2026;MVT CAMPINAS SOL. EM TRANSPORTES LTDA;Filial;São Paulo;SP;Mogi Guaçu;SP;942;61.36;-880.64
733806;0;08/07/2026;SJBICAS - EXPRESSO RODOMINAS LTDA;Filial;São Paulo;SP;Belo Horizonte;MG;266.75;266.74;-0.01
2807179;0;21/07/2026;MVT CAMPINAS SOL. EM TRANSPORTES LTDA;Filial;São Paulo;SP;Jundiaí;SP;761.35;35.8;-725.55
214;2;24/07/2026;TONI TRANSPORTES E LOGISTICA LTDA;Filial;São Paulo;SP;São Paulo;SP;2398;2398;
145927;1;05/08/2026;MAJO - COTIA;Filial;São Paulo;SP;Jacupiranga;SP;152.01;146.56;-5.45
145929;1;05/08/2026;MAJO - COTIA;Filial;São Paulo;SP;Juquiá;SP;185.97;180.68;-5.29
145930;1;05/08/2026;MAJO - COTIA;Filial;São Paulo;SP;Ribeirão Preto;SP;361.77;361.82;0.05
160333;0;21/07/2026;MVT CAMPINAS SOL. EM TRANSPORTES LTDA;Filial;São Paulo;SP;Piracicaba;SP;1342.89;121.9;-1220.99
476472;2;01/07/2026;TRANSPORTADORA KARAVAGGIO LTDA;Filial;São Paulo;SP;Caxias do Sul;RS;4130.58;3833.57;-297.01
153890;2;01/07/2026;T.G LOGISTICA E TRANSPORTES;Filial;São Paulo;SP;Rio de Janeiro;RJ;238.83;285.23;46.4
146674;1;11/08/2026;MAJO - COTIA;Filial;São Paulo;SP;Guarujá;SP;358.89;353.43;-5.46
159997;0;20/07/2026;MVT CAMPINAS SOL. EM TRANSPORTES LTDA;Filial;São Paulo;SP;São José do Rio Preto;SP;1517.18;71.59;-1445.59
159999;0;20/07/2026;MVT CAMPINAS SOL. EM TRANSPORTES LTDA;Filial;São Paulo;SP;São José do Rio Preto;SP;1095.03;68.18;-1026.85
159996;0;20/07/2026;MVT CAMPINAS SOL. EM TRANSPORTES LTDA;Filial;São Paulo;SP;Santa Bárbara d'Oeste;SP;445.52;109.09;-336.43
145911;1;05/08/2026;MAJO - COTIA;Filial;São Paulo;SP;Caraguatatuba;SP;421.2;409.32;-11.88
145912;1;05/08/2026;MAJO - COTIA;Filial;São Paulo;SP;Taubaté;SP;517.8;503.17;-14.63
145919;1;05/08/2026;MAJO - COTIA;Filial;São Paulo;SP;Piracicaba;SP;399.64;388.34;-11.3
156402;2;23/08/2026;T.G LOGISTICA E TRANSPORTES;Filial;São Paulo;SP;Paraty;RJ;158.03;158.03;
156403;2;23/08/2026;T.G LOGISTICA E TRANSPORTES;Filial;São Paulo;SP;Rio de Janeiro;RJ;1566;1566;
156406;2;23/08/2026;T.G LOGISTICA E TRANSPORTES;Filial;São Paulo;SP;Rio de Janeiro;RJ;151.18;151.18;
156401;2;23/08/2026;T.G LOGISTICA E TRANSPORTES;Filial;São Paulo;SP;Rio de Janeiro;RJ;573.09;573.09;
143930;1;21/07/2026;MAJO - COTIA;Filial;São Paulo;SP;Itapevi;SP;101.1;101.13;0.03
143923;1;21/07/2026;MAJO - COTIA;Filial;São Paulo;SP;Jacareí;SP;1471.16;1429.51;-41.65
143927;1;21/07/2026;MAJO - COTIA;Filial;São Paulo;SP;Analândia;SP;151.6;151.61;0.01
143926;1;21/07/2026;MAJO - COTIA;Filial;São Paulo;SP;Caraguatatuba;SP;2794.39;2714.95;-79.44
143934;1;21/07/2026;MAJO - COTIA;Filial;São Paulo;SP;Guaratinguetá;SP;1740.67;1691.48;-49.19
16359;1;03/07/2026;JJF SUPPLY CHAIN LOGISTICA E TRANSPORTES;Filial;São Paulo;SP;Socorro;SP;;240.6;
16595;1;13/07/2026;JJF SUPPLY CHAIN LOGISTICA E TRANSPORTES;Filial;São Paulo;SP;Campinas;SP;;68.18;
16338;1;03/07/2026;JJF SUPPLY CHAIN LOGISTICA E TRANSPORTES;Filial;São Paulo;SP;Sumaré;SP;;101.5;
16337;1;03/07/2026;JJF SUPPLY CHAIN LOGISTICA E TRANSPORTES;Filial;São Paulo;SP;Cosmópolis;SP;;122.65;
16332;1;03/07/2026;JJF SUPPLY CHAIN LOGISTICA E TRANSPORTES;Filial;São Paulo;SP;Campinas;SP;;453.15;
16328;1;03/07/2026;JJF SUPPLY CHAIN LOGISTICA E TRANSPORTES;Filial;São Paulo;SP;Santo Antônio do Pinhal;SP;;150.44;
16545;1;13/07/2026;JJF SUPPLY CHAIN LOGISTICA E TRANSPORTES;Filial;São Paulo;SP;Mogi das Cruzes;SP;;150.78;
16546;1;13/07/2026;JJF SUPPLY CHAIN LOGISTICA E TRANSPORTES;Filial;São Paulo;SP;Mogi das Cruzes;SP;;63.72;
16329;1;03/07/2026;JJF SUPPLY CHAIN LOGISTICA E TRANSPORTES;Filial;São Paulo;SP;Bragança Paulista;SP;;219.39;
16581;1;13/07/2026;JJF SUPPLY CHAIN LOGISTICA E TRANSPORTES;Filial;São Paulo;SP;Campo Limpo Paulista;SP;;74.3;
16548;1;13/07/2026;JJF SUPPLY CHAIN LOGISTICA E TRANSPORTES;Filial;São Paulo;SP;Mogi das Cruzes;SP;;303.7;
16355;1;03/07/2026;JJF SUPPLY CHAIN LOGISTICA E TRANSPORTES;Filial;São Paulo;SP;Americana;SP;;68.18;
16598;1;13/07/2026;JJF SUPPLY CHAIN LOGISTICA E TRANSPORTES;Filial;São Paulo;SP;Várzea Paulista;SP;;120.52;
16580;1;13/07/2026;JJF SUPPLY CHAIN LOGISTICA E TRANSPORTES;Filial;São Paulo;SP;São Paulo;SP;;51.14;
16566;1;13/07/2026;JJF SUPPLY CHAIN LOGISTICA E TRANSPORTES;Filial;São Paulo;SP;Guarulhos;SP;;52.56;
16603;1;13/07/2026;JJF SUPPLY CHAIN LOGISTICA E TRANSPORTES;Filial;São Paulo;SP;Cajamar;SP;;51.14;
16607;1;13/07/2026;JJF SUPPLY CHAIN LOGISTICA E TRANSPORTES;Filial;São Paulo;SP;Caieiras;SP;;51.14;
16342;1;03/07/2026;JJF SUPPLY CHAIN LOGISTICA E TRANSPORTES;Filial;São Paulo;SP;Itatiba;SP;;165.03;
16599;1;13/07/2026;JJF SUPPLY CHAIN LOGISTICA E TRANSPORTES;Filial;São Paulo;SP;Franco da Rocha;SP;;56.27;
16331;1;03/07/2026;JJF SUPPLY CHAIN LOGISTICA E TRANSPORTES;Filial;São Paulo;SP;Bragança Paulista;SP;;56.82;
16582;1;13/07/2026;JJF SUPPLY CHAIN LOGISTICA E TRANSPORTES;Filial;São Paulo;SP;Várzea Paulista;SP;;93.98;
16609;1;13/07/2026;JJF SUPPLY CHAIN LOGISTICA E TRANSPORTES;Filial;São Paulo;SP;Francisco Morato;SP;;278.07;
16553;1;13/07/2026;JJF SUPPLY CHAIN LOGISTICA E TRANSPORTES;Filial;São Paulo;SP;Poá;SP;;197.51;
16327;1;03/07/2026;JJF SUPPLY CHAIN LOGISTICA E TRANSPORTES;Filial;São Paulo;SP;São José dos Campos;SP;;68.18;
16552;1;13/07/2026;JJF SUPPLY CHAIN LOGISTICA E TRANSPORTES;Filial;São Paulo;SP;Itaquaquecetuba;SP;;388.14;
16586;1;13/07/2026;JJF SUPPLY CHAIN LOGISTICA E TRANSPORTES;Filial;São Paulo;SP;Jundiaí;SP;;115.75;
16563;1;13/07/2026;JJF SUPPLY CHAIN LOGISTICA E TRANSPORTES;Filial;São Paulo;SP;Caieiras;SP;;64.24;
16353;1;03/07/2026;JJF SUPPLY CHAIN LOGISTICA E TRANSPORTES;Filial;São Paulo;SP;Piracicaba;SP;;98.69;
16583;1;13/07/2026;JJF SUPPLY CHAIN LOGISTICA E TRANSPORTES;Filial;São Paulo;SP;Várzea Paulista;SP;;126.36;
16590;1;13/07/2026;JJF SUPPLY CHAIN LOGISTICA E TRANSPORTES;Filial;São Paulo;SP;Valinhos;SP;;347.25;
16579;1;13/07/2026;JJF SUPPLY CHAIN LOGISTICA E TRANSPORTES;Filial;São Paulo;SP;Itupeva;SP;;90.26;
16326;1;03/07/2026;JJF SUPPLY CHAIN LOGISTICA E TRANSPORTES;Filial;São Paulo;SP;Lorena;SP;;68.18;
16606;1;13/07/2026;JJF SUPPLY CHAIN LOGISTICA E TRANSPORTES;Filial;São Paulo;SP;Caieiras;SP;;51.14;
16597;1;13/07/2026;JJF SUPPLY CHAIN LOGISTICA E TRANSPORTES;Filial;São Paulo;SP;Biritiba-Mirim;SP;;130.36;
16351;1;03/07/2026;JJF SUPPLY CHAIN LOGISTICA E TRANSPORTES;Filial;São Paulo;SP;Indaiatuba;SP;;583.06;
16336;1;03/07/2026;JJF SUPPLY CHAIN LOGISTICA E TRANSPORTES;Filial;São Paulo;SP;Sumaré;SP;;85.8;
16591;1;13/07/2026;JJF SUPPLY CHAIN LOGISTICA E TRANSPORTES;Filial;São Paulo;SP;Jundiaí;SP;;51.14;
16547;1;13/07/2026;JJF SUPPLY CHAIN LOGISTICA E TRANSPORTES;Filial;São Paulo;SP;Mogi das Cruzes;SP;;142.83;
16589;1;13/07/2026;JJF SUPPLY CHAIN LOGISTICA E TRANSPORTES;Filial;São Paulo;SP;Valinhos;SP;;51.14;
16584;1;13/07/2026;JJF SUPPLY CHAIN LOGISTICA E TRANSPORTES;Filial;São Paulo;SP;Jundiaí;SP;;73.8;
16343;1;03/07/2026;JJF SUPPLY CHAIN LOGISTICA E TRANSPORTES;Filial;São Paulo;SP;Jundiaí;SP;;127.43;
16554;1;13/07/2026;JJF SUPPLY CHAIN LOGISTICA E TRANSPORTES;Filial;São Paulo;SP;Ferraz de Vasconcelos;SP;;508.92;
16544;1;13/07/2026;JJF SUPPLY CHAIN LOGISTICA E TRANSPORTES;Filial;São Paulo;SP;Mogi das Cruzes;SP;;133.27;
16334;1;03/07/2026;JJF SUPPLY CHAIN LOGISTICA E TRANSPORTES;Filial;São Paulo;SP;Campinas;SP;;234.43;
16600;1;13/07/2026;JJF SUPPLY CHAIN LOGISTICA E TRANSPORTES;Filial;São Paulo;SP;Franco da Rocha;SP;;69.02;
16341;1;03/07/2026;JJF SUPPLY CHAIN LOGISTICA E TRANSPORTES;Filial;São Paulo;SP;Jundiaí;SP;;51.14;
16551;1;13/07/2026;JJF SUPPLY CHAIN LOGISTICA E TRANSPORTES;Filial;São Paulo;SP;Suzano;SP;;150.42;
16578;1;13/07/2026;JJF SUPPLY CHAIN LOGISTICA E TRANSPORTES;Filial;São Paulo;SP;Indaiatuba;SP;;360.7;
16340;1;03/07/2026;JJF SUPPLY CHAIN LOGISTICA E TRANSPORTES;Filial;São Paulo;SP;Jundiaí;SP;;129.55;
16602;1;13/07/2026;JJF SUPPLY CHAIN LOGISTICA E TRANSPORTES;Filial;São Paulo;SP;Franco da Rocha;SP;;51.14;
16585;1;13/07/2026;JJF SUPPLY CHAIN LOGISTICA E TRANSPORTES;Filial;São Paulo;SP;Jundiaí;SP;;70.08;
16345;1;03/07/2026;JJF SUPPLY CHAIN LOGISTICA E TRANSPORTES;Filial;São Paulo;SP;Valinhos;SP;;151.32;
16596;1;13/07/2026;JJF SUPPLY CHAIN LOGISTICA E TRANSPORTES;Filial;São Paulo;SP;Campinas;SP;;68.18;
16608;1;13/07/2026;JJF SUPPLY CHAIN LOGISTICA E TRANSPORTES;Filial;São Paulo;SP;Caieiras;SP;;51.14;
16605;1;13/07/2026;JJF SUPPLY CHAIN LOGISTICA E TRANSPORTES;Filial;São Paulo;SP;Caieiras;SP;;69.02;
16604;1;13/07/2026;JJF SUPPLY CHAIN LOGISTICA E TRANSPORTES;Filial;São Paulo;SP;Caieiras;SP;;51.14;
16601;1;13/07/2026;JJF SUPPLY CHAIN LOGISTICA E TRANSPORTES;Filial;São Paulo;SP;Franco da Rocha;SP;;51.14;
16335;1;03/07/2026;JJF SUPPLY CHAIN LOGISTICA E TRANSPORTES;Filial;São Paulo;SP;Paulínia;SP;;205.24;
33541;1;23/07/2026;CIA CARGAS TRASNPORTES E LOGISTICA  EIRELI;Filial;São Paulo;SP;Serra;ES;;79.74;
33544;1;23/07/2026;CIA CARGAS TRASNPORTES E LOGISTICA  EIRELI;Filial;São Paulo;SP;Vitória;ES;;109.5;
231;2;29/07/2026;TONI TRANSPORTES E LOGISTICA LTDA;Filial;São Paulo;SP;Jandira;SP;2492;2492;
160935;0;23/07/2026;MVT CAMPINAS SOL. EM TRANSPORTES LTDA;Filial;São Paulo;SP;Campinas;SP;425.99;254.86;-171.13
735678;0;23/07/2026;SJBICAS - EXPRESSO RODOMINAS LTDA;Filial;São Paulo;SP;Uberlândia;MG;473.82;592.82;119
247284;1;23/07/2026;RORAIMA LOGISTICA EIRELI;Filial;São Paulo;SP;Cruzeiro do Sul;AC;2233.29;2549.39;316.1
144316;1;23/07/2026;MAJO - COTIA;Filial;São Paulo;SP;Indaiatuba;SP;246.56;286.65;40.09
33539;1;23/07/2026;CIA CARGAS TRASNPORTES E LOGISTICA  EIRELI;Filial;São Paulo;SP;Santa Maria de Jetibá;ES;;68.59;
735699;0;23/07/2026;SJBICAS - EXPRESSO RODOMINAS LTDA;Filial;São Paulo;SP;Guaxupé;MG;398.01;398.01;
33542;1;23/07/2026;CIA CARGAS TRASNPORTES E LOGISTICA  EIRELI;Filial;São Paulo;SP;Vitória;ES;;102.17;
33536;1;23/07/2026;CIA CARGAS TRASNPORTES E LOGISTICA  EIRELI;Filial;São Paulo;SP;Vila Velha;ES;;30.97;
735691;0;23/07/2026;SJBICAS - EXPRESSO RODOMINAS LTDA;Filial;São Paulo;SP;Contagem;MG;266.75;266.74;-0.01
735700;0;23/07/2026;SJBICAS - EXPRESSO RODOMINAS LTDA;Filial;São Paulo;SP;Minas Gerais;MG;;398.01;
160902;0;23/07/2026;MVT CAMPINAS SOL. EM TRANSPORTES LTDA;Filial;São Paulo;SP;São José do Rio Preto;SP;3196.56;3353.38;156.82
33537;1;23/07/2026;CIA CARGAS TRASNPORTES E LOGISTICA  EIRELI;Filial;São Paulo;SP;Vitória;ES;;153.82;
144283;1;23/07/2026;MAJO - COTIA;Filial;São Paulo;SP;Ribeirão Preto;SP;475.05;475.08;0.03
735679;0;23/07/2026;SJBICAS - EXPRESSO RODOMINAS LTDA;Filial;São Paulo;SP;Uberaba;MG;567.56;567.56;
142322;1;10/07/2026;MAJO - COTIA;Filial;São Paulo;SP;Piracicaba;SP;545.1;535.41;-9.69
155009;2;21/07/2026;T.G LOGISTICA E TRANSPORTES;Filial;São Paulo;SP;Rio de Janeiro;RJ;165.05;165.05;
144635;1;27/07/2026;MAJO - COTIA;Filial;São Paulo;SP;Osasco;SP;305.06;305.1;0.04
155006;2;21/07/2026;T.G LOGISTICA E TRANSPORTES;Filial;São Paulo;SP;Rio de Janeiro;RJ;272.16;272.16;
155011;2;21/07/2026;T.G LOGISTICA E TRANSPORTES;Filial;São Paulo;SP;Macaé;RJ;762.28;762.28;
142010;1;08/07/2026;MAJO - COTIA;Filial;São Paulo;SP;São José dos Campos;SP;870.44;851.55;-18.89
142665;1;13/07/2026;MAJO - COTIA;Filial;São Paulo;SP;Assis;SP;995.13;72.38;-922.75
142608;1;13/07/2026;MAJO - COTIA;Filial;São Paulo;SP;Limeira;SP;757.61;736.06;-21.55
142610;1;13/07/2026;MAJO - COTIA;Filial;São Paulo;SP;Itapira;SP;153.5;148.05;-5.45
142314;1;10/07/2026;MAJO - COTIA;Filial;São Paulo;SP;Indaiatuba;SP;611.43;599.86;-11.57
142990;1;15/07/2026;MAJO - COTIA;Filial;São Paulo;SP;Tremembé;SP;152.01;146.55;-5.46
143024;1;15/07/2026;MAJO - COTIA;Filial;São Paulo;SP;Tremembé;SP;153.7;148.24;-5.46
155007;2;21/07/2026;T.G LOGISTICA E TRANSPORTES;Filial;São Paulo;SP;Rio de Janeiro;RJ;544.34;544.34;
155008;2;21/07/2026;T.G LOGISTICA E TRANSPORTES;Filial;São Paulo;SP;Volta Redonda;RJ;489.75;489.75;
155014;2;21/07/2026;T.G LOGISTICA E TRANSPORTES;Filial;São Paulo;SP;Paraty;RJ;145.24;145.24;
155017;2;21/07/2026;T.G LOGISTICA E TRANSPORTES;Filial;São Paulo;SP;Rio de Janeiro;RJ;;569.15;
155020;2;21/07/2026;T.G LOGISTICA E TRANSPORTES;Filial;São Paulo;SP;Campos dos Goytacazes;RJ;467.59;467.59;
160899;0;23/07/2026;MVT CAMPINAS SOL. EM TRANSPORTES LTDA;Filial;São Paulo;SP;Franca;SP;2377.5;2474.15;96.65
144645;1;27/07/2026;MAJO - COTIA;Filial;São Paulo;SP;Lorena;SP;152.28;146.85;-5.43
144665;1;27/07/2026;MAJO - COTIA;Filial;São Paulo;SP;Miracatu;SP;151.55;146.13;-5.42
144675;1;27/07/2026;MAJO - COTIA;Filial;São Paulo;SP;Carapicuíba;SP;101.03;101.07;0.04
144658;1;27/07/2026;MAJO - COTIA;Filial;São Paulo;SP;Iperó;SP;148.52;143.09;-5.43
144676;1;27/07/2026;MAJO - COTIA;Filial;São Paulo;SP;Carapicuíba;SP;103.03;103.08;0.05
144668;1;27/07/2026;MAJO - COTIA;Filial;São Paulo;SP;Ribeirão Preto;SP;415.66;415.68;0.02
144669;1;27/07/2026;MAJO - COTIA;Filial;São Paulo;SP;Cubatão;SP;156.17;150.73;-5.44
155021;2;21/07/2026;T.G LOGISTICA E TRANSPORTES;Filial;São Paulo;SP;Paraty;RJ;155.06;155.06;
16806;1;23/07/2026;JJF SUPPLY CHAIN LOGISTICA E TRANSPORTES;Filial;São Paulo;SP;Valinhos;SP;;86.93;
161214;0;24/07/2026;MVT CAMPINAS SOL. EM TRANSPORTES LTDA;Filial;São Paulo;SP;Piracicaba;SP;2254.05;202.27;-2051.78
161215;0;24/07/2026;MVT CAMPINAS SOL. EM TRANSPORTES LTDA;Filial;São Paulo;SP;Campinas;SP;325.16;68.01;-257.15
144652;1;27/07/2026;MAJO - COTIA;Filial;São Paulo;SP;José Bonifácio;SP;155.18;155.2;0.02
144660;1;27/07/2026;MAJO - COTIA;Filial;São Paulo;SP;Atibaia;SP;491.06;477.3;-13.76
16805;1;23/07/2026;JJF SUPPLY CHAIN LOGISTICA E TRANSPORTES;Filial;São Paulo;SP;Mogi das Cruzes;SP;;35.23;
16804;1;23/07/2026;JJF SUPPLY CHAIN LOGISTICA E TRANSPORTES;Filial;São Paulo;SP;Campinas;SP;;22.73;
224;2;28/07/2026;TONI TRANSPORTES E LOGISTICA LTDA;Filial;São Paulo;SP;Guarulhos;SP;2398;2398;
481707;2;29/07/2026;TRANSPORTADORA KARAVAGGIO LTDA;Filial;São Paulo;SP;Caxias do Sul;RS;242.02;289.93;47.91
144678;1;27/07/2026;MAJO - COTIA;Filial;São Paulo;SP;Bocaina;SP;154.58;154.6;0.02
144653;1;27/07/2026;MAJO - COTIA;Filial;São Paulo;SP;Iperó;SP;150.42;145;-5.42
144654;1;27/07/2026;MAJO - COTIA;Filial;São Paulo;SP;São Sebastião;SP;151.5;146.07;-5.43
144673;1;27/07/2026;MAJO - COTIA;Filial;São Paulo;SP;Boituva;SP;148.52;143.09;-5.43
144680;1;27/07/2026;MAJO - COTIA;Filial;São Paulo;SP;Osasco;SP;105.63;105.66;0.03
144663;1;27/07/2026;MAJO - COTIA;Filial;São Paulo;SP;Manduri;SP;207.14;150.97;-56.17
144664;1;27/07/2026;MAJO - COTIA;Filial;São Paulo;SP;Caraguatatuba;SP;157.32;151.86;-5.46
143971;1;21/07/2026;MAJO - COTIA;Filial;São Paulo;SP;São Carlos;SP;1949.91;64.1;-1885.81
143970;1;21/07/2026;MAJO - COTIA;Filial;São Paulo;SP;São José do Rio Preto;SP;2965.22;98.26;-2866.96
144879;1;28/07/2026;MAJO - COTIA;Filial;São Paulo;SP;Ribeirão Preto;SP;481.89;481.91;0.02
143236;1;16/07/2026;MAJO - COTIA;Filial;São Paulo;SP;Campos do Jordão;SP;150.77;145.32;-5.45
143239;1;16/07/2026;MAJO - COTIA;Filial;São Paulo;SP;São José dos Campos;SP;631.05;618.89;-12.16
143209;1;16/07/2026;MAJO - COTIA;Filial;São Paulo;SP;Campos do Jordão;SP;150.77;145.32;-5.45
143522;1;17/07/2026;MAJO - COTIA;Filial;São Paulo;SP;São José do Rio Pardo;SP;155.99;156.01;0.02
143213;1;16/07/2026;MAJO - COTIA;Filial;São Paulo;SP;Tremembé;SP;353.41;347.94;-5.47
143732;1;20/07/2026;MAJO - COTIA;Filial;São Paulo;SP;Catanduva;SP;1988.02;1988.02;
143737;1;20/07/2026;MAJO - COTIA;Filial;São Paulo;SP;Barretos;SP;1823.73;1823.75;0.02
143935;1;21/07/2026;MAJO - COTIA;Filial;São Paulo;SP;Dourado;SP;150.25;150.27;0.02
144286;1;23/07/2026;MAJO - COTIA;Filial;São Paulo;SP;Ribeirão Preto;SP;1130.88;1130.92;0.04
144881;1;28/07/2026;MAJO - COTIA;Filial;São Paulo;SP;São José dos Campos;SP;361.64;356.2;-5.44
143882;1;21/07/2026;MAJO - COTIA;Filial;São Paulo;SP;Santos;SP;178.82;173.68;-5.14
143285;1;16/07/2026;MAJO - COTIA;Filial;São Paulo;SP;Sorocaba;SP;562.18;551.9;-10.28
143217;1;16/07/2026;MAJO - COTIA;Filial;São Paulo;SP;Carapicuíba;SP;102.33;102.36;0.03
143223;1;16/07/2026;MAJO - COTIA;Filial;São Paulo;SP;Pirapora do Bom Jesus;SP;110.51;110.53;0.02
143225;1;16/07/2026;MAJO - COTIA;Filial;São Paulo;SP;Itapevi;SP;101.86;101.91;0.05
143226;1;16/07/2026;MAJO - COTIA;Filial;São Paulo;SP;Bragança Paulista;SP;152.72;147.27;-5.45
143507;1;17/07/2026;MAJO - COTIA;Filial;São Paulo;SP;Salto de Pirapora;SP;152.03;146.6;-5.43
143220;1;16/07/2026;MAJO - COTIA;Filial;São Paulo;SP;Taubaté;SP;1650.25;1609.1;-41.15
143922;1;21/07/2026;MAJO - COTIA;Filial;São Paulo;SP;Lorena;SP;150.11;144.65;-5.46
145340;1;30/07/2026;MAJO - COTIA;Filial;São Paulo;SP;Cruzeiro;SP;573.25;22.73;-550.52
143232;1;16/07/2026;MAJO - COTIA;Filial;São Paulo;SP;Taubaté;SP;152.28;146.85;-5.43
143234;1;16/07/2026;MAJO - COTIA;Filial;São Paulo;SP;Ubatuba;SP;154.32;148.9;-5.42
143254;1;16/07/2026;MAJO - COTIA;Filial;São Paulo;SP;Lorena;SP;353.01;143.02;-209.99
143248;1;16/07/2026;MAJO - COTIA;Filial;São Paulo;SP;Guaratinguetá;SP;152.14;146.69;-5.45
143928;1;21/07/2026;MAJO - COTIA;Filial;São Paulo;SP;São José dos Campos;SP;1989.09;1932.81;-56.28
145032;1;29/07/2026;MAJO - COTIA;Filial;São Paulo;SP;Guaratinguetá;SP;153.06;147.6;-5.46
145145;1;29/07/2026;MAJO - COTIA;Filial;São Paulo;SP;São José dos Campos;SP;406;400.32;-5.68
145146;1;29/07/2026;MAJO - COTIA;Filial;São Paulo;SP;São José dos Campos;SP;352.6;347.17;-5.43
143250;1;16/07/2026;MAJO - COTIA;Filial;São Paulo;SP;Itapevi;SP;101.24;101.28;0.04
143253;1;16/07/2026;MAJO - COTIA;Filial;São Paulo;SP;Guarujá;SP;156.66;151.24;-5.42
143202;1;16/07/2026;MAJO - COTIA;Filial;São Paulo;SP;Guarujá;SP;154.35;148.91;-5.44
143204;1;16/07/2026;MAJO - COTIA;Filial;São Paulo;SP;Osasco;SP;318.03;318.05;0.02
143214;1;16/07/2026;MAJO - COTIA;Filial;São Paulo;SP;Carapicuíba;SP;552.6;552.64;0.04
143238;1;16/07/2026;MAJO - COTIA;Filial;São Paulo;SP;Osasco;SP;101.69;101.72;0.03
143241;1;16/07/2026;MAJO - COTIA;Filial;São Paulo;SP;Barueri;SP;142.01;142.02;0.01
145022;1;29/07/2026;MAJO - COTIA;Filial;São Paulo;SP;Itapetininga;SP;148.86;143.41;-5.45
143943;1;21/07/2026;MAJO - COTIA;Filial;São Paulo;SP;Boituva;SP;155.44;150.02;-5.42
143941;1;21/07/2026;MAJO - COTIA;Filial;São Paulo;SP;Iperó;SP;158.13;152.68;-5.45
225;2;28/07/2026;TONI TRANSPORTES E LOGISTICA LTDA;Filial;São Paulo;SP;Itu;SP;3488;3480.06;-7.94
209;2;22/07/2026;TONI TRANSPORTES E LOGISTICA LTDA;Filial;São Paulo;SP;Osasco;SP;2398;361.76;-2036.24
6203;1;27/07/2026;JG ALVES TRANSPORTES LTDA;Filial;São Paulo;SP;São Paulo;SP;1042.11;996.8;-45.31
6250;1;29/07/2026;JG ALVES TRANSPORTES LTDA;Filial;São Paulo;SP;Diadema;SP;897.73;884.8;-12.93
6251;1;29/07/2026;JG ALVES TRANSPORTES LTDA;Filial;São Paulo;SP;São Paulo;SP;463.86;996.8;532.94
6232;1;28/07/2026;JG ALVES TRANSPORTES LTDA;Filial;São Paulo;SP;Ribeirão Pires;SP;1125;1108.8;-16.2
6233;1;28/07/2026;JG ALVES TRANSPORTES LTDA;Filial;São Paulo;SP;Osasco;SP;1125;996.8;-128.2
6205;1;27/07/2026;JG ALVES TRANSPORTES LTDA;Filial;São Paulo;SP;São Paulo;SP;792.15;784;-8.15
6277;1;31/07/2026;JG ALVES TRANSPORTES LTDA;Filial;São Paulo;SP;Itapecerica da Serra;SP;715.91;884.8;168.89
6282;1;31/07/2026;JG ALVES TRANSPORTES LTDA;Filial;São Paulo;SP;Santos;SP;168;168;
6258;1;29/07/2026;JG ALVES TRANSPORTES LTDA;Filial;São Paulo;SP;Mogi das Cruzes;SP;387.24;884.8;497.56
6235;1;28/07/2026;JG ALVES TRANSPORTES LTDA;Filial;São Paulo;SP;São Paulo;SP;1157.89;1108.8;-49.09
6230;1;28/07/2026;JG ALVES TRANSPORTES LTDA;Filial;São Paulo;SP;São Paulo;SP;936.84;884.8;-52.04
6201;1;27/07/2026;JG ALVES TRANSPORTES LTDA;Filial;São Paulo;SP;São Paulo;SP;1157.89;1108.8;-49.09
6207;1;27/07/2026;JG ALVES TRANSPORTES LTDA;Filial;São Paulo;SP;Carapicuíba;SP;1250;1108.8;-141.2
6172;1;24/07/2026;JG ALVES TRANSPORTES LTDA;Filial;São Paulo;SP;Ribeirão Pires;SP;593.72;884.8;291.08
6253;1;29/07/2026;JG ALVES TRANSPORTES LTDA;Filial;São Paulo;SP;São Paulo;SP;831.58;705.6;-125.98
6231;1;28/07/2026;JG ALVES TRANSPORTES LTDA;Filial;São Paulo;SP;Cotia;SP;1125;1108.8;-16.2
6189;1;24/07/2026;JG ALVES TRANSPORTES LTDA;Filial;São Paulo;SP;São Paulo;SP;336;336;
6279;1;31/07/2026;JG ALVES TRANSPORTES LTDA;Filial;São Paulo;SP;Itapecerica da Serra;SP;715.91;705.6;-10.31
6217;1;27/07/2026;JG ALVES TRANSPORTES LTDA;Filial;São Paulo;SP;Carapicuíba;SP;136.35;136.35;
6209;1;27/07/2026;JG ALVES TRANSPORTES LTDA;Filial;São Paulo;SP;São Paulo;SP;936.84;884.8;-52.04
6169;1;24/07/2026;JG ALVES TRANSPORTES LTDA;Filial;São Paulo;SP;Cotia;SP;909.09;996.8;87.71
6185;1;24/07/2026;JG ALVES TRANSPORTES LTDA;Filial;São Paulo;SP;Cotia;SP;89.6;89.6;
6275;1;31/07/2026;JG ALVES TRANSPORTES LTDA;Filial;São Paulo;SP;Santos;SP;;1456;1456
6174;1;24/07/2026;JG ALVES TRANSPORTES LTDA;Filial;São Paulo;SP;São Paulo;SP;1042.11;996.8;-45.31
6255;1;29/07/2026;JG ALVES TRANSPORTES LTDA;Filial;São Paulo;SP;Itaquaquecetuba;SP;609.56;996.8;387.24
6240;1;29/07/2026;JG ALVES TRANSPORTES LTDA;Filial;São Paulo;SP;São Paulo;SP;181.1;181.1;
6242;1;29/07/2026;JG ALVES TRANSPORTES LTDA;Filial;São Paulo;SP;Ribeirão Pires;SP;103.21;103.21;
6243;1;29/07/2026;JG ALVES TRANSPORTES LTDA;Filial;São Paulo;SP;Osasco;SP;112;112;
6241;1;29/07/2026;JG ALVES TRANSPORTES LTDA;Filial;São Paulo;SP;Cotia;SP;142.24;142.24;
6214;1;27/07/2026;JG ALVES TRANSPORTES LTDA;Filial;São Paulo;SP;São Paulo;SP;156.8;156.8;
6244;1;29/07/2026;JG ALVES TRANSPORTES LTDA;Filial;São Paulo;SP;São Paulo;SP;153.72;153.72;
6218;1;27/07/2026;JG ALVES TRANSPORTES LTDA;Filial;São Paulo;SP;São Paulo;SP;134.4;134.4;
6284;1;31/07/2026;JG ALVES TRANSPORTES LTDA;Filial;São Paulo;SP;Itapecerica da Serra;SP;22.4;22.4;
6285;1;31/07/2026;JG ALVES TRANSPORTES LTDA;Filial;São Paulo;SP;Itapecerica da Serra;SP;78.4;78.4;
6267;1;30/07/2026;JG ALVES TRANSPORTES LTDA;Filial;São Paulo;SP;Itaquaquecetuba;SP;112;112;
140818;1;01/07/2026;MAJO - COTIA;Filial;São Paulo;SP;São José do Rio Preto;SP;1792.82;1792.84;0.02
143733;1;20/07/2026;MAJO - COTIA;Filial;São Paulo;SP;Araçatuba;SP;1973.75;1911.82;-61.93
481851;2;29/07/2026;TRANSPORTADORA KARAVAGGIO LTDA;Filial;São Paulo;SP;Ibaiti;PR;;87.5;
143206;1;16/07/2026;MAJO - COTIA;Filial;São Paulo;SP;Pedreira;SP;491.89;483.76;-8.13
143240;1;16/07/2026;MAJO - COTIA;Filial;São Paulo;SP;Várzea Paulista;SP;156.73;151.28;-5.45
143509;1;17/07/2026;MAJO - COTIA;Filial;São Paulo;SP;Botucatu;SP;974.9;944.34;-30.56
143242;1;16/07/2026;MAJO - COTIA;Filial;São Paulo;SP;Socorro;SP;352.77;142.77;-210
143939;1;21/07/2026;MAJO - COTIA;Filial;São Paulo;SP;Jundiaí;SP;257.61;250.39;-7.22
143940;1;21/07/2026;MAJO - COTIA;Filial;São Paulo;SP;Americana;SP;759.97;738.56;-21.41
144882;1;28/07/2026;MAJO - COTIA;Filial;São Paulo;SP;Atibaia;SP;154.9;149.48;-5.42
143205;1;16/07/2026;MAJO - COTIA;Filial;São Paulo;SP;Amparo;SP;370.16;365.49;-4.67
143207;1;16/07/2026;MAJO - COTIA;Filial;São Paulo;SP;Holambra;SP;614.5;602.92;-11.58
143504;1;17/07/2026;MAJO - COTIA;Filial;São Paulo;SP;Socorro;SP;479.72;267.51;-212.21
143514;1;17/07/2026;MAJO - COTIA;Filial;São Paulo;SP;Águas de Lindóia;SP;152.78;147.35;-5.43
143517;1;17/07/2026;MAJO - COTIA;Filial;São Paulo;SP;Socorro;SP;148.27;142.82;-5.45
143920;1;21/07/2026;MAJO - COTIA;Filial;São Paulo;SP;Serra Negra;SP;463.72;251.98;-211.74
143921;1;21/07/2026;MAJO - COTIA;Filial;São Paulo;SP;Araras;SP;149.48;144.06;-5.42
143924;1;21/07/2026;MAJO - COTIA;Filial;São Paulo;SP;Araras;SP;761.68;740.28;-21.4
143925;1;21/07/2026;MAJO - COTIA;Filial;São Paulo;SP;Mogi Guaçu;SP;705.03;685.14;-19.89
143932;1;21/07/2026;MAJO - COTIA;Filial;São Paulo;SP;Araras;SP;159.16;153.7;-5.46
143938;1;21/07/2026;MAJO - COTIA;Filial;São Paulo;SP;Piracicaba;SP;712.95;692.88;-20.07
144880;1;28/07/2026;MAJO - COTIA;Filial;São Paulo;SP;Presidente Prudente;SP;449.91;442.25;-7.66
481870;2;29/07/2026;TRANSPORTADORA KARAVAGGIO LTDA;Filial;São Paulo;SP;Caxias do Sul;RS;;262.5;
234;2;29/07/2026;TONI TRANSPORTES E LOGISTICA LTDA;Filial;São Paulo;SP;Santa Bárbara d'Oeste;SP;3615;3615;
145012;1;29/07/2026;MAJO - COTIA;Filial;São Paulo;SP;Avaré;SP;411.19;355.01;-56.18
145013;1;29/07/2026;MAJO - COTIA;Filial;São Paulo;SP;Avaré;SP;411.9;355.7;-56.2
145014;1;29/07/2026;MAJO - COTIA;Filial;São Paulo;SP;Avaré;SP;410.16;353.98;-56.18
145017;1;29/07/2026;MAJO - COTIA;Filial;São Paulo;SP;Ilhabela;SP;756.51;741.11;-15.4
145018;1;29/07/2026;MAJO - COTIA;Filial;São Paulo;SP;Ilhabela;SP;694.61;680.8;-13.81
145019;1;29/07/2026;MAJO - COTIA;Filial;São Paulo;SP;Pindamonhangaba;SP;358.68;353.24;-5.44
145020;1;29/07/2026;MAJO - COTIA;Filial;São Paulo;SP;São Sebastião;SP;375;370.17;-4.83
145021;1;29/07/2026;MAJO - COTIA;Filial;São Paulo;SP;Taubaté;SP;361.73;356.3;-5.43
145026;1;29/07/2026;MAJO - COTIA;Filial;São Paulo;SP;Pindamonhangaba;SP;155.86;150.41;-5.45
145024;1;29/07/2026;MAJO - COTIA;Filial;São Paulo;SP;Taubaté;SP;156.09;150.66;-5.43
145025;1;29/07/2026;MAJO - COTIA;Filial;São Paulo;SP;Angatuba;SP;220.61;214.38;-6.23
145027;1;29/07/2026;MAJO - COTIA;Filial;São Paulo;SP;São José dos Campos;SP;308.24;299.52;-8.72
145040;1;29/07/2026;MAJO - COTIA;Filial;São Paulo;SP;São José do Rio Preto;SP;150.47;150.5;0.03
145037;1;29/07/2026;MAJO - COTIA;Filial;São Paulo;SP;Joanópolis;SP;161.76;156.31;-5.45
145030;1;29/07/2026;MAJO - COTIA;Filial;São Paulo;SP;Lorena;SP;357.6;352.15;-5.45
145029;1;29/07/2026;MAJO - COTIA;Filial;São Paulo;SP;Itápolis;SP;148.97;149;0.03
140820;1;01/07/2026;MAJO - COTIA;Filial;São Paulo;SP;Ribeirão Preto;SP;4949.61;4949.64;0.03
208;2;22/07/2026;TONI TRANSPORTES E LOGISTICA LTDA;Filial;São Paulo;SP;Jaú;SP;5236.41;791.35;-4445.06
735698;0;23/07/2026;SJBICAS - EXPRESSO RODOMINAS LTDA;Filial;São Paulo;SP;Muzambinho;MG;398.01;398.01;
160901;0;23/07/2026;MVT CAMPINAS SOL. EM TRANSPORTES LTDA;Filial;São Paulo;SP;Ribeirão Preto;SP;2926.25;3069.97;143.72
144277;1;23/07/2026;MAJO - COTIA;Filial;São Paulo;SP;Bauru;SP;1693.2;1693.22;0.02
735670;0;23/07/2026;SJBICAS - EXPRESSO RODOMINAS LTDA;Filial;São Paulo;SP;Juiz de Fora;MG;398.01;398.01;
247286;1;23/07/2026;RORAIMA LOGISTICA EIRELI;Filial;São Paulo;SP;Cruzeiro do Sul;AC;1875.14;2273.46;398.32
160898;0;23/07/2026;MVT CAMPINAS SOL. EM TRANSPORTES LTDA;Filial;São Paulo;SP;São José do Rio Preto;SP;3402.6;3570.64;168.04
735692;0;23/07/2026;SJBICAS - EXPRESSO RODOMINAS LTDA;Filial;São Paulo;SP;Belo Horizonte;MG;266.75;266.74;-0.01
144632;1;27/07/2026;MAJO - COTIA;Filial;São Paulo;SP;Tatuí;SP;358.41;352.98;-5.43
144695;1;27/07/2026;MAJO - COTIA;Filial;São Paulo;SP;Várzea Paulista;SP;1847.65;751.14;-1096.51
144634;1;27/07/2026;MAJO - COTIA;Filial;São Paulo;SP;Tatuí;SP;364.17;358.72;-5.45
144636;1;27/07/2026;MAJO - COTIA;Filial;São Paulo;SP;Guaratinguetá;SP;152.28;146.85;-5.43
144638;1;27/07/2026;MAJO - COTIA;Filial;São Paulo;SP;Tatuí;SP;352.99;347.56;-5.43
144642;1;27/07/2026;MAJO - COTIA;Filial;São Paulo;SP;Carapicuíba;SP;305.82;305.85;0.03
144644;1;27/07/2026;MAJO - COTIA;Filial;São Paulo;SP;Atibaia;SP;416.67;206.13;-210.54
735694;0;23/07/2026;SJBICAS - EXPRESSO RODOMINAS LTDA;Filial;São Paulo;SP;Governador Valadares;MG;416.36;416.36;
481708;2;29/07/2026;TRANSPORTADORA KARAVAGGIO LTDA;Filial;São Paulo;SP;Caxias do Sul;RS;4629.35;4599.75;-29.6
481761;2;29/07/2026;TRANSPORTADORA KARAVAGGIO LTDA;Filial;São Paulo;SP;Caxias do Sul;RS;3121.36;45.45;-3075.91
481869;2;29/07/2026;TRANSPORTADORA KARAVAGGIO LTDA;Filial;São Paulo;SP;Caxias do Sul;RS;;350;
481868;2;29/07/2026;TRANSPORTADORA KARAVAGGIO LTDA;Filial;São Paulo;SP;Caxias do Sul;RS;;87.5;
481867;2;29/07/2026;TRANSPORTADORA KARAVAGGIO LTDA;Filial;São Paulo;SP;Porto Alegre;RS;;612.5;
488092;2;28/08/2026;TRANSPORTADORA KARAVAGGIO LTDA;Okker;São Paulo;SP;Foz do Iguaçu;PR;65.91;65.91;
488091;2;28/08/2026;TRANSPORTADORA KARAVAGGIO LTDA;Okker;São Paulo;SP;Londrina;PR;21.59;21.59;
488080;2;28/08/2026;TRANSPORTADORA KARAVAGGIO LTDA;Filial;São Paulo;SP;Caxias do Sul;RS;4085.94;4142.08;56.14
488077;2;28/08/2026;TRANSPORTADORA KARAVAGGIO LTDA;Filial;São Paulo;SP;Sengés;PR;257.22;312.65;55.43
338;2;21/08/2026;TONI TRANSPORTES E LOGISTICA LTDA;Filial;São Paulo;SP;Santa Bárbara d'Oeste;SP;3615;3616;1
141260;1;02/07/2026;MAJO - COTIA;Filial;São Paulo;SP;Barueri;SP;177.65;177.68;0.03
315;2;14/08/2026;TONI TRANSPORTES E LOGISTICA LTDA;Filial;São Paulo;SP;Osasco;SP;2510;2510;
337;2;21/08/2026;TONI TRANSPORTES E LOGISTICA LTDA;Filial;São Paulo;SP;Guarulhos;SP;2510;2510;
228;2;28/07/2026;TONI TRANSPORTES E LOGISTICA LTDA;Filial;São Paulo;SP;Itu;SP;3399.5;865.34;-2534.16
302563;1;02/07/2026;TRANSPORTES SONDA LTDA;Filial;São Paulo;SP;São Bernardo do Campo;SP;;1309.28;
141286;1;02/07/2026;MAJO - COTIA;Filial;São Paulo;SP;Presidente Prudente;SP;1056;651.14;-404.86
141249;1;02/07/2026;MAJO - COTIA;Filial;São Paulo;SP;Santos;SP;352.88;347.41;-5.47
141287;1;02/07/2026;MAJO - COTIA;Filial;São José do Rio Preto;SP;São Paulo;SP;3314.89;3314.9;0.01
141208;1;02/07/2026;MAJO - COTIA;Filial;São Paulo;SP;Ilhabela;SP;358.68;353.25;-5.43
141176;1;02/07/2026;MAJO - COTIA;Filial;São Paulo;SP;São José do Rio Preto;SP;1507.95;1508;0.05
141195;1;02/07/2026;MAJO - COTIA;Filial;São Paulo;SP;Itaquaquecetuba;SP;117.41;117.41;
141200;1;02/07/2026;MAJO - COTIA;Filial;São Paulo;SP;Arujá;SP;111.44;111.48;0.04
316;2;14/08/2026;TONI TRANSPORTES E LOGISTICA LTDA;Filial;São Paulo;SP;Campinas;SP;3647;3647;
493512;2;23/09/2026;TRANSPORTADORA KARAVAGGIO LTDA;Filial;São Paulo;SP;Caxias do Sul;RS;90.91;90.91;
144867;1;28/07/2026;MAJO - COTIA;Filial;São Paulo;SP;São Carlos;SP;158.76;158.77;0.01
145126;1;29/07/2026;MAJO - COTIA;Filial;São Paulo;SP;Ribeirão Preto;SP;362;362.02;0.02
145127;1;29/07/2026;MAJO - COTIA;Filial;São Paulo;SP;Itapetininga;SP;174.4;169.5;-4.9
145128;1;29/07/2026;MAJO - COTIA;Filial;São Paulo;SP;Avaré;SP;848.48;872.47;23.99
144870;1;28/07/2026;MAJO - COTIA;Filial;São Paulo;SP;São José dos Campos;SP;690.2;676.36;-13.84
144873;1;28/07/2026;MAJO - COTIA;Filial;São Paulo;SP;Bauru;SP;370.86;370.89;0.03
144868;1;28/07/2026;MAJO - COTIA;Filial;São Paulo;SP;Bragança Paulista;SP;932.68;911.92;-20.76
144872;1;28/07/2026;MAJO - COTIA;Filial;São Paulo;SP;Araçatuba;SP;822.66;803.27;-19.39
144876;1;28/07/2026;MAJO - COTIA;Filial;São Paulo;SP;Ribeirão Preto;SP;353.94;353.99;0.05
144887;1;28/07/2026;MAJO - COTIA;Filial;São Paulo;SP;Lorena;SP;306.51;297.75;-8.76
144874;1;28/07/2026;MAJO - COTIA;Filial;São Paulo;SP;Pindamonhangaba;SP;621.65;609.82;-11.83
144878;1;28/07/2026;MAJO - COTIA;Filial;São Paulo;SP;Araraquara;SP;580.3;580.31;0.01
144889;1;28/07/2026;MAJO - COTIA;Filial;São Paulo;SP;Caraguatatuba;SP;161.33;155.88;-5.45
144891;1;28/07/2026;MAJO - COTIA;Filial;São Paulo;SP;São José dos Campos;SP;261.39;254.01;-7.38
144883;1;28/07/2026;MAJO - COTIA;Filial;São Paulo;SP;Bragança Paulista;SP;153.94;148.48;-5.46
144884;1;28/07/2026;MAJO - COTIA;Filial;São Paulo;SP;Bragança Paulista;SP;153.48;148.02;-5.46
145132;1;29/07/2026;MAJO - COTIA;Filial;São Paulo;SP;Itápolis;SP;154.51;155.16;0.65
145131;1;29/07/2026;MAJO - COTIA;Filial;São Paulo;SP;Angatuba;SP;149.83;241.77;91.94
145129;1;29/07/2026;MAJO - COTIA;Filial;São Paulo;SP;Avaré;SP;548.82;552.36;3.54
145130;1;29/07/2026;MAJO - COTIA;Filial;São Paulo;SP;Avaré;SP;531.72;551.95;20.23
248;2;01/08/2026;TONI TRANSPORTES E LOGISTICA LTDA;Filial;São Paulo;SP;Jacareí;SP;3675.5;3675.5;
141253;1;02/07/2026;MAJO - COTIA;Filial;São Paulo;SP;Praia Grande;SP;956.02;934.67;-21.35
156118;0;30/06/2026;MVT CAMPINAS SOL. EM TRANSPORTES LTDA;Filial;São Paulo;SP;São José do Rio Preto;SP;1350.75;1413.01;62.26
156126;0;30/06/2026;MVT CAMPINAS SOL. EM TRANSPORTES LTDA;Filial;São Paulo;SP;Morro Agudo;SP;716.26;740.77;24.51
140823;1;01/07/2026;MAJO - COTIA;Filial;São Paulo;SP;Ribeirão Preto;SP;5073.11;5073.13;0.02
141132;1;01/07/2026;MAJO - COTIA;Filial;São Paulo;SP;Osasco;SP;1266.48;1266.5;0.02
302509;1;01/07/2026;TRANSPORTES SONDA LTDA;Filial;São Paulo;SP;São Bernardo do Campo;SP;;1309.28;
153892;2;01/07/2026;T.G LOGISTICA E TRANSPORTES;Filial;São Paulo;SP;Belford Roxo;RJ;501.98;453.41;-48.57
669473;1;01/07/2026;TRANSFORM EMPRESA DE TRANSPORTES LTDA;Filial;São Paulo;SP;Rio de Janeiro;RJ;6052.27;6052.27;
156123;0;30/06/2026;MVT CAMPINAS SOL. EM TRANSPORTES LTDA;Filial;São Paulo;SP;Gavião Peixoto;SP;318.74;332.16;13.42
153891;2;01/07/2026;T.G LOGISTICA E TRANSPORTES;Filial;São Paulo;SP;Rio de Janeiro;RJ;238.83;285.23;46.4
141171;1;02/07/2026;MAJO - COTIA;Filial;São Paulo;SP;Várzea Paulista;SP;384.39;379.25;-5.14
476471;2;01/07/2026;TRANSPORTADORA KARAVAGGIO LTDA;Filial;São Paulo;SP;Caxias do Sul;RS;783.01;813.99;30.98
141193;1;02/07/2026;MAJO - COTIA;Filial;São Paulo;SP;Paulínia;SP;159.42;153.98;-5.44
140821;1;01/07/2026;MAJO - COTIA;Filial;São Paulo;SP;São José do Rio Preto;SP;1891.14;1891.16;0.02
1007123;0;01/07/2026;MVT CAMPINAS SOL. EM TRANSPORTES LTDA;Filial;São Paulo;SP;Catanduva;SP;9.68;11.93;2.25
153889;2;01/07/2026;T.G LOGISTICA E TRANSPORTES;Filial;São Paulo;SP;São Gonçalo;RJ;549.83;453.41;-96.42
156218;0;01/07/2026;MVT CAMPINAS SOL. EM TRANSPORTES LTDA;Filial;São Paulo;SP;São José do Rio Preto;SP;89.05;111.36;22.31
141013;1;01/07/2026;MAJO - COTIA;Filial;São Paulo;SP;Osasco;SP;471.47;471.49;0.02
156117;0;30/06/2026;MVT CAMPINAS SOL. EM TRANSPORTES LTDA;Filial;São Paulo;SP;Ribeirão Preto;SP;1447.47;1522.52;75.05
153886;2;01/07/2026;T.G LOGISTICA E TRANSPORTES;Filial;São Paulo;SP;Nova Iguaçu;RJ;488.72;453.41;-35.31
141177;1;02/07/2026;MAJO - COTIA;Filial;São Paulo;SP;Limeira;SP;358.66;348.38;-10.28
156221;0;01/07/2026;MVT CAMPINAS SOL. EM TRANSPORTES LTDA;Filial;São Paulo;SP;Indaiatuba;SP;63.02;90.91;27.89
2446;1;02/07/2026;PRIMESERV LOGISTICA E SERVICOS LTDA;Filial;São Paulo;SP;Rio de Janeiro;RJ;5865.03;6931.82;1066.79
141179;1;02/07/2026;MAJO - COTIA;Filial;São Paulo;SP;Barretos;SP;2393.58;2393.61;0.03
141219;1;02/07/2026;MAJO - COTIA;Filial;São Paulo;SP;Suzano;SP;306.17;306.18;0.01
156744;0;02/07/2026;MVT CAMPINAS SOL. EM TRANSPORTES LTDA;Filial;São Paulo;SP;São José do Rio Preto;SP;93.26;96.42;3.16
141218;1;02/07/2026;MAJO - COTIA;Filial;São Paulo;SP;Guarulhos;SP;316.27;360.08;43.81
161450;0;27/07/2026;MVT CAMPINAS SOL. EM TRANSPORTES LTDA;Filial;São Paulo;SP;Jundiaí;SP;525.13;742.93;217.8
264;2;05/08/2026;TONI TRANSPORTES E LOGISTICA LTDA;Filial;São Paulo;SP;Carapicuíba;SP;2510;1535.1;-974.9
33540;1;23/07/2026;CIA CARGAS TRASNPORTES E LOGISTICA  EIRELI;Filial;São Paulo;SP;Vitória;ES;;227.36;
144282;1;23/07/2026;MAJO - COTIA;Filial;São Paulo;SP;Ribeirão Preto;SP;3092.39;3092.39;
144287;1;23/07/2026;MAJO - COTIA;Filial;São Paulo;SP;São José do Rio Preto;SP;1015.27;1015.3;0.03
735693;0;23/07/2026;SJBICAS - EXPRESSO RODOMINAS LTDA;Filial;São Paulo;SP;Betim;MG;449.95;449.95;
144279;1;23/07/2026;MAJO - COTIA;Filial;São Paulo;SP;Catanduva;SP;149.11;149.14;0.03
144284;1;23/07/2026;MAJO - COTIA;Filial;São Paulo;SP;Caraguatatuba;SP;2259.98;1997.06;-262.92
144288;1;23/07/2026;MAJO - COTIA;Filial;São Paulo;SP;Araraquara;SP;2004.75;2004.77;0.02
33534;1;23/07/2026;CIA CARGAS TRASNPORTES E LOGISTICA  EIRELI;Filial;São Paulo;SP;Serra;ES;;3869.21;
144281;1;23/07/2026;MAJO - COTIA;Filial;São Paulo;SP;Ribeirão Preto;SP;3538.66;3538.7;0.04
144285;1;23/07/2026;MAJO - COTIA;Filial;São Paulo;SP;São José do Rio Preto;SP;1062.66;1062.69;0.03
144278;1;23/07/2026;MAJO - COTIA;Filial;São Paulo;SP;Caraguatatuba;SP;1602.66;1557.11;-45.55
735695;0;23/07/2026;SJBICAS - EXPRESSO RODOMINAS LTDA;Filial;São Paulo;SP;Governador Valadares;MG;1173.31;1173.31;
22;1;23/07/2026;TRYGG CARGO TRANSPORTE E LOGISTICA LTDA;Filial;São Paulo;SP;Osasco;SP;1127.28;1127.28;
144280;1;23/07/2026;MAJO - COTIA;Filial;São Paulo;SP;Araçatuba;SP;933.39;910.51;-22.88
161452;0;27/07/2026;MVT CAMPINAS SOL. EM TRANSPORTES LTDA;Filial;São Paulo;SP;Indaiatuba;SP;206.91;248.97;42.06
161453;0;27/07/2026;MVT CAMPINAS SOL. EM TRANSPORTES LTDA;Filial;São Paulo;SP;Limeira;SP;1162.36;1482.55;320.19
735717;0;23/07/2026;SJBICAS - EXPRESSO RODOMINAS LTDA;Filial;São Paulo;SP;Contagem;MG;192.88;290.61;97.73
160900;0;23/07/2026;MVT CAMPINAS SOL. EM TRANSPORTES LTDA;Filial;São Paulo;SP;Ribeirão Preto;SP;734.26;771.08;36.82
144276;1;23/07/2026;MAJO - COTIA;Filial;São Paulo;SP;Presidente Prudente;SP;1516.45;1475.15;-41.3
2461;1;23/07/2026;PRIMESERV LOGISTICA E SERVICOS LTDA;Filial;São Paulo;SP;Rio de Janeiro;RJ;;7353.41;
612;12;06/07/2026;LOGUBER GESTAO EM TRANSPORTES EIRELI;Filial;São Paulo;SP;Mogi das Cruzes;SP;207.04;420.76;213.72
143028;1;15/07/2026;MAJO - COTIA;Filial;São Paulo;SP;Guarulhos;SP;309.16;309.19;0.03
16330;1;03/07/2026;JJF SUPPLY CHAIN LOGISTICA E TRANSPORTES;Filial;São Paulo;SP;Bragança Paulista;SP;;347.97;
156846;0;03/07/2026;MVT CAMPINAS SOL. EM TRANSPORTES LTDA;Filial;São Paulo;SP;Campinas;SP;741.24;113.64;-627.6
141333;1;03/07/2026;MAJO - COTIA;Filial;São Paulo;SP;Bertioga;SP;1071.45;1041.15;-30.3
3040;1;06/07/2026;JCAP TRANSPORTES LTDA;Filial;São Paulo;SP;Poá;SP;;134.09;
141328;1;03/07/2026;MAJO - COTIA;Filial;São Paulo;SP;Itanhaém;SP;1916.43;1868;-48.43
3012;1;03/07/2026;JCAP TRANSPORTES LTDA;Filial;São Paulo;SP;Ferraz de Vasconcelos;SP;;134.09;
156754;0;02/07/2026;MVT CAMPINAS SOL. EM TRANSPORTES LTDA;Filial;São Paulo;SP;Piracicaba;SP;534.88;555.52;20.64
668522;1;17/06/2026;TRANSFORM EMPRESA DE TRANSPORTES LTDA;Filial;São Paulo;SP;Rio de Janeiro;RJ;6052.27;6052.27;
145943;1;05/08/2026;MAJO - COTIA;Filial;São Paulo;SP;Sorocaba;SP;357.64;347.35;-10.29
141358;1;03/07/2026;MAJO - COTIA;Filial;São Paulo;SP;Guarujá;SP;1122.68;1096.69;-25.99
156760;0;02/07/2026;MVT CAMPINAS SOL. EM TRANSPORTES LTDA;Filial;São Paulo;SP;Campinas;SP;493.2;513.85;20.65
3006;1;03/07/2026;JCAP TRANSPORTES LTDA;Filial;São Paulo;SP;Mogi das Cruzes;SP;;177.26;
131;2;03/07/2026;TONI TRANSPORTES E LOGISTICA LTDA;Filial;São Paulo;SP;Guarulhos;SP;2398;2398;
156757;0;02/07/2026;MVT CAMPINAS SOL. EM TRANSPORTES LTDA;Filial;São Paulo;SP;Hortolândia;SP;493.2;513.85;20.65
154125;2;03/07/2026;T.G LOGISTICA E TRANSPORTES;Filial;São Paulo;SP;Cabo Frio;RJ;275.77;275.77;
156758;0;02/07/2026;MVT CAMPINAS SOL. EM TRANSPORTES LTDA;Filial;São Paulo;SP;Jundiaí;SP;340.94;351.26;10.32
3009;1;03/07/2026;JCAP TRANSPORTES LTDA;Filial;São Paulo;SP;Suzano;SP;;134.09;
141334;1;03/07/2026;MAJO - COTIA;Filial;São Paulo;SP;Guarujá;SP;1553.35;1515.13;-38.22
156763;0;02/07/2026;MVT CAMPINAS SOL. EM TRANSPORTES LTDA;Filial;São Paulo;SP;Sumaré;SP;493.2;513.85;20.65
154160;2;03/07/2026;T.G LOGISTICA E TRANSPORTES;Filial;São Paulo;SP;Rio de Janeiro;RJ;819.89;622.73;-197.16
47068;1;03/07/2026;DRT TRANSPORTE DE CARGA LTDA;Filial;São Paulo;SP;São Paulo;SP;391.01;356.86;-34.15
141336;1;03/07/2026;MAJO - COTIA;Filial;São Paulo;SP;Mongaguá;SP;2154.61;2099.24;-55.37
669432;1;30/06/2026;TRANSFORM EMPRESA DE TRANSPORTES LTDA;Filial;São Paulo;SP;Rio de Janeiro;RJ;6052.27;6052.27;
3049;1;06/07/2026;JCAP TRANSPORTES LTDA;Filial;São Paulo;SP;Suzano;SP;;601.88;
602;12;06/07/2026;LOGUBER GESTAO EM TRANSPORTES EIRELI;Filial;São Paulo;SP;Santo André;SP;949.24;828.29;-120.95
141332;1;03/07/2026;MAJO - COTIA;Filial;São Paulo;SP;Praia Grande;SP;1141.7;1115.28;-26.42
141531;1;03/07/2026;MAJO - COTIA;Filial;São Paulo;SP;Itapevi;SP;1585.76;1585.77;0.01
344;2;21/08/2026;TONI TRANSPORTES E LOGISTICA LTDA;Filial;São Paulo;SP;Santa Bárbara d'Oeste;SP;762.79;762.79;
67166;3;03/07/2026;Trans CJ Transportes e Logistica Ltda;Filial;São Paulo;SP;Vitória da Conquista;BA;;11051.92;
156897;0;03/07/2026;MVT CAMPINAS SOL. EM TRANSPORTES LTDA;Filial;São Paulo;SP;São José do Rio Preto;SP;92.23;94.58;2.35
47062;1;03/07/2026;DRT TRANSPORTE DE CARGA LTDA;Filial;São Paulo;SP;São Paulo;SP;1952.73;1426.24;-526.49
6023;1;07/07/2026;JG ALVES TRANSPORTES LTDA;Filial;São Paulo;SP;Santos;SP;;1400;
156759;0;02/07/2026;MVT CAMPINAS SOL. EM TRANSPORTES LTDA;Filial;São Paulo;SP;Campinas;SP;493.2;513.85;20.65
67164;3;03/07/2026;Trans CJ Transportes e Logistica Ltda;Filial;São Paulo;SP;Fortaleza;CE;;197.49;
141331;1;03/07/2026;MAJO - COTIA;Filial;São Paulo;SP;Santos;SP;1753.11;1709.57;-43.54
141329;1;03/07/2026;MAJO - COTIA;Filial;São Paulo;SP;Peruíbe;SP;3099.85;3017.44;-82.41
130;2;03/07/2026;TONI TRANSPORTES E LOGISTICA LTDA;Filial;São Paulo;SP;São Paulo;SP;2398;407.03;-1990.97
6021;1;07/07/2026;JG ALVES TRANSPORTES LTDA;Filial;São Paulo;SP;São Paulo;SP;1011.36;201.6;-809.76
141330;1;03/07/2026;MAJO - COTIA;Filial;São Paulo;SP;Registro;SP;1304.35;1273.03;-31.32
477525;2;06/07/2026;TRANSPORTADORA KARAVAGGIO LTDA;Filial;São Paulo;SP;Caxias do Sul;RS;2880.65;2849.99;-30.66
2451;1;04/07/2026;PRIMESERV LOGISTICA E SERVICOS LTDA;Filial;São Paulo;SP;Além Paraíba;MG;;8786.36;
2452;1;04/07/2026;PRIMESERV LOGISTICA E SERVICOS LTDA;Filial;São Paulo;SP;Rio de Janeiro;RJ;;7353.41;
733805;0;08/07/2026;SJBICAS - EXPRESSO RODOMINAS LTDA;Filial;São Paulo;SP;Divinópolis;MG;3017.18;3017.18;
733902;0;08/07/2026;SJBICAS - EXPRESSO RODOMINAS LTDA;Filial;São Paulo;SP;Ipatinga;MG;489.44;596.22;106.78
733808;0;08/07/2026;SJBICAS - EXPRESSO RODOMINAS LTDA;Filial;São Paulo;SP;Belo Horizonte;MG;266.75;266.74;-0.01
733807;0;08/07/2026;SJBICAS - EXPRESSO RODOMINAS LTDA;Filial;São Paulo;SP;Carmo do Cajuru;MG;3451.23;3451.23;
32971;1;07/07/2026;CIA CARGAS TRASNPORTES E LOGISTICA  EIRELI;Filial;São Paulo;SP;Porto Alegre;RS;8910;8650;-260
733453;0;04/07/2026;SJBICAS - EXPRESSO RODOMINAS LTDA;Filial;São Paulo;SP;Timóteo;MG;453.47;572.47;119
733812;0;08/07/2026;SJBICAS - EXPRESSO RODOMINAS LTDA;Filial;São Paulo;SP;Uberlândia;MG;691.16;810.16;119
2453;1;04/07/2026;PRIMESERV LOGISTICA E SERVICOS LTDA;Filial;São Paulo;SP;Rio de Janeiro;RJ;;7353.41;
2454;1;07/07/2026;PRIMESERV LOGISTICA E SERVICOS LTDA;Filial;São Paulo;SP;Rio de Janeiro;RJ;;7353.41;
2455;1;08/07/2026;PRIMESERV LOGISTICA E SERVICOS LTDA;Filial;São Paulo;SP;Guarulhos;SP;;1704.55;
614;12;06/07/2026;LOGUBER GESTAO EM TRANSPORTES EIRELI;Filial;São Paulo;SP;São Paulo;SP;97.44;411.51;314.07
156755;0;02/07/2026;MVT CAMPINAS SOL. EM TRANSPORTES LTDA;Filial;São Paulo;SP;Mogi Guaçu;SP;340.94;351.26;10.32
154183;2;06/07/2026;T.G LOGISTICA E TRANSPORTES;Filial;São Paulo;SP;Rio de Janeiro;RJ;86.7;85.23;-1.47
6037;1;08/07/2026;JG ALVES TRANSPORTES LTDA;Filial;São Paulo;SP;São Paulo;SP;897.73;220.64;-677.09
141665;1;06/07/2026;MAJO - COTIA;Filial;São Paulo;SP;Bragança Paulista;SP;224.17;217.91;-6.26
141981;1;08/07/2026;MAJO - COTIA;Filial;São Paulo;SP;São Paulo;SP;355.14;349.69;-5.45
3034;1;06/07/2026;JCAP TRANSPORTES LTDA;Filial;São Paulo;SP;Guarulhos;SP;;373.42;
141976;1;08/07/2026;MAJO - COTIA;Filial;São Paulo;SP;São José dos Campos;SP;355.14;349.69;-5.45
141306;1;02/07/2026;MAJO - COTIA;Filial;São Paulo;SP;Ubatuba;SP;823.78;28.41;-795.37
142070;1;08/07/2026;MAJO - COTIA;Filial;São Paulo;SP;Guarulhos;SP;224.85;370.92;146.07
141989;1;08/07/2026;MAJO - COTIA;Filial;São Paulo;SP;São Sebastião;SP;361.19;355.77;-5.42
141651;1;06/07/2026;MAJO - COTIA;Filial;São Paulo;SP;Atibaia;SP;160.47;155.94;-4.53
141667;1;06/07/2026;MAJO - COTIA;Filial;São Paulo;SP;Ribeirão Preto;SP;290.22;290.23;0.01
141335;1;03/07/2026;MAJO - COTIA;Filial;São Paulo;SP;Guarujá;SP;1628.43;1582.47;-45.96
141983;1;08/07/2026;MAJO - COTIA;Filial;São Paulo;SP;Carapicuíba;SP;481.02;481.05;0.03
142052;1;08/07/2026;MAJO - COTIA;Filial;São Paulo;SP;Osasco;SP;216.17;314.15;97.98
141643;1;06/07/2026;MAJO - COTIA;Filial;São Paulo;SP;Santos;SP;198.08;192.58;-5.5
141671;1;06/07/2026;MAJO - COTIA;Filial;São Paulo;SP;Paraibuna;SP;709.73;695.51;-14.22
141872;1;07/07/2026;MAJO - COTIA;Filial;São Paulo;SP;São José do Rio Preto;SP;360.43;11.36;-349.07
141647;1;06/07/2026;MAJO - COTIA;Filial;São Paulo;SP;Ribeirão Preto;SP;532.23;532.27;0.04
141732;1;06/07/2026;MAJO - COTIA;Filial;São Paulo;SP;Porto Feliz;SP;158.33;152.9;-5.43
142071;1;08/07/2026;MAJO - COTIA;Filial;São Paulo;SP;Diadema;SP;108.17;104.41;-3.76
141581;1;06/07/2026;MAJO - COTIA;Filial;São Paulo;SP;Guaratinguetá;SP;2258.36;2194.45;-63.91
6052;1;08/07/2026;JG ALVES TRANSPORTES LTDA;Filial;São Paulo;SP;Ribeirão Pires;SP;975.95;1232;256.05
141870;1;07/07/2026;MAJO - COTIA;Filial;São Paulo;SP;São José do Rio Pardo;SP;1667.73;68.18;-1599.55
3044;1;06/07/2026;JCAP TRANSPORTES LTDA;Filial;São Paulo;SP;Guarulhos;SP;;577.74;
141991;1;08/07/2026;MAJO - COTIA;Filial;São Paulo;SP;Pindamonhangaba;SP;971.88;950.1;-21.78
142011;1;08/07/2026;MAJO - COTIA;Filial;São Paulo;SP;Bragança Paulista;SP;1982.64;1932.44;-50.2
142065;1;08/07/2026;MAJO - COTIA;Filial;São Paulo;SP;São José dos Campos;SP;477.78;470.09;-7.69
6045;1;08/07/2026;JG ALVES TRANSPORTES LTDA;Filial;São Paulo;SP;Embu-Guaçu;SP;;324.8;324.8
42399;1;08/07/2026;AVJS TRANSPORTES LTDA;Filial;São Paulo;SP;São Paulo;SP;;0.01;0.01
141677;1;06/07/2026;MAJO - COTIA;Filial;São Paulo;SP;São Bento do Sapucaí;SP;400.64;389.47;-11.17
141979;1;08/07/2026;MAJO - COTIA;Filial;São Paulo;SP;Taubaté;SP;152.28;146.85;-5.43
42398;1;08/07/2026;AVJS TRANSPORTES LTDA;Filial;São Paulo;SP;São Paulo;SP;;0.01;
141662;1;06/07/2026;MAJO - COTIA;Filial;São Paulo;SP;Iperó;SP;170.91;166.08;-4.83
141977;1;08/07/2026;MAJO - COTIA;Filial;São Paulo;SP;Caraguatatuba;SP;197.57;191.97;-5.6
141689;1;06/07/2026;MAJO - COTIA;Filial;São Paulo;SP;São Vicente;SP;351.09;341.13;-9.96
141685;1;06/07/2026;MAJO - COTIA;Filial;São Paulo;SP;Monte Mor;SP;271.83;264.13;-7.7
669677;1;03/07/2026;TRANSFORM EMPRESA DE TRANSPORTES LTDA;Filial;São Paulo;SP;Rio de Janeiro;RJ;6052.27;6052.27;
142005;1;08/07/2026;MAJO - COTIA;Filial;São Paulo;SP;Osasco;SP;103.69;103.69;
142044;1;08/07/2026;MAJO - COTIA;Filial;São Paulo;SP;Caieiras;SP;104.64;104.65;0.01
141968;1;08/07/2026;MAJO - COTIA;Filial;São Paulo;SP;Cesário Lange;SP;362.72;357.26;-5.46
141674;1;06/07/2026;MAJO - COTIA;Filial;São Paulo;SP;Itanhaém;SP;160.43;154.99;-5.44
142058;1;08/07/2026;MAJO - COTIA;Filial;São Paulo;SP;Guarulhos;SP;319.14;319.15;0.01
141986;1;08/07/2026;MAJO - COTIA;Filial;São Paulo;SP;Bofete;SP;362.72;357.26;-5.46
141990;1;08/07/2026;MAJO - COTIA;Filial;São Paulo;SP;Laranjal Paulista;SP;418.02;412.16;-5.86
142072;1;08/07/2026;MAJO - COTIA;Filial;São Paulo;SP;Jandira;SP;223.49;362.2;138.71
6043;1;08/07/2026;JG ALVES TRANSPORTES LTDA;Filial;São Paulo;SP;São Paulo;SP;61.15;56;-5.15
141985;1;08/07/2026;MAJO - COTIA;Filial;São Paulo;SP;Americana;SP;553.03;543.34;-9.69
142080;1;08/07/2026;MAJO - COTIA;Filial;São Paulo;SP;Campinas;SP;156.18;150.72;-5.46
141563;1;03/07/2026;MAJO - COTIA;Filial;São Paulo;SP;Ourinhos;SP;1272.65;1272.68;0.03
141649;1;06/07/2026;MAJO - COTIA;Filial;São Paulo;SP;Capivari;SP;238.92;232.16;-6.76
142000;1;08/07/2026;MAJO - COTIA;Filial;São Paulo;SP;Americana;SP;411.89;400.31;-11.58
142074;1;08/07/2026;MAJO - COTIA;Filial;São Paulo;SP;Itatiba;SP;366.05;156.06;-209.99
42397;1;08/07/2026;AVJS TRANSPORTES LTDA;Filial;São Paulo;SP;São Paulo;SP;;0.01;
6038;1;08/07/2026;JG ALVES TRANSPORTES LTDA;Filial;São Paulo;SP;Paulínia;SP;;1545.6;
142083;1;08/07/2026;MAJO - COTIA;Filial;São Paulo;SP;Atibaia;SP;993.98;971.52;-22.46
141688;1;06/07/2026;MAJO - COTIA;Filial;São Paulo;SP;São José do Rio Preto;SP;157.6;157.6;
142002;1;08/07/2026;MAJO - COTIA;Filial;São Paulo;SP;Guaratinguetá;SP;150.59;145.15;-5.44
3037;1;06/07/2026;JCAP TRANSPORTES LTDA;Filial;São Paulo;SP;Guarulhos;SP;;545.82;
142079;1;08/07/2026;MAJO - COTIA;Filial;São Paulo;SP;Osasco;SP;217.65;315.64;97.99
141672;1;06/07/2026;MAJO - COTIA;Filial;São Paulo;SP;Caraguatatuba;SP;650;432.99;-217.01
141668;1;06/07/2026;MAJO - COTIA;Filial;São Paulo;SP;Araraquara;SP;157.4;157.43;0.03
141971;1;08/07/2026;MAJO - COTIA;Filial;São Paulo;SP;Ilhabela;SP;433.83;427.39;-6.44
141673;1;06/07/2026;MAJO - COTIA;Filial;São Paulo;SP;Iperó;SP;408.78;397.11;-11.67
141670;1;06/07/2026;MAJO - COTIA;Filial;São Paulo;SP;Itanhaém;SP;160.18;154.74;-5.44
141681;1;06/07/2026;MAJO - COTIA;Filial;São Paulo;SP;Bragança Paulista;SP;300.86;292.48;-8.38
134;2;03/07/2026;TONI TRANSPORTES E LOGISTICA LTDA;Filial;São Paulo;SP;São José do Rio Preto;SP;6999.6;666.4;-6333.2
141690;1;06/07/2026;MAJO - COTIA;Filial;São Paulo;SP;São Carlos;SP;734.69;734.7;0.01
141580;1;06/07/2026;MAJO - COTIA;Filial;São Paulo;SP;Guaratinguetá;SP;1251.6;651.14;-600.46
141683;1;06/07/2026;MAJO - COTIA;Filial;São Paulo;SP;Atibaia;SP;409.5;398.03;-11.47
141582;1;06/07/2026;MAJO - COTIA;Filial;São Paulo;SP;Guaratinguetá;SP;1117.27;1085.4;-31.87
619;12;06/07/2026;LOGUBER GESTAO EM TRANSPORTES EIRELI;Filial;São Paulo;SP;Guarulhos;SP;275.22;417.03;141.81
142059;1;08/07/2026;MAJO - COTIA;Filial;São Paulo;SP;Itapevi;SP;222.9;334.82;111.92
142054;1;08/07/2026;MAJO - COTIA;Filial;São Paulo;SP;Carapicuíba;SP;237.27;443.56;206.29
6034;1;08/07/2026;JG ALVES TRANSPORTES LTDA;Filial;São Paulo;SP;Mogi das Cruzes;SP;779.35;884.8;105.45
141641;1;06/07/2026;MAJO - COTIA;Filial;São Paulo;SP;Ribeirão Preto;SP;360.02;360.06;0.04
141973;1;08/07/2026;MAJO - COTIA;Filial;São Paulo;SP;Guaratinguetá;SP;355.14;145.15;-209.99
3050;1;06/07/2026;JCAP TRANSPORTES LTDA;Filial;São Paulo;SP;Poá;SP;;399.72;
154192;2;06/07/2026;T.G LOGISTICA E TRANSPORTES;Filial;São Paulo;SP;Maricá;RJ;466.66;20.45;-446.21
142073;1;08/07/2026;MAJO - COTIA;Filial;São Paulo;SP;Indaiatuba;SP;153.2;147.74;-5.46
141967;1;08/07/2026;MAJO - COTIA;Filial;São Paulo;SP;Guarujá;SP;245.22;238.41;-6.81
141308;1;02/07/2026;MAJO - COTIA;Filial;São Paulo;SP;São José dos Campos;SP;362.18;10.23;-351.95
142075;1;08/07/2026;MAJO - COTIA;Filial;São Paulo;SP;Mauá;SP;39.82;316.61;276.79
142076;1;08/07/2026;MAJO - COTIA;Filial;São Paulo;SP;Barueri;SP;223.01;353.26;130.25
141579;1;06/07/2026;MAJO - COTIA;Filial;São Paulo;SP;Caieiras;SP;104.64;104.65;0.01
3010;1;03/07/2026;JCAP TRANSPORTES LTDA;Filial;São Paulo;SP;Suzano;SP;;134.09;
3038;1;06/07/2026;JCAP TRANSPORTES LTDA;Filial;São Paulo;SP;Guarulhos;SP;;423.78;
6041;1;08/07/2026;JG ALVES TRANSPORTES LTDA;Filial;São Paulo;SP;Itaquaquecetuba;SP;82.44;100.8;18.36
594;12;06/07/2026;LOGUBER GESTAO EM TRANSPORTES EIRELI;Filial;São Paulo;SP;Itaquaquecetuba;SP;809.28;809.28;
6026;1;07/07/2026;JG ALVES TRANSPORTES LTDA;Filial;São Paulo;SP;Ferraz de Vasconcelos;SP;248.03;313.6;65.57
141675;1;06/07/2026;MAJO - COTIA;Filial;São Paulo;SP;Sumaré;SP;155.35;149.91;-5.44
141999;1;08/07/2026;MAJO - COTIA;Filial;São Paulo;SP;Piracaia;SP;500.59;486.47;-14.12
6035;1;08/07/2026;JG ALVES TRANSPORTES LTDA;Filial;São Paulo;SP;Mogi das Cruzes;SP;118.38;134.4;16.02
141996;1;08/07/2026;MAJO - COTIA;Filial;São Paulo;SP;Bertioga;SP;457.14;444.19;-12.95
142119;1;08/07/2026;MAJO - COTIA;Filial;São Paulo;SP;Guarujá;SP;942.98;126.14;-816.84
141963;1;08/07/2026;MAJO - COTIA;Filial;São Paulo;SP;Lorena;SP;355.14;145.15;-209.99
142012;1;08/07/2026;MAJO - COTIA;Filial;São Paulo;SP;Bragança Paulista;SP;155.33;149.88;-5.45
142006;1;08/07/2026;MAJO - COTIA;Filial;São Paulo;SP;Araçoiaba da Serra;SP;152.95;147.52;-5.43
141891;1;07/07/2026;MAJO - COTIA;Filial;São Paulo;SP;Guarulhos;SP;936.15;936.16;0.01
141676;1;06/07/2026;MAJO - COTIA;Filial;São Paulo;SP;Atibaia;SP;485.2;272.83;-212.37
141659;1;06/07/2026;MAJO - COTIA;Filial;São Paulo;SP;São José dos Campos;SP;887.52;862.42;-25.1
141871;1;07/07/2026;MAJO - COTIA;Filial;São Paulo;SP;São José do Rio Preto;SP;357.47;11.36;-346.11
6018;1;07/07/2026;JG ALVES TRANSPORTES LTDA;Filial;São Paulo;SP;Itaquaquecetuba;SP;901.24;1108.8;207.56
141978;1;08/07/2026;MAJO - COTIA;Filial;São Paulo;SP;São Paulo;SP;358.92;353.47;-5.45
141575;1;06/07/2026;MAJO - COTIA;Filial;São Paulo;SP;Guaratinguetá;SP;2258.36;1072.73;-1185.63
142067;1;08/07/2026;MAJO - COTIA;Filial;São Paulo;SP;Santana de Parnaíba;SP;108.08;104.3;-3.78
141988;1;08/07/2026;MAJO - COTIA;Filial;São Paulo;SP;Osasco;SP;105.86;105.88;0.02
141573;1;06/07/2026;MAJO - COTIA;Filial;São Paulo;SP;São José dos Campos;SP;1468.63;751.14;-717.49
141980;1;08/07/2026;MAJO - COTIA;Filial;São Paulo;SP;Limeira;SP;160.15;154.69;-5.46
141904;1;07/07/2026;MAJO - COTIA;Filial;São Paulo;SP;Itapevi;SP;1413.9;95.7;-1318.2
141691;1;06/07/2026;MAJO - COTIA;Filial;São Paulo;SP;Campinas;SP;425.53;413.6;-11.93
141875;1;07/07/2026;MAJO - COTIA;Filial;São Paulo;SP;São José do Rio Preto;SP;940.67;26.81;-913.86
141680;1;06/07/2026;MAJO - COTIA;Filial;São Paulo;SP;Lorena;SP;150.91;145.48;-5.43
141972;1;08/07/2026;MAJO - COTIA;Filial;São Paulo;SP;Osasco;SP;381.16;381.18;0.02
3033;1;06/07/2026;JCAP TRANSPORTES LTDA;Filial;São Paulo;SP;Guarulhos;SP;;463.34;
141678;1;06/07/2026;MAJO - COTIA;Filial;São Paulo;SP;Itanhaém;SP;270.02;262.42;-7.6
141874;1;07/07/2026;MAJO - COTIA;Filial;São Paulo;SP;São José do Rio Preto;SP;360.43;11.36;-349.07
3043;1;06/07/2026;JCAP TRANSPORTES LTDA;Filial;São Paulo;SP;Guarulhos;SP;;623.94;
141997;1;08/07/2026;MAJO - COTIA;Filial;São Paulo;SP;Santo Antônio do Pinhal;SP;154.88;149.43;-5.45
607;12;06/07/2026;LOGUBER GESTAO EM TRANSPORTES EIRELI;Filial;São Paulo;SP;Franco da Rocha;SP;255.09;413.97;158.88
3039;1;06/07/2026;JCAP TRANSPORTES LTDA;Filial;São Paulo;SP;Itaquaquecetuba;SP;;466.11;
141679;1;06/07/2026;MAJO - COTIA;Filial;São Paulo;SP;Bragança Paulista;SP;358.49;148.51;-209.98
142068;1;08/07/2026;MAJO - COTIA;Filial;São Paulo;SP;Santo André;SP;107.28;103.51;-3.77
141666;1;06/07/2026;MAJO - COTIA;Filial;São Paulo;SP;Pindamonhangaba;SP;244.08;237.2;-6.88
142078;1;08/07/2026;MAJO - COTIA;Filial;São Paulo;SP;Santo André;SP;108.97;105.19;-3.78
142008;1;08/07/2026;MAJO - COTIA;Filial;São Paulo;SP;Piedade;SP;152.44;147;-5.44
141297;1;02/07/2026;MAJO - COTIA;Filial;São Paulo;SP;Caraguatatuba;SP;441.63;113.64;-327.99
141995;1;08/07/2026;MAJO - COTIA;Filial;São Paulo;SP;Pindamonhangaba;SP;155.13;149.69;-5.44
141969;1;08/07/2026;MAJO - COTIA;Filial;São Paulo;SP;São José dos Campos;SP;355.14;349.69;-5.45
141661;1;06/07/2026;MAJO - COTIA;Filial;São Paulo;SP;Campos do Jordão;SP;1863.61;1816.66;-46.95
141965;1;08/07/2026;MAJO - COTIA;Filial;São Paulo;SP;Campos do Jordão;SP;354.17;348.73;-5.44
142057;1;08/07/2026;MAJO - COTIA;Filial;São Paulo;SP;Indaiatuba;SP;338.49;328.92;-9.57
136;2;04/07/2026;TONI TRANSPORTES E LOGISTICA LTDA;Filial;São Paulo;SP;São Bernardo do Campo;SP;2398;2398;
141984;1;08/07/2026;MAJO - COTIA;Filial;São Paulo;SP;Itapetininga;SP;160.75;155.32;-5.43
141302;1;02/07/2026;MAJO - COTIA;Filial;São Paulo;SP;Votuporanga;SP;366.59;16.36;-350.23
141682;1;06/07/2026;MAJO - COTIA;Filial;São Paulo;SP;Porto Feliz;SP;159.86;154.41;-5.45
141862;1;07/07/2026;MAJO - COTIA;Filial;São Paulo;SP;Itanhaém;SP;594.78;577.99;-16.79
141304;1;02/07/2026;MAJO - COTIA;Filial;São Paulo;SP;Caraguatatuba;SP;858.07;28.41;-829.66
141663;1;06/07/2026;MAJO - COTIA;Filial;São Paulo;SP;Socorro;SP;589.22;373.94;-215.28
141970;1;08/07/2026;MAJO - COTIA;Filial;São Paulo;SP;Ilhabela;SP;828.84;811.35;-17.49
141660;1;06/07/2026;MAJO - COTIA;Filial;São Paulo;SP;São José dos Campos;SP;2164.07;2108.6;-55.47
141975;1;08/07/2026;MAJO - COTIA;Filial;São Paulo;SP;São Sebastião;SP;704.56;690.38;-14.18
132;2;03/07/2026;TONI TRANSPORTES E LOGISTICA LTDA;Filial;São Paulo;SP;Guarulhos;SP;2398;476;-1922
141687;1;06/07/2026;MAJO - COTIA;Filial;São Paulo;SP;Itanhaém;SP;174.92;169.97;-4.95
148;2;08/07/2026;TONI TRANSPORTES E LOGISTICA LTDA;Filial;São Paulo;SP;Cotia;SP;2398;2398;
142077;1;08/07/2026;MAJO - COTIA;Filial;São Paulo;SP;Guarulhos;SP;226.98;380.14;153.16
141745;1;06/07/2026;MAJO - COTIA;Filial;São Paulo;SP;Guarujá;SP;1039.32;1010.33;-28.99
142061;1;08/07/2026;MAJO - COTIA;Filial;São Paulo;SP;São José dos Campos;SP;365.95;360.5;-5.45
141966;1;08/07/2026;MAJO - COTIA;Filial;São Paulo;SP;Tremembé;SP;354.17;348.73;-5.44
141669;1;06/07/2026;MAJO - COTIA;Filial;São Paulo;SP;Franca;SP;157.75;157.78;0.03
3036;1;06/07/2026;JCAP TRANSPORTES LTDA;Filial;São Paulo;SP;Guarulhos;SP;;249.98;
142004;1;08/07/2026;MAJO - COTIA;Filial;São Paulo;SP;São José dos Campos;SP;241.45;234.6;-6.85
142053;1;08/07/2026;MAJO - COTIA;Filial;São Paulo;SP;Guarulhos;SP;218.18;336.85;118.67
3032;1;06/07/2026;JCAP TRANSPORTES LTDA;Filial;São Paulo;SP;Mairiporã;SP;;1856.18;
141664;1;06/07/2026;MAJO - COTIA;Filial;São Paulo;SP;São Carlos;SP;183.48;183.51;0.03
141974;1;08/07/2026;MAJO - COTIA;Filial;São Paulo;SP;São Paulo;SP;388.57;383.34;-5.23
142066;1;08/07/2026;MAJO - COTIA;Filial;São Paulo;SP;Jandira;SP;215.23;108.69;-106.54
144;2;07/07/2026;TONI TRANSPORTES E LOGISTICA LTDA;Filial;São Paulo;SP;São Bernardo do Campo;SP;2398;2191.92;-206.08
142001;1;08/07/2026;MAJO - COTIA;Filial;São Paulo;SP;São José dos Campos;SP;149.63;144.18;-5.45
142055;1;08/07/2026;MAJO - COTIA;Filial;São Paulo;SP;Itapevi;SP;102.93;99.16;-3.77
141654;1;06/07/2026;MAJO - COTIA;Filial;São Paulo;SP;Votorantim;SP;153.22;147.77;-5.45
6039;1;08/07/2026;JG ALVES TRANSPORTES LTDA;Filial;São Paulo;SP;Paulínia;SP;897.73;76.16;-821.57
591;12;06/07/2026;LOGUBER GESTAO EM TRANSPORTES EIRELI;Filial;São Paulo;SP;Osasco;SP;823.48;823.47;-0.01
142003;1;08/07/2026;MAJO - COTIA;Filial;São Paulo;SP;Jacareí;SP;149.63;144.18;-5.45
3042;1;06/07/2026;JCAP TRANSPORTES LTDA;Filial;São Paulo;SP;Guarulhos;SP;;277.23;
141964;1;08/07/2026;MAJO - COTIA;Filial;São Paulo;SP;Osasco;SP;608.98;609.01;0.03
3048;1;06/07/2026;JCAP TRANSPORTES LTDA;Filial;São Paulo;SP;Guarulhos;SP;;1316.91;
3035;1;06/07/2026;JCAP TRANSPORTES LTDA;Filial;São Paulo;SP;Guarulhos;SP;;134.09;
141987;1;08/07/2026;MAJO - COTIA;Filial;São Paulo;SP;São José dos Campos;SP;355.14;349.69;-5.45
142056;1;08/07/2026;MAJO - COTIA;Filial;São Paulo;SP;Campinas;SP;156.16;150.74;-5.42
142060;1;08/07/2026;MAJO - COTIA;Filial;São Paulo;SP;Mauá;SP;10.05;108.03;97.98
142038;1;08/07/2026;MAJO - COTIA;Filial;São Paulo;SP;São José dos Campos;SP;197.97;576.48;378.51
133;2;03/07/2026;TONI TRANSPORTES E LOGISTICA LTDA;Filial;São Paulo;SP;Indaiatuba;SP;3488;1071;-2417
142069;1;08/07/2026;MAJO - COTIA;Filial;São Paulo;SP;Guarulhos;SP;215.51;313.53;98.02
141686;1;06/07/2026;MAJO - COTIA;Filial;São Paulo;SP;Itanhaém;SP;293.67;285.42;-8.25
141577;1;06/07/2026;MAJO - COTIA;Filial;São Paulo;SP;Guaratinguetá;SP;1117.27;651.14;-466.13
3046;1;06/07/2026;JCAP TRANSPORTES LTDA;Filial;São Paulo;SP;Guarulhos;SP;;134.09;
141303;1;02/07/2026;MAJO - COTIA;Filial;São Paulo;SP;São Vicente;SP;188.67;49.91;-138.76
154186;2;06/07/2026;T.G LOGISTICA E TRANSPORTES;Filial;São Paulo;SP;Nova Iguaçu;RJ;477.66;20.45;-457.21
142062;1;08/07/2026;MAJO - COTIA;Filial;São Paulo;SP;Campinas;SP;733.39;712.85;-20.54
150;2;08/07/2026;TONI TRANSPORTES E LOGISTICA LTDA;Filial;São Paulo;SP;Taubaté;SP;3488.01;3482.15;-5.86
141684;1;06/07/2026;MAJO - COTIA;Filial;São Paulo;SP;Porto Feliz;SP;148.85;143.4;-5.45
141578;1;06/07/2026;MAJO - COTIA;Filial;São Paulo;SP;Osasco;SP;471.47;471.49;0.02
141574;1;06/07/2026;MAJO - COTIA;Filial;São Paulo;SP;São José dos Campos;SP;2127.59;1072.73;-1054.86
141873;1;07/07/2026;MAJO - COTIA;Filial;São Paulo;SP;Catanduva;SP;155.05;4.51;-150.54
129;2;03/07/2026;TONI TRANSPORTES E LOGISTICA LTDA;Filial;São Paulo;SP;São Paulo;SP;2398;2398;
141307;1;02/07/2026;MAJO - COTIA;Filial;São Paulo;SP;Guarulhos;SP;251.91;56.82;-195.09
598;12;06/07/2026;LOGUBER GESTAO EM TRANSPORTES EIRELI;Filial;São Paulo;SP;Guarulhos;SP;828.05;830.9;2.85
145;2;07/07/2026;TONI TRANSPORTES E LOGISTICA LTDA;Filial;São Paulo;SP;São Bernardo do Campo;SP;2398;1071;-1327
597;12;06/07/2026;LOGUBER GESTAO EM TRANSPORTES EIRELI;Filial;São Paulo;SP;Taboão da Serra;SP;818.6;818.6;
595;12;06/07/2026;LOGUBER GESTAO EM TRANSPORTES EIRELI;Filial;São Paulo;SP;Itapevi;SP;820.03;820.03;
609;12;06/07/2026;LOGUBER GESTAO EM TRANSPORTES EIRELI;Filial;São Paulo;SP;Taboão da Serra;SP;289.43;417.38;127.95
3051;1;06/07/2026;JCAP TRANSPORTES LTDA;Filial;São Paulo;SP;Itaquaquecetuba;SP;;467.94;
3045;1;06/07/2026;JCAP TRANSPORTES LTDA;Filial;São Paulo;SP;Guarulhos;SP;;226.6;
600;12;06/07/2026;LOGUBER GESTAO EM TRANSPORTES EIRELI;Filial;São Paulo;SP;São Paulo;SP;808.09;815.01;6.92
154188;2;06/07/2026;T.G LOGISTICA E TRANSPORTES;Filial;São Paulo;SP;Rio de Janeiro;RJ;1896.76;181.82;-1714.94
6015;1;07/07/2026;JG ALVES TRANSPORTES LTDA;Filial;São Paulo;SP;São Paulo;SP;98.91;156.8;57.89
6019;1;07/07/2026;JG ALVES TRANSPORTES LTDA;Filial;São Paulo;SP;Itaquaquecetuba;SP;103.78;127.68;23.9
154187;2;06/07/2026;T.G LOGISTICA E TRANSPORTES;Filial;São Paulo;SP;Rio de Janeiro;RJ;238.83;10.23;-228.6
135;2;03/07/2026;TONI TRANSPORTES E LOGISTICA LTDA;Filial;São Paulo;SP;São José do Rio Preto;SP;6999.6;4284;-2715.6
616;12;06/07/2026;LOGUBER GESTAO EM TRANSPORTES EIRELI;Filial;São Paulo;SP;Osasco;SP;359.97;835.62;475.65
157534;0;07/07/2026;MVT CAMPINAS SOL. EM TRANSPORTES LTDA;Filial;São Paulo;SP;Piracicaba;SP;1253.14;77.27;-1175.87
625;12;06/07/2026;LOGUBER GESTAO EM TRANSPORTES EIRELI;Filial;São Paulo;SP;São Paulo;SP;827.75;827.75;
157515;0;07/07/2026;MVT CAMPINAS SOL. EM TRANSPORTES LTDA;Filial;São Paulo;SP;Ribeirão Preto;SP;1318.89;761.27;-557.62
6022;1;07/07/2026;JG ALVES TRANSPORTES LTDA;Filial;São Paulo;SP;Itaquaquecetuba;SP;103.78;127.68;23.9
157535;0;07/07/2026;MVT CAMPINAS SOL. EM TRANSPORTES LTDA;Filial;São Paulo;SP;São Paulo;SP;;113.64;
596;12;06/07/2026;LOGUBER GESTAO EM TRANSPORTES EIRELI;Filial;São Paulo;SP;Barueri;SP;823.28;823.2;-0.08
156762;0;02/07/2026;MVT CAMPINAS SOL. EM TRANSPORTES LTDA;Filial;São Paulo;SP;Itu;SP;613.57;634.25;20.68
6025;1;07/07/2026;JG ALVES TRANSPORTES LTDA;Filial;São Paulo;SP;Ferraz de Vasconcelos;SP;1108.8;1108.8;
67165;3;03/07/2026;Trans CJ Transportes e Logistica Ltda;Filial;São Paulo;SP;Maracanaú;CE;;2254.01;
6024;1;07/07/2026;JG ALVES TRANSPORTES LTDA;Filial;São Paulo;SP;Santos;SP;96.24;165.76;69.52
669625;1;03/07/2026;TRANSFORM EMPRESA DE TRANSPORTES LTDA;Filial;São Paulo;SP;Rio de Janeiro;RJ;6052.27;6052.27;
262;2;04/08/2026;TONI TRANSPORTES E LOGISTICA LTDA;Filial;São Paulo;SP;Franco da Rocha;SP;2510;542.64;-1967.36
249;2;01/08/2026;TONI TRANSPORTES E LOGISTICA LTDA;Filial;São Paulo;SP;Guarulhos;SP;2510;2510;
250;2;01/08/2026;TONI TRANSPORTES E LOGISTICA LTDA;Filial;São Paulo;SP;Jacareí;SP;3675.5;3675.5;
251;2;01/08/2026;TONI TRANSPORTES E LOGISTICA LTDA;Filial;São Paulo;SP;São Paulo;SP;2510;2510;
479627;2;17/07/2026;TRANSPORTADORA KARAVAGGIO LTDA;Filial;São Paulo;SP;Gravataí;RS;994.18;946.93;-47.25
146036;1;06/08/2026;MAJO - COTIA;Filial;São Paulo;SP;Miracatu;SP;184.58;179.4;-5.18
146026;1;06/08/2026;MAJO - COTIA;Filial;São Paulo;SP;São José dos Campos;SP;528.26;519.07;-9.19
146016;1;06/08/2026;MAJO - COTIA;Filial;São Paulo;SP;Rio Claro;SP;362.67;357.24;-5.43
146017;1;06/08/2026;MAJO - COTIA;Filial;São Paulo;SP;Guaratinguetá;SP;149;143.55;-5.45
146018;1;06/08/2026;MAJO - COTIA;Filial;São Paulo;SP;Sete Barras;SP;353.17;343.17;-10
146019;1;06/08/2026;MAJO - COTIA;Filial;São Paulo;SP;Lorena;SP;198.15;192.52;-5.63
146020;1;06/08/2026;MAJO - COTIA;Filial;São Paulo;SP;Altinópolis;SP;157.85;157.88;0.03
146023;1;06/08/2026;MAJO - COTIA;Filial;São Paulo;SP;Buri;SP;157.72;152.28;-5.44
146024;1;06/08/2026;MAJO - COTIA;Filial;São Paulo;SP;Buri;SP;416.24;404.56;-11.68
146025;1;06/08/2026;MAJO - COTIA;Filial;São Paulo;SP;Registro;SP;180.98;175.92;-5.06
146037;1;06/08/2026;MAJO - COTIA;Filial;São Paulo;SP;Jacupiranga;SP;154.66;149.22;-5.44
146028;1;06/08/2026;MAJO - COTIA;Filial;São Paulo;SP;Batatais;SP;149.91;149.93;0.02
146039;1;06/08/2026;MAJO - COTIA;Filial;São Paulo;SP;São José do Rio Preto;SP;151.52;151.56;0.04
146040;1;06/08/2026;MAJO - COTIA;Filial;São Paulo;SP;Cananéia;SP;519.74;505.1;-14.64
146029;1;06/08/2026;MAJO - COTIA;Filial;São Paulo;SP;Batatais;SP;151.44;151.47;0.03
146031;1;06/08/2026;MAJO - COTIA;Filial;São Paulo;SP;Jacupiranga;SP;156.88;151.44;-5.44
146032;1;06/08/2026;MAJO - COTIA;Filial;São Paulo;SP;São José dos Campos;SP;154.09;148.65;-5.44
146044;1;06/08/2026;MAJO - COTIA;Filial;São Paulo;SP;Jacareí;SP;159.31;153.84;-5.47
146033;1;06/08/2026;MAJO - COTIA;Filial;São Paulo;SP;São José dos Campos;SP;155.35;149.91;-5.44
146035;1;06/08/2026;MAJO - COTIA;Filial;São Paulo;SP;Hortolândia;SP;466.2;452.97;-13.23
145181;1;30/07/2026;MAJO - COTIA;Filial;São Paulo;SP;Rincão;SP;150.59;150.6;0.01
145183;1;30/07/2026;MAJO - COTIA;Filial;São Paulo;SP;Américo Brasiliense;SP;151.64;151.65;0.01
145184;1;30/07/2026;MAJO - COTIA;Filial;São Paulo;SP;Itirapina;SP;163.18;163.22;0.04
145182;1;30/07/2026;MAJO - COTIA;Filial;São Paulo;SP;Pindamonhangaba;SP;761.23;745.41;-15.82
145180;1;30/07/2026;MAJO - COTIA;Filial;São Paulo;SP;Bauru;SP;978.03;978.06;0.03
145185;1;30/07/2026;MAJO - COTIA;Filial;São Paulo;SP;Dumont;SP;153.8;153.81;0.01
145186;1;30/07/2026;MAJO - COTIA;Filial;São Paulo;SP;São José do Rio Pardo;SP;482.17;482.2;0.03
145187;1;30/07/2026;MAJO - COTIA;Filial;São Paulo;SP;Aguaí;SP;187.99;188.02;0.03
145188;1;30/07/2026;MAJO - COTIA;Filial;São Paulo;SP;Porto Ferreira;SP;363.99;364;0.01
145189;1;30/07/2026;MAJO - COTIA;Filial;São Paulo;SP;Pirassununga;SP;363.9;363.91;0.01
671142;1;30/07/2026;TRANSFORM EMPRESA DE TRANSPORTES LTDA;Filial;São Paulo;SP;Rio de Janeiro;RJ;6052.27;6052.27;
145200;1;30/07/2026;MAJO - COTIA;Filial;São Paulo;SP;São José do Rio Pardo;SP;362.23;362.25;0.02
145201;1;30/07/2026;MAJO - COTIA;Filial;São Paulo;SP;Américo Brasiliense;SP;150.63;150.66;0.03
145206;1;30/07/2026;MAJO - COTIA;Filial;São Paulo;SP;Mococa;SP;365.82;365.83;0.01
145203;1;30/07/2026;MAJO - COTIA;Filial;São Paulo;SP;Araraquara;SP;150.89;150.92;0.03
145204;1;30/07/2026;MAJO - COTIA;Filial;São Paulo;SP;São José do Rio Pardo;SP;358.44;358.48;0.04
145205;1;30/07/2026;MAJO - COTIA;Filial;São Paulo;SP;São João da Boa Vista;SP;396.86;396.9;0.04
145192;1;30/07/2026;MAJO - COTIA;Filial;São Paulo;SP;Dumont;SP;181.48;181.49;0.01
145197;1;30/07/2026;MAJO - COTIA;Filial;São Paulo;SP;São João da Boa Vista;SP;149.89;149.91;0.02
145191;1;30/07/2026;MAJO - COTIA;Filial;São Paulo;SP;São José dos Campos;SP;595.7;578.74;-16.96
145193;1;30/07/2026;MAJO - COTIA;Filial;São Paulo;SP;Jacareí;SP;595.7;578.74;-16.96
145194;1;30/07/2026;MAJO - COTIA;Filial;São Paulo;SP;São José dos Campos;SP;359.02;353.57;-5.45
145195;1;30/07/2026;MAJO - COTIA;Filial;São Paulo;SP;Iperó;SP;393.19;382.09;-11.1
145196;1;30/07/2026;MAJO - COTIA;Filial;São Paulo;SP;Angatuba;SP;158.9;153.47;-5.43
145198;1;30/07/2026;MAJO - COTIA;Filial;São Paulo;SP;Marília;SP;773.49;773.51;0.02
145210;1;30/07/2026;MAJO - COTIA;Filial;São Paulo;SP;Araraquara;SP;156.19;156.23;0.04
145213;1;30/07/2026;MAJO - COTIA;Filial;São Paulo;SP;Aguaí;SP;155.58;155.6;0.02
145215;1;30/07/2026;MAJO - COTIA;Filial;São Paulo;SP;Cajuru;SP;245.19;245.2;0.01
145212;1;30/07/2026;MAJO - COTIA;Filial;São Paulo;SP;São José dos Campos;SP;1184.55;1150.82;-33.73
145211;1;30/07/2026;MAJO - COTIA;Filial;São Paulo;SP;Presidente Prudente;SP;798.67;773.51;-25.16
145214;1;30/07/2026;MAJO - COTIA;Filial;São Paulo;SP;Paraguaçu Paulista;SP;155.03;155.06;0.03
145209;1;30/07/2026;MAJO - COTIA;Filial;São Paulo;SP;Taubaté;SP;595.7;578.74;-16.96
145208;1;30/07/2026;MAJO - COTIA;Filial;São Paulo;SP;Angatuba;SP;292.76;284.49;-8.27
145207;1;30/07/2026;MAJO - COTIA;Filial;São Paulo;SP;Botucatu;SP;808.05;782.59;-25.46
145199;1;30/07/2026;MAJO - COTIA;Filial;São Paulo;SP;Maracaí;SP;154.13;154.16;0.03
146268;1;07/08/2026;MAJO - COTIA;Filial;São Paulo;SP;Pinhalzinho;SP;362.58;152.6;-209.98
238;2;29/07/2026;TONI TRANSPORTES E LOGISTICA LTDA;Filial;São Paulo;SP;Guarulhos;SP;2398;119;-2279
466;2;24/09/2026;TONI TRANSPORTES E LOGISTICA LTDA;Filial;São Paulo;SP;Sumaré;SP;3647;3647;
155930;2;07/08/2026;T.G LOGISTICA E TRANSPORTES;Filial;São Paulo;SP;Rio de Janeiro;RJ;453.41;453.41;
243;2;31/07/2026;TONI TRANSPORTES E LOGISTICA LTDA;Filial;São Paulo;SP;São Paulo;SP;2510;2510;
241;2;30/07/2026;TONI TRANSPORTES E LOGISTICA LTDA;Filial;São Paulo;SP;Nova Odessa;SP;3647;3647;
244;2;31/07/2026;TONI TRANSPORTES E LOGISTICA LTDA;Filial;São Paulo;SP;Diadema;SP;2510;2510;
162087;0;29/07/2026;MVT CAMPINAS SOL. EM TRANSPORTES LTDA;Filial;São Paulo;SP;Rio Claro;SP;893.2;1167.63;274.43
230;2;28/07/2026;TONI TRANSPORTES E LOGISTICA LTDA;Filial;São Paulo;SP;Guarulhos;SP;2398;495;-1903
380347;1;11/07/2026;LOTUS LOGISTICA EIRELI;Filial;São Paulo;SP;São Bernardo do Campo;SP;140.11;141;0.89
380351;1;11/07/2026;LOTUS LOGISTICA EIRELI;Filial;São Paulo;SP;Santo André;SP;138.77;139.41;0.64
380360;1;11/07/2026;LOTUS LOGISTICA EIRELI;Filial;São Paulo;SP;São Caetano do Sul;SP;284.68;284.68;
380326;1;11/07/2026;LOTUS LOGISTICA EIRELI;Filial;São Paulo;SP;São Bernardo do Campo;SP;187.53;146.41;-41.12
462;2;23/09/2026;TONI TRANSPORTES E LOGISTICA LTDA;Filial;São Paulo;SP;Itu;SP;3619;3619;
380356;1;11/07/2026;LOTUS LOGISTICA EIRELI;Filial;São Paulo;SP;Santo André;SP;143.92;144.63;0.71
155931;2;07/08/2026;T.G LOGISTICA E TRANSPORTES;Filial;São Paulo;SP;Rio de Janeiro;RJ;285.23;285.23;
155932;2;07/08/2026;T.G LOGISTICA E TRANSPORTES;Filial;São Paulo;SP;Rio de Janeiro;RJ;453.41;453.41;
155933;2;07/08/2026;T.G LOGISTICA E TRANSPORTES;Filial;São Paulo;SP;Rio de Janeiro;RJ;285.23;285.23;
155934;2;07/08/2026;T.G LOGISTICA E TRANSPORTES;Filial;São Paulo;SP;Rio de Janeiro;RJ;895.45;895.45;
155940;2;07/08/2026;T.G LOGISTICA E TRANSPORTES;Filial;São Paulo;SP;Nova Friburgo;RJ;637.5;637.5;
155935;2;07/08/2026;T.G LOGISTICA E TRANSPORTES;Filial;São Paulo;SP;Rio de Janeiro;RJ;637.5;637.5;
267;2;05/08/2026;TONI TRANSPORTES E LOGISTICA LTDA;Filial;São Paulo;SP;São José do Rio Preto;SP;7755;7755;
381;2;02/09/2026;TONI TRANSPORTES E LOGISTICA LTDA;Filial;São Paulo;SP;Taubaté;SP;866.32;866.32;
155937;2;07/08/2026;T.G LOGISTICA E TRANSPORTES;Filial;São Paulo;SP;Rio de Janeiro;RJ;453.41;453.41;
155938;2;07/08/2026;T.G LOGISTICA E TRANSPORTES;Filial;São Paulo;SP;Itaboraí;RJ;453.41;453.41;
245;2;31/07/2026;TONI TRANSPORTES E LOGISTICA LTDA;Filial;São Paulo;SP;Diadema;SP;2510;1499.4;-1010.6
323;2;17/08/2026;TONI TRANSPORTES E LOGISTICA LTDA;Filial;São Paulo;SP;Campinas;SP;1035.3;1035.3;
147223;1;14/08/2026;MAJO - COTIA;Filial;São Paulo;SP;José Bonifácio;SP;155.18;155.2;0.02
282;2;07/08/2026;TONI TRANSPORTES E LOGISTICA LTDA;Filial;São Paulo;SP;Araras;SP;4443.5;4443.5;
147160;1;13/08/2026;MAJO - COTIA;Filial;São Paulo;SP;Presidente Prudente;SP;1762.98;48.51;-1714.47
147190;1;14/08/2026;MAJO - COTIA;Filial;São Paulo;SP;Taubaté;SP;713.53;699.09;-14.44
147191;1;14/08/2026;MAJO - COTIA;Filial;São Paulo;SP;Ribeirão Preto;SP;370.1;370.13;0.03
147192;1;14/08/2026;MAJO - COTIA;Filial;São Paulo;SP;São José dos Campos;SP;363.1;357.66;-5.44
147195;1;14/08/2026;MAJO - COTIA;Filial;São Paulo;SP;Ribeirão Preto;SP;356.86;356.88;0.02
147216;1;14/08/2026;MAJO - COTIA;Filial;São Paulo;SP;São José dos Campos;SP;1534.73;1490.91;-43.82
147217;1;14/08/2026;MAJO - COTIA;Filial;São Paulo;SP;Descalvado;SP;151.08;151.11;0.03
147203;1;14/08/2026;MAJO - COTIA;Filial;São Paulo;SP;Mogi Guaçu;SP;409.09;403.33;-5.76
147205;1;14/08/2026;MAJO - COTIA;Filial;São Paulo;SP;Mogi Guaçu;SP;608.39;596.95;-11.44
147224;1;14/08/2026;MAJO - COTIA;Filial;São Paulo;SP;Lorena;SP;153.97;148.51;-5.46
147198;1;14/08/2026;MAJO - COTIA;Filial;São Paulo;SP;Jacareí;SP;150.53;145.07;-5.46
147207;1;14/08/2026;MAJO - COTIA;Filial;São Paulo;SP;Araçoiaba da Serra;SP;154.81;149.38;-5.43
147200;1;14/08/2026;MAJO - COTIA;Filial;São Paulo;SP;Barueri;SP;207.1;207.13;0.03
147226;1;14/08/2026;MAJO - COTIA;Filial;São Paulo;SP;São José do Rio Preto;SP;155.48;155.49;0.01
147227;1;14/08/2026;MAJO - COTIA;Filial;São Paulo;SP;Hortolândia;SP;155;149.55;-5.45
147229;1;14/08/2026;MAJO - COTIA;Filial;São Paulo;SP;Franca;SP;169.07;169.11;0.04
147208;1;14/08/2026;MAJO - COTIA;Filial;São Paulo;SP;Ilhabela;SP;360.11;354.66;-5.45
147210;1;14/08/2026;MAJO - COTIA;Filial;São Paulo;SP;Ilhabela;SP;151.36;145.93;-5.43
147211;1;14/08/2026;MAJO - COTIA;Filial;São Paulo;SP;Ubatuba;SP;186.78;181.56;-5.22
147220;1;14/08/2026;MAJO - COTIA;Filial;São Paulo;SP;Fartura;SP;205.05;148.85;-56.2
147221;1;14/08/2026;MAJO - COTIA;Filial;São Paulo;SP;Pederneiras;SP;153.35;357.92;204.57
147309;1;14/08/2026;MAJO - COTIA;Filial;São Paulo;SP;Fartura;SP;208.94;152.75;-56.19
147310;1;14/08/2026;MAJO - COTIA;Filial;São Paulo;SP;São João da Boa Vista;SP;368.22;368.24;0.02
147212;1;14/08/2026;MAJO - COTIA;Filial;São Paulo;SP;Piracicaba;SP;153.36;147.92;-5.44
147222;1;14/08/2026;MAJO - COTIA;Filial;São Paulo;SP;Santo Antônio de Posse;SP;218.18;212.08;-6.1
671153;1;30/07/2026;TRANSFORM EMPRESA DE TRANSPORTES LTDA;Filial;São Paulo;SP;Nova Odessa;SP;;696.59;
268;2;05/08/2026;TONI TRANSPORTES E LOGISTICA LTDA;Filial;São Paulo;SP;Vargem Grande Paulista;SP;2510;2510;
463;2;23/09/2026;TONI TRANSPORTES E LOGISTICA LTDA;Filial;São Paulo;SP;Praia Grande;SP;3602;3602;
145677;1;03/08/2026;MAJO - COTIA;Filial;São Paulo;SP;Araras;SP;588.84;572.08;-16.76
146429;1;10/08/2026;MAJO - COTIA;Filial;São Paulo;SP;Morungaba;SP;154.94;149.51;-5.43
146416;1;10/08/2026;MAJO - COTIA;Filial;São Paulo;SP;Batatais;SP;152.51;152.53;0.02
146408;1;10/08/2026;MAJO - COTIA;Filial;São Paulo;SP;Guarujá;SP;173.59;168.67;-4.92
146435;1;10/08/2026;MAJO - COTIA;Filial;São Paulo;SP;Lorena;SP;148.67;143.22;-5.45
146436;1;10/08/2026;MAJO - COTIA;Filial;São Paulo;SP;São Pedro;SP;157.17;151.72;-5.45
146417;1;10/08/2026;MAJO - COTIA;Filial;São Paulo;SP;Brodowski;SP;156.32;156.33;0.01
146418;1;10/08/2026;MAJO - COTIA;Filial;São Paulo;SP;Taubaté;SP;358.35;352.92;-5.43
146419;1;10/08/2026;MAJO - COTIA;Filial;São Paulo;SP;Manduri;SP;207.82;151.65;-56.17
146421;1;10/08/2026;MAJO - COTIA;Filial;São Paulo;SP;Batatais;SP;151.18;151.2;0.02
146422;1;10/08/2026;MAJO - COTIA;Filial;São Paulo;SP;Batatais;SP;150.98;151;0.02
146438;1;10/08/2026;MAJO - COTIA;Filial;São Paulo;SP;Limeira;SP;157.69;152.26;-5.43
146423;1;10/08/2026;MAJO - COTIA;Filial;São Paulo;SP;Batatais;SP;150.68;150.69;0.01
258;2;04/08/2026;TONI TRANSPORTES E LOGISTICA LTDA;Filial;São Paulo;SP;Franco da Rocha;SP;2528.25;2528.25;
386;2;03/09/2026;TONI TRANSPORTES E LOGISTICA LTDA;Filial;São Paulo;SP;Sumaré;SP;773.5;773.5;
260;2;04/08/2026;TONI TRANSPORTES E LOGISTICA LTDA;Filial;São Paulo;SP;São Roque;SP;3193;595;-2598
270;2;05/08/2026;TONI TRANSPORTES E LOGISTICA LTDA;Filial;São Paulo;SP;Vargem Grande Paulista;SP;2510;495.04;-2014.96
319;2;14/08/2026;TONI TRANSPORTES E LOGISTICA LTDA;Filial;São Paulo;SP;Osasco;SP;1154.3;1154.3;
300;2;11/08/2026;TONI TRANSPORTES E LOGISTICA LTDA;Filial;São Paulo;SP;Jundiaí;SP;392.7;392.7;
6297;1;13/08/2026;JG ALVES TRANSPORTES LTDA;Filial;São Paulo;SP;São Bernardo do Campo;SP;1011.36;1011.36;
6327;1;13/08/2026;JG ALVES TRANSPORTES LTDA;Filial;São Paulo;SP;Guarulhos;SP;134.4;134.4;
6306;1;13/08/2026;JG ALVES TRANSPORTES LTDA;Filial;São Paulo;SP;Osasco;SP;705.6;897.73;192.13
6315;1;13/08/2026;JG ALVES TRANSPORTES LTDA;Filial;São Paulo;SP;Itapecerica da Serra;SP;884.8;897.73;12.93
6380;1;14/08/2026;JG ALVES TRANSPORTES LTDA;Filial;São Paulo;SP;Barueri;SP;884.8;1346.59;461.79
671481;1;05/08/2026;TRANSFORM EMPRESA DE TRANSPORTES LTDA;Filial;São Paulo;SP;Rio de Janeiro;RJ;6052.27;6052.27;
6295;1;13/08/2026;JG ALVES TRANSPORTES LTDA;Filial;São Paulo;SP;Ribeirão Pires;SP;996.8;1517.04;520.24
6299;1;13/08/2026;JG ALVES TRANSPORTES LTDA;Filial;São Paulo;SP;Itaquaquecetuba;SP;996.8;1125;128.2
6326;1;13/08/2026;JG ALVES TRANSPORTES LTDA;Filial;São Paulo;SP;Guarulhos;SP;1011.36;1011.36;
6350;1;14/08/2026;JG ALVES TRANSPORTES LTDA;Filial;São Paulo;SP;São Bernardo do Campo;SP;996.8;1011.36;14.56
6319;1;13/08/2026;JG ALVES TRANSPORTES LTDA;Filial;São Paulo;SP;Franco da Rocha;SP;996.8;1011.36;14.56
6307;1;13/08/2026;JG ALVES TRANSPORTES LTDA;Filial;São Paulo;SP;Osasco;SP;181.44;181.44;
6296;1;13/08/2026;JG ALVES TRANSPORTES LTDA;Filial;São Paulo;SP;Ribeirão Pires;SP;82.88;82.88;
6300;1;13/08/2026;JG ALVES TRANSPORTES LTDA;Filial;São Paulo;SP;Itaquaquecetuba;SP;68.86;68.86;
6298;1;13/08/2026;JG ALVES TRANSPORTES LTDA;Filial;São Paulo;SP;São Bernardo do Campo;SP;80.64;80.64;
6351;1;14/08/2026;JG ALVES TRANSPORTES LTDA;Filial;São Paulo;SP;São Bernardo do Campo;SP;154.56;154.56;
6320;1;13/08/2026;JG ALVES TRANSPORTES LTDA;Filial;São Paulo;SP;Franco da Rocha;SP;140;140;
276;2;06/08/2026;TONI TRANSPORTES E LOGISTICA LTDA;Filial;São Paulo;SP;Vargem Grande Paulista;SP;2510;2510;
271;2;06/08/2026;TONI TRANSPORTES E LOGISTICA LTDA;Filial;São Paulo;SP;São José do Rio Preto;SP;7123;1428;-5695
301;2;11/08/2026;TONI TRANSPORTES E LOGISTICA LTDA;Filial;São Paulo;SP;Taubaté;SP;678.3;678.3;
273;2;06/08/2026;TONI TRANSPORTES E LOGISTICA LTDA;Filial;São Paulo;SP;Jundiaí;SP;3306.5;3306.5;
6191;1;24/07/2026;JG ALVES TRANSPORTES LTDA;Filial;São Paulo;SP;Embu-Guaçu;SP;134.4;134.4;
274;2;06/08/2026;TONI TRANSPORTES E LOGISTICA LTDA;Okker filial;São Paulo;SP;Jundiaí;SP;;0.01;0.01
272;2;06/08/2026;TONI TRANSPORTES E LOGISTICA LTDA;Filial;São Paulo;SP;São José do Rio Preto;SP;1428;737.8;-690.2
6198;1;27/07/2026;JG ALVES TRANSPORTES LTDA;Filial;São Paulo;SP;Carapicuíba;SP;715.91;1327.2;611.29
6269;1;30/07/2026;JG ALVES TRANSPORTES LTDA;Filial;São Paulo;SP;Suzano;SP;134.4;134.4;
6178;1;24/07/2026;JG ALVES TRANSPORTES LTDA;Filial;São Paulo;SP;Suzano;SP;897.73;884.8;-12.93
6177;1;24/07/2026;JG ALVES TRANSPORTES LTDA;Filial;São Paulo;SP;Embu-Guaçu;SP;897.73;884.8;-12.93
6257;1;29/07/2026;JG ALVES TRANSPORTES LTDA;Filial;São Paulo;SP;Suzano;SP;996.8;996.8;
302;2;11/08/2026;TONI TRANSPORTES E LOGISTICA LTDA;Filial;São Paulo;SP;Campinas;SP;714;714;
384;2;03/09/2026;TONI TRANSPORTES E LOGISTICA LTDA;Filial;São Paulo;SP;Taubaté;SP;;3760;
383;2;03/09/2026;TONI TRANSPORTES E LOGISTICA LTDA;Filial;São Paulo;SP;Sumaré;SP;3647;3647;
164844;0;12/08/2026;MVT CAMPINAS SOL. EM TRANSPORTES LTDA;Filial;São Paulo;SP;Jundiaí;SP;80.68;80.68;
164837;0;12/08/2026;MVT CAMPINAS SOL. EM TRANSPORTES LTDA;Filial;São Paulo;SP;São José do Rio Preto;SP;130.1;130.1;
164839;0;12/08/2026;MVT CAMPINAS SOL. EM TRANSPORTES LTDA;Filial;São Paulo;SP;São José do Rio Preto;SP;122.93;122.93;
164841;0;12/08/2026;MVT CAMPINAS SOL. EM TRANSPORTES LTDA;Filial;São Paulo;SP;Ribeirão Preto;SP;150;150;
155988;2;07/08/2026;T.G LOGISTICA E TRANSPORTES;Filial;São Paulo;SP;Rio de Janeiro;RJ;945.36;945.36;
164843;0;12/08/2026;MVT CAMPINAS SOL. EM TRANSPORTES LTDA;Filial;São Paulo;SP;Ribeirão Preto;SP;32.25;32.25;
164845;0;12/08/2026;MVT CAMPINAS SOL. EM TRANSPORTES LTDA;Filial;São Paulo;SP;São Carlos;SP;81.82;81.82;
375;2;01/09/2026;TONI TRANSPORTES E LOGISTICA LTDA;Matriz;São Paulo;SP;Itapevi;SP;2531;2510;-21
376;2;01/09/2026;TONI TRANSPORTES E LOGISTICA LTDA;Filial;São Paulo;SP;Taubaté;SP;3760;3760;
397;2;07/09/2026;TONI TRANSPORTES E LOGISTICA LTDA;Filial;São Paulo;SP;Taubaté;SP;3760;3760;
393;2;05/09/2026;TONI TRANSPORTES E LOGISTICA LTDA;Filial;São Paulo;SP;São José do Rio Preto;SP;666.4;666.4;
391;2;04/09/2026;TONI TRANSPORTES E LOGISTICA LTDA;Filial;São Paulo;SP;Taubaté;SP;866.32;866.32;
286;2;07/08/2026;TONI TRANSPORTES E LOGISTICA LTDA;Filial;São Paulo;SP;Araras;SP;792.82;792.82;
156023;2;07/08/2026;T.G LOGISTICA E TRANSPORTES;Filial;São Paulo;SP;Rio de Janeiro;RJ;352.41;352.41;
285;2;07/08/2026;TONI TRANSPORTES E LOGISTICA LTDA;Filial;São Paulo;SP;Ribeirão Preto;SP;1033.84;1033.84;
287;2;07/08/2026;TONI TRANSPORTES E LOGISTICA LTDA;Filial;São Paulo;SP;Vargem Grande Paulista;SP;495.04;495.04;
283;2;07/08/2026;TONI TRANSPORTES E LOGISTICA LTDA;Filial;São Paulo;SP;São José do Rio Preto;SP;714;714;
395;2;05/09/2026;TONI TRANSPORTES E LOGISTICA LTDA;Filial;São Paulo;SP;Campinas;SP;862.75;862.75;
166496;0;20/08/2026;MVT CAMPINAS SOL. EM TRANSPORTES LTDA;Filial;São Paulo;SP;São José do Rio Preto;SP;40.91;40.91;
166497;0;20/08/2026;MVT CAMPINAS SOL. EM TRANSPORTES LTDA;Filial;São Paulo;SP;Ribeirão Preto;SP;40.91;40.91;
284;2;07/08/2026;TONI TRANSPORTES E LOGISTICA LTDA;Filial;São Paulo;SP;São José do Rio Preto;SP;2856;2856;
164847;0;12/08/2026;MVT CAMPINAS SOL. EM TRANSPORTES LTDA;Filial;São Paulo;SP;Catanduva;SP;40.91;40.91;
449;2;19/09/2026;TONI TRANSPORTES E LOGISTICA LTDA;Filial;São Paulo;SP;Guarulhos;SP;2510;2510;
306;2;12/08/2026;TONI TRANSPORTES E LOGISTICA LTDA;Filial;São Paulo;SP;Guarulhos;SP;2510;2510;
307;2;12/08/2026;TONI TRANSPORTES E LOGISTICA LTDA;Filial;São Paulo;SP;Guarulhos;SP;2510;2510;
450;2;19/09/2026;TONI TRANSPORTES E LOGISTICA LTDA;Filial;São Paulo;SP;Guarulhos;SP;2510;2510;
484809;2;12/08/2026;TRANSPORTADORA KARAVAGGIO LTDA;Filial;São Paulo;SP;Gravataí;RS;282.95;282.95;
484808;2;12/08/2026;TRANSPORTADORA KARAVAGGIO LTDA;Filial;São Paulo;SP;Gravataí;RS;188.64;188.64;
484812;2;12/08/2026;TRANSPORTADORA KARAVAGGIO LTDA;Filial;São Paulo;SP;Porto Alegre;RS;754.55;754.55;
484810;2;12/08/2026;TRANSPORTADORA KARAVAGGIO LTDA;Filial;São Paulo;SP;São José;SC;94.32;94.32;
484615;2;12/08/2026;TRANSPORTADORA KARAVAGGIO LTDA;Filial;São Paulo;SP;Gravataí;RS;22.73;22.73;
484801;2;12/08/2026;TRANSPORTADORA KARAVAGGIO LTDA;Filial;São Paulo;SP;Porto Alegre;RS;282.95;282.95;
484813;2;12/08/2026;TRANSPORTADORA KARAVAGGIO LTDA;Okker;São Paulo;SP;Maringá;PR;94.32;94.32;
484814;2;12/08/2026;TRANSPORTADORA KARAVAGGIO LTDA;Okker;São Paulo;SP;Foz do Iguaçu;PR;94.32;94.32;
484806;2;12/08/2026;TRANSPORTADORA KARAVAGGIO LTDA;Filial;São Paulo;SP;Blumenau;SC;94.32;94.32;
484803;2;12/08/2026;TRANSPORTADORA KARAVAGGIO LTDA;Filial;São Paulo;SP;Novo Hamburgo;RS;282.95;282.95;
484804;2;12/08/2026;TRANSPORTADORA KARAVAGGIO LTDA;Filial;São Paulo;SP;São José;SC;188.64;188.64;
484798;2;12/08/2026;TRANSPORTADORA KARAVAGGIO LTDA;Filial;São Paulo;SP;Novo Hamburgo;RS;94.32;94.32;
484800;2;12/08/2026;TRANSPORTADORA KARAVAGGIO LTDA;Filial;São Paulo;SP;Porto Alegre;RS;377.27;377.27;
352;2;26/08/2026;TONI TRANSPORTES E LOGISTICA LTDA;Filial;São Paulo;SP;Mauá;SP;2586.5;2586.5;
388;2;04/09/2026;TONI TRANSPORTES E LOGISTICA LTDA;Filial;São Paulo;SP;São José do Rio Preto;SP;7755;7755;
673138;1;26/08/2026;TRANSFORM EMPRESA DE TRANSPORTES LTDA;Filial;São Paulo;SP;Rio de Janeiro;RJ;6052.27;6052.27;
6442;1;27/08/2026;JG ALVES TRANSPORTES LTDA;Filial;São Paulo;SP;São Bernardo do Campo;SP;884.8;897.73;12.93
6433;1;27/08/2026;JG ALVES TRANSPORTES LTDA;Filial;São Paulo;SP;Itaquaquecetuba;SP;884.8;897.73;12.93
6429;1;27/08/2026;JG ALVES TRANSPORTES LTDA;Filial;São Paulo;SP;Mogi das Cruzes;SP;;1011.36;
6427;1;27/08/2026;JG ALVES TRANSPORTES LTDA;Filial;São Paulo;SP;São Paulo;SP;326.76;715.91;389.15
6444;1;27/08/2026;JG ALVES TRANSPORTES LTDA;Filial;São Paulo;SP;Mogi das Cruzes;SP;180.86;180.86;
6449;1;27/08/2026;JG ALVES TRANSPORTES LTDA;Filial;São Paulo;SP;São Bernardo do Campo;SP;89.23;89.23;
6478;1;31/08/2026;JG ALVES TRANSPORTES LTDA;Filial;São Paulo;SP;Diadema;SP;168;168;
351;2;26/08/2026;TONI TRANSPORTES E LOGISTICA LTDA;Filial;São Paulo;SP;Barueri;SP;2531;2531;
156209;2;13/08/2026;T.G LOGISTICA E TRANSPORTES;Filial;São Paulo;SP;Resende;RJ;484.81;484.81;
156210;2;13/08/2026;T.G LOGISTICA E TRANSPORTES;Filial;São Paulo;SP;Volta Redonda;RJ;384.24;384.24;
156212;2;13/08/2026;T.G LOGISTICA E TRANSPORTES;Filial;São Paulo;SP;Rio de Janeiro;RJ;382.08;382.08;
150005;1;04/09/2026;MAJO - COTIA;Filial;São Paulo;SP;São José dos Campos;SP;390.91;390.91;
150022;1;04/09/2026;MAJO - COTIA;Filial;São Paulo;SP;Juquiá;SP;159.81;154.39;-5.42
150123;1;08/09/2026;MAJO - COTIA;Filial;São Paulo;SP;Ribeirão Branco;SP;326.81;326.81;
380;2;02/09/2026;TONI TRANSPORTES E LOGISTICA LTDA;Filial;São Paulo;SP;Taubaté;SP;1428;1428;
387;2;04/09/2026;TONI TRANSPORTES E LOGISTICA LTDA;Filial;São Paulo;SP;Campinas;SP;3647;3647;
148886;1;26/08/2026;MAJO - COTIA;Filial;São Paulo;SP;São José dos Campos;SP;359.81;354.36;-5.45
148887;1;26/08/2026;MAJO - COTIA;Filial;São Paulo;SP;Campos do Jordão;SP;354.42;348.99;-5.43
148888;1;26/08/2026;MAJO - COTIA;Filial;São Paulo;SP;Tremembé;SP;354.75;349.3;-5.45
148889;1;26/08/2026;MAJO - COTIA;Filial;São Paulo;SP;Guaratinguetá;SP;355.92;145.94;-209.98
148896;1;26/08/2026;MAJO - COTIA;Filial;São Paulo;SP;São José dos Campos;SP;152.17;146.72;-5.45
148945;1;27/08/2026;MAJO - COTIA;Filial;São Paulo;SP;Paraibuna;SP;561.28;551.16;-10.12
148940;1;27/08/2026;MAJO - COTIA;Filial;São Paulo;SP;Américo Brasiliense;SP;159.22;159.23;0.01
148941;1;27/08/2026;MAJO - COTIA;Filial;São Paulo;SP;Ilhabela;SP;362.52;357.07;-5.45
148947;1;27/08/2026;MAJO - COTIA;Filial;São Paulo;SP;Jaú;SP;567.33;567.35;0.02
148943;1;27/08/2026;MAJO - COTIA;Filial;São Paulo;SP;Ilhabela;SP;792.8;776.15;-16.65
148948;1;27/08/2026;MAJO - COTIA;Filial;São Paulo;SP;São José do Rio Preto;SP;153.45;153.47;0.02
148944;1;27/08/2026;MAJO - COTIA;Filial;São Paulo;SP;Mogi Guaçu;SP;362.91;357.48;-5.43
148950;1;27/08/2026;MAJO - COTIA;Filial;São Paulo;SP;Araraquara;SP;152.57;152.58;0.01
148951;1;27/08/2026;MAJO - COTIA;Filial;São Paulo;SP;Rincão;SP;152.57;152.58;0.01
148952;1;27/08/2026;MAJO - COTIA;Filial;São Paulo;SP;Américo Brasiliense;SP;158.7;158.75;0.05
148953;1;27/08/2026;MAJO - COTIA;Filial;São Paulo;SP;Ilhabela;SP;171.72;166.9;-4.82
485753;2;18/08/2026;TRANSPORTADORA KARAVAGGIO LTDA;Filial;São Paulo;SP;Caxias do Sul;RS;113.64;113.64;
485827;2;18/08/2026;TRANSPORTADORA KARAVAGGIO LTDA;Filial;São Paulo;SP;Porto Alegre;RS;3604.08;2701.78;-902.3
485744;2;18/08/2026;TRANSPORTADORA KARAVAGGIO LTDA;Filial;São Paulo;SP;Sapucaia do Sul;RS;231.82;231.82;
485747;2;18/08/2026;TRANSPORTADORA KARAVAGGIO LTDA;Filial;São Paulo;SP;Sapucaia do Sul;RS;61.36;61.36;
42974;1;17/09/2026;AVJS TRANSPORTES LTDA;Filial;São Paulo;SP;Diadema;SP;1100;1100;
147995;1;20/08/2026;MAJO - COTIA;Filial;São Paulo;SP;Franca;SP;1684.82;1684.84;0.02
147996;1;20/08/2026;MAJO - COTIA;Filial;São Paulo;SP;São José do Rio Preto;SP;2484.92;2484.93;0.01
147997;1;20/08/2026;MAJO - COTIA;Filial;São Paulo;SP;Marília;SP;640.95;640.99;0.04
147998;1;20/08/2026;MAJO - COTIA;Filial;São Paulo;SP;Ribeirão Preto;SP;541.41;541.43;0.02
147999;1;20/08/2026;MAJO - COTIA;Filial;São Paulo;SP;São Carlos;SP;1452.22;1452.24;0.02
148000;1;20/08/2026;MAJO - COTIA;Filial;São Paulo;SP;Barretos;SP;1970.51;1970.55;0.04
336;2;20/08/2026;TONI TRANSPORTES E LOGISTICA LTDA;Filial;São Paulo;SP;Sumaré;SP;618.8;618.8;
357;2;26/08/2026;TONI TRANSPORTES E LOGISTICA LTDA;Filial;São Paulo;SP;Nova Odessa;SP;3647;3647;
148388;1;21/08/2026;MAJO - COTIA;Filial;São Paulo;SP;Taboão da Serra;SP;99.95;304.51;204.56
148389;1;21/08/2026;MAJO - COTIA;Filial;São Paulo;SP;Campinas;SP;320.82;311.82;-9
148390;1;21/08/2026;MAJO - COTIA;Filial;São Paulo;SP;Jacareí;SP;396.91;385.83;-11.08
148391;1;21/08/2026;MAJO - COTIA;Filial;São Paulo;SP;Assis;SP;152.47;152.5;0.03
148392;1;21/08/2026;MAJO - COTIA;Filial;São Paulo;SP;Limeira;SP;159.68;154.23;-5.45
148393;1;21/08/2026;MAJO - COTIA;Filial;São Paulo;SP;Rio Claro;SP;499.28;485.06;-14.22
148396;1;21/08/2026;MAJO - COTIA;Filial;São Paulo;SP;Mococa;SP;158.64;158.68;0.04
148370;1;21/08/2026;MAJO - COTIA;Filial;São Paulo;SP;Limeira;SP;476.88;463.41;-13.47
148372;1;21/08/2026;MAJO - COTIA;Filial;São Paulo;SP;São Carlos;SP;152.67;152.67;
148373;1;21/08/2026;MAJO - COTIA;Filial;São Paulo;SP;Campinas;SP;317.55;308.72;-8.83
148374;1;21/08/2026;MAJO - COTIA;Filial;São Paulo;SP;Ourinhos;SP;156.58;156.63;0.05
148375;1;21/08/2026;MAJO - COTIA;Filial;São Paulo;SP;Jundiaí;SP;163;157.53;-5.47
148377;1;21/08/2026;MAJO - COTIA;Filial;São Paulo;SP;Hortolândia;SP;307.43;298.67;-8.76
148378;1;21/08/2026;MAJO - COTIA;Filial;São Paulo;SP;Itu;SP;406.85;395.43;-11.42
148379;1;21/08/2026;MAJO - COTIA;Filial;São Paulo;SP;Praia Grande;SP;188.89;183.63;-5.26
148380;1;21/08/2026;MAJO - COTIA;Filial;São Paulo;SP;Jardinópolis;SP;151.95;151.98;0.03
148381;1;21/08/2026;MAJO - COTIA;Filial;São Paulo;SP;Mococa;SP;170.49;170.52;0.03
148384;1;21/08/2026;MAJO - COTIA;Filial;São Paulo;SP;Mogi Guaçu;SP;351.26;341.43;-9.83
148386;1;21/08/2026;MAJO - COTIA;Filial;São Paulo;SP;Barretos;SP;741.01;741.05;0.04
148361;1;21/08/2026;MAJO - COTIA;Filial;São Paulo;SP;Piracicaba;SP;186.86;181.66;-5.2
148398;1;21/08/2026;MAJO - COTIA;Filial;São Paulo;SP;Limeira;SP;156.67;151.23;-5.44
148399;1;21/08/2026;MAJO - COTIA;Filial;São Paulo;SP;Piracicaba;SP;152.91;147.47;-5.44
148348;1;21/08/2026;MAJO - COTIA;Filial;São Paulo;SP;Jardinópolis;SP;149.07;149.08;0.01
148362;1;21/08/2026;MAJO - COTIA;Filial;São Paulo;SP;Porto Ferreira;SP;312.23;312.25;0.02
148363;1;21/08/2026;MAJO - COTIA;Filial;São Paulo;SP;Jacareí;SP;346.08;336.38;-9.7
148364;1;21/08/2026;MAJO - COTIA;Filial;São Paulo;SP;Guarujá;SP;155.73;150.3;-5.43
148365;1;21/08/2026;MAJO - COTIA;Filial;São Paulo;SP;São Carlos;SP;354.63;354.64;0.01
148366;1;21/08/2026;MAJO - COTIA;Filial;São Paulo;SP;Mococa;SP;150.15;150.15;
148367;1;21/08/2026;MAJO - COTIA;Filial;São Paulo;SP;Jaú;SP;296.16;296.18;0.02
148368;1;21/08/2026;MAJO - COTIA;Filial;São Paulo;SP;Guaratinguetá;SP;159.78;154.32;-5.46
148349;1;21/08/2026;MAJO - COTIA;Filial;São Paulo;SP;Paranapanema;SP;207.7;201.82;-5.88
148350;1;21/08/2026;MAJO - COTIA;Filial;São Paulo;SP;Taubaté;SP;269.68;262.11;-7.57
148352;1;21/08/2026;MAJO - COTIA;Filial;São Paulo;SP;Boituva;SP;257.25;249.98;-7.27
148354;1;21/08/2026;MAJO - COTIA;Filial;São Paulo;SP;Américo Brasiliense;SP;179.91;179.95;0.04
148356;1;21/08/2026;MAJO - COTIA;Filial;São Paulo;SP;Guarujá;SP;155.07;149.61;-5.46
148358;1;21/08/2026;MAJO - COTIA;Filial;São Paulo;SP;Santa Bárbara d'Oeste;SP;150.65;145.22;-5.43
148387;1;21/08/2026;MAJO - COTIA;Filial;São Paulo;SP;Ribeirão Preto;SP;753.64;753.66;0.02
672845;1;21/08/2026;TRANSFORM EMPRESA DE TRANSPORTES LTDA;Filial;São Paulo;SP;Rio de Janeiro;RJ;6052.27;6052.27;
345;2;22/08/2026;TONI TRANSPORTES E LOGISTICA LTDA;Filial;São Paulo;SP;Sumaré;SP;3647;3647;
346;2;22/08/2026;TONI TRANSPORTES E LOGISTICA LTDA;Filial;São Paulo;SP;Arujá;SP;2532.5;2532.5;
6623;1;15/09/2026;JG ALVES TRANSPORTES LTDA;Filial;São Paulo;SP;Guarulhos;SP;884.8;715.91;-168.89
6631;1;15/09/2026;JG ALVES TRANSPORTES LTDA;Filial;São Paulo;SP;São Paulo;SP;;369.6;369.6
6621;1;15/09/2026;JG ALVES TRANSPORTES LTDA;Filial;São Paulo;SP;São Paulo;SP;;715.91;715.91
6566;1;09/09/2026;JG ALVES TRANSPORTES LTDA;Filial;São Paulo;SP;Osasco;SP;705.6;715.91;10.31
6620;1;15/09/2026;JG ALVES TRANSPORTES LTDA;Filial;São Paulo;SP;Osasco;SP;996.8;1011.36;14.56
6616;1;15/09/2026;JG ALVES TRANSPORTES LTDA;Filial;São Paulo;SP;Embu das Artes;SP;1108.8;1687.5;578.7
6617;1;15/09/2026;JG ALVES TRANSPORTES LTDA;Filial;São Paulo;SP;Embu das Artes;SP;392;392;
6628;1;15/09/2026;JG ALVES TRANSPORTES LTDA;Filial;São Paulo;SP;Osasco;SP;145.6;145.6;
6587;1;09/09/2026;JG ALVES TRANSPORTES LTDA;Filial;São Paulo;SP;Barueri;SP;409.92;409.92;
6572;1;09/09/2026;JG ALVES TRANSPORTES LTDA;Filial;São Paulo;SP;Guarulhos;SP;884.8;897.73;12.93
367;2;28/08/2026;TONI TRANSPORTES E LOGISTICA LTDA;Filial;São Paulo;SP;São José do Rio Pardo;SP;4288.5;2510;-1778.5
359;2;27/08/2026;TONI TRANSPORTES E LOGISTICA LTDA;Filial;São Paulo;SP;Mauá;SP;429.59;429.59;
148568;1;24/08/2026;MAJO - COTIA;Filial;São Paulo;SP;Capivari;SP;306.22;297.8;-8.42
148569;1;24/08/2026;MAJO - COTIA;Filial;São Paulo;SP;Jambeiro;SP;150.76;145.32;-5.44
368;2;28/08/2026;TONI TRANSPORTES E LOGISTICA LTDA;Filial;São Paulo;SP;Guarulhos;SP;666.4;666.4;
360;2;27/08/2026;TONI TRANSPORTES E LOGISTICA LTDA;Filial;São Paulo;SP;Itu;SP;892.73;892.73;
353;2;26/08/2026;TONI TRANSPORTES E LOGISTICA LTDA;Filial;São Paulo;SP;Barueri;SP;1237.6;1237.6;
404;2;09/09/2026;TONI TRANSPORTES E LOGISTICA LTDA;Filial;São Paulo;SP;São José dos Campos;SP;3661.5;3661.5;
371;2;31/08/2026;TONI TRANSPORTES E LOGISTICA LTDA;Filial;São Paulo;SP;Diadema;SP;2510;2510;
354;2;26/08/2026;TONI TRANSPORTES E LOGISTICA LTDA;Filial;São Paulo;SP;Praia Grande;SP;3602;3602;
148883;1;26/08/2026;MAJO - COTIA;Filial;São Paulo;SP;Mongaguá;SP;374.42;363.91;-10.51
148882;1;26/08/2026;MAJO - COTIA;Filial;São Paulo;SP;Itanhaém;SP;222.09;215.85;-6.24
148881;1;26/08/2026;MAJO - COTIA;Filial;São Paulo;SP;Peruíbe;SP;196.74;191.25;-5.49
148751;1;26/08/2026;MAJO - COTIA;Filial;São Paulo;SP;Mococa;SP;150.28;150.32;0.04
148752;1;26/08/2026;MAJO - COTIA;Filial;São Paulo;SP;Caraguatatuba;SP;574.52;359.49;-215.03
148756;1;26/08/2026;MAJO - COTIA;Filial;São Paulo;SP;Guaratinguetá;SP;353.84;143.86;-209.98
148757;1;26/08/2026;MAJO - COTIA;Filial;São Paulo;SP;Franca;SP;156.74;156.77;0.03
148771;1;26/08/2026;MAJO - COTIA;Filial;São Paulo;SP;Itapetininga;SP;148.27;142.84;-5.43
148758;1;26/08/2026;MAJO - COTIA;Filial;São Paulo;SP;Patrocínio Paulista;SP;206.66;206.7;0.04
148759;1;26/08/2026;MAJO - COTIA;Filial;São Paulo;SP;Franca;SP;163.94;163.95;0.01
148760;1;26/08/2026;MAJO - COTIA;Filial;São Paulo;SP;Limeira;SP;148.78;143.33;-5.45
148761;1;26/08/2026;MAJO - COTIA;Filial;São Paulo;SP;Mogi Guaçu;SP;151.98;146.56;-5.42
148762;1;26/08/2026;MAJO - COTIA;Filial;São Paulo;SP;Serra Negra;SP;352.81;142.8;-210.01
148763;1;26/08/2026;MAJO - COTIA;Filial;São Paulo;SP;Franca;SP;156.92;156.93;0.01
148764;1;26/08/2026;MAJO - COTIA;Filial;São Paulo;SP;Cunha;SP;149.2;143.75;-5.45
148765;1;26/08/2026;MAJO - COTIA;Filial;São Paulo;SP;Paranapanema;SP;150.33;144.88;-5.45
454;2;22/09/2026;TONI TRANSPORTES E LOGISTICA LTDA;Filial;São Paulo;SP;Guarulhos;SP;2510;2510;
363;2;27/08/2026;TONI TRANSPORTES E LOGISTICA LTDA;Filial;São Paulo;SP;Nova Odessa;SP;810.39;810.39;
364;2;27/08/2026;TONI TRANSPORTES E LOGISTICA LTDA;Filial;São Paulo;SP;Nova Odessa;SP;1507.73;1507.73;
356;2;26/08/2026;TONI TRANSPORTES E LOGISTICA LTDA;Filial;São Paulo;SP;São Paulo;SP;633.08;633.08;
365;2;27/08/2026;TONI TRANSPORTES E LOGISTICA LTDA;Filial;São Paulo;SP;Campinas;SP;3647;3647;
361;2;27/08/2026;TONI TRANSPORTES E LOGISTICA LTDA;Filial;São Paulo;SP;Praia Grande;SP;892.5;892.5;
362;2;27/08/2026;TONI TRANSPORTES E LOGISTICA LTDA;Filial;São Paulo;SP;Praia Grande;SP;1428;1428;
490048;2;04/09/2026;TRANSPORTADORA KARAVAGGIO LTDA;Filial;São Paulo;SP;São José;SC;1183.82;1259.72;75.9
369;2;28/08/2026;TONI TRANSPORTES E LOGISTICA LTDA;Filial;São Paulo;SP;Campinas;SP;892.5;892.5;
6516;1;04/09/2026;JG ALVES TRANSPORTES LTDA;Filial;São Paulo;SP;São Bernardo do Campo;SP;784;1346.59;562.59
6588;1;09/09/2026;JG ALVES TRANSPORTES LTDA;Filial;São Paulo;SP;Guarulhos;SP;78.4;78.4;
6574;1;09/09/2026;JG ALVES TRANSPORTES LTDA;Filial;São Paulo;SP;São Paulo;SP;;715.91;715.91
6579;1;09/09/2026;JG ALVES TRANSPORTES LTDA;Filial;São Paulo;SP;Osasco;SP;705.6;715.91;10.31
6604;1;13/09/2026;JG ALVES TRANSPORTES LTDA;Filial;São Paulo;SP;Suzano;SP;884.8;897.73;12.93
6589;1;09/09/2026;JG ALVES TRANSPORTES LTDA;Filial;São Paulo;SP;Guarulhos;SP;67.2;67.2;
6568;1;09/09/2026;JG ALVES TRANSPORTES LTDA;Filial;São Paulo;SP;Barueri;SP;884.8;897.73;12.93
438;2;17/09/2026;TONI TRANSPORTES E LOGISTICA LTDA;Filial;São Paulo;SP;Osasco;SP;2510;2510;
436;2;17/09/2026;TONI TRANSPORTES E LOGISTICA LTDA;Filial;São Paulo;SP;Taboão da Serra;SP;2510;0.01;-2509.99
455;2;22/09/2026;TONI TRANSPORTES E LOGISTICA LTDA;Filial;São Paulo;SP;Jandira;SP;2531;2531;
456;2;22/09/2026;TONI TRANSPORTES E LOGISTICA LTDA;Filial;São Paulo;SP;Santa Bárbara d'Oeste;SP;809.2;809.2;
457;2;22/09/2026;TONI TRANSPORTES E LOGISTICA LTDA;Filial;São Paulo;SP;Guarulhos;SP;595;595;
150390;1;10/09/2026;MAJO - COTIA;Filial;São Paulo;SP;Cafelândia;SP;360.09;360.11;0.02
2488;1;02/09/2026;PRIMESERV LOGISTICA E SERVICOS LTDA;Filial;São Paulo;SP;Além Paraíba;MG;335.45;335.45;
740939;0;04/09/2026;SJBICAS - EXPRESSO RODOMINAS LTDA;Filial;São Paulo;SP;Carmo do Cajuru;MG;2705.36;2705.36;
491207;2;12/09/2026;TRANSPORTADORA KARAVAGGIO LTDA;Okker;São Paulo;SP;Curitiba;PR;606.41;602.89;-3.52
491209;2;12/09/2026;TRANSPORTADORA KARAVAGGIO LTDA;Okker;São Paulo;SP;Curitiba;PR;868.41;801.56;-66.85
151268;1;17/09/2026;MAJO - COTIA;Filial;São Paulo;SP;Conchal;SP;152.39;146.94;-5.45
151271;1;17/09/2026;MAJO - COTIA;Filial;São Paulo;SP;Pindamonhangaba;SP;159.99;154.55;-5.44
151270;1;17/09/2026;MAJO - COTIA;Filial;São Paulo;SP;Caraguatatuba;SP;160.16;154.7;-5.46
151264;1;17/09/2026;MAJO - COTIA;Filial;São Paulo;SP;Rio Claro;SP;160.39;154.94;-5.45
151200;1;16/09/2026;MAJO - COTIA;Filial;São Paulo;SP;Garça;SP;359.72;359.72;
151197;1;16/09/2026;MAJO - COTIA;Filial;São Paulo;SP;Pirajuí;SP;153.02;153.02;
151359;1;17/09/2026;MAJO - COTIA;Filial;São Paulo;SP;São Carlos;SP;1452.24;1452.24;
151364;1;17/09/2026;MAJO - COTIA;Filial;São Paulo;SP;Ribeirão Preto;SP;753.3;753.3;
151400;1;18/09/2026;MAJO - COTIA;Filial;São Paulo;SP;Pereira Barreto;SP;751.14;751.14;
151358;1;17/09/2026;MAJO - COTIA;Filial;São Paulo;SP;São Carlos;SP;152.67;152.67;
742618;0;18/09/2026;SJBICAS - EXPRESSO RODOMINAS LTDA;Filial;São Paulo;SP;Contagem;MG;266.75;266.74;-0.01
742257;0;16/09/2026;SJBICAS - EXPRESSO RODOMINAS LTDA;Filial;São Paulo;SP;Contagem;MG;514.47;514.47;
742256;0;16/09/2026;SJBICAS - EXPRESSO RODOMINAS LTDA;Filial;São Paulo;SP;São Sebastião do Paraíso;MG;287.38;287.38;
742615;0;18/09/2026;SJBICAS - EXPRESSO RODOMINAS LTDA;Filial;São Paulo;SP;Uberaba;MG;605.83;605.83;
742614;0;18/09/2026;SJBICAS - EXPRESSO RODOMINAS LTDA;Filial;São Paulo;SP;Uberlândia;MG;1955.72;2074.72;119
742433;0;17/09/2026;SJBICAS - EXPRESSO RODOMINAS LTDA;Filial;São Paulo;SP;Divinópolis;MG;275.23;275.23;
742259;0;16/09/2026;SJBICAS - EXPRESSO RODOMINAS LTDA;Filial;São Paulo;SP;São Sebastião do Paraíso;MG;279.01;353.67;74.66
742620;0;18/09/2026;SJBICAS - EXPRESSO RODOMINAS LTDA;Filial;São Paulo;SP;Sete Lagoas;MG;268.26;412.58;144.32
742436;0;17/09/2026;SJBICAS - EXPRESSO RODOMINAS LTDA;Filial;São Paulo;SP;Ribeirão das Neves;MG;412.84;412.84;
742435;0;17/09/2026;SJBICAS - EXPRESSO RODOMINAS LTDA;Filial;São Paulo;SP;Ribeirão das Neves;MG;68.81;68.81;
742616;0;18/09/2026;SJBICAS - EXPRESSO RODOMINAS LTDA;Filial;São Paulo;SP;São Sebastião do Paraíso;MG;279.01;279.01;
742432;0;17/09/2026;SJBICAS - EXPRESSO RODOMINAS LTDA;Filial;São Paulo;SP;Carmo do Cajuru;MG;275.23;275.23;
742619;0;18/09/2026;SJBICAS - EXPRESSO RODOMINAS LTDA;Filial;São Paulo;SP;Belo Horizonte;MG;266.75;266.74;-0.01
491821;2;16/09/2026;TRANSPORTADORA KARAVAGGIO LTDA;Filial;São Paulo;SP;Porto Alegre;RS;49.43;49.43;
491914;2;16/09/2026;TRANSPORTADORA KARAVAGGIO LTDA;Filial;São Paulo;SP;Curitiba;PR;94.32;94.32;
445;2;18/09/2026;TONI TRANSPORTES E LOGISTICA LTDA;Filial;São Paulo;SP;Diadema;SP;1011.5;1011.5;
491822;2;16/09/2026;TRANSPORTADORA KARAVAGGIO LTDA;Filial;São Paulo;SP;Gravataí;RS;34.09;34.09;
491915;2;16/09/2026;TRANSPORTADORA KARAVAGGIO LTDA;Filial;São Paulo;SP;Curitiba;PR;94.32;94.32;
36;1;17/09/2026;TRANS GONCALVES TRANSPORTES LTDA;Filial;São Paulo;SP;Jacareí;SP;468;468;
491916;2;16/09/2026;TRANSPORTADORA KARAVAGGIO LTDA;Filial;São Paulo;SP;Wenceslau Braz;PR;188.64;188.64;
742622;0;18/09/2026;SJBICAS - EXPRESSO RODOMINAS LTDA;Filial;São Paulo;SP;Betim;MG;794.07;794.07;
742617;0;18/09/2026;SJBICAS - EXPRESSO RODOMINAS LTDA;Filial;São Paulo;SP;Contagem;MG;509.59;509.59;
742621;0;18/09/2026;SJBICAS - EXPRESSO RODOMINAS LTDA;Filial;São Paulo;SP;Contagem;MG;385.75;385.74;-0.01
42985;1;18/09/2026;AVJS TRANSPORTES LTDA;Filial;São Paulo;SP;Osasco;SP;2420;1562;-858
42969;1;16/09/2026;AVJS TRANSPORTES LTDA;Filial;São Paulo;SP;São Paulo;SP;799.13;1408;608.87
42967;1;16/09/2026;AVJS TRANSPORTES LTDA;Filial;São Paulo;SP;Itapecerica da Serra;SP;2420;2420;
42981;1;17/09/2026;AVJS TRANSPORTES LTDA;Filial;São Paulo;SP;São Paulo;SP;2420;2420;
391;1;17/09/2026;ANDERSON FERREIRA RIBEIRO TRANSPORTES;Filial;São Paulo;SP;Avaré;SP;;2045.45;
42989;1;18/09/2026;AVJS TRANSPORTES LTDA;Filial;São Paulo;SP;São Bernardo do Campo;SP;1100;1100;
40;1;18/09/2026;TRANS GONCALVES TRANSPORTES LTDA;Filial;São Paulo;SP;Jacareí;SP;468;468;
431;2;16/09/2026;TONI TRANSPORTES E LOGISTICA LTDA;Filial;São Paulo;SP;Jacareí;SP;3675.5;3675.5;
1525;1;17/09/2026;V L V DA SILVA E CIA LTDA;Matriz;São Paulo;SP;Santa Isabel do Ivaí;PR;;2239.66;
307997;1;17/09/2026;TRANSPORTES SONDA LTDA;Filial;São Paulo;SP;São Bernardo do Campo;SP;;1309.28;1309.28
433;2;17/09/2026;TONI TRANSPORTES E LOGISTICA LTDA;Filial;São Paulo;SP;Franco da Rocha;SP;1071;1071;
458;2;22/09/2026;TONI TRANSPORTES E LOGISTICA LTDA;Filial;São Paulo;SP;Guarulhos;SP;737.8;737.8;
442;2;18/09/2026;TONI TRANSPORTES E LOGISTICA LTDA;Filial;São Paulo;SP;Diadema;SP;2510;2510;
437;2;17/09/2026;TONI TRANSPORTES E LOGISTICA LTDA;Filial;São Paulo;SP;Barueri;SP;2531;2531;
443;2;18/09/2026;TONI TRANSPORTES E LOGISTICA LTDA;Filial;São Paulo;SP;Santa Bárbara d'Oeste;SP;3615;3615;
435;2;17/09/2026;TONI TRANSPORTES E LOGISTICA LTDA;Filial;São Paulo;SP;Taboão da Serra;SP;2510;2510;
446;2;18/09/2026;TONI TRANSPORTES E LOGISTICA LTDA;Filial;São Paulo;SP;Taboão da Serra;SP;1309;1309;
434;2;17/09/2026;TONI TRANSPORTES E LOGISTICA LTDA;Filial;São Paulo;SP;Jacareí;SP;495.04;495.04;
254019;1;16/09/2026;RORAIMA LOGISTICA EIRELI;Filial;São Paulo;SP;Brasília;DF;164.65;558.57;393.92
447;2;18/09/2026;TONI TRANSPORTES E LOGISTICA LTDA;Filial;São Paulo;SP;Taboão da Serra;SP;1428;1428;
254018;1;16/09/2026;RORAIMA LOGISTICA EIRELI;Filial;São Paulo;SP;Aparecida de Goiânia;GO;641.89;811.01;169.12
254017;1;16/09/2026;RORAIMA LOGISTICA EIRELI;Filial;São Paulo;SP;Alvorada;TO;1270.04;1579.87;309.83
35775;1;18/09/2026;CIA CARGAS TRASNPORTES E LOGISTICA  EIRELI;Filial;São Paulo;SP;Porto Alegre;RS;8910;8650;-260
34;1;16/09/2026;TRANS GONCALVES TRANSPORTES LTDA;Filial;São Paulo;SP;Cajamar;SP;2400;2530.5;130.5
35;1;17/09/2026;TRANS GONCALVES TRANSPORTES LTDA;Filial;São Paulo;SP;Osasco;SP;;2300;
30;1;16/09/2026;TRANS GONCALVES TRANSPORTES LTDA;Filial;São Paulo;SP;Jacareí;SP;2650;2863.78;213.78
151276;1;17/09/2026;MAJO - COTIA;Filial;São Paulo;SP;Araraquara;SP;151.64;151.67;0.03
25;1;15/09/2026;TRANS GONCALVES TRANSPORTES LTDA;Filial;São Paulo;SP;Embu das Artes;SP;2513.78;2300;-213.78
151274;1;17/09/2026;MAJO - COTIA;Filial;São Paulo;SP;Manduri;SP;205.45;149.28;-56.17
38;1;17/09/2026;TRANS GONCALVES TRANSPORTES LTDA;Filial;São Paulo;SP;Osasco;SP;332.24;332.24;
37;1;17/09/2026;TRANS GONCALVES TRANSPORTES LTDA;Filial;São Paulo;SP;Cajamar;SP;532;532;
111;1;18/09/2026;TRYGG CARGO TRANSPORTE E LOGISTICA LTDA;Filial;São Paulo;SP;São Paulo;SP;1137.04;1137.04;
39;1;17/09/2026;TRANS GONCALVES TRANSPORTES LTDA;Filial;São Paulo;SP;Jacareí;SP;2650;2863.78;213.78
739095;0;21/08/2026;SJBICAS - EXPRESSO RODOMINAS LTDA;Filial;São Paulo;SP;Belo Horizonte;MG;458.64;458.64;
35234;1;01/09/2026;CIA CARGAS TRASNPORTES E LOGISTICA  EIRELI;Filial;São Paulo;SP;Vitória;ES;;32.88;
399;2;08/09/2026;TONI TRANSPORTES E LOGISTICA LTDA;Filial;São Paulo;SP;São Bernardo do Campo;SP;2510;2510;
149657;1;02/09/2026;MAJO - COTIA;Filial;São Paulo;SP;Cruzeiro;SP;155.36;149.92;-5.44
149654;1;02/09/2026;MAJO - COTIA;Filial;São Paulo;SP;Ribeirão Preto;SP;418.08;418.09;0.01
149661;1;02/09/2026;MAJO - COTIA;Filial;São Paulo;SP;Guaratinguetá;SP;150.83;145.4;-5.43
740938;0;04/09/2026;SJBICAS - EXPRESSO RODOMINAS LTDA;Filial;São Paulo;SP;Belo Horizonte;MG;266.75;266.74;-0.01
740064;0;28/08/2026;SJBICAS - EXPRESSO RODOMINAS LTDA;Filial;São Paulo;SP;Poços de Caldas;MG;279.01;279.01;
738609;0;18/08/2026;SJBICAS - EXPRESSO RODOMINAS LTDA;Filial;São Paulo;SP;Guanhães;MG;303.74;303.74;
739600;0;26/08/2026;SJBICAS - EXPRESSO RODOMINAS LTDA;Filial;São Paulo;SP;Contagem;MG;5164.92;5164.92;
738529;0;18/08/2026;SJBICAS - EXPRESSO RODOMINAS LTDA;Filial;São Paulo;SP;Contagem;MG;673.92;673.92;
739065;0;21/08/2026;SJBICAS - EXPRESSO RODOMINAS LTDA;Filial;São Paulo;SP;São João Evangelista;MG;304.74;304.74;
739597;0;26/08/2026;SJBICAS - EXPRESSO RODOMINAS LTDA;Filial;São Paulo;SP;Três Pontas;MG;279.01;398.01;119
738847;0;20/08/2026;SJBICAS - EXPRESSO RODOMINAS LTDA;Filial;São Paulo;SP;Coronel Fabriciano;MG;416.36;416.36;
738849;0;20/08/2026;SJBICAS - EXPRESSO RODOMINAS LTDA;Filial;São Paulo;SP;São Sebastião do Paraíso;MG;287.83;287.83;
738528;0;18/08/2026;SJBICAS - EXPRESSO RODOMINAS LTDA;Filial;São Paulo;SP;Timóteo;MG;294.98;413.98;119
739595;0;26/08/2026;SJBICAS - EXPRESSO RODOMINAS LTDA;Filial;São Paulo;SP;São Lourenço;MG;280.91;399.91;119
740063;0;28/08/2026;SJBICAS - EXPRESSO RODOMINAS LTDA;Filial;São Paulo;SP;São Lourenço;MG;829.41;948.41;119
738844;0;20/08/2026;SJBICAS - EXPRESSO RODOMINAS LTDA;Filial;São Paulo;SP;Juiz de Fora;MG;2780.77;2780.77;
740065;0;28/08/2026;SJBICAS - EXPRESSO RODOMINAS LTDA;Filial;São Paulo;SP;Contagem;MG;406.2;406.2;
738527;0;18/08/2026;SJBICAS - EXPRESSO RODOMINAS LTDA;Filial;São Paulo;SP;Muzambinho;MG;399.91;399.91;
739598;0;26/08/2026;SJBICAS - EXPRESSO RODOMINAS LTDA;Filial;São Paulo;SP;Três Pontas;MG;279.01;398.01;119
738526;0;18/08/2026;SJBICAS - EXPRESSO RODOMINAS LTDA;Filial;São Paulo;SP;Monte Sião;MG;280.91;399.91;119
738845;0;20/08/2026;SJBICAS - EXPRESSO RODOMINAS LTDA;Filial;São Paulo;SP;Contagem;MG;2368.18;2368.18;
739064;0;21/08/2026;SJBICAS - EXPRESSO RODOMINAS LTDA;Filial;São Paulo;SP;Uberlândia;MG;464.52;464.52;
149662;1;02/09/2026;MAJO - COTIA;Filial;São Paulo;SP;São Sebastião;SP;270.33;262.68;-7.65
150724;1;11/09/2026;MAJO - COTIA;Filial;São Paulo;SP;Bauru;SP;3589.38;3589.41;0.03
150736;1;11/09/2026;MAJO - COTIA;Filial;São Paulo;SP;São José do Rio Preto;SP;2156.24;2156.24;
43029;1;22/09/2026;AVJS TRANSPORTES LTDA;Filial;São Paulo;SP;Diadema;SP;163.11;163.11;
150425;1;10/09/2026;MAJO - COTIA;Filial;São Paulo;SP;Araras;SP;153.08;147.66;-5.42
150399;1;10/09/2026;MAJO - COTIA;Filial;São Paulo;SP;Marília;SP;2193.22;2193.23;0.01
150407;1;10/09/2026;MAJO - COTIA;Filial;São Paulo;SP;Pirajuí;SP;357.53;153.02;-204.51
151265;1;17/09/2026;MAJO - COTIA;Filial;São Paulo;SP;Ilhabela;SP;804.08;787.23;-16.85
151266;1;17/09/2026;MAJO - COTIA;Filial;São Paulo;SP;Ilhabela;SP;652.38;639.69;-12.69
151275;1;17/09/2026;MAJO - COTIA;Filial;São Paulo;SP;Santa Rita do Passa Quatro;SP;242.09;242.1;0.01
150725;1;11/09/2026;MAJO - COTIA;Filial;São Paulo;SP;Caraguatatuba;SP;397.38;386.11;-11.27
149877;1;03/09/2026;MAJO - COTIA;Filial;Ribeirão Preto;SP;São Paulo;SP;1349.63;1543.53;193.9
149740;1;02/09/2026;MAJO - COTIA;Filial;São Paulo;SP;Araraquara;SP;1836.07;1836.07;
150815;1;14/09/2026;MAJO - COTIA;Filial;São Paulo;SP;Mirassol;SP;2590.91;2590.92;0.01
97;1;03/09/2026;TRYGG CARGO TRANSPORTE E LOGISTICA LTDA;Filial;São Paulo;SP;Mogi das Cruzes;SP;704.56;718.63;14.07
150436;1;10/09/2026;MAJO - COTIA;Filial;São Paulo;SP;Lorena;SP;;1000.73;1000.73
488457;2;31/08/2026;TRANSPORTADORA KARAVAGGIO LTDA;Filial;São Paulo;SP;Santo Ângelo;RS;188.64;188.64;
488460;2;31/08/2026;TRANSPORTADORA KARAVAGGIO LTDA;Filial;São Paulo;SP;Pelotas;RS;188.64;188.64;
488456;2;31/08/2026;TRANSPORTADORA KARAVAGGIO LTDA;Filial;São Paulo;SP;Curitiba;PR;188.64;188.64;
488463;2;31/08/2026;TRANSPORTADORA KARAVAGGIO LTDA;Okker;São Paulo;SP;Maringá;PR;94.32;94.32;
488462;2;31/08/2026;TRANSPORTADORA KARAVAGGIO LTDA;Okker;São Paulo;SP;Londrina;PR;94.32;94.32;
488459;2;31/08/2026;TRANSPORTADORA KARAVAGGIO LTDA;Filial;São Paulo;SP;Gravataí;RS;282.95;282.95;
740398;0;31/08/2026;SJBICAS - EXPRESSO RODOMINAS LTDA;Filial;São Paulo;SP;Belo Horizonte;MG;458.64;458.64;
488458;2;31/08/2026;TRANSPORTADORA KARAVAGGIO LTDA;Filial;São Paulo;SP;Porto Alegre;RS;377.27;377.27;
488455;2;31/08/2026;TRANSPORTADORA KARAVAGGIO LTDA;Filial;São Paulo;SP;Porto Alegre;RS;377.27;377.27;
2225;1;04/09/2026;SANTA CRUZ TRANSPORTES E LOGISTICA LTDA;Filial;São Paulo;SP;Nossa Senhora do Socorro;SE;;1289.02;
6547;1;08/09/2026;JG ALVES TRANSPORTES LTDA;Filial;São Paulo;SP;Diadema;SP;246.4;246.4;
150727;1;11/09/2026;MAJO - COTIA;Filial;São Paulo;SP;Ubatuba;SP;425.68;419.43;-6.25
150409;1;10/09/2026;MAJO - COTIA;Filial;São Paulo;SP;Garça;SP;355.22;355.24;0.02
150411;1;10/09/2026;MAJO - COTIA;Filial;São Paulo;SP;São José do Rio Preto;SP;360.74;360.77;0.03
306728;1;31/08/2026;TRANSPORTES SONDA LTDA;Filial;São Paulo;SP;São Bernardo do Campo;SP;;1309.28;
306756;1;31/08/2026;TRANSPORTES SONDA LTDA;Filial;São Paulo;SP;São Bernardo do Campo;SP;;1309.28;
150420;1;10/09/2026;MAJO - COTIA;Filial;São Paulo;SP;Novo Horizonte;SP;416.53;416.55;0.02
488466;2;31/08/2026;TRANSPORTADORA KARAVAGGIO LTDA;Okker;São Paulo;SP;Londrina;PR;94.32;94.32;
372;2;31/08/2026;TONI TRANSPORTES E LOGISTICA LTDA;Filial;São Paulo;SP;Diadema;SP;952;952;
373;2;31/08/2026;TONI TRANSPORTES E LOGISTICA LTDA;Filial;São Paulo;SP;São Roque;SP;476;476;
488465;2;31/08/2026;TRANSPORTADORA KARAVAGGIO LTDA;Okker;São Paulo;SP;Maringá;PR;94.32;94.32;
488464;2;31/08/2026;TRANSPORTADORA KARAVAGGIO LTDA;Okker;São Paulo;SP;Foz do Iguaçu;PR;94.32;94.32;
252115;1;31/08/2026;RORAIMA LOGISTICA EIRELI;Filial;São Paulo;SP;Aquidauana;MS;779.67;973.81;194.14
741446;0;10/09/2026;SJBICAS - EXPRESSO RODOMINAS LTDA;Filial;São Paulo;SP;Pouso Alegre;MG;4601.5;4601.5;
370;2;31/08/2026;TONI TRANSPORTES E LOGISTICA LTDA;Filial;São Paulo;SP;São Roque;SP;3263;3263;
252111;1;31/08/2026;RORAIMA LOGISTICA EIRELI;Filial;São Paulo;SP;Anastácio;MS;953.58;1193.16;239.58
149256;1;31/08/2026;MAJO - COTIA;Filial;São Paulo;SP;Presidente Prudente;SP;2280.11;2214.95;-65.16
429;2;15/09/2026;TONI TRANSPORTES E LOGISTICA LTDA;Filial;São Paulo;SP;Praia Grande;SP;547.4;547.4;
6546;1;08/09/2026;JG ALVES TRANSPORTES LTDA;Filial;São Paulo;SP;Diadema;SP;1108.8;1125;16.2
149452;1;31/08/2026;MAJO - COTIA;Filial;São Paulo;SP;Itapeva;SP;1390.82;651.14;-739.68
149263;1;31/08/2026;MAJO - COTIA;Filial;São Paulo;SP;São José do Rio Preto;SP;1796.89;1796.92;0.03
149259;1;31/08/2026;MAJO - COTIA;Filial;São Paulo;SP;Araraquara;SP;2876.99;2877;0.01
149258;1;31/08/2026;MAJO - COTIA;Filial;São Paulo;SP;Caraguatatuba;SP;683.97;465.82;-218.15
149261;1;31/08/2026;MAJO - COTIA;Filial;São Paulo;SP;Bauru;SP;3209.73;3209.73;
149257;1;31/08/2026;MAJO - COTIA;Filial;São Paulo;SP;Araçatuba;SP;3989.38;3870.51;-118.87
149260;1;31/08/2026;MAJO - COTIA;Filial;São Paulo;SP;São José do Rio Preto;SP;2156.2;2156.24;0.04
740942;0;04/09/2026;SJBICAS - EXPRESSO RODOMINAS LTDA;Filial;São Paulo;SP;Governador Valadares;MG;297.36;297.36;
149262;1;31/08/2026;MAJO - COTIA;Filial;São Paulo;SP;Itapetininga;SP;13.57;155.14;141.57
149423;1;31/08/2026;MAJO - COTIA;Filial;São Paulo;SP;Hortolândia;SP;469.94;68.18;-401.76
6474;1;31/08/2026;JG ALVES TRANSPORTES LTDA;Filial;São Paulo;SP;Diadema;SP;996.8;1011.36;14.56
6503;1;31/08/2026;JG ALVES TRANSPORTES LTDA;Filial;São Paulo;SP;Santo André;SP;168;168;
6494;1;31/08/2026;JG ALVES TRANSPORTES LTDA;Filial;São Paulo;SP;Santo André;SP;996.8;1011.36;14.56
151065;1;15/09/2026;MAJO - COTIA;Filial;São Paulo;SP;Ribeirão Preto;SP;2178.95;2178.97;0.02
6561;1;09/09/2026;JG ALVES TRANSPORTES LTDA;Filial;São Paulo;SP;Arujá;SP;884.8;897.73;12.93
490047;2;04/09/2026;TRANSPORTADORA KARAVAGGIO LTDA;Filial;São Paulo;SP;São José;SC;1172.1;1248;75.9
151058;1;15/09/2026;MAJO - COTIA;Filial;São Paulo;SP;Artur Nogueira;SP;258.45;251.18;-7.27
151056;1;15/09/2026;MAJO - COTIA;Filial;São Paulo;SP;Barretos;SP;4560.25;4560.28;0.03
740940;0;04/09/2026;SJBICAS - EXPRESSO RODOMINAS LTDA;Filial;São Paulo;SP;Divinópolis;MG;2755.83;2755.83;
491210;2;12/09/2026;TRANSPORTADORA KARAVAGGIO LTDA;Okker;São Paulo;SP;Curitiba;PR;945.08;858.56;-86.52
740941;0;04/09/2026;SJBICAS - EXPRESSO RODOMINAS LTDA;Filial;São Paulo;SP;Belo Horizonte;MG;2296.8;2296.8;
6479;1;31/08/2026;JG ALVES TRANSPORTES LTDA;Filial;São Paulo;SP;Diadema;SP;145.6;145.6;
6475;1;31/08/2026;JG ALVES TRANSPORTES LTDA;Filial;São Paulo;SP;Diadema;SP;884.8;897.73;12.93
6484;1;31/08/2026;JG ALVES TRANSPORTES LTDA;Filial;São Paulo;SP;Cotia;SP;996.8;1517.04;520.24
491202;2;12/09/2026;TRANSPORTADORA KARAVAGGIO LTDA;Filial;São Paulo;SP;Gravataí;RS;2404.6;1861.97;-542.63
741005;0;04/09/2026;SJBICAS - EXPRESSO RODOMINAS LTDA;Filial;São Paulo;SP;Contagem;MG;2366.55;511.9;-1854.65
741448;0;10/09/2026;SJBICAS - EXPRESSO RODOMINAS LTDA;Filial;São Paulo;SP;Ribeirão das Neves;MG;268.26;387.26;119
741681;0;11/09/2026;SJBICAS - EXPRESSO RODOMINAS LTDA;Filial;São Paulo;SP;Contagem;MG;266.75;266.74;-0.01
741444;0;10/09/2026;SJBICAS - EXPRESSO RODOMINAS LTDA;Filial;São Paulo;SP;Ribeirão das Neves;MG;4613.77;4732.77;119
741447;0;10/09/2026;SJBICAS - EXPRESSO RODOMINAS LTDA;Filial;São Paulo;SP;Montes Claros;MG;392.2;592.39;200.19
491206;2;12/09/2026;TRANSPORTADORA KARAVAGGIO LTDA;Okker;São Paulo;SP;Londrina;PR;721.28;776.72;55.44
491212;2;12/09/2026;TRANSPORTADORA KARAVAGGIO LTDA;Okker;São Paulo;SP;Londrina;PR;784.28;839.72;55.44
491204;2;12/09/2026;TRANSPORTADORA KARAVAGGIO LTDA;Okker;São Paulo;SP;Maringá;PR;1088.07;1143.5;55.43
491205;2;12/09/2026;TRANSPORTADORA KARAVAGGIO LTDA;Okker;São Paulo;SP;Curitiba;PR;995.2;895.35;-99.85
35203;1;01/09/2026;CIA CARGAS TRASNPORTES E LOGISTICA  EIRELI;Filial;São Paulo;SP;Vitória;ES;;112.58;
491211;2;12/09/2026;TRANSPORTADORA KARAVAGGIO LTDA;Okker;São Paulo;SP;Foz do Iguaçu;PR;902;957.43;55.43
491208;2;12/09/2026;TRANSPORTADORA KARAVAGGIO LTDA;Okker;São Paulo;SP;Maringá;PR;785.45;840.89;55.44
491213;2;12/09/2026;TRANSPORTADORA KARAVAGGIO LTDA;Okker;São Paulo;SP;Curitiba;PR;666.57;646.57;-20
35215;1;01/09/2026;CIA CARGAS TRASNPORTES E LOGISTICA  EIRELI;Filial;São Paulo;SP;Vila Velha;ES;;4.24;
6562;1;09/09/2026;JG ALVES TRANSPORTES LTDA;Filial;São Paulo;SP;São Paulo;SP;;715.91;715.91
149660;1;02/09/2026;MAJO - COTIA;Filial;São Paulo;SP;Analândia;SP;246.91;246.94;0.03
149663;1;02/09/2026;MAJO - COTIA;Filial;São Paulo;SP;Rio Claro;SP;156.7;151.25;-5.45
35207;1;01/09/2026;CIA CARGAS TRASNPORTES E LOGISTICA  EIRELI;Filial;São Paulo;SP;Aracruz;ES;;282.59;
35206;1;01/09/2026;CIA CARGAS TRASNPORTES E LOGISTICA  EIRELI;Filial;São Paulo;SP;Cariacica;ES;;39.03;
35204;1;01/09/2026;CIA CARGAS TRASNPORTES E LOGISTICA  EIRELI;Filial;São Paulo;SP;Aracruz;ES;;111.14;
35208;1;01/09/2026;CIA CARGAS TRASNPORTES E LOGISTICA  EIRELI;Filial;São Paulo;SP;Linhares;ES;;282.59;
6570;1;09/09/2026;JG ALVES TRANSPORTES LTDA;Filial;São Paulo;SP;Rio Grande da Serra;SP;884.8;1011.36;126.56
6560;1;09/09/2026;JG ALVES TRANSPORTES LTDA;Filial;São Paulo;SP;Osasco;SP;705.6;715.91;10.31
6569;1;09/09/2026;JG ALVES TRANSPORTES LTDA;Filial;São Paulo;SP;Guarulhos;SP;996.8;1011.36;14.56
150813;1;14/09/2026;MAJO - COTIA;Filial;São Paulo;SP;Cosmópolis;SP;515.65;506.8;-8.85
151060;1;15/09/2026;MAJO - COTIA;Filial;São Paulo;SP;Ribeirão Preto;SP;1322.66;1322.66;
150817;1;14/09/2026;MAJO - COTIA;Filial;São Paulo;SP;Franca;SP;272.42;272.44;0.02
150723;1;11/09/2026;MAJO - COTIA;Filial;São Paulo;SP;Caraguatatuba;SP;516;302.83;-213.17
35233;1;01/09/2026;CIA CARGAS TRASNPORTES E LOGISTICA  EIRELI;Filial;São Paulo;SP;Serra;ES;;19.98;
35232;1;01/09/2026;CIA CARGAS TRASNPORTES E LOGISTICA  EIRELI;Filial;São Paulo;SP;Vitória;ES;;56.59;
151057;1;15/09/2026;MAJO - COTIA;Filial;São Paulo;SP;Leme;SP;243.8;236.92;-6.88
42896;1;09/09/2026;AVJS TRANSPORTES LTDA;Filial;São Paulo;SP;Cotia;SP;2420;2640;220
377;1;01/09/2026;ANDERSON FERREIRA RIBEIRO TRANSPORTES;Filial;São Paulo;SP;Diadema;SP;2045.45;2045.45;
156822;2;11/09/2026;T.G LOGISTICA E TRANSPORTES;Okker;São Paulo;SP;Rio de Janeiro;RJ;909.34;909.34;
382;1;08/09/2026;ANDERSON FERREIRA RIBEIRO TRANSPORTES;Filial;São Paulo;SP;Sumaré;SP;3068.18;3231.82;163.64
149658;1;02/09/2026;MAJO - COTIA;Filial;São Paulo;SP;São Sebastião;SP;237.72;231.01;-6.71
306928;1;02/09/2026;TRANSPORTES SONDA LTDA;Filial;São Paulo;SP;São Bernardo do Campo;SP;;1309.28;
387;1;14/09/2026;ANDERSON FERREIRA RIBEIRO TRANSPORTES;Filial;São Paulo;SP;Itapevi;SP;2045.45;2125;79.55
252733;1;04/09/2026;RORAIMA LOGISTICA EIRELI;Filial;São Paulo;SP;Guaraí;TO;1763.04;2142.97;379.93
386;1;11/09/2026;ANDERSON FERREIRA RIBEIRO TRANSPORTES;Filial;São Paulo;SP;Vargem Grande Paulista;SP;472.73;472.73;
252737;1;04/09/2026;RORAIMA LOGISTICA EIRELI;Filial;São Paulo;SP;Anápolis;GO;789.91;986.77;196.86
156667;2;03/09/2026;T.G LOGISTICA E TRANSPORTES;Filial;São Paulo;SP;Volta Redonda;RJ;482.77;482.77;
385;1;11/09/2026;ANDERSON FERREIRA RIBEIRO TRANSPORTES;Filial;São Paulo;SP;Itapecerica da Serra;SP;532.95;532.95;
43014;1;21/09/2026;AVJS TRANSPORTES LTDA;Filial;São Paulo;SP;Itaquaquecetuba;SP;;1540;1540
150737;1;14/09/2026;MAJO - COTIA;Filial;Rio Claro;SP;São Paulo;SP;474.33;466.7;-7.63
151053;1;15/09/2026;MAJO - COTIA;Filial;São Paulo;SP;Catanduva;SP;3051.6;3051.63;0.03
253250;1;10/09/2026;RORAIMA LOGISTICA EIRELI;Filial;São Paulo;SP;Dourados;MS;2417.07;3162.57;745.5
706;12;11/09/2026;LOGUBER GESTAO EM TRANSPORTES EIRELI;Filial;São Paulo;SP;Santo André;SP;439.81;808.02;368.21
253281;1;10/09/2026;RORAIMA LOGISTICA EIRELI;Filial;São Paulo;SP;Campo Grande;MS;1220.39;1764.24;543.85
253284;1;10/09/2026;RORAIMA LOGISTICA EIRELI;Filial;São Paulo;SP;Campo Grande;MS;1145.33;1677.87;532.54
253289;1;10/09/2026;RORAIMA LOGISTICA EIRELI;Filial;São Paulo;SP;Campo Grande;MS;681.02;1143.67;462.65
150716;1;11/09/2026;MAJO - COTIA;Filial;São Paulo;SP;Paraibuna;SP;368.31;362.84;-5.47
253309;1;10/09/2026;RORAIMA LOGISTICA EIRELI;Filial;São Paulo;SP;Campo Grande;MS;1508.72;2095.97;587.25
43030;1;22/09/2026;AVJS TRANSPORTES LTDA;Filial;São Paulo;SP;Diadema;SP;550;550;
150013;1;04/09/2026;MAJO - COTIA;Filial;São Paulo;SP;Iperó;SP;222.73;216.36;-6.37
253322;1;10/09/2026;RORAIMA LOGISTICA EIRELI;Filial;São Paulo;SP;Três Lagoas;MS;1620.06;2245.58;625.52
374;2;01/09/2026;TONI TRANSPORTES E LOGISTICA LTDA;Matriz;São Paulo;SP;Itapevi;SP;2531;2510;-21
149678;1;02/09/2026;MAJO - COTIA;Filial;São Paulo;SP;Amparo;SP;358.41;352.98;-5.43
150017;1;04/09/2026;MAJO - COTIA;Filial;São Paulo;SP;São Carlos;SP;478.23;478.26;0.03
150393;1;10/09/2026;MAJO - COTIA;Filial;São Paulo;SP;Garça;SP;359.68;359.72;0.04
149670;1;02/09/2026;MAJO - COTIA;Filial;São Paulo;SP;Rio Claro;SP;155.45;150.01;-5.44
150400;1;10/09/2026;MAJO - COTIA;Filial;São Paulo;SP;Votuporanga;SP;360.74;360.77;0.03
403;2;08/09/2026;TONI TRANSPORTES E LOGISTICA LTDA;Filial;São Paulo;SP;São Bernardo do Campo;SP;1979.2;1979.2;
149676;1;02/09/2026;MAJO - COTIA;Filial;São Paulo;SP;Rio Claro;SP;155.78;150.35;-5.43
150389;1;10/09/2026;MAJO - COTIA;Filial;São Paulo;SP;Osvaldo Cruz;SP;356.25;356.28;0.03
150397;1;10/09/2026;MAJO - COTIA;Filial;São Paulo;SP;Promissão;SP;355.95;355.98;0.03
150441;1;10/09/2026;MAJO - COTIA;Filial;São Paulo;SP;Caraguatatuba;SP;;215.07;215.07
150394;1;10/09/2026;MAJO - COTIA;Filial;São Paulo;SP;São José do Rio Preto;SP;156.19;360.77;204.58
150395;1;10/09/2026;MAJO - COTIA;Filial;São Paulo;SP;São José do Rio Preto;SP;360.74;360.77;0.03
150717;1;11/09/2026;MAJO - COTIA;Filial;São Paulo;SP;Américo Brasiliense;SP;326.78;326.8;0.02
410;2;10/09/2026;TONI TRANSPORTES E LOGISTICA LTDA;Filial;São Paulo;SP;Arujá;SP;856.8;856.8;
398;2;07/09/2026;TONI TRANSPORTES E LOGISTICA LTDA;Filial;São Paulo;SP;São José do Rio Preto;SP;7755;7755;
394;2;05/09/2026;TONI TRANSPORTES E LOGISTICA LTDA;Filial;São Paulo;SP;São José do Rio Preto;SP;1428;1428;
149664;1;02/09/2026;MAJO - COTIA;Filial;São Paulo;SP;Pedreira;SP;480.91;473.09;-7.82
407;2;10/09/2026;TONI TRANSPORTES E LOGISTICA LTDA;Filial;São Paulo;SP;São José dos Campos;SP;514.41;514.41;
405;2;09/09/2026;TONI TRANSPORTES E LOGISTICA LTDA;Filial;São Paulo;SP;São José do Rio Preto;SP;7755;7755;
402;2;08/09/2026;TONI TRANSPORTES E LOGISTICA LTDA;Filial;São Paulo;SP;Taubaté;SP;835.38;835.38;
150442;1;10/09/2026;MAJO - COTIA;Filial;São Paulo;SP;Altinópolis;SP;;157.93;157.93
149733;1;02/09/2026;MAJO - COTIA;Filial;São Paulo;SP;Pereira Barreto;SP;2006.59;1943.63;-62.96
411;2;10/09/2026;TONI TRANSPORTES E LOGISTICA LTDA;Filial;São Paulo;SP;São José do Rio Preto;SP;642.6;642.6;
412;2;10/09/2026;TONI TRANSPORTES E LOGISTICA LTDA;Filial;São Paulo;SP;São José do Rio Preto;SP;2856;2856;
413;2;10/09/2026;TONI TRANSPORTES E LOGISTICA LTDA;Filial;São Paulo;SP;São José do Rio Preto;SP;666.4;666.4;
149665;1;02/09/2026;MAJO - COTIA;Filial;São Paulo;SP;São Sebastião;SP;157.85;152.41;-5.44
424;2;15/09/2026;TONI TRANSPORTES E LOGISTICA LTDA;Filial;São Paulo;SP;Praia Grande;SP;3602;3602;
149470;1;01/09/2026;MAJO - COTIA;Filial;Piracicaba;SP;São Paulo;SP;153.36;147.92;-5.44
149659;1;02/09/2026;MAJO - COTIA;Filial;São Paulo;SP;Boa Esperança do Sul;SP;149.44;149.48;0.04
149655;1;02/09/2026;MAJO - COTIA;Filial;São Paulo;SP;Amparo;SP;588.65;577.8;-10.85
425;2;15/09/2026;TONI TRANSPORTES E LOGISTICA LTDA;Filial;São Paulo;SP;Guarulhos;SP;2510;2510;
414;2;10/09/2026;TONI TRANSPORTES E LOGISTICA LTDA;Filial;São Paulo;SP;São José do Rio Preto;SP;2856;2856;
149656;1;02/09/2026;MAJO - COTIA;Filial;São Paulo;SP;Ilhabela;SP;157.99;152.55;-5.44
149679;1;02/09/2026;MAJO - COTIA;Filial;São Paulo;SP;Holambra;SP;547.41;537.73;-9.68
149667;1;02/09/2026;MAJO - COTIA;Filial;São Paulo;SP;Caraguatatuba;SP;158.75;153.32;-5.43
150435;1;10/09/2026;MAJO - COTIA;Filial;São Paulo;SP;Batatais;SP;;152.83;152.83
149668;1;02/09/2026;MAJO - COTIA;Filial;São Paulo;SP;Guaratinguetá;SP;155.52;147.93;-7.59
149672;1;02/09/2026;MAJO - COTIA;Filial;São Paulo;SP;Rio Claro;SP;155.03;149.58;-5.45
150423;1;10/09/2026;MAJO - COTIA;Filial;São Paulo;SP;Cardoso;SP;360.74;360.77;0.03
150421;1;10/09/2026;MAJO - COTIA;Filial;São Paulo;SP;Garça;SP;377;172.47;-204.53
149669;1;02/09/2026;MAJO - COTIA;Filial;São Paulo;SP;Caraguatatuba;SP;212.28;206.28;-6
149673;1;02/09/2026;MAJO - COTIA;Filial;São Paulo;SP;São José dos Campos;SP;427.07;420.85;-6.22
150422;1;10/09/2026;MAJO - COTIA;Filial;São Paulo;SP;Itápolis;SP;942.61;942.64;0.03
149737;1;02/09/2026;MAJO - COTIA;Filial;São Paulo;SP;São José do Rio Preto;SP;422.68;422.69;0.01
149730;1;02/09/2026;MAJO - COTIA;Filial;São Paulo;SP;Araras;SP;157.27;151.82;-5.45
149732;1;02/09/2026;MAJO - COTIA;Filial;São Paulo;SP;Boa Esperança do Sul;SP;1201.03;1201.08;0.05
149731;1;02/09/2026;MAJO - COTIA;Filial;São Paulo;SP;Ribeirão Preto;SP;753.3;753.3;
150014;1;04/09/2026;MAJO - COTIA;Filial;São Paulo;SP;Ribeirão Preto;SP;663.8;663.82;0.02
149883;1;03/09/2026;MAJO - COTIA;Filial;São Paulo;SP;Ibaté;SP;186.09;186.09;
150406;1;10/09/2026;MAJO - COTIA;Filial;São Paulo;SP;Registro;SP;386.42;375.55;-10.87
150041;1;04/09/2026;MAJO - COTIA;Filial;São Paulo;SP;Caraguatatuba;SP;390.91;390.91;
150412;1;10/09/2026;MAJO - COTIA;Filial;São Paulo;SP;Andradina;SP;413.55;357.38;-56.17
149952;1;03/09/2026;MAJO - COTIA;Filial;São Paulo;SP;Catanduva;SP;768.56;768.56;
150689;1;11/09/2026;MAJO - COTIA;Filial;São Paulo;SP;Sorocaba;SP;655.01;437.78;-217.23
149671;1;02/09/2026;MAJO - COTIA;Filial;São Paulo;SP;Ubatuba;SP;183.98;178.85;-5.13
150429;1;10/09/2026;MAJO - COTIA;Filial;São Paulo;SP;Lorena;SP;;152.27;152.27
149666;1;02/09/2026;MAJO - COTIA;Filial;São Paulo;SP;São José dos Campos;SP;577.49;567.06;-10.43
149735;1;02/09/2026;MAJO - COTIA;Filial;São Paulo;SP;Cachoeira Paulista;SP;150.02;144.58;-5.44
149739;1;02/09/2026;MAJO - COTIA;Filial;São Paulo;SP;Araras;SP;156.99;151.55;-5.44
149734;1;02/09/2026;MAJO - COTIA;Filial;São Paulo;SP;Araras;SP;158.84;153.39;-5.45
150392;1;10/09/2026;MAJO - COTIA;Filial;São Paulo;SP;Guararapes;SP;412.07;355.89;-56.18
150387;1;10/09/2026;MAJO - COTIA;Filial;São Paulo;SP;Araras;SP;153.68;148.23;-5.45
149738;1;02/09/2026;MAJO - COTIA;Filial;São Paulo;SP;Araras;SP;150.49;145.05;-5.44
149736;1;02/09/2026;MAJO - COTIA;Filial;São Paulo;SP;Araraquara;SP;1154.73;1154.75;0.02
150715;1;11/09/2026;MAJO - COTIA;Filial;São Paulo;SP;Registro;SP;149.34;143.91;-5.43
150814;1;14/09/2026;MAJO - COTIA;Filial;São Paulo;SP;Conchas;SP;241.13;234.32;-6.81
6602;1;13/09/2026;JG ALVES TRANSPORTES LTDA;Filial;São Paulo;SP;Carapicuíba;SP;705.6;715.91;10.31
95;1;02/09/2026;TRYGG CARGO TRANSPORTE E LOGISTICA LTDA;Filial;São Paulo;SP;Guarulhos;SP;712.47;30;-682.47
673629;1;02/09/2026;TRANSFORM EMPRESA DE TRANSPORTES LTDA;Filial;São Paulo;SP;Rio de Janeiro;RJ;6052.27;6052.27;
12;1;14/09/2026;TRANS GONCALVES TRANSPORTES LTDA;Filial;São Paulo;SP;Sumaré;SP;;2900.2;
98;1;03/09/2026;TRYGG CARGO TRANSPORTE E LOGISTICA LTDA;Filial;São Paulo;SP;Mauá;SP;470.18;362.27;-107.91
6584;1;09/09/2026;JG ALVES TRANSPORTES LTDA;Filial;São Paulo;SP;Osasco;SP;143.36;143.36;
107;1;11/09/2026;TRYGG CARGO TRANSPORTE E LOGISTICA LTDA;Filial;São Paulo;SP;Cotia;SP;693.77;706.4;12.63
674046;1;09/09/2026;TRANSFORM EMPRESA DE TRANSPORTES LTDA;Filial;São Paulo;SP;Rio de Janeiro;RJ;6052.27;6052.27;
575461;1;02/09/2026;TOBEMA TRANSPORTADORA LTDA;Filial;São Paulo;SP;Rio de Janeiro;RJ;5324;6525.91;1201.91
48294;1;03/09/2026;DRT TRANSPORTE DE CARGA LTDA;Filial;São Paulo;SP;Arujá;SP;2100.52;1418.7;-681.82
100;1;04/09/2026;TRYGG CARGO TRANSPORTE E LOGISTICA LTDA;Filial;São Paulo;SP;Guarulhos;SP;813.6;713.6;-100
6577;1;09/09/2026;JG ALVES TRANSPORTES LTDA;Filial;São Paulo;SP;Cotia;SP;996.8;1011.36;14.56
6576;1;09/09/2026;JG ALVES TRANSPORTES LTDA;Filial;São Paulo;SP;Carapicuíba;SP;705.6;715.91;10.31
673613;1;01/09/2026;TRANSFORM EMPRESA DE TRANSPORTES LTDA;Filial;São Paulo;SP;Rio de Janeiro;RJ;6052.27;6052.27;
102;1;07/09/2026;TRYGG CARGO TRANSPORTE E LOGISTICA LTDA;Filial;São Paulo;SP;Osasco;SP;708.76;708.76;
575398;1;02/09/2026;TOBEMA TRANSPORTADORA LTDA;Filial;São Paulo;SP;Rio de Janeiro;RJ;5324;6525.91;1201.91
6596;1;13/09/2026;JG ALVES TRANSPORTES LTDA;Filial;São Paulo;SP;Itaquaquecetuba;SP;884.8;897.73;12.93
22;1;15/09/2026;TRANS GONCALVES TRANSPORTES LTDA;Filial;São Paulo;SP;Jacareí;SP;2650;213.78;-2436.22
575459;1;02/09/2026;TOBEMA TRANSPORTADORA LTDA;Filial;São Paulo;SP;Rio de Janeiro;RJ;5324;6525.91;1201.91
6608;1;14/09/2026;JG ALVES TRANSPORTES LTDA;Filial;São Paulo;SP;Carapicuíba;SP;100.8;100.8;
150440;1;10/09/2026;MAJO - COTIA;Filial;São Paulo;SP;Caraguatatuba;SP;;537.58;537.58
150434;1;10/09/2026;MAJO - COTIA;Filial;São Paulo;SP;São José do Rio Preto;SP;;183.66;183.66
150808;1;14/09/2026;MAJO - COTIA;Filial;São Paulo;SP;Chavantes;SP;171.39;171.39;
150810;1;14/09/2026;MAJO - COTIA;Filial;São Paulo;SP;Ourinhos;SP;154.05;154.08;0.03
43032;1;22/09/2026;AVJS TRANSPORTES LTDA;Filial;São Paulo;SP;Osasco;SP;352.75;352.75;
4;1;14/09/2026;TRANS GONCALVES TRANSPORTES LTDA;Filial;São Paulo;SP;Jacareí;SP;2650;2815;165
150424;1;10/09/2026;MAJO - COTIA;Filial;São Paulo;SP;Castilho;SP;416.05;359.85;-56.2
5;1;14/09/2026;TRANS GONCALVES TRANSPORTES LTDA;Filial;São Paulo;SP;Jacareí;SP;468;468;
6;1;14/09/2026;TRANS GONCALVES TRANSPORTES LTDA;Filial;São Paulo;SP;Jacareí;SP;2650;2863.78;213.78
11;1;14/09/2026;TRANS GONCALVES TRANSPORTES LTDA;Filial;São Paulo;SP;Jacareí;SP;468;468;
9;1;14/09/2026;TRANS GONCALVES TRANSPORTES LTDA;Filial;São Paulo;SP;Jacareí;SP;468;468;
15;1;14/09/2026;TRANS GONCALVES TRANSPORTES LTDA;Filial;São Paulo;SP;Jacareí;SP;468;468;
7;1;14/09/2026;TRANS GONCALVES TRANSPORTES LTDA;Filial;São Paulo;SP;Jacareí;SP;468;468;
10;1;14/09/2026;TRANS GONCALVES TRANSPORTES LTDA;Filial;São Paulo;SP;Jacareí;SP;2650;2863.78;213.78
13;1;14/09/2026;TRANS GONCALVES TRANSPORTES LTDA;Filial;São Paulo;SP;Sumaré;SP;891.5;891.5;
16;1;14/09/2026;TRANS GONCALVES TRANSPORTES LTDA;Filial;São Paulo;SP;Jacareí;SP;2650;2863.78;213.78
17;1;14/09/2026;TRANS GONCALVES TRANSPORTES LTDA;Filial;São Paulo;SP;Jacareí;SP;468;468;
14;1;14/09/2026;TRANS GONCALVES TRANSPORTES LTDA;Filial;São Paulo;SP;Jacareí;SP;2650;2863.78;213.78
8;1;14/09/2026;TRANS GONCALVES TRANSPORTES LTDA;Filial;São Paulo;SP;Jacareí;SP;2650;2896.78;246.78
150811;1;14/09/2026;MAJO - COTIA;Filial;São Paulo;SP;Ribeirão Bonito;SP;160.47;160.48;0.01
150809;1;14/09/2026;MAJO - COTIA;Filial;São Paulo;SP;Ipaussu;SP;157.97;158;0.03
150729;1;11/09/2026;MAJO - COTIA;Filial;São Paulo;SP;Ribeirão Preto;SP;781.05;781.06;0.01
150730;1;11/09/2026;MAJO - COTIA;Filial;São Paulo;SP;Cachoeira Paulista;SP;192.98;187.59;-5.39
150819;1;14/09/2026;MAJO - COTIA;Filial;São Paulo;SP;Paraibuna;SP;365.1;360.57;-4.53
150872;1;14/09/2026;MAJO - COTIA;Filial;São Paulo;SP;São Sebastião;SP;152.41;152.41;
150807;1;14/09/2026;MAJO - COTIA;Filial;São Paulo;SP;Ribeirão Preto;SP;3015.2;3015.23;0.03
150818;1;14/09/2026;MAJO - COTIA;Filial;São Paulo;SP;Ribeirão Bonito;SP;156.1;156.14;0.04
150426;1;10/09/2026;MAJO - COTIA;Filial;São Paulo;SP;Itápolis;SP;560.34;560.34;
149882;1;03/09/2026;MAJO - COTIA;Filial;São Paulo;SP;Sorocaba;SP;148.36;142.91;-5.45
149876;1;03/09/2026;MAJO - COTIA;Filial;Franca;SP;São Paulo;SP;153.74;327.51;173.77
150403;1;10/09/2026;MAJO - COTIA;Filial;São Paulo;SP;Sete Barras;SP;268.09;260.56;-7.53
43033;1;22/09/2026;AVJS TRANSPORTES LTDA;Filial;São Paulo;SP;Osasco;SP;781;781;
150398;1;10/09/2026;MAJO - COTIA;Filial;São Paulo;SP;Promissão;SP;359.2;359.22;0.02
150402;1;10/09/2026;MAJO - COTIA;Filial;São Paulo;SP;Andradina;SP;416.22;360.02;-56.2
430;2;16/09/2026;TONI TRANSPORTES E LOGISTICA LTDA;Filial;São Paulo;SP;Franco da Rocha;SP;2528.25;2528.25;
150726;1;11/09/2026;MAJO - COTIA;Filial;São Paulo;SP;São Paulo;SP;;623.18;
150731;1;11/09/2026;MAJO - COTIA;Filial;São Paulo;SP;Batatais;SP;220.6;220.61;0.01
150019;1;04/09/2026;MAJO - COTIA;Filial;São Paulo;SP;Araras;SP;595.17;578.33;-16.84
150388;1;10/09/2026;MAJO - COTIA;Filial;São Paulo;SP;Andradina;SP;457.13;449.2;-7.93
150430;1;10/09/2026;MAJO - COTIA;Filial;São Paulo;SP;Mogi Mirim;SP;;155.25;155.25
43035;1;22/09/2026;AVJS TRANSPORTES LTDA;Filial;São Paulo;SP;São Bernardo do Campo;SP;155.76;155.76;
43036;1;22/09/2026;AVJS TRANSPORTES LTDA;Filial;São Paulo;SP;São Paulo;SP;704;704;
43037;1;22/09/2026;AVJS TRANSPORTES LTDA;Filial;São Paulo;SP;São Paulo;SP;262.73;262.73;
150712;1;11/09/2026;MAJO - COTIA;Filial;São Paulo;SP;Santo Antônio de Posse;SP;159.09;153.64;-5.45
150417;1;10/09/2026;MAJO - COTIA;Filial;São Paulo;SP;Cafelândia;SP;356.86;356.89;0.03
150415;1;10/09/2026;MAJO - COTIA;Filial;São Paulo;SP;São José do Rio Preto;SP;411;411.02;0.02
150408;1;10/09/2026;MAJO - COTIA;Filial;São Paulo;SP;Ibitinga;SP;378.16;378.17;0.01
150427;1;10/09/2026;MAJO - COTIA;Filial;São Paulo;SP;Araras;SP;153.36;147.91;-5.45
150722;1;11/09/2026;MAJO - COTIA;Filial;São Paulo;SP;Jaú;SP;926.39;926.41;0.02
35238;1;01/09/2026;CIA CARGAS TRASNPORTES E LOGISTICA  EIRELI;Filial;São Paulo;SP;Vila Velha;ES;;8.83;
35237;1;01/09/2026;CIA CARGAS TRASNPORTES E LOGISTICA  EIRELI;Filial;São Paulo;SP;Vitória;ES;;27.51;
35449;1;07/09/2026;CIA CARGAS TRASNPORTES E LOGISTICA  EIRELI;Filial;São Paulo;SP;Balneário Camboriú;SC;;6500;
35560;1;11/09/2026;CIA CARGAS TRASNPORTES E LOGISTICA  EIRELI;Filial;São Paulo;SP;Balneário Camboriú;SC;690.91;690.91;
42963;1;16/09/2026;AVJS TRANSPORTES LTDA;Filial;São Paulo;SP;Várzea Paulista;SP;;1540;
43003;1;18/09/2026;AVJS TRANSPORTES LTDA;Filial;São Paulo;SP;São Paulo;SP;644.67;644.67;
42980;1;17/09/2026;AVJS TRANSPORTES LTDA;Filial;São Paulo;SP;São Paulo;SP;2420;2420;
6622;1;15/09/2026;JG ALVES TRANSPORTES LTDA;Filial;São Paulo;SP;Guarulhos;SP;884.8;897.73;12.93
35205;1;01/09/2026;CIA CARGAS TRASNPORTES E LOGISTICA  EIRELI;Filial;São Paulo;SP;Cachoeiro de Itapemirim;ES;;118.21;
740937;0;04/09/2026;SJBICAS - EXPRESSO RODOMINAS LTDA;Filial;São Paulo;SP;Uberlândia;MG;1955.28;2074.28;119
2486;1;02/09/2026;PRIMESERV LOGISTICA E SERVICOS LTDA;Filial;São Paulo;SP;Campo Grande;MS;;8053.33;
2487;1;02/09/2026;PRIMESERV LOGISTICA E SERVICOS LTDA;Filial;São Paulo;SP;Além Paraíba;MG;;8125;
2489;1;09/09/2026;PRIMESERV LOGISTICA E SERVICOS LTDA;Filial;São Paulo;SP;Além Paraíba;MG;;8125;
378;1;02/09/2026;ANDERSON FERREIRA RIBEIRO TRANSPORTES;Filial;São Paulo;SP;Diadema;SP;1448.86;1448.86;
42953;1;15/09/2026;AVJS TRANSPORTES LTDA;Filial;São Paulo;SP;Santo André;SP;265.51;265.51;
383;1;10/09/2026;ANDERSON FERREIRA RIBEIRO TRANSPORTES;Filial;São Paulo;SP;Itapecerica da Serra;SP;2045.45;2045.45;
156657;2;02/09/2026;T.G LOGISTICA E TRANSPORTES;Filial;São Paulo;SP;Volta Redonda;RJ;637.5;637.5;
701;12;11/09/2026;LOGUBER GESTAO EM TRANSPORTES EIRELI;Filial;São Paulo;SP;Poá;SP;820.32;820.31;-0.01
43004;1;18/09/2026;AVJS TRANSPORTES LTDA;Filial;São Paulo;SP;São Bernardo do Campo;SP;529.77;529.77;
42996;1;18/09/2026;AVJS TRANSPORTES LTDA;Filial;São Paulo;SP;Itapecerica da Serra;SP;1210;1210;
406;2;10/09/2026;TONI TRANSPORTES E LOGISTICA LTDA;Filial;São Paulo;SP;Arujá;SP;2532.5;2532.5;
150445;1;10/09/2026;MAJO - COTIA;Filial;São Paulo;SP;São Carlos;SP;;155.45;155.45
150721;1;11/09/2026;MAJO - COTIA;Filial;São Paulo;SP;Guaratinguetá;SP;332.48;323.06;-9.42
396;2;05/09/2026;TONI TRANSPORTES E LOGISTICA LTDA;Filial;São Paulo;SP;Campinas;SP;1428;1428;
377;2;01/09/2026;TONI TRANSPORTES E LOGISTICA LTDA;Filial;São Paulo;SP;Taubaté;SP;;3760;
378;2;02/09/2026;TONI TRANSPORTES E LOGISTICA LTDA;Matriz;São Paulo;SP;Itapevi;SP;1428;1428;
379;2;02/09/2026;TONI TRANSPORTES E LOGISTICA LTDA;Matriz;São Paulo;SP;Itapevi;SP;1428;1428;
42997;1;18/09/2026;AVJS TRANSPORTES LTDA;Filial;São Paulo;SP;Itapecerica da Serra;SP;559.53;559.53;
149729;1;02/09/2026;MAJO - COTIA;Filial;São Paulo;SP;Cruzeiro;SP;149.25;143.8;-5.45
428;2;15/09/2026;TONI TRANSPORTES E LOGISTICA LTDA;Filial;São Paulo;SP;Guarulhos;SP;571.2;571.2;
149878;1;03/09/2026;MAJO - COTIA;Filial;Ribeirão Preto;SP;São Paulo;SP;356.86;356.88;0.02
149677;1;02/09/2026;MAJO - COTIA;Filial;São Paulo;SP;São José do Rio Preto;SP;382.35;382.39;0.04
149675;1;02/09/2026;MAJO - COTIA;Filial;São Paulo;SP;Cachoeira Paulista;SP;160.15;154.7;-5.45
149728;1;02/09/2026;MAJO - COTIA;Filial;São Paulo;SP;Botucatu;SP;207.97;151.77;-56.2
149674;1;02/09/2026;MAJO - COTIA;Filial;São Paulo;SP;Caraguatatuba;SP;149.88;144.44;-5.44
150386;1;10/09/2026;MAJO - COTIA;Filial;São Paulo;SP;Pindamonhangaba;SP;859.53;841;-18.53
150012;1;04/09/2026;MAJO - COTIA;Filial;São Paulo;SP;Iperó;SP;442.36;429.74;-12.62
150416;1;10/09/2026;MAJO - COTIA;Filial;São Paulo;SP;Penápolis;SP;370.89;370.92;0.03
150711;1;11/09/2026;MAJO - COTIA;Filial;São Paulo;SP;Ilhabela;SP;223.97;217.64;-6.33
150700;1;11/09/2026;MAJO - COTIA;Filial;São Paulo;SP;Aguaí;SP;171.42;171.42;
150391;1;10/09/2026;MAJO - COTIA;Filial;São Paulo;SP;Assis;SP;2972.18;2972.19;0.01
150404;1;10/09/2026;MAJO - COTIA;Filial;São Paulo;SP;Taquarituba;SP;670.34;649.39;-20.95
150101;1;08/09/2026;MAJO - COTIA;Filial;São Paulo;SP;Mirassol;SP;4386.72;200;-4186.72
150414;1;10/09/2026;MAJO - COTIA;Filial;São Paulo;SP;Penápolis;SP;357.75;357.75;
150812;1;14/09/2026;MAJO - COTIA;Filial;São Paulo;SP;Ribeirão Bonito;SP;167.59;167.63;0.04
151063;1;15/09/2026;MAJO - COTIA;Filial;São Paulo;SP;Cananéia;SP;154.33;148.88;-5.45
42966;1;16/09/2026;AVJS TRANSPORTES LTDA;Filial;São Paulo;SP;Guarulhos;SP;1210;1210;
48415;1;15/09/2026;DRT TRANSPORTE DE CARGA LTDA;Filial;São Paulo;SP;Itapecerica da Serra;SP;369.32;369.32;
48418;1;15/09/2026;DRT TRANSPORTE DE CARGA LTDA;Filial;São Paulo;SP;Francisco Morato;SP;2098.31;1530.13;-568.18
48412;1;15/09/2026;DRT TRANSPORTE DE CARGA LTDA;Filial;São Paulo;SP;Osasco;SP;568.18;568.18;
103;1;09/09/2026;TRYGG CARGO TRANSPORTE E LOGISTICA LTDA;Filial;São Paulo;SP;Mogi das Cruzes;SP;50;50;
104;1;09/09/2026;TRYGG CARGO TRANSPORTE E LOGISTICA LTDA;Filial;São Paulo;SP;Mauá;SP;252;252;
48423;1;15/09/2026;DRT TRANSPORTE DE CARGA LTDA;Filial;São Paulo;SP;Sumaré;SP;2147.59;2033.95;-113.64
42998;1;18/09/2026;AVJS TRANSPORTES LTDA;Filial;São Paulo;SP;Guarulhos;SP;669;669;
48414;1;15/09/2026;DRT TRANSPORTE DE CARGA LTDA;Filial;São Paulo;SP;Itapecerica da Serra;SP;2133.51;1565.33;-568.18
48424;1;15/09/2026;DRT TRANSPORTE DE CARGA LTDA;Filial;São Paulo;SP;Sumaré;SP;705.68;705.68;
48421;1;15/09/2026;DRT TRANSPORTE DE CARGA LTDA;Filial;São Paulo;SP;Suzano;SP;227.27;227.27;
48420;1;15/09/2026;DRT TRANSPORTE DE CARGA LTDA;Filial;São Paulo;SP;Suzano;SP;2138.22;1570.03;-568.19
24;1;15/09/2026;TRANS GONCALVES TRANSPORTES LTDA;Filial;São Paulo;SP;Jacareí;SP;468;468;
42999;1;18/09/2026;AVJS TRANSPORTES LTDA;Filial;São Paulo;SP;Guarulhos;SP;605;605;
43000;1;18/09/2026;AVJS TRANSPORTES LTDA;Filial;São Paulo;SP;Várzea Paulista;SP;164.3;164.3;
43001;1;18/09/2026;AVJS TRANSPORTES LTDA;Filial;São Paulo;SP;Várzea Paulista;SP;770;770;
43002;1;18/09/2026;AVJS TRANSPORTES LTDA;Filial;São Paulo;SP;São Paulo;SP;704;704;
42979;1;17/09/2026;AVJS TRANSPORTES LTDA;Filial;São Paulo;SP;São Paulo;SP;2420;2420;
440;2;17/09/2026;TONI TRANSPORTES E LOGISTICA LTDA;Filial;São Paulo;SP;Osasco;SP;741.37;741.37;
6615;1;15/09/2026;JG ALVES TRANSPORTES LTDA;Filial;São Paulo;SP;São Paulo;SP;;1073.86;1073.86
441;2;17/09/2026;TONI TRANSPORTES E LOGISTICA LTDA;Filial;São Paulo;SP;Barueri;SP;455.77;455.77;
451;2;21/09/2026;TONI TRANSPORTES E LOGISTICA LTDA;Filial;São Paulo;SP;Guarulhos;SP;666.4;666.4;
42982;1;17/09/2026;AVJS TRANSPORTES LTDA;Filial;São Paulo;SP;São Paulo;SP;2420;2420;
42983;1;17/09/2026;AVJS TRANSPORTES LTDA;Filial;São Paulo;SP;São Bernardo do Campo;SP;2420;2420;
157029;2;21/09/2026;T.G LOGISTICA E TRANSPORTES;Filial;São Paulo;SP;Cabo Frio;RJ;737.95;694.68;-43.27
674413;1;16/09/2026;TRANSFORM EMPRESA DE TRANSPORTES LTDA;Filial;São Paulo;SP;Rio de Janeiro;RJ;6052.27;6052.27;
151062;1;15/09/2026;MAJO - COTIA;Filial;São Paulo;SP;Rio Claro;SP;375.88;365.23;-10.65
151694;1;22/09/2026;MAJO - COTIA;Filial;São Paulo;SP;Bady Bassitt;SP;8.16;155.5;147.34
151675;1;22/09/2026;MAJO - COTIA;Filial;São Paulo;SP;Socorro;SP;16.41;194.78;178.37
151683;1;22/09/2026;MAJO - COTIA;Filial;São Paulo;SP;Joanópolis;SP;9.53;151.06;141.53
151686;1;22/09/2026;MAJO - COTIA;Filial;São Paulo;SP;Jaú;SP;45.4;639.03;593.63
151687;1;22/09/2026;MAJO - COTIA;Filial;São Paulo;SP;Jaú;SP;83.15;1188.32;1105.17
151693;1;22/09/2026;MAJO - COTIA;Filial;São Paulo;SP;Descalvado;SP;157.78;152.75;-5.03
151517;1;18/09/2026;MAJO - COTIA;Filial;São Paulo;SP;Bauru;SP;368.47;363.42;-5.05
151498;1;18/09/2026;MAJO - COTIA;Filial;São Paulo;SP;Araraquara;SP;221.14;453.76;232.62
151499;1;18/09/2026;MAJO - COTIA;Filial;São Paulo;SP;Dourado;SP;1318.55;1439.36;120.81
151501;1;18/09/2026;MAJO - COTIA;Filial;São Paulo;SP;Caraguatatuba;SP;356.51;351.08;-5.43
151505;1;18/09/2026;MAJO - COTIA;Filial;São Paulo;SP;Tabatinga;SP;10.59;157.94;147.35
151507;1;18/09/2026;MAJO - COTIA;Filial;São Paulo;SP;Ilha Comprida;SP;153.97;148.51;-5.46
151509;1;18/09/2026;MAJO - COTIA;Filial;São Paulo;SP;Serra Negra;SP;219.99;180.4;-39.59
151511;1;18/09/2026;MAJO - COTIA;Filial;São Paulo;SP;Ribeirão Preto;SP;144.89;2635.23;2490.34
151513;1;18/09/2026;MAJO - COTIA;Filial;São Paulo;SP;Araçatuba;SP;328.23;529.7;201.47