NF;Status;Motivo
14130;Reentrega;LOJA SEM ESPAÇO
1784;Reentrega;LOJA EM BALANÇO
13229;Cancelado;CNPJ INCORRETO
8240;Reentrega;NOTA AGENDADA PARA O DIA 08/03
12907;Cancelado;DIVERGENCIA DE CADASTRO
1171;Devolução;PEDIDO RECUSADO PELO CLIENTE
2154;Devolução;PEDIDO RECUSADO PELO CLIENTE
15952;Cancelado;PEDIDO CANCELADO
1906;Reentrega;FORA DE HORÁRIO
14892;Reentrega;LOJA SEM ESPAÇO
29715;Devolução;COMERCIAL PEDIU PARA SEGUIR COM A RECUSA. CNPJ ERRADO.
24934;Cancelado;CNPJ INCORRETO
16350;Reentrega;LOJA SEM ESPAÇO
16350;Devolução;PEDIDO CANCELADO
12458;Devolução;NF SUBSTITUIDA
15102;Cancelado;CNPJ INCORRETO
15935;Cancelado;CNPJ INCORRETO
15103;Devolução;CNPJ ERRADO.  SUBSTITUÍDA NF  15260
72756;Devolução;QUALIDADE RECUSADA - AMARELADA
16607;Reentrega;FORA DE HORÁRIO
103642;Reentrega;FICOU PRESO SUPERMERCADO VARANDAS - LJ 03
83184;Devolução;SEM PEDIDO
93311;Reentrega;ESTOQUE CHEIO. RETORNAR 18/06
156929;Reentrega;SEM AGENDAMENTO
181534;Devolução;nota substituida erro de preço
126057;Reentrega;FORA DE HORÁRIO
126056;Reentrega;FORA DE HORÁRIO
66229;Cancelado;nota com valor errado, nota será substituída.
107326;Reentrega;FICOU PRESO MERCADINHO KI PRECO
183814;Reentrega;LOJA SEM ESPAÇO
183815;Reentrega;LOJA SEM ESPAÇO
183814;Reentrega;FORA DE HORÁRIO
183815;Reentrega;FORA DE HORÁRIO
183814;Devolução;PEDIDO EM ATRASO
183815;Devolução;PEDIDO EM ATRASO
126233;Devolução;DIVERGENCIA DE PEDIDO
126223;Devolução;SEM TRIBUTAÇÃO FISCAL NA NOTA
46097;Devolução;SEM PEDIDO
46096;Devolução;SEM PEDIDO
46643;Devolução;SEM PEDIDO
130953;Reentrega;FORA DE HORÁRIO
171738;Cancelado;PEDIDO CANCELADO PELO CLIENTE
178665;Cancelado;PEDIDO CANCELADO PELO CLIENTE
171737;Cancelado;PEDIDO CANCELADO PELO CLIENTE
7682;Reentrega;SEM BONIFICAÇÃO
7682;Devolução;SEM PEDIDO
26480;Devolução;DIVERGENCIA DE PEDIDO
49741;Reentrega;FORA DE HORÁRIO - MERCADO RECEBE NF DAS 07HRS ATÉ AS 14HRS.
126686;Reentrega;FORA DE HORÁRIO
190090;Reentrega;FALTA DE MERCADORIA
133306;Cancelado;SINISTRO COM VEICULO
133305;Cancelado;SINISTRO COM VEICULO
155379;Reentrega;LOJA SEM SISTEMA
158556;Reentrega;LOJA SEM SISTEMA
155383;Reentrega;LOJA SEM SISTEMA
155379;Devolução;DIVERGENCIA DE PREÇO
158556;Devolução;DIVERGENCIA DE PREÇO
155383;Devolução;DIVERGENCIA DE PREÇO
148935;Devolução;FALTA DE MERCADORIA
134164;Reentrega;MOTORISTA NÃO PODE CIRCULAR NA REGIÃO POR CONTA DA RESTRIÇÃO
134164;Reentrega;LOCAL DE DIFICIL ACESSO PARA ENTREGA
3952;Reentrega;FORA DE HORÁRIO
3951;Reentrega;FORA DE HORÁRIO
3952;Reentrega;NÃO CARREGADO
3951;Reentrega;NÃO CARREGADO
3952;Reentrega;FORA DE HORÁRIO
3951;Reentrega;FORA DE HORÁRIO
32062;Cancelado;NF TEVE SUBSTITUIÇÃO
32063;Devolução;PEDIDO ERRADO
32310;Reentrega;ENTREGA FORA DE HORÁRIO
41273;Reentrega;CLIENTE NÃO ACEITOU, ALEGANDO QUE A MERCADORIA NÃO ESTAVA CORRETA. SEGUIR COM REENTREGA
41279;Reentrega;CLIENTE NÃO ACEITOU, ALEGANDO QUE A MERCADORIA NÃO ESTAVA CORRETA. SEGUIR COM REENTREGA
41273;Reentrega;ENTREGA FORA DE HORÁRIO
41279;Reentrega;ENTREGA FORA DE HORÁRIO
57346;Reentrega;REENTREGAR SÓ SEGUNDA FEIRA
57350;Reentrega;REENTREGAR SÓ SEGUNDA FEIRA
57355;Reentrega;REENTREGAR SÓ SEGUNDA FEIRA
65102;Reentrega;CLIENTE ESTÁ EM INVENTARIO / SOLICITOU REENTREGA PARA O DIA 14/01
65101;Reentrega;CLIENTE ESTÁ EM INVENTARIO / SOLICITOU REENTREGA PARA O DIA 14/01
66135;Reentrega;CLIENTE ESTÁ EM INVENTARIO / SOLICITOU REENTREGA PARA O DIA 14/01
65034;Reentrega;LOJA EM IVENTARIO
65036;Reentrega;LOJA EM IVENTARIO
65038;Reentrega;LOJA EM IVENTARIO
65101;Devolução;ERRO NO VALOR
66135;Devolução;ERRO NO VALOR
65034;Reentrega;FORA DE HORÁRIO
65036;Reentrega;FORA DE HORÁRIO
65038;Reentrega;FORA DE HORÁRIO
72828;Reentrega;CLIENTE COM PROBLEMAS NO RECEBIMENTO, NÃO CONSEGUIU RECEBER APENAS ESSA NF / SOLICITOU REENTREGA PARA 28/02.
76876;Reentrega;ENTREGA FORA DE HORÁRIO
76876;Reentrega;ENTREGA FORA DE HORÁRIO
96443;Devolução;SEM PEDIDO
102803;Reentrega;CLIENTE RECEBE ATE 12HRS
105769;Reentrega;FORA DE HORÁRIO
105770;Reentrega;FORA DE HORÁRIO
138402;Reentrega;INVENTARIO
138400;Reentrega;INVENTARIO
138398;Reentrega;INVENTARIO
176728;Reentrega;SEM AGENDAMENTO
180722;Reentrega;LOJA EM BALANÇO
180721;Reentrega;LOJA EM BALANÇO
11458;Reentrega;FORA DE HORÁRIO
31589;Devolução;PEDIDO ERRADO
35357;Devolução;LOJA EM BALANÇO
52269;Devolução;NF COM A NATUREZA DE OPERAÇÃO ERRADA
52580;Devolução;NF COM A NATUREZA DE OPERAÇÃO ERRADA
61499;Reentrega;FOI COLOCADO EM TRÂNSITO MAIS NÃO SAIU PARA RUA.
61497;Reentrega;FOI COLOCADO EM TRÂNSITO MAIS NÃO SAIU PARA RUA.
96430;Reentrega;DEU PROBLEMA NO ATO DA ENTREGA E A VENDEDORA RESOLVEU DEPOIS QUE O CARRO JA TINHA SAIDO.
120406;Reentrega;LOJA SEM SISTEMA
120409;Reentrega;LOJA SEM SISTEMA
120407;Reentrega;LOJA SEM SISTEMA
120408;Reentrega;LOJA SEM SISTEMA
37539;Cancelado;DIVERGENCIA DE PRODUTO
139442;Reentrega;FORA DE HORÁRIO
139441;Reentrega;FORA DE HORÁRIO
39051;Reentrega;FORA DE HORÁRIO
39052;Reentrega;FORA DE HORÁRIO
161283;Reentrega;SEM AGENDAMENTO
40392;Devolução;PEDIDO EXPIRADO
40463;Devolução;SEM PEDIDO
184161;Reentrega;FORA DE HORÁRIO
184156;Reentrega;FORA DE HORÁRIO
40542;Reentrega;FORA DE HORÁRIO
189211;Devolução;SEM PEDIDO
2633;Reentrega;LOJA EM BALANÇO
4224;Reentrega;LOJA EM BALANÇO
2632;Reentrega;LOJA EM BALANÇO
2631;Reentrega;LOJA EM BALANÇO
2633;Devolução;RECUSADA
4224;Devolução;RECUSADA
13907;Devolução;NF SUBSTITUIDA
14065;Reentrega;ENTREGA FORA DE HORÁRIO
31883;Devolução;PEDIDO ERRADO
41286;Reentrega;EXCESSO DE VEICULO. REENTREGAR.
41285;Reentrega;EXCESSO DE VEICULO. REENTREGAR.
98341;Reentrega;ENTREGA FORA DE HORÁRIO
98343;Reentrega;ENTREGA FORA DE HORÁRIO
102220;Reentrega;LOJA EM BALANÇO
138320;Reentrega;INVENTARIO
138321;Reentrega;INVENTARIO
138319;Reentrega;INVENTARIO
152136;Reentrega;FORA DE HORÁRIO
152137;Reentrega;FORA DE HORÁRIO
183666;Reentrega;LOJA EM BALANÇO
183667;Reentrega;LOJA EM BALANÇO
40535;Reentrega;LOJA EM BALANÇO
183666;Reentrega;NÃO CARREGOU
183667;Reentrega;NÃO CARREGOU
40535;Reentrega;NÃO CARREGOU
7026;Reentrega;FORA DE HORÁRIO
31986;Devolução;ERRO DE FATURAMENTO
31987;Devolução;DIVERGENCIA DE PEDIDO
32311;Reentrega;ENTREGA FORA DE HORÁRIO
32311;Reentrega;NÃO CARREGOU
35880;Reentrega;ENTREGA FORA DE HORÁRIO
41276;Reentrega;ENTREGA FORA DE HORÁRIO
41527;Reentrega;ENTREGA FORA DE HORÁRIO
41276;Reentrega;ENTREGA FORA DE HORÁRIO
52502;Devolução;SEM PEDIDO
54140;Devolução;SEM PEDIDO
60234;Reentrega;FORA DE HORÁRIO
60237;Reentrega;FORA DE HORÁRIO
65206;Reentrega;CLIENTE COM PROBLEMA NO SISTEMA, SOLITARAM REENTREGA
65207;Reentrega;CLIENTE COM PROBLEMA NO SISTEMA, SOLITARAM REENTREGA
65208;Reentrega;CLIENTE COM PROBLEMA NO SISTEMA, SOLITARAM REENTREGA
65437;Reentrega;CLIENTE COM PROBLEMA NO SISTEMA, SOLITARAM REENTREGA
69262;Reentrega;FORA DE HORÁRIO
69261;Reentrega;FORA DE HORÁRIO
69260;Reentrega;FORA DE HORÁRIO
96244;Reentrega;(SEM PEDIDO) VENDEDORA SOLICITOU PARA REENTREGAR
37540;Cancelado;DIVERGENCIA DE PRODUTO
139444;Reentrega;FORA DE HORÁRIO
139443;Reentrega;FORA DE HORÁRIO
148122;Reentrega;FORA DE HORÁRIO
39644;Reentrega;FORA DE HORÁRIO
40260;Devolução;EXTRAVIO
2515;Reentrega;FORA DE HORÁRIO
3977;Reentrega;FORA DE HORÁRIO
2516;Reentrega;FORA DE HORÁRIO
2517;Reentrega;FORA DE HORÁRIO
2515;Reentrega;PEDIDO RECUSADO PELO CLIENTE
3977;Reentrega;PEDIDO RECUSADO PELO CLIENTE
2515;Reentrega;PEDIDO RECUSADO PELO CLIENTE
3977;Reentrega;PEDIDO RECUSADO PELO CLIENTE
2515;Reentrega;NÃO CARREGADO
3977;Reentrega;NÃO CARREGADO
2515;Reentrega;FORA DE HORÁRIO
3977;Reentrega;FORA DE HORÁRIO
6321;Reentrega;FORA DE HORÁRIO
2515;Reentrega;FORA DE HORÁRIO
3977;Reentrega;FORA DE HORÁRIO
8999;Reentrega;FORA DE HORÁRIO
9002;Reentrega;FORA DE HORÁRIO
31886;Devolução;PEDIDO ERRADO
31885;Devolução;PEDIDO ERRADO
32312;Reentrega;ENTREGA FORA DE HORÁRIO
39487;Reentrega;FORA DO HORÁRIO DE RECEBIMENTO DO CLIENTE.
47782;Reentrega;FICOU AMARRADO NO PUBLIC - 09
47782;Reentrega;ENTREGA FORA DE HORÁRIO
76766;Reentrega;ENTREGA FORA DE HORÁRIO
96405;Devolução;SEM PEDIDO
100907;Reentrega;ENTREGA FORA DE HORÁRIO
120282;Reentrega;LOJA SEM SISTEMA
120283;Reentrega;LOJA SEM SISTEMA
120284;Reentrega;LOJA SEM SISTEMA
120281;Reentrega;LOJA SEM SISTEMA
140375;Reentrega;FORA DE HORÁRIO
148431;Reentrega;NÃO CARREGOU - FOI REALOCADO PARA OUTRA VIAGEM.
148431;Reentrega;FORA DE HORÁRIO
148431;Reentrega;FORA DE HORÁRIO
163693;Devolução;DIVERGENCIA DE PREÇO
164672;Devolução;DIVERGENCIA DE PREÇO
39954;Reentrega;FORA DE HORÁRIO
2951;Reentrega;FORA DE HORÁRIO
9007;Reentrega;MOTORISTA NÃO CARREGOU
16787;Reentrega;FALTA DE MERCADORIA
21843;Reentrega;FALTA DE MERCADORIA
21843;Reentrega;ENTREGA FORA DE HORÁRIO
32275;Reentrega;FORA DE HORÁRIO
49307;Reentrega;CLIENTE EM INVENTARIO - RETORNAR QUINTA FEIRA
49306;Reentrega;CLIENTE EM INVENTARIO - RETORNAR QUINTA FEIRA
52161;Devolução;NF  COM A NATUREZA DE OPERAÇÃO ERRADA
52581;Devolução;NF  COM A NATUREZA DE OPERAÇÃO ERRADA
57360;Reentrega;reentregar só a partir de segunda Feira
57361;Reentrega;reentregar só a partir de segunda Feira
81456;Reentrega;CARRO QUEBROU
81451;Reentrega;CARRO QUEBROU
81454;Reentrega;CARRO QUEBROU
81452;Reentrega;CARRO QUEBROU
81461;Reentrega;CARRO QUEBROU
120332;Reentrega;FORA DE HORÁRIO
120333;Reentrega;FORA DE HORÁRIO
120334;Reentrega;FORA DE HORÁRIO
145175;Devolução;PEDIDO EXPIRADO
39045;Devolução;FALTA DE MERCADORIA
39915;Devolução;PEDIDO EM DUPLICIDADE
40203;Devolução;DIVERGENCIA DE PEDIDO
183657;Reentrega;FORA DE HORÁRIO
183658;Reentrega;FORA DE HORÁRIO
40534;Reentrega;FORA DE HORÁRIO
183665;Reentrega;FORA DE HORÁRIO
31609;Devolução;DESACORDO COMERCIAL
57364;Reentrega;REENTREGAR SEGUNDA DIA 02/12, LOJA SEM ESPAÇO
57363;Reentrega;REENTREGAR SEGUNDA DIA 02/12, LOJA SEM ESPAÇO
57362;Reentrega;REENTREGAR SEGUNDA DIA 02/12, LOJA SEM ESPAÇO
114893;Reentrega;SEM AGENDAMENTO
114895;Reentrega;SEM AGENDAMENTO
114896;Reentrega;SEM AGENDAMENTO
40093;Reentrega;FORA DE HORÁRIO
40548;Reentrega;PROBLEMA
189046;Devolução;PEDIDO EM DUPLICIDADE
135766;Reentrega;FORA DE HORÁRIO
148607;Reentrega;FORA DE HORÁRIO
39077;Reentrega;FORA DE HORÁRIO
39076;Reentrega;FORA DE HORÁRIO
40544;Reentrega;FORA DE HORÁRIO
107690;Devolução;DIVERGENCIA DE PEDIDO
108384;Devolução;PEDIDO EM DUPLICIDADE
132283;Reentrega;FORA DE HORÁRIO
132281;Reentrega;FORA DE HORÁRIO
132282;Reentrega;FORA DE HORÁRIO
156796;Reentrega;FORA DO DIA DE RECEBIMENTO
156796;Devolução;PEDIDO EM DUPLICIDADE
170915;Reentrega;RESTRIÇÃO DE HORÁRIO PARA CAMINHÕES
170914;Reentrega;RESTRIÇÃO DE HORÁRIO PARA CAMINHÕES
170912;Reentrega;RESTRIÇÃO DE HORÁRIO PARA CAMINHÕES
170913;Reentrega;RESTRIÇÃO DE HORÁRIO PARA CAMINHÕES
72213;Reentrega;FORA DE HORÁRIO
72215;Reentrega;FORA DE HORÁRIO
108388;Devolução;PEDIDO EM DUPLICIDADE
156795;Reentrega;FORA DO DIA DE RECEBIMENTO
156795;Devolução;SEM PEDIDO
11871;Reentrega;FORA DE HORÁRIO
11873;Reentrega;FORA DE HORÁRIO
17611;Devolução;PEDIDO EM DUPLICIDADE
17610;Devolução;PEDIDO EM DUPLICIDADE
62543;Reentrega;MERCADORIA SUADA / TROCAR MERCADORIA ANTES DE SAIR COMO REENTREGA!
62537;Reentrega;MERCADORIA SUADA / TROCAR MERCADORIA ANTES DE SAIR COMO REENTREGA!
66447;Reentrega;FORA DE HORÁRIO
66448;Reentrega;FORA DE HORÁRIO
66444;Reentrega;FORA DE HORÁRIO
107691;Devolução;DIVERGENCIA DE PEDIDO
107696;Devolução;DIVERGENCIA DE PEDIDO
156794;Reentrega;FORA DO DIA DE RECEBIMENTO
156794;Devolução;PEDIDO EM DUPLICIDADE
26222;Devolução;PEDIDO EM DUPLICIDADE
63067;Reentrega;cliente de férias
107463;Devolução;SEM PEDIDO
107465;Devolução;SEM PEDIDO
156793;Reentrega;FORA DO DIA DE RECEBIMENTO
156793;Devolução;SEM PEDIDO
191238;Reentrega;FORA DE HORÁRIO
26200;Devolução;DIVERGENCIA DE PEDIDO
107420;Devolução;PEDIDO EM DUPLICIDADE
108386;Devolução;PEDIDO EM DUPLICIDADE
157837;Devolução;SEM PEDIDO
134732;Devolução;QUALIDADE RECUSADA - ESTUFADA
66098;Reentrega;FORA DE HORÁRIO. REENTREGAR.
740;Devolução;DIVERGENCIA ENDEREÇO
1057;Devolução;DIVERGENCIA ENDEREÇO
739;Devolução;DIVERGENCIA ENDEREÇO
53457;Reentrega;NÃO FOI CARREGADO PORQUE NÃO COUBE
67368;Reentrega;FORA DE HORÁRIO
67364;Reentrega;FORA DE HORÁRIO
73086;Reentrega;FORA DE HORÁRIO
73088;Reentrega;FORA DE HORÁRIO
37477;Cancelado;DIVERGENCIA DE PEDIDO
122817;Devolução;FALTA DE MERCADORIA
134426;Devolução;FALTA DE MERCADORIA
122815;Devolução;FALTA DE MERCADORIA
37716;Cancelado;CLIENTE ENCERROU OPERAÇÃO
122007;Reentrega;FORA DE HORÁRIO
122007;Reentrega;NÃO CARREGADO
117778;Reentrega;FORA DE HORÁRIO
59349;Reentrega;FORA DE HORÁRIO
114230;Reentrega;FORA DE HORÁRIO
114230;Reentrega;FORA DE HORÁRIO
84852;Cancelado;CNPJ INCORRETO
30784;Cancelado;SINISTRO COM VEICULO
30788;Cancelado;SINISTRO COM VEICULO
32612;Cancelado;SINISTRO COM VEICULO
46962;Reentrega;NF FORA DE HORARIO - CLIENTE SÓ ACEITA NF ATÉ AS 12HRS
93829;Cancelado;DIVERGENCIA DE PEDIDO
36921;Devolução;SEM PEDIDO
180637;Reentrega;FORA DE HORÁRIO
180637;Cancelado;PEDIDO EM DUPLICIDADE
97780;Reentrega;FORA DE HORÁRIO
187379;Reentrega;FORA DE HORÁRIO
187379;Reentrega;FORA DE HORÁRIO
3614;Devolução;DIVERGENCIA DE PEDIDO
9686;Reentrega;FORA DE HORÁRIO
80718;Reentrega;FORA DE HORÁRIO
80719;Reentrega;FORA DE HORÁRIO
93826;Cancelado;DIVERGENCIA DE PEDIDO
97781;Reentrega;FORA DE HORÁRIO
97781;Devolução;DIVERGENCIA DE PEDIDO
36923;Devolução;SEM PEDIDO
167350;Reentrega;NÃO FOI CARREGADO
167349;Reentrega;NÃO FOI CARREGADO
167350;Reentrega;FORA DE HORÁRIO
167349;Reentrega;FORA DE HORÁRIO
75553;Devolução;PEDIDO EXPIRADO
107957;Devolução;SEM PEDIDO
66855;Reentrega;Era pra ter ido Fécula e foi 2 Display, carregamento errado!
66855;Reentrega;MERCADORIA NÃO FOI CARREGADA
166519;Reentrega;CLIENTE TEVE PROBLEMA COM ENCANAMENTO DO ESTOQUE
3060;Reentrega;FALTA DE MERCADORIA
36460;Reentrega;FORA DE HORÁRIO
36466;Reentrega;FORA DE HORÁRIO
36465;Reentrega;FORA DE HORÁRIO
36466;Devolução;PEDIDO EM DESACORDO COM O CLIENTE
75228;Reentrega;ENTREGA FORA DE HORÁRIO
90147;Reentrega;FORA DE HORÁRIO
146744;Reentrega;FORA DE HORÁRIO
40070;Devolução;DIVERGENCIA DE CADASTRO
177427;Cancelado;SEM PEDIDO
32354;Reentrega;ENTREGA FORA DE HORÁRIO
130182;Devolução;DIVERGENCIA DE PEDIDO
130253;Devolução;PRODUTO DE RETORNO COM MOTORISTA MITA REFERENTE A NF 130182
151813;Reentrega;FORA DE HORÁRIO
163589;Cancelado;DIVERGENCIA DE CADASTRO
163588;Reentrega;FORA DE HORÁRIO
192117;Cancelado;DIVERGENCIA DE PEDIDO
81290;Reentrega;FORA DE HORÁRIO
81290;Reentrega;FORA DE HORÁRIO
81290;Reentrega;MERCADORIA NÃO CARREGADA
94138;Reentrega;CLIENTE NO FERIADO RECEBE DAS 08HRS AM AO 12HRS PM.
188596;Reentrega;FORA DE HORÁRIO
181390;Reentrega;FORA DE HORÁRIO
181391;Reentrega;FORA DE HORÁRIO
72381;Reentrega;FORA DE HORÁRIO
126389;Reentrega;FORA DE HORÁRIO
97057;Reentrega;ENTREGA FORA DE HORÁRIO
97059;Reentrega;ENTREGA FORA DE HORÁRIO
142942;Reentrega;CLIENTE NÃO RECEBE NO FINAL DO MÊS
142943;Reentrega;CLIENTE NÃO RECEBE NO FINAL DO MÊS
184419;Reentrega;FORA DE HORÁRIO
184422;Reentrega;FORA DE HORÁRIO
184418;Reentrega;FORA DE HORÁRIO
184417;Reentrega;FORA DE HORÁRIO
88690;Reentrega;FORA DE HORÁRIO
86919;Devolução;NF EM DESACORDO COMERCIAL
19599;Devolução;LOGISTICA FOI FATURADO O PEDIDO ERRADO
113064;Reentrega;FORA DE HORÁRIO
113066;Reentrega;FORA DE HORÁRIO
113065;Reentrega;FORA DE HORÁRIO
109724;Reentrega;FALTA DE MERCADORIA
109724;Reentrega;ENTREGA FORA DE HORÁRIO
119511;Reentrega;QUALIDADE RECUSADA - ESTUFADA
119511;Devolução;QUALIDADE RECUSADA - ESTUFADA
159922;Devolução;QUALIDADE RECUSADA - AMARELADA
162706;Reentrega;FORA DE HORÁRIO
94292;Devolução;PEDIDO EM DUPLICIDADE
94291;Devolução;PEDIDO EM DUPLICIDADE
97264;Devolução;PEDIDO EM DUPLICIDADE
41858;Reentrega;DEU PROBLEMA NA NF , PEDIDO NAO LANÇADO NO CLIENTE. FOI RESOLVER DEPOIS DO HORARIO DE RECEBIMENTO
24590;Reentrega;FORA DE HORÁRIO
24590;Reentrega;CLIENTE SOLICITOU REENTREGA
12900;Reentrega;ENTREGA FORA DE HORÁRIO
130175;Devolução;PEDIDO EM DUPLICIDADE
38627;Cancelado;NÃO FOI CARREGADO
38981;Reentrega;FORA DE HORÁRIO
161209;Devolução;SEM PEDIDO
39878;Reentrega;FORA DE HORÁRIO
39877;Reentrega;FORA DE HORÁRIO
40169;Reentrega;FORA DE HORÁRIO
40168;Reentrega;FORA DE HORÁRIO
172151;Devolução;PEDIDO CANCELADO
270;Reentrega;FORA DE HORÁRIO
188040;Reentrega;FORA DE HORÁRIO
188040;Reentrega;FORA DE HORÁRIO
188040;Devolução;PRODUTO NÃO CADASTRADO
38834;Reentrega;EXCESSO DE VEICULOS NO CLIENTE
38834;Reentrega;FORA DE HORÁRIO
38834;Devolução;PEDIDO EXPIRADO
39508;Reentrega;FORA DE HORÁRIO
39507;Reentrega;FORA DE HORÁRIO
98195;Cancelado;DIVERGENCIA DE PRODUTO
146290;Reentrega;CARRO QUEBROU
179185;Devolução;DIVERGENCIA DE PEDIDO
187490;Reentrega;FORA DE HORÁRIO
187490;Reentrega;FORA DE HORÁRIO
187714;Reentrega;FORA DE HORÁRIO
187714;Reentrega;FORA DE HORÁRIO
187714;Reentrega;FORA DE HORÁRIO
39197;Reentrega;FORA DE HORÁRIO
39663;Devolução;DIVERGENCIA DE PEDIDO
38652;Reentrega;FORA DE HORÁRIO
188007;Reentrega;FORA DE HORÁRIO
125045;Devolução;PEDIDO CANCELADO
125046;Devolução;PEDIDO CANCELADO
125047;Devolução;PEDIDO CANCELADO
125048;Devolução;PEDIDO CANCELADO
125049;Devolução;PEDIDO CANCELADO
125050;Devolução;PEDIDO CANCELADO
125051;Devolução;PEDIDO CANCELADO
125052;Devolução;PEDIDO CANCELADO
134617;Devolução;PEDIDO CANCELADO
134616;Devolução;PEDIDO CANCELADO
134615;Devolução;PEDIDO CANCELADO
134618;Devolução;PEDIDO CANCELADO
40050;Reentrega;LOJA EM BALANÇO
40051;Reentrega;LOJA EM BALANÇO
40052;Reentrega;LOJA EM BALANÇO
40051;Reentrega;FORA DE HORÁRIO
40052;Reentrega;FORA DE HORÁRIO
301;Reentrega;FORA DE HORÁRIO
38763;Reentrega;SEM AGENDAMENTO
38763;Devolução;PEDIDO CANCELADO
40330;Devolução;PEDIDO EM DUPLICIDADE
181410;Devolução;PEDIDO EM DUPLICIDADE
260;Reentrega;FORA DE HORÁRIO
260;Reentrega;SEM TRIBUTAÇÃO FISCAL NA NOTA
339;Reentrega;SEM TRIBUTAÇÃO FISCAL NA NOTA
339;Devolução;SEM TRIBUTAÇÃO FISCAL NA NOTA
35794;Cancelado;DIVERGENCIA DE PRODUTO
35817;Cancelado;DIVERGENCIA DE PRODUTO
169880;Devolução;PEDIDO EXPIRADO
140562;Reentrega;CLIENTE EM INVENTARIO
38546;Reentrega;CLIENTE EM INVENTARIO
38546;Cancelado;Cliente solicitou o cancelamento
140788;Reentrega;LOJA EM BALANÇO
140789;Reentrega;LOJA EM BALANÇO
140790;Reentrega;LOJA EM BALANÇO
140791;Reentrega;LOJA EM BALANÇO
38565;Reentrega;LOJA EM BALANÇO
38566;Reentrega;LOJA EM BALANÇO
165372;Reentrega;LOJA EM BALANÇO
165373;Reentrega;LOJA EM BALANÇO
165374;Reentrega;LOJA EM BALANÇO
165375;Reentrega;LOJA EM BALANÇO
39953;Reentrega;LOJA EM BALANÇO
38759;Reentrega;FORA DE HORÁRIO
164004;Reentrega;FORA DE HORÁRIO
164005;Reentrega;FORA DE HORÁRIO
164006;Reentrega;FORA DE HORÁRIO
164007;Reentrega;FORA DE HORÁRIO
468;Reentrega;LOJA EM BALANÇO
467;Reentrega;LOJA EM BALANÇO
187861;Reentrega;LOJA EM BALANÇO
187865;Reentrega;LOJA EM BALANÇO
468;Reentrega;LOJA EM BALANÇO
467;Reentrega;LOJA EM BALANÇO
187861;Reentrega;SEM AGENDAMENTO
187865;Reentrega;SEM AGENDAMENTO
326;Devolução;PEDIDO RECUSADO PELO CLIENTE
17179;Reentrega;MERCADORIA NÃO FOI COM O MOTORISTA
52980;Reentrega;ENTREGA FORA DE HORÁRIO
52978;Reentrega;ENTREGA FORA DE HORÁRIO
38734;Cancelado;FORA DE HORÁRIO
40075;Reentrega;FORA DE HORÁRIO
40414;Reentrega;FORA DE HORÁRIO
177583;Reentrega;LOJA SEM PROMOTOR
177584;Reentrega;LOJA SEM PROMOTOR
34162;Reentrega;NÃO CARREGOU
34162;Reentrega;FORA DE HORÁRIO
119240;Reentrega;LOJA SEM ESPAÇO
119241;Reentrega;LOJA SEM ESPAÇO
119242;Reentrega;LOJA SEM ESPAÇO
119243;Reentrega;LOJA SEM ESPAÇO
119244;Reentrega;LOJA SEM ESPAÇO
130886;Reentrega;SEM AGENDAMENTO
130887;Reentrega;SEM AGENDAMENTO
130888;Reentrega;SEM AGENDAMENTO
130889;Reentrega;SEM AGENDAMENTO
130890;Reentrega;SEM AGENDAMENTO
130891;Reentrega;SEM AGENDAMENTO
130892;Reentrega;SEM AGENDAMENTO
130893;Reentrega;SEM AGENDAMENTO
37947;Reentrega;SEM AGENDAMENTO
37947;Devolução;PEDIDO RECUSADO PELO CLIENTE
110130;Reentrega;LOJA SEM ESPAÇO
37578;Cancelado;DIVERGENCIA DE PEDIDO
37577;Cancelado;DIVERGENCIA DE PEDIDO
127263;Devolução;PEDIDO EM DUPLICIDADE
133035;Devolução;PEDIDO EM DUPLICIDADE
153467;Reentrega;EXCESSO DE VEICULOS NO CLIENTE
153466;Reentrega;EXCESSO DE VEICULOS NO CLIENTE
153468;Reentrega;EXCESSO DE VEICULOS NO CLIENTE
153469;Reentrega;EXCESSO DE VEICULOS NO CLIENTE
39320;Reentrega;EXCESSO DE VEICULOS NO CLIENTE
39320;Reentrega;EXCESSO DE VEICULOS NO CLIENTE
39790;Reentrega;EXCESSO DE VEICULOS NO CLIENTE
187978;Reentrega;FORA DE HORÁRIO
118305;Reentrega;MOTORISTA PERDEU O AGENDAMENTO
118306;Reentrega;MOTORISTA PERDEU O AGENDAMENTO
140805;Devolução;PEDIDO EXPIRADO
140806;Devolução;PEDIDO EXPIRADO
14752;Reentrega;NA DATA DA ENTREGA NÃO TINHA PROMOTOR NA LOJA PARA RECEBIMENTO
20208;Reentrega;NA DATA DA ENTREGA NÃO TINHA PROMOTOR NA LOJA PARA RECEBIMENTO
14752;Cancelado;NF FATURADA SEM TER O PRODUTO PARA ATENDER A NF.  A NF É DE ABRIL.
20208;Cancelado;NF FATURADA SEM TER O PRODUTO PARA ATENDER A NF.  A NF É DE ABRIL.
40217;Devolução;Cliente recusou porque nao fez o PEDIDO
39028;Devolução;PEDIDO EXPIRADO
164440;Devolução;PEDIDO EXPIRADO
138130;Reentrega;SEM TRIBUTAÇÃO FISCAL NA NOTA
138132;Reentrega;SEM TRIBUTAÇÃO FISCAL NA NOTA
138131;Reentrega;SEM TRIBUTAÇÃO FISCAL NA NOTA
138130;Reentrega;FORA DE HORÁRIO
138132;Reentrega;FORA DE HORÁRIO
138131;Reentrega;FORA DE HORÁRIO
138130;Devolução;PEDIDO EXPIRADO
138132;Devolução;PEDIDO EXPIRADO
138131;Devolução;PEDIDO EXPIRADO
156582;Reentrega;FORA DE HORÁRIO
156584;Reentrega;FORA DE HORÁRIO
156583;Reentrega;FORA DE HORÁRIO
39430;Reentrega;FORA DE HORÁRIO
39431;Reentrega;FORA DE HORÁRIO
156582;Reentrega;LOJA SEM ESPAÇO
156584;Reentrega;LOJA SEM ESPAÇO
156583;Reentrega;LOJA SEM ESPAÇO
39430;Reentrega;LOJA SEM ESPAÇO
39431;Reentrega;LOJA SEM ESPAÇO
159776;Reentrega;LOJA SEM ESPAÇO
159777;Reentrega;LOJA SEM ESPAÇO
180665;Devolução;PEDIDO RECUSADO PELO CLIENTE
311;Reentrega;FORA DE HORÁRIO
27536;Reentrega;LOJA SEM SISTEMA
124130;Reentrega;FORA DE HORÁRIO
124134;Reentrega;FORA DE HORÁRIO
38761;Reentrega;FORA DE HORÁRIO
39916;Reentrega;FORA DE HORÁRIO
39916;Reentrega;FORA DE HORÁRIO
357;Reentrega;FORA DE HORÁRIO
174972;Reentrega;FORA DE HORÁRIO
39098;Reentrega;FORA DE HORÁRIO
39098;Reentrega;FORA DE HORÁRIO
38649;Reentrega;FORA DE HORÁRIO
38650;Reentrega;FORA DE HORÁRIO
188354;Reentrega;LOJA EM BALANÇO
188353;Reentrega;LOJA EM BALANÇO
39171;Reentrega;FORA DE HORÁRIO
39171;Reentrega;FORA DE HORÁRIO
39171;Devolução;PEDIDO EXPIRADO
187352;Reentrega;LOJA SEM ESPAÇO
187352;Reentrega;FORA DE HORÁRIO
188281;Reentrega;FORA DE HORÁRIO
123764;Reentrega;LOJA SEM ESPAÇO
123765;Reentrega;LOJA SEM ESPAÇO
123766;Reentrega;LOJA SEM ESPAÇO
123767;Reentrega;LOJA SEM ESPAÇO
123768;Reentrega;LOJA SEM ESPAÇO
123769;Reentrega;LOJA SEM ESPAÇO
123770;Reentrega;LOJA SEM ESPAÇO
123771;Reentrega;LOJA SEM ESPAÇO
123772;Reentrega;LOJA SEM ESPAÇO
126566;Devolução;SEM PEDIDO
38653;Reentrega;FORA DE HORÁRIO
38653;Reentrega;FORA DE HORÁRIO
156355;Reentrega;FORA DE HORÁRIO
156354;Reentrega;FORA DE HORÁRIO
156353;Reentrega;FORA DE HORÁRIO
156352;Reentrega;FORA DE HORÁRIO
39405;Reentrega;FORA DE HORÁRIO
39406;Reentrega;FORA DE HORÁRIO
156845;Devolução;PEDIDO CANCELADO
140584;Devolução;PEDIDO EM DUPLICIDADE
20400;Devolução;PEDIDO CANCELADO
20401;Devolução;PEDIDO CANCELADO
27193;Reentrega;CLIENTE SOLICITOU REENTREGA PARA O DIA 02/07
27194;Reentrega;CLIENTE SOLICITOU REENTREGA PARA O DIA 02/07
39074;Reentrega;ESTOQUE CHEIO / REENTREGAR
80694;Reentrega;LOJA SEM ESPAÇO
80695;Reentrega;LOJA SEM ESPAÇO
80694;Devolução;BICARBONATO SEM CADASTRO. CLIENTE RECUSOU. SEM RESSALVA.
89654;Reentrega;LOJA SEM ESPAÇO
98571;Reentrega;MOTORISTA FICOU ATÉ AS 23H E NÃO DESCARREGOU. NÃO QUIS PERNOITAR E DESCARREGOU NA TERRINHA
102826;Reentrega;ESTOQUE CHEIO.
102826;Reentrega;SEM AGENDAMENTO
118312;Reentrega;LOJA SEM ESPAÇO
118313;Reentrega;LOJA SEM ESPAÇO
118314;Reentrega;LOJA SEM ESPAÇO
123846;Reentrega;LOJA SEM ESPAÇO
123847;Reentrega;LOJA SEM ESPAÇO
123848;Reentrega;LOJA SEM ESPAÇO
123849;Reentrega;LOJA SEM ESPAÇO
123850;Reentrega;LOJA SEM ESPAÇO
123851;Reentrega;LOJA SEM ESPAÇO
123852;Reentrega;LOJA SEM ESPAÇO
118312;Reentrega;LOJA SEM ESPAÇO
118313;Reentrega;LOJA SEM ESPAÇO
118314;Reentrega;LOJA SEM ESPAÇO
38459;Reentrega;FORA DE HORÁRIO
38458;Reentrega;FORA DE HORÁRIO
38760;Reentrega;FORA DE HORÁRIO
38989;Cancelado;SEM PEDIDO
38760;Devolução;PEDIDO EXPIRADO
162507;Reentrega;FORA DE HORÁRIO
162506;Reentrega;FORA DE HORÁRIO
162505;Reentrega;FORA DE HORÁRIO
39850;Reentrega;FORA DE HORÁRIO
39851;Reentrega;FORA DE HORÁRIO
159421;Devolução;PEDIDO EXPIRADO
159424;Devolução;PEDIDO EXPIRADO
159422;Devolução;PEDIDO EXPIRADO
159423;Devolução;PEDIDO EXPIRADO
159425;Devolução;PEDIDO EXPIRADO
159426;Devolução;PEDIDO EXPIRADO
178473;Reentrega;LOJA SEM ESPAÇO
211;Reentrega;FORA DE HORÁRIO
210;Reentrega;FORA DE HORÁRIO
211;Reentrega;FORA DE HORÁRIO
210;Reentrega;FORA DE HORÁRIO
187862;Reentrega;FORA DE HORÁRIO
187863;Reentrega;FORA DE HORÁRIO
475;Reentrega;FORA DE HORÁRIO
39771;Reentrega;FORA DE HORÁRIO
40142;Devolução;DIVERGENCIA DE PEDIDO
19913;Reentrega;CLIENTE EM INVENTÁRIO. ENTREGAR APARTIR DO DIA 21/05
19914;Reentrega;CLIENTE EM INVENTÁRIO. ENTREGAR APARTIR DO DIA 21/05
35738;Reentrega;CLIENTE EM INVENTÁRIO. REENTREGAR APÓS DIA 21/08
51100;Reentrega;SEM ESPAÇO. CLIENTE PEDIU PARA REAGENDAR PARA A PRÓXIMA SEMANA.
123947;Reentrega;LOJA SEM ESPAÇO
123948;Reentrega;LOJA SEM ESPAÇO
123949;Reentrega;LOJA SEM ESPAÇO
123950;Reentrega;LOJA SEM ESPAÇO
123951;Reentrega;LOJA SEM ESPAÇO
123949;Devolução;SEM PEDIDO
38891;Reentrega;EXCESSO DE VEICULOS
38892;Reentrega;EXCESSO DE VEICULOS
177093;Reentrega;EXCESSO DE VEICULOS NO CLIENTE
177095;Reentrega;EXCESSO DE VEICULOS NO CLIENTE
177097;Reentrega;EXCESSO DE VEICULOS NO CLIENTE
184059;Devolução;PEDIDO RECUSADO PELO CLIENTE
184058;Devolução;PEDIDO RECUSADO PELO CLIENTE
188334;Reentrega;FORA DE HORÁRIO
188334;Reentrega;FORA DE HORÁRIO
168865;Devolução;PEDIDO EXPIRADO
168870;Devolução;PEDIDO EXPIRADO
178661;Reentrega;LOJA SEM ESPAÇO
178662;Reentrega;LOJA SEM ESPAÇO
39212;Reentrega;FORA DE HORÁRIO
38927;Devolução;PEDIDO EXPIRADO
162;Cancelado;FORA DE HORÁRIO
333;Reentrega;SEM TRIBUTAÇÃO FISCAL NA NOTA
42644;Reentrega;CARGA INVERTIDA. REENTREGAR
42645;Reentrega;CARGA INVERTIDA. REENTREGAR
88126;Reentrega;LOJA SEM ESPAÇO
88125;Reentrega;LOJA SEM ESPAÇO
98557;Reentrega;LOJA EM BALANÇO
113948;Reentrega;ESTOQUE EM INVENTÁRIO. CLIENTE SOLICITANDO PARA ENTREGAR 03/10
113949;Reentrega;ESTOQUE EM INVENTÁRIO. CLIENTE SOLICITANDO PARA ENTREGAR 03/10
123482;Reentrega;LOJA SEM ESPAÇO
123481;Reentrega;LOJA SEM ESPAÇO
123480;Reentrega;LOJA SEM ESPAÇO
123484;Reentrega;LOJA SEM ESPAÇO
123483;Reentrega;LOJA SEM ESPAÇO
123485;Reentrega;LOJA SEM ESPAÇO
127318;Devolução;PEDIDO EM DUPLICIDADE
162189;Devolução;EXCESSO DE VEICULOS NO CLIENTE
40058;Reentrega;FORA DE HORÁRIO
39720;Devolução;PEDIDO EXPIRADO
180798;Cancelado;PEDIDO CANCELADO
7708;Devolução;PEDIDO EM DUPLICIDADE
133602;Cancelado;DIVERGENCIA DE PREÇO
133599;Devolução;DIVERGENCIA DE PREÇO
133601;Devolução;DIVERGENCIA DE PREÇO
274030;Reentrega;CARRO QUEBROU
19494;Reentrega;SEM PROMOTOR NA LOJA. CLIENTE RECUSOU. REENTREGAR.
127463;Devolução;PEDIDO EM DUPLICIDADE
37953;Devolução;SEM PEDIDO
143201;Devolução;PEDIDO CANCELADO
38880;Reentrega;PEDIDO EM DUPLICIDADE
38880;Devolução;COMPRADOR SOLICITOU A DEVOLUÇÃO
39880;Reentrega;LOJA EM BALANÇO
39881;Reentrega;LOJA EM BALANÇO
189800;Reentrega;FORA DE HORÁRIO
53123;Reentrega;FORA DO HORÁRIO, CLIENTE SÓ RECEBE ATÉ 12:00
38872;Cancelado;PEDIDO EXPIRADO
39982;Reentrega;FORA DE HORÁRIO
39981;Reentrega;FORA DE HORÁRIO
184035;Devolução;PEDIDO CANCELADO
17074;Reentrega;ENTREGA FORA DE HORÁRIO
138980;Cancelado;PEDIDO EXPIRADO
147534;Devolução;DIVERGENCIA DE PEDIDO
147536;Devolução;DIVERGENCIA DE PEDIDO
38782;Cancelado;PEDIDO EXPIRADO
178184;Reentrega;LOJA SEM ESPAÇO
178185;Reentrega;LOJA SEM ESPAÇO
178184;Reentrega;NÃO RECEBE MAIS CARRETAS
178185;Reentrega;NÃO RECEBE MAIS CARRETAS
354;Reentrega;NÃO RECEBE MAIS CARRETAS
186392;Reentrega;NÃO RECEBE MAIS CARRETAS
186391;Reentrega;NÃO RECEBE MAIS CARRETAS
354;Reentrega;NÃO CARREGOU
178184;Devolução;PEDIDO EXPIRADO
178185;Devolução;PEDIDO EXPIRADO
186392;Devolução;PEDIDO EXPIRADO
186391;Devolução;PEDIDO EXPIRADO
354;Reentrega;FORA DE HORÁRIO
354;Reentrega;FORA DE HORÁRIO
354;Devolução;SEM PEDIDO
141463;Reentrega;LOJA SEM SISTEMA
141464;Reentrega;LOJA SEM SISTEMA
141465;Reentrega;LOJA SEM SISTEMA
38610;Reentrega;LOJA SEM SISTEMA
38611;Reentrega;LOJA SEM SISTEMA
39597;Reentrega;FORA DE HORÁRIO
188042;Reentrega;FORA DE HORÁRIO
513;Reentrega;FORA DE HORÁRIO
48678;Reentrega;FORA DE HORÁRIO
48678;Devolução;RECUSAR NF. PEDIDO EXPIRADO.
88106;Reentrega;LOJA EM BALANÇO
88105;Reentrega;LOJA EM BALANÇO
36524;Cancelado;PEDIDO RECUSADO PELO CLIENTE
127709;Devolução;PEDIDO EM DUPLICIDADE
483;Reentrega;NÃO CARREGOU
412;Reentrega;LOJA EM BALANÇO
411;Reentrega;LOJA EM BALANÇO
188050;Reentrega;FORA DE HORÁRIO
188049;Reentrega;FORA DE HORÁRIO
34864;Reentrega;ENTREGA FORA DE HORÁRIO
39009;Reentrega;FORA DE HORÁRIO
39009;Devolução;DIVERGENCIA DE PEDIDO
159105;Devolução;DIVERGENCIA DE PEDIDO
39402;Devolução;SEM PEDIDO
230;Cancelado;SINISTRO COM VEICULO
229;Cancelado;SINISTRO COM VEICULO
187893;Reentrega;FORA DE HORÁRIO
187892;Reentrega;FORA DE HORÁRIO
478;Reentrega;FORA DE HORÁRIO
168863;Devolução;PEDIDO EXPIRADO
168873;Devolução;PEDIDO EXPIRADO
35827;Cancelado;DIVERGENCIA DE PRODUTO
35836;Cancelado;DIVERGENCIA DE PRODUTO
39196;Reentrega;FORA DE HORÁRIO
39583;Reentrega;FORA DE HORÁRIO
39796;Reentrega;FORA DE HORÁRIO
39796;Reentrega;FORA DE HORÁRIO
124565;Reentrega;LOJA EM BALANÇO
124566;Reentrega;LOJA EM BALANÇO
124567;Reentrega;LOJA EM BALANÇO
124568;Reentrega;LOJA EM BALANÇO
124571;Reentrega;LOJA EM BALANÇO
124569;Reentrega;LOJA EM BALANÇO
124570;Reentrega;LOJA EM BALANÇO
124572;Reentrega;LOJA EM BALANÇO
124573;Reentrega;LOJA EM BALANÇO
124574;Reentrega;LOJA EM BALANÇO
39519;Reentrega;FORA DE HORÁRIO
39518;Reentrega;FORA DE HORÁRIO
39519;Reentrega;FORA DE HORÁRIO
39518;Reentrega;FORA DE HORÁRIO
39519;Cancelado;PEDIDO EXPIRADO
39518;Cancelado;PEDIDO EXPIRADO
40383;Reentrega;FORA DE HORÁRIO
40384;Reentrega;FORA DE HORÁRIO
42937;Reentrega;VEÍCULO QUEBROU
42938;Reentrega;VEÍCULO QUEBROU
135867;Reentrega;FORA DE HORÁRIO
135868;Reentrega;FORA DE HORÁRIO
135867;Devolução;PEDIDO CANCELADO
135868;Devolução;PEDIDO CANCELADO
39923;Devolução;PEDIDO EXPIRADO
40165;Reentrega;FORA DE HORÁRIO
38672;Cancelado;PEDIDO EXPIRADO
147921;Devolução;PEDIDO EXPIRADO
158637;Devolução;PEDIDO CANCELADO
158638;Devolução;PEDIDO CANCELADO
160043;Devolução;PEDIDO CANCELADO
161589;Devolução;SEM PEDIDO
39710;Devolução;PEDIDO EXPIRADO
39719;Devolução;PEDIDO EXPIRADO
171707;Devolução;DIVERGENCIA DE PEDIDO
171717;Devolução;DIVERGENCIA DE PEDIDO
178343;Reentrega;LOJA SEM ESPAÇO
180797;Cancelado;PEDIDO CANCELADO
139585;Devolução;PEDIDO EXPIRADO
139588;Devolução;PEDIDO EXPIRADO
39030;Devolução;PEDIDO EXPIRADO
170664;Devolução;DIVERGENCIA DE PEDIDO
345;Devolução;SEM TRIBUTAÇÃO FISCAL NA NOTA
44138;Reentrega;CARRO QUEBROU
44139;Reentrega;CARRO QUEBROU
126271;Devolução;PEDIDO EM DUPLICIDADE
38909;Devolução;PEDIDO EXPIRADO
159153;Reentrega;SEM AGENDAMENTO
159154;Reentrega;SEM AGENDAMENTO
39580;Reentrega;SEM AGENDAMENTO
39578;Reentrega;SEM AGENDAMENTO
39579;Reentrega;SEM AGENDAMENTO
39580;Reentrega;LOJA SEM ESPAÇO
39578;Reentrega;LOJA SEM ESPAÇO
39579;Reentrega;LOJA SEM ESPAÇO
39580;Reentrega;FORA DE HORÁRIO
39578;Reentrega;FORA DE HORÁRIO
39579;Reentrega;FORA DE HORÁRIO
39580;Devolução;SEM PEDIDO
171711;Devolução;DIVERGENCIA DE PEDIDO
180233;Reentrega;SEM AGENDAMENTO
180232;Reentrega;SEM AGENDAMENTO
69;Reentrega;SEM AGENDAMENTO
70;Reentrega;SEM AGENDAMENTO
24507;Reentrega;VEICULO NÃO CARREGADO
38665;Cancelado;PEDIDO EXPIRADO
38663;Cancelado;PEDIDO EXPIRADO
144813;Cancelado;PEDIDO CANCELADO
274284;Devolução;PEDIDO RECUSADO PELO CLIENTE
77800;Devolução;NF EM SINISTRO
39940;Reentrega;FORA DE HORÁRIO
39940;Reentrega;FORA DE HORÁRIO
39940;Reentrega;FORA DE HORÁRIO
153;Reentrega;FORA DE HORÁRIO
152;Reentrega;FORA DE HORÁRIO
103374;Reentrega;SEM AGENDAMENTO
128490;Devolução;PEDIDO EM DUPLICIDADE
39797;Cancelado;CARGA EXTRAVIADA PELA TRANSPORTADORA
40290;Devolução;SEM PEDIDO
331;Reentrega;SEM TRIBUTAÇÃO FISCAL NA NOTA
118917;Reentrega;LOJA SEM ESPAÇO
118918;Reentrega;LOJA SEM ESPAÇO
128665;Devolução;PEDIDO EM DUPLICIDADE
40387;Reentrega;FORA DE HORÁRIO
40388;Reentrega;FORA DE HORÁRIO
178320;Reentrega;LOJA EM BALANÇO
178321;Reentrega;LOJA EM BALANÇO
40387;Reentrega;LOJA EM BALANÇO
40388;Reentrega;LOJA EM BALANÇO
178320;Reentrega;LOJA SEM ESPAÇO
178321;Reentrega;LOJA SEM ESPAÇO
247;Reentrega;LOJA SEM ESPAÇO
248;Reentrega;LOJA SEM ESPAÇO
40387;Reentrega;LOJA SEM ESPAÇO
40388;Reentrega;LOJA SEM ESPAÇO
40388;Devolução;SEM PEDIDO
178320;Devolução;SEM PEDIDO
188877;Devolução;SEM PEDIDO
42715;Devolução;PEDIDO EM DUPLICIDADE
46207;Devolução;PEDIDO EM DUPLICIDADE
131039;Reentrega;SEM PEDIDO
131040;Reentrega;SEM PEDIDO
131041;Reentrega;SEM PEDIDO
131042;Reentrega;SEM PEDIDO
131043;Reentrega;SEM PEDIDO
131044;Reentrega;SEM PEDIDO
131045;Reentrega;SEM PEDIDO
138066;Reentrega;PROBLEMA TRIBUTARIO
138067;Reentrega;PROBLEMA TRIBUTARIO
138066;Devolução;PEDIDO CANCELADO
143018;Devolução;SEM PEDIDO
159399;Reentrega;LOJA EM BALANÇO
159400;Reentrega;LOJA EM BALANÇO
159401;Reentrega;LOJA EM BALANÇO
39601;Reentrega;LOJA EM BALANÇO
39600;Reentrega;LOJA EM BALANÇO
100158;Reentrega;CLIENTE SEM ESPAÇO PARA O DISPLAY. REENTREGAR.
100158;Reentrega;ESTOQUE CHEIO
128026;Devolução;PEDIDO EM DUPLICIDADE
38836;Reentrega;FORA DE HORÁRIO
163979;Reentrega;FORA DE HORÁRIO
163978;Reentrega;FORA DE HORÁRIO
163980;Reentrega;FORA DE HORÁRIO
163981;Reentrega;FORA DE HORÁRIO
163982;Reentrega;FORA DE HORÁRIO
163983;Reentrega;FORA DE HORÁRIO
39987;Devolução;DIVERGENCIA DE PRODUTO
440;Reentrega;FORA DE HORÁRIO
439;Reentrega;FORA DE HORÁRIO
38411;Reentrega;FORA DE HORÁRIO
38410;Reentrega;FORA DE HORÁRIO
167639;Reentrega;LOJA EM BALANÇO
167640;Reentrega;LOJA EM BALANÇO
167641;Reentrega;LOJA EM BALANÇO
167642;Reentrega;LOJA EM BALANÇO
39841;Reentrega;FORA DE HORÁRIO
39842;Reentrega;FORA DE HORÁRIO
39841;Devolução;FALTA DE MERCADORIA
39842;Devolução;FALTA DE MERCADORIA
40340;Reentrega;FORA DE HORÁRIO
40341;Reentrega;FORA DE HORÁRIO
40340;Reentrega;FORA DE HORÁRIO
40341;Reentrega;FORA DE HORÁRIO
334;Reentrega;SEM TRIBUTAÇÃO FISCAL NA NOTA
334;Reentrega;FORA DE HORÁRIO
124488;Reentrega;LOJA SEM ESPAÇO
124489;Reentrega;LOJA SEM ESPAÇO
124490;Reentrega;LOJA SEM ESPAÇO
124492;Reentrega;LOJA SEM ESPAÇO
124491;Reentrega;LOJA SEM ESPAÇO
124493;Reentrega;LOJA SEM ESPAÇO
124494;Reentrega;LOJA SEM ESPAÇO
124488;Reentrega;LOJA SEM ESPAÇO
124489;Reentrega;LOJA SEM ESPAÇO
124490;Reentrega;LOJA SEM ESPAÇO
124492;Reentrega;LOJA SEM ESPAÇO
124491;Reentrega;LOJA SEM ESPAÇO
124493;Reentrega;LOJA SEM ESPAÇO
124494;Reentrega;LOJA SEM ESPAÇO
38445;Reentrega;FORA DE HORÁRIO
38447;Reentrega;FORA DE HORÁRIO
38869;Devolução;SOLICITAÇÃO COMERCIAL
126228;Devolução;PEDIDO EM DUPLICIDADE
158563;Reentrega;FORA DE HORÁRIO
39539;Reentrega;FORA DE HORÁRIO
160235;Reentrega;LOJA EM BALANÇO
160236;Reentrega;LOJA EM BALANÇO
160237;Reentrega;LOJA EM BALANÇO
158563;Reentrega;LOJA EM BALANÇO
187817;Reentrega;FORA DE HORÁRIO
187816;Reentrega;FORA DE HORÁRIO
187817;Reentrega;LOJA EM BALANÇO
187816;Reentrega;LOJA EM BALANÇO
187817;Reentrega;FORA DE HORÁRIO
187816;Reentrega;FORA DE HORÁRIO
37711;Reentrega;CARRO QUEBROU
128021;Devolução;SEM PEDIDO
38779;Reentrega;FORA DE HORÁRIO
461;Reentrega;FORA DE HORÁRIO
127961;Devolução;SEM PEDIDO
512;Reentrega;FORA DE HORÁRIO
511;Reentrega;FORA DE HORÁRIO
512;Reentrega;FORA DE HORÁRIO
512;Devolução;PEDIDO EM DUPLICIDADE
59338;Devolução;PEDIDO EM DUPLICIDADE
130098;Devolução;PEDIDO EM DUPLICIDADE
124652;Devolução;PEDIDO CANCELADO
38701;Devolução;PEDIDO CANCELADO
38702;Devolução;PEDIDO CANCELADO
38703;Devolução;PEDIDO CANCELADO
38894;Devolução;PEDIDO EM DUPLICIDADE
161147;Reentrega;LOJA EM BALANÇO
161149;Reentrega;LOJA EM BALANÇO
161150;Reentrega;LOJA EM BALANÇO
161148;Reentrega;LOJA EM BALANÇO
161151;Reentrega;LOJA EM BALANÇO
161152;Reentrega;LOJA EM BALANÇO
39613;Reentrega;LOJA EM BALANÇO
39610;Reentrega;LOJA EM BALANÇO
39613;Reentrega;LOJA EM BALANÇO
39610;Reentrega;LOJA EM BALANÇO
170071;Reentrega;LOJA SEM ESPAÇO
170072;Reentrega;LOJA SEM ESPAÇO
178186;Reentrega;EXCESSO DE VEICULOS NO CLIENTE
178187;Reentrega;EXCESSO DE VEICULOS NO CLIENTE
178188;Reentrega;EXCESSO DE VEICULOS NO CLIENTE
178189;Reentrega;EXCESSO DE VEICULOS NO CLIENTE
182844;Reentrega;FORA DE HORÁRIO
182843;Reentrega;FORA DE HORÁRIO
178186;Reentrega;FORA DE HORÁRIO
178187;Reentrega;FORA DE HORÁRIO
178188;Reentrega;FORA DE HORÁRIO
178189;Reentrega;FORA DE HORÁRIO
190800;Reentrega;SEM AGENDAMENTO
190801;Reentrega;SEM AGENDAMENTO
190802;Reentrega;LOJA SEM ESPAÇO
73455;Devolução;SINISTRO COM VEICULO
84017;Devolução;SINISTRO COM VEICULO
124000;Devolução;PEDIDO CANCELADO
129197;Devolução;PEDIDO EM DUPLICIDADE
139586;Devolução;PEDIDO EXPIRADO
129476;Devolução;DIVERGENCIA DE PEDIDO
37939;Cancelado;SEM TRIBUTAÇÃO FISCAL NA NOTA
148179;Reentrega;FORA DE HORÁRIO
39178;Reentrega;FORA DE HORÁRIO
39179;Reentrega;FORA DE HORÁRIO
39178;Reentrega;FORA DE HORÁRIO
39178;Reentrega;FORA DE HORÁRIO
159453;Devolução;SEM PEDIDO
186539;Reentrega;LOJA EM BALANÇO
186538;Reentrega;LOJA EM BALANÇO
186540;Reentrega;LOJA EM BALANÇO
186541;Reentrega;LOJA EM BALANÇO
186542;Reentrega;LOJA EM BALANÇO
358;Reentrega;LOJA EM BALANÇO
127182;Devolução;PEDIDO EM DUPLICIDADE
38865;Reentrega;SEM PEDIDO
38865;Devolução;SEM PEDIDO
337;Reentrega;SEM TRIBUTAÇÃO FISCAL NA NOTA
338;Reentrega;SEM TRIBUTAÇÃO FISCAL NA NOTA
337;Devolução;SEM TRIBUTAÇÃO FISCAL NA NOTA
338;Devolução;SEM TRIBUTAÇÃO FISCAL NA NOTA
8872;Devolução;PEDIDO EM DUPLICIDADE
39543;Reentrega;SEM AGENDAMENTO
185544;Reentrega;LOJA EM BALANÇO
185545;Reentrega;LOJA EM BALANÇO
185546;Reentrega;LOJA EM BALANÇO
185547;Reentrega;LOJA EM BALANÇO
352;Reentrega;LOJA EM BALANÇO
186360;Reentrega;LOJA EM BALANÇO
185544;Reentrega;LOJA EM BALANÇO
185545;Reentrega;LOJA EM BALANÇO
185546;Reentrega;LOJA EM BALANÇO
352;Reentrega;LOJA EM BALANÇO
185547;Reentrega;LOJA EM BALANÇO
186360;Reentrega;LOJA EM BALANÇO
185546;Cancelado;SEM AGENDAMENTO
185544;Reentrega;SEM AGENDAMENTO
185545;Reentrega;SEM AGENDAMENTO
185547;Reentrega;SEM AGENDAMENTO
186360;Reentrega;SEM AGENDAMENTO
191151;Reentrega;SEM AGENDAMENTO
157939;Devolução;SEM PEDIDO
127874;Devolução;PEDIDO EM DUPLICIDADE
39148;Reentrega;FORA DE HORÁRIO
39148;Reentrega;FORA DE HORÁRIO
39148;Devolução;PEDIDO CANCELADO
180518;Reentrega;SEM AGENDAMENTO
180519;Reentrega;SEM AGENDAMENTO
180520;Reentrega;SEM AGENDAMENTO
279;Reentrega;FORA DE HORÁRIO
38740;Cancelado;CLIENTE CANCELOU PEDIDOS OKKER
462;Reentrega;FORA DE HORÁRIO
462;Reentrega;FORA DE HORÁRIO
91113;Devolução;PEDIDO EXPIRADO
105636;Devolução;PRODUTO COM AVARIA
114937;Devolução;PRODUTO COM AVARIA
124005;Devolução;PEDIDO CANCELADO
149074;Cancelado;RECUSA - PEDIDO COM DUPLICIDADE
127824;Devolução;PEDIDO EM DUPLICIDADE
141113;Devolução;PEDIDO CANCELADO
147952;Reentrega;FORA DE HORÁRIO
147952;Reentrega;FORA DE HORÁRIO
39500;Reentrega;FORA DE HORÁRIO
39501;Reentrega;FORA DE HORÁRIO
40283;Reentrega;LOJA EM BALANÇO
40284;Reentrega;LOJA EM BALANÇO
37542;Cancelado;DIVERGENCIA DE PEDIDO
38667;Cancelado;PEDIDO EXPIRADO
39640;Reentrega;FORA DE HORÁRIO
162407;Devolução;PEDIDO EXPIRADO
39784;Reentrega;EXCESSO DE VEICULOS NO CLIENTE
162002;Reentrega;FORA DE HORÁRIO
451;Reentrega;FORA DE HORÁRIO
450;Reentrega;FORA DE HORÁRIO
37451;Cancelado;DIVERGENCIA DE PEDIDO
37936;Devolução;SEM PEDIDO
38453;Reentrega;FALTA DE MERCADORIA
38452;Reentrega;FALTA DE MERCADORIA
38453;Devolução;NOTA INCOMPLETA
38452;Reentrega;CLIENTE SOLICITOU PARA REENTREGAR
177737;Devolução;PRODUTO NÃO CADASTRADO
314;Reentrega;FORA DE HORÁRIO
105639;Cancelado;CARGA EXTRAVIADA
125150;Devolução;PEDIDO CANCELADO
40424;Devolução;avaria
73457;Devolução;FALTA DE MERCADORIA
137186;Devolução;DIVERGENCIA DE PEDIDO
137185;Devolução;DIVERGENCIA DE PEDIDO
37946;Devolução;PEDIDO FOI DERRUBADO PELO NOVO
170663;Devolução;DIVERGENCIA DE PEDIDO
35505;Cancelado;CLIENTE EM CONSTRUÇÃO
37416;Cancelado;DIVERGENCIA DE PEDIDO
126327;Devolução;SEM PEDIDO
38508;Devolução;PEDIDO EXPIRADO
99447;Devolução;PEDIDO EM DUPLICIDADE
130119;Devolução;PEDIDO EM DUPLICIDADE
120;Reentrega;FORA DE HORÁRIO
181078;Devolução;PEDIDO EM DUPLICIDADE
120;Reentrega;NÃO CARREGOU
130831;Reentrega;SEM AGENDAMENTO
130838;Reentrega;SEM AGENDAMENTO
130831;Devolução;PEDIDO EXPIRADO
130838;Devolução;PEDIDO EXPIRADO
39104;Reentrega;DIVERGÊNCIA DE QUANTIDADE
40248;Devolução;PEDIDO RECUSADO PELO CLIENTE
40247;Devolução;PEDIDO RECUSADO PELO CLIENTE
40249;Devolução;PEDIDO RECUSADO PELO CLIENTE
40250;Devolução;PEDIDO RECUSADO PELO CLIENTE
130050;Reentrega;SEM PROMOTOR NA LOJA
39422;Devolução;SEM PEDIDO
38037;Devolução;PEDIDO RECUSADO PELO CLIENTE
38038;Devolução;PEDIDO RECUSADO PELO CLIENTE
38739;Reentrega;FORA DE HORÁRIO
13516;Cancelado;SEM PEDIDO
13517;Cancelado;SEM PEDIDO
14630;Cancelado;SEM PEDIDO
39785;Reentrega;FORA DE HORÁRIO
277;Reentrega;FORA DE HORÁRIO
186749;Reentrega;FORA DE HORÁRIO
8722;Devolução;SEM PEDIDO
141295;Devolução;SEM PEDIDO
39373;Devolução;PEDIDO EXPIRADO
274345;Reentrega;NÃO CARREGOU
38780;Devolução;PEDIDO CANCELADO
39145;Reentrega;FORA DE HORÁRIO
39342;Reentrega;FORA DE HORÁRIO
269;Reentrega;FORA DE HORÁRIO
130857;Reentrega;LOJA SEM ESPAÇO
130859;Reentrega;LOJA SEM ESPAÇO
130858;Reentrega;LOJA SEM ESPAÇO
130860;Reentrega;LOJA SEM ESPAÇO
130861;Reentrega;LOJA SEM ESPAÇO
130862;Reentrega;LOJA SEM ESPAÇO
130863;Reentrega;LOJA SEM ESPAÇO
38629;Cancelado;NÃO FOI CARREGADO
39092;Devolução;PEDIDO EXPIRADO
156541;Reentrega;LOJA SEM ESPAÇO
156543;Reentrega;LOJA SEM ESPAÇO
156544;Reentrega;LOJA SEM ESPAÇO
156545;Reentrega;LOJA SEM ESPAÇO
39428;Reentrega;LOJA SEM ESPAÇO
39429;Reentrega;LOJA SEM ESPAÇO
156543;Reentrega;FORA DE HORÁRIO
156544;Reentrega;FORA DE HORÁRIO
156545;Reentrega;FORA DE HORÁRIO
160100;Reentrega;FORA DE HORÁRIO
160101;Reentrega;FORA DE HORÁRIO
156543;Reentrega;LOJA SEM ESPAÇO
156544;Reentrega;LOJA SEM ESPAÇO
156545;Reentrega;LOJA SEM ESPAÇO
160100;Reentrega;LOJA SEM ESPAÇO
160101;Reentrega;LOJA SEM ESPAÇO
162819;Reentrega;FORA DE HORÁRIO
162820;Reentrega;FORA DE HORÁRIO
162821;Reentrega;FORA DE HORÁRIO
167429;Reentrega;LOJA SEM ESPAÇO
162819;Reentrega;LOJA SEM ESPAÇO
162820;Reentrega;LOJA SEM ESPAÇO
162821;Reentrega;LOJA SEM ESPAÇO
169356;Reentrega;ESTOQUE CHEIO
178272;Reentrega;SEM AGENDAMENTO
178273;Reentrega;SEM AGENDAMENTO
178274;Reentrega;SEM AGENDAMENTO
188045;Reentrega;FORA DE HORÁRIO
188045;Reentrega;FORA DE HORÁRIO
38621;Reentrega;LOJA EM INVENTÁRIO
38622;Reentrega;LOJA EM INVENTÁRIO
38733;Cancelado;FORA DE HORÁRIO
332;Reentrega;SEM TRIBUTAÇÃO FISCAL NA NOTA
332;Devolução;SEM TRIBUTAÇÃO FISCAL NA NOTA
184178;Devolução;PEDIDO CANCELADO
41918;Devolução;CLIENTE EM OBRA - RECUSARAM NF
41917;Devolução;CLIENTE EM OBRA - RECUSARAM NF
35396;Devolução;CLIENTE EM CONSTRUÇÃO
35800;Cancelado;PEDIDO EM DUPLICIDADE
35890;Cancelado;PEDIDO EM DUPLICIDADE
38795;Reentrega;FORA DE HORÁRIO
39958;Reentrega;FORA DE HORÁRIO
175356;Devolução;SEM PEDIDO
119880;Reentrega;SEM AGENDAMENTO
119881;Reentrega;SEM AGENDAMENTO
119882;Reentrega;SEM AGENDAMENTO
123558;Reentrega;LOJA SEM ESPAÇO
123559;Reentrega;LOJA SEM ESPAÇO
38789;Devolução;CLIENTE SOLICITOU CANCELAMENTO (ASSAI OKKER)
166736;Reentrega;FORA DE HORÁRIO
40006;Reentrega;FORA DE HORÁRIO
336;Devolução;SEM TRIBUTAÇÃO FISCAL NA NOTA
455;Reentrega;FORA DE HORÁRIO
454;Reentrega;FORA DE HORÁRIO
274460;Reentrega;LOJA EM BALANÇO
36747;Cancelado;DIVERGENCIA DE PEDIDO
126595;Devolução;SEM PEDIDO
38770;Reentrega;FORA DE HORÁRIO
39674;Reentrega;FORA DE HORÁRIO
216;Reentrega;FORA DE HORÁRIO
215;Reentrega;FORA DE HORÁRIO
187980;Reentrega;FORA DE HORÁRIO
274409;Reentrega;MOTORISTA NÃO CARREGOU
274409;Devolução;SEM PEDIDO
24394;Reentrega;CLIENTE EM INVENTÁRIO
132715;Reentrega;FORA DE HORÁRIO
240;Reentrega;FORA DE HORÁRIO
241;Reentrega;FORA DE HORÁRIO
240;Reentrega;NÃO CARREGOU
241;Reentrega;NÃO CARREGOU
353;Reentrega;SEM TRIBUTAÇÃO FISCAL NA NOTA
68310;Devolução;PEDIDO RECUSADO PELO CLIENTE
96396;Devolução;PEDIDO EXPIRADO
128436;Devolução;DIVERGENCIA DE PEDIDO
137223;Devolução;DIVERGENCIA DE PEDIDO
137219;Devolução;DIVERGENCIA DE PEDIDO
37963;Devolução;PEDIDO FOI DERRUBADO PELO NOVO
145997;Devolução;PEDIDO CANCELADO
38725;Cancelado;PEDIDO CANCELADO
39029;Devolução;PEDIDO EXPIRADO
30051;Reentrega;ESTOQUE CHEIO. REENTREGAR A NF.
42446;Reentrega;LOJA EM INVENTÁRIO. PEDIU PARA ENTREGAR 30/09
41458;Reentrega;LOJA EM INVENTÁRIO. PEDIU PARA ENTREGAR 30/09
47933;Reentrega;ENTREGAR DIA 12/09 CONFORME SOLICITAÇÃO DO CLIENTE, ( RESSALVA NA NF )
47933;Reentrega;BASE SEM ENERGIA - MOTORISTA NÃO CONSEGUIU COLETAR A CARGA
116798;Reentrega;LOJA SEM ESPAÇO
116799;Reentrega;LOJA SEM ESPAÇO
116800;Reentrega;LOJA SEM ESPAÇO
116801;Reentrega;LOJA SEM ESPAÇO
116802;Reentrega;LOJA SEM ESPAÇO
116803;Reentrega;LOJA SEM ESPAÇO
130137;Devolução;SEM PEDIDO
39086;Cancelado;PEDIDO EXPIRADO
375;Reentrega;FORA DE HORÁRIO
9050;Cancelado;PEDIDO CANCELADO
9049;Cancelado;PEDIDO CANCELADO
14092;Reentrega;COMERCIAL SOLICITOU REENTREGA - CLIENTE SEM PROMOTOR
99522;Reentrega;CHEGOU DEPOIS DO HORÁRIO AGENDADO.
38551;Reentrega;NÃO FOI CARREGADO
38552;Reentrega;NÃO FOI CARREGADO
38553;Reentrega;NÃO FOI CARREGADO
38554;Reentrega;NÃO FOI CARREGADO
157659;Reentrega;LOJA SEM ESPAÇO
157658;Reentrega;LOJA SEM ESPAÇO
157657;Reentrega;LOJA SEM ESPAÇO
39477;Reentrega;LOJA SEM ESPAÇO
39478;Reentrega;LOJA SEM ESPAÇO
157659;Reentrega;FORA DE HORÁRIO
157658;Reentrega;FORA DE HORÁRIO
157657;Reentrega;FORA DE HORÁRIO
39477;Reentrega;FORA DE HORÁRIO
39478;Reentrega;FORA DE HORÁRIO
163142;Reentrega;FORA DE HORÁRIO
163143;Reentrega;FORA DE HORÁRIO
163144;Reentrega;FORA DE HORÁRIO
163145;Reentrega;FORA DE HORÁRIO
163148;Reentrega;FORA DE HORÁRIO
39801;Reentrega;FORA DE HORÁRIO
39477;Reentrega;FORA DE HORÁRIO
39478;Reentrega;FORA DE HORÁRIO
39801;Reentrega;FORA DE HORÁRIO
177561;Reentrega;LOJA SEM ESPAÇO
177560;Reentrega;LOJA SEM ESPAÇO
329;Devolução;SEM TRIBUTAÇÃO FISCAL NA NOTA
530;Reentrega;LOJA EM BALANÇO
76862;Devolução;PEDIDO EXPIRADO
109489;Devolução;TIVEMOS VARIAS TENTATIVAS DE ENTREGA E TODAS O CLIENTE RECUSOU POR EXCESSO DE VEÍCULO.
113206;Devolução;LOJA SEM ESPAÇO
113207;Devolução;LOJA EM BALANÇO
113212;Devolução;EXCESSO DE VEICULOS NO CLIENTE
116330;Devolução;LOJA SEM ESPAÇO
116331;Devolução;LOJA SEM ESPAÇO
120108;Devolução;TIVEMOS 3 TENTATIVAS DE ENTREGAS E FORAM DEVOLVIDA POR EXCESSO DE VEÍCULO.
120109;Devolução;TIVEMOS 3 TENTATIVAS DE ENTREGAS E FORAM DEVOLVIDA POR EXCESSO DE VEÍCULO.
120112;Devolução;TIVEMOS 3 TENTATIVAS DE ENTREGAS E FORAM DEVOLVIDA POR EXCESSO DE VEÍCULO.
122073;Devolução;LOJA SEM ESPAÇO
37960;Devolução;PEDIDO FOI DERRUBADO PELO NOVO
139571;Devolução;PEDIDO EXPIRADO
139574;Devolução;PEDIDO EXPIRADO
147926;Devolução;PEDIDO EXPIRADO
147927;Devolução;PEDIDO EXPIRADO
42730;Reentrega;CARGA INVERTIDA. REENTREGAR.
42731;Reentrega;CARGA INVERTIDA. REENTREGAR.
35664;Cancelado;DIVERGENCIA DE PRODUTO
36043;Cancelado;DIVERGENCIA DE PRODUTO
131230;Devolução;SINISTRO COM VEICULO
131231;Devolução;SINISTRO COM VEICULO
131232;Devolução;SINISTRO COM VEICULO
131233;Devolução;SINISTRO COM VEICULO
131234;Devolução;SINISTRO COM VEICULO
8244;Reentrega;COMERCIAL SOLICITOU REENTREGA
8244;Devolução;PEDIDO EM DUPLICIDADE
34168;Reentrega;LOJA SEM ESPAÇO
34169;Reentrega;LOJA SEM ESPAÇO
36523;Reentrega;LOJA SEM ESPAÇO
34168;Devolução;CLIENTE NÃO ACEITA CARGA ENVIADA ATRAVÉS DE "CARRETA"
34169;Devolução;CLIENTE NÃO ACEITA CARGA ENVIADA ATRAVÉS DE "CARRETA"
36523;Devolução;CLIENTE NÃO ACEITA CARGA ENVIADA ATRAVÉS DE "CARRETA"
37052;Reentrega;LOJA SEM ESPAÇO
38654;Reentrega;FORA DE HORÁRIO
169645;Devolução;PEDIDO CANCELADO
169646;Devolução;PEDIDO CANCELADO
185899;Devolução;PEDIDO CANCELADO
169647;Devolução;PEDIDO CANCELADO
183733;Devolução;PEDIDO CANCELADO
384;Reentrega;FORA DE HORÁRIO
38794;Devolução;PEDIDO EM DUPLICIDADE
39651;Cancelado;PEDIDO EXPIRADO
41867;Reentrega;FICOU PRESO NA REDE X - 04 . RECEBE NF ATÉ AS 12H.
38688;Devolução;PEDIDO EXPIRADO
39453;Reentrega;EXCESSO DE VEICULOS NO CLIENTE
39453;Reentrega;EXCESSO DE VEICULOS NO CLIENTE
39453;Devolução;DIVERGENCIA DE PEDIDO
380;Reentrega;FORA DE HORÁRIO
380;Reentrega;FORA DE HORÁRIO
38785;Cancelado;PEDIDO CANCELADO
39648;Reentrega;FORA DE HORÁRIO
39770;Reentrega;FORA DE HORÁRIO
39770;Reentrega;FORA DE HORÁRIO
268;Reentrega;FORA DE HORÁRIO
42950;Reentrega;LOJA EM BALANÇO
42951;Reentrega;LOJA EM BALANÇO
42952;Reentrega;LOJA EM BALANÇO
42953;Reentrega;LOJA EM BALANÇO
126583;Devolução;PEDIDO CANCELADO
327;Reentrega;SEM TRIBUTAÇÃO FISCAL NA NOTA
188011;Reentrega;FORA DE HORÁRIO
188011;Reentrega;FORA DE HORÁRIO
188011;Devolução;SEM PEDIDO
115905;Reentrega;EXCESSO DE VEICULOS NO CLIENTE
115906;Reentrega;EXCESSO DE VEICULOS NO CLIENTE
115907;Reentrega;EXCESSO DE VEICULOS NO CLIENTE
126307;Reentrega;LOJA SEM ESPAÇO
126308;Reentrega;LOJA SEM ESPAÇO
126309;Reentrega;LOJA SEM ESPAÇO
176903;Reentrega;SEM AGENDAMENTO
176904;Reentrega;SEM AGENDAMENTO
176905;Reentrega;SEM AGENDAMENTO
185981;Devolução;SEM PEDIDO
317;Reentrega;FORA DE HORÁRIO
317;Devolução;SEM TRIBUTAÇÃO FISCAL NA NOTA
123756;Reentrega;LOJA SEM ESPAÇO
123757;Reentrega;LOJA SEM ESPAÇO
123758;Reentrega;LOJA SEM ESPAÇO
123759;Reentrega;LOJA SEM ESPAÇO
123760;Reentrega;LOJA SEM ESPAÇO
123761;Reentrega;LOJA SEM ESPAÇO
123762;Reentrega;LOJA SEM ESPAÇO
123763;Reentrega;LOJA SEM ESPAÇO
131615;Devolução;PEDIDO EM DUPLICIDADE
151;Reentrega;FORA DE HORÁRIO
150;Reentrega;FORA DE HORÁRIO
185607;Reentrega;SEM TRIBUTAÇÃO FISCAL NA NOTA
151;Reentrega;NÃO CARREGOU
150;Reentrega;NÃO CARREGOU
515;Reentrega;FORA DE HORÁRIO
151;Reentrega;FORA DE HORÁRIO
150;Reentrega;FORA DE HORÁRIO
39012;Reentrega;MOTORISTA NÃO CARREGOU
39584;Reentrega;FORA DE HORÁRIO
179795;Devolução;SEM PEDIDO
28925;Devolução;DIVERGENCIA DE CADASTRO
28930;Devolução;DIVERGENCIA DE CADASTRO
28929;Devolução;DIVERGENCIA DE CADASTRO
28928;Devolução;DIVERGENCIA DE CADASTRO
28934;Devolução;(CORTE) SEM PRODUTO NO ESTOQUE
28935;Devolução;(CORTE) SEM PRODUTO NO ESTOQUE
28936;Devolução;(CORTE) SEM PRODUTO NO ESTOQUE
28937;Devolução;(CORTE) SEM PRODUTO NO ESTOQUE
28953;Devolução;(CORTE) SEM PRODUTO NO ESTOQUE
29325;Devolução;SEM PEDIDO
29326;Devolução;SEM PEDIDO
29327;Devolução;SEM PEDIDO
29328;Devolução;SEM PEDIDO
29329;Devolução;SEM PEDIDO
29330;Devolução;SEM PEDIDO
29331;Devolução;SEM PEDIDO
29321;Devolução;SEM PEDIDO
29322;Devolução;SEM PEDIDO
69248;Cancelado;DIVERGENCIA DE CADASTRO
68569;Devolução;PEDIDO DIVERGENTE . RECUSAR
68568;Devolução;DIVERGENCIA DE PEDIDO
162834;Devolução;DIVERGENCIA DE PEDIDO
57434;Cancelado;NOTA SERÁ SUBSTITUIDA, VENDEDOR LANÇOU PEDIDO PARA CLIENTE ERRADO
68557;Devolução;DIVERGENCIA DE PEDIDO. RECUSAR
9670;Cancelado;DIVERGENCIA DE CADASTRO
77491;Devolução;PEDIDO CANCELADO
37726;Cancelado;CNPJ INCORRETO
144115;Cancelado;CNPJ INCORRETO
173551;Cancelado;SEM TRIBUTAÇÃO FISCAL NA NOTA
69239;Cancelado;DIVERGENCIA DE CADASTRO
72958;Cancelado;DIVERGENCIA DE CADASTRO
173549;Devolução;PEDIDO CANCELADO
74883;Devolução;CNPJ INCORRETO
172657;Devolução;PEDIDO CANCELADO
130233;Cancelado;PEDIDO EM DUPLICIDADE
173541;Cancelado;SEM TRIBUTAÇÃO FISCAL NA NOTA
2122;Devolução;.
2335;Devolução;.
4700;Devolução;PEDIDO RECUSADO PELO CLIENTE
18305;Devolução;DIVERGENCIA DE PRODUTO
26382;Devolução;SEM PEDIDO
44416;Reentrega;Foi paletizado 7 por 6 e o padrão do cliente  é 5 por 8
173550;Cancelado;PEDIDO CANCELADO
162976;Devolução;PEDIDO EM ATRASO
156662;Cancelado;DIVERGENCIA DE PEDIDO
37732;Cancelado;CNPJ INCORRETO
37729;Cancelado;CNPJ INCORRETO
173544;Cancelado;SEM TRIBUTAÇÃO FISCAL NA NOTA
37721;Cancelado;CNPJ INCORRETO
171763;Devolução;DIVERGENCIA DE PEDIDO
9673;Cancelado;DIVERGENCIA DE CADASTRO
64332;Devolução;CLIENTE ALEGANDO DUPLICIDADE NA NF
37730;Cancelado;CNPJ INCORRETO
25443;Devolução;PEDIDO EM DUPLICIDADE
37733;Cancelado;CNPJ INCORRETO
173538;Cancelado;SEM TRIBUTAÇÃO FISCAL NA NOTA
171759;Devolução;DIVERGENCIA DE PEDIDO
174178;Cancelado;PEDIDO CANCELADO
173539;Cancelado;SEM TRIBUTAÇÃO FISCAL NA NOTA
13185;Cancelado;SEM PEDIDO
105996;Cancelado;SEM TRIBUTAÇÃO FISCAL NA NOTA
172658;Devolução;PEDIDO CANCELADO
173537;Cancelado;SEM TRIBUTAÇÃO FISCAL NA NOTA
69230;Cancelado;DIVERGENCIA DE CADASTRO
173552;Cancelado;SEM TRIBUTAÇÃO FISCAL NA NOTA
53869;Devolução;CNPJ INCORRETO
120640;Devolução;Erro de tributacao CAMOMILA
120966;Reentrega;NF ESTAVA COM DIVERGÊNCIA - FOI REALIZADO A SUBSTITUIÇÃO MAS PASSOU DO HORARIO DE RECEBIMENTO
48322;Reentrega;CLIENTE SOLICITOU UM NOVO AGENDAMENTO
178891;Reentrega;NÃO CARREGOU
41422;Devolução;CNPJ INCORRETO
37719;Cancelado;CNPJ INCORRETO
27312;Reentrega;LOJA SEM ESPAÇO
43560;Reentrega;REAGENDAR, POR FALTA DE ESPAÇO.
43565;Reentrega;REAGENDAR, POR FALTA DE ESPAÇO.
43560;Devolução;VENDEDOR SOLICITOU CANCELAMENTO, PORQUE O AGENDAMENTO ESTÁ DISTANTE
43565;Devolução;VENDEDOR SOLICITOU CANCELAMENTO, PORQUE O AGENDAMENTO ESTÁ DISTANTE
60271;Reentrega;ESTOQUE CHEIO. REAGENDAR.
60283;Reentrega;ESTOQUE CHEIO. REAGENDAR.
60279;Reentrega;ESTOQUE CHEIO. REAGENDAR.
60279;Devolução;SEM PEDIDO
74507;Reentrega;LOJA SEM ESPAÇO
10788;Reentrega;LOJA SEM ESPAÇO
10789;Reentrega;LOJA SEM ESPAÇO
26078;Reentrega;LOJA SEM ESPAÇO
34911;Reentrega;SEM TRIBUTAÇÃO FISCAL NA NOTA
46249;Reentrega;ESTOQUE INTERDITADO REAGENDAR PARA DEPOIS DO DIA 07/10
46250;Reentrega;ESTOQUE INTERDITADO REAGENDAR PARA DEPOIS DO DIA 07/10
48243;Reentrega;LOJA SEM ESPAÇO
59423;Reentrega;ESTOQUE CHEIO / CLIENTE SOLICITOU REAGENDAMENTO
59432;Reentrega;ESTOQUE CHEIO / CLIENTE SOLICITOU REAGENDAMENTO
81286;Reentrega;LOJA SEM ESPAÇO
156381;Reentrega;FORA DE HORÁRIO
156380;Reentrega;FORA DE HORÁRIO
156381;Reentrega;LOJA SEM ESPAÇO
156380;Reentrega;LOJA SEM ESPAÇO
160854;Reentrega;LOJA SEM ESPAÇO
160855;Reentrega;LOJA SEM ESPAÇO
178508;Reentrega;LOJA SEM ESPAÇO
178507;Reentrega;LOJA SEM ESPAÇO
178506;Reentrega;LOJA SEM ESPAÇO
178505;Reentrega;LOJA SEM ESPAÇO
41426;Devolução;CNPJ INCORRETO
178881;Reentrega;CARRO QUEBROU
41408;Cancelado;NOTAS FOI SUBSTITUIDA
69861;Devolução;QUALIDADE RECUSADA - AMARELADA
95664;Reentrega;SEM AGENDAMENTO
188552;Reentrega;SEM AGENDAMENTO
74909;Reentrega;FORA DE HORÁRIO
158326;Reentrega;EXCESSO DE VEICULOS NO CLIENTE
159568;Reentrega;SEM AGENDAMENTO
172287;Reentrega;LOJA SEM ESPAÇO
178551;Devolução;PEDIDO RECUSADO PELO CLIENTE
178552;Devolução;PEDIDO RECUSADO PELO CLIENTE
183188;Reentrega;LOJA SEM ESPAÇO
155968;Reentrega;EXCESSO DE VEICULOS NO CLIENTE
155967;Reentrega;EXCESSO DE VEICULOS NO CLIENTE
175541;Devolução;SEM PEDIDO
177265;Devolução;SEM PEDIDO
175541;Devolução;SEM PEDIDO
60025;Devolução;NF DEVOLVIDA. ITENS A MAIS DO QUE FOI PEDIDO. RECUSAR.
94708;Devolução;SEM PEDIDO
94709;Devolução;SEM PEDIDO
101567;Devolução;SEM PEDIDO
177076;Devolução;PEDIDO EM DUPLICIDADE
177077;Devolução;PEDIDO EM DUPLICIDADE
177078;Devolução;PEDIDO EM DUPLICIDADE
177079;Devolução;PEDIDO EM DUPLICIDADE
177080;Devolução;PEDIDO EM DUPLICIDADE
80643;Reentrega;LOJA SEM ESPAÇO
178888;Reentrega;LOJA SEM ESPAÇO
178885;Reentrega;LOJA SEM ESPAÇO
178886;Reentrega;LOJA SEM ESPAÇO
178887;Reentrega;LOJA SEM ESPAÇO
178884;Reentrega;LOJA SEM ESPAÇO
41425;Devolução;CNPJ INCORRETO
41664;Cancelado;NOTA FOI SUBSTITUIDA
75126;Reentrega;SEM AGENDAMENTO
167750;Reentrega;FORA DE HORÁRIO
127333;Reentrega;CLIENTE NAO SUPORTA RECEBER CARRETA
43013;Devolução;CNPJ INCORRETO
50312;Devolução;DIVERGENCIA DE PEDIDO
20420;Devolução;DIVERGENCIA DE CADASTRO
37736;Cancelado;CNPJ INCORRETO
46678;Devolução;CNPJ INCORRETO
64315;Devolução;CNPJ INCORRETO. SEGUIR COM A RECUSA
156668;Devolução;DIVERGENCIA DE PEDIDO
37734;Devolução;SEM PEDIDO
22576;Cancelado;DIVERGENCIA DE CADASTRO
176920;Reentrega;SEM AGENDAMENTO
176921;Reentrega;SEM AGENDAMENTO
176922;Reentrega;SEM AGENDAMENTO
81102;Reentrega;LOJA SEM ESPAÇO
138023;Devolução;PEDIDO CANCELADO
161234;Reentrega;LOJA SEM ESPAÇO
161235;Reentrega;LOJA SEM ESPAÇO
167347;Reentrega;DIVERGENCIA DE PEDIDO
167348;Reentrega;DIVERGENCIA DE PEDIDO
167347;Reentrega;FORA DE HORÁRIO
167348;Reentrega;FORA DE HORÁRIO
180727;Devolução;DIVERGENCIA DE PEDIDO
191239;Reentrega;SEM PROMOTOR
191233;Reentrega;SEM PROMOTOR
56328;Devolução;SEM PEDIDO
120842;Devolução;ST DESTACADO
160251;Reentrega;EXCESSO DE VEICULOS NO CLIENTE
160252;Reentrega;EXCESSO DE VEICULOS NO CLIENTE
160251;Reentrega;LOJA SEM ESPAÇO
160252;Reentrega;LOJA SEM ESPAÇO
169064;Reentrega;LOJA SEM ESPAÇO
169063;Reentrega;LOJA SEM ESPAÇO
169065;Reentrega;LOJA SEM ESPAÇO
80513;Reentrega;LOJA SEM ESPAÇO
80513;Reentrega;SEM AGENDAMENTO
173345;Devolução;SEM PEDIDO
42994;Reentrega;Excesso de veiculo
43001;Reentrega;Excesso de veiculo
42994;Devolução;VENDEDOR SOLICITOU CANCELAMENTO, PORQUE O AGENDAMENTO ESTÁ DISTANTE
43001;Devolução;VENDEDOR SOLICITOU CANCELAMENTO, PORQUE O AGENDAMENTO ESTÁ DISTANTE
155113;Reentrega;EXCESSO DE VEICULOS NO CLIENTE
155112;Reentrega;EXCESSO DE VEICULOS NO CLIENTE
37720;Cancelado;CNPJ INCORRETO
35603;Reentrega;LOJA SEM ESPAÇO
80672;Reentrega;SEM AGENDAMENTO
95940;Reentrega;LOJA SEM ESPAÇO
95941;Reentrega;LOJA SEM ESPAÇO
102749;Devolução;SEM PEDIDO
123048;Reentrega;FORA DE HORÁRIO
175265;Devolução;SEM PEDIDO
80609;Reentrega;LOJA SEM ESPAÇO
80609;Devolução;LOCAL NAO SUPORTAVA O CARRO
169151;Reentrega;LOJA SEM SISTEMA
66072;Reentrega;FORA DE HORÁRIO
157663;Devolução;SEM PEDIDO
157662;Devolução;SEM PEDIDO
157664;Devolução;SEM PEDIDO
174156;Devolução;DIVERGENCIA DE PEDIDO
58159;Reentrega;FOI CARREGADO DOIS DISPLAY'S , NA NF PEDE 3 DISPLAY'S
82271;Reentrega;CLIENTE SOLICITOU REENTREGA A PARTIR DO DIA 22/04
148893;Reentrega;FORA DE HORÁRIO
148893;Reentrega;FORA DE HORÁRIO
156832;Devolução;SEM PEDIDO
169141;Devolução;PEDIDO EXPIRADO
155937;Devolução;SEM PEDIDO
30339;Devolução;ESTOQUE CHEIO
80568;Reentrega;LOJA SEM ESPAÇO
80568;Reentrega;SEM ESPAÇO / CLIENTE SOLICITOU REAGENDAMENTO
156332;Reentrega;EXCESSO DE VEICULOS NO CLIENTE
158166;Reentrega;EXCESSO DE VEICULOS NO CLIENTE
80372;Reentrega;LOJA SEM ESPAÇO
58905;Devolução;PEDIDO EM DUPLICIDADE
167392;Reentrega;LOJA SEM ESPAÇO
167393;Reentrega;LOJA SEM ESPAÇO
167394;Reentrega;LOJA SEM ESPAÇO
59425;Reentrega;ESTOQUE CHEIO - CLIENTE SOLICITOU REAGENDAMENTO
59434;Reentrega;ESTOQUE CHEIO - CLIENTE SOLICITOU REAGENDAMENTO
93421;Reentrega;CLIENTE BATEU O LIMETE DE CARGA NO DIA, NÃO PODE RECEBER AS MERCADORIAS
93422;Reentrega;CLIENTE BATEU O LIMETE DE CARGA NO DIA, NÃO PODE RECEBER AS MERCADORIAS
142438;Devolução;NF FATURADA SEM REGIME ESPECIAL
96203;Devolução;SEM PEDIDO
41894;Reentrega;EXCESSO DE VEÍCULO. VENDEDOR PEDIU PARA SEGUIR COM A REENTREGA 13/09 ( SEXTA-FEIRA )
41903;Reentrega;EXCESSO DE VEÍCULO. VENDEDOR PEDIU PARA SEGUIR COM A REENTREGA 13/09 ( SEXTA-FEIRA )
80114;Reentrega;CLIENTE SEM ESPAÇO PARA RECEBER - REENTREGAR 14/04
81045;Reentrega;LOJA SEM ESPAÇO
15260;Reentrega;SEM AGENDAMENTO
58680;Devolução;PEDIDO DIVERGENTE
80559;Reentrega;LOJA SEM ESPAÇO
164037;Reentrega;LOJA SEM SISTEMA
164039;Reentrega;LOJA SEM SISTEMA
37722;Cancelado;CNPJ INCORRETO
173571;Devolução;PEDIDO EM DUPLICIDADE
15105;Reentrega;LOJA SEM ESPAÇO
43937;Reentrega;EXCESSO DE MERCADORIA
43942;Reentrega;EXCESSO DE MERCADORIA
43937;Devolução;VENDEDOR SOLICITOU CANCELAMENTO, PORQUE O AGENDAMENTO ESTÁ DISTANTE
43942;Devolução;VENDEDOR SOLICITOU CANCELAMENTO, PORQUE O AGENDAMENTO ESTÁ DISTANTE
80671;Reentrega;LOJA SEM ESPAÇO
48001;Devolução;PEDIDO EXPIRADO
16309;Reentrega;LOJA SEM ESPAÇO
82324;Reentrega;LOJA SEM ESPAÇO
128055;Reentrega;Local não suporta Carreta
36420;Reentrega;CARGA NÃO FOI CARREGADA PLEO MOTORISTA
13228;Cancelado;CNPJ INCORRETO
63991;Devolução;SEM PEDIDO
70866;Devolução;PEDIDO EXPIRADO
75677;Devolução;SEM PEDIDO
120831;Cancelado;PEDIDO EM ATRASO
120836;Cancelado;PEDIDO EM ATRASO
48195;Devolução;PEDIDO EXPIRADO
56075;Devolução;NF COM PROBLEMA DE ICMS
56074;Devolução;NF COM PROBLEMA DE ICMS
41407;Cancelado;NOTAS FOI SUBSTITUIDA
35638;Reentrega;LOJA SEM ESPAÇO
71389;Reentrega;CLIENTE SEM SISTEMA, NÃO CONSEGUIU RECEBER / REENTREGA SOLICITADA PARA QUARTA FEIRA 19/02/2025, PELO GERENTE WELKER
167230;Devolução;PEDIDO RECUSADO PELO CLIENTE
161524;Reentrega;FORA DE HORÁRIO
161524;Reentrega;LOJA SEM ESPAÇO
165151;Reentrega;LOJA SEM ESPAÇO
163742;Reentrega;LOJA SEM ESPAÇO
175329;Reentrega;LOJA SEM ESPAÇO
175330;Reentrega;LOJA SEM ESPAÇO
175331;Reentrega;LOJA SEM ESPAÇO
175332;Reentrega;LOJA SEM ESPAÇO
178883;Reentrega;SEM AGENDAMENTO
178882;Reentrega;SEM AGENDAMENTO
175329;Reentrega;SEM AGENDAMENTO
175330;Reentrega;SEM AGENDAMENTO
175331;Reentrega;SEM AGENDAMENTO
175332;Reentrega;SEM AGENDAMENTO
100412;Cancelado;DIVERGENCIA DE PEDIDO
117385;Cancelado;SEM TRIBUTAÇÃO FISCAL NA NOTA
120613;Cancelado;CNPJ INCORRETO
124801;Cancelado;CNPJ INCORRETO
128125;Cancelado;CNPJ INCORRETO
152634;Devolução;SEM TRIBUTAÇÃO FISCAL NA NOTA
161199;Devolução;SEM PEDIDO
152638;Devolução;SEM TRIBUTAÇÃO FISCAL NA NOTA
161198;Devolução;SEM PEDIDO
152632;Devolução;SEM TRIBUTAÇÃO FISCAL NA NOTA
152629;Devolução;SEM TRIBUTAÇÃO FISCAL NA NOTA
152631;Devolução;SEM TRIBUTAÇÃO FISCAL NA NOTA
61929;Devolução;CNPJ INCORRETO
152635;Devolução;SEM TRIBUTAÇÃO FISCAL NA NOTA
161194;Devolução;SEM PEDIDO
152627;Devolução;SEM TRIBUTAÇÃO FISCAL NA NOTA
161193;Devolução;SEM PEDIDO
152636;Devolução;SEM TRIBUTAÇÃO FISCAL NA NOTA
35042;Reentrega;DIVERGENCIA DE CADASTRO
155779;Devolução;DIVERGENCIA DE PREÇO
175346;Cancelado;MOTORISTA DEIXOU A MERCADORIA NO CLIENTE - REALIZADO NOTA DE COBRANÇA PARA O MESMO.
175347;Devolução;PEDIDO EM DUPLICIDADE
175348;Devolução;PEDIDO EM DUPLICIDADE
175349;Devolução;PEDIDO EM DUPLICIDADE
175350;Devolução;PEDIDO EM DUPLICIDADE
80174;Reentrega;CARRO QUEBROU
80224;Reentrega;LOJA SEM ESPAÇO
160253;Reentrega;LOJA SEM ESPAÇO
160254;Reentrega;LOJA SEM ESPAÇO
180350;Reentrega;FORA DE HORÁRIO
261;Reentrega;CLIENTE EM CONSTRUÇÃO
14260;Reentrega;ESTOQUE CHEIO. CONFORME RESSALVA.
14260;Devolução;PEDIDO CANCELADO
42991;Reentrega;MERCADO SOLICITOU REENTREGA PARA O DIA 21/09 / 06HRS AM
42992;Reentrega;MERCADO SOLICITOU REENTREGA PARA O DIA 21/09 / 06HRS AM
156469;Reentrega;EXCESSO DE VEICULOS NO CLIENTE
156470;Reentrega;EXCESSO DE VEICULOS NO CLIENTE
156471;Reentrega;EXCESSO DE VEICULOS NO CLIENTE
156469;Reentrega;FORA DE HORÁRIO
156470;Reentrega;FORA DE HORÁRIO
156471;Reentrega;FORA DE HORÁRIO
160983;Reentrega;FORA DE HORÁRIO
160984;Reentrega;FORA DE HORÁRIO
156470;Reentrega;FORA DE HORÁRIO
166639;Reentrega;SEM AGENDAMENTO
166640;Reentrega;SEM AGENDAMENTO
166641;Reentrega;SEM AGENDAMENTO
156470;Devolução;SEM PEDIDO
120615;Cancelado;SEM TRIBUTAÇÃO FISCAL NA NOTA
13082;Cancelado;PRODUTO NÃO CADASTRADO
34913;Devolução;NF SUBSTITUIDA! NOVA NF 35608
105305;Cancelado;SEM TRIBUTAÇÃO FISCAL NA NOTA
120614;Cancelado;SEM TRIBUTAÇÃO FISCAL NA NOTA
171112;Devolução;Sem previsão de recebimento
87890;Reentrega;ESTOQUE CHEIO. REENTREGAR
87891;Reentrega;ESTOQUE CHEIO. REENTREGAR
16792;Reentrega;ENTREGA FORA DE HORÁRIO
41937;Devolução;RECUSAR. PROBLEMA DE IMPOSTO. VAI SER PRECISO FAZER SUBSTITUIÇÃO DA NF
46251;Reentrega;CLIENTE SEM ESPAÇO. VENDEDOR PEDIU PARA RETORNAR 07/10 COM A MESMA AGENDA.
46252;Reentrega;CLIENTE SEM ESPAÇO. VENDEDOR PEDIU PARA RETORNAR 07/10 COM A MESMA AGENDA.
42806;Reentrega;MERCADORIA CONSTA NA EMPRESA NF ANTIGA 41937
42806;Reentrega;MERCADORIA NÃO SUBIU NO CARRO DO MOTORISTA
72802;Reentrega;CLIENTE NÃO CONSEGUIU RECEBER NF POR EXCESSO DE MERCADORIA / VENDEDOR SOLICITOU REENTREGA
72802;Reentrega;SEM AGENDAMENTO
77788;Reentrega;SEM AGENDAMENTO
77789;Reentrega;SEM AGENDAMENTO
77788;Reentrega;CLIENTE SEM ESPAÇO / SOLICITOU REENTREGA PARA O DIA 23/04
77789;Reentrega;CLIENTE SEM ESPAÇO / SOLICITOU REENTREGA PARA O DIA 23/04
72802;Reentrega;CLIENTE SEM ESPAÇO / SOLICITOU REENTREGA PARA O DIA 23/04
72802;Devolução;COMPRADOR EMITIU QUANTIDADES ERRADAS PARA A LOJA. ESTOQUE NÃO SUPORTA. SEGUIR COM A RECUSA
77788;Devolução;COMPRADOR EMITIU QUANTIDADES ERRADAS PARA A LOJA. ESTOQUE NÃO SUPORTA. SEGUIR COM A RECUSA
77789;Devolução;COMPRADOR EMITIU QUANTIDADES ERRADAS PARA A LOJA. ESTOQUE NÃO SUPORTA. SEGUIR COM A RECUSA
165647;Reentrega;LOJA SEM ESPAÇO
169143;Reentrega;LOJA SEM ESPAÇO
165647;Reentrega;LOJA SEM ESPAÇO
165647;Reentrega;SEM AGENDAMENTO
169143;Reentrega;SEM AGENDAMENTO
177045;Reentrega;SEM AGENDAMENTO
177046;Reentrega;SEM AGENDAMENTO
177047;Reentrega;SEM AGENDAMENTO
177048;Reentrega;SEM AGENDAMENTO
177049;Reentrega;SEM AGENDAMENTO
177050;Reentrega;SEM AGENDAMENTO
177051;Reentrega;SEM AGENDAMENTO
177045;Reentrega;LOJA SEM ESPAÇO
177046;Reentrega;LOJA SEM ESPAÇO
177047;Reentrega;LOJA SEM ESPAÇO
177048;Reentrega;LOJA SEM ESPAÇO
177049;Reentrega;LOJA SEM ESPAÇO
177050;Reentrega;LOJA SEM ESPAÇO
177051;Reentrega;LOJA SEM ESPAÇO
165647;Devolução;PEDIDO EXPIRADO
169143;Devolução;PEDIDO EXPIRADO
182743;Reentrega;LOJA SEM ESPAÇO
185798;Reentrega;LOJA SEM ESPAÇO
177045;Reentrega;LOJA SEM ESPAÇO
177046;Reentrega;LOJA SEM ESPAÇO
177047;Reentrega;LOJA SEM ESPAÇO
177048;Reentrega;LOJA SEM ESPAÇO
177049;Reentrega;LOJA SEM ESPAÇO
177050;Reentrega;LOJA SEM ESPAÇO
177051;Reentrega;LOJA SEM ESPAÇO
182743;Reentrega;LOJA SEM ESPAÇO
185798;Reentrega;LOJA SEM ESPAÇO
163321;Devolução;DIVERGENCIA DE PREÇO
175267;Devolução;SEM PEDIDO
175885;Devolução;SEM PEDIDO
93542;Reentrega;FORA DO AGENDAMENTO - REENTREGAR NA DATA DO AGENDAMENTO
93543;Reentrega;FORA DO AGENDAMENTO - REENTREGAR NA DATA DO AGENDAMENTO
166835;Devolução;PEDIDO EM DUPLICIDADE
156547;Reentrega;EXCESSO DE VEICULOS NO CLIENTE
156548;Reentrega;EXCESSO DE VEICULOS NO CLIENTE
175715;Reentrega;LOJA SEM ESPAÇO
175714;Reentrega;LOJA SEM ESPAÇO
175713;Reentrega;LOJA SEM ESPAÇO
187953;Reentrega;LOJA SEM ESPAÇO
188536;Reentrega;LOJA SEM ESPAÇO
188535;Reentrega;LOJA SEM ESPAÇO
44189;Reentrega;SEM AGENDAMENTO
44193;Reentrega;SEM AGENDAMENTO
44189;Devolução;VENDEDOR SOLICITOU CANCELAMENTO, PORQUE O AGENDAMENTO ESTÁ DISTANTE.
44193;Devolução;VENDEDOR SOLICITOU CANCELAMENTO, PORQUE O AGENDAMENTO ESTÁ DISTANTE.
82300;Reentrega;LOJA SEM ESPAÇO
156478;Reentrega;LOJA SEM SISTEMA
156479;Reentrega;LOJA SEM SISTEMA
11462;Reentrega;INVERSÃO DE PRODUTOS
90064;Reentrega;VENDEDOR PEDIU PARA ANTECIPAR, MAS FOI PARA O CNPJ ERRADO. SEGUIR COM A REENTREGA CONFORME O AGENDAMENTO
182652;Reentrega;SEM AGENDAMENTO
182653;Reentrega;SEM AGENDAMENTO
182654;Reentrega;SEM AGENDAMENTO
11539;Reentrega;LOJA SEM ESPAÇO
159687;Devolução;DIVERGENCIA DE PRODUTO
79510;Reentrega;EXCESSO DE VEICULOS NO CLIENTE
120792;Reentrega;NAO CARREGOU
120957;Reentrega;NF ESTAVA COM DIVERGÊNCIA - FOI REALIZADO A SUBSTITUIÇÃO MAS PASSOU DO HORARIO DE RECEBIMENTO
180919;Reentrega;FORA DE HORÁRIO
53752;Reentrega;FORA DE HORÁRIO
151123;Reentrega;FORA DE HORÁRIO
5716;Reentrega;FORA DE HORÁRIO
78792;Devolução;CLIENTE SÓ RECEBE NF FATURADA COM EMISSÃO MESMA SEMANA
127525;Devolução;FATURADO COMO BONIFICACAO E ERA PRA SER SIMPLES REMESSA
127744;Devolução;FATURADO COMO BONIFICACAO E ERA PRA SER SIMPLES REMESSA
673;Reentrega;FORA DE HORÁRIO
11941;Devolução;NF SUBSTITUIDA
183678;Reentrega;FORA DE HORÁRIO
183685;Reentrega;FORA DE HORÁRIO
84824;Reentrega;ENTREGA FORA DE HORÁRIO
84820;Reentrega;ENTREGA FORA DE HORÁRIO
161775;Devolução;DIVERGENCIA DE PEDIDO
168523;Devolução;DIVERGENCIA DE PEDIDO
161780;Devolução;DIVERGENCIA DE PEDIDO
11878;Reentrega;FORA DE HORÁRIO
11879;Reentrega;FORA DE HORÁRIO
11878;Devolução;NF SUBSTITUIDA
48438;Reentrega;FORA DE HORÁRIO
101476;Reentrega;FICOU PRESO ATALAIA LJ 02
108667;Reentrega;FORA DE HORÁRIO
127682;Reentrega;FORA DE HORÁRIO
127683;Reentrega;FORA DE HORÁRIO
135976;Reentrega;FORA DE HORÁRIO
135977;Reentrega;FORA DE HORÁRIO
135976;Reentrega;FORA DE HORÁRIO
135977;Reentrega;FORA DE HORÁRIO
135976;Devolução;PEDIDO EXPIRADO
135977;Devolução;PEDIDO EXPIRADO
147635;Reentrega;FORA DE HORÁRIO
183682;Reentrega;FORA DE HORÁRIO
189042;Reentrega;FORA DE HORÁRIO
189045;Reentrega;FORA DE HORÁRIO
22225;Reentrega;ENTREGA FORA DE HORÁRIO
72447;Reentrega;CLIENTE SEM ENERGIA, NÃO CONSEGUIRAM RECEBER A MERCADORIA.
72447;Reentrega;NÃO CARREGARAM NF NO MOTORISTA
77444;Devolução;DIVERGENCIA DE PREÇO
77443;Devolução;DIVERGENCIA DE PREÇO
78325;Devolução;DIVERGENCIA DE PREÇO
87974;Reentrega;ENTREGA FORA DE HORÁRIO
113598;Reentrega;FORA DE HORÁRIO
127538;Reentrega;FORA DE HORÁRIO
127539;Reentrega;FORA DE HORÁRIO
127538;Reentrega;FORA DE HORÁRIO
127539;Reentrega;FORA DE HORÁRIO
127538;Reentrega;NÃO CARREGOU
127539;Reentrega;NÃO CARREGOU
127538;Reentrega;NÃO FOI CARREGADO (FALTA DE MERCADORIA)
127539;Reentrega;NÃO FOI CARREGADO (FALTA DE MERCADORIA)
167618;Reentrega;LOJA FECHADA
167617;Reentrega;LOJA FECHADA
167616;Reentrega;LOJA FECHADA
155421;Reentrega;FORA DE HORÁRIO
155420;Reentrega;FORA DE HORÁRIO
155419;Reentrega;FORA DE HORÁRIO
43039;Devolução;PEDIDO EM DESACORDO. NÃO FATUROU A BONIFICAÇÃO.
810;Reentrega;FORA DE HORÁRIO
6605;Reentrega;FORA DE HORÁRIO
29435;Reentrega;ENTREGA FORA DE HORÁRIO
29435;Devolução;PEDIDO EM DUPLICIDADE
32262;Reentrega;PRECISA ARRUMAR A MERCADORIA, NÃO FOI SEPARADA
32261;Reentrega;PRECISA ARRUMAR A MERCADORIA, NÃO FOI SEPARADA
32260;Reentrega;PRECISA ARRUMAR A MERCADORIA, NÃO FOI SEPARADA
39907;Reentrega;MOTORISTA NÃO CARREGOU
39907;Reentrega;ENTREGA FORA DE HORÁRIO
45945;Reentrega;FORA DE HORÁRIO
45946;Reentrega;FORA DE HORÁRIO
45947;Reentrega;FORA DE HORÁRIO
45948;Reentrega;FORA DE HORÁRIO
45949;Reentrega;FORA DE HORÁRIO
48217;Reentrega;FORA DE HORÁRIO
48211;Reentrega;FORA DE HORÁRIO
48210;Reentrega;FORA DE HORÁRIO
76888;Reentrega;ENTREGA FORA DE HORÁRIO
124512;Reentrega;REENTREGAR A PARTIR DO DIA 03/11
124511;Reentrega;REENTREGAR A PARTIR DO DIA 03/11
149696;Reentrega;FORA DE HORÁRIO
149693;Reentrega;FORA DE HORÁRIO
149694;Reentrega;FORA DE HORÁRIO
149692;Reentrega;FORA DE HORÁRIO
149695;Reentrega;FORA DE HORÁRIO
190376;Reentrega;FORA DE HORÁRIO
190376;Reentrega;Cliente solicitou dia retorno dia um 01/09
14845;Reentrega;LOJA EM BALANÇO, SÓ CONSEGUE RECEBER DEPOIS DO DIA 17/04
14846;Reentrega;LOJA EM BALANÇO, SÓ CONSEGUE RECEBER DEPOIS DO DIA 17/04
14847;Reentrega;LOJA EM BALANÇO, SÓ CONSEGUE RECEBER DEPOIS DO DIA 17/04
14849;Reentrega;LOJA EM BALANÇO, SÓ CONSEGUE RECEBER DEPOIS DO DIA 17/04
14851;Reentrega;LOJA EM BALANÇO, SÓ CONSEGUE RECEBER DEPOIS DO DIA 17/04
51912;Reentrega;ENTREGAR A PARTIR DO DIA 01/11
51920;Reentrega;ENTREGAR A PARTIR DO DIA 01/11
51919;Reentrega;ENTREGAR A PARTIR DO DIA 01/11
87534;Reentrega;ENTREGA FORA DE HORÁRIO
88228;Reentrega;FORA DE HORÁRIO
87534;Reentrega;FORA DE HORÁRIO
149331;Reentrega;FORA DE HORÁRIO
151496;Reentrega;SEM AGENDAMENTO
190477;Reentrega;LOJA SEM ESPAÇO
8408;Reentrega;COMERCIAL SOLICITOU REENTREGA
8408;Devolução;DIVERGENCIA DE PEDIDO
48212;Reentrega;FORA DE HORÁRIO
48219;Reentrega;FORA DE HORÁRIO
48218;Reentrega;FORA DE HORÁRIO
76887;Reentrega;ENTREGA FORA DE HORÁRIO
79876;Reentrega;FORA DE HORARIO - CLIENTE COM DEMORA DE RECEBIMENTO "AYUMI - 06"
79877;Reentrega;FORA DE HORARIO - CLIENTE COM DEMORA DE RECEBIMENTO "AYUMI - 06"
79878;Reentrega;FORA DE HORARIO - CLIENTE COM DEMORA DE RECEBIMENTO "AYUMI - 06"
100380;Reentrega;FICOU PRESO AYUMI - 04
100378;Reentrega;FICOU PRESO AYUMI - 04
119898;Reentrega;FORA DE HORÁRIO
119894;Reentrega;FORA DE HORÁRIO
119899;Reentrega;FORA DE HORÁRIO
119897;Reentrega;FORA DE HORÁRIO
119896;Reentrega;FORA DE HORÁRIO
119895;Reentrega;FORA DE HORÁRIO
119894;Reentrega;NÃO CARREGADO
119899;Reentrega;NÃO CARREGADO
119897;Reentrega;NÃO CARREGADO
119896;Reentrega;NÃO CARREGADO
124510;Reentrega;REENTREGAR A PARTIR DO DIA 03/11
176125;Reentrega;EXCESSO DE VEICULOS NO CLIENTE
176124;Reentrega;EXCESSO DE VEICULOS NO CLIENTE
174866;Devolução;SEM PEDIDO
190488;Reentrega;LOJA SEM ESPAÇO
6607;Reentrega;FORA DE HORÁRIO
6606;Reentrega;FORA DE HORÁRIO
8432;Devolução;SEM PEDIDO
19444;Reentrega;CLIENTE PEDIU PARA REENTREGAR APARTIR DO DIA 15/05
19443;Reentrega;CLIENTE PEDIU PARA REENTREGAR APARTIR DO DIA 15/05
19445;Reentrega;CLIENTE PEDIU PARA REENTREGAR APARTIR DO DIA 15/05
19446;Reentrega;CLIENTE PEDIU PARA REENTREGAR APARTIR DO DIA 15/05
19447;Reentrega;CLIENTE PEDIU PARA REENTREGAR APARTIR DO DIA 15/05
29432;Reentrega;ENTREGA FORA DE HORÁRIO
32266;Reentrega;PRECISA ARRUMAR A MERCADORIA, NÃO FOI SEPARADA
32265;Reentrega;PRECISA ARRUMAR A MERCADORIA, NÃO FOI SEPARADA
32264;Reentrega;PRECISA ARRUMAR A MERCADORIA, NÃO FOI SEPARADA
32263;Reentrega;PRECISA ARRUMAR A MERCADORIA, NÃO FOI SEPARADA
34191;Reentrega;FORA DE HORÁRIO
34192;Reentrega;FORA DE HORÁRIO
34193;Reentrega;FORA DE HORÁRIO
34194;Reentrega;FORA DE HORÁRIO
51939;Reentrega;FORA DO HORÁRIO
51938;Reentrega;FORA DO HORÁRIO
51937;Reentrega;FORA DO HORÁRIO
51936;Reentrega;FORA DO HORÁRIO
66131;Reentrega;CLIENTE SOLICITOU REENTREGA PARA O DIA 21/01
72260;Reentrega;FORA DE HORÁRIO
72259;Reentrega;FORA DE HORÁRIO
72257;Reentrega;FORA DE HORÁRIO
72262;Reentrega;FORA DE HORÁRIO
80452;Reentrega;FORA DE HORÁRIO
80451;Reentrega;FORA DE HORÁRIO
82661;Reentrega;FORA DE HORÁRIO
82664;Reentrega;FORA DE HORÁRIO
82662;Reentrega;FORA DE HORÁRIO
82668;Reentrega;FORA DE HORÁRIO
80452;Reentrega;FORA DE HORÁRIO
80451;Reentrega;FORA DE HORÁRIO
82643;Reentrega;FORA DE HORÁRIO
110996;Reentrega;FORA DE HORÁRIO
110995;Reentrega;FORA DE HORÁRIO
119905;Reentrega;QUALIDADE RECUSADA - AMARELADA
119905;Reentrega;NÃO CARREGADO
123376;Reentrega;QUALIDADE RECUSADA - ESTUFADA
124513;Reentrega;REENTREGAR A PARTIR DO DIA 03/11
123376;Reentrega;REENTREGAR A PARTIR DO DIA 03/11
124513;Reentrega;FORA DE HORÁRIO
174867;Reentrega;FORA DE HORÁRIO
174867;Devolução;PEDIDO EM ATRASO
190489;Reentrega;LOJA SEM ESPAÇO
14824;Reentrega;LOJA EM BALANÇO
14823;Reentrega;LOJA EM BALANÇO
14822;Reentrega;LOJA EM BALANÇO
14821;Reentrega;LOJA EM BALANÇO
14820;Reentrega;LOJA EM BALANÇO
34346;Reentrega;CLIENTE COM ESTOQUE CHEIO. RETORNAR A PARTIR DO DIA 05/08
34347;Reentrega;CLIENTE COM ESTOQUE CHEIO. RETORNAR A PARTIR DO DIA 05/08
34348;Reentrega;CLIENTE COM ESTOQUE CHEIO. RETORNAR A PARTIR DO DIA 05/08
51819;Reentrega;ENTREGAR A PARTIR  01/11
51820;Reentrega;ENTREGAR A PARTIR  01/11
51818;Reentrega;ENTREGAR A PARTIR  01/11
51816;Reentrega;ENTREGAR A PARTIR  01/11
55854;Devolução;PEDIDO EM DESACORDO
67432;Reentrega;MERCARDORIA AVARIADA / TROCAR CARGA E REENTREGAR
80951;Reentrega;FORA DE HORÁRIO
174856;Reentrega;FORA DE HORÁRIO
175749;Devolução;ERRO DE FATURAMENTO
175757;Devolução;ERRO DE FATURAMENTO
179093;Devolução;SEM PEDIDO
180449;Reentrega;FORA DE HORÁRIO
190291;Reentrega;LOJA SEM ESPAÇO
8407;Reentrega;FORA DE HORÁRIO
8412;Reentrega;FORA DE HORÁRIO
37355;Devolução;SEM PEDIDO
38366;Devolução;SEM PEDIDO
66050;Reentrega;LOJA EM INVENTARIO - REENTREGAR A PARTI DE 20/01
80269;Reentrega;FORA DE HORÁRIO
80269;Reentrega;FORA DE HORARIO
98227;Reentrega;FICOU PRESO AYUMI - 03
124524;Reentrega;CLIENTE SOLICITOU REENTREGA APÓS 03/11
190407;Devolução;PEDIDO CANCELADO
3132;Reentrega;CLIENTE SÓ RECEBE A PARTIR 01/02
3133;Reentrega;CLIENTE SÓ RECEBE A PARTIR 01/02
51739;Reentrega;ENTREGAR A PARTIR DO DIA 01/11
51738;Reentrega;ENTREGAR A PARTIR DO DIA 01/11
51741;Reentrega;ENTREGAR A PARTIR DO DIA 01/11
51740;Reentrega;ENTREGAR A PARTIR DO DIA 01/11
60318;Reentrega;FORA DE HORÁRIO
60318;Reentrega;FORA DE HORÁRIO
68664;Reentrega;MERCADORIA SUADA / TROCAR CARGA E REENTREGAR
78270;Devolução;OCORRENCIA MERCADORIA ROUBADA
104779;Reentrega;FORA DE HORÁRIO
104780;Reentrega;FORA DE HORÁRIO
104781;Reentrega;FORA DE HORÁRIO
104782;Reentrega;FORA DE HORÁRIO
104783;Reentrega;FORA DE HORÁRIO
132152;Reentrega;LOJA SEM ESPAÇO
132150;Reentrega;LOJA SEM ESPAÇO
132149;Reentrega;LOJA SEM ESPAÇO
132153;Reentrega;LOJA SEM ESPAÇO
132151;Reentrega;LOJA SEM ESPAÇO
6303;Reentrega;LOJA FECHADA
6303;Reentrega;FORA DE HORÁRIO
14723;Reentrega;NF - EM BALANÇO - RECEBE APÓS DIA 18/04
14724;Reentrega;NF - EM BALANÇO - RECEBE APÓS DIA 18/04
14725;Reentrega;NF - EM BALANÇO - RECEBE APÓS DIA 18/04
14726;Reentrega;NF - EM BALANÇO - RECEBE APÓS DIA 18/04
26928;Reentrega;DIVERGENCIA DE CADASTRO
26928;Reentrega;FORA DE HORÁRIO
26928;Devolução;SEM PEDIDO
37442;Devolução;SEM PEDIDO
38887;Devolução;SEM PEDIDO
45857;Devolução;SEM PEDIDO
51947;Reentrega;ENTREGAR A PARTIR 01/11
51942;Reentrega;ENTREGAR A PARTIR 01/11
51940;Reentrega;ENTREGAR A PARTIR 01/11
187360;Reentrega;FORA DE HORÁRIO
190411;Reentrega;SEM PEDIDO
14728;Devolução;SEM PEDIDO
17420;Reentrega;CLIENTE SÓ VAI RECEBER APARTIR DO DIA 01/05/2024
24062;Devolução;SEM PEDIDO
66351;Reentrega;CLIENTE EM INVENTARIO / REENTREGAR A PARTIR DO DIA 24/01
66357;Reentrega;CLIENTE EM INVENTARIO / REENTREGAR A PARTIR DO DIA 24/01
66352;Reentrega;CLIENTE EM INVENTARIO / REENTREGAR A PARTIR DO DIA 24/01
78152;Reentrega;FORA DE HORÁRIO
81969;Reentrega;FORA DE HORÁRIO
81968;Reentrega;FORA DE HORÁRIO
81971;Reentrega;FORA DE HORÁRIO
81974;Reentrega;FORA DE HORÁRIO
88530;Reentrega;RECEBIMENTO INTERDITADO. SEGUIR COM A REENTREGA
88534;Reentrega;RECEBIMENTO INTERDITADO. SEGUIR COM A REENTREGA
88532;Reentrega;RECEBIMENTO INTERDITADO. SEGUIR COM A REENTREGA
88530;Reentrega;RECEBIMENTO INTERDITADO
88534;Reentrega;RECEBIMENTO INTERDITADO
88532;Reentrega;RECEBIMENTO INTERDITADO
126164;Reentrega;LOJA SEM ESPAÇO
126163;Reentrega;LOJA SEM ESPAÇO
126162;Reentrega;LOJA SEM ESPAÇO
126161;Reentrega;LOJA SEM ESPAÇO
126165;Reentrega;LOJA SEM ESPAÇO
161146;Reentrega;EXCESSO DE VEICULOS NO CLIENTE
190409;Reentrega;SEM PEDIDO
8369;Devolução;PEDIDO RECUSADO PELO CLIENTE
10332;Devolução;MOTORISTA NÃO EFETUOU ESSE CARREGAMENTO E DEPOIS NÃO TEVE ROTEIRIZAÇÃO. CLIENTE NÃO ACEITA MAIS O PEDIDO
10488;Devolução;MOTORISTA NÃO EFETUOU ESSE CARREGAMENTO E DEPOIS NÃO TEVE ROTEIRIZAÇÃO. CLIENTE NÃO ACEITA MAIS O PEDIDO
14819;Cancelado;SEM PEDIDO
51826;Reentrega;ENTREGAR A PARTIR DO DIA 01/11
51827;Reentrega;ENTREGAR A PARTIR DO DIA 01/11
51828;Reentrega;ENTREGAR A PARTIR DO DIA 01/11
66274;Reentrega;LOJA EM BALANÇO. REENTREGAR APÓS 24/01
66277;Reentrega;LOJA EM BALANÇO. REENTREGAR APÓS 24/01
66274;Reentrega;CLIENTE EM INVENTARIO / SOLICITARAM REENTREGA PARA O DIA 28/01
66277;Reentrega;CLIENTE EM INVENTARIO / SOLICITARAM REENTREGA PARA O DIA 28/01
66274;Reentrega;FORA DE HORÁRIO
66277;Reentrega;FORA DE HORÁRIO
72237;Reentrega;FORA DE HORÁRIO. REENTREGA
124860;Reentrega;ESTOQUE CHEIO / VENDEDORA SOLICITOU REENTREGA
126430;Reentrega;LOJA SEM ESPAÇO
126429;Reentrega;LOJA SEM ESPAÇO
126428;Reentrega;LOJA SEM ESPAÇO
126427;Reentrega;LOJA SEM ESPAÇO
126426;Reentrega;LOJA SEM ESPAÇO
124860;Reentrega;LOJA SEM ESPAÇO
130431;Reentrega;LOJA SEM ESPAÇO
130435;Reentrega;LOJA SEM ESPAÇO
130433;Reentrega;LOJA SEM ESPAÇO
130432;Reentrega;LOJA SEM ESPAÇO
130434;Reentrega;LOJA SEM ESPAÇO
174853;Reentrega;FORA DE HORÁRIO
175754;Devolução;ERRO DE FATURAMENTO
176012;Reentrega;QUALIDADE RECUSADA - ESTUFADA
190348;Reentrega;LOJA SEM ESPAÇO
190346;Reentrega;LOJA SEM ESPAÇO
21757;Reentrega;LOJA SEM ESPAÇO
21757;Devolução;RECUSADA. WRAP IMPROPRIO PARA CONSUMO.
24006;Devolução;PEDIDO EM DUPLICIDADE
190436;Reentrega;LOJA SEM ESPAÇO
18428;Reentrega;ENTREGA FORA DE HORÁRIO
18429;Reentrega;ENTREGA FORA DE HORÁRIO
24000;Devolução;SEM PEDIDO
51829;Reentrega;ENTREGAR A PARTIR DO DIA 01/11
51830;Reentrega;ENTREGAR  A PARTIR DO DIA 01/11
51831;Reentrega;ENTREGAR A PARTIR DO DIA 01/11
51829;Reentrega;FORA DE HORÁRIO
51830;Reentrega;FORA DE HORÁRIO
51831;Reentrega;FORA DE HORÁRIO
72044;Reentrega;CLIENTE NÃO CONSEGUIU RECEBER PORQUE QUEBROU FIOS DE ENERGIA
91075;Devolução;SEM PEDIDO
97873;Devolução;SEM PEDIDO
175761;Devolução;ERRO DE FATURAMENTO
179087;Reentrega;FORA DE HORÁRIO
179088;Reentrega;FORA DE HORÁRIO
190351;Reentrega;LOJA SEM ESPAÇO
190370;Reentrega;LOJA SEM ESPAÇO
123903;Devolução;SEM PEDIDO
126845;Devolução;SEM PEDIDO
190512;Reentrega;LOJA SEM ESPAÇO
74821;Devolução;SEM PEDIDO
126379;Reentrega;FORA DE HORÁRIO
95342;Reentrega;LOJA SEM ESPAÇO
95349;Reentrega;LOJA SEM ESPAÇO
99326;Devolução;PEDIDO EM DUPLICIDADE
39980;Devolução;NÃO CARREGOU A MERCADORIA
40157;Reentrega;FORA DE HORÁRIO
177769;Reentrega;FORA DE HORÁRIO
40157;Reentrega;FORA DE HORÁRIO
134174;Reentrega;FORA DE HORÁRIO
168729;Devolução;DIVERGENCIA ENDEREÇO
170978;Devolução;DIVERGENCIA ENDEREÇO
117862;Devolução;DIVERGENCIA DE PEDIDO
123359;Reentrega;MOTORISTA NÃO CARREGOU
12429;Reentrega;FORA DE HORÁRIO
12428;Reentrega;FORA DE HORÁRIO
31763;Reentrega;ENTREGA FORA DE HORÁRIO
31764;Reentrega;ENTREGA FORA DE HORÁRIO
72143;Reentrega;FORA DE HORÁRIO
72144;Reentrega;FORA DE HORÁRIO
89937;Reentrega;CLIENTE EM LUTO
114554;Reentrega;FORA DE HORÁRIO
163746;Reentrega;FORA DE HORÁRIO
163749;Reentrega;FORA DE HORÁRIO
168732;Reentrega;FORA DE HORÁRIO
168733;Reentrega;FORA DE HORÁRIO
168737;Reentrega;FORA DE HORÁRIO
182672;Reentrega;FORA DE HORÁRIO
89934;Reentrega;CLIENTE EM LUTO
147912;Devolução;PEDIDO EXPIRADO
163753;Reentrega;FORA DE HORÁRIO
163750;Reentrega;FORA DE HORÁRIO
163743;Reentrega;FORA DE HORÁRIO
163748;Reentrega;FORA DE HORÁRIO
163753;Reentrega;FORA DE HORÁRIO
163750;Reentrega;FORA DE HORÁRIO
163743;Reentrega;FORA DE HORÁRIO
163748;Reentrega;FORA DE HORÁRIO
182668;Reentrega;FORA DE HORÁRIO
163754;Reentrega;FORA DE HORÁRIO
163747;Reentrega;FORA DE HORÁRIO
59600;Reentrega;FORA DE HORÁRIO
89935;Reentrega;CLIENTE EM LUTO
182667;Reentrega;FORA DE HORÁRIO
32122;Reentrega;ENTREGA FORA DE HORÁRIO
113009;Devolução;SEM PEDIDO
187991;Reentrega;FORA DE HORÁRIO
187990;Reentrega;FORA DE HORÁRIO
81899;Devolução;SEM PEDIDO
92919;Devolução;DIVERGENCIA DE PEDIDO
2387;Reentrega;FORA DE HORÁRIO
2386;Reentrega;FORA DE HORÁRIO
3507;Reentrega;FORA DE HORÁRIO
2387;Reentrega;FORA DE HORÁRIO
2386;Reentrega;FORA DE HORÁRIO
2387;Reentrega;VENDENDOR AJUSTOU O PRODUTO QUE ESTAVA SEM CADASTRO
2386;Reentrega;VENDENDOR AJUSTOU O PRODUTO QUE ESTAVA SEM CADASTRO
2387;Devolução;PEDIDO SUBSTITUIDO
2386;Devolução;PEDIDO SUBSTITUIDO
5838;Reentrega;NOVA NF
5840;Reentrega;NOVA NF
5838;Reentrega;NÃO CARREGOU
5840;Reentrega;NÃO CARREGOU
11674;Reentrega;FORA DE HORÁRIO
11674;Devolução;NF SUBSTITUIDA
16619;Devolução;SEM PEDIDO
16802;Devolução;SEM PEDIDO
116478;Reentrega;SEM ESPAÇO (CLIENTE SOLICITOU REENTREGA PARA O DIA 01/10)
132421;Reentrega;FORA DE HORÁRIO
138663;Reentrega;SEM TRIBUTAÇÃO FISCAL NA NOTA
138664;Reentrega;SEM TRIBUTAÇÃO FISCAL NA NOTA
145154;Devolução;SEM PEDIDO
145165;Devolução;SEM PEDIDO
164113;Devolução;DIVERGENCIA DE PEDIDO
33699;Reentrega;ENTREGA FORA DE HORÁRIO
43224;Reentrega;FORA DE HORÁRIO
43230;Reentrega;FORA DE HORÁRIO
48740;Reentrega;ENTREGA FORA DE HORÁRIO
64413;Reentrega;FORA DE HORÁRIO
89823;Devolução;DIVERGENCIA DE PREÇO
100751;Devolução;PEDIDO EM DUPLICIDADE
138662;Reentrega;SEM TRIBUTAÇÃO FISCAL NA NOTA
138661;Reentrega;SEM TRIBUTAÇÃO FISCAL NA NOTA
144221;Devolução;PEDIDO EXPIRADO
145153;Devolução;SEM PEDIDO
6910;Reentrega;FORA DE HORÁRIO
43226;Reentrega;FORA DE HORÁRIO
43238;Reentrega;ficou preso ESPERANCA - 08
45575;Reentrega;FICOU PRESO ESPERANCA - 03
45578;Reentrega;FICOU PRESO ESPERANCA - 03
53557;Reentrega;FICOU PRESO NO ESPERANCA - 17
53556;Reentrega;FICOU PRESO NO ESPERANCA - 17
100331;Devolução;PEDIDO EM DUPLICIDADE
116479;Reentrega;SEM ESPAÇO (CLIENTE SOLICITOU REENTREGA PARA O DIA 01/10)
116475;Reentrega;SEM ESPAÇO (CLIENTE SOLICITOU REENTREGA PARA O DIA 01/10)
120776;Reentrega;FORA DE HORÁRIO
131266;Reentrega;FORA DE HORÁRIO
131269;Reentrega;FORA DE HORÁRIO
131268;Reentrega;FORA DE HORÁRIO
132131;Reentrega;CLIENTE ALEGOU SEM PEDIDO- VENDEDOR SOLICITOU REENTREGA.
132131;Devolução;SEM PEDIDO
136402;Reentrega;FORA DE HORÁRIO
136401;Reentrega;FORA DE HORÁRIO
164114;Devolução;DIVERGENCIA DE PEDIDO
63779;Reentrega;CLIENTE SOLICITOU REENTREGA PARA O DIA 06/12
63780;Reentrega;CLIENTE SOLICITOU REENTREGA PARA O DIA 06/12
64576;Reentrega;CLIENTE SOLICITOU REENTREGA PARA O DIA 06/12
63779;Devolução;CLIENTE SEM PREVISÃO PARA RECEBER A MERCADORIA / RECUSA
63780;Devolução;CLIENTE SEM PREVISÃO PARA RECEBER A MERCADORIA / RECUSA
64576;Devolução;CLIENTE SEM PREVISÃO PARA RECEBER A MERCADORIA / RECUSA
81602;Devolução;LOJA NÃO INAUGURADA
88043;Reentrega;LOJA EM REFORMA. SEGUIR COM A REENTREGA.
88043;Devolução;LOJA EM REFORMA. SEM PREVISÃO PARA RETORNO. SEGUIR COM A RECUSA.
100787;Reentrega;FICOU PRESO SUPERMERCADO PARANAENSE
100788;Reentrega;FICOU PRESO SUPERMERCADO PARANAENSE
111402;Reentrega;FORA DE HORÁRIO
111403;Reentrega;FORA DE HORÁRIO
116070;Reentrega;FORA DE HORÁRIO
120918;Reentrega;CARRO QUEBROU
138242;Reentrega;FORA DE HORÁRIO
138672;Reentrega;DIVERGÊNCIA DE IMPOSTO
145457;Reentrega;FORA DE HORÁRIO
152396;Reentrega;FORA DE HORÁRIO
152397;Reentrega;FORA DE HORÁRIO
156607;Devolução;PEDIDO EXPIRADO
164521;Devolução;DIVERGENCIA DE CADASTRO
150494;Reentrega;FORA DE HORÁRIO
150495;Reentrega;FORA DE HORÁRIO
151543;Cancelado;SEM PEDIDO
164379;Devolução;DIVERGENCIA DE CADASTRO
13975;Devolução;NF SUBSTITUIDA - CLIENTE SÓ ACEITAVA NF COMO BONIFICAÇÃO
16978;Cancelado;SEM BONIFICAÇÃO
17413;Cancelado;SEM BONIFICAÇÃO
36733;Reentrega;ENTREGA FORA DE HORÁRIO
36734;Reentrega;ENTREGA FORA DE HORÁRIO
40421;Reentrega;ENTREGA FORA DE HORÁRIO
40424;Reentrega;ENTREGA FORA DE HORÁRIO
49021;Reentrega;SAIU TARDE DA EMPRESA. FORA DE HORÁRIO
48986;Reentrega;ENTREGA FORA DE HORÁRIO
48981;Reentrega;ENTREGA FORA DE HORÁRIO
49021;Reentrega;FORA DE HORÁRIO
54237;Reentrega;FORA DE HORARIO
54239;Reentrega;FORA DE HORARIO
54258;Reentrega;FORA DE HORÁRIO
99534;Reentrega;ENTREGA FORA DE HORÁRIO
99535;Reentrega;ENTREGA FORA DE HORÁRIO
132423;Reentrega;FORA DE HORÁRIO
150678;Reentrega;FORA DE HORÁRIO
150679;Reentrega;FORA DE HORÁRIO
2330;Reentrega;DIVERGENCIA DE CADASTRO
2329;Reentrega;DIVERGENCIA DE CADASTRO
3548;Reentrega;FORA DE HORÁRIO
45686;Reentrega;FORA DE HORÁRIO
45687;Reentrega;FORA DE HORÁRIO
66805;Devolução;DIVERGÊNCIA DE CUSTO
83291;Reentrega;FORA DE HORÁRIO
158878;Reentrega;FORA DE HORÁRIO
158880;Reentrega;FORA DE HORÁRIO
158879;Reentrega;FORA DE HORÁRIO
164414;Devolução;DIVERGENCIA DE CADASTRO
193324;Reentrega;FORA DE HORÁRIO
193325;Reentrega;FORA DE HORÁRIO
6057;Reentrega;FORA DE HORÁRIO
9485;Reentrega;FORA DE HORÁRIO
64569;Reentrega;FORA DE HORÁRIO
64572;Reentrega;FORA DE HORÁRIO
91450;Reentrega;ENTREGA FORA DE HORÁRIO
91448;Reentrega;ENTREGA FORA DE HORÁRIO
159407;Reentrega;FORA DE HORÁRIO
159404;Reentrega;FORA DE HORÁRIO
186187;Reentrega;FORA DE HORÁRIO
186186;Reentrega;FORA DE HORÁRIO
186185;Reentrega;FORA DE HORÁRIO
3129;Reentrega;FORA DE HORÁRIO
16624;Devolução;SEM PEDIDO
16783;Devolução;SEM PEDIDO
44087;Reentrega;FORA DE HORÁRIO
56749;Reentrega;CARRO QUEBROU
56750;Reentrega;CARRO QUEBROU
56748;Reentrega;CARRO QUEBROU
65309;Devolução;PEDIDO EM DUPLICIDADE
71597;Reentrega;FORA DE HORÁRIO
83901;Reentrega;FORA DE HORÁRIO
116269;Reentrega;ENTREGA FORA DE HORÁRIO
116272;Reentrega;ENTREGA FORA DE HORÁRIO
116274;Reentrega;ENTREGA FORA DE HORÁRIO
134903;Reentrega;FORA DE HORÁRIO
134903;Reentrega;BOLETO ANTIGO
156307;Reentrega;FORA DE HORÁRIO
156311;Reentrega;FORA DE HORÁRIO
164485;Devolução;DIVERGENCIA DE CADASTRO
57231;Reentrega;FORA DE HORÁRIO
60145;Devolução;RECUSADO A PEDIDO DO COMPRADOR/COMERCIAL
66777;Devolução;NOTA SERÁ RECUSADA, PROBLEMA NO VALOR DO ALHO
66782;Devolução;NOTA SERÁ RECUSADA, PROBLEMA NO VALOR DO ALHO
95741;Reentrega;LOJA SEM ESPAÇO
117616;Reentrega;CARRO QUEBROU
117621;Reentrega;CARRO QUEBROU
138264;Reentrega;FORA DE HORÁRIO
138264;Reentrega;FORA DE HORÁRIO
138264;Reentrega;FORA DE HORÁRIO
145885;Devolução;PEDIDO EM DUPLICIDADE
154719;Reentrega;FORA DE HORÁRIO
154716;Reentrega;FORA DE HORÁRIO
154720;Reentrega;FORA DE HORÁRIO
164220;Devolução;DIVERGENCIA DE CADASTRO
11406;Reentrega;FORA DE ROTA
11402;Reentrega;FORA DE HORÁRIO
129674;Reentrega;FORA DE HORÁRIO
154162;Reentrega;FORA DE HORÁRIO
163595;Devolução;DIVERGENCIA DE CADASTRO
11394;Reentrega;FORA DE HORÁRIO
11407;Reentrega;FORA DE HORÁRIO
16826;Devolução;SEM PEDIDO. RECUSADA NO SEFAZ
17784;Devolução;SEM PEDIDO. RECUSADA NO SEFAZ
21982;Reentrega;ENTREGA FORA DE HORÁRIO
64434;Devolução;PEDIDO EM DUPLICIDADE
73886;Reentrega;FORA DE HORÁRIO
73885;Reentrega;FORA DE HORÁRIO
105339;Reentrega;FORA DE HORÁRIO
105344;Reentrega;FORA DE HORÁRIO
105342;Reentrega;FORA DE HORÁRIO
105346;Reentrega;FORA DE HORÁRIO
129676;Reentrega;FORA DE HORÁRIO
136578;Reentrega;ESTOQUE CHEIO ( REENTREGAR APÓS DIA 26/12)
145310;Devolução;PEDIDO EM DUPLICIDADE
150472;Devolução;SEM PEDIDO
154161;Reentrega;FORA DE HORÁRIO
164770;Devolução;DIVERGENCIA DE PEDIDO
16828;Devolução;SEM PEDIDO. RECUSADA NO SEFAZ
17421;Devolução;SEM PEDIDO. RECUSADA NO SEFAZ
23142;Reentrega;FORA DE HORÁRIO
34269;Reentrega;ENTREGA FORA DE HORÁRIO
34268;Reentrega;ENTREGA FORA DE HORÁRIO
34269;Reentrega;CLIENTE SOLICITOU REENTREGA - PRODUTO ERVA DOCE FALTANDO NO ATO DA ENTREGA
69894;Reentrega;FORA DE HORÁRIO
69887;Reentrega;FORA DE HORÁRIO
86956;Reentrega;FORA DE HORÁRIO
86955;Reentrega;FORA DE HORÁRIO
129675;Reentrega;FORA DE HORÁRIO
129675;Reentrega;DIVERGÊNCIA NO BOLETO
129675;Reentrega;FORA DE HORÁRIO
129675;Devolução;PEDIDO EM DUPLICIDADE
164776;Devolução;PEDIDO EM DUPLICIDADE
11397;Reentrega;FORA DE HORÁRIO
11401;Reentrega;FORA DE HORÁRIO
16827;Devolução;SEM PEDIDO. RECUSADA NO SEFAZ
17485;Devolução;SEM PEDIDO. RECUSADA NO SEFAZ
34286;Reentrega;ENTREGA FORA DE HORÁRIO
56537;Devolução;PEDIDO EM DUPLICIDADE
138158;Reentrega;FORA DE HORÁRIO
145313;Devolução;PEDIDO EM DUPLICIDADE
154921;Devolução;PEDIDO EM DUPLICIDADE
154160;Reentrega;FORA DE HORÁRIO
163594;Devolução;PEDIDO EM DUPLICIDADE
16681;Devolução;PEDIDO RECUSADO PELO CLIENTE
17411;Devolução;PEDIDO RECUSADO PELO CLIENTE
33620;Reentrega;ENTREGA FORA DE HORÁRIO
65026;Devolução;PEDIDO EM DUPLICIDADE
66882;Devolução;DIVERGÊNCIA DE CUSTO
138649;Reentrega;FORA DE HORÁRIO
138650;Reentrega;FORA DE HORÁRIO
145370;Devolução;PEDIDO EM DUPLICIDADE
154917;Devolução;PEDIDO EM DUPLICIDADE
164029;Devolução;DIVERGENCIA DE CADASTRO
165095;Devolução;PEDIDO EM DUPLICIDADE
7100;Reentrega;FORA DE HORÁRIO
11541;Reentrega;FORA DE HORÁRIO
66834;Devolução;NOTA SERÁ UMA RECUSA
68931;Reentrega;REENTREGAR, FORA DE HORÁRIO
68932;Reentrega;REENTREGAR, FORA DE HORÁRIO
68933;Reentrega;REENTREGAR, FORA DE HORÁRIO
112349;Reentrega;FORA DE HORÁRIO
126659;Reentrega;FORA DE HORÁRIO
163995;Devolução;DIVERGENCIA DE CADASTRO
10988;Reentrega;LOJA FECHADA
27508;Reentrega;FORA DE HORÁRIO
27509;Reentrega;FORA DE HORÁRIO
43102;Devolução;PEDIDO EM DESACORDO
54249;Reentrega;FORA DE HORÁRIO
54248;Reentrega;FORA DE HORÁRIO
54247;Reentrega;FORA DE HORÁRIO
54256;Reentrega;FORA DE HORÁRIO
65048;Devolução;PEDIDO EM DUPLICIDADE
96083;Reentrega;FORA DE HORÁRIO
116080;Reentrega;FORA DE HORÁRIO
116079;Reentrega;FORA DE HORÁRIO
116078;Reentrega;FORA DE HORÁRIO
145731;Devolução;PEDIDO EM DUPLICIDADE
158154;Reentrega;FORA DE HORÁRIO
164523;Devolução;DIVERGENCIA DE CADASTRO
2148;Reentrega;FORA DE HORÁRIO
6059;Reentrega;FORA DE HORÁRIO
6059;Reentrega;FORA DE HORÁRIO
34405;Reentrega;FORA DE HORÁRIO
66797;Devolução;Devolvida por divergência
66796;Devolução;Devolvida por divergência
85448;Reentrega;ENTREGA FORA DE HORÁRIO
85447;Reentrega;ENTREGA FORA DE HORÁRIO
85446;Reentrega;ENTREGA FORA DE HORÁRIO
96678;Reentrega;FALTA DE MERCADORIA
96678;Reentrega;ARRUMAR A CARGA PARA SAIR PRA RUA. FALTA DE MERCADORIA
135281;Reentrega;FORA DE HORÁRIO
135286;Reentrega;FORA DE HORÁRIO
135283;Reentrega;FORA DE HORÁRIO
135287;Reentrega;FORA DE HORÁRIO
135281;Reentrega;MOTORISTA NÃO CARREGOU
135286;Reentrega;MOTORISTA NÃO CARREGOU
135283;Reentrega;MOTORISTA NÃO CARREGOU
135287;Reentrega;MOTORISTA NÃO CARREGOU
150599;Devolução;DIVERGENCIA DE PREÇO
150598;Devolução;DIVERGENCIA DE PREÇO
163613;Devolução;PRODUTO NÃO CADASTRADO
2766;Reentrega;FORA DE HORÁRIO
2767;Reentrega;FORA DE HORÁRIO
3514;Reentrega;FORA DE HORÁRIO
28262;Devolução;SEM PEDIDO
28259;Devolução;SEM PEDIDO
28995;Devolução;SEM PEDIDO
150052;Devolução;SEM PEDIDO
3513;Reentrega;FORA DE HORÁRIO
3513;Reentrega;FORA DE HORÁRIO
11075;Devolução;PEDIDO EM DUPLICIDADE
11374;Reentrega;FORA DE HORÁRIO
48662;Reentrega;ESTABELECIMENTO FECHADO
65263;Reentrega;FORA DE HORÁRIO
66775;Devolução;NOTA SERÁ RECUSADA, PROBLEMA NO VALOR DO ALHO
79189;Reentrega;FICOU PRESO NA ENTREGA MEGA 100 - COTIA
117618;Reentrega;CARRO QUEBROU
117615;Reentrega;CARRO QUEBROU
138983;Reentrega;FORA DE HORÁRIO
138984;Reentrega;FORA DE HORÁRIO
138983;Reentrega;FORA DE HORÁRIO
138984;Reentrega;FORA DE HORÁRIO
145889;Devolução;PEDIDO EM DUPLICIDADE
163615;Devolução;PRODUTO NÃO CADASTRADO
186216;Reentrega;FORA DE HORÁRIO
186218;Reentrega;FORA DE HORÁRIO
186217;Reentrega;FORA DE HORÁRIO
11545;Reentrega;FORA DE HORÁRIO
66707;Devolução;DIVERGÊNCIA DE CUSTO
69803;Reentrega;MOTORISTA NÃO CONSEGUIU LOCALIZAR O ENDEREÇO DA NF
78926;Reentrega;FORA DE HORÁRIO
115803;Reentrega;FORA DE HORÁRIO
115802;Reentrega;FORA DE HORÁRIO
115805;Reentrega;FORA DE HORÁRIO
146092;Cancelado;PEDIDO EM DUPLICIDADE
147677;Devolução;LOJA FECHADA
12379;Reentrega;FORA DE HORÁRIO
48663;Reentrega;CAIXA COM ETIQUETA DE PÁPRICA DOCE E FISICAMENTE O CONTEUDO FOI PÁPRICA PICANTE. TROCAR A CAIXA
60151;Reentrega;FORA DE HORÁRIO
60152;Reentrega;FORA DE HORÁRIO
60153;Reentrega;FORA DE HORÁRIO
77665;Devolução;PEDIDO EM DUPLICIDADE
95920;Reentrega;(DUPLICIDADE) - VENDEDOR SOLICITOU PARA REENTREGAR
117620;Reentrega;CARRO QUEBROU
117617;Reentrega;CARRO QUEBROU
145751;Reentrega;FORA DE HORÁRIO
145744;Reentrega;FORA DE HORÁRIO
145751;Reentrega;FORA DE HORÁRIO
145744;Reentrega;FORA DE HORÁRIO
149671;Reentrega;FORA DE HORÁRIO
145751;Cancelado;SEM PEDIDO
145744;Cancelado;SEM PEDIDO
149671;Devolução;PEDIDO EM DUPLICIDADE
154722;Reentrega;FORA DE HORÁRIO
154722;Devolução;PEDIDO EM DUPLICIDADE
164222;Devolução;DIVERGENCIA DE CADASTRO
186219;Reentrega;FORA DE HORÁRIO
186221;Reentrega;FORA DE HORÁRIO
186220;Reentrega;FORA DE HORÁRIO
9542;Reentrega;FORA DE HORÁRIO
16771;Devolução;PEDIDO RECUSADO PELO CLIENTE
17431;Devolução;PEDIDO RECUSADO PELO CLIENTE
42904;Reentrega;FICOU PARADO NO REIMBERG - EMBU GUACU - INAUGURAÇÃO
99728;Reentrega;ENTREGA FORA DE HORÁRIO
150837;Reentrega;FORA DE HORÁRIO
150838;Reentrega;FORA DE HORÁRIO
159278;Devolução;FALTA DE MERCADORIA
164950;Devolução;DIVERGENCIA DE CADASTRO
170784;Reentrega;FORA DE HORÁRIO
170783;Reentrega;FORA DE HORÁRIO
193269;Reentrega;FORA DE HORÁRIO
2656;Reentrega;FORA DE HORÁRIO
9544;Reentrega;FORA DE HORÁRIO
16865;Devolução;PEDIDO RECUSADO PELO CLIENTE
17414;Devolução;PEDIDO RECUSADO PELO CLIENTE
42903;Reentrega;FICOU PARADO NO REIMBERG - EMBU GUACU - INAUGURAÇÃO
81326;Reentrega;FORA DE HORÁRIO
81322;Reentrega;FORA DE HORÁRIO
99727;Reentrega;ENTREGA FORA DE HORÁRIO
99724;Reentrega;ENTREGA FORA DE HORÁRIO
105405;Reentrega;ERRO XML - SEGUIR COM REENTREGA
105405;Reentrega;MERCADORIA NÃO SUBIU NO VEICULO DO MOTORISTA
108314;Reentrega;FORA DE HORÁRIO
108309;Reentrega;FORA DE HORÁRIO
21347;Reentrega;ENTREGA FORA DE HORÁRIO
31144;Reentrega;FORA DE HORÁRIO
31145;Reentrega;FORA DE HORÁRIO
42027;Reentrega;ENTREGA FORA DE HORÁRIO
42035;Reentrega;ENTREGA FORA DE HORÁRIO
59893;Reentrega;FORA DE HORÁRIO
59895;Reentrega;FORA DE HORÁRIO
59894;Reentrega;FORA DE HORÁRIO
95999;Reentrega;ESTOQUE CHEIO
95999;Reentrega;ESTOQUE CHEIO
120010;Reentrega;FORA DE HORÁRIO
145410;Devolução;PEDIDO EM DUPLICIDADE
153948;Devolução;PEDIDO EM DUPLICIDADE
9483;Reentrega;FORA DE HORÁRIO
33782;Reentrega;FORA DE HORÁRIO
43078;Devolução;PEDIDO EM DESACORDO
59999;Reentrega;FORA DE HORÁRIO
60010;Reentrega;FORA DE HORÁRIO
64573;Reentrega;FORA DE HORÁRIO
145421;Devolução;PEDIDO EM DUPLICIDADE
154920;Devolução;PEDIDO EM DUPLICIDADE
164130;Devolução;DIVERGENCIA DE CADASTRO
31418;Devolução;PEDIDO EM DUPLICIDADE
95907;Reentrega;LOJA SEM ESPAÇO
115800;Reentrega;FORA DE HORÁRIO
115799;Reentrega;FORA DE HORÁRIO
115804;Reentrega;FORA DE HORÁRIO
163996;Devolução;DIVERGENCIA DE CADASTRO
16680;Devolução;PEDIDO RECUSADO PELO CLIENTE
17412;Devolução;PEDIDO RECUSADO PELO CLIENTE
56424;Reentrega;FORA DE HORÁRIO
56425;Reentrega;FORA DE HORÁRIO
56440;Reentrega;FORA DE HORÁRIO
66915;Devolução;DIVERGÊNCIA DE CUSTO
81107;Reentrega;FORA DE HORÁRIO
81107;Reentrega;FORA DE HORÁRIO
95750;Reentrega;(PEDIDO EM DUPLICIDADE) - VENDEDOR SOLICITOU REENTERGA PARA SEGUNDA FEIRA
95750;Reentrega;MOTORISTA NÃO SEGUIU O ROTEIRO DE REENTREGA. REENTREGAR
95750;Devolução;SEM PEDIDO
116059;Reentrega;LOJA SEM ESPAÇO
138651;Reentrega;FORA DE HORÁRIO
145373;Devolução;PEDIDO EM DUPLICIDADE
154922;Devolução;PEDIDO EM DUPLICIDADE
150490;Devolução;SEM PEDIDO
150491;Devolução;SEM PEDIDO
156598;Reentrega;CARRO QUEBROU
156597;Reentrega;CARRO QUEBROU
158615;Reentrega;FORA DE HORÁRIO
158614;Reentrega;FORA DE HORÁRIO
158616;Reentrega;FORA DE HORÁRIO
164033;Devolução;DIVERGENCIA DE CADASTRO
185691;Reentrega;SEM TRIBUTAÇÃO FISCAL NA NOTA
185690;Reentrega;SEM TRIBUTAÇÃO FISCAL NA NOTA
185689;Reentrega;SEM TRIBUTAÇÃO FISCAL NA NOTA
66794;Devolução;Devolvida por divergência
116156;Reentrega;LOJA SEM ESPAÇO
120226;Reentrega;FORA DE HORÁRIO
137110;Reentrega;FORA DE HORÁRIO
137111;Reentrega;FORA DE HORÁRIO
137112;Reentrega;FORA DE HORÁRIO
137118;Reentrega;FORA DE HORÁRIO
145607;Reentrega;FORA DE HORÁRIO
145606;Reentrega;FORA DE HORÁRIO
145606;Cancelado;PEDIDO EM DUPLICIDADE
150901;Devolução;PEDIDO EM DUPLICIDADE
164123;Devolução;DIVERGENCIA DE CADASTRO
13703;Devolução;DIVERGENCIA DE PEDIDO
17048;Devolução;PEDIDO RECUSADO PELO CLIENTE
18216;Devolução;PEDIDO RECUSADO PELO CLIENTE
66822;Devolução;RECUSADO PELO COMPRADOR
111979;Reentrega;ENTREGA FORA DE HORÁRIO
115949;Reentrega;SEM ESPAÇO (CLIENTE SOLICITOU REENTREGAR NO DIA 01/10)
121174;Reentrega;FORA DE HORÁRIO
145676;Devolução;PEDIDO EM DUPLICIDADE
150040;Devolução;DIVERGENCIA DE PREÇO
150039;Devolução;DIVERGENCIA DE PREÇO
164190;Devolução;DIVERGENCIA DE CADASTRO
2004;Reentrega;FORA DE HORÁRIO
2003;Reentrega;FORA DE HORÁRIO
7934;Reentrega;FORA DE HORÁRIO
16778;Cancelado;CNPJ INCORRETO
16803;Cancelado;CNPJ INCORRETO
27497;Reentrega;FORA DE HORÁRIO
27498;Reentrega;FORA DE HORÁRIO
27497;Reentrega;FORA DE HORÁRIO
27498;Reentrega;FORA DE HORÁRIO
27497;Reentrega;MERCADORIA NÃO FOI CARREGADA NO CARRO DO MOTORISTA
27498;Reentrega;MERCADORIA NÃO FOI CARREGADA NO CARRO DO MOTORISTA
27497;Devolução;SEM PEDIDO
27498;Devolução;SEM PEDIDO
65159;Devolução;PEDIDO EM DUPLICIDADE
66808;Reentrega;FORA DE HORARIO
66808;Reentrega;FORA DE HORÁRIO
82852;Reentrega;FORA DE HORÁRIO
82852;Reentrega;FORA DE HORÁRIO
96100;Reentrega;FATURADO TAPIOCA DE 500G E FISICAMENTE FOI DE 1KG. ARRUMAR A CARGA
116453;Reentrega;ENTREGAR APÓS 01/10
116454;Reentrega;ENTREGAR APÓS 01/10
130610;Reentrega;FORA DE HORÁRIO
132426;Devolução;SUBSTITUICAO PRODUTO "FARINHA MANDIOCA GROSSA CRUA DA TERRINHA 500 GR FD 120
132698;Devolução;NF DE RETORNO DE MERCADORIAS
145176;Devolução;SEM PEDIDO
145177;Devolução;SEM PEDIDO
190046;Reentrega;FORA DE HORÁRIO
190045;Reentrega;FORA DE HORÁRIO
31598;Devolução;PEDIDO EM DUPLICIDADE
33712;Reentrega;FORA DE HORÁRIO. (CLIENTE RECEBE ATÉ 14HRS)
42039;Reentrega;COMERCIAL PEDIU PARA SEGUIR COM REENTREGA
53596;Reentrega;REENTREGAR. CARRO QUEBORU. MERCADORIA FOI DESCARREGADA NA EMPRESA.
53598;Reentrega;REENTREGAR. CARRO QUEBORU. MERCADORIA FOI DESCARREGADA NA EMPRESA.
56643;Reentrega;FORA DE HORÁRIO
56647;Reentrega;FORA DE HORÁRIO
56648;Reentrega;FORA DE HORÁRIO
56643;Reentrega;FORA DE HORÁRIO
56647;Reentrega;FORA DE HORÁRIO
56648;Reentrega;FORA DE HORÁRIO
65082;Devolução;PEDIDO EM DUPLICIDADE
83575;Reentrega;FORA DE HORÁRIO
99725;Reentrega;ENTREGA FORA DE HORÁRIO
112746;Reentrega;CARGA AVARIADA EM QUANTIDADES NO FISICO. ARRUMAR E REENTREGAR
116369;Reentrega;SEM ESPAÇO (REENTREGAR DIA 01/10)
145586;Devolução;PEDIDO EM DUPLICIDADE
165192;Devolução;SEM PEDIDO
16715;Devolução;SEM PEDIDO
17409;Devolução;SEM PEDIDO
25877;Devolução;PEDIDO EM DUPLICIDADE
33497;Reentrega;ENTREGA FORA DE HORÁRIO
42695;Reentrega;ENTREGA FORA DE HORÁRIO
112922;Reentrega;FORA DE HORÁRIO
150409;Devolução;SEM TRIBUTAÇÃO FISCAL NA NOTA
5581;Reentrega;FORA DE HORÁRIO
5581;Cancelado;FORA DE HORÁRIO
6942;Reentrega;FORA DE HORÁRIO
17007;Devolução;SEM PEDIDO
17419;Devolução;SEM PEDIDO
66880;Devolução;DIVERGÊNCIA DE CUSTO
108344;Reentrega;FORA DE HORÁRIO
108343;Reentrega;FORA DE HORÁRIO
145713;Cancelado;PEDIDO EM DUPLICIDADE
151007;Reentrega;FORA DE HORÁRIO
151005;Reentrega;FORA DE HORÁRIO
151007;Devolução;SEM PEDIDO
164549;Devolução;DIVERGENCIA DE CADASTRO
2388;Reentrega;FORA DE HORÁRIO
2389;Reentrega;FORA DE HORÁRIO
2388;Reentrega;FORA DE HORÁRIO
2389;Reentrega;FORA DE HORÁRIO
2388;Reentrega;VENDENDOR AJUSTOU O PRODUTO QUE ESTAVA SEM CADASTRO
2388;Reentrega;FORA DE HORÁRIO
2388;Reentrega;FORA DE HORÁRIO
2388;Devolução;PEDIDO CANCELADO
33698;Reentrega;ENTREGA FORA DE HORÁRIO
50028;Reentrega;FORA DE HORÁRIO
81985;Reentrega;FORA DE HORÁRIO
81987;Reentrega;FORA DE HORÁRIO
81986;Reentrega;FORA DE HORÁRIO
81978;Reentrega;FORA DE HORÁRIO
99536;Reentrega;ENTREGA FORA DE HORÁRIO
99536;Reentrega;ENTREGA FORA DE HORÁRIO
99536;Reentrega;CARGA NÃO SUBIU NO VEICULO
99536;Reentrega;NÃO CARREGOU
99536;Devolução;PEDIDO EM DUPLICIDADE
138659;Reentrega;SEM TRIBUTAÇÃO FISCAL NA NOTA
138660;Reentrega;SEM TRIBUTAÇÃO FISCAL NA NOTA
182829;Reentrega;FORA DE HORÁRIO
116077;Reentrega;FORA DE HORÁRIO
124259;Reentrega;FORA DE HORÁRIO
124255;Reentrega;FORA DE HORÁRIO
124257;Reentrega;FORA DE HORÁRIO
138241;Reentrega;FORA DE HORÁRIO
145860;Devolução;SEM PEDIDO
164413;Devolução;DIVERGENCIA DE CADASTRO
174844;Reentrega;DIVERGENCIA DE PEDIDO
145351;Devolução;PEDIDO EM DUPLICIDADE
154924;Devolução;PEDIDO EM DUPLICIDADE
160465;Devolução;DIVERGENCIA DE PEDIDO
160466;Devolução;DIVERGENCIA DE PEDIDO
167512;Devolução;DIVERGENCIA DE PEDIDO
160467;Devolução;DIVERGENCIA DE PEDIDO
160468;Devolução;DIVERGENCIA DE PEDIDO
165318;Devolução;FALTA DE MERCADORIA
160843;Devolução;CNPJ INCORRETO
160804;Devolução;CNPJ INCORRETO
177589;Cancelado;FORA DE HORÁRIO
22076;Reentrega;DIVERGENCIA DE PEDIDO
22076;Devolução;TEVE SUBSTITUIÇÃO. NOVA NF 22710
79085;Reentrega;FORA DE HORÁRIO
126182;Reentrega;FORA DE HORÁRIO
126388;Devolução;DIVERGENCIA DE PREÇO
126182;Devolução;PEDIDO EM DUPLICIDADE
79090;Reentrega;FORA DE HORÁRIO
79089;Reentrega;FORA DE HORÁRIO
19220;Reentrega;FORA DE HORÁRIO
38723;Reentrega;FALTA DE MERCADORIA
38723;Reentrega;FORA DE HORÁRIO
38723;Devolução;FALTA DE MERCADORIA
67955;Reentrega;FORA DE HORÁRIO
118302;Reentrega;FORA DE HORÁRIO
144418;Devolução;SEM PEDIDO
154916;Devolução;SEM PEDIDO
144414;Devolução;SEM PEDIDO
153944;Devolução;SEM PEDIDO
126756;Reentrega;FORA DE HORÁRIO
65966;Reentrega;FORA DE HORÁRIO
64799;Reentrega;MERCADORIAS AMARELDAS / TROCAR CARGA E REENTREGAR
64798;Reentrega;MERCADORIAS AMARELDAS / TROCAR CARGA E REENTREGAR
66166;Reentrega;MERCADORIAS AMARELDAS / TROCAR CARGA E REENTREGAR
64799;Reentrega;MERCADORIAS AMARELDAS / TROCAR CARGA E REENTREGAR
64798;Reentrega;MERCADORIAS AMARELDAS / TROCAR CARGA E REENTREGAR
66166;Reentrega;MERCADORIAS AMARELDAS / TROCAR CARGA E REENTREGAR
64799;Devolução;SEM PEDIDO
64798;Devolução;SEM PEDIDO
66166;Devolução;SEM PEDIDO
19048;Reentrega;ENTREGA FORA DE HORÁRIO
126363;Reentrega;FORA DE HORÁRIO
132859;Reentrega;FORA DE HORÁRIO
72289;Devolução;PEDIDO EM DUPLICIDADE
72964;Devolução;PEDIDO EM DUPLICIDADE
28400;Devolução;NF PRECISOU SER SUBSTITUÍDA. CNPJ ERRADO. NOVO PEDIDO  nº 475348
28689;Reentrega;FORA DE HORÁRIO
28689;Reentrega;MERCADORIA NÃO FOI CARREGADA NO MOTORISTA.
161907;Reentrega;FORA DE HORÁRIO
161906;Reentrega;FORA DE HORÁRIO
161905;Reentrega;FORA DE HORÁRIO
192244;Devolução;PEDIDO EM DUPLICIDADE
70122;Reentrega;MOTORISTA FICOU PRESO NO 1° CLIENTE / MOTORISTA NÃO NOS NOTIFICOU NO MOMENTO DA ENTREGA
70123;Reentrega;MOTORISTA FICOU PRESO NO 1° CLIENTE / MOTORISTA NÃO NOS NOTIFICOU NO MOMENTO DA ENTREGA
177296;Reentrega;FORA DE HORÁRIO
177297;Reentrega;FORA DE HORÁRIO
177296;Devolução;SEM PEDIDO
177297;Devolução;SEM PEDIDO
29107;Reentrega;FORA DE HORÁRIO
107443;Reentrega;FORA DE HORÁRIO
107444;Reentrega;FORA DE HORÁRIO
108226;Reentrega;FORA DE HORÁRIO
108226;Reentrega;FORA DE HORÁRIO
180142;Devolução;PEDIDO EM DUPLICIDADE
95304;Devolução;PEDIDO EM DUPLICIDADE
107205;Devolução;SEM PEDIDO
109529;Devolução;SEM PEDIDO
100119;Devolução;SEM PEDIDO
109229;Devolução;SEM PEDIDO
4030;Devolução;Mudou de endereço
180549;Devolução;SEM PEDIDO
87120;Devolução;SEM PEDIDO
98068;Reentrega;EMPILHADEIRA QUEBROU. ENCERROU O RECEBIMENTO. REENTREGAR. LEVAR AJUDANTE NA ENTREGA
102833;Reentrega;CLIENTE SEM SISTEMA PRA RECEBIMENTO
102834;Reentrega;CLIENTE SEM SISTEMA PRA RECEBIMENTO
153792;Reentrega;FORA DE HORÁRIO
153791;Reentrega;FORA DE HORÁRIO
153790;Reentrega;FORA DE HORÁRIO
153792;Reentrega;FORA DE HORÁRIO
153791;Reentrega;FORA DE HORÁRIO
153790;Reentrega;FORA DE HORÁRIO
161844;Reentrega;FORA DE HORÁRIO
161843;Reentrega;FORA DE HORÁRIO
161845;Reentrega;FORA DE HORÁRIO
192146;Devolução;SEM PEDIDO
37920;Devolução;DESACORDO COM O PEDIDO
106988;Devolução;SEM PEDIDO
111085;Devolução;SEM PEDIDO
180286;Reentrega;DIVERGENCIA DE PEDIDO
180286;Cancelado;SEM PEDIDO
33404;Reentrega;TAPIOCA AMARELADA (REALIZANDO TROCA DA CARGA)
63965;Reentrega;Tapioca estava amarelada e o cliente nao queria receber parcial, teremos que trocar a carga e reenviar.
180235;Cancelado;SEM PEDIDO
107311;Devolução;NATUREZA DE OPERAÇÃO INCORRETA
109830;Devolução;NATUREZA DE OPERAÇÃO INCORRETA
177306;Reentrega;NÃO CARREGOU
177307;Reentrega;NÃO CARREGOU
180093;Reentrega;FORA DE HORÁRIO
180094;Reentrega;FORA DE HORÁRIO
1921;Reentrega;FORA DE HORÁRIO
137169;Reentrega;FORA DE HORÁRIO
54571;Reentrega;LOJA EM INVENTÁRIO.
98069;Reentrega;FICOU PRESO NO BEM BARATO - 07
100147;Devolução;SEM PEDIDO
103233;Devolução;SEM PEDIDO
114308;Devolução;DIVERGENCIA DE PEDIDO
114940;Devolução;DIVERGENCIA DE PEDIDO
440;Reentrega;FORA DE HORÁRIO
4474;Reentrega;FALTA DE MERCADORIA
4473;Reentrega;FALTA DE MERCADORIA
189228;Reentrega;LOJA EM BALANÇO
4209;Devolução;PEDIDO RECUSADO PELO CLIENTE
83439;Reentrega;FORA DE HORÁRIO
180099;Devolução;PEDIDO EM DUPLICIDADE
192016;Devolução;PEDIDO EM DUPLICIDADE
51533;Reentrega;Entregar a partir do dia 04/11 ( em reforma )
172935;Reentrega;QUALIDADE RECUSADA - ÚMIDA
185412;Reentrega;FORA DE HORÁRIO
185411;Reentrega;FORA DE HORÁRIO
192649;Devolução;PEDIDO EM DUPLICIDADE
33197;Reentrega;FORA DE HORÁRIO
33198;Reentrega;FORA DE HORÁRIO
48664;Reentrega;ENTREGA FORA DE HORÁRIO
48666;Reentrega;ENTREGA FORA DE HORÁRIO
48664;Devolução;ESTOQUE CHEIO
48666;Devolução;ESTOQUE CHEIO
180413;Devolução;SEM PEDIDO
191977;Devolução;PEDIDO EM DUPLICIDADE
114571;Reentrega;CLIENTE EM CONSTRUÇÃO
114571;Devolução;CLIENTE EM CONSTRUÇÃO
140355;Reentrega;FORA DE HORÁRIO
191998;Devolução;PEDIDO EM DUPLICIDADE
97741;Reentrega;FORA DE HORÁRIO
147144;Reentrega;FORA DE HORÁRIO
161850;Reentrega;FORA DE HORÁRIO
161851;Reentrega;FORA DE HORÁRIO
161850;Reentrega;FORA DE HORÁRIO
161851;Reentrega;FORA DE HORÁRIO
111399;Devolução;SEM PEDIDO
112270;Devolução;SEM PEDIDO
137375;Reentrega;FORA DE HORÁRIO
81435;Reentrega;FORA DE HORÁRIO
101174;Reentrega;FICOU PRESO REDE X - 15
101173;Reentrega;FICOU PRESO REDE X - 15
143924;Reentrega;VEICULO SEM PERMISSÃO NA VIA
189070;Reentrega;FORA DE HORÁRIO
115095;Devolução;NATUREZA DE OPERAÇÃO INCORRETA
115435;Devolução;NATUREZA DE OPERAÇÃO INCORRETA
179830;Cancelado;PEDIDO EM DUPLICIDADE
102962;Reentrega;FICOU PRESO BEM BARATO - 15
107201;Reentrega;NÃO COUBE NO VEICULO
107203;Reentrega;NÃO COUBE NO VEICULO
107204;Reentrega;NÃO COUBE NO VEICULO
126586;Reentrega;FORA DE HORÁRIO
147430;Reentrega;FORA DE HORÁRIO
147430;Cancelado;PEDIDO EM DUPLICIDADE
192032;Devolução;SEM PEDIDO
180345;Devolução;PEDIDO EM DUPLICIDADE
180344;Reentrega;DIVERGENCIA DE PEDIDO
180344;Devolução;DOIS PALETES DE PRODUTO IMPRÓPRIO PARA TROCA
192145;Devolução;SEM PEDIDO
102953;Reentrega;FICOU PRESO NO BEM BARATO - 28
191986;Devolução;PEDIDO EM DUPLICIDADE
106921;Devolução;LOJA FECHADA
109829;Devolução;LOJA FECHADA
133611;Reentrega;FORA DE HORÁRIO
137332;Reentrega;QUALIDADE RECUSADA - ÚMIDA
137332;Reentrega;QUALIDADE RECUSADA - ESTUFADA
137332;Devolução;QUALIDADE RECUSADA - ESTUFADA
156615;Reentrega;FORA DE HORÁRIO
180178;Devolução;SEM PEDIDO
106989;Devolução;LOJA EM REFORMA. VENDEDOR PEDIU PRA SEGUIR COM A RECUSA
112280;Devolução;LOJA EM REFORMA. VENDEDOR PEDIU PRA SEGUIR COM A RECUSA
118534;Reentrega;CARRO QUEBROU
172433;Reentrega;FORA DE HORÁRIO
172435;Reentrega;FORA DE HORÁRIO
172433;Reentrega;FORA DE HORÁRIO
130181;Reentrega;FORA DE HORÁRIO
130181;Reentrega;FALTA DE MERCADORIA
107147;Devolução;DIVERGENCIA DE PEDIDO
109832;Devolução;DIVERGENCIA DE PEDIDO
172533;Reentrega;FORA DE HORÁRIO
172534;Reentrega;FORA DE HORÁRIO
192014;Cancelado;PRODUTO NÃO CADASTRADO
192962;Devolução;PEDIDO EM DUPLICIDADE
61786;Devolução;NOTA COM DIVERGENCIA DE PREÇO, NOTA SERÁ SUBSTITUIDA.
61785;Devolução;NOTA COM DIVERGENCIA DE PREÇO, NOTA SERÁ SUBSTITUIDA.
91279;Cancelado;NF GEROU SUBSTITUIÇÃO. NOVA NF 91451
29515;Devolução;SEM PEDIDO
188469;Reentrega;INVERSÃO DE PRODUTOS
188470;Reentrega;INVERSÃO DE PRODUTOS
97792;Reentrega;FORA DE HORÁRIO
102785;Reentrega;ENTREGA FORA DE HORÁRIO
102786;Reentrega;ENTREGA FORA DE HORÁRIO
115119;Reentrega;FORA DE HORÁRIO
115119;Reentrega;FORA DE HORÁRIO
1283;Devolução;SEM PEDIDO
1988;Devolução;SEM PEDIDO
1284;Devolução;DIVERGENCIA DE PEDIDO
1989;Devolução;DIVERGENCIA DE PEDIDO
2006;Devolução;PEDIDO RECUSADO PELO CLIENTE
2603;Devolução;PEDIDO RECUSADO PELO CLIENTE
8967;Devolução;CNPJ INCORRETO
75166;Reentrega;FORA DE HORÁRIO
38928;Devolução;PEDIDO EXPIRADO
164756;Reentrega;FORA DE HORÁRIO
164757;Reentrega;FORA DE HORÁRIO
164758;Reentrega;FORA DE HORÁRIO
40206;Devolução;DIVERGENCIA DE PEDIDO
60494;Reentrega;FICOU PRESO NO ROLDAO - VILA EMA
60493;Reentrega;FICOU PRESO NO ROLDAO - VILA EMA
85750;Reentrega;FICOU PRESO ROLDAO - MOOCA
85748;Reentrega;FICOU PRESO ROLDAO - MOOCA
40205;Devolução;DIVERGENCIA DE PEDIDO
76880;Reentrega;ENTREGA FORA DE HORÁRIO
136990;Reentrega;FORA DE HORÁRIO
136991;Reentrega;FORA DE HORÁRIO
140086;Reentrega;FORA DE HORÁRIO
140085;Reentrega;FORA DE HORÁRIO
29551;Reentrega;FORA DE HORÁRIO
71901;Reentrega;FORA DE HORÁRIO
92466;Reentrega;FICOU PRESO ROLDAO - MARECHAL TITO
92467;Reentrega;FICOU PRESO ROLDAO - MARECHAL TITO
19361;Reentrega;ENTREGA FORA DE HORÁRIO
136992;Reentrega;FORA DE HORÁRIO
136994;Reentrega;FORA DE HORÁRIO
138538;Reentrega;FORA DE HORÁRIO
136992;Devolução;CNPJ INCORRETO
136994;Devolução;CNPJ INCORRETO
138538;Devolução;CNPJ INCORRETO
19362;Reentrega;ENTREGA FORA DE HORÁRIO
108759;Reentrega;FORA DE HORÁRIO
128834;Reentrega;FORA DE HORÁRIO
128833;Reentrega;FORA DE HORÁRIO
128834;Reentrega;NÃO CARREGOU
128833;Reentrega;NÃO CARREGOU
159598;Reentrega;FORA DE HORÁRIO
159597;Reentrega;FORA DE HORÁRIO
14689;Devolução;DIVERGENCIA ENDEREÇO
14687;Devolução;DIVERGENCIA ENDEREÇO
14930;Devolução;DIVERGENCIA ENDEREÇO
100314;Devolução;NF FOI SUBSTITUIDA PELA NF 100599
100599;Reentrega;REENTREGAR. FATURAMENTO DA NF NÃO SAIU EM TEMPO DA ENTREGA
125075;Reentrega;FORA DE HORÁRIO
125076;Reentrega;FORA DE HORÁRIO
125077;Reentrega;FORA DE HORÁRIO
103590;Devolução;PEDIDO DIVERGENTE
140357;Reentrega;FORA DE HORÁRIO
70813;Devolução;DIVERGENCIA DE CADASTRO
70812;Devolução;DIVERGENCIA DE PEDIDO
71438;Devolução;DIVERGENCIA DE PEDIDO
135490;Reentrega;FORA DE HORÁRIO
135491;Reentrega;FORA DE HORÁRIO
135492;Reentrega;FORA DE HORÁRIO
17752;Reentrega;FALTA DE MERCADORIA
24907;Reentrega;FORA DE HORÁRIO
38214;Reentrega;FORA DE HORARIO. (RECEBIMENTO DO CLIENTE 08:00 - 16:00)
38214;Reentrega;FORA DE HORÁRIO
106656;Devolução;RAZÃO SOCIAL DIVERGÊNTE
164821;Reentrega;FORA DE HORÁRIO
164822;Reentrega;FORA DE HORÁRIO
164821;Reentrega;LOJA FECHADA
164822;Reentrega;LOJA FECHADA
31850;Reentrega;TAPIOCA SUADA. PRECISA FAZER A TROCA DO PRODUTO POIS CLIENTE SEM CHANCE DE ACEITAR
31851;Reentrega;TAPIOCA SUADA. PRECISA FAZER A TROCA DO PRODUTO POIS CLIENTE SEM CHANCE DE ACEITAR
40196;Reentrega;ENTREGA FORA DE HORÁRIO
37221;Reentrega;MERCADORIA NÃO CARREGADA
37221;Reentrega;NÃO CARREGOU
162432;Devolução;QUALIDADE RECUSADA - AMARELADA
126082;Reentrega;CARRO QUEBROU
126087;Reentrega;CARRO QUEBROU
936;Reentrega;Cliente solicitou Reentrega para dia 22/01
937;Reentrega;Cliente solicitou Reentrega para dia 22/01
938;Reentrega;Cliente solicitou Reentrega para dia 22/01
1037;Reentrega;LOJA SEM SISTEMA
57431;Reentrega;FALTA DE MERCADORIA
57430;Reentrega;FALTA DE MERCADORIA
83944;Reentrega;FORA DE HORÁRIO
160753;Devolução;NÃO LEVOU DISPLAY
36363;Devolução;DATA DO BOLETO ERRADO. CLIENTE PASSOU QUE NÃO É A PRIMEIRA VEZ. NÃO ACEITOU PRORROGAÇÃO DA NF.
36363;Reentrega;FALTA DE MERCADORIA
83964;Devolução;DIVERGENCIA ENDEREÇO
84666;Devolução;DIVERGENCIA ENDEREÇO
125007;Devolução;PRODUTO NÃO CADASTRADO
36191;Reentrega;MOTORISTA ABEL INFORMOU QUE NÃO SUBIU ESSA CARGA NO CARRO JUNTO COM A VIAGEM
36191;Reentrega;NÃO CARREGOU, MOTORISTA DIZ QUE RICARDO RETIROU
93351;Reentrega;PRODUTO PROXIMO AO VENCIMENTO
117269;Devolução;DIVERGENCIA DE PEDIDO
117267;Devolução;DIVERGENCIA DE PEDIDO
18327;Cancelado;PEDIDO CANCELADO
18327;Cancelado;COMERCIAL PEDIU PARA CANCELAR. VENDEDOR TIROU UM NOVO PEDIDO
28578;Devolução;PEDIDO EM DUPLICIDADE
97448;Cancelado;NF TEVE SUBSTITUIÇÃO
181026;Reentrega;FORA DE HORÁRIO
2737;Devolução;PEDIDO EM DUPLICIDADE
7750;Reentrega;MOTORISTA NÃO CARREGOU
18188;Reentrega;REENTREGAR APÓS DIA 08/05
35938;Devolução;PEDIDO EM DESACORDO
36190;Reentrega;MOTORISTA ABEL INFORMOU QUE NÃO SUBIU ESSA CARGA NO CARRO JUNTO COM A VIAGEM
36190;Reentrega;NÃO CARREGOU, MOTORISTA DIZ QUE RICARDO RETIROU
37016;Devolução;DIVERGENCIA DE PEDIDO
96088;Reentrega;FORA DE HORÁRIO
174915;Reentrega;SEM BONIFICAÇÃO
18159;Reentrega;ENTREGA FORA DE HORÁRIO
30785;Cancelado;SINISTRO COM VEICULO
30786;Cancelado;SINISTRO COM VEICULO
30787;Cancelado;SINISTRO COM VEICULO
32615;Cancelado;SINISTRO COM VEICULO
92591;Devolução;SEM PEDIDO
101177;Reentrega;ENTREGA FORA DE HORÁRIO
130874;Reentrega;FORA DE HORÁRIO
153294;Cancelado;SINISTRO COM VEICULO
1997;Devolução;DIVERGENCIA DE PEDIDO
2602;Devolução;DIVERGENCIA DE PEDIDO
18205;Reentrega;ENTREGA FORA DE HORÁRIO
35997;Devolução;DIVERGENCIA DE PREÇO
50695;Reentrega;FORA DE HORÁRIO
50694;Reentrega;FORA DE HORÁRIO
50696;Reentrega;FORA DE HORÁRIO
69804;Reentrega;CLIENTE SOLICITOU REENTREGA / CLIENTE NÃO ESTAVA CONSEGUINDO EMITIR NF DE TROCA
69804;Reentrega;CLIENTE COM PEDIDO DE BONIFICAÇÃO PARA IR JUNTO
69804;Devolução;CLIENTE RECUSOU O PEDIDO
130866;Reentrega;FORA DE HORÁRIO
130868;Reentrega;FORA DE HORÁRIO
130866;Reentrega;NÃO FOI CARREGADO
130868;Reentrega;NÃO FOI CARREGADO
152594;Devolução;DISPLAY FOI COMO VENDA
72190;Devolução;SEM PEDIDO
72966;Devolução;SEM PEDIDO
74891;Reentrega;FALTA DE MERCADORIA
143425;Reentrega;FORA DE HORÁRIO
143429;Reentrega;FORA DE HORÁRIO
161294;Devolução;DIVERGENCIA DE PEDIDO
147602;Reentrega;SEM AGENDAMENTO
165477;Devolução;PEDIDO EM DUPLICIDADE
168053;Devolução;PEDIDO EM DUPLICIDADE
165482;Devolução;PEDIDO EM DUPLICIDADE
167493;Devolução;SEM PEDIDO
167495;Devolução;SEM PEDIDO
4458;Cancelado;PEDIDO CANCELADO
156590;Reentrega;CARRO QUEBROU
156595;Reentrega;CARRO QUEBROU
156594;Reentrega;CARRO QUEBROU
187549;Reentrega;FORA DE HORÁRIO
187550;Reentrega;FORA DE HORÁRIO
192885;Reentrega;FORA DE HORÁRIO
192884;Reentrega;FORA DE HORÁRIO
61767;Reentrega;ficou aguardando no BOM LUGAR - 29 para liberação de saldo no cartão para pagamento de descarga de pallet. e não conseguiu chegar no horário
61762;Reentrega;ficou aguardando no BOM LUGAR - 29 para liberação de saldo no cartão para pagamento de descarga de pallet. e não conseguiu chegar no horário
167337;Reentrega;FORA DE HORÁRIO
61764;Reentrega;ficou aguardando no BOM LUGAR - 29 para liberação de saldo no cartão para pagamento de descarga de pallet. e não conseguiu chegar no horário
61770;Reentrega;ficou aguardando no BOM LUGAR - 29 para liberação de saldo no cartão para pagamento de descarga de pallet. e não conseguiu chegar no horário
177318;Reentrega;FORA DE HORÁRIO
177326;Reentrega;FORA DE HORÁRIO
177327;Reentrega;FORA DE HORÁRIO
177326;Cancelado;substituição
177327;Cancelado;substituição
162508;Reentrega;FORA DE HORÁRIO
167332;Reentrega;FORA DE HORÁRIO
179634;Reentrega;FORA DE HORÁRIO
179634;Reentrega;FORA DE HORÁRIO
179634;Reentrega;DIVERGENCIA DE PREÇO
179634;Reentrega;FORA DE HORÁRIO
179634;Reentrega;FORA DE HORÁRIO
179634;Devolução;PEDIDO EM ATRASO
74547;Reentrega;ENTREGA FORA DE HORÁRIO
85695;Reentrega;FORA DE HORÁRIO
85698;Reentrega;FORA DE HORÁRIO
156802;Reentrega;FORA DE HORÁRIO
182790;Reentrega;FORA DE HORÁRIO
182791;Reentrega;FORA DE HORÁRIO
162509;Reentrega;FORA DE HORÁRIO
167330;Reentrega;FORA DE HORÁRIO
179635;Reentrega;FORA DE HORÁRIO
81907;Reentrega;FORA DE HORÁRIO
19218;Reentrega;FORA DE HORÁRIO
129552;Devolução;SEM PEDIDO
129553;Devolução;SEM PEDIDO
29964;Reentrega;FORA DE HORÁRIO
98399;Reentrega;ENTREGA FORA DE HORÁRIO
162510;Reentrega;FORA DE HORÁRIO
167331;Reentrega;FORA DE HORÁRIO
179636;Reentrega;FORA DE HORÁRIO
830;Reentrega;FORA DE HORÁRIO
88579;Reentrega;CARRO QUEBROU
88580;Reentrega;CARRO QUEBROU
167239;Cancelado;PEDIDO RECUSADO PELO CLIENTE
167238;Cancelado;PEDIDO RECUSADO PELO CLIENTE
189772;Reentrega;ENTREGA FORA DE HORÁRIO
133302;Cancelado;SINISTRO COM VEICULO
181274;Devolução;SEM PEDIDO
183036;Devolução;PEDIDO EXPIRADO
81430;Reentrega;FORA DE HORÁRIO
84324;Reentrega;FORA DE HORÁRIO
84323;Reentrega;FORA DE HORÁRIO
84977;Cancelado;DIVERGENCIA DE PEDIDO
122801;Devolução;FALTA DE MERCADORIA
122802;Devolução;FALTA DE MERCADORIA
134408;Devolução;FALTA DE MERCADORIA
122800;Devolução;FALTA DE MERCADORIA
134405;Devolução;FALTA DE MERCADORIA
189812;Devolução;DIVERGENCIA DE PEDIDO
190718;Devolução;PEDIDO EM DUPLICIDADE
190656;Devolução;PEDIDO EM DUPLICIDADE
189077;Reentrega;FORA DE HORÁRIO
75454;Devolução;DIVERGENCIA DE PREÇO
107847;Reentrega;RECEBIMENTO FEHCADO
107843;Reentrega;RECEBIMENTO FEHCADO
182144;Reentrega;FORA DE HORÁRIO
182144;Reentrega;FORA DE HORÁRIO
182144;Reentrega;EXCESSO DE VEICULOS NO CLIENTE
182144;Reentrega;FORA DE HORÁRIO
182144;Reentrega;FORA DE HORÁRIO
128548;Reentrega;LOJA EM BALANÇO
154321;Reentrega;FORA DE HORÁRIO
154322;Reentrega;FORA DE HORÁRIO
154323;Reentrega;FORA DE HORÁRIO
154321;Reentrega;FORA DE HORÁRIO
154322;Reentrega;FORA DE HORÁRIO
154323;Reentrega;FORA DE HORÁRIO
27673;Reentrega;FORA DE HORÁRIO
27673;Devolução;DIVERGENCIA DE PEDIDO
30168;Reentrega;MOTORISTA CHEGOU FORA DE HORARIO - CLIENTE RECEBE ATÉ AS 14HRS
30167;Reentrega;MOTORISTA CHEGOU FORA DE HORARIO - CLIENTE RECEBE ATÉ AS 14HRS
55235;Reentrega;CLIENTE ALEGANDO SEM AGENDAMENTO
140135;Reentrega;FORA DE HORÁRIO
140134;Reentrega;FORA DE HORÁRIO
156081;Reentrega;FORA DE HORÁRIO
156080;Reentrega;FORA DE HORÁRIO
171182;Devolução;PEDIDO EM DUPLICIDADE
19347;Reentrega;PRODUTO SEM CADASTRO NO CLIENTE. REENTREGAR
19349;Reentrega;PRODUTO SEM CADASTRO NO CLIENTE. REENTREGAR
22397;Reentrega;PRODUTO SEM CADASTRO NO CLIENTE. REENTREGAR
19347;Reentrega;ENTREGA FORA DE HORÁRIO
19349;Reentrega;ENTREGA FORA DE HORÁRIO
22397;Reentrega;ENTREGA FORA DE HORÁRIO
19347;Reentrega;ENTREGA FORA DE HORÁRIO
19349;Reentrega;ENTREGA FORA DE HORÁRIO
22397;Reentrega;ENTREGA FORA DE HORÁRIO
19347;Cancelado;SEM CADASTRO
19349;Devolução;SEM CADASTRO
22397;Devolução;SEM CADASTRO
5504;Reentrega;FORA DE HORÁRIO
5505;Reentrega;FORA DE HORÁRIO
11071;Devolução;PEDIDO EM DUPLICIDADE
12704;Devolução;PEDIDO EM DUPLICIDADE
62613;Reentrega;ESTOQUE CHEIO. REENTREGAR.
37742;Cancelado;NOTA FOI DESMENBRADA OR DUAS NOTAS 40117 e 40118
142100;Devolução;SEM PEDIDO
142104;Devolução;SEM PEDIDO
77327;Devolução;CNPJ INCORRETO
98064;Cancelado;DIVERGENCIA DE PEDIDO
135697;Cancelado;extraviada
135698;Cancelado;extraviada
154064;Reentrega;FORA DE HORÁRIO
81485;Reentrega;FORA DE HORÁRIO
24908;Reentrega;FORA DE HORÁRIO
68408;Reentrega;MERCADORIA FALTANDO / ARRUMAR CARGA E REENTREGAR
52358;Devolução;SEM PEDIDO
68068;Reentrega;CLIENTE SOLICITOU REENTREGA
3163;Reentrega;CLIENTE SE CONFUNDIU, SOLICITOU REENTREGA
45957;Reentrega;FORA DE HORÁRIO
45958;Reentrega;FORA DE HORÁRIO
3897;Reentrega;FORA DE HORÁRIO
14606;Devolução;NF SUBSTITUIDA - NOVA NF 14633
14624;Devolução;NF SUBSTITUIDA - NOVA NF 14633
18456;Reentrega;FORA DE HORÁRIO
18455;Reentrega;FORA DE HORÁRIO
38065;Reentrega;FORA DE HORÁRIO
38066;Reentrega;FORA DE HORÁRIO
62439;Reentrega;FICOU PRESO NO  ESPERANCA - 12
62439;Reentrega;MERCADORIA NÃO FOI CARREGADA NO MOTORISTA
62439;Reentrega;Horário de recebimento até as 11:00. fora de horario
69127;Devolução;SEM PEDIDO
84199;Devolução;DIVERGENCIA DE CADASTRO
85666;Devolução;DIVERGENCIA DE CADASTRO
64491;Reentrega;CARGA NÃO SAIU COM O MOTORISTA
139167;Devolução;SEM PEDIDO
162156;Devolução;DIVERGENCIA DE PEDIDO
46475;Reentrega;FORA DE HORÁRIO
69371;Reentrega;MERCADORIA UMIDA / TROCAR CARGA E SEGUIR COM A REENTREGA
75404;Reentrega;CARRO QUEBROU
75403;Reentrega;CARRO QUEBROU
89977;Reentrega;LOJA EM BALANÇO
89977;Reentrega;ESSA CARGA NÃO SUBIU NO VEICULO DO MOTORISTA
95413;Reentrega;FORA DE HORÁRIO
95411;Reentrega;FORA DE HORÁRIO
161341;Reentrega;LOJA EM BALANÇO
161340;Reentrega;LOJA EM BALANÇO
161339;Reentrega;LOJA EM BALANÇO
90236;Devolução;DIVERGENCIA DE PEDIDO
90227;Reentrega;FORA DE HORÁRIO
146910;Reentrega;FORA DO DIA DE RECEBIMENTO
150698;Reentrega;FORA DE HORÁRIO
23033;Reentrega;FORA DE HORÁRIO
28813;Devolução;SEM PEDIDO
46544;Reentrega;ENTREGA FORA DE HORÁRIO
46551;Reentrega;ENTREGA FORA DE HORÁRIO
46552;Reentrega;ENTREGA FORA DE HORÁRIO
58606;Reentrega;FORA DE HORÁRIO
58607;Reentrega;FORA DE HORÁRIO
58603;Reentrega;FORA DE HORÁRIO
59974;Reentrega;FORA DE HORÁRIO
58606;Devolução;cliente recusou a NF.
58607;Devolução;cliente recusou a NF.
58603;Devolução;cliente recusou a NF.
59974;Devolução;cliente recusou a NF.
82846;Devolução;PEDIDO FORA DOS CONFORMES
82848;Devolução;PEDIDO FORA DOS CONFORMES
84693;Devolução;PEDIDO FORA DOS CONFORMES
36623;Cancelado;PEDIDO RECUSADO PELO CLIENTE
137193;Reentrega;FORA DE HORÁRIO
137192;Reentrega;FORA DE HORÁRIO
137193;Reentrega;NÃO FOI CARREGADO
137192;Reentrega;NÃO FOI CARREGADO
137193;Devolução;PEDIDO EXPIRADO
137192;Devolução;PEDIDO EXPIRADO
166698;Reentrega;FALTA DE MERCADORIA
159080;Reentrega;FORA DE HORÁRIO
93166;Reentrega;FORA DE HORÁRIO
101889;Devolução;divergencia de imposto
96699;Cancelado;CNPJ INCORRETO
125604;Cancelado;CNPJ INCORRETO
139255;Devolução;DIVERGENCIA DE PEDIDO
157368;Devolução;SEM PEDIDO
79710;Cancelado;CNPJ INCORRETO
94162;Cancelado;CNPJ INCORRETO
94817;Cancelado;CNPJ INCORRETO
94812;Cancelado;CNPJ INCORRETO
94779;Cancelado;PEDIDO RECUSADO PELO CLIENTE
96701;Cancelado;PEDIDO EXPIRADO
275010;Cancelado;PEDIDO CANCELADO
275011;Cancelado;PEDIDO CANCELADO
295954;Devolução;CNPJ INCORRETO
298397;Cancelado;DIVERGENCIA DE PEDIDO
275095;Reentrega;COMERCIAL SOLICITOU REENTREGA
275095;Devolução;DIVERGENCIA DE PREÇO
294763;Devolução;CNPJ INCORRETO
294764;Devolução;CNPJ INCORRETO
294765;Devolução;CNPJ INCORRETO
294766;Devolução;CNPJ INCORRETO
302094;Devolução;DIVERGENCIA DE PEDIDO
302095;Devolução;DIVERGENCIA DE PEDIDO
275881;Reentrega;PALET FORA DE PADRÃO DO CLIENTE
275882;Reentrega;PALET FORA DE PADRÃO DO CLIENTE
276104;Reentrega;ERRO DE PALETIZAÇÃO
277705;Reentrega;ERRO DE PALETIZAÇÃO
275887;Reentrega;QUALIDADE RECUSADA - AMARELADA
275887;Cancelado;PEDIDO RECUSADO PELO CLIENTE
275881;Cancelado;DIVERGENCIA DE CADASTRO
276104;Cancelado;DIVERGENCIA DE CADASTRO
277705;Cancelado;DIVERGENCIA DE CADASTRO
275882;Cancelado;DIVERGENCIA DE CADASTRO
290763;Devolução;PEDIDO CANCELADO
290764;Devolução;PEDIDO CANCELADO
290765;Devolução;PEDIDO CANCELADO
296202;Devolução;DIVERGENCIA DE PREÇO
296204;Devolução;SEM PEDIDO
302408;Cancelado;PEDIDO TESTE
303957;Reentrega;ERRO DE PALETIZAÇÃO
303956;Reentrega;ERRO DE PALETIZAÇÃO
303955;Reentrega;ERRO DE PALETIZAÇÃO
304760;Devolução;PEDIDO EXPIRADO
155361;Devolução;SEM PEDIDO
66163;Cancelado;cliente solicitou a recusa
94436;Reentrega;MOTORISTA FICOU PRESO NO ESPERANÇA
95437;Devolução;PEDIDO EM DUPLICIDADE
102975;Reentrega;FICOU PRESO ANDORINHA
135997;Reentrega;FORA DE HORÁRIO
95397;Reentrega;FORA DE HORÁRIO
189645;Reentrega;FORA DE HORÁRIO
129618;Devolução;PEDIDO EM DUPLICIDADE
90451;Devolução;SEM PEDIDO
148913;Reentrega;FORA DE HORÁRIO
148913;Devolução;SEM PEDIDO
123292;Reentrega;FORA DE HORÁRIO
133888;Reentrega;FORA DE HORÁRIO
17831;Reentrega;DIVERGENCIA DE PEDIDO
111574;Reentrega;FORA DE HORÁRIO
72535;Cancelado;DIVERGENCIA DE PEDIDO
73542;Cancelado;DIVERGENCIA DE PEDIDO
73855;Cancelado;QUALIDADE RECUSADA - AMARELADA
82342;Cancelado;CNPJ INCORRETO
111209;Cancelado;SEM TRIBUTAÇÃO FISCAL NA NOTA
136903;Devolução;PEDIDO EM DUPLICIDADE
148788;Reentrega;FORA DE HORÁRIO
148788;Reentrega;FORA DE HORÁRIO
148788;Devolução;DIVERGENCIA DE PREÇO
120920;Reentrega;CARRO QUEBROU
68186;Reentrega;FORA DE HORÁRIO
7618;Reentrega;FALTA DE MERCADORIA
78599;Devolução;PEDIDO EM DUPLICIDADE
128623;Reentrega;FORA DE HORÁRIO
25685;Devolução;SEM PEDIDO
26056;Devolução;DIVERGENCIA DE PEDIDO
26058;Devolução;DIVERGENCIA DE PEDIDO
26055;Devolução;DIVERGENCIA DE PEDIDO
27031;Devolução;DIVERGENCIA DE PEDIDO
7725;Reentrega;FORA DE HORÁRIO
56408;Reentrega;EXCESSO DE VEÍCULOS NO LOCAL. RETORNA OUTRO DIA
67498;Reentrega;FORA DE HORÁRIO
73571;Reentrega;CLIENTE COM EXCESSO DE MERCADORIA - REENTREGA A PARTIR DO DIA 03/03
73572;Reentrega;CLIENTE COM EXCESSO DE MERCADORIA - REENTREGA A PARTIR DO DIA 03/03
97825;Reentrega;FORA DE HORÁRIO
107851;Reentrega;FORA DE HORÁRIO
113125;Reentrega;FORA DE HORÁRIO
7724;Reentrega;FORA DE HORÁRIO
81875;Reentrega;FORA DE HORÁRIO
86041;Reentrega;ENTREGA FORA DE HORÁRIO
97824;Reentrega;FORA DE HORÁRIO
7823;Reentrega;FORA DE HORÁRIO
192077;Devolução;PEDIDO EM DUPLICIDADE
51887;Reentrega;ENTREGA FORA DE HORÁRIO
69730;Devolução;QUALIDADE RECUSADA - AMARELADA
72722;Devolução;QUALIDADE RECUSADA - AMARELADA
74486;Devolução;QUALIDADE RECUSADA - AMARELADA
82083;Cancelado;SINISTRO COM VEICULO
153938;Cancelado;DIVERGENCIA DE PEDIDO
68969;Devolução;PEDIDO EM DUPLICIDADE
125472;Devolução;SEM PEDIDO
126840;Devolução;SEM PEDIDO
92802;Reentrega;FORA DE HORÁRIO
92803;Reentrega;FORA DE HORÁRIO
92802;Reentrega;FORA DE HORÁRIO
92803;Reentrega;FORA DE HORÁRIO
133826;Reentrega;CARRO QUEBROU
133825;Reentrega;CARRO QUEBROU
138134;Reentrega;FORA DE ROTA
3197;Reentrega;FORA DE HORÁRIO
3197;Devolução;CNPJ INCORRETO
76019;Reentrega;FORA DE HORÁRIO
76020;Reentrega;FORA DE HORÁRIO
81556;Reentrega;LOJA SEM ESPAÇO
81557;Reentrega;LOJA SEM ESPAÇO
88660;Devolução;PRODUTO NÃO CADASTRADO
148931;Reentrega;SEM AGENDAMENTO
148932;Reentrega;SEM AGENDAMENTO
148933;Reentrega;SEM AGENDAMENTO
72814;Reentrega;FORA DE HORÁRIO
89758;Cancelado;CNPJ INCORRETO
175791;Reentrega;FORA DE HORÁRIO
26762;Reentrega;CLIENTE SOLICITOU UM NOVO AGENDAMENTO
46116;Reentrega;CLIENTE SOLICITOU AGENDA PARA O DIA 15/10.
164868;Devolução;SUBSTITUIÇÃO - ERRO DE PREÇO
164869;Devolução;SUBSTITUIÇÃO - ERRO DE PREÇO
165022;Devolução;SUBSTITUIÇÃO - ERRO DE PREÇO
16956;Reentrega;PALET FORA DE PADRÃO DO CLIENTE
17242;Reentrega;LOJA SEM ESPAÇO
17251;Reentrega;LOJA SEM ESPAÇO
16762;Reentrega;LOJA SEM ESPAÇO
17242;Cancelado;PEDIDO CANCELADO
17251;Cancelado;PEDIDO CANCELADO
16762;Cancelado;PEDIDO CANCELADO
16956;Devolução;PEDIDO CANCELADO
45217;Reentrega;CIENTE RECUSOU PORQUE ESTAVA MAL ESTRECHADO E PALETIZADO.
45217;Reentrega;NÃO FOI CARREGADO, ESTAVA AGENDADO PARA DIA 19/10
109789;Cancelado;DIVERGENCIA DE PREÇO
109870;Cancelado;SEM TRIBUTAÇÃO FISCAL NA NOTA
110171;Cancelado;SEM TRIBUTAÇÃO FISCAL NA NOTA
110370;Cancelado;SEM TRIBUTAÇÃO FISCAL NA NOTA
110369;Cancelado;SEM TRIBUTAÇÃO FISCAL NA NOTA
109887;Reentrega;PALET FORA DE PADRÃO DO CLIENTE
110334;Cancelado;SEM TRIBUTAÇÃO FISCAL NA NOTA
115123;Cancelado;SEM TRIBUTAÇÃO FISCAL NA NOTA
112242;Reentrega;PALET FORA DE PADRÃO DO CLIENTE
110400;Cancelado;SEM TRIBUTAÇÃO FISCAL NA NOTA
112242;Devolução;nota vai ser substituida.
119565;Cancelado;SEM TRIBUTAÇÃO FISCAL NA NOTA
119893;Cancelado;SEM TRIBUTAÇÃO FISCAL NA NOTA
119642;Devolução;SEM TRIBUTAÇÃO FISCAL NA NOTA
119883;Devolução;quantidade de carga excedida
117845;Cancelado;PALET FORA DE PADRÃO DO CLIENTE
118179;Devolução;PALET FORA DE PADRÃO DO CLIENTE
118336;Cancelado;PALET FORA DE PADRÃO DO CLIENTE
118334;Cancelado;PALET FORA DE PADRÃO DO CLIENTE
118335;Cancelado;PALET FORA DE PADRÃO DO CLIENTE
118409;Cancelado;ERRO DE PALETIZAÇÃO
118407;Cancelado;ERRO DE PALETIZAÇÃO
118410;Cancelado;ERRO DE PALETIZAÇÃO
118408;Cancelado;ERRO DE PALETIZAÇÃO
118098;Cancelado;CNPJ INCORRETO
119296;Reentrega;PALET FORA DE PADRÃO DO CLIENTE
119302;Reentrega;ERRO DE PALETIZAÇÃO
119719;Cancelado;SEM TRIBUTAÇÃO FISCAL NA NOTA
124354;Reentrega;PALET FORA DE PADRÃO DO CLIENTE
105306;Reentrega;NÃO LEVOU MERCADORIA PARA TROCA
105304;Reentrega;NÃO LEVOU MERCADORIA PARA TROCA
49388;Reentrega;PEMA PERDEU O AGENDAMENTO
91641;Devolução;PALET FORA DE PADRÃO DO CLIENTE
6283;Cancelado;PEDIDO CANCELADO
164905;Reentrega;DIVERGENCIA ENDEREÇO
152442;Devolução;SEM PEDIDO
152441;Devolução;SEM PEDIDO
179995;Reentrega;LOJA SEM SISTEMA
39775;Reentrega;ESTOQUE CHEIO
48639;Reentrega;FORA DE HORÁRIO
49469;Reentrega;MOTORISTA SAIU TARDE DA EMPRESA. FICOU PRESO NO ESPERANÇA
142448;Reentrega;FORA DE HORÁRIO
142447;Reentrega;FORA DE HORÁRIO
170621;Reentrega;FORA DE HORÁRIO
181140;Reentrega;NÃO CARREGOU
181140;Reentrega;FORA DE HORÁRIO
12376;Reentrega;FORA DE HORÁRIO
47334;Devolução;ESTOQUE CHEIO. RECUSAR A NF . VAI EMITIR NOVO PEDIDO
53352;Reentrega;ENTREGA FORA DE HORÁRIO
106705;Reentrega;LOJA EM BALANÇO
106709;Reentrega;LOJA EM BALANÇO
106708;Reentrega;LOJA EM BALANÇO
151687;Reentrega;EXCESSO DE VEICULOS NO CLIENTE
151685;Reentrega;EXCESSO DE VEICULOS NO CLIENTE
8232;Reentrega;SEM EPI
8231;Reentrega;SEM EPI
12353;Devolução;PEDIDO RECUSADO PELO CLIENTE
53608;Devolução;RECUSA. ITENS NÃO CADASTRADO
55741;Devolução;RECUSA. ITENS NÃO CADASTRADO
12374;Devolução;PEDIDO RECUSADO PELO CLIENTE
30470;Reentrega;ENTREGA FORA DE HORÁRIO
35075;Reentrega;FORA DE HORÁRIO
81238;Devolução;DIVERGENCIA DE PEDIDO
151812;Reentrega;PALET FORA DE PADRÃO DO CLIENTE
151811;Reentrega;PALET FORA DE PADRÃO DO CLIENTE
162661;Reentrega;FORA DE HORÁRIO
172632;Reentrega;DIVERGENCIA DE PEDIDO
179743;Reentrega;LOJA SEM SISTEMA
179744;Reentrega;LOJA SEM SISTEMA
89889;Reentrega;ENTREGA FORA DE HORÁRIO
89890;Reentrega;ENTREGA FORA DE HORÁRIO
104963;Reentrega;FICOU PRESO SUPERMERCADO INFANGER - 02
104962;Reentrega;FICOU PRESO SUPERMERCADO INFANGER - 02
104961;Reentrega;FICOU PRESO SUPERMERCADO INFANGER - 02
1302;Devolução;CNPJ INCORRETO
1943;Devolução;CNPJ INCORRETO
4948;Reentrega;FORA DE HORÁRIO
4948;Reentrega;MOTORISTA NÃO CARREGOU!
8214;Reentrega;PEDIDO RECUSADO PELO CLIENTE
8215;Reentrega;PEDIDO RECUSADO PELO CLIENTE
4948;Reentrega;PEDIDO RECUSADO PELO CLIENTE
4948;Devolução;CNPJ ERRADO CLIENTE DEVOLVEU
12296;Devolução;PEDIDO EM DUPLICIDADE
17336;Reentrega;FORA DE HORÁRIO
18846;Devolução;CNPJ INCORRETO
17336;Devolução;CNPJ INCORRETO
172588;Reentrega;DIVERGENCIA DE PEDIDO
179821;Reentrega;LOJA SEM SISTEMA
179824;Reentrega;LOJA SEM SISTEMA
11833;Reentrega;DIVERGENCIA DE CADASTRO
11833;Devolução;PEDIDO EM DUPLICIDADE
49238;Reentrega;ENTREGA FORA DE HORÁRIO
49237;Reentrega;ENTREGA FORA DE HORÁRIO
49238;Reentrega;MOTORISTA ESPEROU NO CLIENTE DAS 06HRS AS 11HRS - SEM RETORNO DO VENDENDOR
49237;Reentrega;MOTORISTA ESPEROU NO CLIENTE DAS 06HRS AS 11HRS - SEM RETORNO DO VENDENDOR
66200;Reentrega;CLIENTE NÃO CONSEGUIU RECEBER POR CONTA DA ALTA DEMANDA
66201;Reentrega;CLIENTE NÃO CONSEGUIU RECEBER POR CONTA DA ALTA DEMANDA
79589;Reentrega;Cliente alegou problema Fiscal/Cliente só aceita descarregar com ajudante
79588;Reentrega;Cliente alegou problema Fiscal/Cliente só aceita descarregar com ajudante
1345;Reentrega;LOJA EM BALANÇO
1346;Reentrega;LOJA EM BALANÇO
30383;Reentrega;ENTREGA FORA DE HORÁRIO
49646;Reentrega;FORA DE HORÁRIO
78305;Reentrega;NF DEU COMO DIVERGÊNCIA. COMERCIAL SOLICITOU REENTREGA
78304;Reentrega;NF DEU COMO DIVERGÊNCIA. COMERCIAL SOLICITOU REENTREGA
1521;Devolução;SEM PEDIDO
1945;Devolução;SEM PEDIDO
33224;Reentrega;NÃO CARREGOU
49023;Reentrega;SAIU TARDE DA EMPRESA. FORA DE HORÁRIO
149518;Reentrega;SEM AGENDAMENTO
149517;Reentrega;SEM AGENDAMENTO
172750;Reentrega;LOJA EM BALANÇO
180629;Reentrega;FORA DE HORÁRIO
4469;Cancelado;VEICULO ROUBADO
172227;Reentrega;FORA DE HORÁRIO
179903;Reentrega;LOJA SEM SISTEMA
179901;Reentrega;LOJA SEM SISTEMA
179903;Reentrega;NÃO CARREGOU
179901;Reentrega;NÃO CARREGOU
1716;Reentrega;LOJA EM BALANÇO
1715;Reentrega;LOJA EM BALANÇO
12491;Devolução;PEDIDO EM DUPLICIDADE
41497;Reentrega;FICOU PRESO NO CENCOSUD - JUNDIAI, COM EXCESSO DE VEICULO
59604;Reentrega;PRIMEIRA ENTREGA. NÃO PODIA SAIR SE NÃO PERDE A VEZ. FICOU 5 HORAS NO CLIENTE ENÃO FOI RESOLVIDO O PROBLEMA INTERNO DE PREÇO NO CLIENTE.
59599;Reentrega;PRIMEIRA ENTREGA. NÃO PODIA SAIR SE NÃO PERDE A VEZ. FICOU 5 HORAS NO CLIENTE ENÃO FOI RESOLVIDO O PROBLEMA INTERNO DE PREÇO NO CLIENTE.
59604;Reentrega;LIBERAÇÃO DO PEDIDO NA CENTRAL DELES ENROSCOU
59599;Reentrega;LIBERAÇÃO DO PEDIDO NA CENTRAL DELES ENROSCOU.
79391;Reentrega;FORA DE HORARIO - MOTORISTA FICOU DAS 08:00HRS AS 14:50 PRESO NO CLIENTE SANTA FÉ
79390;Reentrega;FORA DE HORARIO - MOTORISTA FICOU DAS 08:00HRS AS 14:50 PRESO NO CLIENTE SANTA FÉ
79391;Reentrega;FORA DE HORÁRIO
79390;Reentrega;FORA DE HORÁRIO
120959;Reentrega;PORTA DA DOCA QUEBRADO.
120958;Reentrega;PORTA DA DOCA QUEBRADO.
120960;Reentrega;PORTA DA DOCA QUEBRADO.
139630;Reentrega;LOJA EM BALANÇO
139629;Reentrega;LOJA EM BALANÇO
139630;Reentrega;FORA DE HORÁRIO
139629;Reentrega;FORA DE HORÁRIO
180001;Reentrega;LOJA SEM SISTEMA
180001;Reentrega;NÃO CARREGOU
8806;Reentrega;COMERCIAL SOLICITOU REENTREGA
36289;Devolução;DIVERGENCIA DE PEDIDO
94822;Devolução;DIVERGENCIA DE PEDIDO
172981;Reentrega;FORA DE HORÁRIO
1299;Reentrega;FORA DE HORÁRIO
30748;Reentrega;ENTREGA FORA DE HORÁRIO
37462;Reentrega;FORA DE HORÁRIO
47587;Devolução;ESTOQUE CHEIO. RECUSAR A NF . VAI EMITIR NOVO PEDIDO
90431;Reentrega;ENTREGA FORA DE HORÁRIO
90430;Reentrega;ENTREGA FORA DE HORÁRIO
3857;Devolução;Nota foi substituída para 5507
15344;Reentrega;FORA DE HORÁRIO
62575;Reentrega;MERCADORIA NÃO FOI CARREGADA NO MOTORISTA
132182;Reentrega;MOTORISTA NÃO PODE FAZER SUAS ENTREGAS
32456;Reentrega;ENTREGA FORA DE HORÁRIO
32459;Reentrega;ENTREGA FORA DE HORÁRIO
32455;Reentrega;ENTREGA FORA DE HORÁRIO
32454;Reentrega;ENTREGA FORA DE HORÁRIO
55409;Reentrega;FORA DE HORÁRIO
55408;Reentrega;FORA DE HORÁRIO
57290;Reentrega;MOTORISTA NÃO CONSEGUIU DESCARREGAR / CLIENTE SOLICITOU REENTREGA
57291;Reentrega;MOTORISTA NÃO CONSEGUIU DESCARREGAR / CLIENTE SOLICITOU REENTREGA
57292;Reentrega;MOTORISTA NÃO CONSEGUIU DESCARREGAR / CLIENTE SOLICITOU REENTREGA
57293;Reentrega;MOTORISTA NÃO CONSEGUIU DESCARREGAR / CLIENTE SOLICITOU REENTREGA
78547;Devolução;SEM PEDIDO
130042;Devolução;PEDIDO EM DUPLICIDADE
135934;Devolução;PEDIDO EXPIRADO
135933;Devolução;PEDIDO EXPIRADO
145830;Devolução;PEDIDO EXPIRADO
141364;Reentrega;FORA DE HORÁRIO
141363;Reentrega;FORA DE HORÁRIO
2462;Reentrega;FORA DE HORÁRIO
2461;Reentrega;FORA DE HORÁRIO
2462;Reentrega;FORA DE HORÁRIO
2461;Reentrega;FORA DE HORÁRIO
112374;Devolução;PEDIDO EM DUPLICIDADE
113940;Devolução;DIVERGENCIA DE PEDIDO
113942;Devolução;DIVERGENCIA DE PEDIDO
114352;Devolução;DIVERGENCIA DE PEDIDO
136857;Reentrega;FORA DE HORÁRIO
144918;Devolução;SEM PEDIDO
144920;Devolução;SEM PEDIDO
149722;Devolução;SEM PEDIDO
42864;Reentrega;FORA DE HORÁRIO
42865;Reentrega;FORA DE HORÁRIO
55354;Devolução;DIVERGENCIA DE PEDIDO
55353;Reentrega;CLIENTE SOLICITOU REENTREGA
88573;Reentrega;CARRO QUEBROU
88574;Reentrega;CARRO QUEBROU
113469;Reentrega;FORA DE HORÁRIO
119384;Reentrega;SEM AGENDAMENTO
119386;Reentrega;SEM AGENDAMENTO
381;Reentrega;Reagendado
38801;Reentrega;MERCADO EM VISTORIA. SOLICITOU REENTREGA
66063;Reentrega;FORA DE HORÁRIO
38620;Devolução;PEDIDO EM DUPLICIDADE
59801;Reentrega;CLIENTE COM PROBLEMA NO RECEBIMENTO / SOLICTAR REENTREGA
59798;Reentrega;CLIENTE COM PROBLEMA NO RECEBIMENTO / SOLICTAR REENTREGA
66062;Reentrega;FORA DE HORÁRIO
78269;Devolução;OCORRENCIA MERCADORIA ROUBADA
83460;Devolução;OCORRENCIA MERCADORIA ROUBADA
91593;Devolução;CLIENTE DEVOLVEU. DATA DE VALIDADE APAGADA NA EMBALAGEM. CONF. VENDEDOR SEGUIR COM A RECUSA DA NF.
38687;Devolução;PEDIDO EM DUPLICIDADE
78233;Devolução;PRODUTO NÃO CADASTRADO
78940;Devolução;PRODUTO NÃO CADASTRADO
99238;Reentrega;ENTREGA FORA DE HORÁRIO
99233;Reentrega;ENTREGA FORA DE HORÁRIO
188898;Reentrega;LOJA EM BALANÇO
36171;Reentrega;ENTREGA FORA DE HORÁRIO
36172;Reentrega;ENTREGA FORA DE HORÁRIO
66058;Reentrega;FORA DE HORÁRIO
78265;Devolução;OCORRENCIA MERCADORIA ROUBADA
83455;Devolução;OCORRENCIA MERCADORIA ROUBADA
123811;Reentrega;FORA DE HORÁRIO
123814;Reentrega;FORA DE HORÁRIO
148590;Reentrega;FORA DE HORÁRIO
148590;Reentrega;FORA DE HORÁRIO
188744;Reentrega;FORA DE HORÁRIO
188743;Reentrega;FORA DE HORÁRIO
52899;Reentrega;CARRO QUEBROU. NÃO CONSEGUIU FAZER A ENTREGA
52898;Reentrega;CARRO QUEBROU. NÃO CONSEGUIU FAZER A ENTREGA
65910;Devolução;DIVERGENCIA DE PEDIDO
78156;Devolução;PRODUTO NÃO CADASTRADO
78715;Devolução;PRODUTO NÃO CADASTRADO
159460;Reentrega;FORA DE HORÁRIO
8361;Reentrega;MERCADO RESCUSOU POR CONTA DA DATA DO BOLETO
8362;Reentrega;MERCADO RESCUSOU POR CONTA DA DATA DO BOLETO
60005;Reentrega;FORA DE HORÁRIO
60001;Reentrega;FORA DE HORÁRIO
68999;Reentrega;CLIENTE SOLICITOU REENTREGA
68999;Devolução;CLIENTE NÃO ACEITOU OS CUSTOS
123058;Reentrega;LOJA SEM ESPAÇO
123059;Reentrega;LOJA SEM ESPAÇO
134196;Reentrega;LOJA SEM ESPAÇO
134197;Reentrega;LOJA SEM ESPAÇO
134196;Reentrega;FORA DE HORÁRIO
134196;Reentrega;MOTORISTA NÃO CARREGOU
149284;Reentrega;FORA DE HORÁRIO
4269;Reentrega;PEDIDO RECUSADO PELO CLIENTE
43245;Reentrega;PEDIDO RECUSADO PELO CLIENTE
4269;Reentrega;LOJA SEM ESPAÇO
43245;Reentrega;LOJA SEM ESPAÇO
4269;Devolução;LOJA SEM ESPAÇO
43245;Devolução;LOJA SEM ESPAÇO
69113;Reentrega;FORA DE HORÁRIO
69112;Reentrega;FORA DE HORÁRIO
69113;Reentrega;CARRO QUEBROU
69112;Reentrega;CARRO QUEBROU
91485;Reentrega;ENTREGA FORA DE HORÁRIO
91485;Devolução;SEM PEDIDO
142563;Reentrega;FORA DE HORÁRIO
142560;Reentrega;FORA DE HORÁRIO
180646;Reentrega;FORA DE HORÁRIO
180645;Reentrega;FORA DE HORÁRIO
180644;Reentrega;FORA DE HORÁRIO
185114;Devolução;SEM PEDIDO
66061;Reentrega;FORA DE HORÁRIO
78266;Devolução;OCORRENCIA MERCADORIA ROUBADA
83457;Devolução;OCORRENCIA MERCADORIA ROUBADA
139418;Devolução;DIVERGENCIA DE PREÇO
188718;Reentrega;LOJA EM BALANÇO
188742;Reentrega;LOJA EM BALANÇO
39756;Devolução;SEM PEDIDO
109907;Reentrega;REENTREGAR JUNTO COM A BONIFICAÇÃO
175096;Reentrega;PALET FORA DE PADRÃO DO CLIENTE
176554;Devolução;SEM PEDIDO
4894;Reentrega;ESTABELECIMENTO FECHADO DEVIDO AOS BLOQUINHOS DE CARNAVAL
136531;Reentrega;CLIENTE NÃO RECEBEU POR FALTA DE FUNCIONARIO EM LOJA
136532;Reentrega;CLIENTE NÃO RECEBEU POR FALTA DE FUNCIONARIO EM LOJA
87310;Devolução;SEM PEDIDO
88448;Devolução;SEM PEDIDO
93163;Reentrega;FORA DE HORÁRIO
93164;Reentrega;FORA DE HORÁRIO
76981;Reentrega;ENTREGA FORA DE HORÁRIO
158986;Reentrega;FORA DE HORÁRIO
158987;Reentrega;FORA DE HORÁRIO
101274;Reentrega;FORA DE HORÁRIO
101270;Reentrega;FORA DE HORÁRIO
101274;Reentrega;FICOU PRESO BEM BARATO - 26
101270;Reentrega;FICOU PRESO BEM BARATO - 26
184912;Devolução;DIVERGENCIA DE PEDIDO
101272;Reentrega;FORA DE HORÁRIO
101276;Reentrega;FORA DE HORÁRIO
101272;Reentrega;FICOU PRESO BEM BARATO - 26
101276;Reentrega;FICOU PRESO BEM BARATO - 26
147461;Reentrega;FORA DE HORÁRIO
147463;Reentrega;FORA DE HORÁRIO
184914;Devolução;DIVERGENCIA DE PEDIDO
188613;Reentrega;FORA DE HORÁRIO
10436;Devolução;PRODUTO NÃO CADASTRADO
14464;Devolução;PRODUTO NÃO CADASTRADO
112839;Devolução;PRODUTO NÃO CADASTRADO
113229;Devolução;PRODUTO NÃO CADASTRADO
141219;Reentrega;FORA DE HORÁRIO
146824;Reentrega;LOJA FECHADA
74247;Reentrega;MERCADO NÃO RECEBE DIA DE 04/03 (CARNAVAL)
74249;Reentrega;MERCADO NÃO RECEBE DIA DE 04/03 (CARNAVAL)
88691;Reentrega;FORA DE HORÁRIO
88692;Reentrega;FORA DE HORÁRIO
102822;Devolução;DIVERGENCIA DE PEDIDO
112312;Devolução;PEDIDO DIGITADO ERRADO. SEGUIR COM A RECUSA
115129;Cancelado;NF O CORRETO SERIA BONIFICAÇÃO
188956;Reentrega;FORA DE HORÁRIO
188955;Reentrega;FORA DE HORÁRIO
6649;Reentrega;FORA DE HORÁRIO
80353;Reentrega;FORA DE HORÁRIO
80354;Reentrega;FORA DE HORÁRIO
96069;Reentrega;ENTREGA FORA DE HORÁRIO
96068;Reentrega;ENTREGA FORA DE HORÁRIO
96073;Reentrega;ENTREGA FORA DE HORÁRIO
44744;Reentrega;CLIENTE SOLICITOU REENTREGA PORQUÊ NF FOI SEM A BONIFICAÇÃO
176227;Devolução;DIVERGENCIA DE PEDIDO
44746;Reentrega;CLIENTE SOLICITOU REENTREGA PORQUÊ NF FOI SEM A BONIFICAÇÃO
45390;Reentrega;FORA DE HORÁRIO
44746;Reentrega;FORA DE HORÁRIO
91281;Reentrega;ENTREGA FORA DE HORÁRIO
91289;Reentrega;ENTREGA FORA DE HORÁRIO
181177;Devolução;SEM PEDIDO
181176;Devolução;SEM PEDIDO
184198;Devolução;SEM PEDIDO
188612;Reentrega;FORA DE HORÁRIO
188611;Reentrega;FORA DE HORÁRIO
171995;Reentrega;FALTA DE MERCADORIA
177576;Reentrega;LOJA FECHADA
177575;Reentrega;LOJA FECHADA
98405;Reentrega;MOTORISTA FICOU DO DIA 08 PARA O DIA 09 PARA FINALIZAR AS ENTREGAS, DEVIDO AO FERIADO ESTABELECIMENTO FICOU FECHADO
98404;Reentrega;MOTORISTA FICOU DO DIA 08 PARA O DIA 09 PARA FINALIZAR AS ENTREGAS, DEVIDO AO FERIADO ESTABELECIMENTO FICOU FECHADO
98405;Reentrega;ENTREGA FORA DE HORÁRIO
98404;Reentrega;ENTREGA FORA DE HORÁRIO
171996;Reentrega;FALTA DE MERCADORIA
94414;Devolução;NF TEVE SUBSTITUIÇÃO
94415;Devolução;NF TEVE SUBSTITUIÇÃO
94456;Devolução;NF TEVE SUBSTITUIÇÃO
171994;Reentrega;FALTA DE MERCADORIA
19217;Reentrega;FORA DE HORÁRIO
133886;Reentrega;FORA DE HORÁRIO
133887;Reentrega;FORA DE HORÁRIO
12167;Reentrega;FORA DE HORÁRIO
19214;Reentrega;FORA DE HORÁRIO
79000;Reentrega;FERIADO NA CIDADE. REENTREGAR.
78999;Reentrega;FERIADO NA CIDADE. REENTREGAR.
83111;Reentrega;FORA DE HORÁRIO
109480;Reentrega;MOTORISTA FICOU PRESO COFESA - 08 / NÃO PASSOU OCORRENCIA E DESCARREGOU AS DEMAIS NA EMPRESA. ( FORA DE HORÁRIO )
32211;Reentrega;ENTREGA FORA DE HORÁRIO
34884;Reentrega;ENTREGA FORA DE HORÁRIO
32211;Devolução;RECUSA AVARIA
34884;Devolução;RECUSA AVARIA
76904;Cancelado;NF FOI SUBSTITUIDA NOVA NF 77093
86118;Reentrega;GLAUCIO NÃO PODE FINALIZAR AS ENTREGAS. MOTIVO: VÉICULO PRECISA PRESTAR SERVIÇO PARA A FEIRA DA APAS
86117;Reentrega;GLAUCIO NÃO PODE FINALIZAR AS ENTREGAS. MOTIVO: VÉICULO PRECISA PRESTAR SERVIÇO PARA A FEIRA DA APAS
89018;Devolução;SEM TRIBUTAÇÃO FISCAL NA NOTA
89016;Devolução;SEM TRIBUTAÇÃO FISCAL NA NOTA
90509;Devolução;SEM TRIBUTAÇÃO FISCAL NA NOTA
89017;Devolução;SEM TRIBUTAÇÃO FISCAL NA NOTA
12169;Reentrega;FORA DE HORÁRIO
12168;Reentrega;FORA DE HORÁRIO
19219;Reentrega;FORA DE HORÁRIO
78998;Reentrega;FERIADO NA CIDADE. REENTREGAR.
109479;Reentrega;MOTORISTA FICOU PRESO COFESA - 08 / NÃO PASSOU OCORRENCIA E DESCARREGOU AS DEMAIS NA EMPRESA. ( FORA DE HORÁRIO )
17506;Reentrega;ENTREGA FORA DE HORÁRIO
17505;Reentrega;ENTREGA FORA DE HORÁRIO
19216;Reentrega;FORA DE HORÁRIO
133884;Reentrega;FORA DE HORÁRIO
133885;Reentrega;FORA DE HORÁRIO
125659;Devolução;EXTRAVIO DE MERCADORIA PELA TRANSPORTADORA
12173;Reentrega;FORA DE HORÁRIO
12166;Reentrega;FORA DE HORÁRIO
19213;Reentrega;FORA DE HORÁRIO
78995;Reentrega;FERIADO NA CIDADE. REENTREGAR.
109478;Reentrega;MOTORISTA FICOU PRESO COFESA - 08 / NÃO PASSOU OCORRENCIA E DESCARREGOU AS DEMAIS NA EMPRESA. ( FORA DE HORÁRIO )
127107;Reentrega;FORA DE HORÁRIO
127098;Reentrega;FORA DE HORÁRIO
150151;Reentrega;FORA DE HORÁRIO
34612;Reentrega;ENTREGA FORA DE HORÁRIO
34613;Reentrega;ENTREGA FORA DE HORÁRIO
153364;Devolução;DIVERGENCIA DE PEDIDO
153362;Devolução;DIVERGENCIA DE PEDIDO
160105;Devolução;DIVERGENCIA DE PEDIDO
93850;Reentrega;FORA DE HORÁRIO
138963;Reentrega;ESTABELECIMENTO FECHADO
563;Devolução;PEDIDO RECUSADO PELO CLIENTE
567;Devolução;PEDIDO RECUSADO PELO CLIENTE
1054;Devolução;PEDIDO RECUSADO PELO CLIENTE
37430;Reentrega;ENTREGA FORA DE HORÁRIO
39244;Reentrega;ENTREGA FORA DE HORÁRIO
66551;Reentrega;FORA DE HORÁRIO
66549;Reentrega;FORA DE HORÁRIO
37434;Reentrega;ENTREGA FORA DE HORÁRIO
89011;Reentrega;TAPIOCA COM EMBALAGEM ESTUFADA. TROCAR A CARGA E SEGUIR PARA A REENTREGA.
89009;Reentrega;TAPIOCA COM EMBALAGEM ESTUFADA. TROCAR A CARGA E SEGUIR PARA A REENTREGA.
90483;Reentrega;TAPIOCA COM EMBALAGEM ESTUFADA. TROCAR A CARGA E SEGUIR PARA A REENTREGA.
89011;Devolução;DIVERGENCIA DE PEDIDO
89009;Devolução;DIVERGENCIA DE PEDIDO
90483;Devolução;DIVERGENCIA DE PEDIDO
127494;Reentrega;FERIADO NO MUNICIPIO DA ENTREGA
127493;Reentrega;FERIADO NO MUNICIPIO DA ENTREGA
42461;Reentrega;CLIENTE SÓ RECEBE DE SEGUNDA À QUINTA
46818;Reentrega;CLIENTE SÓ RECEBE DE SEG A QUIN - (08HRS - 12HRS) - (13HRS - 16HRS)
46817;Reentrega;CLIENTE SÓ RECEBE DE SEG A QUIN - (08HRS - 12HRS) - (13HRS - 16HRS)
46816;Reentrega;CLIENTE SÓ RECEBE DE SEG A QUIN - (08HRS - 12HRS) - (13HRS - 16HRS)
75938;Reentrega;ENTREGA FORA DE HORÁRIO
75937;Reentrega;ENTREGA FORA DE HORÁRIO
134381;Reentrega;FALTA DE MERCADORIA
134403;Reentrega;FALTA DE MERCADORIA
140965;Reentrega;FALTA DE MERCADORIA
84488;Devolução;PEDIDO EM DUPLICIDADE
85658;Devolução;PEDIDO EM DUPLICIDADE
84487;Devolução;PEDIDO EM DUPLICIDADE
91038;Reentrega;FORA DE HORÁRIO
91038;Devolução;PEDIDO EM DUPLICIDADE
168417;Devolução;DIVERGENCIA DE PEDIDO
9954;Cancelado;DIVERGENCIA DE CADASTRO
43244;Cancelado;DIVERGENCIA DE CADASTRO
94365;Reentrega;estabelecimento fechado no dia. seguir com a reentrega
126950;Devolução;SEM PEDIDO
126949;Devolução;SEM PEDIDO
128119;Devolução;SEM PEDIDO
136912;Reentrega;CLIENTE EM RECESSO (SÓ VAI RECEBER DIA 05/01)
136913;Reentrega;CLIENTE EM RECESSO (SÓ VAI RECEBER DIA 05/01)
118292;Devolução;DIVERGENCIA DE PEDIDO
118338;Devolução;SEM PEDIDO
139062;Reentrega;PALET FORA DE PADRÃO DO CLIENTE
139061;Reentrega;PALET FORA DE PADRÃO DO CLIENTE
149915;Reentrega;PRODUTO COM A DATA DE VALIDADE PRÓXIMA (3 MESES)
175179;Reentrega;EXCESSO DE VEICULOS NO CLIENTE
175180;Reentrega;EXCESSO DE VEICULOS NO CLIENTE
175181;Reentrega;EXCESSO DE VEICULOS NO CLIENTE
175182;Reentrega;EXCESSO DE VEICULOS NO CLIENTE
96284;Devolução;DIVERGENCIA DE PEDIDO
98443;Devolução;DIVERGENCIA DE PREÇO
99169;Devolução;DIVERGENCIA DE PEDIDO
108974;Reentrega;FORA DE HORÁRIO
108975;Reentrega;FORA DE HORÁRIO
108972;Reentrega;FORA DE HORÁRIO
84746;Reentrega;ENTREGA FORA DE HORÁRIO
18730;Devolução;PEDIDO RECUSADO PELO CLIENTE
21522;Reentrega;LOJA FECHADA
144970;Reentrega;FORA DE HORÁRIO
144969;Reentrega;FORA DE HORÁRIO
16470;Reentrega;FALTA DE MERCADORIA
20204;Reentrega;FALTA DE MERCADORIA
16469;Reentrega;FALTA DE MERCADORIA
16466;Reentrega;FALTA DE MERCADORIA
20159;Reentrega;FALTA DE MERCADORIA
16470;Devolução;SEM PEDIDO
20204;Devolução;SEM PEDIDO
16469;Devolução;SEM PEDIDO
16466;Devolução;SEM PEDIDO
20159;Devolução;SEM PEDIDO
50262;Reentrega;FORA DE HORÁRIO
50261;Reentrega;FORA DE HORÁRIO
50260;Reentrega;FORA DE HORÁRIO
50259;Reentrega;FORA DE HORÁRIO
81074;Reentrega;FORA DE HORÁRIO
81070;Reentrega;FORA DE HORÁRIO
115233;Devolução;DIVERGENCIA DE PEDIDO
134947;Reentrega;LOJA FECHADA
138141;Devolução;PEDIDO EM DUPLICIDADE
138140;Devolução;PEDIDO EM DUPLICIDADE
138138;Devolução;PEDIDO EM DUPLICIDADE
138139;Devolução;PEDIDO EM DUPLICIDADE
162641;Cancelado;CNPJ INCORRETO
162950;Cancelado;CNPJ INCORRETO
162642;Cancelado;CNPJ INCORRETO
162955;Cancelado;CNPJ INCORRETO
162638;Cancelado;CNPJ INCORRETO
162639;Cancelado;CNPJ INCORRETO
16114;Reentrega;CARRO QUEBROU
16113;Reentrega;CARRO QUEBROU
16116;Reentrega;CARRO QUEBROU
16112;Reentrega;CARRO QUEBROU
16115;Reentrega;CARRO QUEBROU
16111;Reentrega;CARRO QUEBROU
18356;Devolução;FALTA DE MERCADORIA
3728;Reentrega;CLIENTE NÃO ABRE NA SEGUNDA - FEIRA
3729;Reentrega;CLIENTE NÃO ABRE NA SEGUNDA - FEIRA
14028;Reentrega;FERIADO NO CLIENTE
14029;Reentrega;FERIADO NO CLIENTE
21834;Reentrega;LOJA FECHADA
21834;Reentrega;LOJA FECHADA
105782;Reentrega;CLIENTE NÃO RECEBE EM SEGUNDA FEIRA
105781;Reentrega;CLIENTE NÃO RECEBE EM SEGUNDA FEIRA
121002;Reentrega;CLIENTE NÃO ABRE DIA DE SEGUNDA FEIRA
121001;Reentrega;CLIENTE NÃO ABRE DIA DE SEGUNDA FEIRA
180765;Devolução;DIVERGENCIA DE PEDIDO
180767;Devolução;DIVERGENCIA DE PEDIDO
155407;Reentrega;FORA DE HORÁRIO
172621;Reentrega;FORA DE HORÁRIO
172622;Reentrega;FORA DE HORÁRIO
172623;Reentrega;FORA DE HORÁRIO
183961;Reentrega;BANCO NÃO CONFIRMOU A PRORROGAÇÃO DO BOLETO A TEMPO
65164;Reentrega;SEM AGENDAMENTO
65166;Reentrega;SEM AGENDAMENTO
140676;Reentrega;FORA DE HORÁRIO
140678;Reentrega;FORA DE HORÁRIO
140680;Reentrega;FORA DE HORÁRIO
7070;Reentrega;FORA DE HORÁRIO
79688;Cancelado;CNPJ INCORRETO
158860;Reentrega;SEM AGENDAMENTO
58564;Reentrega;FORA DE HORÁRIO
58561;Reentrega;FORA DE HORÁRIO
60222;Reentrega;FORA DE HORÁRIO
58564;Devolução;PEDIDO DIVERGÊNTE
58561;Devolução;PEDIDO DIVERGÊNTE
60222;Devolução;PEDIDO DIVERGÊNTE
68102;Reentrega;REENTREGAR. ENVIAR A BONIFICAÇÃO JUNTO A NF
123978;Reentrega;FORA DE HORÁRIO
123977;Reentrega;FORA DE HORÁRIO
123979;Reentrega;FORA DE HORÁRIO
59603;Reentrega;NF RECUSADA PELO CLIENTE. ALEGANDO SEM AGENDAMENTO / REAGENDAR E REENTREGAR
59603;Reentrega;FICOU PRESO NO CENCOSUD - VARZEA E NÃO CONSEGUIU CHEGAR NO HORÁRIO DO AGENDAMENTO
82371;Reentrega;SEM AGENDAMENTO
76055;Reentrega;SEM AGENDAMENTO
76060;Reentrega;SEM AGENDAMENTO
77672;Devolução;DIVERGENCIA DE PEDIDO
82371;Reentrega;MERCADORIA NÃO COUBE NO CARRO DO MOTORISTA
130978;Reentrega;SEM AGENDAMENTO
130978;Devolução;PEDIDO CANCELADO
166912;Devolução;DIVERGENCIA DE PEDIDO
176257;Reentrega;SEM AGENDAMENTO
176256;Reentrega;SEM AGENDAMENTO
53437;Cancelado;DIVERGENCIA DE PEDIDO
82034;Devolução;DIVERGENCIA DE PREÇO
82035;Devolução;DIVERGENCIA DE PREÇO
82036;Devolução;DIVERGENCIA DE PREÇO
82037;Devolução;DIVERGENCIA DE PREÇO
82038;Devolução;DIVERGENCIA DE PREÇO
82039;Devolução;DIVERGENCIA DE PREÇO
82040;Devolução;DIVERGENCIA DE PREÇO
89500;Devolução;DIVERGENCIA DE PEDIDO
89499;Devolução;DIVERGENCIA DE PEDIDO
89498;Devolução;DIVERGENCIA DE PEDIDO
89490;Devolução;DIVERGENCIA DE PEDIDO
94585;Reentrega;AGENDAMENTO JÁ UTLIZADO
94586;Reentrega;AGENDAMENTO JÁ UTLIZADO
94587;Reentrega;AGENDAMENTO JÁ UTLIZADO
94588;Reentrega;AGENDAMENTO JÁ UTLIZADO
94585;Reentrega;CLIENTE NÃO ACEITA CARGA MISTURADA. REENTREGAR.
94586;Reentrega;CLIENTE NÃO ACEITA CARGA MISTURADA. REENTREGAR.
94587;Reentrega;CLIENTE NÃO ACEITA CARGA MISTURADA. REENTREGAR.
94588;Reentrega;CLIENTE NÃO ACEITA CARGA MISTURADA. REENTREGAR.
96540;Reentrega;CLIENTE NÃO ACEITA CARGA MISTURADA. REENTREGAR.
96541;Reentrega;CLIENTE NÃO ACEITA CARGA MISTURADA. REENTREGAR.
96542;Reentrega;CLIENTE NÃO ACEITA CARGA MISTURADA. REENTREGAR.
94585;Devolução;PEDIDO CANCELADO
94586;Devolução;PEDIDO CANCELADO
94587;Devolução;PEDIDO CANCELADO
94588;Devolução;PEDIDO CANCELADO
96540;Devolução;PEDIDO CANCELADO
96541;Devolução;PEDIDO CANCELADO
96542;Devolução;PEDIDO CANCELADO
102125;Devolução;SEM PEDIDO
102126;Devolução;SEM PEDIDO
110609;Reentrega;SEM AGENDAMENTO
110608;Reentrega;SEM AGENDAMENTO
112546;Reentrega;..
112547;Reentrega;..
112548;Reentrega;..
112549;Reentrega;..
112553;Reentrega;..
112550;Reentrega;..
112551;Reentrega;..
112552;Reentrega;..
110609;Reentrega;..
110608;Reentrega;..
112972;Cancelado;problema de imposto que não confere com o determinado pelo cliente.
112549;Devolução;PEDIDO FOI CANCELADO
118062;Reentrega;PALET FORA DE PADRÃO DO CLIENTE
118063;Reentrega;PALET FORA DE PADRÃO DO CLIENTE
118064;Reentrega;PALET FORA DE PADRÃO DO CLIENTE
136016;Reentrega;PALET FORA DE PADRÃO DO CLIENTE
136015;Reentrega;PALET FORA DE PADRÃO DO CLIENTE
136024;Reentrega;PALET FORA DE PADRÃO DO CLIENTE
136023;Reentrega;PALET FORA DE PADRÃO DO CLIENTE
136025;Reentrega;PALET FORA DE PADRÃO DO CLIENTE
149340;Devolução;DIVERGENCIA DE PREÇO
17463;Reentrega;ITEM SEM CADASTRO. PROBLEMA INTERNO DA LOJA.
17463;Reentrega;FALTA DE MERCADORIA
155307;Reentrega;FORA DE HORÁRIO
155306;Reentrega;FORA DE HORÁRIO
155306;Devolução;TROCA DE PROPRIETÁRIO
2455;Reentrega;SEM BONIFICAÇÃO
93015;Devolução;SEM PEDIDO
98174;Devolução;SEM PEDIDO
93014;Devolução;SEM PEDIDO
148886;Devolução;PEDIDO EM DUPLICIDADE
153375;Devolução;PEDIDO EM DUPLICIDADE
148888;Devolução;PEDIDO EM DUPLICIDADE
189471;Reentrega;FORA DE HORÁRIO
181202;Devolução;DIVERGENCIA DE PREÇO
93367;Devolução;PEDIDO EM DUPLICIDADE
159358;Reentrega;FORA DE HORÁRIO
159355;Reentrega;FORA DE HORÁRIO
18850;Devolução;PRODUTO PROXIMO AO VENCIMENTO
32203;Cancelado;DIVERGENCIA DE PEDIDO
94153;Cancelado;NF RECUSADA
181641;Devolução;DIVERGENCIA ENDEREÇO
168960;Cancelado;SINISTRO COM VEICULO
124976;Devolução;DIVERGENCIA DE PREÇO
121961;Devolução;DIVERGENCIA DE PREÇO
121960;Devolução;DIVERGENCIA DE PREÇO
125110;Devolução;DIVERGENCIA DE PREÇO
85351;Cancelado;NF RECUSADA INTERNAMENTE
104382;Reentrega;FICOU PRESO COMERCIAL SOUZA ATACADISTA DE ALIMENTOS
104382;Reentrega;FORA DE HORÁRIO
104382;Reentrega;FORA DE HORÁRIO
34654;Cancelado;SEM PEDIDO
176039;Cancelado;PEDIDO RECUSADO PELO CLIENTE
46478;Reentrega;FORA DE HORÁRIO
46478;Reentrega;VEICULO NÃO CONSEGUIU SUBIR A RUA DO MERCADO / APRESENTOU PROBLEMAS...
148712;Reentrega;FORA DE HORÁRIO
148711;Reentrega;FORA DE HORÁRIO
148711;Reentrega;FORA DE HORÁRIO
148711;Devolução;DIVERGENCIA DE PEDIDO
143031;Devolução;SEM PEDIDO
149105;Devolução;SEM PEDIDO
149982;Reentrega;FORA DE HORÁRIO
148713;Reentrega;FORA DE HORÁRIO
148713;Reentrega;FORA DE HORÁRIO
148713;Devolução;DIVERGENCIA DE PEDIDO
145876;Reentrega;FORA DE HORÁRIO
182419;Devolução;SEM PEDIDO
182420;Reentrega;SEM PEDIDO
184512;Reentrega;SEM PEDIDO
182421;Reentrega;SEM PEDIDO
182422;Reentrega;SEM PEDIDO
184514;Reentrega;SEM PEDIDO
182421;Devolução;DIVERGENCIA DE PEDIDO
182422;Devolução;DIVERGENCIA DE PEDIDO
184514;Devolução;DIVERGENCIA DE PEDIDO
37090;Reentrega;FORA DE HORÁRIO
37088;Reentrega;FORA DE HORÁRIO
47159;Reentrega;MERCADO COM PROBLEMAS NO COLETOR / VAMOS FAZER UMA NOVA TENTATIVA DE ENTREGA
40198;Devolução;PEDIDO CANCELADO
79041;Reentrega;ERRO DE PALETIZAÇÃO
79040;Reentrega;ERRO DE PALETIZAÇÃO
103746;Reentrega;DIVERGENCIA DE CADASTRO
103745;Reentrega;DIVERGENCIA DE CADASTRO
113161;Devolução;Canjica branca foi descontinuada no cliente
40422;Devolução;PEDIDO EXPIRADO
28621;Devolução;IMPRÓPRIA PARA CONSUMO
42828;Cancelado;TRANSPORTADORA EXTRAVIOU A MERCADORIA
47540;Cancelado;TRANSPORTADORA EXTRAVIOU A MERCADORIA
185040;Cancelado;DIVERGENCIA DE PEDIDO
185957;Devolução;PRODUTO NÃO CADASTRADO
3408;Reentrega;FORA DE HORÁRIO
5984;Reentrega;FORA DE HORÁRIO
74529;Reentrega;FORA DE HORARIO
116340;Reentrega;CARRO QUEBROU
116346;Reentrega;CARRO QUEBROU
116342;Reentrega;CARRO QUEBROU
116341;Reentrega;CARRO QUEBROU
133200;Reentrega;HOUVE UM ACIDENTE COM O MOTORISTA
133200;Reentrega;FALTA DE MERCADORIA
111071;Reentrega;ENTREGA FORA DE HORÁRIO
111075;Reentrega;ENTREGA FORA DE HORÁRIO
120898;Reentrega;FORA DE HORÁRIO
120895;Reentrega;FORA DE HORÁRIO
133197;Reentrega;HOUVE UM ACIDENTE COM O MOTORISTA
116351;Reentrega;CARRO QUEBROU
116345;Reentrega;CARRO QUEBROU
133202;Reentrega;HOUVE UM ACIDENTE COM O MOTORISTA
5985;Reentrega;FORA DE HORÁRIO
49901;Reentrega;ENTREGA FORA DE HORÁRIO
133199;Reentrega;HOUVE UM ACIDENTE COM O MOTORISTA
133198;Reentrega;HOUVE UM ACIDENTE COM O MOTORISTA
2854;Reentrega;FORA DE HORÁRIO
66873;Devolução;DESACORDO COM O PEDIDO
116344;Reentrega;CARRO QUEBROU
126630;Reentrega;FORA DE HORÁRIO
126641;Reentrega;FORA DE HORÁRIO
128182;Reentrega;FORA DE HORÁRIO
159692;Reentrega;FORA DE HORÁRIO
159686;Reentrega;FORA DE HORÁRIO
159692;Reentrega;FORA DE HORÁRIO
159686;Reentrega;FORA DE HORÁRIO
116339;Reentrega;CARRO QUEBROU
116343;Reentrega;CARRO QUEBROU
126632;Reentrega;FORA DE HORÁRIO
126643;Reentrega;FORA DE HORÁRIO
116348;Reentrega;CARRO QUEBROU
116347;Reentrega;CARRO QUEBROU
126642;Reentrega;FORA DE HORÁRIO
126645;Reentrega;FORA DE HORÁRIO
128186;Reentrega;FORA DE HORÁRIO
49605;Reentrega;ENTREGA FORA DE HORÁRIO
74530;Reentrega;FORA DE HORARIO
116350;Reentrega;CARRO QUEBROU
116349;Reentrega;CARRO QUEBROU
126633;Reentrega;FORA DE HORÁRIO
126644;Reentrega;FORA DE HORÁRIO
128184;Reentrega;FORA DE HORÁRIO
14407;Devolução;PEDIDO CANCELADO
171838;Devolução;PEDIDO EM DUPLICIDADE
174075;Devolução;PEDIDO EM ATRASO
32286;Cancelado;SEM PEDIDO
32285;Cancelado;SEM PEDIDO
34854;Cancelado;SEM PEDIDO
89903;Reentrega;REENTREGAR. fisicamente foi tapioca 560g pedido e de 490g
89894;Reentrega;REENTREGAR. fisicamente foi tapioca 560g pedido e de 490g
132446;Devolução;DIVERGENCIA DE PEDIDO
134453;Devolução;DIVERGENCIA DE PEDIDO
132448;Devolução;DIVERGENCIA DE PEDIDO
175795;Reentrega;FORA DE HORÁRIO
36775;Cancelado;DIVERGENCIA DE PEDIDO
172307;Devolução;SEM PEDIDO
172305;Devolução;SEM PEDIDO
177354;Devolução;SEM PEDIDO
80519;Reentrega;FORA DE HORÁRIO
80523;Reentrega;FORA DE HORÁRIO
82721;Reentrega;Chegou depois do agendamento
80519;Reentrega;Chegou depois do agendamento
80523;Reentrega;Chegou depois do agendamento
86989;Reentrega;SEM AGENDAMENTO
86988;Reentrega;SEM AGENDAMENTO
86990;Reentrega;SEM AGENDAMENTO
86989;Reentrega;MOTORISTA CHEGOU APÓS O HORÁRIO DO AGENDAMENTO
86988;Reentrega;MOTORISTA CHEGOU APÓS O HORÁRIO DO AGENDAMENTO
86990;Reentrega;MOTORISTA CHEGOU APÓS O HORÁRIO DO AGENDAMENTO
15446;Reentrega;FORA DE HORÁRIO
148475;Devolução;DIVERGENCIA DE PREÇO
151368;Devolução;DIVERGENCIA DE PREÇO
15444;Reentrega;FORA DE HORÁRIO
148470;Reentrega;FORA DE HORÁRIO
152184;Reentrega;FORA DE HORÁRIO
148470;Devolução;SEM TRIBUTAÇÃO FISCAL NA NOTA
152184;Devolução;SEM TRIBUTAÇÃO FISCAL NA NOTA
148474;Reentrega;FORA DE HORÁRIO
152185;Reentrega;FORA DE HORÁRIO
148474;Devolução;SEM TRIBUTAÇÃO FISCAL NA NOTA
152185;Devolução;SEM TRIBUTAÇÃO FISCAL NA NOTA
148226;Reentrega;FORA DE HORÁRIO
150372;Reentrega;FORA DE HORÁRIO
148224;Reentrega;FORA DE HORÁRIO
151374;Reentrega;FORA DE HORÁRIO
148225;Reentrega;FORA DE HORÁRIO
148226;Reentrega;FORA DE HORÁRIO
150372;Reentrega;FORA DE HORÁRIO
148224;Reentrega;FORA DE HORÁRIO
151374;Reentrega;FORA DE HORÁRIO
148225;Reentrega;FORA DE HORÁRIO
148226;Devolução;PEDIDO E PARA SER FATURADO COMO "SIMPLES REMESSA",
150372;Devolução;PEDIDO E PARA SER FATURADO COMO "SIMPLES REMESSA",
148224;Devolução;DIVERGENCIA DE PREÇO
151374;Devolução;DIVERGENCIA DE PREÇO
172836;Devolução;DIVERGENCIA DE PEDIDO
1940;Reentrega;FORA DE HORÁRIO
2972;Reentrega;FORA DE HORÁRIO
1940;Devolução;PEDIDO RECUSADO PELO CLIENTE
2972;Devolução;SEM PEDIDO
107754;Reentrega;SEM AGENDAMENTO
107754;Reentrega;MOTORISTA PERDEU O HORÁRIO DO AGENDAMENTO
107754;Devolução;PERDEU AGENDAMENTO DUAS VEZES / SEGUIR COM A RECUSA.
113404;Reentrega;SEM AGENDAMENTO. SEGUIR COM REENTREGA
149829;Reentrega;DIVERGENCIA ENDEREÇO
95701;Reentrega;CAIXAS DA BATATA COM VALIDADE PRÓXIMA, CLIENTE NÃO QUIS ACEITAR! TROCAR A CARGA E SEGUIR COM A REENTREGA.
95702;Reentrega;CAIXAS DA BATATA COM VALIDADE PRÓXIMA, CLIENTE NÃO QUIS ACEITAR! TROCAR A CARGA E SEGUIR COM A REENTREGA.
105420;Devolução;CNPJ INCORRETO
137428;Reentrega;CARRO QUEBROU
137431;Reentrega;CARRO QUEBROU
137432;Reentrega;CARRO QUEBROU
137426;Reentrega;CARRO QUEBROU
157677;Reentrega;FORA DE HORÁRIO
157676;Reentrega;FORA DE HORÁRIO
30665;Reentrega;FORA DE HORÁRIO
30665;Reentrega;FALTOU CANJICA AMARELA E O CLIENTYE NAO QUIS RECEBER PARCIAL
100152;Reentrega;ENTREGA FORA DE HORÁRIO
100151;Reentrega;ENTREGA FORA DE HORÁRIO
179631;Reentrega;FORA DE HORÁRIO
179631;Devolução;FALTA DE MERCADORIA
61568;Reentrega;ficou preso no AKKI - 06
61567;Reentrega;ficou preso no AKKI - 06
103482;Reentrega;FORA DE HORÁRIO
103477;Reentrega;FORA DE HORÁRIO
103478;Reentrega;FORA DE HORÁRIO
103478;Devolução;SEM PEDIDO
108657;Reentrega;FORA DE HORARIO (FICOU PRESO NO CLIENTE DA PRACA - 08)
108656;Reentrega;FORA DE HORARIO (FICOU PRESO NO CLIENTE DA PRACA - 08)
108657;Reentrega;ENTREGA FORA DE HORÁRIO
108656;Reentrega;ENTREGA FORA DE HORÁRIO
175115;Devolução;PEDIDO EXPIRADO
179538;Reentrega;FORA DE HORÁRIO
84467;Reentrega;ENTREGA FORA DE HORÁRIO
91539;Devolução;SEM PEDIDO
161299;Reentrega;FORA DE HORÁRIO
161300;Reentrega;FORA DE HORÁRIO
175116;Devolução;PEDIDO EXPIRADO
5761;Reentrega;FORA DE HORÁRIO
39576;Reentrega;LOJA EM BALANÇO. ENTREGAR PRÓXIMA SEMANA
61538;Reentrega;ficou preso no AKKI - 08
60760;Reentrega;ficou preso no AKKI - 08
70581;Reentrega;FORA DE HORÁRIO
70578;Reentrega;FORA DE HORÁRIO
70581;Reentrega;FORA DE HORÁRIO
70578;Reentrega;FORA DE HORÁRIO
144986;Reentrega;FORA DE HORÁRIO
184096;Reentrega;LOJA EM BALANÇO
71282;Devolução;SEM PEDIDO
72957;Devolução;SEM PEDIDO
72545;Devolução;SEM PEDIDO
73206;Devolução;SEM PEDIDO
79372;Devolução;SEM PEDIDO
83863;Reentrega;FORA DE HORÁRIO
108687;Reentrega;FORA DE HORÁRIO
108689;Reentrega;FORA DE HORÁRIO
135599;Reentrega;DEMORA NO RECEBIMENTO
135598;Reentrega;DEMORA NO RECEBIMENTO
175117;Devolução;PEDIDO EXPIRADO
47706;Reentrega;FORA DE HORÁRIO
47712;Reentrega;FORA DE HORÁRIO
47711;Reentrega;FORA DE HORÁRIO
124622;Reentrega;FORA DE HORÁRIO
132644;Reentrega;FORA DE HORÁRIO
132645;Reentrega;FORA DE HORÁRIO
132648;Reentrega;FORA DE HORÁRIO
132640;Reentrega;FORA DE HORÁRIO
144381;Reentrega;QUALIDADE RECUSADA - ESTUFADA
144382;Reentrega;QUALIDADE RECUSADA - ESTUFADA
167464;Reentrega;FORA DE HORÁRIO
24634;Reentrega;LOJA EM BALANÇO
24634;Reentrega;ENTREGA FORA DE HORÁRIO
87738;Reentrega;Não carregou o carro, mercadoria ficou pra trás.
87738;Reentrega;ENTREGA FORA DE HORÁRIO
91206;Devolução;SEM PEDIDO
139839;Reentrega;FORA DE HORÁRIO
139838;Reentrega;FORA DE HORÁRIO
1451;Reentrega;FORA DE HORÁRIO
1451;Devolução;PEDIDO EXPIRADO
17152;Devolução;PEDIDO RECUSADO PELO CLIENTE
61321;Devolução;SEM PEDIDO
61322;Devolução;SEM PEDIDO
62120;Devolução;SEM PEDIDO
91065;Reentrega;FORA DE HORÁRIO
91058;Reentrega;FORA DE HORÁRIO
167471;Devolução;PEDIDO EM DUPLICIDADE
175176;Devolução;PEDIDO EXPIRADO
31559;Devolução;SEM PEDIDO
32325;Reentrega;FORA DE HORÁRIO
32325;Reentrega;FORA DE HORÁRIO
151473;Reentrega;FORA DE HORÁRIO
167763;Reentrega;FORA DE HORÁRIO
124781;Reentrega;MOTORISTA NÃO MAIS PERMITIDO DESCARREGAR NO DA PRAÇA 13
124783;Reentrega;MOTORISTA NÃO MAIS PERMITIDO DESCARREGAR NO DA PRAÇA 13
175119;Devolução;PEDIDO EXPIRADO
184831;Devolução;PEDIDO EM DUPLICIDADE
1460;Reentrega;FORA DE HORÁRIO
1460;Devolução;SEM PEDIDO
89060;Reentrega;FORA DE HORÁRIO
89060;Devolução;PEDIDO EXPIRADO
131114;Reentrega;FORA DE HORÁRIO
131122;Reentrega;FORA DE HORÁRIO
184832;Devolução;PEDIDO EM DUPLICIDADE
124641;Reentrega;FORA DE HORÁRIO
124648;Reentrega;FORA DE HORÁRIO
124641;Reentrega;FORA DE HORÁRIO
124648;Reentrega;FORA DE HORÁRIO
28546;Reentrega;FORA DE HORÁRIO
61323;Devolução;SEM PEDIDO
61324;Devolução;SEM PEDIDO
62121;Devolução;SEM PEDIDO
108481;Reentrega;FORA DE HORÁRIO
108482;Reentrega;FORA DE HORÁRIO
135533;Reentrega;FORA DE HORÁRIO
135535;Reentrega;FORA DE HORÁRIO
135533;Devolução;PEDIDO EXPIRADO
139848;Reentrega;FORA DE HORÁRIO
139849;Reentrega;FORA DE HORÁRIO
151290;Reentrega;FORA DE HORÁRIO
151291;Reentrega;FORA DE HORÁRIO
175177;Devolução;PEDIDO EXPIRADO
39897;Reentrega;ENTREGA FORA DE HORÁRIO
44262;Reentrega;CARRO QUEBROU
44257;Reentrega;CARRO QUEBROU
108869;Reentrega;FORA DE HORÁRIO
108878;Reentrega;FORA DE HORÁRIO
108869;Reentrega;ENTREGA FORA DE HORÁRIO
108878;Reentrega;ENTREGA FORA DE HORÁRIO
108869;Reentrega;ENTREGA FORA DE HORÁRIO
108878;Reentrega;ENTREGA FORA DE HORÁRIO
118932;Reentrega;FORA DE HORÁRIO
118937;Reentrega;FORA DE HORÁRIO
167857;Devolução;PEDIDO EM DUPLICIDADE
175110;Reentrega;FORA DE HORÁRIO
179740;Reentrega;CAMINHÃO COM RESTRIÇÃO
189773;Reentrega;ENTREGA FORA DE HORÁRIO
6350;Reentrega;FORA DE HORÁRIO
6350;Reentrega;MOTORISTA NÃO CARREGOU!
6350;Devolução;PEDIDO EXPIRADO
71394;Reentrega;CLIENTE EM BALANÇO / REENTREGA A PARTIR DO DIA 19/02
71393;Reentrega;CLIENTE EM BALANÇO / REENTREGA A PARTIR DO DIA 19/02
92420;Reentrega;FORA DE HORÁRIO
92419;Reentrega;FORA DE HORÁRIO
92422;Reentrega;FORA DE HORÁRIO
167951;Devolução;PEDIDO EM DUPLICIDADE
175454;Devolução;PEDIDO EM DUPLICIDADE
39953;Devolução;SEM PEDIDO
61847;Devolução;SEM PEDIDO
62519;Devolução;SEM PEDIDO
103601;Devolução;SEM PEDIDO
103606;Devolução;SEM PEDIDO
108587;Devolução;PRODUTO FORA DE LINHA
135595;Reentrega;DEMORA NO RECEBIMENTO
135596;Reentrega;DEMORA NO RECEBIMENTO
148159;Reentrega;FORA DE HORÁRIO
148160;Reentrega;FORA DE HORÁRIO
148161;Reentrega;FORA DE HORÁRIO
167121;Devolução;PEDIDO EM DUPLICIDADE
2938;Reentrega;FORA DE HORÁRIO
2938;Devolução;PEDIDO RECUSADO PELO CLIENTE
167636;Devolução;PEDIDO EM DUPLICIDADE
5710;Reentrega;CARRO QUEBROU
92936;Devolução;SEM PEDIDO
113461;Reentrega;FERIADO. CLIENTE NÃO RECEBE
113459;Reentrega;FERIADO. CLIENTE NÃO RECEBE
113458;Reentrega;FERIADO. CLIENTE NÃO RECEBE
134089;Reentrega;FORA DE HORÁRIO
134088;Reentrega;FORA DE HORÁRIO
134089;Devolução;PEDIDO EM DUPLICIDADE
134088;Devolução;PEDIDO EM DUPLICIDADE
61319;Devolução;SEM PEDIDO
61320;Devolução;SEM PEDIDO
62112;Devolução;SEM PEDIDO
175178;Devolução;PEDIDO EXPIRADO
1242;Devolução;PEDIDO RECUSADO PELO CLIENTE
28555;Reentrega;FORA DE HORÁRIO
91825;Devolução;SEM PEDIDO
588;Reentrega;FORA DE HORÁRIO
8840;Reentrega;CARRO QUEBROU
166901;Devolução;PEDIDO EM DUPLICIDADE
56356;Reentrega;FORA DE HORÁRIO
70733;Devolução;DIVERGENCIA DE PEDIDO
93064;Devolução;SEM PEDIDO
104663;Reentrega;FICOU PRESO COMERCIAL QUALIT
118617;Reentrega;FORA DE HORÁRIO
118612;Reentrega;FORA DE HORÁRIO
160669;Reentrega;FORA DE HORÁRIO
160668;Reentrega;FORA DE HORÁRIO
40726;Reentrega;FORA DE HORÁRIO
40725;Reentrega;FORA DE HORÁRIO
75313;Reentrega;ENTREGA FORA DE HORÁRIO
75311;Reentrega;ENTREGA FORA DE HORÁRIO
75309;Reentrega;ENTREGA FORA DE HORÁRIO
93741;Reentrega;LOJA SEM SISTEMA
93744;Reentrega;LOJA SEM SISTEMA
93749;Reentrega;LOJA SEM SISTEMA
93751;Reentrega;LOJA SEM SISTEMA
102892;Reentrega;LOJA SEM SISTEMA
93741;Reentrega;FORA DE HORÁRIO
93744;Reentrega;FORA DE HORÁRIO
93749;Reentrega;FORA DE HORÁRIO
93751;Reentrega;FORA DE HORÁRIO
102892;Reentrega;FORA DE HORÁRIO
93741;Reentrega;MERCADORIA NÃO FOI CARREGADA NO MOTORISTA
93744;Reentrega;MERCADORIA NÃO FOI CARREGADA NO MOTORISTA
93749;Reentrega;MERCADORIA NÃO FOI CARREGADA NO MOTORISTA
93751;Reentrega;MERCADORIA NÃO FOI CARREGADA NO MOTORISTA
102892;Reentrega;MERCADORIA NÃO FOI CARREGADA NO MOTORISTA
93749;Reentrega;MERCADORIA NO FISICO DIFERENTE DO NA NF. REENTREGAR
93751;Reentrega;MERCADORIA NO FISICO DIFERENTE DO NA NF. REENTREGAR
102892;Reentrega;MERCADORIA NO FISICO DIFERENTE DO NA NF. REENTREGAR
93749;Reentrega;FORA DE HORÁRIO
93751;Reentrega;FORA DE HORÁRIO
102892;Reentrega;FORA DE HORÁRIO
93749;Devolução;DIVERGENCIA DE PEDIDO
93751;Devolução;DIVERGENCIA DE PEDIDO
102892;Devolução;DIVERGENCIA DE PEDIDO
132180;Reentrega;MOTORISTA NÃO PODE FAZER SUAS ENTREGAS
132179;Reentrega;MOTORISTA NÃO PODE FAZER SUAS ENTREGAS
132187;Reentrega;MOTORISTA NÃO PODE FAZER SUAS ENTREGAS
132188;Reentrega;MOTORISTA NÃO PODE FAZER SUAS ENTREGAS
174975;Devolução;PEDIDO EM DUPLICIDADE
189752;Reentrega;FORA DE HORÁRIO
83940;Reentrega;FORA DE HORÁRIO
92050;Devolução;SEM PEDIDO
108644;Reentrega;MOTORISTA NÃO CONSEGUIU ENTREGAR
108644;Reentrega;DEU PROBLEMA NA NF DO MUFFATO E MOTORISTA FICOU PRESO. AS DEMAIS COM HORARIO DE RECEBIMENTO DEU COMO FORA DE HORÁRIO
155202;Reentrega;FORA DE HORÁRIO
155203;Reentrega;FORA DE HORÁRIO
155207;Reentrega;FORA DE HORÁRIO
155206;Reentrega;FORA DE HORÁRIO
155202;Devolução;PEDIDO EXPIRADO
155203;Devolução;PEDIDO EXPIRADO
155207;Devolução;PEDIDO EXPIRADO
155206;Devolução;PEDIDO EXPIRADO
188339;Devolução;PEDIDO EM DUPLICIDADE
170506;Devolução;DIVERGENCIA DE PREÇO
170507;Devolução;DIVERGENCIA DE PREÇO
170508;Devolução;DIVERGENCIA DE PREÇO
170509;Devolução;DIVERGENCIA DE PREÇO
181081;Reentrega;FORA DE HORÁRIO
181080;Reentrega;FORA DE HORÁRIO
183471;Reentrega;PERDEU A AGENDA
183470;Reentrega;PERDEU A AGENDA
181081;Reentrega;PERDEU A AGENDA
181080;Reentrega;PERDEU A AGENDA
17186;Cancelado;PEDIDO CANCELADO
28033;Devolução;PEDIDO EXPIRADO
867;Devolução;PEDIDO CANCELADO
81297;Devolução;DIVERGENCIA DE PEDIDO
3142;Reentrega;LOJA EM BALANÇO
8000;Reentrega;LOJA EM INVENTARIO
8001;Reentrega;LOJA EM INVENTARIO
126995;Reentrega;FORA DE HORÁRIO
157621;Devolução;PRODUTO NÃO CADASTRADO
159213;Devolução;PRODUTO NÃO CADASTRADO
157622;Devolução;PRODUTO NÃO CADASTRADO
175943;Devolução;DIVERGENCIA DE PEDIDO
184842;Devolução;DIVERGENCIA DE PEDIDO
189887;Reentrega;FORA DE HORÁRIO
189888;Reentrega;FORA DE HORÁRIO
189889;Reentrega;FORA DE HORÁRIO
189886;Reentrega;FORA DE HORÁRIO
189887;Reentrega;FORA DE HORÁRIO
189888;Reentrega;FORA DE HORÁRIO
189889;Reentrega;FORA DE HORÁRIO
189886;Reentrega;FORA DE HORÁRIO
189888;Devolução;SEM PEDIDO
189889;Devolução;SEM PEDIDO
2853;Reentrega;FORA DE HORÁRIO
17357;Reentrega;ENTREGAR APARTIR DO DIA 02/05/2024
68638;Devolução;DIVERGENCIA DE PEDIDO / FOI NECESSARIO SUBSTITUIÇÃO
80788;Reentrega;FORA DE HORÁRIO
80787;Reentrega;FORA DE HORÁRIO
132620;Reentrega;NÃO COUBE NO VEICULO
132619;Reentrega;NÃO COUBE NO VEICULO
188277;Reentrega;FERIADO NO CLIENTE
188276;Reentrega;FERIADO NO CLIENTE
188277;Reentrega;FORA DE HORÁRIO
188276;Reentrega;FORA DE HORÁRIO
189879;Reentrega;FORA DE HORÁRIO
189880;Reentrega;FORA DE HORÁRIO
189880;Devolução;SEM PEDIDO
189879;Reentrega;SEM PEDIDO
3226;Reentrega;LOJA EM BALANÇO
17356;Reentrega;ENTREGAR APARTIR DO DIA 02/05/2024
17358;Reentrega;ENTREGAR APARTIR DO DIA 02/05/2024
23039;Reentrega;LOJA SEM ESPAÇO
52530;Reentrega;CARGA NÃO SUBIU NO CARRO DO MOTORISTA SERGIO JOSÉ. SEGUIR COM REENTREGA.
52530;Reentrega;FORA DE HORÁRIO
52530;Reentrega;LOJA SEM ESPAÇO
110811;Devolução;DIVERGENCIA DE CADASTRO
111004;Devolução;DIVERGENCIA DE CADASTRO
111485;Devolução;PRODUTO NÃO CADASTRADO
117910;Reentrega;CLIENTE RECUSOU ALEGANDO "SEM PEDIDO", VENDEDOR SOLICITOU PARA REENTREGAR A NF
119343;Reentrega;CLIENTE RECUSOU ALEGANDO "SEM PEDIDO", VENDEDOR SOLICITOU PARA REENTREGAR A NF
117910;Devolução;SEM PEDIDO
119343;Devolução;SEM PEDIDO
119810;Reentrega;FORA DE HORÁRIO
169656;Reentrega;FORA DE HORÁRIO
169655;Reentrega;FORA DE HORÁRIO
189883;Reentrega;FORA DE HORÁRIO
189884;Reentrega;FORA DE HORÁRIO
189885;Reentrega;FORA DE HORÁRIO
189882;Reentrega;FORA DE HORÁRIO
189883;Reentrega;FORA DE HORÁRIO
189884;Reentrega;FORA DE HORÁRIO
189885;Reentrega;FORA DE HORÁRIO
189882;Reentrega;FORA DE HORÁRIO
189883;Devolução;DIVERGENCIA DE PEDIDO
189884;Devolução;DIVERGENCIA DE PEDIDO
189885;Devolução;DIVERGENCIA DE PEDIDO
189882;Devolução;DIVERGENCIA DE PEDIDO
2855;Reentrega;FORA DE HORÁRIO
106386;Reentrega;FICOU PRESO SWIFT - LOUVEIRA
149527;Devolução;PEDIDO EXPIRADO
185389;Reentrega;FORA DE HORÁRIO
185390;Reentrega;FORA DE HORÁRIO
189713;Devolução;SEM PEDIDO
189712;Devolução;SEM PEDIDO
189733;Cancelado;SEM PEDIDO
189734;Cancelado;SEM PEDIDO
153604;Reentrega;FORA DE HORÁRIO
5904;Cancelado;DIVERGENCIA DE PEDIDO
67857;Reentrega;FORA DE HORÁRIO
177298;Reentrega;FORA DE HORÁRIO
177298;Reentrega;FORA DE HORÁRIO
132776;Reentrega;ENDEREÇO INCORRETO
132777;Reentrega;ENDEREÇO INCORRETO
132775;Reentrega;ENDEREÇO INCORRETO
185177;Reentrega;FORA DE HORÁRIO
185184;Reentrega;FORA DE HORÁRIO
185185;Reentrega;FORA DE HORÁRIO
132121;Reentrega;FORA DE HORÁRIO
132122;Reentrega;FORA DE HORÁRIO
171675;Cancelado;SEM PEDIDO
185708;Reentrega;FORA DE HORÁRIO
185707;Reentrega;FORA DE HORÁRIO
67279;Reentrega;FORA DE HORÁRIO
85265;Devolução;DIVERGENCIA DE PEDIDO
185176;Reentrega;FORA DE HORÁRIO
185175;Reentrega;FORA DE HORÁRIO
185183;Reentrega;FORA DE HORÁRIO
185183;Reentrega;SEM BONIFICAÇÃO
72933;Reentrega;FORA DE HORÁRIO
85277;Devolução;DIVERGENCIA DE PEDIDO
92087;Reentrega;FORA DE HORÁRIO
112150;Reentrega;FORA DE HORÁRIO
112151;Reentrega;FORA DE HORÁRIO
112152;Reentrega;FORA DE HORÁRIO
112150;Reentrega;VENDEDOR PEDIU PARA REENTREGAR.
112151;Reentrega;VENDEDOR PEDIU PARA REENTREGAR.
112152;Reentrega;VENDEDOR PEDIU PARA REENTREGAR.
146604;Reentrega;FORA DE HORÁRIO
146596;Reentrega;FORA DE HORÁRIO
185178;Reentrega;FORA DE HORÁRIO
185187;Reentrega;FORA DE HORÁRIO
185186;Reentrega;FORA DE HORÁRIO
85263;Devolução;DIVERGENCIA DE PEDIDO
185710;Reentrega;FORA DE HORÁRIO
185711;Reentrega;FORA DE HORÁRIO
185713;Reentrega;FORA DE HORÁRIO
185712;Reentrega;FORA DE HORÁRIO
149697;Reentrega;FORA DE HORÁRIO
88458;Reentrega;FORA DE HORÁRIO
186280;Reentrega;FORA DE HORÁRIO
190071;Reentrega;FORA DE HORÁRIO
161315;Reentrega;FORA DE HORÁRIO
190695;Reentrega;FORA DE HORÁRIO
37781;Reentrega;ENTREGA FORA DE HORÁRIO
37778;Reentrega;ENTREGA FORA DE HORÁRIO
141039;Reentrega;FORA DE HORÁRIO
186262;Reentrega;FORA DE HORÁRIO
40281;Devolução;SEM PEDIDO
78078;Cancelado;CNPJ INCORRETO
119180;Cancelado;CNPJ INCORRETO
140136;Reentrega;FORA DE HORÁRIO
154544;Reentrega;FORA DE HORÁRIO
154543;Reentrega;FORA DE HORÁRIO
188286;Reentrega;FORA DE HORÁRIO
161967;Reentrega;QUALIDADE RECUSADA - AMARELADA
162101;Reentrega;QUALIDADE RECUSADA - AMARELADA
140822;Reentrega;FORA DE HORÁRIO
152835;Reentrega;FORA DE HORÁRIO
152534;Reentrega;FORA DE HORÁRIO
154368;Reentrega;FORA DE HORÁRIO
159260;Cancelado;NOTA SUBSTITUIDA PELA NOTA 159578
186203;Reentrega;FORA DE HORÁRIO
124965;Reentrega;FORA DE HORÁRIO
132310;Reentrega;FORA DE HORÁRIO
154562;Reentrega;FORA DE HORÁRIO
154563;Reentrega;FORA DE HORÁRIO
40070;Cancelado;NF TEVE SUBSTITUIÇÃO. NOVA NF 40320
33932;Reentrega;FORA DE HORÁRIO. (MERCADO RECEBE NF ATÉ 15HRS)
146932;Reentrega;FORA DE HORÁRIO
151285;Reentrega;FORA DE HORÁRIO
152435;Reentrega;FORA DE HORÁRIO
155223;Reentrega;FORA DE HORÁRIO
155223;Reentrega;FORA DE HORÁRIO
155223;Devolução;SEM PEDIDO
181207;Reentrega;FORA DE HORÁRIO
188030;Reentrega;FORA DE HORÁRIO
130609;Reentrega;FORA DE HORÁRIO
149466;Reentrega;FORA DE HORÁRIO
166311;Reentrega;FORA DE HORÁRIO
166312;Reentrega;FORA DE HORÁRIO
173158;Reentrega;FORA DE HORÁRIO
130651;Reentrega;FORA DE HORÁRIO
150037;Reentrega;FORA DE HORÁRIO
86395;Devolução;DIVERGENCIA DE PEDIDO
170569;Cancelado;DIVERGENCIA DE PREÇO
95662;Devolução;DIVERGENCIA DE PEDIDO
95661;Devolução;DIVERGENCIA DE PEDIDO
100167;Devolução;DIVERGENCIA DE PEDIDO
117211;Reentrega;FORA DE HORÁRIO
117212;Reentrega;FORA DE HORÁRIO
139506;Reentrega;MOTORISTA NÃO CARREGOU, ACIMA DO PESO.
139505;Reentrega;MOTORISTA NÃO CARREGOU, ACIMA DO PESO.
139506;Reentrega;TROCAR TAPIOCA DE 500G PARA FARDO
139505;Reentrega;TROCAR TAPIOCA DE 500G PARA FARDO
21411;Reentrega;FORA DE HORÁRIO
62018;Reentrega;MERCADORIA NÃO CARREGADA
122292;Reentrega;FORA DE HORÁRIO
122294;Reentrega;FORA DE HORÁRIO
279398;Devolução;VEICULO IMPROPRIO PARA DESCARREGAR NO CLIENTE.
280589;Reentrega;PALET FORA DE PADRÃO DO CLIENTE
280593;Reentrega;PALET FORA DE PADRÃO DO CLIENTE
284847;Reentrega;foi mercadoria trocada Farofa era pra ser de meio e foi 1kg
292148;Reentrega;CARGA DESCARREGADA NA EMPRESA. ARRUMAR A CARGA E SEGUIR PARA A REENTREGA
292148;Reentrega;CARGA SAIU ERRADA DA EMPRESA, FATURADO FAROFA DE 1KG E FISICAMENTE FOI DE 500G. CONVERSADO COM DANILO DA EXPEDIÇÃO PARA REPARO DESSA CARGA.
292148;Devolução;NÃO CARREGOU
18915;Reentrega;FORA DE HORÁRIO
18915;Devolução;DIVERGENCIA DE PEDIDO
73159;Reentrega;FORA DE HORÁRIO
73159;Reentrega;MOTORISTA NÃO CARREGOU
124895;Reentrega;CLIENTE ALEGOU DEMORA NO PRAZO / VENDEDOR SOLICITOU REENTREGA
129857;Reentrega;CLIENTE ALEGOU DEMORA NO PRAZO / VENDEDOR SOLICITOU REENTREGA
124896;Reentrega;CLIENTE ALEGOU DEMORA NO PRAZO / VENDEDOR SOLICITOU REENTREGA
129856;Reentrega;CLIENTE ALEGOU DEMORA NO PRAZO / VENDEDOR SOLICITOU REENTREGA
124894;Reentrega;CLIENTE ALEGOU DEMORA NO PRAZO / VENDEDOR SOLICITOU REENTREGA
124895;Devolução;PEDIDO CANCELADO
129857;Devolução;PEDIDO CANCELADO
124896;Devolução;PEDIDO CANCELADO
129856;Devolução;PEDIDO CANCELADO
124894;Devolução;PEDIDO CANCELADO
147634;Reentrega;FORA DE HORÁRIO
72241;Reentrega;FALTANDO UM FARDO DE TAPIOCA DE 500g. ARRUMAR A CARGA E REENTREGAR.
166959;Devolução;ERA BONIFICAÇÃO E FOI COMO VENDA
132063;Devolução;SEM PEDIDO
1827;Reentrega;SEM BONIFICAÇÃO
1826;Reentrega;SEM BONIFICAÇÃO
1828;Reentrega;SEM BONIFICAÇÃO
90395;Devolução;PEDIDO EM DUPLICIDADE
192058;Devolução;PEDIDO EM DUPLICIDADE
192067;Devolução;PEDIDO EM DUPLICIDADE
192066;Devolução;PEDIDO EM DUPLICIDADE
44776;Reentrega;LOJA EM BALANÇO
44777;Reentrega;LOJA EM BALANÇO
44776;Reentrega;MERCADORIA NÃO SUBIU NO CARRO DO MOTORISTA
44777;Reentrega;MERCADORIA NÃO SUBIU NO CARRO DO MOTORISTA
178480;Reentrega;FALTA DE MERCADORIA
178480;Devolução;PEDIDO EM DUPLICIDADE
103160;Reentrega;TINHA DADO DIVERGENCIA NA NF. VENDEDOR PASSOU QUE RESOLVEU. SEGUIR NA REENTREGA
122696;Devolução;DIVERGENCIA DE PEDIDO
98550;Reentrega;CARGA RETORNANDO POR CONTA DA RESTRIÇÃO DO VEICULO NO LOCAL
151148;Devolução;CLIENTE ENCERROU OPERAÇÃO
85283;Devolução;DIVERGENCIA DE PEDIDO
146881;Devolução;PEDIDO EXPIRADO
157038;Devolução;PEDIDO EXPIRADO
146880;Devolução;PEDIDO EXPIRADO
157039;Devolução;PEDIDO EXPIRADO
146879;Devolução;PEDIDO EXPIRADO
151391;Devolução;PEDIDO EM DUPLICIDADE
157037;Devolução;PEDIDO EM DUPLICIDADE
151390;Devolução;PEDIDO EM DUPLICIDADE
181597;Devolução;SEM PEDIDO
181595;Devolução;SEM PEDIDO
100499;Cancelado;CARGA EXTRAVIADA, SERÁ FEITO UMA NOTA PARA COBRANÇA
181434;Devolução;DIVERGENCIA DE PEDIDO
181433;Devolução;PEDIDO EM DUPLICIDADE
85274;Devolução;DIVERGENCIA DE PEDIDO
172771;Reentrega;PRODUTO COM AVARIA
172772;Reentrega;PRODUTO COM AVARIA
172773;Reentrega;PRODUTO COM AVARIA
105861;Devolução;NF RECUSADA
148185;Reentrega;PALET FORA DE PADRÃO DO CLIENTE
148185;Devolução;QUALIDADE RECUSADA - AMARELADA
160281;Devolução;QUALIDADE RECUSADA - AMARELADA
174909;Devolução;PRODUTO COM AVARIA
184375;Devolução;INVERSÃO DE PRODUTOS
26976;Reentrega;FORA DE HORÁRIO
26978;Reentrega;FORA DE HORÁRIO
156485;Devolução;DIVERGENCIA DE PEDIDO
156490;Devolução;DIVERGENCIA DE PEDIDO
167200;Devolução;DIVERGENCIA DE PEDIDO
156489;Devolução;DIVERGENCIA DE PEDIDO
148920;Reentrega;FORA DE HORÁRIO
156488;Devolução;DIVERGENCIA DE PEDIDO
167189;Devolução;DIVERGENCIA DE PEDIDO
156487;Devolução;DIVERGENCIA DE PEDIDO
170009;Devolução;CNPJ INCORRETO
59297;Reentrega;FORA DE HORÁRIO
21480;Devolução;SEM BONIFICAÇÃO
87980;Devolução;DIVERGENCIA DE PEDIDO
92804;Devolução;PEDIDO EM DUPLICIDADE
115974;Devolução;DIVERGENCIA DE PEDIDO
161223;Reentrega;FORA DE HORÁRIO
161224;Reentrega;FORA DE HORÁRIO
75209;Devolução;DIVERGENCIA DE PEDIDO
76376;Reentrega;OCORREU SUBSTITUIÇÃO DA NF / SAIR COMO NOVA ENTREGA
78460;Devolução;PEDIDO EM DUPLICIDADE
78459;Devolução;PEDIDO EM DUPLICIDADE
78714;Devolução;PEDIDO EM DUPLICIDADE
93478;Devolução;DIVERGENCIA DE CADASTRO
93479;Devolução;DIVERGENCIA DE CADASTRO
97269;Devolução;DIVERGENCIA DE CADASTRO
149373;Reentrega;FORA DE HORÁRIO
149372;Reentrega;FORA DE HORÁRIO
175404;Devolução;FALTA DE MERCADORIA
175403;Devolução;FALTA DE MERCADORIA
182090;Devolução;FALTA DE MERCADORIA
175402;Devolução;FALTA DE MERCADORIA
182089;Devolução;FALTA DE MERCADORIA
22944;Reentrega;FORA DE HORÁRIO
26343;Reentrega;FORA DE HORÁRIO
22942;Reentrega;FORA DE HORÁRIO
22944;Reentrega;MERCADORIA LOCALIZADA NA EXPEDIÇÃO
26343;Reentrega;MERCADORIA LOCALIZADA NA EXPEDIÇÃO
22942;Reentrega;MERCADORIA LOCALIZADA NA EXPEDIÇÃO
22944;Devolução;SEM PEDIDO
26343;Devolução;SEM PEDIDO
22942;Devolução;SEM PEDIDO
39380;Reentrega;CLIENTE SOLICITOU REENTREGA
39382;Reentrega;CLIENTE SOLICITOU REENTREGA
78225;Reentrega;CLIENTE SOLICITOU A REENTREGA JUNTO COM O PEDIDO DE BONIFICAÇÃO
81053;Devolução;PEDIDO EM DUPLICIDADE
87683;Reentrega;ENTREGA FORA DE HORÁRIO
93768;Reentrega;ENTREGA FORA DE HORÁRIO
93767;Reentrega;ENTREGA FORA DE HORÁRIO
93765;Reentrega;ENTREGA FORA DE HORÁRIO
93766;Reentrega;ENTREGA FORA DE HORÁRIO
111850;Devolução;DIVERGÊNCIA DE PEDIDO
VENDEDORA PEDIU PRA SEGUIR COM A RECUSA
111851;Devolução;DIVERGÊNCIA DE PEDIDO
VENDEDORA PEDIU PRA SEGUIR COM A RECUSA
134044;Devolução;DIVERGENCIA DE PEDIDO
148821;Reentrega;FORA DE HORÁRIO
156873;Reentrega;FORA DE HORÁRIO
161185;Devolução;DIVERGENCIA DE CADASTRO
161184;Devolução;DIVERGENCIA DE CADASTRO
162011;Devolução;DIVERGENCIA DE CADASTRO
177607;Reentrega;SEM BONIFICAÇÃO
185976;Reentrega;SEM BONIFICAÇÃO
177607;Devolução;PEDIDO CANCELADO
185976;Devolução;PEDIDO CANCELADO
153034;Devolução;DIVERGENCIA DE PEDIDO
30923;Reentrega;ENTREGA FORA DE HORÁRIO
30924;Reentrega;ENTREGA FORA DE HORÁRIO
41970;Reentrega;ENTREGA NÃO AGENDADA / AGUARDANDA AGENDAMENTO DO VENDEDOR
17548;Reentrega;FALTA DE MERCADORIA
17552;Reentrega;FALTA DE MERCADORIA
166810;Devolução;PEDIDO EM DUPLICIDADE
62353;Reentrega;CLIENTE RECEBE SÓ DE SEGUNDA À QUINTA
62356;Reentrega;CLIENTE RECEBE SÓ DE SEGUNDA À QUINTA
62352;Reentrega;CLIENTE RECEBE SÓ DE SEGUNDA À QUINTA
78402;Reentrega;SEM AGENDAMENTO
78401;Reentrega;SEM AGENDAMENTO
78402;Reentrega;SEM AGENDAMENTO
78401;Reentrega;SEM AGENDAMENTO
152871;Reentrega;SEM AGENDAMENTO
152870;Reentrega;SEM AGENDAMENTO
152869;Reentrega;SEM AGENDAMENTO
183338;Reentrega;FORA DE HORÁRIO
183337;Reentrega;FORA DE HORÁRIO
8143;Reentrega;FALTA DE MERCADORIA
8144;Reentrega;FALTA DE MERCADORIA
66632;Reentrega;FORA DE HORÁRIO
101473;Reentrega;FICOU PRESO ATALAIA LJ 02
97097;Devolução;SEM PEDIDO
40032;Devolução;SEM PEDIDO
180433;Reentrega;FORA DE HORÁRIO
180432;Reentrega;FORA DE HORÁRIO
96730;Reentrega;VEÍCULO QUEBROU, NÃO CONSEGUIU CONCLUIR AS ENTREGAS
151481;Reentrega;FORA DE HORÁRIO
166796;Devolução;SEM PEDIDO
95012;Reentrega;FORA DE HORÁRIO
95013;Reentrega;FORA DE HORÁRIO
186062;Devolução;CNPJ INCORRETO
186064;Devolução;CNPJ INCORRETO
186063;Devolução;CNPJ INCORRETO
109095;Reentrega;FORA DE HORÁRIO
109097;Reentrega;FORA DE HORÁRIO
71619;Cancelado;CNPJ INCORRETO
179673;Reentrega;FORA DE HORÁRIO
179674;Reentrega;FORA DE HORÁRIO
95483;Reentrega;FALTA DE MERCADORIA
192802;Cancelado;SEM TRIBUTAÇÃO FISCAL NA NOTA
143649;Devolução;DIVERGENCIA ENDEREÇO
143989;Reentrega;DIVERGENCIA ENDEREÇO
143987;Reentrega;DIVERGENCIA ENDEREÇO
143989;Reentrega;DIVERGENCIA ENDEREÇO
143987;Reentrega;DIVERGENCIA ENDEREÇO
22599;Reentrega;FALTA DE MERCADORIA
92278;Reentrega;FORA DE HORÁRIO
92272;Reentrega;FORA DE HORÁRIO
181790;Reentrega;DIVERGENCIA ENDEREÇO
14971;Reentrega;SEM AGENDAMENTO
14971;Reentrega;MERCADORIA NÃO FOI CARREGADA NO CARRO DO MOTORISTA 03/05
23102;Reentrega;SEM AGENDAMENTO
62661;Reentrega;ESTOQUE CHEIO. REENTREGAR.
67165;Devolução;PEDIDO CANCELADO PELO CLIENTE
62661;Devolução;PEDIDO EXPIRADO
82918;Devolução;MERCADO JÁ TEM MERCADORIA EM ESTOQUE
103137;Devolução;QUALIDADE RECUSADA - AMARELADA
179769;Devolução;PEDIDO EXPIRADO
153271;Reentrega;FORA DE HORÁRIO
153270;Reentrega;FORA DE HORÁRIO
153270;Reentrega;FORA DE HORÁRIO
153270;Reentrega;FORA DE HORÁRIO
40073;Reentrega;DIVERGENCIA ENDEREÇO
91087;Reentrega;ENTREGA FORA DE HORÁRIO
91084;Reentrega;ENTREGA FORA DE HORÁRIO
6103;Reentrega;FORA DE HORÁRIO
6103;Reentrega;MOTORISTA NÃO CARREGOU!
115825;Reentrega;FORA DE HORÁRIO
131311;Reentrega;FORA DE HORÁRIO
131310;Reentrega;FORA DE HORÁRIO
131318;Reentrega;FORA DE HORÁRIO
131317;Reentrega;FORA DE HORÁRIO
164526;Reentrega;FORA DE HORÁRIO
183962;Reentrega;BANCO NÃO CONFIRMOU A PRORROGAÇÃO DO BOLETO A TEMPO
187909;Reentrega;LOJA EM BALANÇO
187909;Reentrega;FORA DE HORÁRIO
193017;Reentrega;FORA DE HORÁRIO
193018;Reentrega;FORA DE HORÁRIO
117540;Reentrega;FORA DE HORÁRIO
72880;Devolução;PEDIDO EM DUPLICIDADE
73511;Devolução;PEDIDO EM DUPLICIDADE
36224;Devolução;SEM PEDIDO
69410;Devolução;DIVERGENCIA DE PEDIDO
137679;Reentrega;FALTA DE BONIFICAÇÃO
137679;Devolução;PEDIDO EM DUPLICIDADE
155460;Reentrega;SEM BONIFICAÇÃO
154714;Reentrega;FORA DE HORÁRIO
879;Reentrega;SEM BONIFICAÇÃO
81983;Reentrega;FORA DE HORÁRIO
100967;Reentrega;FORA DE HORÁRIO
100967;Reentrega;CARGA NÃO SUBIU NO VEICULO
100967;Reentrega;NÃO CARREGOU
100967;Reentrega;NÃO CARREGOU A MERCADORIA
97753;Reentrega;FORA DE HORÁRIO
182595;Devolução;SEM PEDIDO
101965;Devolução;SEM PEDIDO
71599;Reentrega;FORA DE HORÁRIO
71598;Reentrega;FORA DE HORÁRIO
137304;Reentrega;FORA DE HORÁRIO
137303;Reentrega;FORA DE HORÁRIO
137304;Reentrega;BOLETO ANTIGO
137303;Reentrega;BOLETO ANTIGO
37811;Devolução;PRAZO DO BOLETO EM DESACORDO COM O CLIENTE  
( DESACORDO COMERCIAL )
168455;Reentrega;FORA DE HORÁRIO
168456;Reentrega;FORA DE HORÁRIO
38825;Reentrega;ENTREGA FORA DE HORÁRIO
78907;Reentrega;FALTA DE MERCADORIA
78904;Reentrega;FALTA DE MERCADORIA
96852;Devolução;SEM PEDIDO
101710;Reentrega;CARGA NÃO FOI CARREGADA NO MOTORISTA
101708;Reentrega;CARGA NÃO FOI CARREGADA NO MOTORISTA
116458;Reentrega;FORA DE HORÁRIO
116460;Reentrega;FORA DE HORÁRIO
167414;Reentrega;FALTA DE MERCADORIA
167415;Reentrega;FALTA DE MERCADORIA
32818;Reentrega;FORA DE HORÁRIO
32817;Reentrega;FORA DE HORÁRIO
77213;Reentrega;FORA DE HORARIO / CLIENTE RECEBE SÓMENTE ATÉ AS 11HRS! (COLOCAR NA DESCRIÇÃO)
77214;Reentrega;FORA DE HORARIO / CLIENTE RECEBE SÓMENTE ATÉ AS 11HRS! (COLOCAR NA DESCRIÇÃO)
132185;Reentrega;MOTORISTA NÃO PODE FAZER SUAS ENTREGAS
148909;Reentrega;FORA DE HORÁRIO
148912;Reentrega;FORA DE HORÁRIO
119508;Devolução;SEM PEDIDO
102550;Reentrega;NÃO FOI A BONIFICAÇÃO. SEGUIR NA REENTREGA
111557;Reentrega;ENTREGA FORA DE HORÁRIO
111556;Reentrega;ENTREGA FORA DE HORÁRIO
90683;Devolução;SEM PEDIDO
90682;Devolução;SEM PEDIDO
111820;Reentrega;ENTREGA FORA DE HORÁRIO
115340;Reentrega;FORA DE HORÁRIO
173633;Reentrega;FORA DE HORÁRIO
173632;Reentrega;FORA DE HORÁRIO
97131;Reentrega;FORA DE HORÁRIO
116753;Devolução;PEDIDO EM DUPLICIDADE
144174;Reentrega;FORA DE HORÁRIO
173487;Devolução;SEM PEDIDO
42668;Reentrega;MERCADORIA NÃO SUBIU NO CARRO DO MOTORISTA
20664;Reentrega;ENTREGA FORA DE HORÁRIO
72160;Devolução;CLIENTE SEM ESPAÇO E, TAMBÉM NÃO É USADO PARA NADA NO INTERIOR DA LOJA
72965;Devolução;CLIENTE SEM ESPAÇO E, TAMBÉM NÃO É USADO PARA NADA NO INTERIOR DA LOJA
134169;Devolução;DIVERGENCIA DE PEDIDO
45054;Devolução;FATURAMENTO FOI DE PRODUTOS A MAIS QUE O CLIENTE NÃO PEDIU. RECUSAR.
45056;Devolução;FATURAMENTO FOI DE PRODUTOS A MAIS QUE O CLIENTE NÃO PEDIU. RECUSAR.
119435;Devolução;SEM PEDIDO
145850;Devolução;PRODUTO COM AVARIA
186932;Reentrega;FORA DE HORÁRIO
186931;Reentrega;FORA DE HORÁRIO
186932;Reentrega;INVERSÃO DE PRODUTOS
186931;Reentrega;INVERSÃO DE PRODUTOS
186932;Reentrega;FORA DE HORÁRIO
186931;Reentrega;FORA DE HORÁRIO
186932;Devolução;PEDIDO EM DUPLICIDADE
186931;Devolução;PEDIDO EM DUPLICIDADE
40204;Devolução;DIVERGENCIA DE PEDIDO
37611;Devolução;SEM PEDIDO
37612;Devolução;SEM PEDIDO
144181;Reentrega;FORA DE HORÁRIO
81427;Reentrega;FORA DE HORÁRIO
81436;Reentrega;FORA DE HORÁRIO
61515;Devolução;PEDIDO DIVERGENTE
67518;Reentrega;MERCADORIA COM AVARIAS / TROCAR CARGA E REENTREGAR
65703;Reentrega;FALTOU A BONIFICAÇÃO
65980;Devolução;DIVERGENCIA DE PEDIDO
65703;Devolução;SEM PEDIDO
93875;Reentrega;ENTREGA FORA DE HORÁRIO
97108;Reentrega;ENTREGA FORA DE HORÁRIO
103403;Reentrega;QUANTIDADE ERRADA DA FAROFA. AJUSTAR A CARGA E SEGUIR NA REENTREGA
103402;Reentrega;QUANTIDADE ERRADA DA FAROFA. AJUSTAR A CARGA E SEGUIR NA REENTREGA
103403;Devolução;PEDIDO EM DUPLICIDADE
138003;Devolução;PEDIDO EXPIRADO
138010;Devolução;PEDIDO EXPIRADO
144714;Cancelado;PRODUTO NÃO CADASTRADO
174859;Reentrega;FORA DE HORÁRIO
176114;Reentrega;FORA DE HORÁRIO
176128;Reentrega;FORA DE HORÁRIO
176114;Reentrega;Reentrega
176128;Reentrega;Reentrega
174859;Reentrega;FORA DE HORÁRIO
152400;Reentrega;FORA DE HORÁRIO
189852;Cancelado;DIVERGENCIA DE PEDIDO
75956;Reentrega;FORA DE HORÁRIO
5365;Reentrega;FORA DE HORÁRIO
20268;Reentrega;PRODUTO SEM CADASTRO.
50231;Devolução;PRODUTO SEM CADASTRO / CLIENTE VAI FAZER UM NOVO PEDIDO
102940;Reentrega;ENTREGA FORA DE HORÁRIO
138291;Reentrega;DIVERGENCIA DE PREÇO
19564;Reentrega;ENTREGA FORA DE HORÁRIO
5787;Reentrega;FORA DE HORÁRIO
17695;Reentrega;ENTREGA FORA DE HORÁRIO
36178;Reentrega;FORA DE HORÁRIO
42605;Devolução;PRODUTO SEM CADASTRO. VAI TER SUBSTITUIÇÃO DESSA NF.
43303;Reentrega;NF SUBSTITUIDA / CLIENTE SOLICITOU REENTREGA
43303;Reentrega;EXCESSO DE MERCADORIA
43303;Reentrega;MOTORISTA NÃO CARREGOU
52555;Reentrega;ENTREGA FORA DE HORÁRIO
54547;Reentrega;FORA DE HORÁRIO
75838;Reentrega;FORA DE HORÁRIO
87727;Reentrega;FORA DE HORÁRIO
98963;Reentrega;FORA DE HORÁRIO
98963;Devolução;PRODUTO NÃO CADASTRADO
153683;Devolução;DIVERGENCIA DE PRODUTO
153685;Devolução;DIVERGENCIA DE PRODUTO
17755;Reentrega;DIVERGENCIA DE CADASTRO
19397;Devolução;PEDIDO EM DUPLICIDADE
38810;Reentrega;FORA DE HORÁRIO
52295;Reentrega;ENTREGA FORA DE HORÁRIO
54006;Reentrega;CLIENTE RECEBE ATÉ ÀS 15H. FORA DE HORÁRIO
54007;Reentrega;CLIENTE RECEBE ATÉ ÀS 15H. FORA DE HORÁRIO
52295;Reentrega;CLIENTE RECEBE ATÉ ÀS 15H. FORA DE HORÁRIO
57987;Reentrega;FORA DE HORÁRIO
57986;Reentrega;FORA DE HORÁRIO
83935;Reentrega;FORA DE HORÁRIO
83938;Reentrega;FORA DE HORÁRIO
114403;Reentrega;FORA DE HORÁRIO
137417;Reentrega;FORA DE HORÁRIO
146243;Reentrega;FORA DE HORÁRIO
148492;Reentrega;FORA DE HORÁRIO
148492;Reentrega;FORA DE HORÁRIO
173484;Devolução;SEM PEDIDO
173483;Devolução;SEM PEDIDO
12313;Reentrega;CARGA PROXIMA A DATA DE VENCIMENTO
55351;Devolução;PEDIDO EM DUPLICIDADE
84228;Reentrega;FORA DE HORÁRIO
84226;Reentrega;FORA DE HORÁRIO
84229;Reentrega;FORA DE HORÁRIO
86976;Devolução;SEM CADASTRO NO CLIENTE
99579;Devolução;SEM CADASTRO. SEGUIR COM A RECUSA
160350;Devolução;ETIQUETA (GLUTEN) COLADA NA EMBALAGEM
5402;Reentrega;FORA DE HORARIO
6032;Reentrega;FORA DE HORÁRIO
5402;Reentrega;FALTA DE MERCADORIA
5402;Reentrega;DIVERGENCIA DE PRODUTO
26535;Reentrega;ENTREGA FORA DE HORÁRIO
42732;Reentrega;ARRUMAR MERCADORIA
54776;Reentrega;ENTREGA FORA DE HORÁRIO
81794;Reentrega;FORA DE HORÁRIO
148619;Reentrega;FORA DE HORÁRIO
14610;Cancelado;FALTA DE MERCADORIA
19593;Cancelado;PRODUTO NÃO CADASTRADO
26615;Reentrega;ENTREGA FORA DE HORÁRIO
42789;Reentrega;FORA DE HORÁRIO
42918;Reentrega;FORA DE HORÁRIO
42918;Reentrega;FORA DE HORÁRIO
54303;Reentrega;ENTREGA FORA DE HORÁRIO
54303;Reentrega;FORA DE HORÁRIO
54303;Reentrega;FORA DE HORÁRIO
76809;Reentrega;SEM AGENDAMENTO
113492;Reentrega;FORA DE HORÁRIO
149757;Devolução;PRODUTO "CANJICA BRANCA DA TERRINHA 400 G CX 12", SEM CADASTRO
150416;Devolução;PRODUTO DE RETORNO
185640;Reentrega;FORA DE HORÁRIO
185640;Reentrega;FORA DE HORÁRIO
185640;Reentrega;FORA DE HORÁRIO
5584;Reentrega;FORA DE HORÁRIO
10676;Reentrega;FERIADO NO CLIENTE
33496;Reentrega;ENTREGA FORA DE HORÁRIO
58251;Reentrega;MOTORISTA FICOU PRESO NO ALTO DA PONTE - SJC. FORA DE HORARIO
65079;Devolução;PEDIDO LANCADO ERRADO
92524;Reentrega;ENTREGA FORA DE HORÁRIO
92521;Reentrega;ENTREGA FORA DE HORÁRIO
92523;Reentrega;ENTREGA FORA DE HORÁRIO
95930;Reentrega;FORA DE HORÁRIO
114975;Reentrega;FORA DE HORÁRIO
122663;Reentrega;LOCAL DE ENTREGA COM RESTRIÇÃO DE VEICULOS
122663;Reentrega;FORA DE HORÁRIO
148175;Reentrega;FORA DE HORÁRIO
7930;Reentrega;FORA DE HORÁRIO
17370;Reentrega;DIVERGENCIA DE PEDIDO
52470;Devolução;PEDIDO DIGITADO ERRADO
58052;Reentrega;FALTA DE MERCADORIA
99078;Devolução;DIVERGENCIA DE PEDIDO
138872;Devolução;Item sem cadastro no cliente
186144;Reentrega;FORA DE HORÁRIO
186144;Reentrega;EXCESSO DE VEICULOS NO CLIENTE
2581;Reentrega;ENTREGA FORA DE HORÁRIO
5788;Reentrega;FORA DE HORÁRIO
19523;Reentrega;ENTREGA FORA DE HORÁRIO
39903;Reentrega;ENTREGA FORA DE HORÁRIO
42599;Devolução;PRODUTO SEM CADASTRO/ NF VAI SER SUBSTITUIDA
43258;Reentrega;MERCADORIA NÃO SAIU PARA A ENTREGA
45576;Reentrega;FICOU PRESO ESPERANCA - 03
50029;Reentrega;FORA DE HORÁRIO
84568;Devolução;DIVERGENCIA DE PREÇO
91195;Devolução;SEM PEDIDO
96755;Reentrega;FICOU PRESO NO REDE X - 11
102539;Reentrega;ESTOQUE CHEIO. REENTREGAR
120176;Devolução;SEM PEDIDO
26662;Reentrega;FORA DE HORÁRIO
33386;Reentrega;FORA DE HORÁRIO
45715;Reentrega;CLIENTE SOLICITOU REENTREGA
68926;Reentrega;FORA DE HORÁRIO
68925;Reentrega;FORA DE HORÁRIO
83849;Reentrega;FORA DE HORÁRIO
83851;Reentrega;FORA DE HORÁRIO
83854;Reentrega;FORA DE HORÁRIO
83849;Reentrega;DEMORA NO RECEBIMENTO
83851;Reentrega;DEMORA NO RECEBIMENTO
83854;Reentrega;DEMORA NO RECEBIMENTO
83851;Devolução;DIVERGENCIA DE PREÇO
99363;Devolução;SEM CADASTRO
119027;Reentrega;FORA DE HORÁRIO
137124;Reentrega;FORA DE HORÁRIO
148628;Reentrega;FORA DE HORÁRIO
27985;Reentrega;NÃO CARREGOU
42596;Reentrega;FORA DE HORÁRIO
44775;Devolução;PRODUTO NÃO CADASTRADO. SEGUIR COM RECUSA. VENDEDOR IRA TIRAR NOVO PEDIDO.
97213;Reentrega;FORA DE HORÁRIO
145871;Reentrega;FORA DE HORÁRIO
161024;Devolução;NÃO LEVOU DISPLAY
28002;Devolução;PEDIDO EM DUPLICIDADE
30260;Reentrega;FORA DE HORÁRIO - MERCADO RECEBE ATÉ AS 16HRS
62516;Reentrega;MERCADO NÃO CONSEGUIU RECEBER MERCADORIA / SOLICITOU REENTREGA
62514;Reentrega;MERCADO NÃO CONSEGUIU RECEBER MERCADORIA / SOLICITOU REENTREGA
87855;Devolução;PRODUTO / 002439 FECULA MANDIOCA DA TERRINHA 1 KG - FD 12
88542;Reentrega;NF FOI NECESSARIO SUBSTITUIÇÃO / CLIENTE NÃO FEZ PEDIDO DA FECULA
88542;Reentrega;GEROU UM DESENTENDIMENTO ENTRE O MOTORISTA E O CLIENTE. NESSA O MOTORISTA SE RECUSOU EM RETORNA PRA RELAIZAR A ENTREGA
94866;Devolução;DIVERGENCIA DE PEDIDO
113468;Reentrega;FORA DE HORÁRIO
127834;Devolução;PEDIDO EM DUPLICIDADE
177910;Reentrega;FORA DE HORÁRIO
42769;Reentrega;RECEBE NF ATÉ 12H . FORA DE HORARIO
42770;Reentrega;RECEBE NF ATÉ 12H . FORA DE HORARIO
42769;Reentrega;MERCADORIA NÃO SUBIU NO CARRO DO MOTORISTA
42770;Reentrega;MERCADORIA NÃO SUBIU NO CARRO DO MOTORISTA
42769;Reentrega;ARRUMAR MERCADORIA E SAIR NA REENTREGA.
42770;Reentrega;ARRUMAR MERCADORIA E SAIR NA REENTREGA.
82411;Reentrega;FORA DE HORÁRIO
87569;Cancelado;SEGUIR COM A RECUSA DESSA NF. ELA FOI GERADA PARA DAR ENTRADA NO PRODUTO QUE ESTAVA VOLTANDO COM O MOTORISTA SEM CADASTRO.
108891;Reentrega;FORA DE HORÁRIO
129635;Reentrega;FORA DE HORÁRIO
5876;Cancelado;DIVERGENCIA DE PEDIDO
19949;Reentrega;ENTREGA FORA DE HORÁRIO
75385;Devolução;DIVERGENCIA DE CADASTRO
172186;Devolução;DIVERGENCIA DE PEDIDO
172191;Devolução;DIVERGENCIA DE PEDIDO
5767;Reentrega;FORA DE HORÁRIO
50630;Devolução;PRODUTO SEM CADASTRO
52299;Devolução;PEDIDO ERRADO. QUANTIDADE A MAIS DO QUE O CLIENTE PEDIU. SEGUIR COM RECUSA
137430;Reentrega;CARRO QUEBROU
149743;Reentrega;FALTA DE MERCADORIA
149742;Reentrega;FALTA DE MERCADORIA
149743;Reentrega;FALTA DE MERCADORIA
149742;Reentrega;FALTA DE MERCADORIA
149743;Devolução;FALTA DE MERCADORIA
149742;Devolução;FALTA DE MERCADORIA
16017;Reentrega;FORA DE HORÁRIO
49893;Reentrega;FORA DE HORÁRIO
58687;Reentrega;FORA DE HORÁRIO
80352;Reentrega;FORA DE HORÁRIO
113796;Reentrega;FICOU PRESO REDE X - 12
130710;Reentrega;FORA DE HORÁRIO
137090;Reentrega;FORA DE HORÁRIO
143398;Reentrega;FORA DE HORÁRIO
143398;Reentrega;FORA DE HORÁRIO
11242;Reentrega;FORA DE HORÁRIO
62311;Reentrega;FORA DE HORÁRIO
99760;Reentrega;ENTREGA FORA DE HORÁRIO
116962;Reentrega;NÃO FOI CARREGADO NO MOTORISTA. O MESMO LEVOU OUTRA CARGA DO SEMAR NO LUGAR ( CARRO CHEIO )
84290;Reentrega;LOJA SEM ESPAÇO
84291;Reentrega;LOJA SEM ESPAÇO
84289;Reentrega;LOJA SEM ESPAÇO
84292;Reentrega;LOJA SEM ESPAÇO
84289;Devolução;DIVERGENCIA DE PREÇO
137429;Reentrega;CARRO QUEBROU
146219;Cancelado;PEDIDO COM ITEM DIGITADO ERRADO
5711;Reentrega;CARRO QUEBROU
7788;Reentrega;FORA DE HORÁRIO
20271;Devolução;PRODUTO NÃO CADASTRADO
69820;Reentrega;FORA DE HORARIO / CLIENTE RECEBE SÓMENTE ATÉ AS 15HRS
89459;Reentrega;FORA DE HORÁRIO
137800;Devolução;ERRO TRIBUTARIO
38264;Reentrega;ENTREGA FORA DE HORÁRIO
116415;Reentrega;FORA DE HORÁRIO
122157;Devolução;PRODUTO NÃO CADASTRADO
145796;Reentrega;FORA DE HORÁRIO
160378;Reentrega;DIVERGENCIA DE PRODUTO
160378;Reentrega;FALTA DE MERCADORIA
64956;Reentrega;FORA DE HORÁRIO
75652;Devolução;PRODUTO NÃO CADASTRADO
121665;Devolução;DIVERGENCIA DE PEDIDO
149907;Devolução;PEDIDO EM DUPLICIDADE
184143;Reentrega;INVERSÃO DE PRODUTOS
5928;Reentrega;MERCADO NÃO RECEBE DIA DE SEGUNDA-FEIRA
17832;Cancelado;PEDIDO CANCELADO
18419;Devolução;DIVERGENCIA DE PEDIDO
136526;Devolução;CLIENTE ALEGA QUE O PEDIDO NÃO CHEGOU NO TEMPO QUE O FOI SOLICITADO
182516;Reentrega;FORA DE HORÁRIO
51885;Reentrega;ENTREGA FORA DE HORÁRIO
78311;Reentrega;FORA DE HORÁRIO
78311;Reentrega;FORA DE HORÁRIO
104534;Reentrega;ENTREGA FORA DE HORÁRIO
104534;Reentrega;CLIENTE RECEBE ATÉ AS 12:30h
157538;Reentrega;FORA DE HORÁRIO
122968;Reentrega;FORA DE HORÁRIO
122968;Reentrega;MOTORISTA NÃO CARREGOU
105663;Reentrega;NF NÃO FOI PROCESSADA PELA SEFAZ
105663;Reentrega;NÃO CARREGADO
1273;Reentrega;RODIZIO DO VEICULO
1274;Reentrega;RODIZIO DO VEICULO
4507;Reentrega;CARRO QUEBROU
34333;Reentrega;FARDO DO FLOCÃO ALGUMAS UNIDADES FORAM RASGADAS. MERCADORIA PRECISOU RETORNAR PARA REPARAR
111826;Devolução;DIVERGENCIA DE PEDIDO
188870;Reentrega;RODIZIO DO VEICULO
6055;Devolução;PEDIDO CANCELADO
157661;Reentrega;FORA DE HORÁRIO
26642;Devolução;SEM PEDIDO
31306;Devolução;NEGOCIAÇÃO ERRADA ENTRE CLIENTE E VENDEDOR. SOBRE QUANTIDADE. COMERCIAL PEDIU PARA RECUSAR.
53910;Devolução;NF DUPLICADA. VENDEDOR DIGITOU PEDIDO PARA LOJA ERRADA .,
53911;Devolução;NF DUPLICADA. VENDEDOR DIGITOU PEDIDO PARA LOJA ERRADA .,
53914;Devolução;NF DUPLICADA. VENDEDOR DIGITOU PEDIDO PARA LOJA ERRADA .,
53908;Devolução;NF DUPLICADA. VENDEDOR DIGITOU PEDIDO PARA LOJA ERRADA .,
55040;Devolução;NF DUPLICADA. VENDEDOR DIGITOU PEDIDO PARA LOJA ERRADA .,
61980;Reentrega;CLIENTE DE LUTO. REENTREGAR.
145820;Cancelado;SEM PEDIDO
151163;Reentrega;FORA DE HORÁRIO
151164;Reentrega;FORA DE HORÁRIO
165203;Devolução;DIVERGENCIA DE PEDIDO
182596;Devolução;SEM PEDIDO
17565;Reentrega;ESTABELECIMENTO FECHADO. FERIADO JUDAÍCO.
44264;Reentrega;CARRO QUEBROU
44263;Reentrega;CARRO QUEBROU
59345;Reentrega;FORA DE HORÁRIO
59447;Reentrega;10/12/2024 10:44
Roteirização
SUBSTITUIÇÃO SAIU APÓS O HORÁRIO. REENTREGAR.
77352;Reentrega;PEDIDO DA BONIFICAÇÃO LANÇADO. SEGUIR COM A REENTREGA
96239;Reentrega;FORA DE HORÁRIO
96234;Reentrega;FORA DE HORÁRIO
137100;Devolução;TAPIOCA NA MEDIDA 490G SEM CADASTRO NA REDE
137397;Devolução;PRODUTO DE RETORNO
164242;Devolução;DIVERGENCIA DE PEDIDO
166603;Devolução;SEM PEDIDO
170334;Devolução;DIVERGENCIA DE PEDIDO
170337;Devolução;DIVERGENCIA DE PEDIDO
178003;Devolução;DIVERGENCIA DE PEDIDO
189072;Reentrega;FORA DE HORÁRIO
189074;Reentrega;FORA DE HORÁRIO
124290;Devolução;erro operacional
183719;Reentrega;FORA DE HORÁRIO
183723;Reentrega;FORA DE HORÁRIO
64758;Reentrega;FORA DE HORÁRIO
181912;Devolução;DIVERGENCIA DE PEDIDO
181913;Devolução;DIVERGENCIA DE PEDIDO
182718;Devolução;DIVERGENCIA DE PEDIDO
150187;Reentrega;FORA DE HORÁRIO
150188;Reentrega;FORA DE HORÁRIO
96228;Reentrega;FICOU PRESO CAUCAIA UTILIDADES DOMESTICAS
96227;Reentrega;FICOU PRESO CAUCAIA UTILIDADES DOMESTICAS
96228;Devolução;PEDIDO DIGITADO INCORRETO
97606;Reentrega;CARGA RETORNOU PARA A EMPRESA. SUBSTITUIÇÃO SAIU TARDE. REENTREGAR
97606;Reentrega;FICOU PRESO NO MEGA 100 - COTIA
97606;Reentrega;FORA DE HORÁRIO
97606;Reentrega;REENTREGA NÃO SUBIU NO VEICULO DO MOTORISTA
141204;Reentrega;FORA DE HORÁRIO
141203;Reentrega;FORA DE HORÁRIO
141203;Reentrega;FALTA DE MERCADORIA
161378;Devolução;SEM PEDIDO
174692;Devolução;DIVERGENCIA DE PEDIDO
174693;Devolução;DIVERGENCIA DE PEDIDO
181564;Devolução;DIVERGENCIA DE PEDIDO
93634;Reentrega;FICOU PRESO ROLDAO - MOOCA
193076;Devolução;QUALIDADE RECUSADA - AMARELADA
4365;Devolução;PEDIDO RECUSADO PELO CLIENTE
4360;Devolução;PEDIDO RECUSADO PELO CLIENTE
4364;Devolução;PEDIDO RECUSADO PELO CLIENTE
109262;Cancelado;DIVERGENCIA DE PEDIDO
111511;Devolução;SEM PEDIDO
174222;Cancelado;PEDIDO RECUSADO PELO CLIENTE
191099;Devolução;PEDIDO DIGITADO ERRADO
4361;Devolução;PEDIDO RECUSADO PELO CLIENTE
4372;Devolução;PEDIDO RECUSADO PELO CLIENTE
4362;Devolução;PEDIDO RECUSADO PELO CLIENTE
4363;Devolução;PEDIDO RECUSADO PELO CLIENTE
35577;Reentrega;FORA DE HORÁRIO
131981;Devolução;DEMORA NA ENTREGA
176047;Cancelado;PEDIDO RECUSADO PELO CLIENTE
7060;Devolução;PEDIDO RECUSADO PELO CLIENTE
7061;Devolução;PEDIDO RECUSADO PELO CLIENTE
8627;Devolução;PEDIDO RECUSADO PELO CLIENTE
108834;Devolução;DIVERGENCIA DE PEDIDO
108835;Devolução;DIVERGENCIA DE PEDIDO
111001;Devolução;DIVERGENCIA DE PEDIDO
4033;Reentrega;CARRO QUEBROU
90706;Devolução;DIVERGENCIA DE PEDIDO
90705;Devolução;DIVERGENCIA DE PEDIDO
92092;Devolução;DIVERGENCIA DE PEDIDO
92770;Reentrega;SEGUIR REENTREGA
92770;Devolução;PEDIDO EM DUPLICIDADE
96765;Reentrega;FICOU ENROLADO NAS DEMAIS ENTREGAS
96766;Reentrega;FICOU ENROLADO NAS DEMAIS ENTREGAS
96767;Reentrega;FICOU ENROLADO NAS DEMAIS ENTREGAS
96768;Reentrega;FICOU ENROLADO NAS DEMAIS ENTREGAS
96769;Reentrega;FICOU ENROLADO NAS DEMAIS ENTREGAS
96770;Reentrega;FICOU ENROLADO NAS DEMAIS ENTREGAS
96771;Reentrega;FICOU ENROLADO NAS DEMAIS ENTREGAS
97382;Devolução;SEM PEDIDO
96768;Devolução;PEDIDO EM DUPLICIDADE
99758;Reentrega;ENTREGA FORA DE HORÁRIO
100843;Reentrega;FALTA DE MERCADORIA
100847;Reentrega;FALTA DE MERCADORIA
100846;Reentrega;FALTA DE MERCADORIA
114791;Reentrega;FORA DE HORÁRIO
114791;Devolução;CUSTO ERRADO. SEGUIR COM A RECUSA
131387;Devolução;DIVERGENCIA DE PEDIDO
139147;Reentrega;FORA DE HORÁRIO
148790;Reentrega;FORA DE HORÁRIO
148793;Reentrega;FORA DE HORÁRIO
148792;Reentrega;FORA DE HORÁRIO
148791;Reentrega;FORA DE HORÁRIO
148803;Devolução;Extravio da transportadora
148801;Devolução;Extravio da transportadora
148802;Devolução;Extravio da transportadora
175258;Devolução;PEDIDO EM DUPLICIDADE
181562;Devolução;PEDIDO EM DUPLICIDADE
179166;Reentrega;BOLETO NÃO PRORROGADO DEVIDO O BANCO
179167;Reentrega;BOLETO NÃO PRORROGADO DEVIDO O BANCO
179168;Reentrega;BOLETO NÃO PRORROGADO DEVIDO O BANCO
184134;Reentrega;FORA DE HORÁRIO
184137;Reentrega;FORA DE HORÁRIO
184138;Reentrega;FORA DE HORÁRIO
184140;Reentrega;FORA DE HORÁRIO
184125;Reentrega;FORA DE HORÁRIO
184126;Reentrega;FORA DE HORÁRIO
190988;Devolução;SEM PEDIDO
190989;Devolução;SEM PEDIDO
4034;Reentrega;CARRO QUEBROU
90568;Devolução;DIVERGENCIA DE PEDIDO
90569;Devolução;DIVERGENCIA DE PEDIDO
92089;Devolução;DIVERGENCIA DE PEDIDO
92227;Devolução;DIVERGENCIA DE PREÇO
97380;Devolução;SEM PEDIDO
100836;Reentrega;FALTA DE MERCADORIA
100845;Reentrega;FALTA DE MERCADORIA
145970;Devolução;DIVERGENCIA DE PEDIDO
147091;Devolução;DIVERGENCIA DE PEDIDO
148800;Devolução;Extravio da transportadora
156279;Devolução;PEDIDO EM DUPLICIDADE
190863;Devolução;SEM PEDIDO
90570;Devolução;DIVERGENCIA DE PEDIDO
90571;Devolução;DIVERGENCIA DE PEDIDO
92088;Devolução;DIVERGENCIA DE PEDIDO
92231;Devolução;DIVERGENCIA DE PREÇO
97381;Devolução;SEM PEDIDO
100838;Reentrega;FALTA DE MERCADORIA
100842;Reentrega;FALTA DE MERCADORIA
100835;Reentrega;FALTA DE MERCADORIA
106120;Reentrega;FORA DE HORÁRIO
106119;Reentrega;FORA DE HORÁRIO
106118;Reentrega;FORA DE HORÁRIO
106120;Reentrega;MERCADORIA NÃO CARREGADA
106119;Reentrega;MERCADORIA NÃO CARREGADA
106118;Reentrega;MERCADORIA NÃO CARREGADA
112663;Reentrega;FORA DE HORÁRIO
112667;Reentrega;FORA DE HORÁRIO
112673;Reentrega;FORA DE HORÁRIO
112674;Reentrega;FORA DE HORÁRIO
112679;Reentrega;FORA DE HORÁRIO
128072;Reentrega;FORA DE HORÁRIO
128078;Reentrega;FORA DE HORÁRIO
128079;Reentrega;FORA DE HORÁRIO
128080;Reentrega;FORA DE HORÁRIO
145973;Reentrega;FORA DE HORÁRIO
145974;Reentrega;FORA DE HORÁRIO
145975;Reentrega;FORA DE HORÁRIO
151639;Devolução;SEM PEDIDO
179162;Reentrega;BOLETO NÃO PRORROGADO DEVIDO O BANCO
184135;Reentrega;FORA DE HORÁRIO
184123;Reentrega;FORA DE HORÁRIO
184129;Reentrega;FORA DE HORÁRIO
184130;Reentrega;FORA DE HORÁRIO
190931;Devolução;LOJA SEM SISTEMA
40786;Reentrega;ENTREGA FORA DE HORÁRIO
90698;Reentrega;FORA DE HORÁRIO
90699;Reentrega;FORA DE HORÁRIO
93946;Reentrega;FORA DE HORÁRIO
90698;Devolução;PROBLEMA DE CUSTO SKU'S E RVA
90699;Devolução;PROBLEMA DE CUSTO SKU'S E RVA
93946;Devolução;PROBLEMA DE CUSTO SKU'S E RVA
96781;Reentrega;FICOU ENROLADO NAS DEMAIS ENTREGAS
96782;Reentrega;FICOU ENROLADO NAS DEMAIS ENTREGAS
96783;Reentrega;FICOU ENROLADO NAS DEMAIS ENTREGAS
96784;Reentrega;FICOU ENROLADO NAS DEMAIS ENTREGAS
96785;Reentrega;FICOU ENROLADO NAS DEMAIS ENTREGAS
96786;Reentrega;FICOU ENROLADO NAS DEMAIS ENTREGAS
96787;Reentrega;FICOU ENROLADO NAS DEMAIS ENTREGAS
96788;Reentrega;FICOU ENROLADO NAS DEMAIS ENTREGAS
96789;Reentrega;FICOU ENROLADO NAS DEMAIS ENTREGAS
96790;Reentrega;FICOU ENROLADO NAS DEMAIS ENTREGAS
97707;Devolução;DIVERGENCIA DE PREÇO
102666;Devolução;DIVERGENCIA DE PEDIDO
148805;Devolução;Extravio da transportadora
148804;Devolução;Extravio da transportadora
171321;Devolução;PEDIDO EM DUPLICIDADE
10948;Reentrega;FORA DE HORÁRIO
10947;Reentrega;FORA DE HORÁRIO
15131;Devolução;PEDIDO EM DUPLICIDADE
85704;Reentrega;FORA DE HORÁRIO
85704;Reentrega;NÃO CARREGOU
90701;Reentrega;FORA DE HORÁRIO
90700;Reentrega;FORA DE HORÁRIO
93947;Reentrega;FORA DE HORÁRIO
90701;Devolução;PROBLEMA DE CUSTO SKU'S E RVA
90700;Devolução;PROBLEMA DE CUSTO SKU'S E RVA
93947;Devolução;PROBLEMA DE CUSTO SKU'S E RVA
96797;Reentrega;FICOU ENROLADO NAS DEMAIS ENTREGAS
96798;Reentrega;FICOU ENROLADO NAS DEMAIS ENTREGAS
96799;Reentrega;FICOU ENROLADO NAS DEMAIS ENTREGAS
96800;Reentrega;FICOU ENROLADO NAS DEMAIS ENTREGAS
96801;Reentrega;FICOU ENROLADO NAS DEMAIS ENTREGAS
96802;Reentrega;FICOU ENROLADO NAS DEMAIS ENTREGAS
97708;Devolução;DIVERGENCIA DE PREÇO
106216;Reentrega;FORA DE HORÁRIO
106218;Reentrega;FORA DE HORÁRIO
106217;Reentrega;FORA DE HORÁRIO
106219;Reentrega;FORA DE HORÁRIO
106207;Reentrega;FORA DE HORÁRIO
106208;Reentrega;FORA DE HORÁRIO
107429;Reentrega;FICOU PRESO FEDERZONI - 04
107431;Reentrega;FICOU PRESO FEDERZONI - 04
109314;Reentrega;FORA DE HORÁRIO
109309;Reentrega;FORA DE HORÁRIO
109313;Reentrega;FORA DE HORÁRIO
109312;Reentrega;FORA DE HORÁRIO
109311;Reentrega;FORA DE HORÁRIO
109310;Reentrega;FORA DE HORÁRIO
181063;Reentrega;FORA DE HORÁRIO
181064;Reentrega;FORA DE HORÁRIO
181066;Reentrega;FORA DE HORÁRIO
4031;Reentrega;CARRO QUEBROU
15898;Reentrega;FORA DE HORÁRIO
90708;Devolução;DIVERGENCIA DE PEDIDO
90709;Devolução;DIVERGENCIA DE PEDIDO
92093;Devolução;DIVERGENCIA DE PEDIDO
96791;Reentrega;FICOU ENROLADO NAS DEMAIS ENTREGAS
96792;Reentrega;FICOU ENROLADO NAS DEMAIS ENTREGAS
96793;Reentrega;FICOU ENROLADO NAS DEMAIS ENTREGAS
96794;Reentrega;FICOU ENROLADO NAS DEMAIS ENTREGAS
96795;Reentrega;FICOU ENROLADO NAS DEMAIS ENTREGAS
96796;Reentrega;FICOU ENROLADO NAS DEMAIS ENTREGAS
97379;Devolução;SEM PEDIDO
98577;Devolução;DIVERGENCIA DE PREÇO
128068;Reentrega;FORA DE HORÁRIO
128085;Reentrega;FORA DE HORÁRIO
128071;Reentrega;FORA DE HORÁRIO
128070;Reentrega;FORA DE HORÁRIO
128088;Reentrega;FORA DE HORÁRIO
128069;Reentrega;FORA DE HORÁRIO
128089;Reentrega;FORA DE HORÁRIO
132527;Reentrega;FORA DE HORÁRIO
132526;Reentrega;FORA DE HORÁRIO
132528;Reentrega;FORA DE HORÁRIO
139138;Reentrega;FORA DE HORÁRIO
139139;Reentrega;FORA DE HORÁRIO
139137;Reentrega;FORA DE HORÁRIO
139136;Reentrega;FORA DE HORÁRIO
175229;Devolução;PEDIDO EM DUPLICIDADE
175228;Devolução;PEDIDO EM DUPLICIDADE
175226;Devolução;PEDIDO EM DUPLICIDADE
179159;Reentrega;BOLETO NÃO PRORROGADO DEVIDO O BANCO
179158;Reentrega;BOLETO NÃO PRORROGADO DEVIDO O BANCO
179157;Reentrega;BOLETO NÃO PRORROGADO DEVIDO O BANCO
190925;Devolução;SEM PEDIDO
105518;Reentrega;FORA DE HORÁRIO
105520;Reentrega;FORA DE HORÁRIO
105519;Reentrega;FORA DE HORÁRIO
151844;Reentrega;FORA DE HORÁRIO
151845;Reentrega;FORA DE HORÁRIO
151844;Reentrega;FORA DE HORÁRIO
151845;Reentrega;FORA DE HORÁRIO
16706;Reentrega;SEM AGENDAMENTO
36826;Devolução;DIVERGENCIA DE PEDIDO
150882;Reentrega;RECEBIMENTO INTERDITADO DEVIDO DESTELHAMENTO.
150882;Devolução;CLIENTE COM PROBLEMAS NO TELHADO DO ARMAZEM
163086;Reentrega;FORA DE HORÁRIO
163087;Reentrega;FORA DE HORÁRIO
163088;Reentrega;FORA DE HORÁRIO
149376;Reentrega;FORA DE HORÁRIO
149376;Reentrega;FORA DE HORÁRIO
149376;Devolução;DIVERGENCIA DE PEDIDO
108682;Reentrega;FORA DE HORÁRIO
37692;Reentrega;MOTORISTA NÃO CARREGOU
37692;Devolução;PEDIDO CANCELADO
18093;Reentrega;FORA DE HORÁRIO
18092;Reentrega;FORA DE HORÁRIO
162692;Reentrega;DIVERGENCIA ENDEREÇO
119531;Reentrega;FORA DO DIA DE RECEBIMENTO
97517;Devolução;PEDIDO TESTE, SEGUIR COM A RECUSA.
185093;Devolução;DIVERGENCIA DE PEDIDO
82125;Reentrega;VEICULO QUEBRADO ISSO IMPOSSIBILITOU CONTINUAR AS DEMAIS ENTREGAS
67071;Cancelado;NF teve substituição, nova NF 67694
89154;Reentrega;LOJA EM BALANÇO
89154;Reentrega;LOJA EM BALANÇO
82122;Reentrega;VEICULO QUEBRADO ISSO IMPOSSIBILITOU CONTINUAR AS DEMAIS ENTREGAS
82122;Devolução;SEM PEDIDO
89157;Reentrega;LOJA EM BALANÇO
154356;Reentrega;FORA DE HORÁRIO
69053;Reentrega;FORA DE HORÁRIO
109082;Reentrega;CARRO QUEBROU
6041;Reentrega;FORA DE HORÁRIO
6041;Reentrega;FORA DE HORÁRIO
51427;Reentrega;ENTREGA FORA DE HORÁRIO
109079;Reentrega;CARRO QUEBROU
34849;Reentrega;FORA DE HORÁRIO
34843;Reentrega;FORA DE HORÁRIO
38860;Reentrega;FORA DE HORÁRIO
34843;Devolução;SEM PEDIDO
38860;Devolução;SEM PEDIDO
1667;Reentrega;FORA DE HORÁRIO
9457;Reentrega;FORA DE HORÁRIO
11511;Reentrega;LOJA EM BALANÇO
27782;Reentrega;FORA DE HORÁRIO
27783;Reentrega;FORA DE HORÁRIO
109080;Reentrega;CARRO QUEBROU
6039;Reentrega;FORA DE HORÁRIO
105735;Reentrega;FORA DE HORÁRIO
62456;Reentrega;FORA DE HORÁRIO
181256;Devolução;SEM PEDIDO
80351;Reentrega;FORA DE HORÁRIO
11909;Reentrega;CARRO QUEBROU
11909;Reentrega;FORA DE HORÁRIO
108988;Reentrega;FORA DE HORÁRIO
76535;Reentrega;CLIENTE DE LUTO - REENTREGAR APARTIR DO DIA 25/03
283742;Devolução;PROBLEMA DE IMPOSTO
283741;Devolução;PROBLEMA DE IMPOSTO
284284;Devolução;PROBLEMA DE IMPOSTO
284208;Devolução;RECUSAR.  faturou os itens com destaque de ICMS/ST, o qual esta errado
284272;Devolução;RECUSAR.  faturou os itens com destaque de ICMS/ST, o qual esta errado
284207;Devolução;RECUSAR.  faturou os itens com destaque de ICMS/ST, o qual esta errado
284271;Devolução;RECUSAR.  faturou os itens com destaque de ICMS/ST, o qual esta errado
284281;Devolução;Cliente recusou porque nao fez o pedido da Bonificação
285166;Devolução;Cliente recusou porque nao fez o pedido da Bonificação
56109;Devolução;DIVERGENCIA DE PEDIDO
63511;Devolução;NF RECUSADA. FOI SUBSTTUIDA, DESMENBRADA EM DOIS PEDIDOS
77565;Devolução;FALTA DE MERCADORIA
77566;Devolução;FALTA DE MERCADORIA
86229;Cancelado;CNPJ INCORRETO
92213;Cancelado;DIVERGENCIA DE PEDIDO
92211;Cancelado;DIVERGENCIA DE PEDIDO
106388;Cancelado;DIVERGENCIA DE PEDIDO
126552;Cancelado;SEM PEDIDO
126551;Cancelado;SEM PEDIDO
133752;Devolução;PEDIDO EXPIRADO
277709;Devolução;DIVERGENCIA DE PEDIDO
281887;Cancelado;PEDIDO CANCELADO
282694;Devolução;PEDIDO DIGITADO ERRADO.
283410;Devolução;PEDIDO CANCELADO
284842;Reentrega;EXCESSO DE VEÍCULO NO CLIENTE
284843;Reentrega;EXCESSO DE VEÍCULO NO CLIENTE
284843;Devolução;NF RECUSAR. NF FATURADA ERRADA.
286725;Reentrega;TEMPERO BAIANO COM PROBLEMA NO CÓDIGO DE BARRAS
286725;Reentrega;MOTORISTA CHEGOU APÓS O HORARIO DE RECEBIMENTO / MERCADO RECEBE ATÉ AS 15HRS
56761;Devolução;FISCAL FATURADO COM ICMS ERRADO
72299;Devolução;CLIENTE RECUSOU O PEDIDO NAO SAIU PARA ENTREGA,
73204;Devolução;CLIENTE RECUSOU O PEDIDO NAO SAIU PARA ENTREGA,
76902;Cancelado;CNPJ INCORRETO
120637;Cancelado;faturamento teste
142711;Reentrega;CLIENTE ALEGOU ESTOQUE CHEIO
57886;Devolução;PEDIDO EXPIRADO
81153;Cancelado;CNPJ INCORRETO
86801;Devolução;CNPJ INCORRETO
97966;Cancelado;SEM TRIBUTAÇÃO FISCAL NA NOTA
138612;Cancelado;SEM TRIBUTAÇÃO FISCAL NA NOTA
159722;Cancelado;DIVERGENCIA DE PEDIDO
274291;Devolução;PEDIDO RECUSADO PELO CLIENTE
87923;Devolução;DIVERGENCIA DE PEDIDO
103127;Reentrega;LOJA SEM ESPAÇO
273636;Cancelado;PEDIDO CANCELADO
274277;Devolução;DIVERGENCIA DE PEDIDO
133530;Reentrega;QUALIDADE RECUSADA - ESTUFADA
133531;Reentrega;QUALIDADE RECUSADA - ESTUFADA
281884;Cancelado;nota será substituida, Pedido errado ( Andre solicitou)
282187;Cancelado;DIVERGENCIA DE PEDIDO
282693;Devolução;PEDIDO DIGITADO ERRADO.
283411;Devolução;PEDIDO CANCELADO
284845;Devolução;PROBLEMA DE ICMS
56762;Cancelado;I.C.M.S FATURADO ERRADO
62264;Cancelado;NF RECUSADA INTERNAMENTE
72478;Devolução;CLIENTE RECUSOU O PEDIDO NAO SAIU PARA ENTREGA
73205;Devolução;CLIENTE RECUSOU O PEDIDO NAO SAIU PARA ENTREGA
136134;Cancelado;CNPJ INCORRETO
171626;Devolução;QUALIDADE RECUSADA - ESTUFADA
2226;Reentrega;FORA DE HORÁRIO
130506;Reentrega;FORA DE HORÁRIO
158077;Reentrega;FORA DE HORÁRIO
158078;Reentrega;FORA DE HORÁRIO
54108;Reentrega;ARRUMAR CARGA. FALTOU 1 FARDO FAROFA TRADICIONAL
54104;Reentrega;ARRUMAR CARGA. FALTOU 1 FARDO FAROFA TRADICIONAL
54112;Reentrega;ARRUMAR CARGA. FALTOU 1 FARDO FAROFA TRADICIONAL
52259;Reentrega;CLIENTE ALEGANDO QUE A BONIFICAÇÃO NÃO FOI
77497;Reentrega;ENTREGA FORA DE HORÁRIO
150158;Devolução;NÃO LEVOU DISPLAY
36670;Reentrega;FERIADO. ESTABELECIMENTO FECHADO.
86250;Devolução;DIVERGENCIA DE PEDIDO
45904;Reentrega;MERCADORIA NÃO SUBIU NO CARRO DO MOTORISTA
58554;Reentrega;FICOU PRESO NO REIMBERG - EMBU GUACU. FORA DE HORÁRIO.
58551;Reentrega;FICOU PRESO NO REIMBERG - EMBU GUACU. FORA DE HORÁRIO.
58552;Reentrega;FICOU PRESO NO REIMBERG - EMBU GUACU. FORA DE HORÁRIO.
82575;Reentrega;FORA DE HORÁRIO
82573;Reentrega;FORA DE HORÁRIO
108859;Devolução;PEDIDO ERRADO
43974;Reentrega;FORA DE HORÁRIO
43975;Reentrega;FORA DE HORÁRIO
153031;Reentrega;FALTA DE MERCADORIA
162502;Cancelado;DIVERGENCIA DE PEDIDO
92221;Reentrega;FICOU PRESO NO ROSSI - HELENA MARIA / MAIOR ENTREGA / NÃO PODIA SAIR DEIXANDO A NF , PERDE A VEZ / PÁTIO CHEIO
160712;Reentrega;DIVERGENCIA ENDEREÇO
188010;Reentrega;FORA DE HORÁRIO
34927;Devolução;PRODUTO SEM CADASTRO. SEGUIR COM A RECUSA
83790;Devolução;PRODUTO NÃO CADASTRADO
88689;Reentrega;FORA DE HORÁRIO
159237;Reentrega;FORA DE HORÁRIO
45709;Reentrega;MOTORISTA NÃO FEZ A ENTREGA DESSA NF. PRECISA REENTREGAR.
60004;Reentrega;FORA DE HORÁRIO
59998;Reentrega;FORA DE HORÁRIO
88887;Devolução;DEVOLUÇÃO PRODUTO SEM CADASTRO
106973;Reentrega;FORA DE HORÁRIO
69338;Reentrega;Por favor Roteirizar junto com a Bonificação, o cliente não quis receber por esse motivo.
82580;Reentrega;SEM BONIFICAÇÃO
95961;Reentrega;FORA DE HORÁRIO
3880;Reentrega;PEDIDO RECUSADO PELO CLIENTE
3880;Reentrega;MOTORISTA NÃO CARREGOU
8869;Reentrega;FORA DE HORÁRIO
64493;Reentrega;CARGA NÃO SAIU COM O MOTORISTA
38710;Reentrega;INVERSÃO DE PRODUTOS
38710;Reentrega;MERCADORIA NÃO FOI CARREGADO NO MOTORISTA. MERCADORIA NA EMPRESA.
27574;Reentrega;FORA DE HORÁRIO
58254;Reentrega;ficou preso no SANTA FE - LOJA 05
79202;Reentrega;FORA DE HORÁRIO
79202;Devolução;SEM PEDIDO
171541;Devolução;CNPJ INCORRETO
174892;Reentrega;FORA DE HORÁRIO
174892;Devolução;PEDIDO CANCELADO
175587;Devolução;SEM PEDIDO
28517;Reentrega;FORA DE HORÁRIO
45183;Reentrega;CLIENTE SOLICITOU REENTREGA PARA O DIA 02/10
52584;Devolução;SEM CADASTRO
53245;Devolução;SEM CADASTRO
124737;Reentrega;QUALIDADE RECUSADA - ÚMIDA
124738;Reentrega;QUALIDADE RECUSADA - ÚMIDA
173634;Reentrega;FORA DE HORÁRIO
142073;Reentrega;FORA DE HORÁRIO
98106;Reentrega;FORA DE HORÁRIO
98105;Reentrega;FORA DE HORÁRIO
161713;Reentrega;FORA DE HORÁRIO
63377;Reentrega;CLIENTE EM INVENTÁRIO. REENTREGAR.
63376;Reentrega;CLIENTE EM INVENTÁRIO. REENTREGAR.
63375;Reentrega;CLIENTE EM INVENTÁRIO. REENTREGAR.
63384;Reentrega;LOJA EM INVENTARIO
132367;Devolução;DIVERGENCIA DE PREÇO
122299;Reentrega;FORA DE HORÁRIO
122300;Reentrega;FORA DE HORÁRIO
14584;Devolução;SEM PEDIDO
133304;Cancelado;SINISTRO COM VEICULO
155374;Reentrega;LOJA SEM SISTEMA
155375;Reentrega;LOJA SEM SISTEMA
16462;Cancelado;DIVERGENCIA DE CADASTRO
16463;Cancelado;DIVERGENCIA DE CADASTRO
16781;Cancelado;DIVERGENCIA DE CADASTRO
58534;Devolução;CLIENTE RECUSOU PORQUE A TAPIOCA FOI EM CX E ELES NAO TEM CADASTRO
86845;Reentrega;CLIENTE NÃO RECEBE DIA DE QUARTA. REENTREGAR.
86846;Reentrega;CLIENTE NÃO RECEBE DIA DE QUARTA. REENTREGAR.
171429;Reentrega;FORA DO DIA DE RECEBIMENTO
179574;Reentrega;FORA DE HORÁRIO
179573;Reentrega;FORA DE HORÁRIO
182073;Reentrega;FORA DE HORÁRIO
179574;Reentrega;INVERSÃO DE PRODUTOS
179573;Reentrega;INVERSÃO DE PRODUTOS
182073;Reentrega;INVERSÃO DE PRODUTOS
89585;Reentrega;ENTREGA FORA DE HORÁRIO
89583;Reentrega;ENTREGA FORA DE HORÁRIO
39193;Reentrega;FORA DE HORÁRIO
192100;Reentrega;LOJA EM BALANÇO
136704;Reentrega;ENTREGA FORA DE HORÁRIO
136701;Reentrega;FORA DE HORÁRIO
136704;Reentrega;CARRO QUEBROU
136701;Reentrega;CARRO QUEBROU
138507;Reentrega;FORA DE HORÁRIO
156069;Reentrega;FORA DE HORÁRIO
156068;Reentrega;FORA DE HORÁRIO
191568;Devolução;PEDIDO EM DUPLICIDADE
132478;Reentrega;FORA DE HORÁRIO
132477;Reentrega;FORA DE HORÁRIO
132478;Reentrega;CARRO QUEBROU
132477;Reentrega;CARRO QUEBROU
156074;Reentrega;FORA DE HORÁRIO
156078;Reentrega;FORA DE HORÁRIO
138512;Reentrega;FORA DE HORÁRIO
44974;Reentrega;FORA DE HORARIO - RECEBIMENTO DO MERCADO FUNCIONA DAS 08:00HRS ÁS 11:00HRS.
44973;Reentrega;FORA DE HORARIO - RECEBIMENTO DO MERCADO FUNCIONA DAS 08:00HRS ÁS 11:00HRS.
72936;Reentrega;FORA DE HORÁRIO
72937;Reentrega;FORA DE HORÁRIO
84342;Reentrega;FORA DE HORÁRIO
84343;Reentrega;FORA DE HORÁRIO
143211;Reentrega;FORA DE HORÁRIO
143219;Reentrega;FORA DE HORÁRIO
18484;Reentrega;FORA DE HORÁRIO
77402;Reentrega;NF NÃO LIBERADA PELA SEFAZ. POR ESSE MOTIVO NÃO CARREGOU ESSA EM TEMPO COM MOTORISTA. REENTREGAR
122631;Reentrega;MERCADORIA NÃO CARREGADA NO MOTORISTA
122632;Reentrega;MERCADORIA NÃO CARREGADA NO MOTORISTA
150391;Reentrega;FORA DE HORÁRIO
157736;Reentrega;FORA DE HORÁRIO
150392;Reentrega;FORA DE HORÁRIO
150391;Reentrega;FORA DE HORÁRIO
157736;Reentrega;FORA DE HORÁRIO
150391;Devolução;PEDIDO EXPIRADO
157736;Devolução;PEDIDO EXPIRADO
110807;Reentrega;ENTREGA FORA DE HORÁRIO
135803;Reentrega;INVERSÃO DE PRODUTOS
135802;Reentrega;INVERSÃO DE PRODUTOS
57058;Reentrega;FORA DE HORÁRIO
57057;Reentrega;FORA DE HORÁRIO
76059;Reentrega;FORA DE HORÁRIO
76057;Reentrega;FORA DE HORÁRIO
141707;Reentrega;FORA DE ROTA
141706;Reentrega;FORA DE ROTA
192303;Reentrega;FORA DE HORÁRIO
192302;Reentrega;FORA DE HORÁRIO
19092;Devolução;PROBLEMA DE IMPOSTO. CLIENTE NÃO QUIS ACEITAR COM A CARTA DE CORREÇÃO. FOI SOLICITADO A RECUSA
23741;Devolução;RECUSADO PELO CONTROLE DE QUALIDADE
23738;Devolução;RECUSADO PELO CONTROLE DE QUALIDADE
23737;Devolução;RECUSADO PELO CONTROLE DE QUALIDADE
59018;Reentrega;CLIENTE SEM CADASTRO NO PRODUTO / SOLICITOU REENTREGA
59019;Reentrega;CLIENTE SEM CADASTRO NO PRODUTO / SOLICITOU REENTREGA
59018;Devolução;CLIENTE SEM CADASTRO NO PRODUTO
59019;Devolução;CLIENTE SEM CADASTRO NO PRODUTO
64015;Devolução;DIVERGENCIA DE PEDIDO
144168;Devolução;DIVERGENCIA DE PEDIDO
145591;Reentrega;SEM BONIFICAÇÃO
116172;Reentrega;FORA DE HORÁRIO
1586;Devolução;DIVERGENCIA DE PREÇO
183642;Reentrega;FORA DE HORÁRIO
39760;Reentrega;INVERSÃO DE PRODUTOS
39760;Cancelado;FALTA DE MERCADORIA
39756;Reentrega;INVERSÃO DE PRODUTOS
39756;Cancelado;FALTA DE MERCADORIA
190026;Cancelado;CNPJ INCORRETO
39759;Reentrega;INVERSÃO DE PRODUTOS
39759;Cancelado;FALTA DE MERCADORIA
39872;Reentrega;FORA DE HORÁRIO
190063;Reentrega;FORA DE HORÁRIO
190329;Reentrega;SUBSTITUIÇÃO DE NOTA - CNPJ ERRADO
39757;Reentrega;INVERSÃO DE PRODUTOS
39757;Cancelado;FALTA DE MERCADORIA
187474;Reentrega;FORA DE HORÁRIO
187474;Reentrega;FORA DE HORÁRIO
39758;Reentrega;INVERSÃO DE PRODUTOS
39758;Cancelado;FALTA DE MERCADORIA
39761;Reentrega;INVERSÃO DE PRODUTOS
39761;Cancelado;FALTA DE MERCADORIA
183716;Reentrega;FORA DE HORÁRIO
39023;Reentrega;FORA DE HORÁRIO
183717;Reentrega;FORA DE HORÁRIO
183717;Reentrega;FORA DE HORÁRIO
183717;Reentrega;NÃO CARREGOU
39762;Reentrega;INVERSÃO DE PRODUTOS
39762;Cancelado;FALTA DE MERCADORIA
39763;Reentrega;INVERSÃO DE PRODUTOS
39763;Cancelado;FALTA DE MERCADORIA
190080;Reentrega;FORA DE HORÁRIO
190087;Reentrega;FORA DE HORÁRIO
190080;Reentrega;Reentrega substituição
163268;Reentrega;FALTA DE MERCADORIA
168138;Cancelado;DIVERGENCIA DE PEDIDO
163268;Reentrega;PALET FORA DE PADRÃO DO CLIENTE
42502;Devolução;PEDIDO EM DUPLICIDADE
63882;Reentrega;VALIDADE INCOMPLETA NOS PRODUTOS . REENTREGAR
63881;Reentrega;VALIDADE INCOMPLETA NOS PRODUTOS . REENTREGAR
63880;Reentrega;VALIDADE INCOMPLETA NOS PRODUTOS . REENTREGAR
88059;Devolução;PEDIDO EM DUPLICIDADE
120638;Reentrega;FORA DE HORÁRIO
120638;Devolução;PEDIDO EXPIRADO
129483;Reentrega;FORA DE HORÁRIO
134180;Devolução;SEM PEDIDO
143400;Reentrega;CARRO QUEBROU
143399;Reentrega;CARRO QUEBROU
163964;Reentrega;FORA DE HORÁRIO
163964;Reentrega;FORA DE HORÁRIO
35805;Reentrega;ENTREGA FORA DE HORÁRIO
101996;Reentrega;FORA DE HORÁRIO
101996;Reentrega;A DATA DE VALIDADE DA BATATA PALHA ESTA MUITO PROXIMO. E CLIENTE NAO FAZ A NF PARCIAL. SEGUIR COM A TROCA DO PRODUTO
127111;Reentrega;FORA DE HORÁRIO
163091;Reentrega;LOJA EM BALANÇO
163091;Reentrega;FORA DE HORÁRIO
179090;Reentrega;FORA DE HORÁRIO
179089;Reentrega;FORA DE HORÁRIO
108172;Devolução;CNPJ INCORRETO
133681;Reentrega;FORA DE ROTA
133681;Devolução;DIVERGENCIA ENDEREÇO
16136;Devolução;FALTA DE MERCADORIA
16137;Devolução;FALTA DE MERCADORIA
81600;Devolução;PEDIDO EM ATRASO
95710;Reentrega;VEICULO QUEBROU E NÃO CONSEGUIU CONCLUIR COM AS ENTREGAS
95707;Reentrega;VEICULO QUEBROU E NÃO CONSEGUIU CONCLUIR COM AS ENTREGAS
164121;Devolução;DIVERGENCIA DE PREÇO
20027;Devolução;SEM PEDIDO
20674;Devolução;SEM PEDIDO
20026;Devolução;SEM PEDIDO
100811;Reentrega;FORA DE HORÁRIO
144984;Reentrega;FORA DE HORÁRIO
144984;Devolução;PEDIDO EXPIRADO
84747;Reentrega;ENTREGA FORA DE HORÁRIO
7993;Reentrega;PRODUTO FOI AMARELADO
7991;Reentrega;PRODUTO FOI AMARELADO
8274;Devolução;PEDIDO RECUSADO PELO CLIENTE
43248;Devolução;PEDIDO RECUSADO PELO CLIENTE
7991;Devolução;PEDIDO RECUSADO PELO CLIENTE
164483;Reentrega;SEM AGENDAMENTO
164483;Devolução;SEM PEDIDO
74682;Devolução;DIVERGENCIA DE PEDIDO
116151;Devolução;Problema fiscal
119144;Cancelado;PRODUTO NÃO CADASTRADO
119375;Devolução;PRODUTO NÃO CADASTRADO
149865;Devolução;PRODUTO NÃO CADASTRADO
162004;Devolução;SEM TRIBUTAÇÃO FISCAL NA NOTA
162865;Devolução;SEM TRIBUTAÇÃO FISCAL NA NOTA
166389;Devolução;SEM TRIBUTAÇÃO FISCAL NA NOTA
167467;Devolução;SEM TRIBUTAÇÃO FISCAL NA NOTA
45868;Devolução;TAPIOCA SUADA
46229;Devolução;TAPIOCA SUADA
45867;Devolução;TAPIOCA SUADA
46228;Devolução;TAPIOCA SUADA
45809;Devolução;TAPIOCA SUADA
116004;Devolução;SEM TRIBUTAÇÃO FISCAL NA NOTA
116003;Devolução;SEM TRIBUTAÇÃO FISCAL NA NOTA
116840;Devolução;SEM TRIBUTAÇÃO FISCAL NA NOTA
150246;Devolução;PRODUTO NÃO CADASTRADO
155424;Devolução;PRODUTO NÃO CADASTRADO
166332;Devolução;SEM TRIBUTAÇÃO FISCAL NA NOTA
169080;Devolução;SEM TRIBUTAÇÃO FISCAL NA NOTA
119034;Devolução;PRODUTO NÃO CADASTRADO
45730;Devolução;TAPIOCA SUADA
46140;Devolução;PEDIDO EM DESACORDO. TAPIOCA ERA PRA TER FATURADO EM CAIXA
115871;Devolução;SEM TRIBUTAÇÃO FISCAL NA NOTA
117186;Devolução;IMPOSTO ZERADO. SEGUIR COM A RECUSA
118779;Devolução;PRODUTO NÃO CADASTRADO
119046;Devolução;PRODUTO NÃO CADASTRADO
133508;Devolução;SEM PEDIDO
149951;Devolução;DIVERGENCIA DE CADASTRO
152163;Devolução;DIVERGENCIA DE CADASTRO
161728;Devolução;DIVERGENCIA DE PREÇO
162877;Devolução;DIVERGENCIA DE PREÇO
45729;Devolução;TAPIOCA SUADA
46487;Devolução;EM DESACORDO COM O PEDIDO
85270;Devolução;DIVERGENCIA DE PEDIDO
101404;Devolução;DIVERGENCIA DE PEDIDO
116416;Devolução;SEM TRIBUTAÇÃO FISCAL NA NOTA
118577;Devolução;MOTIVO IMPOSTO DIVERGENTE NA NOTA,
118706;Devolução;MOTIVO IMPOSTO DIVERGENTE NA NOTA,
118576;Devolução;MOTIVO IMPOSTO DIVERGENTE NA NOTA,
118707;Cancelado;SEM CADASTRO
120611;Devolução;SEM PEDIDO
137977;Reentrega;CARRO QUEBROU
137978;Reentrega;CARRO QUEBROU
149496;Devolução;DIVERGENCIA DE CADASTRO
160107;Devolução;DIVERGENCIA DE CADASTRO
160960;Devolução;SEM TRIBUTAÇÃO FISCAL NA NOTA
166885;Devolução;SEM TRIBUTAÇÃO FISCAL NA NOTA
166517;Devolução;SEM TRIBUTAÇÃO FISCAL NA NOTA
167511;Devolução;SEM TRIBUTAÇÃO FISCAL NA NOTA
179426;Reentrega;FORA DE HORÁRIO
179426;Reentrega;FORA DE HORÁRIO
127250;Cancelado;DIVERGENCIA DE PEDIDO
157946;Devolução;SEM PEDIDO
1984;Reentrega;Foi substituida pela nota 3664, aguardando agendamento de entrega da transportadora Rodominas
59120;Cancelado;FATURADO NO CNPJ ERRADO
25799;Devolução;DIVERGENCIA DE PEDIDO
25800;Devolução;DIVERGENCIA DE PEDIDO
168307;Reentrega;SEM AGENDAMENTO
153580;Devolução;ERRO DE FATURAMENTO
164892;Reentrega;Não tinha conferente no local.
184958;Devolução;DIVERGENCIA DE CADASTRO
9726;Reentrega;LOJA SEM SISTEMA
9725;Reentrega;LOJA SEM SISTEMA
18973;Reentrega;FORA DE HORÁRIO
39541;Devolução;DIVERGÊNCIA DE CUSTO
69987;Reentrega;FORA DE HORÁRIO
69987;Reentrega;FORA DE HORÁRIO
69987;Reentrega;FORA DE HORÁRIO
93883;Reentrega;ENTREGA FORA DE HORÁRIO
93888;Reentrega;ENTREGA FORA DE HORÁRIO
102190;Reentrega;FICOU PRESO ROLDAO - IPIRANGA
102189;Reentrega;FICOU PRESO ROLDAO - IPIRANGA
64681;Reentrega;TAPIOCA ESTAVA COM DATA DE VALIDADE INCOMPLETA
83977;Reentrega;FORA DE HORÁRIO
120005;Devolução;DIVERGENCIA DE PEDIDO
83417;Reentrega;FORA DE HORÁRIO
93115;Devolução;DIVERGENCIA DE PEDIDO
190468;Devolução;SEM PEDIDO
190469;Devolução;SEM PEDIDO
175307;Devolução;DIVERGENCIA DE PEDIDO
187165;Reentrega;NÃO CARREGOU
187165;Cancelado;PEDIDO RECUSADO PELO CLIENTE
185256;Reentrega;FORA DE HORÁRIO
185256;Reentrega;NÃO CARREGOU
185256;Reentrega;FALTA DE MERCADORIA
185256;Devolução;DIVERGENCIA DE PEDIDO
119433;Reentrega;CLIENTE NÃO RECEBE DIA DE SEGUDANDA FEIRA
119434;Reentrega;CLIENTE NÃO RECEBE DIA DE SEGUDANDA FEIRA
155030;Devolução;DIVERGENCIA DE PEDIDO
10245;Cancelado;PEDIDO RECUSADO PELO CLIENTE
27565;Devolução;ESTOQUE CHEIO. COMERCIAL PEDIU PARA SEGUIR COM A RECUSA
27566;Devolução;ESTOQUE CHEIO. COMERCIAL PEDIU PARA SEGUIR COM A RECUSA
28592;Devolução;ESTOQUE CHEIO. COMERCIAL PEDIU PARA SEGUIR COM A RECUSA
28989;Devolução;INVERSÃO DE PRODUTOS
59336;Reentrega;CARGA NÃO SUBIU NO CARRO DO MOTORISTA. CONFIRMADO PELA EXPEDIÇÃO.
59337;Reentrega;CARGA NÃO SUBIU NO CARRO DO MOTORISTA. CONFIRMADO PELA EXPEDIÇÃO.
59329;Reentrega;CARGA NÃO SUBIU NO CARRO DO MOTORISTA. CONFIRMADO PELA EXPEDIÇÃO.
91037;Reentrega;FORA DE HORÁRIO
92943;Reentrega;FORA DE HORÁRIO
92939;Reentrega;FORA DE HORÁRIO
99929;Reentrega;FORA DE HORÁRIO
94703;Devolução;PEDIDO EM DUPLICIDADE
94704;Devolução;PEDIDO EM DUPLICIDADE
100991;Devolução;PEDIDO EM DUPLICIDADE
92943;Devolução;SEM PEDIDO
92939;Devolução;SEM PEDIDO
99929;Devolução;SEM PEDIDO
104197;Reentrega;FICOU PRESO NO HIROTA EXPRESS - CD CEAGESP
192869;Devolução;PEDIDO EM DUPLICIDADE
93633;Reentrega;FICOU PRESO ROLDAO - MOOCA
93632;Reentrega;FICOU PRESO ROLDAO - MOOCA
179886;Reentrega;FORA DE HORÁRIO
179885;Reentrega;FORA DE HORÁRIO
76771;Reentrega;ENTREGA FORA DE HORÁRIO
176151;Devolução;DIVERGENCIA DE PEDIDO
192055;Devolução;PEDIDO EM DUPLICIDADE
96821;Devolução;PEDIDO EM DUPLICIDADE
99603;Reentrega;ENTREGA FORA DE HORÁRIO
99603;Devolução;SEM PEDIDO
117213;Reentrega;FORA DE HORÁRIO
117214;Reentrega;FORA DE HORÁRIO
142181;Reentrega;FORA DE HORÁRIO
21726;Reentrega;FORA DE HORÁRIO
34553;Reentrega;CARGA NÃO COUBE NO MOTORISTA
79193;Reentrega;FICOU PRESO NA ENTREGA MEGA 100 - COTIA
187029;Reentrega;FORA DE HORÁRIO
22060;Devolução;DIVERGENCIA DE CADASTRO
128143;Reentrega;FORA DE HORÁRIO
52886;Reentrega;ENTREGA FORA DE HORÁRIO
87512;Reentrega;FORA DE HORÁRIO
160115;Reentrega;FORA DE HORÁRIO
160115;Reentrega;DIVERGENCIA DE PRODUTO
160115;Reentrega;FALTA DE MERCADORIA
167205;Reentrega;INVERSÃO DE PRODUTOS
21790;Devolução;PEDIDO RECUSADO PELO CLIENTE
21791;Devolução;PEDIDO RECUSADO PELO CLIENTE
22108;Devolução;PEDIDO RECUSADO PELO CLIENTE
39296;Reentrega;FORA DE HORÁRIO
160133;Reentrega;LOJA SEM ESPAÇO
160133;Devolução;PEDIDO RECUSADO PELO CLIENTE
167808;Devolução;DIVERGENCIA DE CADASTRO
62385;Reentrega;ENTREGA FORA DE HORÁRIO
82164;Reentrega;FORA DE HORÁRIO
126083;Reentrega;CARRO QUEBROU
175747;Devolução;ERRO DE FATURAMENTO
119286;Reentrega;FORA DE HORÁRIO
17828;Devolução;SEM PEDIDO
142400;Devolução;PEDIDO EM DUPLICIDADE
142399;Devolução;PEDIDO EM DUPLICIDADE
143594;Devolução;PEDIDO EM DUPLICIDADE
2794;Reentrega;LOJA SEM ESPAÇO
189653;Devolução;PEDIDO EM DUPLICIDADE
92224;Reentrega;FICOU PRESO NO ROSSI - HELENA MARIA / MAIOR ENTREGA / NÃO PODIA SAIR DEIXANDO A NF , PERDE A VEZ / PÁTIO CHEIO
175325;Devolução;PEDIDO RECUSADO PELO CLIENTE
178660;Devolução;PEDIDO RECUSADO PELO CLIENTE
175319;Devolução;PEDIDO RECUSADO PELO CLIENTE
68760;Reentrega;FOI SOLICITADO PARA O MOTORISTA DAR PRIORIDADE EM OUTRO SERVIÇO / NÃO CONSEGUIU CONCLUIR A ENTREGA
80467;Reentrega;FORA DE HORÁRIO
80466;Reentrega;FORA DE HORÁRIO
66097;Reentrega;FORA DE HORÁRIO. REENTREGAR.
100130;Reentrega;ENTREGA FORA DE HORÁRIO
100130;Reentrega;FICOU PRESO REDE X - 15
144176;Reentrega;FORA DE HORÁRIO
144177;Reentrega;FORA DE HORÁRIO
40003;Reentrega;INVERSÃO DE PRODUTOS
40002;Reentrega;INVERSÃO DE PRODUTOS
74950;Reentrega;CLIENTE EM CONSTRUÇÃO
75373;Devolução;PEDIDO EM DUPLICIDADE
75372;Devolução;PEDIDO EM DUPLICIDADE
92801;Devolução;SEM PEDIDO
90748;Devolução;PEDIDO EM DUPLICIDADE
116442;Reentrega;FORA DE HORÁRIO
143983;Devolução;VENDEDORA DIGITOU PRODUTO ERRADO
161418;Reentrega;FORA DE HORÁRIO
161418;Devolução;SEM PEDIDO
28932;Reentrega;FORA DE HORÁRIO
28938;Reentrega;FORA DE HORÁRIO
32117;Reentrega;MERCADORIA NÃO SUBIU NO CARRO DO MOTORISTA
134792;Reentrega;FORA DE HORÁRIO
32116;Reentrega;MERCADORIA NÃO SUBIU NO CARRO DO MOTORISTA
173099;Reentrega;FORA DO DIA DE RECEBIMENTO
173098;Reentrega;FORA DO DIA DE RECEBIMENTO
173101;Reentrega;FORA DO DIA DE RECEBIMENTO
172890;Devolução;PEDIDO CANCELADO
172891;Devolução;PEDIDO CANCELADO
77496;Reentrega;ENTREGA FORA DE HORÁRIO
150369;Reentrega;FORA DE HORÁRIO
150369;Devolução;PEDIDO EM DUPLICIDADE
39399;Reentrega;FORA DE HORÁRIO
39399;Devolução;NÃO CARREGOU
17578;Reentrega;CNPJ INCORRETO
17576;Reentrega;CNPJ INCORRETO
41032;Devolução;PEDIDO EM DUPLICIDADE
144416;Devolução;DIVERGENCIA DE PEDIDO
154919;Devolução;DIVERGENCIA DE PEDIDO
17575;Reentrega;CNPJ INCORRETO
17577;Reentrega;CNPJ INCORRETO
85151;Reentrega;CLIENTE ALEGOU DIVERGÊNCIA DE PREÇO / VENDEDOR SOLICITOU REENTREGA
85151;Devolução;DESACORDO COMERCIAL
173312;Cancelado;PEDIDO RECUSADO PELO CLIENTE
86551;Reentrega;FORA DE HORÁRIO
97017;Reentrega;FICOU PRESO NO ESPERANCA - 22
97017;Devolução;SEM PEDIDO
12906;Cancelado;DIVERGENCIA DE CADASTRO
47917;Devolução;CNPJ INCORRETO
13109;Cancelado;CNPJ INCORRETO
14465;Reentrega;LOJA SEM ESPAÇO
16356;Reentrega;LOJA SEM ESPAÇO
16158;Devolução;CNPJ INCORRETO
5066;Reentrega;NÃO CARREGOU
5066;Devolução;SEM PEDIDO
110486;Reentrega;FORA DE HORÁRIO
113872;Reentrega;FORA DE HORÁRIO
127145;Devolução;PEDIDO RECUSADO
2728;Reentrega;FORA DE HORÁRIO
151122;Reentrega;FORA DE HORÁRIO
153519;Reentrega;FORA DE HORÁRIO
170320;Devolução;DIVERGENCIA DE PEDIDO
181139;Reentrega;NÃO CARREGOU
161259;Devolução;EMBALAGEM COM ETIQUETA COLADA/ TARJA
141664;Reentrega;LOJA FECHADA
161316;Devolução;CLIENTE NAO ACEITA RECEBER COM ETIQUETA DE INFORMAÇÃO NUTRICIONAL COLADA.
139658;Devolução;CNPJ INCORRETO
119431;Reentrega;CLIENTE NÃO RECEBE DIA DE SEGUDANDA FEIRA
125798;Devolução;PEDIDO DIVERGENTE
187642;Cancelado;SINISTRO COM VEICULO
187641;Cancelado;SINISTRO COM VEICULO
138143;Reentrega;FORA DE ROTA
155749;Devolução;PEDIDO EM DUPLICIDADE
89199;Devolução;SEM PEDIDO
64305;Devolução;RECUSA COM RESSALVA. SEGUIR COM A RECUSA
89228;Devolução;SEM PEDIDO
89233;Devolução;SEM PEDIDO
125738;Reentrega;FORA DE HORÁRIO
6355;Reentrega;FORA DE HORÁRIO
86778;Reentrega;FORA DE HORÁRIO
102409;Devolução;DIVERGENCIA DE PREÇO
104096;Reentrega;FICOU PRESO AYUMI - 09
104095;Reentrega;FICOU PRESO AYUMI - 09
173395;Reentrega;FORA DE HORÁRIO
173394;Reentrega;FORA DE HORÁRIO
87533;Reentrega;ENTREGA FORA DE HORÁRIO
102404;Devolução;DIVERGENCIA DE PREÇO
103500;Reentrega;PEDIDO AJUSTADO EM SISTEMA DO CLIENTE. SEGUIR NA REENTREGA
63646;Reentrega;FORA DE HORAIO
139993;Reentrega;FORA DE HORÁRIO
139995;Reentrega;FORA DE HORÁRIO
145200;Devolução;SEM PEDIDO
145174;Devolução;PEDIDO EXPIRADO
145458;Reentrega;FORA DE HORÁRIO
63503;Devolução;CLIENTE NÃO OPERA MAIS NESSE ENDEREÇO
63783;Devolução;CLIENTE NÃO OPERA MAIS NESSE ENDEREÇO
62997;Devolução;DIVERGENCIA DE PEDIDO
75066;Devolução;DIVERGENCIA DE PEDIDO
75597;Devolução;DIVERGENCIA DE PEDIDO
75065;Devolução;DIVERGENCIA DE PEDIDO
83715;Devolução;DIVERGENCIA DE CADASTRO
98305;Reentrega;MOTORISTA PEGOU A NF E FOI EMBORA. REENTREGAR
98306;Reentrega;MOTORISTA PEGOU A NF E FOI EMBORA. REENTREGAR
98307;Reentrega;MOTORISTA PEGOU A NF E FOI EMBORA. REENTREGAR
110654;Reentrega;SEM AGENDAMENTO
117123;Devolução;QUALIDADE RECUSADA - AMARELADA
159136;Reentrega;SEM AGENDAMENTO
159137;Reentrega;SEM AGENDAMENTO
159138;Reentrega;SEM AGENDAMENTO
159139;Reentrega;SEM AGENDAMENTO
159140;Reentrega;SEM AGENDAMENTO
156882;Reentrega;FORA DE HORÁRIO
155610;Devolução;DIVERGENCIA DE PEDIDO
158703;Devolução;SEM PEDIDO
95955;Reentrega;FORA DE HORÁRIO
95955;Reentrega;FORA DE HORÁRIO
95955;Reentrega;FOI FALTANDO O PRODUTO DA NF. REENTREGAR
67585;Reentrega;MERCADORIA AMARELADA / FOI SOLICITADO A TROCA DA CARGA
67585;Reentrega;MERCADORIAS UMIDAS E AMARELANDO / TROCAR CARGA E REENTREGAR
18400;Reentrega;MOTORISTA NÃO FEZ O CARREGAMENTO DESSA MERCADORIA
97570;Devolução;PEDIDO RECUSADO PELO CLIENTE
152801;Reentrega;FORA DE HORÁRIO
182229;Reentrega;SEM PROMOTOR NA LOJA
182229;Reentrega;SEM PROMOTOR NA LOJA
4622;Reentrega;SEM AGENDAMENTO
4622;Reentrega;NÃO CARREGOU
133343;Reentrega;FORA DE HORÁRIO
44632;Reentrega;CLIENTE NÃO ACEITOU SEM AGENDAMENTO. REENTREGAR.
8066;Reentrega;SEM AGENDAMENTO
115076;Cancelado;NF GEROU UMA SUBSTITUIÇÃO
139888;Reentrega;CLIENTE EM INVENTÁRIO - RETORNA 26/01
167003;Reentrega;LOJA EM BALANÇO
172070;Reentrega;FORA DE HORÁRIO
14333;Reentrega;ENTREGA FORA DE HORÁRIO
14333;Reentrega;AREA DE RESTRIÇÃO PARA O VEÍCULO DO CONDUTOR
14333;Reentrega;MOTORISTA NÃO CARREGOU ESSA MERCADORIA
14333;Reentrega;AREA DE RESTRIÇÃO PARA O VEÍCULO DO CONDUTOR
18525;Devolução;PEDIDO EM DUPLICIDADE
112244;Reentrega;ENTREGA FORA DE HORÁRIO
112243;Reentrega;ENTREGA FORA DE HORÁRIO
92947;Reentrega;ENTREGA FORA DE HORÁRIO
92947;Reentrega;VEICULO QUEBROU, NÃO CONSEGUIU CONCLUIR. FORA DE HORARIO
160433;Reentrega;FORA DE HORÁRIO
160433;Reentrega;FORA DE HORÁRIO
160433;Reentrega;FORA DE HORÁRIO
162901;Reentrega;FORA DE HORÁRIO
164731;Reentrega;FORA DE HORÁRIO
162899;Reentrega;FORA DE HORÁRIO
164673;Reentrega;FORA DE HORÁRIO
162901;Devolução;PEDIDO EM DUPLICIDADE
164731;Devolução;PEDIDO EM DUPLICIDADE
162899;Devolução;PEDIDO EM DUPLICIDADE
164673;Devolução;PEDIDO EM DUPLICIDADE
165953;Reentrega;FORA DE HORÁRIO
95946;Reentrega;CLIENTE EXIGE QUE MOTORISTA VAI COM AJUDANTE DA EMPRESA E NÃO ARRUMAR CHAPA NA RUA. NÃO DEIXA O MOTORISTA DESCARREGAR SOZINHO
95945;Reentrega;CLIENTE EXIGE QUE MOTORISTA VAI COM AJUDANTE DA EMPRESA E NÃO ARRUMAR CHAPA NA RUA. NÃO DEIXA O MOTORISTA DESCARREGAR SOZINHO
95949;Reentrega;CLIENTE EXIGE QUE MOTORISTA VAI COM AJUDANTE DA EMPRESA E NÃO ARRUMAR CHAPA NA RUA. NÃO DEIXA O MOTORISTA DESCARREGAR SOZINHO
166410;Reentrega;FORA DE HORÁRIO
166409;Reentrega;FORA DE HORÁRIO
156449;Devolução;CNPJ INCORRETO
156450;Devolução;CNPJ INCORRETO
157739;Devolução;CNPJ INCORRETO
171530;Cancelado;PEDIDO CANCELADO
175008;Devolução;PEDIDO EM DUPLICIDADE
175009;Devolução;PEDIDO EM DUPLICIDADE
177368;Devolução;PEDIDO EM DUPLICIDADE
132186;Reentrega;MOTORISTA NÃO PODE FAZER SUAS ENTREGAS
2613;Reentrega;FORA DE HORÁRIO
2614;Reentrega;FORA DE HORÁRIO
143047;Reentrega;FORA DE HORÁRIO
143048;Reentrega;FORA DE HORÁRIO
33805;Reentrega;LOJA EM BALANÇO
33806;Reentrega;LOJA EM BALANÇO
33807;Reentrega;LOJA EM BALANÇO
41154;Devolução;DIVERGENCIA DE PREÇO
69475;Reentrega;FORA DE HORÁRIO
189870;Reentrega;FORA DE HORÁRIO
189876;Reentrega;FORA DE HORÁRIO
80187;Devolução;DIVERGENCIA DE PEDIDO
89160;Devolução;PRODUTO NÃO CADASTRADO
140202;Devolução;Tributacao do cha saiu incorreta
179034;Reentrega;LOJA FECHADA
179033;Reentrega;LOJA FECHADA
184625;Reentrega;FORA DE HORÁRIO
168174;Reentrega;FORA DE HORÁRIO
168174;Reentrega;FORA DE HORÁRIO
33342;Cancelado;SINISTRO
33341;Cancelado;SINISTRO
49649;Reentrega;VAI JUNTO COM O PEDIDO - N° 578452
191978;Reentrega;NÃO CARREGOU
137276;Reentrega;FORA DE HORÁRIO
33165;Reentrega;FORA DE HORÁRIO
33164;Reentrega;FORA DE HORÁRIO
115912;Reentrega;FORA DE HORÁRIO
33976;Reentrega;FORA DE HORÁRIO
19610;Reentrega;PALLET FORA DE PADRÃO. CLIENTE NÃO ACEITA MERCADORIA "TOMBADA" REENTREGAR.
19611;Reentrega;PALLET FORA DE PADRÃO. CLIENTE NÃO ACEITA MERCADORIA "TOMBADA" REENTREGAR.
99701;Devolução;SEM PEDIDO
157469;Reentrega;CARRO QUEBROU
165407;Reentrega;FORA DE HORÁRIO
165408;Reentrega;FORA DE HORÁRIO
6278;Reentrega;FORA DE HORÁRIO
6277;Reentrega;FORA DE HORÁRIO
52409;Reentrega;ENTREGA FORA DE HORÁRIO
85028;Reentrega;ENTREGA FORA DE HORÁRIO
85027;Reentrega;ENTREGA FORA DE HORÁRIO
18383;Devolução;PEDIDO RECUSADO PELO CLIENTE
43246;Devolução;PEDIDO RECUSADO PELO CLIENTE
52274;Reentrega;deu problema de imposto mais comercial ja resolveu
52280;Reentrega;deu problema de imposto mais comercial ja resolveu
52274;Reentrega;ENTREGA FORA DE HORÁRIO
52280;Reentrega;ENTREGA FORA DE HORÁRIO
97200;Reentrega;FORA DE HORÁRIO
101649;Devolução;SEM PEDIDO
5994;Reentrega;FORA DE HORÁRIO
5994;Reentrega;MOTORISTA NÃO CARREGOU!
98540;Reentrega;FICOU PRESO JOANIN LJ 14
18326;Reentrega;ENTREGA FORA DE HORÁRIO
80297;Reentrega;ENTREGA FORA DE HORÁRIO
80294;Reentrega;ENTREGA FORA DE HORÁRIO
52276;Reentrega;FORA DE HORÁRIO
52278;Reentrega;FORA DE HORÁRIO
113772;Reentrega;FORA DE HORÁRIO
73173;Reentrega;MERCADORIA FOI INVERTIDA NO ATO DA ENTREGA. ARRUMAR A CARGA E SEGUIR PARA REENTREGA.
97915;Devolução;PEDIDO EM DUPLICIDADE
76303;Reentrega;FORA DE HORÁRIO
108599;Reentrega;FORA DE HORÁRIO
27813;Devolução;DUPLICIDADE DE PEDIDO
38820;Reentrega;ENTREGA FORA DE HORÁRIO
87752;Devolução;PEDIDO EM DUPLICIDADE
96115;Reentrega;MOTORISTA NÃO CARREGOU. REENTREGAR
97199;Reentrega;FORA DE HORÁRIO
101657;Devolução;SEM PEDIDO
65132;Devolução;pedido colocado duplicado. Seguir com a recusa
38821;Reentrega;ENTREGA FORA DE HORÁRIO
96118;Reentrega;MOTORISTA NÃO CARREGOU. REENTREGAR
38628;Reentrega;ENTREGA FORA DE HORÁRIO
156299;Reentrega;FORA DE HORÁRIO
156298;Reentrega;FORA DE HORÁRIO
120227;Reentrega;FORA DE HORÁRIO
40111;Reentrega;FORA DE HORÁRIO
3127;Reentrega;FORA DE HORÁRIO
8839;Reentrega;CARRO QUEBROU
41491;Devolução;DIVERGENCIA DE PEDIDO
41882;Devolução;DIVERGENCIA DE PEDIDO
1407;Reentrega;SEM AGENDAMENTO
3325;Reentrega;FORA DE HORÁRIO
146353;Reentrega;LOJA SEM ESPAÇO
146352;Reentrega;LOJA SEM ESPAÇO
146354;Reentrega;LOJA SEM ESPAÇO
108524;Devolução;DIVERGENCIA DE PEDIDO
108786;Devolução;PRODUTO CORTADO
114930;Cancelado;PRODUTO SEM CODIGO DUM
114989;Devolução;PRODUTO "FUBA MIMOSO DA TERRINHA 1 KG FD 10" SEM CADASTRO
114990;Reentrega;PRODUTO SEM CADASTRO / PEDIDO AJUSTADO (REENTREGAR)
136539;Devolução;PRODUTO NÃO CADASTRADO
137490;Devolução;DIVERGENCIA DE PEDIDO
120644;Cancelado;DIVERGENCIA DE CADASTRO
120645;Reentrega;NAO DEU TEMPO DA NOTA DE SUBSTITUIÇÃO FICAR PRONTA.
122343;Reentrega;NAO DEU TEMPO DA NOTA DE SUBSTITUIÇÃO FICAR PRONTA.
120643;Reentrega;NAO DEU TEMPO DA NOTA DE SUBSTITUIÇÃO FICAR PRONTA.
120642;Reentrega;NAO DEU TEMPO DA NOTA DE SUBSTITUIÇÃO FICAR PRONTA.
120923;Devolução;PRODUTO NÃO CADASTRADO
120922;Reentrega;NF FOI GERADO SUBSTITUIÇÃO DA NF 120644
120646;Reentrega;ENTREGA FORA DE HORÁRIO
120647;Reentrega;ENTREGA FORA DE HORÁRIO
65820;Reentrega;FORA DE HORÁRIO
99454;Reentrega;FORA DE HORÁRIO
149291;Reentrega;DIVERGENCIA DE PEDIDO
149290;Reentrega;DIVERGENCIA DE PEDIDO
149359;Cancelado;DIVERGENCIA DE PREÇO
149360;Cancelado;DIVERGENCIA DE PREÇO
114620;Devolução;ITEM SEM CADASTRO
114653;Devolução;PRODUTO DE CORTE
120733;Cancelado;SEM TRIBUTAÇÃO FISCAL NA NOTA
120858;Cancelado;SEM TRIBUTAÇÃO FISCAL NA NOTA
61582;Reentrega;ESSA NF É PARA LITORAL SUL . VIAGEM E PARA LITORAL NORTE. NF NÃO FOI CARREGADA NO CARRO DO MOTORISTA.
21167;Devolução;DIVERGENCIA DE PEDIDO
31394;Devolução;SEM PEDIDO
48160;Reentrega;FORA DE HORÁRIO
48168;Reentrega;FORA DE HORÁRIO
48159;Reentrega;FORA DE HORÁRIO
49201;Devolução;PEDIDO EM DUPLICIDADE
49200;Devolução;PEDIDO EM DUPLICIDADE
94696;Reentrega;CARRO QUEBROU
138133;Reentrega;FORA DE ROTA
144954;Reentrega;FORA DE HORÁRIO
4508;Reentrega;CARRO QUEBROU
153275;Devolução;SEM PEDIDO
38623;Reentrega;ENTREGA FORA DE HORÁRIO
49468;Reentrega;MOTORISTA SAIU TARDE DA EMPRESA. FICOU PRESO NO ESPERANÇA
67362;Reentrega;FORA DE HORÁRIO
129564;Reentrega;FORA DE HORÁRIO
129565;Reentrega;FORA DE HORÁRIO
65635;Reentrega;FORA DE HORÁRIO
65630;Reentrega;FORA DE HORÁRIO
119283;Reentrega;FORA DE HORÁRIO
119285;Reentrega;FORA DE HORÁRIO
68977;Devolução;PEDIDO EM DUPLICIDADE
54693;Devolução;recusar
57815;Devolução;recusar
145084;Devolução;DIVERGENCIA DE PEDIDO
189597;Devolução;PRODUTO PROXIMO AO VENCIMENTO
189598;Devolução;PRODUTO PROXIMO AO VENCIMENTO
191023;Reentrega;DIVERGENCIA ENDEREÇO
191022;Reentrega;DIVERGENCIA ENDEREÇO
42226;Devolução;PEDIDO EM DUPLICIDADE
8838;Reentrega;CARRO QUEBROU
111841;Devolução;PEDIDO EM DUPLICIDADE
167340;Reentrega;FORA DE HORÁRIO
167339;Reentrega;FORA DE HORÁRIO
12251;Reentrega;FORA DE HORÁRIO
12246;Reentrega;FORA DE HORÁRIO
41803;Devolução;CNPJ ERRADO. SEGUIR COM RECUSA.
41802;Devolução;CNPJ ERRADO. SEGUIR COM RECUSA.
44660;Reentrega;FICOU PRESO PIRATININGA - 04, DEU FORA DE HORÁRIO.
58446;Reentrega;1 PALLET DE MERCADORIA FICOU SEM SER CARREGADA / CARGA JÁ ARRUMADA*
58440;Reentrega;1 PALLET DE MERCADORIA FICOU SEM SER CARREGADA / CARGA JÁ ARRUMADA*
58439;Reentrega;1 PALLET DE MERCADORIA FICOU SEM SER CARREGADA / CARGA JÁ ARRUMADA*
83068;Reentrega;FORA DE HORÁRIO
100830;Reentrega;FICOU PRESO SEMAR SUPERMERCADOS - 26
157069;Devolução;DIVERGENCIA DE PEDIDO
175961;Devolução;DIVERGENCIA DE PEDIDO
157067;Devolução;DIVERGENCIA DE PEDIDO
65954;Reentrega;FORA DE HORÁRIO
72158;Reentrega;MOTORISTA FICOU ESPERANDO EM OUTROS CLIENTE QUE TINHAM 3HRS DE ALMOÇO, E FOI SOLICITADO PRIORIDADE NA MAIOR CARGA / FORÁ DE HORARIO
77477;Reentrega;FORA DE HORÁRIO
83074;Reentrega;FORA DE HORÁRIO
100600;Reentrega;FICOU PRESO 
SEMAR SUPERMERCADOS - 25
135902;Reentrega;CLIENTE SOLICITOU REENTREGA POIS HAVIA MUITO CARRO NO RECEBIMENTO
135905;Reentrega;CLIENTE SOLICITOU REENTREGA POIS HAVIA MUITO CARRO NO RECEBIMENTO
77478;Reentrega;FORA DE HORÁRIO
117942;Reentrega;FORA DE HORÁRIO
12245;Reentrega;FORA DE HORÁRIO
12252;Reentrega;FORA DE HORÁRIO
24992;Reentrega;ESTOQUE CHEIO
77480;Reentrega;FORA DE HORÁRIO
157074;Devolução;DIVERGENCIA DE PEDIDO
18176;Reentrega;ENTREGA FORA DE HORÁRIO
18196;Reentrega;ENTREGA FORA DE HORÁRIO
44657;Reentrega;FICOU PRESO PIRATININGA - 04, DEU FORA DE HORÁRIO.
55363;Reentrega;ENTREGA FORA DE HORÁRIO
55366;Reentrega;ENTREGA FORA DE HORÁRIO
100602;Reentrega;FICOU PRESO 
SEMAR SUPERMERCADOS - 25
96116;Reentrega;MOTORISTA NÃO CARREGOU. REENTREGAR
38656;Reentrega;FORA DE HORÁRIO
38656;Devolução;DIVERGENCIA DE PEDIDO
103414;Cancelado;CNPJ INCORRETO
118280;Cancelado;SEM TRIBUTAÇÃO FISCAL NA NOTA
137794;Cancelado;NOTA COM ST DESTACADA
48849;Devolução;PEDIDO EM DESACORDO. FOI A MAIS DO QUE O CLIENTE SOLICITOU
36462;Reentrega;FORA DE HORÁRIO
36461;Reentrega;FORA DE HORÁRIO
43980;Reentrega;ENTREGA FORA DE HORÁRIO
43981;Reentrega;ENTREGA FORA DE HORÁRIO
43980;Reentrega;MERCADORIA NÃO CARREGADA
43981;Reentrega;MERCADORIA NÃO CARREGADA
49467;Reentrega;MOTORISTA SAIU TARDE DA EMPRESA. FICOU PRESO NO ESPERANÇA
67361;Reentrega;FORA DE HORÁRIO
47934;Reentrega;CLIENTE NÃO ESTAVA NO LOCAL - SEGUIR COM A REENTREGA
47934;Reentrega;SEGUNDO MOTORISTA ESTAVA OCORRENDO ARRASTÃO NO MOMENTO DE ESTAR PRÓXIMO AO CLIENTE.
68751;Reentrega;FORA DE HORÁRIO
148476;Reentrega;FORA DE HORÁRIO
130952;Reentrega;FORA DE HORÁRIO
97016;Reentrega;FICOU PRESO NO ESPERANCA - 22
70857;Reentrega;CLIENTE VAI VIR RETIRAR
113713;Reentrega;FORA DE HORÁRIO
113712;Reentrega;FORA DE HORÁRIO
113714;Reentrega;FORA DE HORÁRIO
179539;Reentrega;FORA DE HORÁRIO
179539;Reentrega;FORA DE HORÁRIO
179539;Cancelado;PEDIDO CANCELADO PELO CLIENTE
192665;Reentrega;SEM SISTEMA
192664;Reentrega;SEM SISTEMA
192667;Reentrega;SEM SISTEMA
192666;Reentrega;SEM SISTEMA
31183;Devolução;NF TEVE SUBSTITUIÇÃO. NOVA NF 31452
133889;Reentrega;FORA DE HORÁRIO
160430;Reentrega;FORA DE HORÁRIO
160429;Reentrega;FORA DE HORÁRIO
188489;Devolução;DESACORDO COM O PEDIDO
150089;Devolução;PEDIDO EM DUPLICIDADE
150091;Devolução;PEDIDO EM DUPLICIDADE
152467;Devolução;PEDIDO EM DUPLICIDADE
38030;Reentrega;ENTREGA FORA DE HORÁRIO
16756;Reentrega;ENTREGA FORA DE HORÁRIO
31762;Reentrega;ENTREGA FORA DE HORÁRIO
31761;Reentrega;ENTREGA FORA DE HORÁRIO
74538;Reentrega;FORA DE HORÁRIO
74537;Reentrega;FORA DE HORÁRIO
74538;Reentrega;FORA DE HORÁRIO
74537;Reentrega;FORA DE HORÁRIO
95706;Reentrega;VEICULO QUEBROU E NÃO CONSEGUIU CONCLUIR COM AS ENTREGAS
95705;Reentrega;VEICULO QUEBROU E NÃO CONSEGUIU CONCLUIR COM AS ENTREGAS
7586;Reentrega;TENTATIVA DE ROUBO
17758;Reentrega;FORA DE HORÁRIO
17760;Reentrega;FORA DE HORÁRIO
34551;Reentrega;CARGA NÃO COUBE NO MOTORISTA
34552;Reentrega;CARGA NÃO COUBE NO MOTORISTA
108686;Reentrega;FORA DE HORÁRIO
64683;Reentrega;TAPIOCA ESTAVA COM DATA DE VALIDADE INCOMPLETA
9811;Cancelado;SEM PEDIDO
13178;Devolução;PRODUTO COM AVARIA
14463;Devolução;QUALIDADE RECUSADA - ÚMIDA
82082;Cancelado;SINISTRO COM VEICULO
120253;Cancelado;CNPJ INCORRETO
153939;Cancelado;DIVERGENCIA DE PEDIDO
59276;Reentrega;FORA DE HORÁRIO
59277;Reentrega;FORA DE HORÁRIO
146891;Cancelado;CARGA EXTRAVIADA
146894;Cancelado;CARGA EXTRAVIADA
131976;Reentrega;FORA DE HORÁRIO
149677;Reentrega;FORA DE HORÁRIO
53391;Devolução;PEDIDO DIVERGENTE. RECUSAR
123937;Devolução;DIVERGENCIA DE PEDIDO
131639;Reentrega;LOJA SEM SISTEMA
131638;Reentrega;LOJA SEM SISTEMA
149988;Reentrega;FORA DE HORÁRIO
86034;Reentrega;LOJA EM BALANÇO
86035;Reentrega;LOJA EM BALANÇO
86036;Reentrega;LOJA EM BALANÇO
131481;Reentrega;LOJA SEM SISTEMA
131483;Reentrega;LOJA SEM SISTEMA
131482;Reentrega;LOJA SEM SISTEMA
149672;Reentrega;FORA DE HORÁRIO
149673;Reentrega;FORA DE HORÁRIO
149674;Reentrega;FORA DE HORÁRIO
149675;Reentrega;FORA DE HORÁRIO
53397;Devolução;PEDIDO DIVERGENTE. RECUSAR
67810;Devolução;PEDIDO DUPLICADO
80737;Reentrega;DIVERGENCIA DE PRODUTO
80736;Reentrega;DIVERGENCIA DE PRODUTO
80735;Reentrega;DIVERGENCIA DE PRODUTO
80734;Reentrega;DIVERGENCIA DE PRODUTO
80733;Reentrega;DIVERGENCIA DE PRODUTO
94427;Devolução;QUALIDADE RECUSADA - AMARELADA
101003;Devolução;QUALIDADE RECUSADA - AMARELADA
123965;Reentrega;FORA DE HORÁRIO
123970;Reentrega;FORA DE HORÁRIO
123971;Reentrega;FORA DE HORÁRIO
123966;Reentrega;FORA DE HORÁRIO
123965;Reentrega;FORA DE HORÁRIO
123970;Reentrega;FORA DE HORÁRIO
123971;Reentrega;FORA DE HORÁRIO
123966;Reentrega;FORA DE HORÁRIO
131836;Reentrega;LOJA SEM SISTEMA
131834;Reentrega;LOJA SEM SISTEMA
131835;Reentrega;LOJA SEM SISTEMA
131833;Reentrega;LOJA SEM SISTEMA
150622;Reentrega;FORA DE HORÁRIO
150623;Reentrega;FORA DE HORÁRIO
150624;Reentrega;FORA DE HORÁRIO
150625;Reentrega;FORA DE HORÁRIO
150626;Reentrega;FORA DE HORÁRIO
53399;Devolução;PEDIDO DIVERGENTE. RECUSAR
80741;Reentrega;DIVERGENCIA DE PRODUTO
150180;Reentrega;FORA DE HORÁRIO
67881;Devolução;NF SEM CADASTRO
131641;Reentrega;LOJA SEM SISTEMA
131640;Reentrega;LOJA SEM SISTEMA
131643;Reentrega;LOJA SEM SISTEMA
131645;Reentrega;LOJA SEM SISTEMA
149999;Reentrega;FORA DE HORÁRIO
150001;Reentrega;FORA DE HORÁRIO
150000;Reentrega;FORA DE HORÁRIO
150002;Reentrega;FORA DE HORÁRIO
184116;Reentrega;FORA DE HORÁRIO
53395;Devolução;PEDIDO DIVERGENTE. RECUSAR
80732;Reentrega;DIVERGENCIA DE PRODUTO
80731;Reentrega;DIVERGENCIA DE PRODUTO
80730;Reentrega;DIVERGENCIA DE PRODUTO
80729;Reentrega;DIVERGENCIA DE PRODUTO
80728;Reentrega;DIVERGENCIA DE PRODUTO
131489;Reentrega;LOJA SEM SISTEMA
131484;Reentrega;LOJA SEM SISTEMA
131490;Reentrega;LOJA SEM SISTEMA
131489;Devolução;ERRO DE LANÇAMENTO
131485;Reentrega;LOJA SEM SISTEMA
131491;Reentrega;LOJA SEM SISTEMA
131486;Reentrega;LOJA SEM SISTEMA
131487;Reentrega;LOJA SEM SISTEMA
150632;Reentrega;FORA DE HORÁRIO
53056;Devolução;PEDIDO DIGITADO ERRADO. RECUSAR.
54139;Devolução;PEDIDO DIGITADO ERRADO. RECUSAR.
53062;Devolução;PEDIDO DIGITADO ERRADO. RECUSAR.
75588;Devolução;LOJA EM BALANÇO
85887;Reentrega;FORA DE HORÁRIO
85883;Reentrega;FORA DE HORÁRIO
85888;Reentrega;FORA DE HORÁRIO
85884;Reentrega;FORA DE HORÁRIO
116573;Cancelado;NOVA NF 116861
131646;Reentrega;LOJA SEM SISTEMA
131649;Reentrega;LOJA SEM SISTEMA
131648;Reentrega;LOJA SEM SISTEMA
131647;Reentrega;LOJA SEM SISTEMA
150584;Devolução;PRODUTO NÃO CADASTRADO
153377;Devolução;PRODUTO NÃO CADASTRADO
184111;Reentrega;FORA DE HORÁRIO
110314;Reentrega;LOJA EM BALANÇO
110311;Reentrega;LOJA EM BALANÇO
110317;Reentrega;LOJA EM BALANÇO
110307;Reentrega;LOJA EM BALANÇO
131829;Reentrega;LOJA SEM SISTEMA
131832;Reentrega;LOJA SEM SISTEMA
131831;Reentrega;LOJA SEM SISTEMA
131830;Reentrega;LOJA SEM SISTEMA
150184;Reentrega;FORA DE HORÁRIO
184110;Reentrega;FORA DE HORÁRIO
47960;Reentrega;MERCADORIA NÃO CARREGADA NO MOTORISTA
47960;Reentrega;MERCADORIA NÃO CARREGADA / SERÁ REENTREGUE!
96727;Reentrega;VEÍCULO QUEBROU, NÃO CONSEGUIU CONCLUIR AS ENTREGAS
118031;Reentrega;CARRO QUEBROU
17805;Reentrega;CORREÇÃO DE MERCADORIA
17805;Devolução;PEDIDO EM DUPLICIDADE
67608;Devolução;SUBSTITUIDA , NF NOVA 68335
175192;Reentrega;FORA DE HORÁRIO
175190;Reentrega;FORA DE HORÁRIO
175192;Reentrega;FORA DE HORÁRIO
175190;Reentrega;FORA DE HORÁRIO
175192;Reentrega;FORA DE HORÁRIO
175190;Reentrega;FORA DE HORÁRIO
175192;Reentrega;FORA DE HORÁRIO
175190;Reentrega;FORA DE HORÁRIO
191907;Reentrega;FORA DE HORÁRIO
1099;Reentrega;FORA DE HORÁRIO
1099;Devolução;PEDIDO SUBSTITUIDO
4534;Devolução;NF SUBSTITUIDA
5067;Reentrega;NÃO CARREGOU
42742;Reentrega;ENTREGA FORA DE HORÁRIO
71240;Reentrega;FORA DE HORARIO / MERCADO RECEBE ATÉ 11HRS / SOLICITAR PRIORIDADE
73208;Reentrega;FORA DE HORARIO / MERCADO RECEBE ATÉ 11HRS / SOLICITAR PRIORIDADE
71241;Reentrega;FORA DE HORARIO / MERCADO RECEBE ATÉ 11HRS / SOLICITAR PRIORIDADE
73207;Reentrega;FORA DE HORARIO / MERCADO RECEBE ATÉ 11HRS / SOLICITAR PRIORIDADE
71240;Reentrega;FORA DE HORARIO
73208;Reentrega;FORA DE HORARIO
71241;Reentrega;FORA DE HORARIO
73207;Reentrega;FORA DE HORARIO
71240;Devolução;CLIENTE SOLICITOU SUBSTITUIÇÃO POR CONTA DA DATA DE EMISSÃO DA NF
73208;Devolução;CLIENTE SOLICITOU SUBSTITUIÇÃO POR CONTA DA DATA DE EMISSÃO DA NF
71241;Devolução;CLIENTE SOLICITOU SUBSTITUIÇÃO POR CONTA DA DATA DE EMISSÃO DA NF
73207;Devolução;CLIENTE SOLICITOU SUBSTITUIÇÃO POR CONTA DA DATA DE EMISSÃO DA NF
73475;Reentrega;FORA DE HORARIO / CLIENTE SÓ RECEBE NF ATÉ 11HRS / DESCREVER COMO PRIORIDADE!
73476;Reentrega;FORA DE HORARIO / CLIENTE SÓ RECEBE NF ATÉ 11HRS / DESCREVER COMO PRIORIDADE!
75203;Reentrega;FORA DE HORARIO / CLIENTE SÓ RECEBE NF ATÉ 11HRS / DESCREVER COMO PRIORIDADE!
73475;Devolução;CLIENTE NAO ACEITA NOTA COM FATURAMENTO ANTIGO,
73476;Devolução;CLIENTE NAO ACEITA NOTA COM FATURAMENTO ANTIGO,
75203;Devolução;CLIENTE NAO ACEITA NOTA COM FATURAMENTO ANTIGO,
75427;Reentrega;ENTREGA FORA DE HORÁRIO
75428;Reentrega;ENTREGA FORA DE HORÁRIO
188068;Reentrega;FORA DE HORÁRIO
188068;Devolução;NF EXPIRADA
189482;Reentrega;FORA DE HORÁRIO
75299;Reentrega;FORA DE HORÁRIO
179056;Reentrega;FORA DE HORÁRIO
112629;Reentrega;MOTORISTA NÃO LOCALIZOU O ENDEREÇO. VENDEDOR PASSOU APOS ROTA
112630;Reentrega;MOTORISTA NÃO LOCALIZOU O ENDEREÇO. VENDEDOR PASSOU APOS ROTA
32355;Reentrega;ENTREGA FORA DE HORÁRIO
17456;Reentrega;ENTREGA FORA DE HORÁRIO
17456;Devolução;FOI ACORDADO COM O CLIENTE DESCONTO DE 50%. PORÉM, NÃO FOI PASSADO PARA O FINANCEIRO
41220;Reentrega;FORA DE HORÁRIO
98223;Reentrega;ENTREGA FORA DE HORÁRIO
98223;Reentrega;ENTREGA FORA DE HORÁRIO
41232;Reentrega;FORA DE HORÁRIO
41233;Reentrega;FORA DE HORÁRIO
41231;Reentrega;FORA DE HORÁRIO
102769;Reentrega;ENTREGA FORA DE HORÁRIO
79347;Devolução;SEM PEDIDO
146581;Cancelado;PEDIDO EM DUPLICIDADE
132874;Reentrega;FORA DE HORÁRIO
58778;Reentrega;MUITA DEMORA DE ESPERA NO CLINETE / REENTREGA
58776;Reentrega;MUITA DEMORA DE ESPERA NO CLINETE / REENTREGA
58778;Devolução;VALORES DOS ITENS DIVERGENTES DO COMBINADO
58776;Devolução;VALORES DOS ITENS DIVERGENTES DO COMBINADO
75859;Reentrega;FORA DE HORÁRIO
5553;Reentrega;FORA DE HORÁRIO
5553;Reentrega;FORA DE HORÁRIO
14597;Reentrega;EXCESSO DE VEICULOS NO CLIENTE - COMERCIAL SOLICITOU REENTREGA - VAI COM A VIAGEM 144895
172253;Devolução;DIVERGENCIA DE PEDIDO
50677;Reentrega;MOTORISTA NÃO FEZ POR CONTA DE HORÁRIO
75888;Reentrega;FORA DE HORÁRIO
82251;Reentrega;FORA DE HORÁRIO
82252;Reentrega;FORA DE HORÁRIO
82261;Reentrega;FORA DE HORÁRIO
106450;Devolução;DIVERGENCIA DE PREÇO
106452;Devolução;DIVERGENCIA DE PREÇO
106447;Reentrega;SEGUIR COM NOVO PEDIDO DO VENDEDOR
106454;Reentrega;SEGUIR COM NOVO PEDIDO DO VENDEDOR
106447;Devolução;PEDIDO EM DUPLICIDADE
144868;Devolução;CLIENTE NÃO RECEBEU TEMPEROS DEVIDO A EMBALAGEM ESTAR COM TARJA/ETIQUETA COLADA
146029;Devolução;Motivo: ESPECIARIAS COM TARJA PRETA
154942;Devolução;Motivo: ESPECIARIAS COM TARJA PRETA
172273;Devolução;DIVERGENCIA DE PEDIDO
33882;Reentrega;FORA DE HORÁRIO
33883;Reentrega;FORA DE HORÁRIO
51832;Devolução;PEDIDO EM DUPLICIDADE
67930;Reentrega;FORA DE HORÁRIO
75857;Reentrega;DIVERGENCIA DE PREÇO
84269;Reentrega;FORA DE HORÁRIO
84268;Reentrega;FORA DE HORÁRIO
106459;Devolução;DIVERGENCIA DE PREÇO
106458;Devolução;DIVERGENCIA DE PREÇO
106461;Reentrega;SEGUIR COM NOVO PEDIDO DO VENDEDOR
106462;Reentrega;SEGUIR COM NOVO PEDIDO DO VENDEDOR
106461;Devolução;PEDIDO EM DUPLICIDADE
106462;Devolução;PEDIDO EM DUPLICIDADE
21367;Devolução;PEDIDO EM DUPLICIDADE
37141;Reentrega;ENTREGA FORA DE HORÁRIO
43017;Reentrega;ENTREGA FORA DE HORÁRIO
43017;Reentrega;FORA DE HORÁRIO
43017;Reentrega;MOTORISTA NÃO CARREGOU A MERCADORIA
97465;Reentrega;FICOU PRESO NO SUPERMERCADO DA ILHA
106444;Devolução;DIVERGENCIA DE PREÇO
172264;Devolução;DIVERGENCIA DE PEDIDO
42360;Reentrega;FICOU PRESO NO MERCADAO - 12
67929;Reentrega;FORA DE HORÁRIO
75891;Reentrega;FORA DE HORÁRIO
75905;Reentrega;FORA DE HORÁRIO
75902;Reentrega;FORA DE HORÁRIO
82262;Reentrega;FORA DE HORÁRIO
82256;Reentrega;FORA DE HORÁRIO
82255;Reentrega;FORA DE HORÁRIO
97474;Reentrega;FORA DE HORÁRIO
106457;Devolução;DIVERGENCIA DE PREÇO
106460;Reentrega;SEGUIR COM NOVO PEDIDO DO VENDEDOR
106456;Reentrega;SEGUIR COM NOVO PEDIDO DO VENDEDOR
107591;Devolução;PEDIDO EM DUPLICIDADE
33128;Reentrega;CARRO QUEBROU
33127;Reentrega;CARRO QUEBROU
43021;Reentrega;ENTREGA FORA DE HORÁRIO
50674;Reentrega;MOTORISTA NÃO FEZ POR CONTA DE HORÁRIO
106445;Devolução;DIVERGENCIA DE PREÇO
106446;Devolução;DIVERGENCIA DE PREÇO
135182;Reentrega;FORA DE HORÁRIO
135181;Reentrega;FORA DE HORÁRIO
135183;Reentrega;FORA DE HORÁRIO
6457;Reentrega;FORA DE HORÁRIO
101326;Reentrega;NÃO OBTIVEMOS CONTATO COM O MOTORISTA. FINAL DO DIA PASSOU QUE FICOU PRESO NA NF 101324 E QUE AS DEMAIS DEU FORA DE HORARIO
125420;Devolução;PRODUTO NÃO CADASTRADO
125417;Devolução;PRODUTO NÃO CADASTRADO
135053;Reentrega;FORA DE HORÁRIO
135050;Reentrega;FORA DE HORÁRIO
101325;Reentrega;NÃO OBTIVEMOS CONTATO COM O MOTORISTA. FINAL DO DIA PASSOU QUE FICOU PRESO NA NF 101324 E QUE AS DEMAIS DEU FORA DE HORARIO
125414;Reentrega;FORA DE HORÁRIO
125415;Reentrega;FORA DE HORÁRIO
135042;Reentrega;FORA DE HORÁRIO
135054;Reentrega;FORA DE HORÁRIO
135042;Reentrega;FORA DE HORÁRIO
135054;Reentrega;FORA DE HORÁRIO
151665;Devolução;RECUSA - EMBALAGEM SEM TABELA NUTRICIONAL
158315;Reentrega;FORA DE HORÁRIO
172258;Devolução;DIVERGENCIA DE PEDIDO
50675;Reentrega;MOTORISTA NÃO FEZ POR CONTA DE HORÁRIO
106442;Devolução;DIVERGENCIA DE PREÇO
135179;Reentrega;FORA DE HORÁRIO
135180;Reentrega;FORA DE HORÁRIO
62707;Reentrega;FICOU PRESO NO ESPERANCA - 22
62707;Devolução;DIVERGENCIA DE PEDIDO
96834;Reentrega;FICOU PRESO NO BOM LUGAR - 04
96840;Reentrega;FICOU PRESO NO BOM LUGAR - 04
137183;Reentrega;FORA DE HORÁRIO
137183;Reentrega;FORA DE HORÁRIO
156591;Reentrega;CARRO QUEBROU
50714;Reentrega;VENDEDOR NÃO MANDOU CÓPIA DO PEDIDO PARA O CLIENTE
50713;Reentrega;VENDEDOR NÃO MANDOU CÓPIA DO PEDIDO PARA O CLIENTE
4115;Cancelado;PEDIDO RECUSADO PELO CLIENTE
144485;Cancelado;DIVERGENCIA DE PRODUTO
147316;Cancelado;DIVERGENCIA DE PRODUTO
156326;Reentrega;FORA DE HORÁRIO
24539;Reentrega;MERCADORIA NÃO FOI CARREGADA NO MOTORISTA
24539;Cancelado;PEDIDO CANCELADO
36045;Cancelado;PEDIDO CANCELADO
36044;Cancelado;PEDIDO CANCELADO
38845;Cancelado;PEDIDO CANCELADO
36046;Cancelado;PEDIDO CANCELADO
78665;Reentrega;SEM AGENDAMENTO
121094;Reentrega;CARRO QUEBROU
121095;Reentrega;CARRO QUEBROU
121097;Reentrega;CARRO QUEBROU
121904;Reentrega;CARRO QUEBROU
185179;Reentrega;AGENDA NÃO CONSTAVA NA LISTA DO CLIENTE
185180;Reentrega;AGENDA NÃO CONSTAVA NA LISTA DO CLIENTE
185182;Reentrega;AGENDA NÃO CONSTAVA NA LISTA DO CLIENTE
143874;Reentrega;DIVERGENCIA DE PEDIDO
114907;Reentrega;FORA DE HORÁRIO
114908;Reentrega;FORA DE HORÁRIO
129531;Reentrega;FORA DE HORÁRIO
129534;Reentrega;FORA DE HORÁRIO
129534;Devolução;PEDIDO EM DUPLICIDADE
153724;Devolução;DIVERGENCIA DE PRODUTO
114905;Reentrega;FORA DE HORÁRIO
114906;Reentrega;FORA DE HORÁRIO
129541;Reentrega;FORA DE HORÁRIO
129537;Reentrega;FORA DE HORÁRIO
129539;Reentrega;FORA DE HORÁRIO
129532;Reentrega;FORA DE HORÁRIO
129535;Reentrega;FORA DE HORÁRIO
129318;Reentrega;FORA DE HORÁRIO
129314;Reentrega;FORA DE HORÁRIO
129313;Reentrega;FORA DE HORÁRIO
129319;Reentrega;FORA DE HORÁRIO
129315;Reentrega;FORA DE HORÁRIO
129313;Devolução;PRODUTO NÃO CADASTRADO
114366;Reentrega;FICOU PRESO MANOS DOCES - CARRAO
114377;Reentrega;FICOU PRESO MANOS DOCES - CARRAO
114563;Reentrega;FORA DE HORÁRIO
114561;Reentrega;FORA DE HORÁRIO
143332;Reentrega;FORA DE HORÁRIO
155317;Reentrega;FORA DE HORÁRIO
155318;Reentrega;FORA DE HORÁRIO
184409;Devolução;DIVERGENCIA DE PEDIDO
184410;Devolução;DIVERGENCIA DE PEDIDO
129312;Devolução;PRODUTO NÃO CADASTRADO
129322;Devolução;PEDIDO EM DUPLICIDADE
30185;Reentrega;ENTREGA FORA DE HORÁRIO
30184;Reentrega;ENTREGA FORA DE HORÁRIO
57543;Reentrega;CAIXA DE ALHO ESTOURADO. CLIENTE NÃO FEZ PARCIAL. ARRUMAR A CARGA E REENTREGAR.
129190;Reentrega;FORA DE HORÁRIO
129192;Reentrega;FORA DE HORÁRIO
282185;Cancelado;PEDIDO CANCELADO PELO CLIENTE
112212;Devolução;DIVERGENCIA DE PEDIDO
121794;Cancelado;sem pedido no rodapé da nota
121793;Cancelado;sem pedido no rodapé da nota
121792;Cancelado;sem pedido no rodapé da nota
139885;Devolução;"POLVILHO DOCE 1KG" DIGITADO INCORRETAMENTE
140392;Devolução;PRODUTO RETORNO
146810;Devolução;DIVERGENCIA DE PEDIDO
147404;Devolução;Motivo: motivo sem pedido no XML
148132;Devolução;motivo numero do pedido errado
155365;Devolução;DIVERGENCIA DE PRODUTO
159883;Cancelado;PEDIDO CANCELADO
93849;Reentrega;FORA DE HORÁRIO
157675;Reentrega;FORA DE HORÁRIO
185433;Reentrega;FORA DE HORÁRIO
185434;Reentrega;FORA DE HORÁRIO
137077;Devolução;PEDIDO EM DUPLICIDADE
137078;Devolução;PEDIDO EM DUPLICIDADE
137076;Devolução;PEDIDO EM DUPLICIDADE
138529;Devolução;PEDIDO EM DUPLICIDADE
146975;Devolução;PEDIDO EM DUPLICIDADE
29553;Reentrega;FORA DE HORÁRIO
73380;Reentrega;REENTREGAR. MERCADORIA JÁ CONSTA NA EMPRESA
73379;Reentrega;REENTREGAR. MERCADORIA JÁ CONSTA NA EMPRESA
142076;Reentrega;FORA DE HORÁRIO
142072;Reentrega;FORA DE HORÁRIO
12160;Devolução;PEDIDO RECUSADO PELO CLIENTE
12161;Devolução;PEDIDO RECUSADO PELO CLIENTE
12940;Devolução;PEDIDO RECUSADO PELO CLIENTE
12157;Devolução;PEDIDO RECUSADO PELO CLIENTE
68758;Reentrega;FOI SOLICITADO PARA O MOTORISTA DAR PRIORIDADE EM OUTRO SERVIÇO / NÃO CONSEGUIU CONCLUIR A ENTREGA
96406;Reentrega;FORA DE HORÁRIO
96407;Reentrega;FORA DE HORÁRIO
127143;Reentrega;FORA DE HORÁRIO
129100;Reentrega;FORA DE HORÁRIO
127142;Reentrega;FORA DE HORÁRIO
127143;Devolução;SEM PEDIDO
129100;Devolução;SEM PEDIDO
127142;Devolução;SEM PEDIDO
189076;Reentrega;FORA DE HORÁRIO
189078;Reentrega;FORA DE HORÁRIO
3293;Reentrega;FORA DE HORÁRIO
64422;Reentrega;FORA DE HORÁRIO
23035;Reentrega;FORA DE HORÁRIO
23035;Reentrega;FORA DE HORÁRIO
137097;Reentrega;FORA DE HORÁRIO
137097;Reentrega;FORA DE HORÁRIO
146844;Cancelado;NOTA SUBSTITUIDA PELA NF 146873
62715;Devolução;PROBLEMA FISCAL /  TERÁ SUBSTITUIÇÃO
80312;Devolução;DIVERGENCIA DE PEDIDO
101756;Reentrega;FICOU PRESO MASTER ATS SUPERMERCADOS - GUARULHOS
101755;Reentrega;FICOU PRESO MASTER ATS SUPERMERCADOS - GUARULHOS
137329;Reentrega;FORA DE HORÁRIO
137330;Reentrega;FORA DE HORÁRIO
137327;Reentrega;FORA DE HORÁRIO
141168;Devolução;PEDIDO EM DUPLICIDADE
173535;Reentrega;FORA DE HORÁRIO
173536;Reentrega;FORA DE HORÁRIO
62700;Devolução;PROBLEMA FISCAL NO MERCADO ECONÔMICO / TERÁ SUBSTITUIÇÃO
89863;Devolução;DIVERGENCIA DE PEDIDO
92101;Devolução;DIVERGENCIA DE PEDIDO
101596;Reentrega;FORA DE HORÁRIO
101600;Reentrega;FORA DE HORÁRIO
159793;Reentrega;FORA DE HORÁRIO
159792;Reentrega;FORA DE HORÁRIO
140656;Reentrega;SEM AGENDAMENTO
140657;Reentrega;SEM AGENDAMENTO
140722;Reentrega;SEM AGENDAMENTO
140723;Reentrega;SEM AGENDAMENTO
62660;Devolução;PROBLEMA FISCAL / TERÁ UMA SUBSTITUIÇÃO DE NF
137380;Devolução;SEM TRIBUTAÇÃO FISCAL NA NOTA
141468;Devolução;SEM TRIBUTAÇÃO FISCAL NA NOTA
141676;Reentrega;FORA DE HORÁRIO
148634;Reentrega;SEM PEDIDO - (VENDEDOR SOLICITOU REENTREGA)
148635;Reentrega;SEM PEDIDO - (VENDEDOR SOLICITOU REENTREGA)
148634;Reentrega;FORA DE HORÁRIO
148635;Reentrega;FORA DE HORÁRIO
148634;Devolução;SEM PEDIDO
148635;Devolução;SEM PEDIDO
173534;Reentrega;FORA DE HORÁRIO
189944;Reentrega;FORA DE HORÁRIO
189944;Devolução;DIVERGENCIA DE PEDIDO
876;Reentrega;SEM BONIFICAÇÃO
165967;Reentrega;SEM AGENDAMENTO
165968;Reentrega;SEM AGENDAMENTO
185281;Devolução;PRAZO DE VALIDADE CURTA NO ATO DA ENTREGA.
188909;Cancelado;prazo de validade curto
188910;Cancelado;PRAZO DE VALIDADE
90226;Reentrega;FORA DE HORÁRIO
141240;Devolução;NATUREZA DA OPERAÇÃO INCORRETA
90779;Devolução;SEM PEDIDO
93954;Devolução;SEM PEDIDO
181950;Reentrega;FORA DE HORÁRIO
151529;Reentrega;FORA DE HORÁRIO
151529;Reentrega;NÃO FOI CARREGADO
151529;Reentrega;FORA DE HORÁRIO
189728;Devolução;PRODUTO NÃO CADASTRADO
190456;Devolução;SEM PEDIDO
90232;Reentrega;FORA DE HORÁRIO
94697;Reentrega;CARRO QUEBROU
94698;Reentrega;CARRO QUEBROU
94697;Reentrega;PRIMEIRA ENTREGA. CLIENTE SEM CONFERENTE, SÓ IA CHEGAR APÓS ALMOÇO, SEGUIU COM AS ENTREGAS
94698;Reentrega;PRIMEIRA ENTREGA. CLIENTE SEM CONFERENTE, SÓ IA CHEGAR APÓS ALMOÇO, SEGUIU COM AS ENTREGAS
190151;Reentrega;FORA DE HORÁRIO
6679;Reentrega;NÃO CARREGADO
6676;Reentrega;NÃO CARREGADO
7990;Reentrega;NÃO CARREGADO
114441;Reentrega;FORA DE HORÁRIO
114443;Reentrega;FORA DE HORÁRIO
122293;Reentrega;FORA DE HORÁRIO
122295;Reentrega;FORA DE HORÁRIO
98768;Reentrega;LOJA EM REFORMA. SEM RECEBIMENTO
98768;Devolução;LOJA AINDA NAO ESTA FUNCIONANDO
64646;Reentrega;FORA DE HORÁRIO
86120;Reentrega;GLAUCIO NÃO PODE FINALIZAR AS ENTREGAS. MOTIVO: VÉICULO PRECISA PRESTAR SERVIÇO PARA A FEIRA DA APAS
86119;Reentrega;GLAUCIO NÃO PODE FINALIZAR AS ENTREGAS. MOTIVO: VÉICULO PRECISA PRESTAR SERVIÇO PARA A FEIRA DA APAS
150435;Reentrega;FORA DE HORÁRIO
150433;Reentrega;FORA DE HORÁRIO
150435;Reentrega;NÃO CARREGADO
150433;Reentrega;NÃO CARREGADO
172000;Reentrega;FALTA DE MERCADORIA
172000;Reentrega;FORA DE HORÁRIO
30126;Devolução;SEM PEDIDO
82240;Devolução;PEDIDO EM DUPLICIDADE
100974;Reentrega;FORA DE HORÁRIO
123103;Reentrega;FORA DE HORÁRIO
123104;Reentrega;FORA DE HORÁRIO
127612;Reentrega;FORA DE HORÁRIO
127616;Reentrega;FORA DE HORÁRIO
17796;Reentrega;FORA DE HORÁRIO
123365;Cancelado;CNPJ INCORRETO
123364;Cancelado;CNPJ INCORRETO
123595;Cancelado;CNPJ INCORRETO
135495;Reentrega;FORA DE HORÁRIO
88695;Cancelado;DIVERGENCIA DE CADASTRO
90391;Reentrega;SEM AGENDAMENTO
133774;Reentrega;NF FOI FATURADA DEPOIS QUE O MOTORISTA SAIU PARA AS ENTREGAS
56228;Devolução;PEDIDO CANCELADO PELO CLIENTE
143528;Devolução;AGENDAMENTO SUSPENSO
154923;Devolução;AGENDAMENTO SUSPENSO
55986;Cancelado;Cancelado
143185;Devolução;PEDIDO CANCELADO
56037;Cancelado;Cancelado
55976;Devolução;PEDIDO CANCELADO PELO CLIENTE
55979;Cancelado;cancelada
138520;Reentrega;FORA DE HORÁRIO
38358;Reentrega;FORA DE HORÁRIO
186667;Cancelado;CNPJ INCORRETO
55980;Devolução;PEDIDO CANCELADO PELO CLIENTE
55977;Devolução;PEDIDO CANCELADO PELO CLIENTE
49691;Devolução;PEDIDO EXPIRADO
55978;Devolução;PEDIDO CANCELADO
56039;Devolução;PEDIDO CANCELADO PELO CLIENTE
56042;Devolução;PEDIDO CANCELADO PELO CLIENTE
55972;Cancelado;cancelada
55982;Devolução;PEDIDO CANCELADO PELO CLIENTE
138523;Reentrega;MOTORISTA NÃO CARREGOU A MERCADORIA
138523;Reentrega;MOTORISTA NÃO CARREGOU A MERCADORIA
138523;Reentrega;FORA DE HORÁRIO
143419;Reentrega;FORA DE HORÁRIO
143419;Reentrega;SEM AGENDAMENTO
143419;Cancelado;SEM AGENDAMENTO
55971;Devolução;PEDIDO CANCELADO PELO CLIENTE
143223;Devolução;PEDIDO CANCELADO
40446;Devolução;avaria
56036;Devolução;PEDIDO CANCELADO PELO CLIENTE
60448;Devolução;PEDIDO CANCELADO PELO CLIENTE
56034;Devolução;PEDIDO CANCELADO PELO CLIENTE
55981;Devolução;PEDIDO CANCELADO PELO CLIENTE
143530;Devolução;AGENDAMENTO SUSPENSO
154925;Devolução;AGENDAMENTO SUSPENSO
55985;Cancelado;cancelada
56038;Devolução;PEDIDO CANCELADO PELO CLIENTE
55983;Devolução;PEDIDO CANCELADO
143192;Devolução;PEDIDO CANCELADO
55984;Cancelado;Cancelado
39026;Devolução;PEDIDO EXPIRADO
138735;Devolução;AGENDAMENTO SUSPENSO
38882;Devolução;PEDIDO EXPIRADO
55973;Devolução;PEDIDO CANCELADO PELO CLIENTE
38039;Devolução;pimenta biquinho com o preco errado
55975;Cancelado;Cancelado
56040;Devolução;PEDIDO CANCELADO PELO CLIENTE
55974;Devolução;PEDIDO CANCELADO PELO CLIENTE
79320;Reentrega;FORA DE HORÁRIO
79317;Reentrega;FORA DE HORÁRIO
6922;Reentrega;FORA DE HORÁRIO
15190;Reentrega;FORA DE HORARIO - CLIENTE RECEBE DAS 08:00 ÁS 12:00.
164906;Devolução;DIVERGENCIA DE PEDIDO
113535;Cancelado;SEM TRIBUTAÇÃO FISCAL NA NOTA
113536;Cancelado;SEM TRIBUTAÇÃO FISCAL NA NOTA
2572;Reentrega;FORA DE HORÁRIO
2571;Reentrega;FORA DE HORÁRIO
162616;Reentrega;INVERSÃO DE PRODUTOS
23173;Reentrega;FORA DE HORÁRIO
25438;Reentrega;FORA DE HORÁRIO
23176;Reentrega;FORA DE HORÁRIO
23173;Devolução;DIVERGENCIA DE PEDIDO
25438;Devolução;DIVERGENCIA DE PEDIDO
23176;Devolução;DIVERGENCIA DE PEDIDO
35668;Reentrega;ENTREGA FORA DE HORÁRIO
76587;Reentrega;FORA DE HORÁRIO
76586;Reentrega;FORA DE HORÁRIO
132184;Reentrega;MOTORISTA NÃO PODE FAZER SUAS ENTREGAS
132181;Reentrega;MOTORISTA NÃO PODE FAZER SUAS ENTREGAS
157856;Reentrega;FORA DE HORÁRIO
157855;Reentrega;FORA DE HORÁRIO
178058;Devolução;DIVERGENCIA DE PEDIDO
34520;Reentrega;ESSE CLIENTE NÃO RECEBE DE SEGUNDA-FEIRA
34521;Reentrega;ESSE CLIENTE NÃO RECEBE DE SEGUNDA-FEIRA
52444;Reentrega;CLIENTE NÃO ABRE DE SGUNDA-FEIRA
113370;Reentrega;Cliente não recebe as segunda-feiras
157162;Reentrega;FORA DO DIA DE RECEBIMENTO
3918;Reentrega;LOJA EM BALANÇO
3919;Reentrega;LOJA EM BALANÇO
3920;Reentrega;LOJA EM BALANÇO
66527;Devolução;LOJA SEM ESPAÇO
66971;Devolução;LOJA SEM ESPAÇO
170929;Reentrega;FORA DE HORÁRIO
170928;Reentrega;FORA DE HORÁRIO
41533;Reentrega;CLIENTE BATEU RESSALVA QUE NÃO IA RECEBER. MAIS VENDEDOR PEDIU PRA SEGUIR COM REENTREGA
41533;Devolução;SEM PEDIDO
52394;Devolução;SEM PEDIDO
158378;Reentrega;EXCESSO DE VEICULOS NO CLIENTE
158380;Reentrega;EXCESSO DE VEICULOS NO CLIENTE
158381;Reentrega;EXCESSO DE VEICULOS NO CLIENTE
158382;Reentrega;EXCESSO DE VEICULOS NO CLIENTE
158379;Reentrega;EXCESSO DE VEICULOS NO CLIENTE
158383;Reentrega;EXCESSO DE VEICULOS NO CLIENTE
170484;Devolução;DIVERGENCIA DE PREÇO
1357;Reentrega;FORA DE HORÁRIO
7161;Reentrega;LOJA EM BALANÇO
7160;Reentrega;LOJA EM BALANÇO
7159;Reentrega;LOJA EM BALANÇO
7158;Reentrega;LOJA EM BALANÇO
21371;Reentrega;CLIENTE EM INVENTÁRIO. ENTREGAR APARTIR DO DIA 28/05
21372;Reentrega;CLIENTE EM INVENTÁRIO. ENTREGAR APARTIR DO DIA 28/05
21370;Reentrega;CLIENTE EM INVENTÁRIO. ENTREGAR APARTIR DO DIA 28/05
21369;Reentrega;CLIENTE EM INVENTÁRIO. ENTREGAR APARTIR DO DIA 28/05
30732;Cancelado;DIVERGENCIA DE PEDIDO
103798;Devolução;SEM PEDIDO
109592;Devolução;SEM PEDIDO
170575;Cancelado;substituição
170577;Reentrega;DIVERGENCIA DE PEDIDO
170577;Devolução;PEDIDO EM DUPLICIDADE
24742;Reentrega;FORA DE HORÁRIO
50600;Devolução;MERCADORIA COM A DATA DE VALIDADE APAGADA
90635;Devolução;CLIENTE RECUSOU O DISPLAY. SEM PEDIDO
92094;Devolução;CLIENTE RECUSOU O DISPLAY. SEM PEDIDO
1441;Devolução;PEDIDO RECUSADO PELO CLIENTE
2601;Devolução;PEDIDO RECUSADO PELO CLIENTE
137617;Reentrega;FORA DE HORÁRIO
137617;Reentrega;Precisa coletar impróprio
170430;Cancelado;DIVERGENCIA DE PEDIDO
1165;Devolução;PEDIDO RECUSADO PELO CLIENTE
1944;Devolução;PEDIDO RECUSADO PELO CLIENTE
1168;Devolução;PEDIDO RECUSADO PELO CLIENTE
2153;Devolução;PEDIDO RECUSADO PELO CLIENTE
5429;Reentrega;FORA DE HORÁRIO
7181;Devolução;PEDIDO EM DESACORDO
30792;Devolução;DIVERGENCIA DE PEDIDO
33208;Devolução;PEDIDO RECUSADO PELO CLIENTE
43247;Devolução;PEDIDO RECUSADO PELO CLIENTE
39086;Devolução;PEDIDO EM DUPLICIDADE
66500;Devolução;sem pedido no cliente,
66972;Devolução;sem pedido no cliente,
82434;Reentrega;CLIENTE NÃO RECEBE DIA DE SÁBADO
82433;Reentrega;CLIENTE NÃO RECEBE DIA DE SÁBADO
82432;Reentrega;CLIENTE NÃO RECEBE DIA DE SÁBADO
82431;Reentrega;CLIENTE NÃO RECEBE DIA DE SÁBADO
82430;Reentrega;CLIENTE NÃO RECEBE DIA DE SÁBADO
82429;Reentrega;CLIENTE NÃO RECEBE DIA DE SÁBADO
88857;Reentrega;LOJA SEM ESPAÇO
88858;Reentrega;LOJA SEM ESPAÇO
88859;Reentrega;LOJA SEM ESPAÇO
88862;Reentrega;LOJA SEM ESPAÇO
88860;Reentrega;LOJA SEM ESPAÇO
88861;Reentrega;LOJA SEM ESPAÇO
88863;Reentrega;LOJA SEM ESPAÇO
88864;Reentrega;LOJA SEM ESPAÇO
155590;Reentrega;LOJA EM BALANÇO
155591;Reentrega;LOJA EM BALANÇO
155592;Reentrega;LOJA EM BALANÇO
155593;Reentrega;LOJA EM BALANÇO
155594;Reentrega;LOJA EM BALANÇO
155595;Reentrega;LOJA EM BALANÇO
155596;Reentrega;LOJA EM BALANÇO
170607;Cancelado;DIVERGENCIA DE PEDIDO
178852;Devolução;DIVERGENCIA DE CADASTRO
184196;Devolução;DIVERGENCIA DE CADASTRO
7142;Reentrega;CLIENTE PEDIU REENTREGA 27/02
1118;Reentrega;FORA DE HORÁRIO
1119;Reentrega;FORA DE HORÁRIO
28802;Reentrega;ENTREGA FORA DE HORÁRIO
28795;Reentrega;ENTREGA FORA DE HORÁRIO
28800;Reentrega;ENTREGA FORA DE HORÁRIO
28798;Reentrega;ENTREGA FORA DE HORÁRIO
28797;Reentrega;ENTREGA FORA DE HORÁRIO
42349;Devolução;DIVERGENCIA DE PREÇO
47513;Reentrega;REENTREGAR, CLIENTE NÃO ACEITOU A MERCADORIA ALEGANDO SUADA. TEM QUE FAZER A TROCA DELA
47517;Reentrega;REENTREGAR, CLIENTE NÃO ACEITOU A MERCADORIA ALEGANDO SUADA. TEM QUE FAZER A TROCA DELA
92195;Devolução;SEM PEDIDO
95097;Devolução;SEM PEDIDO
137500;Reentrega;FORA DE HORÁRIO
137501;Reentrega;FORA DE HORÁRIO
137499;Reentrega;FORA DE HORÁRIO
137502;Reentrega;FORA DE HORÁRIO
139747;Reentrega;FORA DE HORÁRIO
139748;Reentrega;FORA DE HORÁRIO
139744;Reentrega;FORA DE HORÁRIO
170524;Cancelado;substituição
157994;Devolução;FALTA DE MERCADORIA
184942;Reentrega;VEICULO SEM PERMISSÃO NA VIA
184943;Reentrega;VEICULO SEM PERMISSÃO NA VIA
184940;Reentrega;VEICULO SEM PERMISSÃO NA VIA
184941;Reentrega;VEICULO SEM PERMISSÃO NA VIA
3373;Cancelado;SEM PEDIDO
4222;Cancelado;SEM PEDIDO
7052;Reentrega;LOJA EM BALANÇO
7052;Reentrega;FALTA DE MERCADORIA
21636;Reentrega;CLIENTE EM INVENTÁRIO. ENTREGAR APARTIR DO DIA 28/05
21637;Reentrega;CLIENTE EM INVENTÁRIO. ENTREGAR APARTIR DO DIA 28/05
21638;Reentrega;CLIENTE EM INVENTÁRIO. ENTREGAR APARTIR DO DIA 28/05
21639;Reentrega;CLIENTE EM INVENTÁRIO. ENTREGAR APARTIR DO DIA 28/05
52471;Reentrega;MERCADORIA NÃO CARREGADA PELO MOTORISTA
159094;Devolução;PEDIDO CANCELADO
18944;Devolução;SEM PEDIDO
29323;Devolução;NÃO FEZ PEDIDO
29324;Devolução;NÃO FEZ PEDIDO
103565;Reentrega;MERCADORIA NÃO FOI A QUANTIDADE CERTA NA NF, PRECISA REPARAR E SEGUIR NA REENTREGA
139611;Reentrega;CLIENTE ALEGANDO QUE O CLIENTE "MERCADO" NÃO FOI AGENDADO
139613;Reentrega;CLIENTE ALEGANDO QUE O CLIENTE "MERCADO" NÃO FOI AGENDADO
139612;Reentrega;CLIENTE ALEGANDO QUE O CLIENTE "MERCADO" NÃO FOI AGENDADO
170612;Cancelado;substituição
170932;Cancelado;DIVERGENCIA DE PREÇO
79553;Devolução;PEDIDO EM DUPLICIDADE
79554;Devolução;PEDIDO EM DUPLICIDADE
80277;Devolução;PEDIDO EM DUPLICIDADE
137422;Reentrega;FORA DE HORÁRIO
137423;Reentrega;FORA DE HORÁRIO
137424;Reentrega;FORA DE HORÁRIO
170502;Cancelado;SUBSTITUIÇAO
170504;Reentrega;DIVERGENCIA DE PEDIDO
170503;Reentrega;DIVERGENCIA DE PEDIDO
178830;Devolução;PEDIDO EM DUPLICIDADE
178829;Devolução;PEDIDO EM DUPLICIDADE
178831;Devolução;PEDIDO EM DUPLICIDADE
135489;Reentrega;FORA DE HORÁRIO
125998;Devolução;SEM PEDIDO
187981;Reentrega;LOJA FECHADA
39739;Devolução;SEM PEDIDO
79424;Devolução;SEM PEDIDO
79425;Devolução;SEM PEDIDO
80280;Devolução;SEM PEDIDO
88517;Devolução;SEM PEDIDO
123816;Devolução;PEDIDO EM DUPLICIDADE
82092;Devolução;PEDIDO EM DUPLICIDADE
129304;Reentrega;FORA DE HORÁRIO
129303;Reentrega;FORA DE HORÁRIO
16028;Reentrega;MOTORISTA ACABOU FICANDO DOENTE E OUTRO CARRO TEVE QUE RETIRAR A MERCADORIA
16027;Reentrega;MOTORISTA ACABOU FICANDO DOENTE E OUTRO CARRO TEVE QUE RETIRAR A MERCADORIA
86060;Reentrega;FORA DE HORÁRIO
86061;Reentrega;FORA DE HORÁRIO
149523;Reentrega;LOJA FECHADA
79035;Cancelado;SINISTRO COM VEICULO
79036;Cancelado;SINISTRO COM VEICULO
117365;Devolução;SEM PEDIDO
117362;Devolução;SEM PEDIDO
117811;Devolução;SEM PEDIDO
117366;Devolução;SEM PEDIDO
117812;Devolução;SEM PEDIDO
7699;Reentrega;FALTA DE MERCADORIA
7699;Reentrega;FORA DE HORÁRIO
22914;Reentrega;FORA DE HORÁRIO
27982;Reentrega;NÃO CARREGOU
30666;Reentrega;FORA DE HORÁRIO
30667;Reentrega;FORA DE HORÁRIO
86664;Devolução;CNPJ INCORRETO
86663;Devolução;CNPJ INCORRETO
87870;Devolução;CNPJ INCORRETO
191303;Devolução;DIVERGENCIA DE PEDIDO
47939;Reentrega;FORA DO HORARIO DO CLIENTE - MERCADO RECEBE ATÉ 12HRS
47938;Reentrega;FORA DO HORARIO DO CLIENTE - MERCADO RECEBE ATÉ 12HRS
81888;Reentrega;FORA DE HORÁRIO
81887;Reentrega;FORA DE HORÁRIO
9650;Devolução;SEM PEDIDO
32088;Reentrega;FORA DE HORÁRIO
32090;Reentrega;FORA DE HORÁRIO
52448;Reentrega;FORA DE HORÁRIO
170755;Devolução;PEDIDO EXPIRADO
6390;Reentrega;FORA DE HORÁRIO
6390;Devolução;NF SUBSTITUIDA
159461;Reentrega;FORA DE HORÁRIO
159462;Reentrega;FORA DE HORÁRIO
114445;Reentrega;FORA DE HORÁRIO
114452;Reentrega;FORA DE HORÁRIO
114451;Reentrega;FORA DE HORÁRIO
117191;Reentrega;ENTREGA FORA DE HORÁRIO
117192;Reentrega;ENTREGA FORA DE HORÁRIO
117195;Reentrega;ENTREGA FORA DE HORÁRIO
178080;Devolução;DIVERGENCIA DE PEDIDO
178083;Devolução;DIVERGENCIA DE PEDIDO
178082;Devolução;DIVERGENCIA DE PEDIDO
182712;Devolução;DIVERGENCIA DE PEDIDO
189639;Reentrega;FORA DE HORÁRIO
189640;Reentrega;FORA DE HORÁRIO
189638;Reentrega;FORA DE HORÁRIO
189637;Reentrega;FORA DE HORÁRIO
156011;Reentrega;FORA DE HORÁRIO
164729;Devolução;PEDIDO EM DUPLICIDADE
62451;Reentrega;FORA DE HORÁRIO
62457;Reentrega;FORA DE HORÁRIO
64412;Reentrega;FORA DE HORÁRIO
64411;Reentrega;FORA DE HORÁRIO
99068;Reentrega;FORA DE HORÁRIO
99066;Reentrega;FORA DE HORÁRIO
181955;Reentrega;FORA DE HORÁRIO
191341;Reentrega;FORA DE HORÁRIO
191345;Reentrega;FORA DE HORÁRIO
92945;Reentrega;FORA DE HORÁRIO
119322;Reentrega;FORA DO DIA DE RECEBIMENTO
90273;Devolução;PEDIDO EM DUPLICIDADE
90274;Devolução;PEDIDO EM DUPLICIDADE
92096;Devolução;PEDIDO EM DUPLICIDADE
142980;Reentrega;TENTATIVA DE ASSALTO, MOTORISTA NAO QUIS VOLTAR.
142985;Reentrega;TENTATIVA DE ASSALTO, MOTORISTA NAO QUIS VOLTAR.
151492;Reentrega;FORA DE HORÁRIO
107327;Reentrega;FICOU PRESO MERCADINHO KI PRECO
107325;Reentrega;FICOU PRESO MERCADINHO KI PRECO
107328;Reentrega;FICOU PRESO MERCADINHO KI PRECO
153295;Cancelado;SINISTRO COM VEICULO
153296;Cancelado;SINISTRO COM VEICULO
137572;Reentrega;FORA DE HORÁRIO
137572;Cancelado;CNPJ INCORRETO
160112;Reentrega;FORA DE HORÁRIO
160113;Reentrega;FORA DE HORÁRIO
160114;Reentrega;FORA DE HORÁRIO
2005;Reentrega;FORA DE HORÁRIO
65529;Reentrega;FORA DE HORÁRIO
116447;Reentrega;FORA DE HORÁRIO
8630;Reentrega;FORA DE HORÁRIO
55419;Devolução;SEM PEDIDO
55420;Devolução;SEM PEDIDO
75169;Reentrega;FORA DE HORÁRIO
75163;Reentrega;FORA DE HORÁRIO
36820;Cancelado;SEM PEDIDO
1636;Reentrega;FORA DE HORÁRIO
174079;Reentrega;FORA DE HORÁRIO
174079;Devolução;DIVERGENCIA DE PEDIDO
175030;Devolução;SEM PEDIDO
175029;Reentrega;DIVERGENCIA DE PEDIDO
115062;Reentrega;DIVERGENCIA ENDEREÇO
132198;Reentrega;ENTREGA FORA DE HORÁRIO
191011;Devolução;PEDIDO EM DUPLICIDADE
29725;Devolução;PEDIDO EM DUPLICIDADE
106497;Reentrega;ENTREGA FORA DE HORÁRIO
181551;Reentrega;FORA DE HORÁRIO
181552;Reentrega;FORA DE HORÁRIO
193255;Reentrega;DIVERGENCIA ENDEREÇO
93602;Devolução;SEM PEDIDO
155684;Reentrega;FORA DE HORÁRIO
181113;Reentrega;FORA DE HORÁRIO
39400;Devolução;SEM PEDIDO
123704;Reentrega;FORA DE HORÁRIO
192873;Devolução;PEDIDO EM DUPLICIDADE
64704;Devolução;DIVERGENCIA DE PEDIDO
10317;Devolução;PEDIDO RECUSADO PELO CLIENTE
10035;Devolução;PEDIDO RECUSADO PELO CLIENTE
11440;Devolução;PEDIDO RECUSADO PELO CLIENTE
10031;Devolução;DIVERGENCIA DE PEDIDO
14287;Reentrega;MOTORISTA NÃO CARREGOU
134183;Devolução;DIVERGÊNCIA DE ACORDO
161704;Reentrega;FORA DE HORÁRIO
161705;Reentrega;FORA DE HORÁRIO
191975;Devolução;DIVERGENCIA DE PEDIDO
191976;Devolução;DIVERGENCIA DE PEDIDO
140349;Reentrega;FORA DE HORÁRIO
140349;Devolução;CLIENTE DEVOLVEU ALEGANDO QUE O BOLETO ESTAVA VENCIDO E NÃO ACEITOU A PRORROGAÇÃO
164986;Reentrega;FORA DE HORÁRIO
32353;Reentrega;ENTREGA FORA DE HORÁRIO
32352;Reentrega;ENTREGA FORA DE HORÁRIO
137427;Reentrega;CARRO QUEBROU
137433;Reentrega;CARRO QUEBROU
145166;Devolução;PEDIDO EXPIRADO
120038;Reentrega;REENTREGA - CLIENTE NAO RECEBE DIAS DE QUARTA FEIRA
120039;Reentrega;REENTREGA - CLIENTE NAO RECEBE DIAS DE QUARTA FEIRA
168457;Reentrega;FORA DE HORÁRIO
168458;Reentrega;FORA DE HORÁRIO
89441;Reentrega;FORA DE HORÁRIO
89445;Reentrega;FORA DE HORÁRIO
89441;Reentrega;MOTORISTA SAIU TARDE DA TERRINHA, DEU COMO FORA DE HORARIO
89445;Reentrega;MOTORISTA SAIU TARDE DA TERRINHA, DEU COMO FORA DE HORARIO
152315;Reentrega;FORA DE HORÁRIO
152312;Reentrega;FORA DE HORÁRIO
161528;Reentrega;FORA DE HORÁRIO
161528;Reentrega;FORA DE HORÁRIO
143636;Devolução;PEDIDO EM DUPLICIDADE
188433;Reentrega;DIVERGENCIA DE PREÇO
68412;Reentrega;FORA DE HORÁRIO
112194;Reentrega;FORA DE HORÁRIO
112195;Reentrega;FORA DE HORÁRIO
101562;Reentrega;NÃO CARREGOU
153483;Reentrega;FORA DE HORÁRIO
39321;Reentrega;FORA DE HORÁRIO
182736;Reentrega;FORA DE HORÁRIO
182730;Reentrega;FORA DE HORÁRIO
182736;Reentrega;NÃO CARREGOU
182730;Reentrega;NÃO CARREGOU
4583;Devolução;INUTILIZADO
56588;Devolução;PEDIDO NÃO FOI REALIZADO
56589;Devolução;PEDIDO NÃO FOI REALIZADO
56592;Devolução;PEDIDO NÃO FOI REALIZADO
56591;Devolução;PEDIDO NÃO FOI REALIZADO
56960;Devolução;PEDIDO NÃO FOI REALIZADO
4555;Reentrega;FORA DE HORÁRIO
4555;Reentrega;MOTORISTA NÃO CARREGOU
4555;Devolução;SEM PEDIDO
122773;Devolução;FALTA DE MERCADORIA
122777;Devolução;FALTA DE MERCADORIA
122772;Devolução;FALTA DE MERCADORIA
134425;Devolução;FALTA DE MERCADORIA
145265;Reentrega;FORA DE HORÁRIO
145264;Reentrega;FORA DE HORÁRIO
66469;Reentrega;cliente sem energia
66470;Reentrega;cliente sem energia
179831;Reentrega;FORA DE HORÁRIO
179829;Reentrega;FORA DE HORÁRIO
179831;Reentrega;FORA DE HORÁRIO
179829;Reentrega;FORA DE HORÁRIO
185202;Devolução;PEDIDO EM DUPLICIDADE
185203;Devolução;PEDIDO EM DUPLICIDADE
179831;Devolução;FALTA DE MERCADORIA
179829;Devolução;FALTA DE MERCADORIA
29446;Reentrega;NÃO TEVE A PRORROGAÇÃO NO BOLETO. BANCO ESTAVA SEM SISTEMA DURANTE O DIA
29445;Reentrega;NÃO TEVE A PRORROGAÇÃO NO BOLETO. BANCO ESTAVA SEM SISTEMA DURANTE O DIA
37169;Devolução;SEM PEDIDO
43127;Devolução;DIVERGENCIA DE ACORDO COM A DATA DO BOLETO
43130;Devolução;DIVERGENCIA DE ACORDO COM A DATA DO BOLETO
43364;Devolução;PRAZO DO BOLETO EM DESACORDO COM O CLIENTE. NO SISTEMA FINANCEIRO ESTA CONFORME COMBINADO.
137190;Reentrega;FORA DE HORÁRIO
137191;Reentrega;FORA DE HORÁRIO
81484;Reentrega;FORA DE HORÁRIO
88688;Reentrega;FORA DE HORÁRIO
1589;Reentrega;CLIENTE EM CONSTRUÇÃO
4161;Devolução;PEDIDO EM DUPLICIDADE
91034;Reentrega;FORA DE HORÁRIO
91033;Reentrega;FORA DE HORÁRIO
160223;Reentrega;FORA DE HORÁRIO
160222;Reentrega;FORA DE HORÁRIO
53661;Devolução;BOLETO COM PRAZO DESACORDADO
18362;Devolução;PRODUTO NÃO CADASTRADO
187459;Reentrega;NÃO CARREGOU
25850;Reentrega;CLIENTE NÃO RECEBE DE TERÇA-FEIRA
8502;Reentrega;FORA DE HORÁRIO
8503;Reentrega;FORA DE HORÁRIO
8504;Reentrega;FORA DE HORÁRIO
49206;Reentrega;HORARIO DE RECEBIMENTO 8:30 ÀS 11:10 ( RESSALVA NA NF )
49210;Reentrega;HORARIO DE RECEBIMENTO 8:30 ÀS 11:10 ( RESSALVA NA NF )
49214;Reentrega;HORARIO DE RECEBIMENTO 8:30 ÀS 11:10 ( RESSALVA NA NF )
49207;Reentrega;HORARIO DE RECEBIMENTO 8:30 ÀS 11:10 ( RESSALVA NA NF )
49206;Reentrega;MERCADORIA NÃO CAARREGADA NO MOTORISTA
49210;Reentrega;MERCADORIA NÃO CAARREGADA NO MOTORISTA
49214;Reentrega;MERCADORIA NÃO CAARREGADA NO MOTORISTA
49207;Reentrega;MERCADORIA NÃO CAARREGADA NO MOTORISTA
53760;Devolução;DIVERGENCIA DE PEDIDO
56830;Reentrega;FORA DE HORARIO - CLIENTE RECEBE DAS 07HRS ATÉ AS 11:30HRS
56826;Reentrega;FORA DE HORARIO - CLIENTE RECEBE DAS 07HRS ATÉ AS 11:30HRS
56830;Reentrega;MOTORISTA CARREGOU NO DIA NA EMPRESA, SAIU TARDE E NÃO CHEGOU A TEMPO NO CLIENTE
56826;Reentrega;MOTORISTA CARREGOU NO DIA NA EMPRESA, SAIU TARDE E NÃO CHEGOU A TEMPO NO CLIENTE
81930;Reentrega;FORA DE HORARIO / CLIENTE RECEBE NFS DAS 08H ATÉ AS 11:30H
81932;Reentrega;FORA DE HORARIO / CLIENTE RECEBE NFS DAS 08H ATÉ AS 11:30H
100134;Reentrega;ENTREGA FORA DE HORÁRIO
100134;Reentrega;SÓ RECEBE ATÉ 12HRS
102524;Reentrega;ENTREGAR A PARTIR DO 28/07
102525;Reentrega;ENTREGAR A PARTIR DO 28/07
102524;Reentrega;CLIENTE VAI RECEBER A PARTIR DO DIA 01/08
102525;Reentrega;CLIENTE VAI RECEBER A PARTIR DO DIA 01/08
102524;Reentrega;CLIENTE VAI RECEBER A PARTIR DO DIA 01/08
102525;Reentrega;CLIENTE VAI RECEBER A PARTIR DO DIA 01/08
127632;Reentrega;CLIENTE SOLICITOU REENTREGA PARA APÓS DIA 20/11
127631;Reentrega;CLIENTE SOLICITOU REENTREGA PARA APÓS DIA 20/11
137126;Reentrega;FORA DE HORÁRIO
137130;Reentrega;FORA DE HORÁRIO
116174;Reentrega;FORA DE HORÁRIO
148278;Reentrega;FORA DE HORÁRIO
148278;Devolução;DIVERGENCIA DE PEDIDO
93989;Reentrega;ENTREGA FORA DE HORÁRIO
97267;Reentrega;ENTREGA FORA DE HORÁRIO
93988;Reentrega;ENTREGA FORA DE HORÁRIO
93989;Devolução;PEDIDO CANCELADO
97267;Devolução;PEDIDO CANCELADO
93988;Devolução;PEDIDO CANCELADO
38036;Cancelado;SEM PEDIDO
135851;Reentrega;PROBLEMA NO XML
144112;Reentrega;ERRO DE FATURAMENTO
796;Devolução;DIVERGENCIA DE PEDIDO
1275;Devolução;DIVERGENCIA DE PEDIDO
37463;Reentrega;FORA DE HORÁRIO
24418;Devolução;SEM PEDIDO
189575;Reentrega;FORA DE HORÁRIO
6996;Reentrega;FORA DE HORÁRIO
76033;Reentrega;FORA DE HORÁRIO
153715;Reentrega;FORA DE HORÁRIO
153715;Reentrega;FORA DE HORÁRIO
51256;Reentrega;TRANSPORTADORA JG ALVES EXTRAVIOU A MERCADORIA, JA FOI CRIADO UMA NOTA PARA ELA PAGAR E MERCADORIA SEGUIRA NOVAMENTE PRA RUA.
51256;Reentrega;NF NÃO SUBIU NO CARRO DO MOTORISTA
116944;Reentrega;ENTREGA FORA DE HORÁRIO
116941;Reentrega;ENTREGA FORA DE HORÁRIO
165031;Reentrega;DIVERGENCIA ENDEREÇO
115911;Reentrega;FORA DE HORÁRIO
6995;Reentrega;FORA DE HORÁRIO
170500;Reentrega;FORA DE HORÁRIO
170501;Reentrega;FORA DE HORÁRIO
12573;Devolução;SEM PEDIDO
35916;Devolução;SEM PEDIDO
54678;Reentrega;ENTREGA EM PERUS
54677;Reentrega;ENTREGA EM PERUS
54676;Reentrega;ENTREGA EM PERUS
54677;Reentrega;NÃO CARREGOU
76819;Devolução;DIVERGENCIA ENDEREÇO
76818;Devolução;DIVERGENCIA ENDEREÇO
76834;Reentrega;DIVERGENCIA ENDEREÇO
78716;Reentrega;DIVERGENCIA ENDEREÇO
76834;Reentrega;REENTREGAR. ENDEREÇO CORRETO AVENIDA PAVAO, N 19 - PERUS ( NÃO É EM MOEMA )
78716;Reentrega;REENTREGAR. ENDEREÇO CORRETO AVENIDA PAVAO, N 19 - PERUS ( NÃO É EM MOEMA )
76834;Devolução;DIVERGENCIA ENDEREÇO
78716;Devolução;DIVERGENCIA ENDEREÇO
78935;Reentrega;DIVERGENCIA ENDEREÇO
175590;Devolução;SEM PEDIDO
175591;Devolução;DIVERGENCIA DE PEDIDO
66096;Reentrega;Mercadoria não foi carregada no veículo. Reentregar.
158985;Reentrega;FORA DE HORÁRIO
114584;Reentrega;FORA DE HORÁRIO
114586;Reentrega;FORA DE HORÁRIO
137644;Reentrega;FORA DE HORÁRIO
137644;Reentrega;FORA DE HORÁRIO
137644;Reentrega;FORA DE HORÁRIO
75334;Devolução;SEM PEDIDO
164726;Devolução;CNPJ INCORRETO
22106;Devolução;SEM PEDIDO
24082;Devolução;SEM PEDIDO
22103;Devolução;SEM PEDIDO
68445;Devolução;SEM PEDIDO
68451;Devolução;SEM PEDIDO
68772;Devolução;SEM PEDIDO
101561;Reentrega;NÃO CARREGOU
101560;Reentrega;NÃO CARREGOU
5544;Reentrega;PEDIDO FOI SEM BONIFICAÇÃO
187993;Reentrega;FORA DE HORÁRIO
187992;Reentrega;FORA DE HORÁRIO
156641;Reentrega;FORA DE HORÁRIO
65819;Reentrega;FORA DE HORÁRIO
152986;Reentrega;FORA DE HORÁRIO
179431;Devolução;PEDIDO EM DUPLICIDADE
81200;Reentrega;MERCADORIA NÃO FOI CARREGADA NO MOTORISTA
81198;Reentrega;MERCADORIA NÃO FOI CARREGADA NO MOTORISTA
179888;Reentrega;FORA DE HORÁRIO
179887;Reentrega;FORA DE HORÁRIO
128809;Reentrega;FORA DE HORÁRIO
128812;Reentrega;FORA DE HORÁRIO
150824;Reentrega;FORA DE HORÁRIO
150825;Reentrega;FORA DE HORÁRIO
179091;Reentrega;FORA DE HORÁRIO
43971;Reentrega;FORA DE HORÁRIO
107041;Devolução;SEM PEDIDO
90780;Reentrega;ENTREGA FORA DE HORÁRIO
109271;Reentrega;FORA DE HORÁRIO
129031;Devolução;SEM PEDIDO
22271;Devolução;DIVERGENCIA DE PREÇO
22270;Devolução;DIVERGENCIA DE PREÇO
23890;Devolução;DIVERGENCIA DE PREÇO
134475;Devolução;carga extraviada.
134476;Devolução;carga extraviada.
1098;Devolução;CNPJ INCORRETO
1990;Devolução;CNPJ INCORRETO
75860;Reentrega;FORA DE HORÁRIO
109387;Reentrega;FORA DE HORÁRIO
109390;Reentrega;FORA DE HORÁRIO
448;Reentrega;NÃO CARREGOU
449;Reentrega;NÃO CARREGOU
169718;Devolução;SEM PEDIDO
169717;Devolução;SEM PEDIDO
175962;Devolução;SEM PEDIDO
33876;Devolução;SEM PEDIDO
33875;Devolução;SEM PEDIDO
33874;Devolução;SEM PEDIDO
34850;Devolução;SEM PEDIDO
81786;Reentrega;FORA DE HORÁRIO
81785;Reentrega;FORA DE HORÁRIO
81786;Reentrega;FORA DE HORÁRIO
115347;Devolução;SEM PEDIDO
156546;Devolução;NÃO LEVOU MERCADORIA PARA TROCA
2396;Reentrega;FORA DE HORÁRIO
2396;Reentrega;NÃO CARREGADO
165616;Devolução;SEM PEDIDO
165615;Devolução;SEM PEDIDO
166429;Devolução;SEM PEDIDO
124471;Reentrega;FORA DE HORÁRIO
124470;Reentrega;FORA DE HORÁRIO
124469;Reentrega;FORA DE HORÁRIO
40172;Cancelado;PEDIDO EXPIRADO
132498;Devolução;SEM PEDIDO
46634;Reentrega;FORA DE HORÁRIO
127398;Reentrega;FORA DE HORÁRIO
144179;Reentrega;FORA DE HORÁRIO
49587;Reentrega;MERCADORIA INVERTIDA / FOI SOLICITADO REENTREGA
135908;Reentrega;FORA DE HORÁRIO
123278;Reentrega;FORA DE HORÁRIO
123280;Reentrega;FORA DE HORÁRIO
68716;Reentrega;VEICULO NÃO ENTRA NO LOCAL, FIOS BAIXOS DA RUA PARA A ENTRADA. REENTREGAR.
64116;Devolução;DIVERGENCIA DE PEDIDO
64109;Devolução;DIVERGENCIA DE PEDIDO
64578;Devolução;DIVERGENCIA DE PEDIDO
3382;Reentrega;ENTREGA FORA DE HORÁRIO
3381;Reentrega;FORA DE HORÁRIO
3380;Reentrega;FORA DE HORÁRIO
160727;Devolução;PEDIDO EM DUPLICIDADE
171153;Devolução;DIVERGENCIA DE PEDIDO
171165;Devolução;DIVERGENCIA DE PEDIDO
171150;Devolução;DIVERGENCIA DE PEDIDO
171163;Devolução;DIVERGENCIA DE PEDIDO
174383;Devolução;DIVERGENCIA DE CADASTRO
175974;Devolução;DIVERGENCIA DE CADASTRO
178098;Devolução;DIVERGENCIA DE PEDIDO
178637;Devolução;erro de digitação do vendedor
184222;Devolução;DIVERGENCIA DE PEDIDO
184226;Devolução;DIVERGENCIA DE PEDIDO
7595;Reentrega;FALTA DE MERCADORIA
88371;Devolução;SEM PEDIDO
88367;Devolução;SEM PEDIDO
92102;Devolução;SEM PEDIDO
137646;Reentrega;FORA DE HORÁRIO
137645;Reentrega;FORA DE HORÁRIO
149704;Reentrega;FORA DE HORÁRIO
149703;Reentrega;FORA DE HORÁRIO
149702;Reentrega;FORA DE HORÁRIO
142408;Reentrega;FORA DE HORÁRIO
153476;Reentrega;FORA DE HORÁRIO
153477;Reentrega;FORA DE HORÁRIO
189875;Reentrega;FORA DE HORÁRIO
189873;Reentrega;FORA DE HORÁRIO
190138;Reentrega;FORA DE HORÁRIO
45955;Reentrega;FORA DE HORÁRIO
45956;Reentrega;FORA DE HORÁRIO
65818;Reentrega;FORA DE HORÁRIO
111903;Devolução;DIVERGÊNCIA DE PEDIDO
111904;Devolução;DIVERGÊNCIA DE PEDIDO
112640;Devolução;DIVERGÊNCIA DE PEDIDO
166110;Reentrega;FALTA DE MERCADORIA
154146;Reentrega;FORA DE HORÁRIO
33385;Reentrega;FORA DE HORÁRIO
33384;Reentrega;FORA DE HORÁRIO
83164;Reentrega;FORA DE HORÁRIO
94304;Devolução;PEDIDO EM DUPLICIDADE
120421;Reentrega;FORA DE HORÁRIO
120424;Reentrega;FORA DE HORÁRIO
120429;Reentrega;FORA DE HORÁRIO
136282;Reentrega;FORA DE HORÁRIO
136282;Reentrega;FORA DE HORÁRIO
136282;Devolução;DIVERGENCIA DE PEDIDO
151050;Devolução;PEDIDO EXPIRADO
151048;Devolução;PEDIDO EXPIRADO
154166;Devolução;PEDIDO EXPIRADO
155717;Reentrega;FORA DE HORÁRIO
155715;Reentrega;FORA DE HORÁRIO
155716;Reentrega;FORA DE HORÁRIO
172947;Reentrega;FORA DE HORÁRIO
172948;Reentrega;FORA DE HORÁRIO
188294;Reentrega;FORA DE HORÁRIO
188295;Reentrega;FORA DE HORÁRIO
132673;Reentrega;FORA DE HORÁRIO
132672;Reentrega;FORA DE HORÁRIO
132673;Reentrega;FALTA DE MERCADORIA
132672;Reentrega;FALTA DE MERCADORIA
119837;Devolução;ERRO DE FATURAMENTO
125296;Reentrega;FORA DE HORÁRIO
125296;Reentrega;FORA DE HORÁRIO
3128;Reentrega;FORA DE HORÁRIO
30668;Reentrega;FORA DE HORÁRIO
73083;Reentrega;FORA DE HORÁRIO
73087;Reentrega;FORA DE HORÁRIO
78310;Reentrega;FORA DE HORÁRIO
78314;Reentrega;FORA DE HORÁRIO
81748;Reentrega;FORA DE HORÁRIO
81749;Reentrega;FORA DE HORÁRIO
80565;Reentrega;FALTA DE MERCADORIA
80566;Reentrega;FALTA DE MERCADORIA
181229;Devolução;LOJA SEM ESPAÇO
189111;Devolução;LOJA SEM ESPAÇO
181227;Devolução;LOJA SEM ESPAÇO
112199;Reentrega;FORA DE HORÁRIO
112196;Reentrega;FORA DE HORÁRIO
108156;Reentrega;FORA DE HORÁRIO
108151;Reentrega;FORA DE HORÁRIO
124970;Reentrega;FORA DE HORÁRIO
124969;Reentrega;FORA DE HORÁRIO
38819;Reentrega;ENTREGA FORA DE HORÁRIO
38818;Reentrega;ENTREGA FORA DE HORÁRIO
35678;Devolução;PEDIDO EM DESACORDO
175655;Devolução;PEDIDO EXPIRADO
175656;Devolução;PEDIDO EXPIRADO
181570;Devolução;PEDIDO EXPIRADO
2942;Reentrega;PEDIDO RECUSADO PELO CLIENTE
4704;Reentrega;PEDIDO RECUSADO PELO CLIENTE
2942;Devolução;PEDIDO RECUSADO PELO CLIENTE
4704;Devolução;PEDIDO RECUSADO PELO CLIENTE
97132;Reentrega;FORA DE HORÁRIO
97145;Reentrega;FORA DE HORÁRIO
75919;Devolução;SEM PEDIDO
78360;Devolução;SEM PEDIDO
102784;Reentrega;ENTREGA FORA DE HORÁRIO
170280;Devolução;DIVERGENCIA DE PEDIDO
2518;Reentrega;FORA DE HORÁRIO
75168;Reentrega;FORA DE HORÁRIO
75164;Reentrega;FORA DE HORÁRIO
62470;Devolução;SEM PEDIDO
66633;Reentrega;FORA DE HORÁRIO
28072;Devolução;SEM PEDIDO
75643;Reentrega;FORA DE HORÁRIO
75645;Reentrega;FORA DE HORÁRIO
84829;Reentrega;FORA DE HORÁRIO
146217;Reentrega;FORA DE HORÁRIO
146218;Reentrega;FORA DE HORÁRIO
146217;Reentrega;FORA DE HORÁRIO
146218;Reentrega;FORA DE HORÁRIO
41334;Devolução;PEDIDO EM DUPLICIDADE
45186;Devolução;SEM PEDIDO
45185;Devolução;SEM PEDIDO
46220;Devolução;SEM PEDIDO
177913;Devolução;DIVERGENCIA DE PEDIDO
108926;Reentrega;NÃO CARREGADO
37691;Reentrega;MOTORISTA NÃO CARREGOU
137148;Reentrega;FORA DE HORÁRIO
137151;Reentrega;FORA DE HORÁRIO
70797;Devolução;SEM PEDIDO
92326;Reentrega;PRECISA IR A BONIFICAÇÃO JUNTO
92326;Reentrega;MOTORISTA NÃO CARREGOU. REENTREGAR
92326;Reentrega;PEDIDO EM DUPLICIDADE
92326;Devolução;PEDIDO EM DUPLICIDADE
170885;Reentrega;FORA DE HORÁRIO
170884;Reentrega;FORA DE HORÁRIO
96728;Reentrega;VEÍCULO QUEBROU, NÃO CONSEGUIU CONCLUIR AS ENTREGAS
109090;Reentrega;FORA DE HORÁRIO
109100;Reentrega;FORA DE HORÁRIO
130507;Reentrega;FORA DE HORÁRIO
130511;Reentrega;FORA DE HORÁRIO
98340;Reentrega;ENTREGA FORA DE HORÁRIO
134573;Reentrega;CLIENTE NÃO RECEBE DIA DE SEGUNDA FEIRA
134574;Reentrega;CLIENTE NÃO RECEBE DIA DE SEGUNDA FEIRA
187644;Cancelado;SINISTRO COM VEICULO
187647;Cancelado;SINISTRO COM VEICULO
188589;Reentrega;NÃO CARREGOU
188590;Reentrega;NÃO CARREGOU
188589;Devolução;DIVERGENCIA DE PEDIDO
188590;Devolução;DIVERGENCIA DE PEDIDO
72598;Reentrega;CLIENTE ALEGOU "ACORDO DE TROCAS PENDENTES" / PASSAMOS PARA O COMERCIAL E, A REENTREGA FOI SOLICITADA!
108342;Reentrega;FORA DE HORÁRIO
147875;Reentrega;FORA DE HORÁRIO
93699;Reentrega;FALTA DE MERCADORIA
93700;Reentrega;FALTA DE MERCADORIA
101405;Reentrega;FALTA DE MERCADORIA
93699;Devolução;SEM PEDIDO
93700;Devolução;SEM PEDIDO
101405;Devolução;SEM PEDIDO
131229;Reentrega;NÃO COUBE NO VEICULO DO MOTORISTA
131228;Reentrega;NÃO COUBE NO VEICULO DO MOTORISTA
174857;Reentrega;FORA DE HORÁRIO
174855;Reentrega;FORA DE HORÁRIO
183703;Devolução;SEM PEDIDO
107758;Reentrega;ENTREGA FORA DE HORÁRIO
65880;Reentrega;Tem que ser carro menor nessa entrega
159356;Reentrega;ENTREGA FORA DE HORÁRIO
101152;Devolução;SEM PEDIDO
126239;Devolução;SEM PEDIDO
9885;Devolução;SEM BONIFICAÇÃO
9886;Devolução;SEM BONIFICAÇÃO
10823;Devolução;SEM BONIFICAÇÃO
67473;Reentrega;FORA DE HORÁRIO
33152;Reentrega;LOJA NÃO TINHA SIDO INAUGURADA AINDA
33152;Reentrega;MERCADORIA SAIU ERRADA DA EMPRESA. PRECISOU RETORNAR PARA ARRUMAR
33152;Devolução;ENDEREÇO NÃO BATE COM A NF. CLIENTE NÃO LOCALIZADO.  COMERCIAL PEDIU PARA SEGUIR COM A RECUSA DA NF
144175;Reentrega;FORA DE HORÁRIO
68011;Reentrega;CLIENTE NÃO RECEBEU PORQUE A BONIFICAÇÃO NÃO FOI JUNTO COM A ENTREGA
110932;Reentrega;FORA DE HORÁRIO
110933;Reentrega;FORA DE HORÁRIO
181721;Devolução;DIVERGENCIA DE PEDIDO
116179;Reentrega;FORA DE HORÁRIO
142074;Reentrega;FORA DE HORÁRIO
97777;Reentrega;FORA DE HORÁRIO
105537;Reentrega;ENTREGA FORA DE HORÁRIO
124981;Reentrega;FORA DE HORÁRIO
124982;Reentrega;FORA DE HORÁRIO
126784;Reentrega;FORA DE HORÁRIO
126783;Reentrega;FORA DE HORÁRIO
124982;Devolução;SEM PEDIDO
6857;Reentrega;PRODUTO INVERTIDO
136404;Reentrega;FORA DE HORÁRIO
136404;Devolução;ATRAZO NA ENTREGA
186984;Devolução;SEM PEDIDO
81361;Devolução;SEM PEDIDO
81362;Devolução;SEM PEDIDO
83748;Devolução;SEM PEDIDO
51596;Reentrega;ARRUMAR CARGA QUE FOI INVERTIDA
51595;Reentrega;ARRUMAR CARGA QUE FOI INVERTIDA
54136;Reentrega;ARRUMAR CARGA QUE FOI INVERTIDA
51596;Reentrega;MERCADORIA INVERTIDA / JÁ SOLICITADO A CORREÇÃO DA CARGA
51595;Reentrega;MERCADORIA INVERTIDA / JÁ SOLICITADO A CORREÇÃO DA CARGA
54136;Reentrega;MERCADORIA INVERTIDA / JÁ SOLICITADO A CORREÇÃO DA CARGA
51596;Devolução;INVERSÃO DE PRODUTOS NO ATO DA ENTREGA / PEDIDO EXPIRADO
51595;Devolução;INVERSÃO DE PRODUTOS NO ATO DA ENTREGA / PEDIDO EXPIRADO
54136;Devolução;INVERSÃO DE PRODUTOS NO ATO DA ENTREGA / PEDIDO EXPIRADO
81417;Reentrega;FORA DE HORÁRIO
81417;Devolução;PEDIDO EM DUPLICIDADE
81488;Devolução;SEM PEDIDO
98218;Devolução;DIVERGENCIA DE PEDIDO
133065;Devolução;PEDIDO EM DUPLICIDADE
153711;Reentrega;FORA DE HORÁRIO
153711;Reentrega;FORA DE HORÁRIO
153711;Devolução;PEDIDO EXPIRADO
11841;Devolução;SEM PEDIDO
88576;Reentrega;CARRO QUEBROU
122086;Devolução;SEM PEDIDO
158331;Devolução;PEDIDO EM DUPLICIDADE
161703;Reentrega;FORA DE HORÁRIO
5433;Reentrega;FORA DE HORÁRIO
33894;Reentrega;FORA DE HORÁRIO
111294;Reentrega;CARRO QUEBROU
111367;Reentrega;FORA DE HORÁRIO
111368;Reentrega;FORA DE HORÁRIO
11721;Reentrega;FORA DE HORÁRIO
11722;Reentrega;FORA DE HORÁRIO
117330;Reentrega;FORA DE HORÁRIO
117330;Reentrega;FORA DE HORÁRIO
15352;Reentrega;FORA DE HORÁRIO
121789;Devolução;MOTIVO CLIENTE RECUSANDO NF ALEGANDO "COCO FLOCOS UMIDO ADOCADO DA TERRINHA 100 G CX 24 ESTÁ SEM CADASTRO
121788;Reentrega;VENDEDOR SOLICITOU REENTREGA PORQUE O CLIENTE RECUSANDO NF ALEGANDO "COCO FLOCOS UMIDO ADOCADO DA TERRINHA 100 G CX 24 ESTÁ SEM CADASTRO
122902;Reentrega;SUBSTITUIÇÃO DA NF 121789
99609;Reentrega;ENTREGA FORA DE HORÁRIO
165030;Reentrega;DIVERGENCIA ENDEREÇO
117538;Reentrega;FORA DE HORÁRIO
76031;Reentrega;FORA DE HORÁRIO
107510;Devolução;SEM PEDIDO
157716;Reentrega;FORA DE HORÁRIO
157717;Reentrega;FORA DE HORÁRIO
18364;Reentrega;FALTA DE MERCADORIA
18364;Cancelado;FALTA DE MERCADORIA
167540;Reentrega;FORA DE HORÁRIO
167539;Reentrega;FORA DE HORÁRIO
167538;Reentrega;FORA DE HORÁRIO
120044;Reentrega;FORA DE HORÁRIO
27670;Devolução;DIVERGENCIA DE PEDIDO
27674;Devolução;DIVERGENCIA DE PEDIDO
28631;Devolução;DIVERGENCIA DE PEDIDO
147155;Reentrega;FORA DE HORÁRIO
147156;Reentrega;FORA DE HORÁRIO
89400;Devolução;SEM PEDIDO
89399;Devolução;SEM PEDIDO
90497;Devolução;SEM PEDIDO
44258;Reentrega;CARRO QUEBROU
64137;Devolução;PRODUTO NÃO CADASTRADO
64780;Devolução;PRODUTO NÃO CADASTRADO
130508;Reentrega;FORA DE HORÁRIO
130509;Reentrega;FORA DE HORÁRIO
147086;Cancelado;FALTA DE MERCADORIA
183133;Reentrega;FORA DE HORÁRIO
183132;Reentrega;FORA DE HORÁRIO
90870;Reentrega;CLIENTE NÃO RECEBE ÀS QUINTAS-FEIRAS
93852;Reentrega;FORA DE HORÁRIO
93856;Reentrega;FORA DE HORÁRIO
93855;Reentrega;FORA DE HORÁRIO
10781;Cancelado;PEDIDO RECUSADO PELO CLIENTE
122289;Reentrega;FORA DE HORÁRIO
177523;Devolução;PEDIDO EXPIRADO
177524;Devolução;PEDIDO EXPIRADO
184193;Devolução;PEDIDO EXPIRADO
5680;Devolução;SEM BONIFICAÇÃO
90387;Reentrega;FORA DE ROTA
90388;Reentrega;FORA DE ROTA
111986;Reentrega;FICOU PRESO MAGNANIMO - LJ 09
111985;Reentrega;FICOU PRESO MAGNANIMO - LJ 09
139614;Reentrega;FORA DE HORÁRIO
139615;Reentrega;FORA DE HORÁRIO
21402;Reentrega;ENTREGA FORA DE HORÁRIO
21401;Reentrega;ENTREGA FORA DE HORÁRIO
50393;Reentrega;FORA DE HORÁRIO
50394;Reentrega;FORA DE HORÁRIO
50389;Reentrega;FORA DE HORÁRIO
50397;Reentrega;FORA DE HORÁRIO
67416;Reentrega;FORA DE HORÁRIO
67415;Reentrega;FORA DE HORÁRIO
122194;Reentrega;FORA DE HORÁRIO
75899;Reentrega;MERCADORIA UMIDA
75897;Reentrega;MERCADORIA UMIDA
77091;Reentrega;MERCADORIA UMIDA
75899;Devolução;SEM PEDIDO
75897;Devolução;SEM PEDIDO
77091;Devolução;SEM PEDIDO
114825;Reentrega;LOJA FECHADA
61164;Reentrega;ESTABELEICMENTO FECHADO - CLIENTE TRABALHA DE TERÇA A DOMINGO
98188;Reentrega;ESTABELECIMENTO FECHADO. REENTREGAR
104642;Reentrega;CLIENTE NÃO RECEBE DE SEGUNDA-FEIRA
109129;Reentrega;FORA DE HORÁRIO
109136;Reentrega;FORA DE HORÁRIO
7922;Reentrega;FORA DE HORÁRIO
10017;Devolução;PEDIDO EM DUPLICIDADE
85654;Devolução;CLIENTE ENCERROU OPERAÇÃO
23703;Devolução;CNPJ ERRADO. VENDEDOR VAI TIRAR NOVO PEDIDO
156806;Devolução;SEM BONIFICAÇÃO
44402;Reentrega;CLIENTE NÃO QUIS ACEITAR, POR NÃO TER IDO BONIFICAÇÃO. MAIS VENDEDOR PEDIU PRA REENTREGAR.
116177;Reentrega;FORA DE HORÁRIO
116180;Reentrega;FORA DE HORÁRIO
61301;Cancelado;SINISTRO
40078;Devolução;ESTOQUE CHEIO / SEGUIR COM RECUSA
145167;Devolução;PEDIDO EXPIRADO
170096;Devolução;PEDIDO RECUSADO PELO CLIENTE
5502;Reentrega;FORA DE HORÁRIO
5502;Reentrega;COMERCIAL SOLICITOU REENTREGA
5502;Devolução;DESACORDO COM O PEDIDO
40939;Devolução;DIVERGENCIA DE PEDIDO
33192;Reentrega;FORA DE HORÁRIO
33192;Reentrega;MERCADORIA SAIU ERRADA DA EMPRESA. PRECISOU RETORNAR PARA ARRUMAR
86503;Reentrega;ENTREGA FORA DE HORÁRIO
144380;Reentrega;QUALIDADE RECUSADA - ESTUFADA
37066;Reentrega;FORA DE HORÁRIO
37067;Reentrega;FORA DE HORÁRIO
95319;Reentrega;DIVERGENCIA ENDEREÇO
47352;Devolução;CNPJ INCORRETO
176936;Devolução;Transportadora não carregou, seguir com a Recusa.
491;Devolução;PEDIDO RECUSADO PELO CLIENTE
127399;Reentrega;FORA DE HORÁRIO
40199;Devolução;DIVERGENCIA DE PEDIDO
19372;Devolução;DIVERGENCIA DE CADASTRO
19384;Devolução;DIVERGENCIA DE PEDIDO
20195;Devolução;DIVERGENCIA DE PEDIDO
20505;Devolução;DIVERGENCIA DE PEDIDO
48166;Reentrega;FORA DE HORÁRIO
48164;Reentrega;FORA DE HORÁRIO
50057;Reentrega;ENTREGA FORA DE HORÁRIO
50058;Reentrega;ENTREGA FORA DE HORÁRIO
176232;Reentrega;FALTA DE MERCADORIA
176233;Reentrega;FALTA DE MERCADORIA
103172;Devolução;SEM PEDIDO
155331;Reentrega;FORA DE HORÁRIO
155331;Reentrega;FORA DE HORÁRIO
111572;Reentrega;FORA DE HORÁRIO
111571;Reentrega;FORA DE HORÁRIO
90299;Reentrega;FORA DE HORÁRIO
137093;Reentrega;NF TROCADA
42510;Devolução;PEDIDO EM DUPLICIDADE
43570;Devolução;PEDIDO EM DESACORDO COM O PEDIDO
43569;Devolução;PEDIDO EM DESACORDO COM O PEDIDO
44401;Devolução;PEDIDO EM DESACORDO COM O PEDIDO
44259;Reentrega;CARRO QUEBROU
44261;Reentrega;CARRO QUEBROU
93851;Reentrega;FORA DE HORÁRIO
93845;Reentrega;FORA DE HORÁRIO
93857;Reentrega;FORA DE HORÁRIO
181361;Cancelado;DIVERGENCIA DE PEDIDO
97903;Devolução;DIVERGENCIA DE PEDIDO
122015;Reentrega;FORA DE HORÁRIO
122016;Reentrega;FORA DE HORÁRIO
122015;Reentrega;NÃO CARREGADO
122016;Reentrega;NÃO CARREGADO
36026;Reentrega;NF FISCAL NÃO SEGUIU COM MOTORISTA. FOI ENVIADA PARA O MESMO NO WHATSSE CLIENTE NÃO QUIS FAZER IMPRESSÃO ( MOTORISTA STENIO FILHO )
2986;Reentrega;FORA DE HORÁRIO
84748;Reentrega;ENTREGA FORA DE HORÁRIO
84749;Reentrega;ENTREGA FORA DE HORÁRIO
80192;Reentrega;FORA DE HORÁRIO
80192;Devolução;DIVERGENCIA DE CADASTRO
54017;Reentrega;FORA DE HORÁRIO
54016;Reentrega;FORA DE HORÁRIO
54015;Reentrega;FORA DE HORÁRIO
54020;Reentrega;FORA DE HORÁRIO
80193;Reentrega;FORA DE HORÁRIO
10527;Devolução;PEDIDO EM DUPLICIDADE
6999;Reentrega;CLIENTE NÃO PODE RECEBER / PEDIU REENTREGA
6782;Reentrega;FORA DE HORÁRIO
18916;Reentrega;FORA DE HORÁRIO
38739;Reentrega;FORA DE HORÁRIO
46789;Devolução;PEDIDO EM DESACORDO
46844;Devolução;PEDIDO EM DESACORDO
54159;Reentrega;FORA DE HORÁRIO
55544;Reentrega;REENTREGAR. NF NÃO SAIU EM TEMPO. CARGA CONSTA NA EMPRESA
127677;Reentrega;FORA DE HORÁRIO
130503;Reentrega;FORA DE HORÁRIO
127678;Reentrega;FORA DE HORÁRIO
127677;Devolução;PRODUTO NÃO CADASTRADO
130503;Devolução;PRODUTO NÃO CADASTRADO
127678;Devolução;PRODUTO NÃO CADASTRADO
176648;Reentrega;FORA DE HORÁRIO
176647;Reentrega;FORA DE HORÁRIO
6997;Reentrega;CLIENTE NÃO PODE RECEBER / PEDIU REENTREGA
6997;Reentrega;FALTA DE MERCADORIA
62241;Reentrega;FORA DE HORÁRIO
62282;Reentrega;NF DEMOROU PARA SER SUBSTITUIDA / NÃO CONSEGUIMOS ESPERAR MUITO TEMPO NO CLIENTE
173665;Cancelado;DIVERGENCIA DE PEDIDO
174234;Devolução;DIVERGENCIA DE CADASTRO
179173;Reentrega;FORA DE HORÁRIO
179174;Reentrega;FORA DE HORÁRIO
179175;Reentrega;FORA DE HORÁRIO
179173;Reentrega;INVERSÃO DE PRODUTOS
179174;Reentrega;INVERSÃO DE PRODUTOS
179175;Reentrega;INVERSÃO DE PRODUTOS
38843;Reentrega;NÃO CARREGOU
38844;Reentrega;NÃO CARREGOU
108658;Reentrega;FORA DE HORARIO (FICOU PRESO NO CLIENTE DA PRACA - 08)
113477;Reentrega;FORA DE HORÁRIO
113476;Reentrega;FORA DE HORÁRIO
8661;Reentrega;PEDIDO ERRADO
29844;Devolução;PEDIDO ERRADO
85841;Reentrega;FORA DE HORÁRIO
85840;Reentrega;FORA DE HORÁRIO
95590;Reentrega;FORA DE HORÁRIO
181343;Reentrega;FORA DE HORÁRIO
181343;Devolução;INVERSÃO DE PRODUTOS
182894;Devolução;DIVERGENCIA DE PEDIDO
36702;Devolução;SEM PEDIDO
130956;Reentrega;FORA DE HORÁRIO
130957;Reentrega;FORA DE HORÁRIO
142969;Reentrega;FORA DE HORÁRIO
164312;Reentrega;FORA DE HORÁRIO
164313;Reentrega;FORA DE HORÁRIO
150278;Reentrega;FORA DE HORÁRIO
15738;Devolução;SEM PEDIDO
66473;Reentrega;FORA DE HORÁRIO
66474;Reentrega;FORA DE HORÁRIO
191499;Reentrega;FALTA DE MERCADORIA
114585;Reentrega;FORA DE HORÁRIO
16669;Reentrega;ENTREGA FORA DE HORÁRIO
113116;Reentrega;FORA DE HORÁRIO
24440;Cancelado;DIVERGENCIA DE PEDIDO
30270;Cancelado;DIVERGENCIA DE PEDIDO
96087;Reentrega;FORA DE HORÁRIO
112866;Reentrega;FORA DE HORÁRIO
112865;Reentrega;FORA DE HORÁRIO
126785;Reentrega;FORA DE HORÁRIO
156863;Devolução;PEDIDO EM DUPLICIDADE
181505;Reentrega;FORA DE HORÁRIO
181506;Reentrega;FORA DE HORÁRIO
76032;Reentrega;FORA DE HORÁRIO
6042;Reentrega;FORA DE HORÁRIO
6042;Reentrega;FORA DE HORÁRIO
105796;Devolução;DIVERGENCIA DE PEDIDO
105917;Devolução;DIVERGENCIA DE PEDIDO
274756;Cancelado;TROCA DE NOTA
274757;Cancelado;TROCA DE NOTA
279666;Devolução;DIVERGENCIA DE PEDIDO
279665;Reentrega;DEVOLVEU TODAS NOTAS PORQUE UMA ESTAVA COM DESACORDO DO PEDIDO
279664;Reentrega;DEVOLVEU TODAS NOTAS PORQUE UMA ESTAVA COM DESACORDO DO PEDIDO
279820;Devolução;DIVERGENCIA DE PEDIDO
282066;Reentrega;VALOR DE ICMS ERRADO
282067;Reentrega;VALOR DE ICMS ERRADO
64807;Reentrega;SEM AGENDAMENTO
77464;Cancelado;CNPJ INCORRETO
189855;Devolução;INVERSÃO DE PRODUTOS
190142;Devolução;PRODUTO SEM VALIDADE
190143;Devolução;PRODUTO SEM VALIDADE
142273;Reentrega;FORA DE HORÁRIO
114453;Reentrega;FORA DE HORÁRIO
114454;Reentrega;FORA DE HORÁRIO
38628;Cancelado;NÃO FOI CARREGADO
38628;Devolução;INVERSÃO DE PRODUTOS
182083;Devolução;PEDIDO EXPIRADO
34548;Reentrega;CARGA NÃO COUBE NO MOTORISTA
112861;Reentrega;FORA DE HORÁRIO
148117;Reentrega;FORA DE HORÁRIO
52511;Reentrega;ENTREGA FORA DE HORÁRIO
148818;Reentrega;FORA DE HORÁRIO
156872;Devolução;SEM PEDIDO
6445;Reentrega;MOTORISTA NÃO CARREGOU/CARGA NÃO CABIA NO CARRO
6446;Reentrega;MOTORISTA NÃO CARREGOU/CARGA NÃO CABIA NO CARRO
137381;Reentrega;FORA DE HORÁRIO
137377;Reentrega;FORA DE HORÁRIO
137381;Reentrega;CLIENTE SOLICITOU PARA ENTREGAR DEPOIS DO DIA 05/01
137377;Reentrega;CLIENTE SOLICITOU PARA ENTREGAR DEPOIS DO DIA 05/01
165542;Reentrega;FORA DE HORÁRIO
165543;Reentrega;FORA DE HORÁRIO
51886;Reentrega;ENTREGA FORA DE HORÁRIO
114576;Cancelado;CNPJ INCORRETO
114882;Reentrega;SEM AJUDANTE
129512;Reentrega;CARRO TINHA SIDO ROUBADO MAIS A POLICIA RECUPEROU
131521;Reentrega;FORA DE HORÁRIO
139299;Reentrega;SEM AGENDAMENTO
154847;Reentrega;FORA DE HORÁRIO
167107;Reentrega;LOJA SEM ESPAÇO
167107;Reentrega;QUALIDADE RECUSADA - ÚMIDA
173204;Reentrega;FORA DE HORÁRIO
173204;Reentrega;EXCESSO DE VEICULOS NO CLIENTE
173204;Reentrega;QUALIDADE RECUSADA - ESTUFADA
173204;Devolução;QUALIDADE RECUSADA - ÚMIDA
181451;Cancelado;RECUSA, CARGA ÚMIDA.
12145;Reentrega;SEM AGENDAMENTO
21610;Reentrega;SEM AGENDAMENTO
21609;Reentrega;SEM AGENDAMENTO
39229;Reentrega;SEM AGENDAMENTO
135715;Devolução;SEM PEDIDO
149663;Reentrega;FORA DE HORÁRIO
149662;Reentrega;FORA DE HORÁRIO
149659;Reentrega;FORA DE HORÁRIO
155970;Reentrega;FORA DE HORÁRIO
155972;Reentrega;FORA DE HORÁRIO
181386;Reentrega;FORA DE HORÁRIO
181385;Reentrega;FORA DE HORÁRIO
5779;Reentrega;FALTA DE MERCADORIA
5781;Reentrega;FALTA DE MERCADORIA
142413;Reentrega;FORA DE HORÁRIO
142411;Reentrega;FORA DE HORÁRIO
142413;Reentrega;FORA DE HORÁRIO
143188;Reentrega;FORA DE HORÁRIO
143189;Reentrega;FORA DE HORÁRIO
129089;Cancelado;DIVERGENCIA DE PEDIDO
38014;Devolução;SEM PEDIDO
38840;Devolução;SEM PEDIDO
38013;Devolução;SEM PEDIDO
38839;Devolução;SEM PEDIDO
38015;Devolução;SEM PEDIDO
62305;Reentrega;CARGA NÃO SUBIU NO CARRO DO MOTORISTA
92913;Reentrega;FORA DO DIA DE RECEBIMENTO
92914;Reentrega;FORA DO DIA DE RECEBIMENTO
105517;Reentrega;CLIENTE NÃO RECEBE DIA DE SEXTA
105515;Reentrega;CLIENTE NÃO RECEBE DIA DE SEXTA
113184;Reentrega;CLIENTE NÃO RECEBE DIA DE SEXTA FEIRA
127695;Reentrega;MOTORISTA NÃO CARREGOU
127694;Reentrega;MOTORISTA NÃO CARREGOU
39090;Devolução;Não coletou
39089;Devolução;Não coletou
39091;Devolução;Não coletou
134409;Devolução;PEDIDO CANCELADO
134410;Devolução;PEDIDO CANCELADO
140413;Devolução;PEDIDO CANCELADO
134416;Devolução;PEDIDO CANCELADO
140394;Devolução;PEDIDO CANCELADO
160760;Reentrega;FALTA DE MERCADORIA
160760;Reentrega;FORA DE HORÁRIO
124251;Reentrega;FALTA DE MERCADORIA
144733;Reentrega;FORA DE HORÁRIO
63071;Reentrega;cliente de férias
131037;Devolução;PEDIDO EM DUPLICIDADE
131071;Cancelado;PEDIDO EM DUPLICIDADE
136090;Reentrega;FORA DO DIA DE RECEBIMENTO
136090;Reentrega;MOTORISTA NÃO CARREGOU
136090;Reentrega;FALTA DE MERCADORIA
136090;Reentrega;FORA DE HORÁRIO
109081;Reentrega;CARRO QUEBROU
112271;Reentrega;CARRO QUEBROU
109081;Reentrega;ENTREGA FORA DE HORÁRIO
112271;Reentrega;ENTREGA FORA DE HORÁRIO
109081;Devolução;SEM PEDIDO
112271;Devolução;SEM PEDIDO
147131;Cancelado;DIVERGENCIA DE PREÇO
147556;Cancelado;DIVERGENCIA DE PREÇO
188417;Cancelado;DIVERGENCIA DE PREÇO
188586;Cancelado;DIVERGENCIA DE PREÇO
108229;Devolução;PEDIDO EXPIRADO
114079;Devolução;PEDIDO EXPIRADO
114337;Reentrega;PEDIDO EXPIRADO
114337;Reentrega;NÃO FOI CARREGADO NO MOTORISTA
108228;Devolução;PEDIDO EXPIRADO
114083;Devolução;PEDIDO EXPIRADO
114335;Reentrega;PEDIDO EXPIRADO
114335;Reentrega;NÃO FOI CARREGADO NO MOTORISTA
114335;Reentrega;EXCESSO DE VEICULOS NO CLIENTE
111874;Reentrega;FICOU PRESO NAGUMO - LJ 28
114348;Reentrega;FICOU PRESO NAGUMO - LJ 28
111874;Devolução;PEDIDO EM DUPLICIDADE
114348;Devolução;PEDIDO EM DUPLICIDADE
111875;Reentrega;FICOU PRESO NAGUMO - LJ 28
114347;Reentrega;FICOU PRESO NAGUMO - LJ 28
111875;Devolução;PEDIDO EM DUPLICIDADE
114347;Devolução;PEDIDO EM DUPLICIDADE
108227;Devolução;PEDIDO EXPIRADO
114086;Devolução;PEDIDO EXPIRADO
114336;Reentrega;PEDIDO EXPIRADO
114336;Reentrega;NÃO FOI CARREGADO NO MOTORISTA
108231;Devolução;PEDIDO EXPIRADO
114078;Devolução;PEDIDO EXPIRADO
114334;Reentrega;PEDIDO EXPIRADO
108806;Devolução;CLIENTE NÃO TRABALHA COM ESSE DISPLAY
111011;Devolução;CLIENTE NÃO TRABALHA COM ESSE DISPLAY
179859;Reentrega;FORA DE HORÁRIO
179858;Reentrega;FORA DE HORÁRIO
179859;Reentrega;FORA DE HORÁRIO
179858;Reentrega;FORA DE HORÁRIO
179859;Devolução;LOJA FECHADA
179858;Devolução;LOJA FECHADA
82804;Reentrega;QUALIDADE RECUSADA - ÚMIDA
136262;Devolução;DIVERGENCIA DE PEDIDO
181504;Reentrega;FORA DE HORÁRIO
15499;Reentrega;FORA DE HORÁRIO
136655;Devolução;DIVERGENCIA DE PRECO
191157;Devolução;DIVERGENCIA DE PEDIDO
191156;Devolução;DIVERGENCIA DE PEDIDO
7591;Reentrega;FALTA DE MERCADORIA
7592;Reentrega;FALTA DE MERCADORIA
171185;Devolução;DIVERGENCIA DE PEDIDO
171176;Devolução;DIVERGENCIA DE PEDIDO
171168;Devolução;DIVERGENCIA DE PEDIDO
171174;Devolução;DIVERGENCIA DE PEDIDO
174543;Reentrega;FORA DE HORÁRIO
174542;Reentrega;FORA DE HORÁRIO
180774;Devolução;DIVERGENCIA DE PEDIDO
184228;Devolução;DIVERGENCIA DE PEDIDO
7600;Reentrega;FALTA DE MERCADORIA
7599;Reentrega;FALTA DE MERCADORIA
7598;Reentrega;FALTA DE MERCADORIA
7597;Reentrega;FALTA DE MERCADORIA
100558;Devolução;DIVERGENCIA DE PEDIDO
100569;Devolução;DIVERGENCIA DE PEDIDO
103207;Devolução;DIVERGENCIA DE PEDIDO
183179;Reentrega;FORA DE HORÁRIO
184219;Devolução;DIVERGENCIA DE PEDIDO
184227;Devolução;DIVERGENCIA DE PEDIDO
152852;Reentrega;FORA DE HORÁRIO
23747;Devolução;DIVERGENCIA DE PEDIDO
23892;Reentrega;FORA DE HORÁRIO
72998;Reentrega;CLIENTE ALEGOU SEM PEDIDO / COMERCIAL INTERVIU E SOLICITOU REENTREGA
72998;Reentrega;MERCADORIA NÃO SUBIU NO VEICULO DA JG ALVES
78705;Reentrega;FORA DE HORÁRIO
96235;Reentrega;FORA DE HORÁRIO
96238;Reentrega;FORA DE HORÁRIO
133086;Reentrega;SEM PEDIDO - (VENDEDOR SOLICITOU REENTREGA)
182814;Devolução;DIVERGENCIA DE PEDIDO
6018;Reentrega;FORA DE HORÁRIO
59588;Devolução;SEM PEDIDO
62381;Reentrega;ENTREGA FORA DE HORÁRIO
172875;Devolução;SEM PEDIDO
10775;Cancelado;PEDIDO RECUSADO PELO CLIENTE
34569;Reentrega;CLIENTE NÃO RECEBE DE SEGUNDA-FEIRA
34570;Reentrega;CLIENTE NÃO RECEBE DE SEGUNDA-FEIRA
34571;Reentrega;CLIENTE NÃO RECEBE DE SEGUNDA-FEIRA
52242;Reentrega;FORA DE HORÁRIO
55070;Reentrega;FORA DE HORÁRIO
52238;Reentrega;FORA DE HORÁRIO
52242;Devolução;PEDIDO EXPIRADO
55070;Devolução;PEDIDO EXPIRADO
52238;Devolução;PEDIDO EXPIRADO
81195;Reentrega;FORA DE HORÁRIO
81194;Reentrega;FORA DE HORÁRIO
83361;Devolução;PEDIDO EM DUPLICIDADE
88426;Devolução;CLIENTE RECUSOU. PEDIDO ATRASADO
108281;Reentrega;FORA DE HORÁRIO
108286;Reentrega;FORA DE HORÁRIO
151361;Reentrega;FORA DE HORÁRIO
157796;Reentrega;FORA DE HORÁRIO
151358;Reentrega;FORA DE HORÁRIO
39219;Reentrega;FORA DE HORÁRIO
151361;Reentrega;FORA DE HORÁRIO
157796;Reentrega;FORA DE HORÁRIO
151358;Reentrega;FORA DE HORÁRIO
39219;Reentrega;FORA DE HORÁRIO
151361;Devolução;PEDIDO EXPIRADO
157796;Devolução;PEDIDO EXPIRADO
151358;Devolução;PEDIDO EXPIRADO
39219;Devolução;PEDIDO EXPIRADO
177105;Devolução;PEDIDO EM ATRASO
80253;Devolução;CLIENTE RECUSOU. EM DESACORDO COMERCIAL
80252;Devolução;CLIENTE RECUSOU. EM DESACORDO COMERCIAL
80766;Devolução;CLIENTE RECUSOU. EM DESACORDO COMERCIAL
175660;Devolução;PEDIDO EXPIRADO
175661;Devolução;PEDIDO EXPIRADO
181569;Devolução;PEDIDO EXPIRADO
172848;Devolução;DIVERGENCIA DE PEDIDO
172847;Devolução;DIVERGENCIA DE PEDIDO
178652;Devolução;DIVERGENCIA DE PEDIDO
3096;Reentrega;LOJA EM BALANÇO
138080;Devolução;PEDIDO EM ATRASO
3095;Reentrega;LOJA EM BALANÇO
138081;Devolução;PEDIDO EM ATRASO
138079;Devolução;PEDIDO EM ATRASO
7003;Reentrega;PRODUTO FAROFA FOI DIFERENTE DA NF
103574;Reentrega;MERCADORIA FALTANDO. REPARAR A CARGA E SEGUIR NA REENTREGA
107557;Reentrega;FALTOU UM FARDO DE TAPIOCA 1KG. CLIENTE NÃO FAZ PARCIAL. REPARAR A CARGA E SEGUIR COM A REENTREGA
5344;Reentrega;FORA DE HORÁRIO
5344;Reentrega;FORA DE HORÁRIO
167101;Reentrega;SEM BONIFICAÇÃO
167103;Reentrega;SEM BONIFICAÇÃO
160610;Reentrega;CARRO QUEBROU
160611;Reentrega;CARRO QUEBROU
13250;Cancelado;SEM PEDIDO
11020;Reentrega;LOJA FECHADA
179235;Reentrega;FORA DE HORÁRIO
179235;Devolução;DIVERGENCIA DE PEDIDO
13254;Reentrega;DIVERGENCIA DE PEDIDO
82118;Reentrega;VEICULO QUEBRADO ISSO IMPOSSIBILITOU CONTINUAR AS DEMAIS ENTREGAS
82119;Reentrega;VEICULO QUEBRADO ISSO IMPOSSIBILITOU CONTINUAR AS DEMAIS ENTREGAS
82120;Reentrega;VEICULO QUEBRADO ISSO IMPOSSIBILITOU CONTINUAR AS DEMAIS ENTREGAS
82121;Reentrega;VEICULO QUEBRADO ISSO IMPOSSIBILITOU CONTINUAR AS DEMAIS ENTREGAS
173079;Devolução;PEDIDO RECUSADO PELO CLIENTE
178658;Devolução;PEDIDO RECUSADO PELO CLIENTE
173078;Devolução;PEDIDO RECUSADO PELO CLIENTE
67517;Reentrega;MERCADORIA COM AVARIAS / TROCAR CARGA E REENTREGAR
156593;Reentrega;CARRO QUEBROU
156596;Reentrega;CARRO QUEBROU
88203;Reentrega;ENTREGA FORA DE HORÁRIO
88203;Devolução;CLIENTE COMPROU DE OUTRO FORNECEDOR. SEM PEDIDO
112001;Devolução;DIVERGENCIA DE PEDIDO
7873;Reentrega;FORA DE HORÁRIO
190434;Reentrega;FORA DE HORÁRIO
5836;Reentrega;NÃO CARREGADO
5837;Reentrega;NÃO CARREGADO
59941;Devolução;NF COM PROBLEMA FISCAL / FOI GERADO UM NOVO PEDIDO
77429;Devolução;FATURADA SEM REGIME ESPECIAL
168239;Devolução;PRODUTO NÃO CADASTRADO
173974;Cancelado;DIVERGENCIA DE PEDIDO
174182;Devolução;PRODUTO NÃO CADASTRADO
141054;Reentrega;SEM PEDIDO
141054;Devolução;SEM PEDIDO
93944;Reentrega;ENTREGA FORA DE HORÁRIO
180330;Devolução;DIVERGENCIA DE PEDIDO
180515;Devolução;DIVERGENCIA DE PEDIDO
65525;Reentrega;MERCADORIAS AMARELADAS
65524;Reentrega;MERCADORIAS AMARELADAS
45741;Reentrega;ARRUMAR A CARGA. FOI VOLUME ERRADO, FOI COCO UMIDO ADOÇADO, CORRETO SERIA COCO EM FLOCOS
45741;Devolução;PEDIDO EM DESACORDO
51478;Reentrega;CLIENTE SOLICITOU REENTREGA Á PARTI DO DIA 01/11
51481;Reentrega;CLIENTE SOLICITOU REENTREGA Á PARTI DO DIA 01/11
51480;Reentrega;CLIENTE SOLICITOU REENTREGA Á PARTI DO DIA 01/11
103331;Reentrega;CLIENTE VAI RECEBER A PARTIR DO DIA 01/08
103332;Reentrega;CLIENTE VAI RECEBER A PARTIR DO DIA 01/08
34558;Reentrega;FORA DE HORÁRIO. (CLIENTE RECEBE ATÉ AS 14HRS)
34559;Reentrega;FORA DE HORÁRIO. (CLIENTE RECEBE ATÉ AS 14HRS)
34560;Reentrega;FORA DE HORÁRIO. (CLIENTE RECEBE ATÉ AS 14HRS)
39592;Reentrega;A OUTRA NF DESSA VIAGEM ( MESMO CLIENTE ) NF TEVE SUBSTITUIÇÃO E NÃO SAIU A NOVA NOTA A TEMPO PARA RECEBEREM
39829;Reentrega;NF SUBSTITUTA - NF ESTAVA COM PROBLEMA DE PREÇO DE PREÇO. REENTREGA
47230;Devolução;PRODUTO SEM CADASTRO
48019;Devolução;PRODUTO SEM CADASTRO
53875;Devolução;PEDIDO DIGITADO ERRADO
58739;Reentrega;FICOU PRESO NO ESPERANCA - 05
58737;Reentrega;FICOU PRESO NO ESPERANCA - 05
58739;Reentrega;FORA DE HORÁRIO
58737;Reentrega;FORA DE HORÁRIO
97526;Reentrega;FORA DE HORÁRIO
97525;Reentrega;FORA DE HORÁRIO
97526;Reentrega;FICOU PRESO ATACADAO SUZANO - LJ 732
97525;Reentrega;FICOU PRESO ATACADAO SUZANO - LJ 732
183705;Cancelado;PRODUTO NÃO CADASTRADO
183882;Devolução;PRODUTO NÃO CADASTRADO
34655;Cancelado;SEM PEDIDO
96687;Cancelado;CNPJ INCORRETO
106434;Devolução;PEDIDO EM DUPLICIDADE
138393;Reentrega;ENTREGA FORA DE HORÁRIO
142064;Reentrega;ENTREGA FORA DE HORÁRIO
138392;Reentrega;ENTREGA FORA DE HORÁRIO
138393;Devolução;PEDIDO EM DUPLICIDADE
142064;Devolução;PEDIDO EM DUPLICIDADE
138392;Devolução;PEDIDO EM DUPLICIDADE
148911;Reentrega;FORA DE HORÁRIO
176205;Reentrega;FALTA DE MERCADORIA
176234;Reentrega;FALTA DE MERCADORIA
89697;Devolução;NÃO FOI FEITO PEDIDO
101650;Reentrega;ENTREGA FORA DE HORÁRIO
73420;Reentrega;CARGA PRECISA SER PALETIZADA SE NÃO CLIENTE NÃO ACEITA. REENTREGAR.
78083;Reentrega;cliente sem energia
81010;Reentrega;QUALIDADE RECUSADA - ÚMIDA
81010;Reentrega;QUALIDADE RECUSADA - ÚMIDA
81010;Devolução;PEDIDO CANCELADO
87922;Devolução;PEDIDO SERA DESMEMBRADO
88654;Devolução;PEDIDO CANCELADO
152492;Cancelado;QUALIDADE RECUSADA - AMARELADA
182396;Reentrega;QUALIDADE VALIDAR PRODUTO ANTES DO ENVIO
182397;Reentrega;QUALIDADE VALIDAR PRODUTO ANTES DO ENVIO
106065;Reentrega;FORA DE HORÁRIO
106063;Reentrega;FORA DE HORÁRIO
105563;Reentrega;LOJA SEM ESPAÇO
109531;Reentrega;LOJA SEM ESPAÇO
105563;Devolução;LOJA SEM ESPAÇO
109531;Devolução;LOJA SEM ESPAÇO
106064;Reentrega;FORA DE HORÁRIO
106066;Reentrega;FORA DE HORÁRIO
82163;Reentrega;FORA DE HORÁRIO
20560;Devolução;DIVERGENCIA DE PEDIDO
92607;Reentrega;FORA DE HORÁRIO
16600;Reentrega;CLIENTE SÓ RECEBE DE SEGUNDA E QUARTA
18461;Reentrega;FORA DE HORÁRIO
88696;Reentrega;FORA DE HORÁRIO
164562;Reentrega;FORA DE HORÁRIO
94796;Cancelado;PEDIDO RECUSADO PELO CLIENTE
20561;Devolução;DIVERGENCIA DE PEDIDO
23612;Reentrega;FORA DE HORÁRIO
101132;Reentrega;ENTREGA FORA DE HORÁRIO
101133;Reentrega;ENTREGA FORA DE HORÁRIO
101132;Reentrega;ENTREGA FORA DE HORÁRIO
101133;Reentrega;ENTREGA FORA DE HORÁRIO
82096;Devolução;Devolvida era pra ser entregue na outra unidade deles no parque novo mundos. cliente recusou o pedido.
17483;Reentrega;FALTA DE MERCADORIA
175790;Reentrega;FORA DE HORÁRIO
175789;Reentrega;FORA DE HORÁRIO
136665;Reentrega;FORA DE HORÁRIO
136666;Reentrega;FORA DE HORÁRIO
145435;Reentrega;FORA DE HORÁRIO
145434;Reentrega;FORA DE HORÁRIO
3199;Reentrega;SEM AGENDAMENTO
11370;Reentrega;COMERCIAL SOLICITOU REENTREGA
11371;Reentrega;COMERCIAL SOLICITOU REENTREGA
19961;Reentrega;ENTREGA FORA DE HORÁRIO
19960;Reentrega;ENTREGA FORA DE HORÁRIO
23054;Devolução;SEM PEDIDO
23887;Devolução;SEM PEDIDO
46488;Reentrega;ENTREGA FORA DE HORÁRIO
70047;Cancelado;Nota é uma substituição da nota 68970, porem será substituída por outra porque o valor nao esta igual a antiga.
92108;Cancelado;PEDIDO CANCELADO
92107;Cancelado;PEDIDO CANCELADO
94076;Devolução;SEM PEDIDO
163573;Devolução;DIVERGENCIA DE PEDIDO
163571;Devolução;DIVERGENCIA DE PEDIDO
163572;Devolução;DIVERGENCIA DE PEDIDO
128555;Devolução;SEM PEDIDO
110251;Reentrega;ENTREGA FORA DE HORÁRIO
147770;Devolução;DIVERGENCIA DE PRODUTO
147771;Devolução;DIVERGENCIA DE PRODUTO
153374;Devolução;DIVERGENCIA DE PRODUTO
11949;Devolução;SEM PEDIDO
190682;Devolução;QUALIDADE RECUSADA - AMARELADA
190683;Devolução;QUALIDADE RECUSADA - AMARELADA
190680;Devolução;QUALIDADE RECUSADA - AMARELADA
30793;Reentrega;FORA DE HORÁRIO
16673;Reentrega;ENTREGA FORA DE HORÁRIO
43918;Reentrega;ENTREGA FORA DE HORÁRIO
53389;Reentrega;FORA DE HORÁRIO
59462;Devolução;MERCADORIA EM DESACORDO COM O PEDIDO
76631;Devolução;DIVERGENCIA DE PREÇO
189504;Devolução;SEM PEDIDO
69835;Reentrega;MOTORISTA FICOU PRESO NO 1° CLIENTE / SEGUIR COM REENTREGA
69063;Reentrega;MOTORISTA FICOU PRESO NO 1° CLIENTE / SEGUIR COM REENTREGA
69835;Reentrega;MERCADORIA COM A EMBALAGEM DANIFICADA / TROCAR MERCADORIA E SEGUIR COM A REENTREGA
16560;Devolução;SEM PEDIDO
5432;Reentrega;FORA DE HORÁRIO
135985;Reentrega;FORA DE HORÁRIO
135986;Reentrega;FORA DE HORÁRIO
122629;Reentrega;MERCADORIA NÃO CARREGADA NO MOTORISTA
21027;Devolução;PEDIDO EXPIRADO
3641;Devolução;PEDIDO RECUSADO PELO CLIENTE
3639;Devolução;PEDIDO RECUSADO PELO CLIENTE
44495;Devolução;PEDIDO RECUSADO PELO CLIENTE
44496;Devolução;PEDIDO RECUSADO PELO CLIENTE
67344;Devolução;NF RECUSADA PELO CONTROLE DE QUALIDADE. SEGUIR COM A RECUSA DA MESMA
67553;Devolução;CLIENTE DEVOLVEU PORQUE A MERCADORIA NAO TEM CADASTRO
74905;Devolução;NF COM DIVERGENCIA DE PREÇO. RECUSAR
75812;Devolução;DIVEGÊNCIA FISCAL / NF NÃO FOI FATURADA EM REGIME ESPECIAL
76954;Devolução;DIVEGÊNCIA FISCAL / NF NÃO FOI FATURADA EM REGIME ESPECIAL
77643;Reentrega;NF FOI SUBSTITUIDA PORQUE A ANTIGA ESTAVA COM "PROBLEMA DE IMPOSTO"
77644;Reentrega;NF FOI SUBSTITUIDA PORQUE A ANTIGA ESTAVA COM "PROBLEMA DE IMPOSTO"
80830;Devolução;QUALIDADE RECUSADA - AMARELADA
84521;Devolução;QUALIDADE RECUSADA - ÚMIDA
82986;Cancelado;DIVERGENCIA DE CADASTRO
83922;Devolução;QUALIDADE RECUSADA - AMARELADA
87328;Cancelado;DIVERGENCIA DE PEDIDO
86080;Reentrega;ERRO DE FATURAMENTO
87304;Reentrega;DIVERGENCIA DE PREÇO
87304;Devolução;PEDIDO CANCELADO
91984;Devolução;DIVERGENCIA DE PREÇO
93313;Cancelado;PROBLEMA DE REGIME ESPECIAL
95971;Cancelado;DIVERGENCIA DE CADASTRO
93409;Devolução;PEDIDO CANCELADO
102352;Devolução;QUALIDADE RECUSADA - AMARELADA
109767;Devolução;SEM PEDIDO
112542;Devolução;QUALIDADE RECUSADA - AMARELADA
121378;Devolução;SEM PEDIDO
129839;Devolução;QUALIDADE RECUSADA - AMARELADA
134283;Devolução;QUALIDADE RECUSADA - ESTUFADA
133071;Devolução;SEM PEDIDO
142665;Devolução;QUALIDADE RECUSADA - AMARELADA
142666;Devolução;QUALIDADE RECUSADA - AMARELADA
148992;Devolução;QUALIDADE RECUSADA - AMARELADA
157769;Devolução;DIVERGENCIA DE PEDIDO
157768;Devolução;DIVERGENCIA DE PEDIDO
171255;Devolução;PEDIDO CANCELADO
112188;Cancelado;SEM TRIBUTAÇÃO FISCAL NA NOTA
112338;Reentrega;SEM TRIBUTAÇÃO FISCAL NA NOTA
112338;Devolução;PEDIDO CANCELADO PELO CLIENTE
164450;Cancelado;PEDIDO EXPIRADO
141331;Reentrega;FORA DE HORÁRIO
87690;Reentrega;LOJA EM BALANÇO
87688;Reentrega;LOJA EM BALANÇO
120704;Reentrega;DEMORA NO RECEBIMENTO
120704;Reentrega;FORA DE HORÁRIO
135534;Reentrega;FORA DE HORÁRIO
135536;Reentrega;FORA DE HORÁRIO
135537;Reentrega;FORA DE HORÁRIO
15038;Reentrega;CLIENTE EM RECESSO / SÓ VAI RECEBER MERCADORIA DIA 06/01
116178;Reentrega;FORA DE HORÁRIO
135930;Reentrega;DEMORA NA ENTREGA
135929;Reentrega;DEMORA NA ENTREGA
139065;Reentrega;DEMORA NA ENTREGA
135930;Devolução;PEDIDO RECUSADO PELO CLIENTE
135929;Devolução;PEDIDO RECUSADO PELO CLIENTE
139065;Devolução;PEDIDO RECUSADO PELO CLIENTE
70662;Reentrega;NÃO COUBE NO VEICULO DO MOTORISTA. REENTREGAR
48171;Reentrega;MERCADO NÃO RECEBE DIA DE SEXTA FEIRA!!
53807;Reentrega;CLIENTE RECEBE DE SEGUNDA À QUINTA SOMENTE,
159179;Reentrega;SEM BONIFICAÇÃO
47857;Devolução;NF DE BONIFICAÇÃO DE ACORDO COM CLIENTE ERA PRA TER SIDO FATURADA COMO SIMPLES REMESSA
48470;Devolução;NF DE BONIFICAÇÃO DE ACORDO COM CLIENTE ERA PRA TER SIDO FATURADA COMO SIMPLES REMESSA
189505;Cancelado;CNPJ INCORRETO
45636;Reentrega;LOJA SEM ESPAÇO
90296;Reentrega;FORA DE HORÁRIO
164919;Devolução;PEDIDO EM DUPLICIDADE
164916;Devolução;PEDIDO EM DUPLICIDADE
85906;Reentrega;ENTREGA FORA DE HORÁRIO
85907;Reentrega;ENTREGA FORA DE HORÁRIO
191745;Devolução;SEM PEDIDO
74790;Cancelado;CNPJ INCORRETO
5462;Reentrega;MOTORISTA NÃO CARREGOU
5463;Reentrega;MOTORISTA NÃO CARREGOU
9037;Reentrega;MOTORISTA NÃO CARREGOU
5462;Devolução;DIVERGENCIA DE PREÇO
5463;Devolução;DIVERGENCIA DE PREÇO
9037;Devolução;DIVERGENCIA DE PREÇO
96726;Reentrega;VEÍCULO QUEBROU, NÃO CONSEGUIU CONCLUIR AS ENTREGAS
96729;Reentrega;VEÍCULO QUEBROU, NÃO CONSEGUIU CONCLUIR AS ENTREGAS
181473;Devolução;DIVERGENCIA DE PEDIDO
164256;Reentrega;FALTA DE MERCADORIA
14282;Reentrega;MOTORISTA NÃO CARREGOU
57662;Devolução;DIVERGENCIA DE PEDIDO
58390;Devolução;DIVERGENCIA DE PEDIDO
57663;Devolução;DIVERGENCIA DE PEDIDO
111881;Reentrega;FALTA DE MERCADORIA
111882;Reentrega;FALTA DE MERCADORIA
106679;Reentrega;FICOU PRESO REDE X - 13
42047;Reentrega;ENTREGA FORA DE HORÁRIO
123622;Reentrega;LOJA EM BALANÇO
186889;Reentrega;FORA DE HORÁRIO
64953;Devolução;SEM PEDIDO
186888;Reentrega;FORA DE HORÁRIO
125390;Reentrega;FORA DE HORÁRIO
191530;Devolução;PEDIDO EM DUPLICIDADE
191531;Devolução;PEDIDO EM DUPLICIDADE
4970;Reentrega;NÃO CARREGOU
4969;Reentrega;NÃO CARREGOU
4968;Reentrega;NÃO CARREGOU
68469;Reentrega;MERCADORIA SUADA / TROCAR MERCADORIA E REENTREGAR
68468;Reentrega;MERCADORIA SUADA / TROCAR MERCADORIA E REENTREGAR
167011;Devolução;CNPJ INCORRETO
71556;Reentrega;FORA DE HORÁRIO
71557;Reentrega;FORA DE HORÁRIO
81161;Reentrega;FORA DE HORÁRIO
115776;Reentrega;FORA DE HORÁRIO
115777;Reentrega;FORA DE HORÁRIO
134619;Reentrega;FORA DE HORÁRIO
134625;Reentrega;FORA DE HORÁRIO
134624;Reentrega;FORA DE HORÁRIO
52003;Reentrega;FORA DE HORÁRIO
52005;Reentrega;FORA DE HORÁRIO
71951;Reentrega;FORA DE HORÁRIO
71950;Reentrega;FORA DE HORÁRIO
107506;Reentrega;FORA DE HORÁRIO
140256;Reentrega;FORA DE HORÁRIO
157930;Reentrega;FORA DE HORÁRIO
96470;Reentrega;FORA DE HORÁRIO
96471;Reentrega;FORA DE HORÁRIO
96469;Reentrega;FORA DE HORÁRIO
122239;Reentrega;FORA DE HORÁRIO
158694;Reentrega;FORA DE HORÁRIO
46174;Reentrega;FORA DE HORÁRIO
6266;Reentrega;FORA DE HORÁRIO
6265;Reentrega;FORA DE HORÁRIO
122240;Reentrega;FORA DE HORÁRIO
189409;Devolução;CNPJ INCORRETO
116176;Reentrega;FORA DE HORÁRIO
157681;Reentrega;FORA DE HORÁRIO
157680;Reentrega;FORA DE HORÁRIO
66195;Reentrega;MOTORISTA FICOU COM PROBLEMAS MECANICOS E PERDEU O AGENDAMENTO
66197;Reentrega;MOTORISTA FICOU COM PROBLEMAS MECANICOS E PERDEU O AGENDAMENTO
66196;Reentrega;MOTORISTA FICOU COM PROBLEMAS MECANICOS E PERDEU O AGENDAMENTO
122238;Reentrega;FORA DE HORÁRIO
122238;Reentrega;FORA DE HORÁRIO
38477;Devolução;PEDIDO EXPIRADO
69994;Reentrega;CLIENTE NÃO RECEBE DIA DE TERÇA - FEIRA / INFORMAR AO CADASTRO
69993;Reentrega;CLIENTE NÃO RECEBE DIA DE TERÇA - FEIRA / INFORMAR AO CADASTRO
45780;Reentrega;ENTREGA FORA DE HORÁRIO
52577;Reentrega;FORA DO HÓRARIO - CLIENTE RECEBE ATÉ AS 11HRS
54177;Reentrega;FORA DE HORÁRIO
1245;Reentrega;SEM AGENDAMENTO
8692;Reentrega;SEM AGENDAMENTO
8692;Reentrega;LOJA EM BALANÇO
6699;Reentrega;FORA DE HORÁRIO
8674;Reentrega;AGUARDANDO AGENDAMENTO
120900;Reentrega;FORA DE HORÁRIO
120900;Devolução;MOTIVO CNPJ ERRADO SUBSTITUICAO
45779;Reentrega;ENTREGA FORA DE HORÁRIO
52578;Reentrega;FORA DO HÓRARIO - CLIENTE RECEBE ATÉ AS 11HRS
54181;Reentrega;FORA DE HORÁRIO
9105;Reentrega;ENTREGAR DE SEG A SEX - DAS 05:00 AS 08:50
9104;Reentrega;ENTREGAR DE SEG A SEX - DAS 05:00 AS 08:50
10792;Devolução;PEDIDO RECUSADO PELO CLIENTE
11418;Devolução;PEDIDO RECUSADO PELO CLIENTE
12631;Reentrega;LOJA FECHADA
12641;Reentrega;LOJA FECHADA
13128;Reentrega;LOJA FECHADA
12640;Reentrega;LOJA FECHADA
13129;Reentrega;LOJA FECHADA
12792;Devolução;SEM PEDIDO
13130;Devolução;SEM PEDIDO
12631;Devolução;SEM PEDIDO
12641;Devolução;SEM PEDIDO
13128;Devolução;SEM PEDIDO
12640;Devolução;SEM PEDIDO
13129;Devolução;SEM PEDIDO
16857;Reentrega;LOJA EM BALANÇO
16856;Reentrega;LOJA EM BALANÇO
16859;Reentrega;LOJA EM BALANÇO
16858;Reentrega;LOJA EM BALANÇO
26620;Reentrega;CLIENTE EM INVENTÁRIO
26619;Reentrega;CLIENTE EM INVENTÁRIO
29968;Reentrega;MOTORISTA NÃO COMPRIU O HORÁRIO DE RECEBIMENTO DO CLIENTE
91997;Devolução;SEM PEDIDO
97275;Devolução;SEM PEDIDO
110668;Devolução;DIVERGENCIA DE PEDIDO
112281;Devolução;DIVERGENCIA DE PEDIDO
110667;Devolução;DIVERGENCIA DE PEDIDO
165056;Reentrega;FORA DE HORÁRIO
175149;Devolução;PEDIDO EXPIRADO
44260;Reentrega;CARRO QUEBROU
107704;Reentrega;FORA DE HORÁRIO
107706;Reentrega;FORA DE HORÁRIO
107704;Reentrega;FORA DE HORÁRIO
107706;Reentrega;FORA DE HORÁRIO
35127;Devolução;PEDIDO EM DUPLICIDADE
90394;Devolução;SEM PEDIDO
90392;Devolução;SEM PEDIDO
92104;Devolução;SEM PEDIDO
90393;Devolução;SEM PEDIDO
93147;Devolução;DIVERGENCIA DE PEDIDO
149932;Reentrega;LOJA SEM ESPAÇO
149931;Reentrega;LOJA SEM ESPAÇO
157040;Reentrega;LOJA SEM ESPAÇO
149932;Reentrega;NÃO CARREGOU NO ALEXANDRE JG
149931;Reentrega;NÃO CARREGOU NO ALEXANDRE JG
157040;Reentrega;NÃO CARREGOU NO ALEXANDRE JG
149932;Devolução;PEDIDO EXPIRADO
149931;Devolução;PEDIDO EXPIRADO
157040;Devolução;PEDIDO EXPIRADO
7098;Reentrega;FORA DE HORÁRIO
7099;Reentrega;FORA DE HORÁRIO
72332;Reentrega;FORA DE HORÁRIO
93577;Reentrega;FALTA DE MERCADORIA
102896;Reentrega;FALTA DE MERCADORIA
93576;Reentrega;FALTA DE MERCADORIA
93577;Reentrega;FORA DE HORÁRIO
102896;Reentrega;FORA DE HORÁRIO
93576;Reentrega;FORA DE HORÁRIO
93577;Reentrega;FORA DE HORÁRIO
102896;Reentrega;FORA DE HORÁRIO
93576;Reentrega;FORA DE HORÁRIO
93577;Devolução;SEM PEDIDO
102896;Devolução;SEM PEDIDO
93576;Devolução;SEM PEDIDO
2653;Devolução;SEM PEDIDO
3080;Devolução;SEM PEDIDO
6952;Reentrega;FORA DE HORÁRIO
36050;Reentrega;ENTREGA FORA DE HORÁRIO
36100;Reentrega;ENTREGA FORA DE HORÁRIO
83927;Reentrega;DATA DE VALIDADE APAGADA DO PRODUTO - CANJICA BRANCA DA TERRINHA 400 G / TROCAR MERCADORIA E REENTREGAR
142499;Reentrega;SEM AGENDAMENTO
142498;Reentrega;SEM AGENDAMENTO
36825;Reentrega;MOTORISTA NÃO CARREGOU NFS
36826;Reentrega;MOTORISTA NÃO CARREGOU NFS
120919;Reentrega;CARRO QUEBROU
142616;Reentrega;SEM AGENDAMENTO
142615;Reentrega;SEM AGENDAMENTO
51277;Devolução;NF TEVE SUBSTITUIÇÃO
69222;Reentrega;FORA DE HORÁRIO
142526;Reentrega;SEM AGENDAMENTO
142527;Reentrega;SEM AGENDAMENTO
142525;Reentrega;SEM AGENDAMENTO
124968;Reentrega;FORA DE HORÁRIO
124967;Reentrega;FORA DE HORÁRIO
124966;Reentrega;FORA DE HORÁRIO
142531;Reentrega;SEM AGENDAMENTO
142534;Reentrega;SEM AGENDAMENTO
100820;Reentrega;SEM ESPAÇO PARA RECEBER O DISPLAY
103211;Reentrega;SEM ESPAÇO PARA RECEBER O DISPLAY
100820;Devolução;PEDIDO EM DUPLICIDADE
103211;Devolução;PEDIDO EM DUPLICIDADE
127212;Reentrega;FORA DE HORÁRIO
138809;Reentrega;CLIENTE SÓ RECEBE COM BONIFICAÇÃO
138810;Reentrega;CLIENTE SÓ RECEBE COM BONIFICAÇÃO
138809;Reentrega;FORA DE HORÁRIO
138810;Reentrega;FORA DE HORÁRIO
148237;Reentrega;FORA DE HORÁRIO
148400;Reentrega;FORA DE HORÁRIO
149881;Reentrega;FORA DE HORÁRIO
148237;Reentrega;FORA DE HORÁRIO
148400;Reentrega;FORA DE HORÁRIO
148237;Reentrega;FORA DE HORÁRIO
148400;Reentrega;FORA DE HORÁRIO
149881;Reentrega;FORA DE HORÁRIO
148237;Devolução;PEDIDO EXPIRADO
148400;Devolução;PEDIDO EXPIRADO
149881;Devolução;PEDIDO EXPIRADO
100818;Reentrega;SEM ESPAÇO PARA RECEBER O DISPLAY
100818;Devolução;PEDIDO EM DUPLICIDADE
121180;Devolução;PEDIDO EM DUPLICIDADE
126997;Devolução;PEDIDO EMITIDO PARA A LOJA ERRADA
190334;Devolução;PEDIDO EM DUPLICIDADE
58641;Devolução;BOLETO EM DESACORDO COM O CLIENTE
58640;Devolução;BOLETO EM DESACORDO COM O CLIENTE
59111;Devolução;BOLETO EM DESACORDO COM O CLIENTE
16839;Reentrega;ENTREGA FORA DE HORÁRIO
16835;Reentrega;ENTREGA FORA DE HORÁRIO
2353;Devolução;SEM PEDIDO
46602;Reentrega;MOTORISTA SAIU TARDE DA EMPRESA E NÃO CONSEGUIU REALIZAR TODAS AS ENTREGAS
46603;Reentrega;MOTORISTA SAIU TARDE DA EMPRESA E NÃO CONSEGUIU REALIZAR TODAS AS ENTREGAS
46604;Reentrega;MOTORISTA SAIU TARDE DA EMPRESA E NÃO CONSEGUIU REALIZAR TODAS AS ENTREGAS
46605;Reentrega;MOTORISTA SAIU TARDE DA EMPRESA E NÃO CONSEGUIU REALIZAR TODAS AS ENTREGAS
136656;Reentrega;ENTREGA FORA DE HORÁRIO
136646;Reentrega;ENTREGA FORA DE HORÁRIO
136656;Reentrega;BOLETO VENCIDO
136646;Reentrega;BOLETO VENCIDO
191697;Reentrega;FORA DE HORÁRIO
191690;Reentrega;FORA DE HORÁRIO
16841;Reentrega;ENTREGA FORA DE HORÁRIO
16836;Reentrega;ENTREGA FORA DE HORÁRIO
98950;Devolução;SEM PEDIDO
1866;Reentrega;FORA DE HORÁRIO
1867;Reentrega;FORA DE HORÁRIO
67469;Reentrega;FORA DE HORÁRIO
67478;Reentrega;FORA DE HORÁRIO
67466;Reentrega;FORA DE HORÁRIO
67469;Reentrega;CLIENTE EM BAÇANÇO / REENTREGA A PARTI DO DIA 03/02
67478;Reentrega;CLIENTE EM BAÇANÇO / REENTREGA A PARTI DO DIA 03/02
67466;Reentrega;CLIENTE EM BAÇANÇO / REENTREGA A PARTI DO DIA 03/02
148464;Reentrega;FORA DE HORÁRIO
148454;Reentrega;FORA DE HORÁRIO
102993;Reentrega;ARRUMAR A CARGA E SEGUIR NA REENTREGA
16834;Reentrega;ENTREGA FORA DE HORÁRIO
16842;Reentrega;ENTREGA FORA DE HORÁRIO
1864;Reentrega;FORA DE HORÁRIO
1865;Reentrega;FORA DE HORÁRIO
176265;Reentrega;FORA DE HORÁRIO
176264;Reentrega;FORA DE HORÁRIO
176266;Reentrega;FORA DE HORÁRIO
184465;Reentrega;FORA DE HORÁRIO
46598;Reentrega;MOTORISTA SAIU TARDE DA EMPRESA E NÃO CONSEGUIU REALIZAR TODAS AS ENTREGAS
46599;Reentrega;MOTORISTA SAIU TARDE DA EMPRESA E NÃO CONSEGUIU REALIZAR TODAS AS ENTREGAS
46600;Reentrega;MOTORISTA SAIU TARDE DA EMPRESA E NÃO CONSEGUIU REALIZAR TODAS AS ENTREGAS
46601;Reentrega;MOTORISTA SAIU TARDE DA EMPRESA E NÃO CONSEGUIU REALIZAR TODAS AS ENTREGAS
179547;Cancelado;Problemas do vendedor com o cliente
179542;Cancelado;Problemas do vendedor com o cliente
191698;Reentrega;FORA DE HORÁRIO
191694;Reentrega;FORA DE HORÁRIO
90281;Reentrega;FORA DE HORÁRIO
90280;Reentrega;FORA DE HORÁRIO
90283;Reentrega;FORA DE HORÁRIO
101323;Reentrega;NÃO OBTIVEMOS CONTATO COM O MOTORISTA. FINAL DO DIA PASSOU QUE FICOU PRESO NA NF 101324 E QUE AS DEMAIS DEU FORA DE HORARIO
101323;Reentrega;ENTREGA FORA DE HORÁRIO
93639;Devolução;SEM PEDIDO
37869;Cancelado;PEDIDO RECUSADO PELO CLIENTE
36276;Reentrega;REENTREGAR NF. CLIENTE RECUSOU POR ESTAR SEM ESPAÇO.
38837;Reentrega;REENTREGAR NF. CLIENTE RECUSOU POR ESTAR SEM ESPAÇO.
36276;Cancelado;DIVERGENCIA DE CADASTRO
38837;Cancelado;DIVERGENCIA DE CADASTRO
188702;Devolução;QUALIDADE RECUSADA - ESTUFADA
188703;Devolução;QUALIDADE RECUSADA - ESTUFADA
116904;Reentrega;ENTREGA FORA DE HORÁRIO
116905;Reentrega;ENTREGA FORA DE HORÁRIO
172236;Reentrega;FORA DE HORÁRIO
186735;Devolução;SEM PEDIDO
18751;Reentrega;ENTREGA FORA DE HORÁRIO
18753;Reentrega;ENTREGA FORA DE HORÁRIO
37459;Reentrega;FORA DE HORÁRIO
37460;Reentrega;FORA DE HORÁRIO
37459;Reentrega;FORA DE HORARIO (CLIENTE RECEBE ATÉ 11HRS)
37460;Reentrega;FORA DE HORARIO (CLIENTE RECEBE ATÉ 11HRS)
2150;Reentrega;FORA DE HORÁRIO
75767;Devolução;PEDIDO EM ATRASO
82005;Reentrega;FORA DE HORÁRIO
34240;Cancelado;DIVERGENCIA DE CADASTRO
34241;Cancelado;DIVERGENCIA DE CADASTRO
34693;Cancelado;DIVERGENCIA DE CADASTRO
80256;Devolução;PEDIDO EM DUPLICIDADE
187979;Reentrega;FORA DE HORÁRIO
187979;Devolução;CNPJ INCORRETO
51651;Reentrega;mercadoria junta com a NF de recusa . Essa seguir com reentrega
51651;Reentrega;ENTREGA FORA DE HORÁRIO
47856;Devolução;NF DE BONIFICAÇÃO DE ACORDO COM CLIENTE ERA PRA TER SIDO FATURADA COMO SIMPLES REMESSA
48469;Devolução;NF DE BONIFICAÇÃO DE ACORDO COM CLIENTE ERA PRA TER SIDO FATURADA COMO SIMPLES REMESSA
3966;Reentrega;PRODUTO FALTANDO MERCADORIA
34549;Reentrega;CARGA NÃO COUBE NO MOTORISTA
34550;Reentrega;CARGA NÃO COUBE NO MOTORISTA
37046;Reentrega;NFOTA SAIU SEM BOLETO
27106;Reentrega;LOJA SEM ESPAÇO
27114;Reentrega;LOJA SEM ESPAÇO
32356;Reentrega;ENTREGA FORA DE HORÁRIO
88357;Devolução;SEM PEDIDO
97632;Reentrega;FORA DE HORÁRIO
97634;Reentrega;FORA DE HORÁRIO
182661;Cancelado;SINISTRO COM VEICULO
184414;Reentrega;FORA DE HORÁRIO
1506;Reentrega;FORA DE HORÁRIO
1506;Reentrega;FORA DE HORÁRIO
1506;Devolução;PEDIDO CANCELADO
7490;Reentrega;LOJA EM BALANÇO
7491;Reentrega;LOJA EM BALANÇO
87255;Reentrega;FORA DE HORÁRIO
20665;Reentrega;ENTREGA FORA DE HORÁRIO
73303;Devolução;DIVERGENCIA DE PEDIDO
74067;Devolução;DIVERGENCIA DE PEDIDO
81902;Reentrega;FORA DE HORÁRIO
81901;Reentrega;FORA DE HORÁRIO
141110;Devolução;SEM PEDIDO
143592;Devolução;SEM PEDIDO
88697;Reentrega;FORA DE HORÁRIO
150699;Reentrega;FORA DE HORÁRIO
150700;Reentrega;FORA DE HORÁRIO
59354;Reentrega;Cliente estava ausente
81984;Reentrega;FORA DE HORÁRIO
139306;Reentrega;FORA DE HORÁRIO
46751;Reentrega;ENTREGA FORA DE HORÁRIO
190497;Cancelado;DIVERGENCIA DE PEDIDO
192554;Devolução;SEM PEDIDO
145535;Reentrega;FORA DE HORÁRIO
145535;Reentrega;FORA DE HORÁRIO
128538;Devolução;DIVERGENCIA DE PREÇO
189768;Reentrega;FORA DE HORÁRIO
132668;Reentrega;FORA DE HORÁRIO
132669;Reentrega;FORA DE HORÁRIO
132668;Reentrega;FALTA DE MERCADORIA
132669;Reentrega;FALTA DE MERCADORIA
101439;Reentrega;FICOU PRESO NO ROSSI - FRANCO DA ROCHA
110682;Reentrega;FALTA DE MERCADORIA
105534;Reentrega;ENTREGA FORA DE HORÁRIO
179319;Cancelado;recusado pelo cliente
179323;Cancelado;recusado pelo cliente
89995;Reentrega;LOJA ESTA EM INAUGURAÇÃO. LOJA ESTA LOTADA
89994;Reentrega;LOJA ESTA EM INAUGURAÇÃO. LOJA ESTA LOTADA
38448;Devolução;NOTA INCOMPLETA
38893;Reentrega;FORA DE HORÁRIO
33131;Reentrega;CARRO QUEBROU
33125;Reentrega;CARRO QUEBROU
33126;Reentrega;CARRO QUEBROU
90285;Reentrega;FORA DE HORÁRIO
90284;Reentrega;FORA DE HORÁRIO
155697;Reentrega;FORA DE HORÁRIO
115556;Devolução;PEDIDO FATURADO ANTES DO PRAZO.
12208;Cancelado;DIVERGENCIA DE CADASTRO
78613;Devolução;DIVERGENCIA DE PEDIDO
79096;Devolução;DIVERGENCIA DE PEDIDO
78607;Devolução;DIVERGENCIA DE PEDIDO
33036;Reentrega;ENTREGA FORA DE HORÁRIO
33038;Reentrega;ENTREGA FORA DE HORÁRIO
33040;Reentrega;ENTREGA FORA DE HORÁRIO
79034;Cancelado;SINISTRO COM VEICULO
79033;Cancelado;SINISTRO COM VEICULO
116455;Reentrega;FORA DE HORÁRIO
116457;Reentrega;FORA DE HORÁRIO
118938;Reentrega;FORA DE HORÁRIO
151364;Reentrega;FORA DE HORÁRIO
146860;Cancelado;PEDIDO EM DUPLICIDADE
164510;Reentrega;FORA DE HORÁRIO
46441;Reentrega;CLIENTE PEDIU PARA REAGENDAR PARA PRÓXIMA SEMANA
7206;Reentrega;LOJA SEM ESPAÇO
7205;Reentrega;LOJA SEM ESPAÇO
28630;Reentrega;LOJA SEM ESPAÇO
7206;Devolução;PEDIDO RECUSADO PELO CLIENTE
7205;Devolução;PEDIDO RECUSADO PELO CLIENTE
28630;Devolução;PEDIDO RECUSADO PELO CLIENTE
97604;Devolução;SEM PEDIDO
100996;Devolução;SEM PEDIDO
97605;Devolução;SEM PEDIDO
111531;Reentrega;ENTREGA FORA DE HORÁRIO
111532;Reentrega;ENTREGA FORA DE HORÁRIO
38886;Reentrega;NF NÃO FATURADA
129994;Devolução;SEM PEDIDO
130001;Devolução;SEM PEDIDO
130000;Devolução;SEM PEDIDO
134436;Devolução;SEM PEDIDO
67862;Reentrega;FORA DE HORARIO / CLIENTE RECEBE ATÉ 15:00HRS
67866;Reentrega;FORA DE HORÁRIO
71304;Reentrega;FORÁ DE HORARIO / CLIENTE RECEBE SOMENTE ATÉ AS 14HRS
71304;Reentrega;MOTORISTA FOI ATÉ O CLIENTE, PORÉM O RECEBIMENTO ALEGOU "NF COM DIVERGÊNCIA" / TRATAMOS COM O COMERCIAL E, FOI SOLICITADO REENTREGA!
71304;Reentrega;MOTORISTA NÃO FOI CARREGADO
67863;Reentrega;FORA DE HORARIO / CLIENTE RECEBE ATÉ 15:00HRS
67867;Reentrega;FORA DE HORÁRIO
62019;Reentrega;FOI COLOCADO EM TRÂNSITO MAIS NÃO SAIU PARA RUA.
50849;Devolução;PEDIDO EM DESACORDO
52479;Reentrega;SEGUIR REENTREGA JUNTO COM O PEDIDO N° 507505
62499;Reentrega;FORA DE HORÁRIO
32552;Devolução;EM DESACORDO COMERCIAL
172341;Reentrega;FORA DE HORÁRIO
6878;Reentrega;PEDIDO RECUSADO PELO CLIENTE
6879;Reentrega;PEDIDO RECUSADO PELO CLIENTE
6878;Devolução;PEDIDO EM DUPLICIDADE
6879;Devolução;PEDIDO EM DUPLICIDADE
131110;Devolução;PEDIDO EM DUPLICIDADE
131111;Devolução;PEDIDO EM DUPLICIDADE
131108;Devolução;PEDIDO EM DUPLICIDADE
133354;Devolução;PEDIDO EM DUPLICIDADE
54690;Devolução;PRODUTO SEM CADASTRO NO CLIENTE
135162;Reentrega;FORA DE HORÁRIO
135161;Reentrega;FORA DE HORÁRIO
135162;Devolução;PEDIDO EM ATRASO
135161;Devolução;PEDIDO EM ATRASO
142171;Devolução;VENDEDOR EMITIU UM NOVO PEDIDO
152201;Devolução;VENDEDOR EMITIU UM NOVO PEDIDO
69490;Devolução;PEDIDO CANCELADO
142918;Reentrega;FORA DE HORÁRIO
183994;Reentrega;DIVERGENCIA ENDEREÇO
183993;Reentrega;DIVERGENCIA ENDEREÇO
183994;Reentrega;FORA DE HORÁRIO
183993;Reentrega;FORA DE HORÁRIO
187077;Reentrega;FORA DE HORÁRIO
174610;Reentrega;FALTA DE MERCADORIA
173905;Reentrega;FORA DE HORÁRIO
173905;Reentrega;FALTA DE MERCADORIA
173905;Reentrega;FALTA DE MERCADORIA
173905;Reentrega;FORA DE HORÁRIO
173905;Devolução;FALTA DE MERCADORIA
174594;Reentrega;FALTA DE MERCADORIA
36774;Cancelado;DIVERGENCIA DE PEDIDO
2730;Reentrega;FORA DE HORÁRIO
99368;Devolução;PEDIDO EM DESACORDO
19315;Reentrega;FORA DE HORÁRIO
181114;Reentrega;FORA DE HORÁRIO
19316;Reentrega;FORA DE HORÁRIO
181115;Reentrega;FORA DE HORÁRIO
19317;Reentrega;FORA DE HORÁRIO
22227;Reentrega;ENTREGA FORA DE HORÁRIO
53702;Devolução;TAPIOCA FOI UMIDA E CLIENTE NÃO ACEITOU A TROCA DA MERCADORIA. RECUSAR ESSA NF. VENDEDOR VAI EMITIR NOVO PEDIDO
112260;Cancelado;NF FOI SUBSTITUIDA PELA NF 112282
40361;Cancelado;NF DENEGADA - PROBLEMA NA INSCRIÇÃO ESTADUAL
184440;Devolução;DIVERGENCIA DE PEDIDO
184438;Devolução;DIVERGENCIA DE PEDIDO
187703;Devolução;PEDIDO EXPIRADO
15436;Reentrega;CLIENTE SOLICITOU REENTREGA APÓS 22/04
15436;Reentrega;MOTORISTA NÃO CARREGOU
15436;Reentrega;CARGA INVERTIDA
15436;Devolução;SEM PEDIDO. NÃO FOI PASSADO PARA O GERENTE
74085;Reentrega;CLIENTE NÃO RECEBE NO CARNAVAL
178115;Devolução;DIVERGENCIA DE PEDIDO
178116;Devolução;DIVERGENCIA DE PEDIDO
182088;Devolução;DIVERGENCIA DE PEDIDO
4922;Reentrega;FALTA DE MERCADORIA
4922;Reentrega;FORA DE HORÁRIO
97742;Devolução;SEM PEDIDO
104400;Devolução;SEM PEDIDO
104399;Devolução;SEM PEDIDO
106074;Devolução;SEM PEDIDO
132183;Reentrega;MOTORISTA NÃO PODE FAZER SUAS ENTREGAS
132178;Reentrega;MOTORISTA NÃO PODE FAZER SUAS ENTREGAS
132183;Devolução;PEDIDO EM DUPLICIDADE
132178;Devolução;PEDIDO EM DUPLICIDADE
173679;Reentrega;FORA DE HORÁRIO
173680;Reentrega;FORA DE HORÁRIO
173679;Devolução;SEM PEDIDO
173680;Devolução;SEM PEDIDO
150114;Reentrega;FORA DE HORÁRIO
150113;Reentrega;FORA DE HORÁRIO
152466;Reentrega;FORA DE HORÁRIO
150114;Devolução;DIVERGENCIA ENDEREÇO
150113;Devolução;DIVERGENCIA ENDEREÇO
152466;Devolução;DIVERGENCIA ENDEREÇO
10095;Devolução;SEM PEDIDO
85991;Reentrega;FORA DE HORÁRIO
85997;Reentrega;FORA DE HORÁRIO
156781;Reentrega;FORA DE HORÁRIO
58386;Devolução;NF EM DUPLICIDADE
125298;Reentrega;FORA DE HORÁRIO
125297;Reentrega;FORA DE HORÁRIO
125294;Reentrega;FORA DE HORÁRIO
149961;Reentrega;FORA DE HORÁRIO
149957;Reentrega;FORA DE HORÁRIO
149957;Devolução;SEM PEDIDO
8496;Reentrega;FORA DE HORÁRIO
8499;Reentrega;FORA DE HORÁRIO
58377;Reentrega;FORA DE HORARIO
131306;Reentrega;FORA DE HORÁRIO
135880;Reentrega;FORA DE HORÁRIO
135881;Reentrega;FORA DE HORÁRIO
135882;Reentrega;FORA DE HORÁRIO
135883;Reentrega;FORA DE HORÁRIO
135884;Reentrega;FORA DE HORÁRIO
135880;Devolução;PEDIDO EM ATRASO
135882;Devolução;PEDIDO EM ATRASO
135883;Devolução;PEDIDO EM ATRASO
135884;Devolução;PEDIDO EM ATRASO
168974;Reentrega;FORA DE HORÁRIO
183963;Reentrega;BANCO NÃO CONFIRMOU A PRORROGAÇÃO DO BOLETO A TEMPO
183963;Reentrega;FORA DE HORÁRIO
8523;Reentrega;FORA DE HORÁRIO
8522;Reentrega;FORA DE HORÁRIO
9379;Devolução;SEM PEDIDO
11711;Devolução;SEM PEDIDO
32863;Reentrega;FORA DE HORÁRIO
32862;Reentrega;FORA DE HORÁRIO
169507;Reentrega;FORA DE HORÁRIO
169505;Reentrega;FORA DE HORÁRIO
169507;Reentrega;FORA DE HORÁRIO
169505;Reentrega;FORA DE HORÁRIO
179629;Reentrega;FORA DE HORÁRIO
179629;Reentrega;FORA DE HORÁRIO
183967;Reentrega;BANCO NÃO CONFIRMOU A PRORROGAÇÃO DO BOLETO A TEMPO
183966;Reentrega;BANCO NÃO CONFIRMOU A PRORROGAÇÃO DO BOLETO A TEMPO
183965;Reentrega;BANCO NÃO CONFIRMOU A PRORROGAÇÃO DO BOLETO A TEMPO
179629;Reentrega;FORA DE HORÁRIO
183967;Reentrega;FORA DE HORÁRIO
183966;Reentrega;FORA DE HORÁRIO
183965;Reentrega;FORA DE HORÁRIO
179629;Reentrega;NÃO CARREGOU
22325;Reentrega;FORA DE HORÁRIO
97183;Reentrega;FORA DE HORÁRIO
97185;Reentrega;FORA DE HORÁRIO
97187;Reentrega;FORA DE HORÁRIO
104303;Reentrega;PRORROGAÇÃO DO BOLETO NÃO SAIU EM TEMPO. CLIENTE NÃO QUIS RECEBER. REENTREGAR
125295;Reentrega;FORA DE HORÁRIO
125286;Reentrega;FORA DE HORÁRIO
160650;Reentrega;BOLETO NÃO FOI PRORROGADO DEVIDO O HORÁRIO DO BANCO
172745;Reentrega;FORA DE HORÁRIO
172746;Reentrega;FORA DE HORÁRIO
172745;Reentrega;FORA DE HORÁRIO
172746;Reentrega;FORA DE HORÁRIO
3225;Reentrega;FORA DE HORÁRIO
3225;Reentrega;FORA DE HORÁRIO
115813;Reentrega;FORA DE HORÁRIO
115814;Reentrega;FORA DE HORÁRIO
115821;Reentrega;FORA DE HORÁRIO
115822;Reentrega;FORA DE HORÁRIO
115823;Reentrega;FORA DE HORÁRIO
150022;Reentrega;FORA DE HORÁRIO
160647;Reentrega;BOLETO NÃO FOI PRORROGADO DEVIDO O HORÁRIO DO BANCO
168978;Cancelado;NOTA FOI INUTILIZADA -  NÃO CARREGOU
179352;Reentrega;FORA DE HORÁRIO
135896;Reentrega;FALTA DE MERCADORIA
135898;Reentrega;FALTA DE MERCADORIA
135897;Reentrega;FALTA DE MERCADORIA
135899;Reentrega;FALTA DE MERCADORIA
135896;Devolução;PEDIDO EXPIRADO
135898;Devolução;PEDIDO EXPIRADO
135897;Devolução;PEDIDO EXPIRADO
135899;Devolução;PEDIDO EXPIRADO
160645;Reentrega;BOLETO NÃO FOI PRORROGADO DEVIDO O HORÁRIO DO BANCO
160645;Cancelado;FORA DE HORÁRIO
164481;Reentrega;FORA DE HORÁRIO
164480;Reentrega;FORA DE HORÁRIO
164482;Reentrega;FORA DE HORÁRIO
164479;Reentrega;FORA DE HORÁRIO
165686;Reentrega;FORA DE HORÁRIO
193020;Reentrega;FORA DE HORÁRIO
193021;Reentrega;FORA DE HORÁRIO
193019;Reentrega;FORA DE HORÁRIO
31901;Devolução;UNICO PRODUTO NA NF. INATIVO NO CLIENTE. SOLICITADO A RECUSA
32504;Devolução;UNICO PRODUTO NA NF. INATIVO NO CLIENTE. SOLICITADO A RECUSA
157117;Devolução;DIVERGENCIA DE PEDIDO
157116;Devolução;DIVERGENCIA DE PEDIDO
177641;Cancelado;NÃO CARREGOU
134552;Reentrega;FORA DE HORÁRIO
134553;Reentrega;FORA DE HORÁRIO
134554;Reentrega;FORA DE HORÁRIO
134552;Reentrega;FORA DE HORÁRIO
134553;Reentrega;FORA DE HORÁRIO
134554;Reentrega;FORA DE HORÁRIO
138356;Reentrega;FORA DE HORÁRIO
138355;Reentrega;FORA DE HORÁRIO
138354;Reentrega;FORA DE HORÁRIO
138352;Reentrega;FORA DE HORÁRIO
138353;Reentrega;FORA DE HORÁRIO
188130;Reentrega;FORA DE HORÁRIO
188131;Reentrega;FORA DE HORÁRIO
188130;Reentrega;FORA DE HORÁRIO
188131;Reentrega;FORA DE HORÁRIO
188130;Reentrega;FORA DE HORÁRIO
188131;Reentrega;FORA DE HORÁRIO
107973;Reentrega;INVERSÃO DE PRODUTOS
107967;Reentrega;INVERSÃO DE PRODUTOS
107981;Reentrega;INVERSÃO DE PRODUTOS
107976;Reentrega;INVERSÃO DE PRODUTOS
84400;Cancelado;NOTA FOI SUBSTITUIDA PELA  NF 87554
98592;Cancelado;CNPJ INCORRETO
160883;Cancelado;PEDIDO RECUSADO PELO CLIENTE
160884;Cancelado;PEDIDO RECUSADO PELO CLIENTE
160616;Cancelado;PEDIDO RECUSADO PELO CLIENTE
164367;Cancelado;PEDIDO RECUSADO PELO CLIENTE
19655;Devolução;SEM BONIFICAÇÃO
19654;Devolução;SEM BONIFICAÇÃO
29006;Devolução;SEM BONIFICAÇÃO
4882;Reentrega;FORA DE HORÁRIO
4886;Reentrega;FORA DE HORÁRIO
4882;Reentrega;FORA DE HORÁRIO
4886;Reentrega;FORA DE HORÁRIO
15279;Reentrega;FORA DE HORÁRIO
15279;Reentrega;FORA DE HORÁRIO
30316;Reentrega;FORA DE HÓRARIO - MERCADO RECEBE ATÉ 15:30
30317;Reentrega;FORA DE HÓRARIO - MERCADO RECEBE ATÉ 15:30
53770;Devolução;NF FATURADA COMO VENDA , SERIA BONIFICAÇÃO
60508;Devolução;SEM PEDIDO
67915;Reentrega;FORA DE HORÁRIO
67916;Reentrega;FORA DE HORÁRIO
67913;Reentrega;FORA DE HORÁRIO
67914;Reentrega;FORA DE HORÁRIO
84513;Reentrega;FORA DE HORÁRIO
113297;Reentrega;FORA DE HORÁRIO
113298;Reentrega;FORA DE HORÁRIO
152282;Cancelado;DIVERGENCIA DE PEDIDO
152284;Cancelado;DIVERGENCIA DE PEDIDO
162314;Devolução;DIVERGENCIA DE PEDIDO
165444;Devolução;DIVERGENCIA DE CADASTRO
190638;Reentrega;FALTA DE MERCADORIA
24443;Devolução;PEDIDO RECUSADO PELO CLIENTE
30314;Reentrega;FORA DE HÓRARIO - MERCADO RECEBE ATÉ 15:30
30318;Reentrega;FORA DE HÓRARIO - MERCADO RECEBE ATÉ 15:30
34111;Reentrega;FORA DE HORÁRIO
34112;Reentrega;FORA DE HORÁRIO
34113;Reentrega;FORA DE HORÁRIO
34114;Reentrega;FORA DE HORÁRIO
34111;Reentrega;ENTREGA FORA DE HORÁRIO
34112;Reentrega;ENTREGA FORA DE HORÁRIO
34113;Reentrega;ENTREGA FORA DE HORÁRIO
34114;Reentrega;ENTREGA FORA DE HORÁRIO
34111;Reentrega;ENTREGA FORA DE HORÁRIO
37509;Reentrega;ENTREGA FORA DE HORÁRIO
37508;Reentrega;ENTREGA FORA DE HORÁRIO
56513;Devolução;SEM PEDIDO
67907;Reentrega;FORA DE HORÁRIO
67911;Reentrega;FORA DE HORÁRIO
110394;Reentrega;FORA DE HORÁRIO
110393;Reentrega;FORA DE HORÁRIO
152280;Cancelado;DIVERGENCIA DE PEDIDO
154328;Devolução;SEM PEDIDO
155841;Devolução;DIVERGENCIA DE PEDIDO
155840;Devolução;DIVERGENCIA DE PEDIDO
159549;Devolução;DIVERGENCIA DE PEDIDO
162313;Devolução;DIVERGENCIA DE PEDIDO
165457;Devolução;DIVERGENCIA DE CADASTRO
24688;Reentrega;FORA DE HORÁRIO
43828;Reentrega;ENTREGA FORA DE HORÁRIO
98440;Devolução;DIVERGENCIA DE PREÇO
98506;Devolução;DIVERGENCIA DE PREÇO
103868;Devolução;DIVERGENCIA DE PREÇO
98507;Devolução;DIVERGENCIA DE PREÇO
98472;Devolução;DIVERGENCIA DE PEDIDO
120596;Reentrega;FORA DE HORÁRIO
120595;Reentrega;FORA DE HORÁRIO
141930;Reentrega;FORA DE HORÁRIO
152432;Reentrega;FORA DE HORÁRIO
152433;Reentrega;FORA DE HORÁRIO
152434;Reentrega;FORA DE HORÁRIO
154672;Devolução;SEM PEDIDO
165432;Devolução;DIVERGENCIA DE CADASTRO
174104;Reentrega;FORA DE HORÁRIO
174105;Reentrega;FORA DE HORÁRIO
177373;Reentrega;FORA DE HORÁRIO
174107;Reentrega;FORA DE HORÁRIO
177374;Reentrega;FORA DE HORÁRIO
174104;Devolução;DIVERGENCIA DE PEDIDO
174105;Devolução;DIVERGENCIA DE PEDIDO
177373;Devolução;DIVERGENCIA DE PEDIDO
174107;Devolução;DIVERGENCIA DE PEDIDO
177374;Devolução;DIVERGENCIA DE PEDIDO
27983;Reentrega;NÃO CARREGOU
27984;Reentrega;NÃO CARREGOU
27981;Reentrega;NÃO CARREGOU
54028;Devolução;NF ERA PRA SER BONIFICADA E FOI COMO VENDA.
53969;Reentrega;FORA DE HORÁRIO
104869;Reentrega;ENTREGA FORA DE HORÁRIO
104865;Reentrega;ENTREGA FORA DE HORÁRIO
152101;Devolução;SEM PEDIDO
178191;Reentrega;QUALIDADE SEM DATA - TROCA DE MERCADORIA
178192;Reentrega;QUALIDADE SEM DATA - TROCA DE MERCADORIA
178192;Devolução;PEDIDO EM DUPLICIDADE
24689;Devolução;DESACORDO COM O PEDIDO
53919;Devolução;NF ERA PRA TER IDO COMO BONIFICAÇÃO E FOI COMO VENDA
66125;Reentrega;FORA DE HORÁRIO
66126;Reentrega;FORA DE HORÁRIO
81787;Reentrega;FORA DE HORÁRIO
81796;Reentrega;FORA DE HORÁRIO
81795;Reentrega;FORA DE HORÁRIO
120594;Reentrega;FORA DE HORÁRIO
120593;Reentrega;FORA DE HORÁRIO
120593;Devolução;DIVERGENCIA DE PEDIDO
129985;Reentrega;NÃO COUBE NO VEICULO DO MOTORISTA
129979;Reentrega;NÃO COUBE NO VEICULO DO MOTORISTA
129977;Reentrega;NÃO COUBE NO VEICULO DO MOTORISTA
129987;Reentrega;NÃO COUBE NO VEICULO DO MOTORISTA
152337;Cancelado;RECUSA - DIVERGENCIA DE PEDIDO
152338;Cancelado;RECUSA - DIVERGENCIA DE PEDIDO
162333;Devolução;DIVERGENCIA DE PEDIDO
165957;Reentrega;FORA DE HORÁRIO
165957;Devolução;DIVERGENCIA DE CADASTRO
5403;Reentrega;MERCADO QUERIA QUE O MOTORISTA DESCARREGASSE NO ESTOQUE DA LOJA
5401;Reentrega;MERCADO QUERIA QUE O MOTORISTA DESCARREGASSE NO ESTOQUE DA LOJA
5403;Reentrega;FALTA DE MERCADORIA
5401;Reentrega;FALTA DE MERCADORIA
53916;Devolução;NF ERA PRA TER IDO COMO BONIFICAÇÃO E FOI COMO VENDA
56813;Devolução;SEM PEDIDO
66129;Reentrega;FORA DE HORÁRIO
66130;Reentrega;FORA DE HORÁRIO
68456;Reentrega;FORA DE HORÁRIO
68455;Reentrega;FORA DE HORÁRIO
69779;Reentrega;CLIENTE SOLICITOU REENTREGA PARA O DIA 28/02
69778;Reentrega;CLIENTE SOLICITOU REENTREGA PARA O DIA 28/02
69777;Reentrega;CLIENTE SOLICITOU REENTREGA PARA O DIA 28/02
69776;Reentrega;CLIENTE SOLICITOU REENTREGA PARA O DIA 28/02
69779;Reentrega;CLIENTE SOLICITOU REENTREGA PARA O DIA 28/02
69778;Reentrega;CLIENTE SOLICITOU REENTREGA PARA O DIA 28/02
69777;Reentrega;CLIENTE SOLICITOU REENTREGA PARA O DIA 28/02
69776;Reentrega;CLIENTE SOLICITOU REENTREGA PARA O DIA 28/02
75624;Reentrega;FORA DE HORÁRIO
81793;Reentrega;FORA DE HORÁRIO
81792;Reentrega;FORA DE HORÁRIO
81791;Reentrega;FORA DE HORÁRIO
93149;Devolução;DIVERGENCIA DE PEDIDO
107174;Devolução;DIVERGENCIA DE PEDIDO
96734;Reentrega;CARRO QUEBROU
96735;Reentrega;CARRO QUEBROU
139852;Reentrega;FORA DE HORÁRIO
139853;Reentrega;FORA DE HORÁRIO
152335;Cancelado;RECUSA - DIVERGENCIA DE PEDIDO
164796;Reentrega;DIVERGENCIA DE PEDIDO
164797;Reentrega;DIVERGENCIA DE PEDIDO
166425;Reentrega;DIVERGENCIA DE PEDIDO
164796;Devolução;DIVERGENCIA DE PEDIDO
164797;Devolução;DIVERGENCIA DE PEDIDO
166425;Devolução;DIVERGENCIA DE PEDIDO
165961;Reentrega;FORA DE HORÁRIO
165961;Devolução;DIVERGENCIA DE CADASTRO
11874;Reentrega;FORA DE HORÁRIO
53872;Devolução;NF FATURADA COMO VENDA, SERIA BONIFICAÇÃO
56396;Devolução;SEM PEDIDO
62764;Devolução;PEDIDO EM DUPLICIDADE
62767;Reentrega;CLIENTE SOLICITOU REENTREGA
62766;Reentrega;CLIENTE SOLICITOU REENTREGA
62765;Reentrega;CLIENTE SOLICITOU REENTREGA
62767;Reentrega;NÃO FOI POSSIVEL PRORROGAR O BOLETO DA NF A TEMPO / REENTREGA
62766;Reentrega;NÃO FOI POSSIVEL PRORROGAR O BOLETO DA NF A TEMPO / REENTREGA
62765;Reentrega;NÃO FOI POSSIVEL PRORROGAR O BOLETO DA NF A TEMPO / REENTREGA
67769;Reentrega;FORA DE HORÁRIO
67766;Reentrega;FORA DE HORÁRIO
93913;Reentrega;ENTREGA FORA DE HORÁRIO
93912;Reentrega;ENTREGA FORA DE HORÁRIO
110344;Reentrega;DEU PROBLEMA NA NF DO MUFFATO E MOTORISTA FICOU PRESO. AS DEMAIS COM HORARIO DE RECEBIMENTO DEU COMO FORA DE HORÁRIO
110347;Reentrega;DEU PROBLEMA NA NF DO MUFFATO E MOTORISTA FICOU PRESO. AS DEMAIS COM HORARIO DE RECEBIMENTO DEU COMO FORA DE HORÁRIO
120097;Reentrega;FORA DE HORÁRIO
154596;Devolução;SEM PEDIDO
165581;Devolução;DIVERGENCIA DE CADASTRO
2391;Devolução;DIVERGENCIA DE PEDIDO
10255;Reentrega;FORA DE HORÁRIO
10261;Reentrega;FORA DE HORÁRIO
53731;Devolução;DIVERGENCIA DE PEDIDO
56521;Reentrega;FORA DE HORÁRIO
64612;Reentrega;FORA DE HORÁRIO
64613;Reentrega;FORA DE HORÁRIO
64904;Reentrega;FORA DE HORÁRIO
67912;Reentrega;FORA DE HORÁRIO
67898;Reentrega;FORA DE HORÁRIO
76101;Reentrega;ENTREGA FORA DE HORÁRIO
151789;Devolução;SEM PEDIDO
154332;Devolução;SEM PEDIDO
165505;Devolução;DIVERGENCIA DE CADASTRO
190732;Reentrega;FORA DE HORÁRIO
190731;Reentrega;FORA DE HORÁRIO
190730;Reentrega;FORA DE HORÁRIO
190730;Devolução;SEM PEDIDO
1666;Reentrega;FORA DE HORÁRIO
4902;Reentrega;FORA DE HORÁRIO
4900;Reentrega;FORA DE HORÁRIO
23072;Reentrega;FORA DE HORÁRIO
25711;Reentrega;ENTREGA FORA DE HORÁRIO
25712;Reentrega;ENTREGA FORA DE HORÁRIO
25718;Reentrega;ENTREGA FORA DE HORÁRIO
53727;Devolução;DIVERGENCIA DE PEDIDO
56555;Devolução;PEDIDO EM DUPLICIDADE
60697;Reentrega;FORA DE HORÁRIO
60695;Reentrega;FORA DE HORÁRIO
60696;Reentrega;FORA DE HORÁRIO
60694;Reentrega;FORA DE HORÁRIO
67903;Reentrega;FORA DE HORÁRIO
68192;Reentrega;FORA DE HORÁRIO
68191;Reentrega;FORA DE HORÁRIO
67903;Reentrega;FORA DE HORÁRIO
70649;Reentrega;FORA DE HORÁRIO
70650;Reentrega;FORA DE HORÁRIO
70651;Reentrega;FORA DE HORÁRIO
70652;Reentrega;FORA DE HORÁRIO
78754;Reentrega;FORA DE HORÁRIO
78754;Reentrega;FORA DE HORÁRIO
84282;Devolução;SEM PEDIDO
133721;Devolução;SEM PEDIDO
139027;Reentrega;FORA DE HORÁRIO
139025;Reentrega;FORA DE HORÁRIO
151841;Devolução;SEM PEDIDO
154338;Cancelado;SINISTRO
154330;Cancelado;SINISTRO
158180;Devolução;DIVERGENCIA DE PEDIDO
158179;Devolução;DIVERGENCIA DE PEDIDO
165491;Devolução;DIVERGENCIA DE CADASTRO
11907;Reentrega;CARRO QUEBROU
15908;Reentrega;TAPIOCA COM SACOS ESTOURADOS. CLIENTE NÃO FEZ NF PARCIAL E RECUSOU A NF.  PRECISOU ARRUMAR A CARGA
15909;Reentrega;TAPIOCA COM SACOS ESTOURADOS. CLIENTE NÃO FEZ NF PARCIAL E RECUSOU A NF.  PRECISOU ARRUMAR A CARGA
25602;Reentrega;FORA DE HORÁRIO
25598;Reentrega;FORA DE HORÁRIO
30368;Reentrega;FORA DE HORÁRIO
30374;Reentrega;FORA DE HORÁRIO
37513;Devolução;EM DESACORDO COM O PEDIDO
53651;Devolução;PEDIDO DUPLICADO
86355;Reentrega;FORA DE HORÁRIO
86355;Reentrega;Excesso de espera no cliente
154327;Devolução;SEM PEDIDO
162315;Devolução;DIVERGENCIA DE PEDIDO
165469;Devolução;DIVERGENCIA DE CADASTRO
36003;Reentrega;REENTREGAR. MOTORISTA FICOU PREÇO NA OUTRA LOJA REDE X
36009;Reentrega;REENTREGAR. MOTORISTA FICOU PREÇO NA OUTRA LOJA REDE X
36005;Reentrega;REENTREGAR. MOTORISTA FICOU PREÇO NA OUTRA LOJA REDE X
37495;Devolução;PEDIDO EM DESACORDO
53730;Devolução;DIVERGENCIA DE PEDIDO
105736;Reentrega;FORA DE HORÁRIO
120524;Devolução;faltou mercadoria e o cliente nao faz parcial
120525;Devolução;faltou mercadoria e o cliente nao faz parcial
154333;Devolução;SEM PEDIDO
165593;Devolução;DIVERGENCIA DE CADASTRO
187046;Reentrega;FORA DE HORÁRIO
187047;Reentrega;FORA DE HORÁRIO
190686;Devolução;PEDIDO EM DUPLICIDADE
4899;Reentrega;FORA DE HORÁRIO
37698;Devolução;DIVERGENCIA DE PEDIDO
113292;Reentrega;ENTREGA FORA DE HORÁRIO
113293;Reentrega;ENTREGA FORA DE HORÁRIO
154759;Devolução;PEDIDO EM DUPLICIDADE
165546;Devolução;DIVERGENCIA DE CADASTRO
100687;Reentrega;ENTREGA FORA DE HORÁRIO
100690;Reentrega;ENTREGA FORA DE HORÁRIO
141929;Reentrega;FORA DE HORÁRIO
152437;Devolução;ERRO DE FATURAMENTO
152436;Devolução;DIVERGENCIA DE PEDIDO
165740;Devolução;PEDIDO EM DUPLICIDADE
125031;Cancelado;PEDIDO CANCELADO
126513;Cancelado;PEDIDO CANCELADO
149842;Devolução;INVERSÃO DE PRODUTOS
152192;Devolução;INVERSÃO DE PRODUTOS
152381;Devolução;SEM PEDIDO
152380;Devolução;SEM PEDIDO
155134;Cancelado;EXTRAVIO DE CARGA
155135;Cancelado;EXTRAVIO DE CARGA
155137;Cancelado;EXTRAVIO DE CARGA
155136;Cancelado;EXTRAVIO DE CARGA
159208;Devolução;PEDIDO EXPIRADO
159206;Devolução;PEDIDO EM DUPLICIDADE
165530;Devolução;DIVERGENCIA DE CADASTRO
24448;Devolução;DIVERGENCIA DE CADASTRO
37535;Reentrega;FORA DE HORÁRIO
37533;Reentrega;FORA DE HORÁRIO
37528;Reentrega;FORA DE HORÁRIO
38295;Devolução;PEDIDO EM DUPLICIDADE
75410;Reentrega;ENTREGA FORA DE HORÁRIO
75418;Reentrega;ENTREGA FORA DE HORÁRIO
81453;Reentrega;CARRO QUEBROU
81458;Reentrega;CARRO QUEBROU
81459;Reentrega;CARRO QUEBROU
81460;Reentrega;CARRO QUEBROU
84334;Devolução;SEM PEDIDO
103859;Reentrega;ficou preso MERCADO CENTRAL
103858;Reentrega;ficou preso MERCADO CENTRAL
110255;Devolução;DIVERGENCIA DE PEDIDO
138995;Devolução;DESACORDO COMO O PEDIDO
138996;Devolução;DESACORDO COM O PEDIDO
140410;Devolução;DESACORDO COM O PEDIDO
141963;Reentrega;FORA DE HORÁRIO
141959;Reentrega;FORA DE HORÁRIO
152670;Devolução;DIVERGENCIA DE PEDIDO
152665;Devolução;DIVERGENCIA DE PEDIDO
154103;Devolução;PEDIDO EM DUPLICIDADE
158344;Devolução;SEM PEDIDO
158341;Devolução;SEM PEDIDO
165636;Devolução;DIVERGENCIA DE PEDIDO
190659;Reentrega;DIVERGENCIA DE PEDIDO
190659;Devolução;DESACORDO COM O PEDIDO
116040;Devolução;DIVERGENCIA DE CADASTRO
152272;Devolução;DIVERGENCIA DE PEDIDO
152276;Devolução;DIVERGENCIA DE PEDIDO
159754;Devolução;SEM PEDIDO
162316;Devolução;DIVERGENCIA DE PEDIDO
186845;Devolução;PEDIDO EM DUPLICIDADE
186846;Devolução;PEDIDO EM DUPLICIDADE
188681;Devolução;DIVERGENCIA DE PEDIDO
76968;Reentrega;ENTREGA FORA DE HORÁRIO
76969;Reentrega;ENTREGA FORA DE HORÁRIO
125490;Devolução;FALTA DE MERCADORIA
125489;Devolução;FALTA DE MERCADORIA
125488;Devolução;FALTA DE MERCADORIA
125487;Devolução;FALTA DE MERCADORIA
135132;Devolução;FALTA DE MERCADORIA
125486;Devolução;FALTA DE MERCADORIA
125485;Devolução;FALTA DE MERCADORIA
134427;Devolução;FALTA DE MERCADORIA
135604;Reentrega;FORA DE HORÁRIO
151818;Devolução;SEM PEDIDO
154331;Devolução;SEM PEDIDO
165596;Devolução;DIVERGENCIA DE CADASTRO
190791;Devolução;PEDIDO EM DUPLICIDADE
77505;Reentrega;NÃO SUBIU NO VEICULO DO MOTORISTA
77503;Reentrega;NÃO SUBIU NO VEICULO DO MOTORISTA
77502;Reentrega;NÃO SUBIU NO VEICULO DO MOTORISTA
110348;Reentrega;DEU PROBLEMA NA NF DO MUFFATO E MOTORISTA FICOU PRESO. AS DEMAIS COM HORARIO DE RECEBIMENTO DEU COMO FORA DE HORÁRIO
110345;Reentrega;DEU PROBLEMA NA NF DO MUFFATO E MOTORISTA FICOU PRESO. AS DEMAIS COM HORARIO DE RECEBIMENTO DEU COMO FORA DE HORÁRIO
120116;Reentrega;FORA DE HORÁRIO
125894;Reentrega;ERRO DE TRIBUTAÇÃO
133614;Reentrega;FORA DE HORÁRIO
133613;Reentrega;FORA DE HORÁRIO
125894;Cancelado;SEM PEDIDO
154730;Devolução;SEM PEDIDO
165499;Devolução;DIVERGENCIA DE CADASTRO
129308;Reentrega;FORA DE HORÁRIO
151860;Devolução;PEDIDO EM DUPLICIDADE
154140;Devolução;PEDIDO EM DUPLICIDADE
162354;Devolução;DIVERGENCIA DE PEDIDO
165623;Devolução;DIVERGENCIA DE CADASTRO
137337;Devolução;SEM PEDIDO
138150;Devolução;SEM PEDIDO
137336;Devolução;SEM PEDIDO
163243;Devolução;SEM BONIFICAÇÃO
176065;Devolução;DIVERGENCIA DE PEDIDO
179217;Devolução;DIVERGENCIA DE PEDIDO
175846;Devolução;ERRO DE FATURAMENTO
191587;Devolução;FOI NOTA DE VENDA, ERA PRA SER BONI
108367;Reentrega;PEDIDO DUPLICADO / VENDEDOR SOLICITOU PARA REENTREGAR
108367;Devolução;PEDIDO EM DUPLICIDADE
172587;Devolução;DIVERGENCIA DE PREÇO
176329;Devolução;ERRO DE FATURAMENTO
192874;Devolução;PEDIDO EM DUPLICIDADE
33634;Reentrega;ENTREGA FORA DE HORÁRIO
33633;Reentrega;ENTREGA FORA DE HORÁRIO
33634;Reentrega;MERCADORIA NÃO SUBIU NO CARRO DO MOTORISTA
33633;Reentrega;MERCADORIA NÃO SUBIU NO CARRO DO MOTORISTA
122088;Reentrega;FORA DE HORÁRIO
122089;Reentrega;FORA DE HORÁRIO
122088;Reentrega;NÃO CARREGADO
122089;Reentrega;NÃO CARREGADO
122088;Reentrega;FORA DE HORÁRIO
122089;Reentrega;FORA DE HORÁRIO
125560;Devolução;EXTRAVIO PELA TRANSPORTADORA
46323;Reentrega;MERCADO SOLICITA CARRO PEQUENO AO ENTREGAR NF
62246;Reentrega;CLIENTE COM ALTURA MAXIMA NA DOCA DE 2,20 DE ALTURA. CLIENTE SOLICITA ENTREGA COM UMA FIORINO
65881;Reentrega;Tem que ser carro menor nessa entrega
79032;Cancelado;SINISTRO COM VEICULO
87175;Reentrega;MOTORISTA NAO ENCONTROU O LOCAL
108022;Reentrega;FORA DE HORÁRIO
114892;Reentrega;MERCADORIA NÃO CARREGADA
68596;Reentrega;FORA DE HORÁRIO
75457;Reentrega;FORA DE HORÁRIO
53507;Devolução;BATATA PALHA DEVOLDIDA, SERA LANCADO NOVO PEDIDO
81920;Devolução;SEM PEDIDO
83215;Devolução;SEM PEDIDO
81913;Devolução;SEM PEDIDO
156131;Reentrega;FORA DE HORÁRIO
156130;Reentrega;FORA DE HORÁRIO
99444;Reentrega;FICOU PRESO ESPERANCA - 15
99442;Reentrega;FICOU PRESO ESPERANCA - 15
133308;Cancelado;SINISTRO COM VEICULO
133307;Cancelado;SINISTRO COM VEICULO
141749;Cancelado;EXTRAVIO DE CARGA
141745;Cancelado;EXTRAVIO DE CARGA
146371;Cancelado;EXTRAVIO DE CARGA
155376;Reentrega;LOJA SEM SISTEMA
155377;Reentrega;LOJA SEM SISTEMA
11399;Reentrega;FORA DE HORÁRIO
99865;Reentrega;ENTREGA FORA DE HORÁRIO
99866;Reentrega;ENTREGA FORA DE HORÁRIO
95810;Reentrega;FORA DE HORÁRIO
105051;Reentrega;FICOU PRESO BIG CD
112357;Cancelado;NF TEVE SUBSTITUIÇÃO
113028;Reentrega;FORA DE HORÁRIO
119711;Reentrega;FORA DE HORÁRIO
32123;Reentrega;ENTREGA FORA DE HORÁRIO
69372;Reentrega;MERCADORIA UMIDA / TROCAR CARGA E SEGUIR COM A REENTREGA
95409;Reentrega;FORA DE HORÁRIO
161338;Reentrega;LOJA EM BALANÇO
161337;Reentrega;LOJA EM BALANÇO
85383;Devolução;CLIENTE ENCERROU OPERAÇÃO
85382;Devolução;CLIENTE ENCERROU OPERAÇÃO
85381;Devolução;CLIENTE ENCERROU OPERAÇÃO
85380;Devolução;CLIENTE ENCERROU OPERAÇÃO
85379;Devolução;CLIENTE ENCERROU OPERAÇÃO
9128;Reentrega;NÃO CARREGADO
52897;Reentrega;CARRO QUEBROU. NÃO CONSEGUIU FAZER A ENTREGA
2315;Reentrega;FORA DE HORÁRIO
2315;Reentrega;NÃO CARREGADO
40868;Reentrega;DOCA DO MERCADO EM CONTRUÇÃO / REENTREGA
40869;Reentrega;DOCA DO MERCADO EM CONTRUÇÃO / REENTREGA
104324;Reentrega;FICOU PRESO PORTO SEGURO - 04
104325;Reentrega;FICOU PRESO PORTO SEGURO - 04
111015;Reentrega;ENTREGA FORA DE HORÁRIO
142354;Reentrega;FORA DE HORÁRIO
142354;Cancelado;PEDIDO EM DUPLICIDADE
43689;Reentrega;FORA DE HORÁRIO
43688;Reentrega;FORA DE HORÁRIO
49955;Reentrega;FORA DE HORÁRIO
49948;Reentrega;FORA DE HORÁRIO
49956;Reentrega;FORA DE HORÁRIO
49942;Reentrega;FORA DE HORÁRIO
49944;Reentrega;FORA DE HORÁRIO
83584;Cancelado;CARGA ROUBADA / SINISTRO
83589;Cancelado;CARGA ROUBADA / SINISTRO
83594;Cancelado;CARGA ROUBADA / SINISTRO
49427;Devolução;NF EM DUPLICIDADE
57324;Devolução;PEDIDO EM DUPLICIDADE
126405;Reentrega;EXCESSO DE PESO NO VEICULO
126404;Reentrega;EXCESSO DE PESO NO VEICULO
1901;Reentrega;FORA DE HORÁRIO
110673;Devolução;CLIENTE ENCERROU OPERAÇÃO
110672;Devolução;CLIENTE ENCERROU OPERAÇÃO
110671;Devolução;CLIENTE ENCERROU OPERAÇÃO
110674;Devolução;CLIENTE ENCERROU OPERAÇÃO
110675;Devolução;CLIENTE ENCERROU OPERAÇÃO
38005;Reentrega;FALTA DE MERCADORIA
38008;Reentrega;FALTA DE MERCADORIA
55099;Devolução;DIVERGENCIA DE PEDIDO
57724;Reentrega;PEDIU PARA REENTREGAR A PARTIR DO DIA 02/12
57725;Reentrega;PEDIU PARA REENTREGAR A PARTIR DO DIA 02/12
93769;Reentrega;ENTREGA FORA DE HORÁRIO
4919;Reentrega;FALTA DE MERCADORIA
4918;Reentrega;FALTA DE MERCADORIA
35340;Reentrega;ENTREGA FORA DE HORÁRIO
35339;Reentrega;ENTREGA FORA DE HORÁRIO
35338;Reentrega;ENTREGA FORA DE HORÁRIO
35334;Reentrega;ENTREGA FORA DE HORÁRIO
35324;Reentrega;ENTREGA FORA DE HORÁRIO
35323;Reentrega;ENTREGA FORA DE HORÁRIO
35322;Reentrega;ENTREGA FORA DE HORÁRIO
52244;Reentrega;FORA DE HORÁRIO
52250;Reentrega;FORA DE HORÁRIO
85378;Devolução;CLIENTE ENCERROU OPERAÇÃO
85377;Devolução;CLIENTE ENCERROU OPERAÇÃO
85375;Devolução;CLIENTE ENCERROU OPERAÇÃO
85376;Devolução;CLIENTE ENCERROU OPERAÇÃO
1699;Reentrega;FORA DE HORÁRIO
1700;Reentrega;FORA DE HORÁRIO
18337;Reentrega;ENTREGA FORA DE HORÁRIO
18336;Reentrega;ENTREGA FORA DE HORÁRIO
18338;Reentrega;ENTREGA FORA DE HORÁRIO
28180;Reentrega;FORA DE HORÁRIO
28181;Reentrega;FORA DE HORÁRIO
28182;Reentrega;FORA DE HORÁRIO
28184;Reentrega;FORA DE HORÁRIO
83840;Devolução;SEM PEDIDO
1694;Reentrega;FORA DE HORÁRIO
1695;Reentrega;FORA DE HORÁRIO
6054;Devolução;PEDIDO CANCELADO
6053;Devolução;PEDIDO CANCELADO
35403;Reentrega;FORA DE HORÁRIO
35410;Reentrega;FORA DE HORÁRIO
35412;Reentrega;FORA DE HORÁRIO
35409;Reentrega;FORA DE HORÁRIO
35407;Reentrega;FORA DE HORÁRIO
35408;Reentrega;FORA DE HORÁRIO
35411;Reentrega;FORA DE HORÁRIO
85415;Devolução;CLIENTE ENCERROU OPERAÇÃO
85416;Devolução;CLIENTE ENCERROU OPERAÇÃO
85417;Devolução;CLIENTE ENCERROU OPERAÇÃO
85418;Devolução;CLIENTE ENCERROU OPERAÇÃO
4914;Reentrega;FALTA DE MERCADORIA
4924;Reentrega;FALTA DE MERCADORIA
4923;Reentrega;FALTA DE MERCADORIA
40584;Devolução;mercadoria extraviada
86189;Reentrega;FORA DE HORÁRIO
86188;Reentrega;FORA DE HORÁRIO
86193;Reentrega;FORA DE HORÁRIO
86190;Reentrega;FORA DE HORÁRIO
6634;Reentrega;FORA DE HORÁRIO
6633;Reentrega;FORA DE HORÁRIO
6632;Reentrega;FORA DE HORÁRIO
6634;Reentrega;FORA DE HORÁRIO
6633;Reentrega;FORA DE HORÁRIO
6632;Reentrega;FORA DE HORÁRIO
37348;Devolução;SEM PEDIDO
57297;Devolução;PEDIDO EM DUPLICIDADE
60797;Cancelado;SINISTRO COM VEICULO
60798;Cancelado;SINISTRO COM VEICULO
60799;Cancelado;SINISTRO COM VEICULO
60800;Cancelado;SINISTRO COM VEICULO
60801;Cancelado;SINISTRO COM VEICULO
60802;Cancelado;SINISTRO COM VEICULO
1902;Reentrega;FORA DE HORÁRIO
93353;Reentrega;PRODUTO PROXIMO AO VENCIMENTO
93353;Devolução;SEM PEDIDO
2740;Reentrega;FORA DE HORÁRIO
2741;Reentrega;FORA DE HORÁRIO
2740;Reentrega;FORA DE HORÁRIO
2741;Reentrega;FORA DE HORÁRIO
2741;Reentrega;MOTORISTA NÃO CARREGOU
6366;Reentrega;FORA DE HORÁRIO
6363;Reentrega;FORA DE HORÁRIO
38003;Reentrega;FALTA DE MERCADORIA
38003;Devolução;SEM PEDIDO
50063;Devolução;PEDIDO DUPLICADO
79921;Devolução;SEM PEDIDO
86472;Reentrega;FORA DE HORÁRIO
86474;Reentrega;FORA DE HORÁRIO
86465;Reentrega;FORA DE HORÁRIO
86476;Reentrega;FORA DE HORÁRIO
86469;Reentrega;FORA DE HORÁRIO
6631;Reentrega;FORA DE HORÁRIO
6630;Reentrega;FORA DE HORÁRIO
6629;Reentrega;FORA DE HORÁRIO
6631;Reentrega;FORA DE HORÁRIO
6630;Reentrega;FORA DE HORÁRIO
6629;Reentrega;FORA DE HORÁRIO
83586;Cancelado;CARGA ROUBADA / SINISTRO
83590;Cancelado;CARGA ROUBADA / SINISTRO
38006;Reentrega;FALTA DE MERCADORIA
60803;Cancelado;SINISTRO COM VEICULO
60804;Cancelado;SINISTRO COM VEICULO
60805;Cancelado;SINISTRO COM VEICULO
60806;Cancelado;SINISTRO COM VEICULO
60807;Cancelado;SINISTRO COM VEICULO
100677;Devolução;DIVERGENCIA DE PREÇO
103239;Devolução;DIVERGENCIA DE PREÇO
38007;Reentrega;FALTA DE MERCADORIA
38004;Reentrega;FALTA DE MERCADORIA
94543;Devolução;SEM PEDIDO
4566;Reentrega;MERCADORIA FOI ENVIADA ERRADA -  JÁ FOI AJUSTADO!
2742;Reentrega;FORA DE HORÁRIO
50071;Reentrega;ENTREGA FORA DE HORÁRIO
50062;Reentrega;ENTREGA FORA DE HORÁRIO
50069;Reentrega;ENTREGA FORA DE HORÁRIO
50075;Reentrega;ENTREGA FORA DE HORÁRIO
57703;Reentrega;MOTORISTA SOFREU TENTANTIVA DE ASSALTO - NÃO CONSEGUIU CONCLUIR AS ENTREGAS. (ASSALTANTES NÃO LEVARAM NADA)
57704;Reentrega;MOTORISTA SOFREU TENTANTIVA DE ASSALTO - NÃO CONSEGUIU CONCLUIR AS ENTREGAS. (ASSALTANTES NÃO LEVARAM NADA)
57705;Reentrega;MOTORISTA SOFREU TENTANTIVA DE ASSALTO - NÃO CONSEGUIU CONCLUIR AS ENTREGAS. (ASSALTANTES NÃO LEVARAM NADA)
86480;Reentrega;FORA DE HORÁRIO
86463;Reentrega;FORA DE HORÁRIO
86459;Reentrega;FORA DE HORÁRIO
86460;Reentrega;FORA DE HORÁRIO
86478;Reentrega;FORA DE HORÁRIO
23545;Reentrega;FALTOU 1CX DE CANELA EM CASCA DE 10G FISICAMENTE. MOTORISTA RETORNOU COM A CARGA PRA ARRUMAR,. CLIENTE NÃO FEZ NF PARCIAL.
23545;Devolução;PEDIDO EXPIRADO
64096;Reentrega;CLIENTE SEM SISTEMA / REENTREGAR
93277;Devolução;PEDIDO EM DUPLICIDADE
38130;Reentrega;FORA DE HORÁRIO
51892;Reentrega;ENTREGA FORA DE HORÁRIO
51891;Reentrega;ENTREGA FORA DE HORÁRIO
51890;Reentrega;ENTREGA FORA DE HORÁRIO
51895;Reentrega;ENTREGA FORA DE HORÁRIO
51889;Reentrega;ENTREGA FORA DE HORÁRIO
84329;Reentrega;FORA DE HORÁRIO
84328;Reentrega;FORA DE HORÁRIO
4917;Reentrega;FALTA DE MERCADORIA
4916;Reentrega;FALTA DE MERCADORIA
4917;Reentrega;FORA DE HORÁRIO
4916;Reentrega;FORA DE HORÁRIO
35366;Devolução;PEDIDO EM DUPLICIDADE
35362;Devolução;PEDIDO EM DUPLICIDADE
85452;Devolução;CLIENTE ENCERROU OPERAÇÃO
85453;Devolução;CLIENTE ENCERROU OPERAÇÃO
85455;Devolução;CLIENTE ENCERROU OPERAÇÃO
85451;Devolução;CLIENTE ENCERROU OPERAÇÃO
85454;Devolução;CLIENTE ENCERROU OPERAÇÃO
51002;Devolução;NF TEVE SUBSTITUIÇÃO
53164;Reentrega;NF DE SUBSTITUIÇÃO REALIZADA / REENTREGAR COM NOVA NOTA
85513;Devolução;CLIENTE ENCERROU OPERAÇÃO
85512;Devolução;CLIENTE ENCERROU OPERAÇÃO
85511;Devolução;CLIENTE ENCERROU OPERAÇÃO
85510;Devolução;CLIENTE ENCERROU OPERAÇÃO
85509;Devolução;CLIENTE ENCERROU OPERAÇÃO
6249;Reentrega;FORA DE HORÁRIO
6248;Reentrega;FORA DE HORÁRIO
6247;Reentrega;FORA DE HORÁRIO
57736;Reentrega;NÃO CARREGOU
57735;Reentrega;NÃO CARREGOU
57734;Reentrega;NÃO CARREGOU
57732;Reentrega;NÃO CARREGOU
9693;Reentrega;FORA DE HORÁRIO
9694;Reentrega;FORA DE HORÁRIO
9695;Reentrega;FORA DE HORÁRIO
5008;Reentrega;FORA DE HORÁRIO
5018;Reentrega;FORA DE HORÁRIO
5017;Reentrega;FORA DE HORÁRIO
17940;Devolução;LOJA INOPERANTE. EM REFORMA
17935;Devolução;LOJA INOPERANTE. EM REFORMA
17937;Devolução;LOJA INOPERANTE. EM REFORMA
20347;Devolução;ESTABELECIMENTO CONSTA FECHADO. SEM OPERAÇÃO. PELO OCORRIDO DO TETO TER CAÍDO.
20340;Devolução;ESTABELECIMENTO CONSTA FECHADO. SEM OPERAÇÃO. PELO OCORRIDO DO TETO TER CAÍDO.
20349;Devolução;ESTABELECIMENTO CONSTA FECHADO. SEM OPERAÇÃO. PELO OCORRIDO DO TETO TER CAÍDO.
46663;Reentrega;Falou os 3 cx caloríficos 70g ARRUMAR A CARGA
46663;Reentrega;MERCADORIA NÃO SUBIU NO CARRO DO MOTORISTA.
51003;Reentrega;CLIENTE EM INVENTÁRIO. ENTREGAR 07/11
51004;Reentrega;CLIENTE EM INVENTÁRIO. ENTREGAR 07/11
4776;Reentrega;FORA DE HORÁRIO
4777;Reentrega;FORA DE HORÁRIO
4776;Reentrega;MOTORISTA NÃO CARREGOU
4777;Reentrega;MOTORISTA NÃO CARREGOU
49834;Devolução;PEDIDO EM DUPLICIDADE
110679;Reentrega;FORA DE HORÁRIO
110678;Reentrega;FORA DE HORÁRIO
110677;Reentrega;FORA DE HORÁRIO
110680;Reentrega;FORA DE HORÁRIO
110681;Reentrega;FORA DE HORÁRIO
844;Reentrega;FORA DE HORÁRIO
845;Reentrega;FORA DE HORÁRIO
846;Reentrega;FORA DE HORÁRIO
3537;Reentrega;NAO CARREGOU
3537;Reentrega;NÃO CARREGADO
28212;Reentrega;FORA DE HORÁRIO
28213;Reentrega;FORA DE HORÁRIO
28214;Reentrega;FORA DE HORÁRIO
28216;Reentrega;FORA DE HORÁRIO
52373;Reentrega;CLIENTE SOLICITOU REENTREGA
52374;Reentrega;CLIENTE SOLICITOU REENTREGA
52381;Reentrega;CLIENTE SOLICITOU REENTREGA
52368;Reentrega;CLIENTE SOLICITOU REENTREGA
52369;Reentrega;CLIENTE SOLICITOU REENTREGA
52372;Reentrega;CLIENTE SOLICITOU REENTREGA
52373;Reentrega;FORA DE HORÁRIO
52374;Reentrega;FORA DE HORÁRIO
52381;Reentrega;FORA DE HORÁRIO
52368;Reentrega;FORA DE HORÁRIO
52369;Reentrega;FORA DE HORÁRIO
52372;Reentrega;FORA DE HORÁRIO
4032;Reentrega;CARRO QUEBROU
35532;Devolução;PEDIDO EM DUPLICIDADE
35531;Devolução;PEDIDO EM DUPLICIDADE
49531;Devolução;NF DUPLICADA
807;Reentrega;FORA DE HORÁRIO
41603;Reentrega;FORA DE HORÁRIO
139709;Reentrega;FORA DE HORÁRIO
139715;Reentrega;FORA DE HORÁRIO
133892;Reentrega;FORA DE HORÁRIO
50096;Devolução;PEDIDO EM DUPLICIDADE
93526;Devolução;SEM PEDIDO
93528;Devolução;SEM PEDIDO
93518;Devolução;SEM PEDIDO
93517;Devolução;SEM PEDIDO
133893;Reentrega;FORA DE HORÁRIO
133891;Reentrega;FORA DE HORÁRIO
2199;Reentrega;NÃO CARREGOU
2199;Reentrega;LOJA SEM SISTEMA
2199;Reentrega;FORA DE HORÁRIO
2199;Devolução;PEDIDO EM DUPLICIDADE
79297;Devolução;PRODUTO NÃO CADASTRADO
6099;Reentrega;FORA DE HORÁRIO
6099;Reentrega;MOTORISTA NÃO CARREGOU!
3621;Reentrega;FORA DE HORÁRIO
3622;Reentrega;FORA DE HORÁRIO
49640;Reentrega;FORA DE HORÁRIO
49637;Reentrega;FORA DE HORÁRIO
49639;Reentrega;FORA DE HORÁRIO
49633;Reentrega;FORA DE HORÁRIO
93085;Devolução;SEM PEDIDO
126380;Reentrega;FORA DE HORÁRIO
126383;Reentrega;FORA DE HORÁRIO
3761;Devolução;SEM PEDIDO
35808;Devolução;MERCADO ENCERROU ATIVIDADES - RECUSA
35809;Devolução;MERCADO ENCERROU ATIVIDADES - RECUSA
35820;Devolução;MERCADO ENCERROU ATIVIDADES - RECUSA
35821;Devolução;MERCADO ENCERROU ATIVIDADES - RECUSA
63527;Devolução;LOJA SEM ESPAÇO. SEGUIR COM A RECUSA DA NF.
63519;Devolução;LOJA SEM ESPAÇO. SEGUIR COM A RECUSA DA NF.
63514;Devolução;Loja sem espaço. seguir com a recusa
84918;Devolução;SEM PEDIDO
84927;Devolução;SEM PEDIDO
87181;Devolução;FALTA DE MERCADORIA
75114;Devolução;EXTRAVIO DE MERCADORIA
84938;Devolução;PRODUTO COM AVARIA
91309;Devolução;SEM PEDIDO
20459;Reentrega;CARREGADO ERRADO
20461;Reentrega;CARREGADO ERRADO
20462;Reentrega;CARREGADO ERRADO
20463;Reentrega;CARREGADO ERRADO
145466;Reentrega;FORA DE HORÁRIO
145465;Reentrega;FORA DE HORÁRIO
145464;Reentrega;FORA DE HORÁRIO
145464;Cancelado;PEDIDO EM DUPLICIDADE
11240;Reentrega;FORA DE HORÁRIO
11241;Reentrega;FORA DE HORÁRIO
170610;Reentrega;FORA DE HORÁRIO
94306;Devolução;PEDIDO EM DUPLICIDADE
94309;Devolução;PEDIDO EM DUPLICIDADE
103863;Devolução;PEDIDO EM DUPLICIDADE
37163;Reentrega;ENTREGA FORA DE HORÁRIO
54667;Reentrega;CARRO QUEBROU. MERCADORIA DESCARREGADA NA EMPRESA.
54665;Reentrega;CARRO QUEBROU. MERCADORIA DESCARREGADA NA EMPRESA.
73627;Reentrega;MERCADO COM 1 PALETES DE PRODUTOS PARA COLETAR / ENTREGAR E COLETAR!
73625;Reentrega;MERCADO COM 1 PALETES DE PRODUTOS PARA COLETAR / ENTREGAR E COLETAR!
73629;Reentrega;MERCADO COM 1 PALETES DE PRODUTOS PARA COLETAR / ENTREGAR E COLETAR!
73627;Reentrega;ENTREGA FORA DE HORÁRIO
73625;Reentrega;ENTREGA FORA DE HORÁRIO
73629;Reentrega;ENTREGA FORA DE HORÁRIO
73627;Devolução;CLIENTE RECUSOU A NF. VENDEDORA FICOU DE TIRAR UM NOVO PEDIDO
73625;Devolução;CLIENTE RECUSOU A NF. VENDEDORA FICOU DE TIRAR UM NOVO PEDIDO
73629;Devolução;CLIENTE RECUSOU A NF. VENDEDORA FICOU DE TIRAR UM NOVO PEDIDO
108680;Reentrega;FORA DE HORÁRIO
122846;Devolução;PEDIDO NA LIXEIRA
122845;Devolução;PEDIDO NA LIXEIRA
128717;Reentrega;PRODUTO NÃO CADASTRADO
131746;Devolução;DIVERGENCIA DE PEDIDO
38063;Reentrega;PEDIDO NA LIXEIRA (VENDEDOR SOLICITOU REENTREGA)
190433;Reentrega;FORA DE HORÁRIO
37507;Reentrega;ENTREGA FORA DE HORÁRIO
71129;Reentrega;FORA DE HORÁRIO
71129;Reentrega;FORA DE HORÁRIO
71129;Reentrega;CLIENTE NÃO ACEITOU A ENTREGA SE NÃO COLETASSE A MERCADORIA DE TROCA NO CLIENTE / 2TON DE MERCADORIAS DE TROCAS
71129;Reentrega;FORA DE HORÁRIO
71129;Devolução;PEDIDO EXPIRADO
128821;Reentrega;PRODUTO NÃO CADASTRADO
128821;Devolução;PRODUTO NÃO CADASTRADO
132792;Devolução;PEDIDO EM DUPLICIDADE
147011;Cancelado;DIVERGÊNCIA DE VALORES
153943;Cancelado;DIVERGÊNCIA DE VALORES
153038;Reentrega;NÃO FOI FATURADO A NF
182167;Reentrega;FORA DE HORÁRIO
182167;Reentrega;FORA DE HORÁRIO
10721;Devolução;DIVERGENCIA DE PEDIDO
82047;Devolução;PEDIDO EM DUPLICIDADE
107398;Reentrega;LOJA EM BALANÇO
107397;Reentrega;LOJA EM BALANÇO
107396;Reentrega;LOJA EM BALANÇO
107394;Reentrega;LOJA EM BALANÇO
107399;Reentrega;LOJA EM BALANÇO
167327;Devolução;PEDIDO EM DUPLICIDADE
175063;Reentrega;FORA DE HORÁRIO
187808;Reentrega;FORA DE HORÁRIO
10702;Reentrega;LOJA EM INVENTARIO
10703;Reentrega;LOJA EM INVENTARIO
76543;Reentrega;LOJA EM BALANÇO - REENTREGAR 24/03
76547;Reentrega;LOJA EM BALANÇO - REENTREGAR 24/03
129045;Reentrega;FORA DE HORÁRIO
129042;Reentrega;FORA DE HORÁRIO
129043;Reentrega;FORA DE HORÁRIO
129044;Reentrega;FORA DE HORÁRIO
130045;Devolução;DIVERGENCIA DE PEDIDO
39194;Reentrega;FORA DE HORÁRIO
167182;Devolução;SEM PEDIDO
45184;Reentrega;FORA DE HORÁRIO
107721;Devolução;SEM PEDIDO
39180;Reentrega;FORA DE HORÁRIO
39180;Reentrega;FORA DE HORÁRIO
39180;Devolução;PEDIDO EXPIRADO
170892;Reentrega;SEM AGENDAMENTO
170892;Devolução;SEM AGENDAMENTO
177677;Devolução;SEM PEDIDO
76513;Reentrega;TEM QUE MANDAR UM CARRO MAIOR PARA RETIRAR TROCAS. SE NÃO CLIENTE NÃO RECEBE
76516;Reentrega;TEM QUE MANDAR UM CARRO MAIOR PARA RETIRAR TROCAS. SE NÃO CLIENTE NÃO RECEBE
76514;Reentrega;TEM QUE MANDAR UM CARRO MAIOR PARA RETIRAR TROCAS. SE NÃO CLIENTE NÃO RECEBE
2569;Reentrega;FORA DE HORÁRIO
49872;Reentrega;FORA DE HORÁRIO
49882;Reentrega;FORA DE HORÁRIO
49879;Reentrega;FORA DE HORÁRIO
49872;Devolução;PEDIDO EXPIRADO
49882;Devolução;PEDIDO EXPIRADO
49879;Devolução;PEDIDO EXPIRADO
79038;Cancelado;SINISTRO COM VEICULO
79037;Cancelado;SINISTRO COM VEICULO
108024;Reentrega;FORA DE HORÁRIO
39200;Reentrega;FORA DE HORÁRIO
3568;Reentrega;FORA DE HORÁRIO
3569;Reentrega;FORA DE HORÁRIO
3568;Reentrega;CARRO QUEBROU
3569;Reentrega;CARRO QUEBROU
55289;Reentrega;DEU PROBLEMA INTERNO DE SISTEMA CLIENTE. DEU FORA DE HORARIO
55288;Reentrega;DEU PROBLEMA INTERNO DE SISTEMA CLIENTE. DEU FORA DE HORARIO
55293;Reentrega;DEU PROBLEMA INTERNO DE SISTEMA CLIENTE. DEU FORA DE HORARIO
55289;Reentrega;NÃO CARREGOU
55288;Reentrega;NÃO CARREGOU
55293;Reentrega;NÃO CARREGOU
55289;Devolução;NF RECUSADA PELO CLIENTE
55288;Devolução;NF RECUSADA PELO CLIENTE
55293;Devolução;NF RECUSADA PELO CLIENTE
107748;Reentrega;LOJA EM BALANÇO
176196;Devolução;DIVERGENCIA DE PEDIDO
187401;Reentrega;FORA DE HORÁRIO
187402;Reentrega;FORA DE HORÁRIO
67167;Reentrega;CLIENTE QUERENDO EMITIR NFD COM PRODUTOS QUE NÃO CONSTAVAM NO FISICO DO MERCADO / MOTORISTA NÃO PODIA FICAR ESPERANDO MUITO TEMPO NO CLIENTE SE NÃO AS OUTRAS ENTREGAS SERIAM PREJUDICADAS
70892;Reentrega;CLIENTE COM TROCAS DE 450KG PARA REALIZAR / FOI SOLICITADO AO MOTORISTA PARA FAZER AS OUTRAS ENTREGAS E, DEPOIS RETORNAR PARA COLETAR, PORÉM JÁ NÃO DAVA MAIS TEMPO!
73510;Reentrega;CLIENTE COM TROCAS DE 450KG PARA REALIZAR / FOI SOLICITADO AO MOTORISTA PARA FAZER AS OUTRAS ENTREGAS E, DEPOIS RETORNAR PARA COLETAR, PORÉM JÁ NÃO DAVA MAIS TEMPO!
70892;Reentrega;CLIENTE NÃO CONSEGUIU RECEBER A NF PORQUE ESTAVA ALEGANDO PROBLEMA NO SEFAZ - CLIENTE AGORA SOLICITOU REENTREGA / TEM TROCAS PARA RETIRAR NESSE MERCADO!
73510;Reentrega;CLIENTE NÃO CONSEGUIU RECEBER A NF PORQUE ESTAVA ALEGANDO PROBLEMA NO SEFAZ - CLIENTE AGORA SOLICITOU REENTREGA / TEM TROCAS PARA RETIRAR NESSE MERCADO!
70892;Devolução;NF RECUSADA NO SEFAZ PELO CLIENTE
73510;Devolução;NF RECUSADA NO SEFAZ PELO CLIENTE
85098;Reentrega;FORA DE HORÁRIO
108051;Reentrega;FORA DE HORÁRIO
108051;Reentrega;DEMORA NO RECEBIMENTO / REENTREGAR
39192;Reentrega;FORA DE HORÁRIO
175062;Reentrega;FORA DE HORÁRIO
182963;Reentrega;FORA DE HORÁRIO
182962;Reentrega;FORA DE HORÁRIO
182963;Devolução;SEM PEDIDO
187803;Reentrega;FORA DE HORÁRIO
187805;Reentrega;FORA DE HORÁRIO
190148;Reentrega;LOJA EM BALANÇO
81772;Reentrega;FORA DE HORÁRIO
81772;Reentrega;FORA DE HORÁRIO
81772;Devolução;CLIENTE RECUSOU NF NO SEFAZ
90860;Reentrega;ENTREGA FORA DE HORÁRIO
90859;Reentrega;ENTREGA FORA DE HORÁRIO
90859;Devolução;SEM PEDIDO. CLIENTE RECUSOU ( NÃO LIBERADO NA SEFAZ )
128795;Reentrega;PRODUTO NÃO CADASTRADO
128794;Reentrega;PRODUTO NÃO CADASTRADO
128793;Reentrega;PRODUTO NÃO CADASTRADO
150465;Reentrega;FORA DE HORÁRIO
150465;Devolução;DIVERGENCIA DE PREÇO
170581;Reentrega;FORA DE HORÁRIO
170580;Reentrega;FORA DE HORÁRIO
170579;Reentrega;FORA DE HORÁRIO
173757;Devolução;SEM PEDIDO
3292;Reentrega;FORA DE HORÁRIO
5950;Reentrega;LOJA EM BALANÇO
5949;Reentrega;LOJA EM BALANÇO
38571;Reentrega;FORA DE HORÁRIO
38577;Reentrega;FORA DE HORÁRIO
38578;Reentrega;FORA DE HORÁRIO
39137;Reentrega;FORA DE HORÁRIO
67539;Reentrega;FORA DE HORÁRIO
107806;Devolução;DIVERGENCIA DE PEDIDO
122630;Reentrega;MERCADORIA NÃO CARREGADA NO MOTORISTA
161639;Reentrega;FORA DE HORÁRIO
171649;Reentrega;SEM AGENDAMENTO
171649;Reentrega;FORA DE HORÁRIO
171649;Devolução;PEDIDO EXPIRADO
37670;Reentrega;LOJA EM BALANÇO
37674;Reentrega;LOJA EM BALANÇO
41789;Reentrega;FICOU PRESO NO COMERCIAL TATENO - KLABIN , CHEGOU FORA DO RECEBIMENTO
61305;Cancelado;SINISTRO
61302;Cancelado;SINISTRO
61303;Cancelado;SINISTRO
61304;Cancelado;SINISTRO
61306;Cancelado;SINISTRO
80708;Reentrega;TAPIOCA UMIDA
80707;Reentrega;TAPIOCA UMIDA
113993;Reentrega;CARRO QUEBROU
113992;Reentrega;CARRO QUEBROU
113991;Reentrega;CARRO QUEBROU
138009;Devolução;SEM TRIBUTAÇÃO FISCAL NA NOTA
170671;Reentrega;FORA DE HORÁRIO
170670;Reentrega;FORA DE HORÁRIO
11386;Reentrega;RECEBIMENTO FECHADO NO HORARIO DA ENTREGA
11386;Reentrega;MOTORISTA NÃO CARREGOU
17176;Reentrega;ENTREGA FORA DE HORÁRIO
17175;Reentrega;ENTREGA FORA DE HORÁRIO
17174;Reentrega;ENTREGA FORA DE HORÁRIO
17177;Reentrega;ENTREGA FORA DE HORÁRIO
134982;Reentrega;FORA DE HORÁRIO
38060;Reentrega;FORA DE HORÁRIO
40454;Devolução;SEM PEDIDO
3536;Reentrega;NAO CARREGOU
108336;Devolução;SEM PEDIDO
113909;Reentrega;LOJA EM BALANÇO
128929;Reentrega;PRODUTO NÃO CADASTRADO
128928;Reentrega;PRODUTO NÃO CADASTRADO
128927;Reentrega;PRODUTO NÃO CADASTRADO
138243;Cancelado;CLIENTE COM PROBLEMA SISTEMICO
43319;Reentrega;FORA DE HORÁRIO
107877;Devolução;PRODUTO COM DIVERGÊNCIA NO VALOR
128688;Reentrega;PRODUTO NÃO CADASTRADO
128687;Reentrega;PRODUTO NÃO CADASTRADO
128690;Reentrega;PRODUTO NÃO CADASTRADO
128692;Reentrega;PRODUTO NÃO CADASTRADO
38058;Reentrega;FALTA DE MERCADORIA
38058;Reentrega;FALTA DE MERCADORIA
175857;Devolução;avaria
40452;Devolução;SEM PEDIDO
182674;Reentrega;FORA DE HORÁRIO
52947;Reentrega;ESTOQUE CHEIO. REENTREGAR
107870;Devolução;PRODUTO COM DIVERGÊNCIA NO VALOR
114038;Reentrega;FORA DE HORÁRIO
114038;Reentrega;ENTREGA FORA DE HORÁRIO
38055;Reentrega;FALTA DE MERCADORIA
40453;Devolução;SEM PEDIDO
182676;Reentrega;FORA DE HORÁRIO
182675;Reentrega;FORA DE HORÁRIO
182676;Reentrega;FORA DE HORÁRIO
182675;Reentrega;FORA DE HORÁRIO
71474;Reentrega;LOJA EM INVENTARIO
71475;Reentrega;LOJA EM INVENTARIO
71474;Reentrega;PEDIDO NA LIXEIRA / COMERCIAL SOLICITOU A REENTREGA
71475;Reentrega;PEDIDO NA LIXEIRA / COMERCIAL SOLICITOU A REENTREGA
78912;Reentrega;FORA DE HORÁRIO
78913;Reentrega;FORA DE HORÁRIO
113818;Devolução;CLIENTE ENCERROU OPERAÇÃO
113817;Devolução;CLIENTE ENCERROU OPERAÇÃO
6599;Reentrega;FORA DE HORÁRIO
45189;Devolução;PEDIDO EM DUPLICIDADE
60598;Devolução;SEM PEDIDO
40201;Devolução;DIVERGENCIA DE PEDIDO
5082;Reentrega;FORA DE HORÁRIO
49776;Reentrega;LOJA EM INVENTÁRIO
49777;Reentrega;LOJA EM INVENTÁRIO
49778;Reentrega;LOJA EM INVENTÁRIO
149681;Reentrega;FORA DE HORÁRIO
39176;Reentrega;FORA DE HORÁRIO
176229;Devolução;SEM PEDIDO
53619;Reentrega;ESTOQUE CHEIO. REENTREGAR
86029;Reentrega;ENTREGA FORA DE HORÁRIO
113815;Devolução;CLIENTE ENCERROU OPERAÇÃO
20852;Devolução;IMPROPRIO PRA CONSUMO
20851;Devolução;IMPROPRIO PRA CONSUMO
43132;Reentrega;FORA DE HORÁRIO
43132;Reentrega;FORA DE HORÁRIO
43132;Reentrega;MERCADORIA NÃO SUBIU NO CARRO DO MOTORISTA. REENTREGAR.
66990;Reentrega;FORA DE HORÁRIO
107842;Devolução;SEM PEDIDO
40200;Devolução;DIVERGENCIA DE PEDIDO
173141;Devolução;PEDIDO EXPIRADO
182729;Reentrega;FORA DE HORÁRIO
192097;Reentrega;LOJA EM BALANÇO
192098;Reentrega;LOJA EM BALANÇO
192099;Reentrega;LOJA EM BALANÇO
192102;Reentrega;LOJA EM BALANÇO
17201;Reentrega;ESTOQUE CHEIO
17205;Reentrega;ESTOQUE CHEIO
53261;Devolução;QUANTIDADE DIVERGENTE DO COMBINADO
154324;Reentrega;FORA DE HORÁRIO
154324;Devolução;PEDIDO EM DUPLICIDADE
53324;Reentrega;ESTOQUE CHEIO
76841;Reentrega;FORA DE HORÁRIO
76840;Reentrega;FORA DE HORÁRIO
115337;Reentrega;FORA DE HORÁRIO
128926;Reentrega;PRODUTO NÃO CADASTRADO
128925;Reentrega;PRODUTO NÃO CADASTRADO
128924;Reentrega;PRODUTO NÃO CADASTRADO
129916;Devolução;PEDIDO EM DUPLICIDADE
148447;Reentrega;FORA DE HORÁRIO
148446;Reentrega;FORA DE HORÁRIO
3855;Reentrega;FORA DE HORÁRIO
3856;Reentrega;FORA DE HORÁRIO
32866;Reentrega;FORA DE HORÁRIO
32869;Reentrega;FORA DE HORÁRIO
39098;Reentrega;ENTREGA FORA DE HORÁRIO
39096;Reentrega;ENTREGA FORA DE HORÁRIO
80583;Reentrega;QUALIDADE RECUSADA - AMARELADA
116484;Reentrega;FORA DE HORÁRIO
162438;Reentrega;FORA DE HORÁRIO
86965;Cancelado;DIVERGENCIA DE PEDIDO
86961;Cancelado;DIVERGENCIA DE PEDIDO
87288;Cancelado;DIVERGENCIA DE PREÇO
187807;Reentrega;FORA DE HORÁRIO
53466;Devolução;PEDIDO EXPIRADO, SEGUIR COM RECUSA
107759;Reentrega;ENTREGA FORA DE HORÁRIO
143650;Devolução;DIVERGÊNCIA DE IMPOSTO
155899;Devolução;SEM PEDIDO
162729;Reentrega;FORA DE HORÁRIO
187212;Reentrega;FORA DE HORÁRIO
187643;Cancelado;SINISTRO COM VEICULO
32709;Reentrega;ENTREGA FORA DE HORÁRIO
32710;Reentrega;ENTREGA FORA DE HORÁRIO
32712;Reentrega;ENTREGA FORA DE HORÁRIO
32716;Reentrega;ENTREGA FORA DE HORÁRIO
137616;Reentrega;FORA DE HORÁRIO
137616;Reentrega;SEM SISTEMA
137616;Devolução;TROCA DE SISTEMA NA REDE - DANDO ERRO
39166;Reentrega;FORA DE HORÁRIO
40195;Cancelado;FALTA DE MERCADORIA
190471;Reentrega;LOJA EM BALANÇO
38722;Devolução;DIVERGENCIA DE PEDIDO
53144;Devolução;PEDIDO ERRADO
107713;Devolução;DIVERGENCIA DE PREÇO
137615;Reentrega;FORA DE HORÁRIO
137615;Reentrega;Estava sem sistema
139695;Reentrega;FORA DE HORÁRIO
139696;Reentrega;FORA DE HORÁRIO
177503;Devolução;PEDIDO EXPIRADO
187493;Reentrega;FORA DE HORÁRIO
5885;Cancelado;DIVERGENCIA DE PEDIDO
100533;Reentrega;FICOU PRESO NO SEMAR SUPERMERCADOS - 18
100531;Reentrega;FICOU PRESO NO SEMAR SUPERMERCADOS - 18
38053;Devolução;PEDIDO NA LIXEIRA
138289;Devolução;ERRO DE SISTEMA LOJA
49698;Devolução;PEDIDO EXPIRADO
67538;Reentrega;FORA DE HORÁRIO
172015;Reentrega;FORA DE HORÁRIO
11122;Reentrega;LOJA EM BALANÇO
11123;Reentrega;LOJA EM BALANÇO
11122;Reentrega;LOJA EM BALANÇO
11123;Reentrega;LOJA EM BALANÇO
11123;Devolução;SEM PROMOTOR
53380;Devolução;DEVOLVIDO PELO COMERCIAL DO MERCADO
123217;Reentrega;SEM AGENDAMENTO
123217;Reentrega;MERCADO EM REFORMA
123217;Reentrega;FORA DE HORÁRIO
143698;Cancelado;divergencia de imposto
40207;Devolução;DIVERGENCIA DE PEDIDO
181994;Reentrega;Cliente fechado
181994;Reentrega;FORA DE HORÁRIO
100675;Reentrega;FORA DE HORÁRIO
100676;Reentrega;FORA DE HORÁRIO
100680;Reentrega;FORA DE HORÁRIO
116851;Reentrega;FORA DE HORÁRIO
116850;Reentrega;FORA DE HORÁRIO
39337;Devolução;SEM PEDIDO
176113;Devolução;SEM PEDIDO
49964;Reentrega;CLIENTE EM INVENTÁRIO.
49966;Reentrega;CLIENTE EM INVENTÁRIO.
49970;Reentrega;CLIENTE EM INVENTÁRIO.
73799;Reentrega;FORA DE HORÁRIO
73800;Reentrega;FORA DE HORÁRIO
73803;Reentrega;FORA DE HORÁRIO
143911;Reentrega;FORA DE HORÁRIO
39649;Devolução;SEM PEDIDO
27089;Reentrega;CLIENTE SOLICITOU REENTREGA
39156;Reentrega;FORA DE HORÁRIO
39157;Reentrega;FORA DE HORÁRIO
42018;Reentrega;FORA DE HORARIO - MERCADO RECEBE ATÉ AS 15HRS
45369;Reentrega;CARGA TOMBADA
45370;Reentrega;CARGA TOMBADA
45371;Reentrega;CARGA TOMBADA
45369;Devolução;TIRAR NOVA NF COM DATA DO MÊS ATUAL
45370;Devolução;TIRAR NOVA NF COM DATA DO MÊS ATUAL
45371;Devolução;TIRAR NOVA NF COM DATA DO MÊS ATUAL
67490;Reentrega;FORA DE HORÁRIO
67495;Reentrega;FORA DE HORÁRIO
40034;Devolução;FALTA DE MERCADORIA